"File","SourceLine","Expression","CallPathReview","TestId","Evidence"
"src/Batch/CBatchSectionCalculator.cls","469","CombinationCapacity = UBound(mInputs)","Pending","",""
"src/Batch/CBatchSectionCalculator.cls","503","StabilityLoadCapacity = UBound(mStabilityLoadCombinationID)","Pending","",""
"src/Batch/CBatchSectionCalculator.cls","564","If index < 1 Or index > mCount Then Exit Sub","Pending","",""
"src/Batch/CBatchSectionCalculator.cls","770","If stability.InputValid And stability.Applicable And stability.CheckPassed Then _","Pending","",""
"src/Batch/CBatchSectionCalculator.cls","949","ReportValue ""Путь нагрузки для несущей"", IIf(loadPath.HasPath, loadPath.DisplayName, mInputs(index).CapacityLoadPath)","Pending","",""
"src/Batch/CBatchSectionCalculator.cls","995","effectiveDiagramExtension = (useDiagramExtension And mResults(index).DiagramExtensionEnabled)","Pending","",""
"src/Batch/CBatchSectionCalculator.cls","1024","ReportValue ""НДС "" & SectionStateTypeToText(stateType) & "" сошлось"", IIf(stateResult.Converged, ""да"", ""нет"")","Pending","",""
"src/Batch/CBatchSectionCalculator.cls","1042","If stateResult.ExtensionUsed Or Not stateResult.WithinPhysicalRange Then","Pending","",""
"src/Batch/CBatchSectionCalculator.cls","1050","ReportValue ""Использовано продолжение диаграммы"", IIf(stateResult.ExtensionUsed, ""да"", ""нет"")","Pending","",""
"src/Batch/CBatchSectionCalculator.cls","1151","ReportValue ""Трещина образована"", IIf(mResults(index).CrackResult.Formation.CrackFormed, ""да"", ""нет"")","Pending","",""
"src/Batch/CBatchSectionCalculator.cls","1191","If stateResult.ExtensionUsed Or Not stateResult.WithinPhysicalRange Then Exit Function","Pending","",""
"src/Batch/CBatchSectionCalculator.cls","1205","If stateResult.ExtensionUsed Or Not stateResult.WithinPhysicalRange Then _","Pending","",""
"src/Batch/CBatchSectionCalculator.cls","1591","IsBetterCrackGoverningCandidate = (currentSafety <= 0# Or candidateSafety < currentSafety)","Pending","",""
"src/Batch/CBatchSectionCalculator.cls","1637","IsBetterWorstCandidate = (currentSafety <= 0# Or candidateSafety < currentSafety)","Pending","",""
"src/Batch/CBatchSectionCalculator.cls","1744","If index < 1 Or index > mCount Then Err.Raise vbObjectError + 3943, _","Pending","",""
"src/Batch/CBatchSectionCalculator.cls","1951","If Len(detail) = 0 And mStatusPolicy.IsInvalid(mResults(index).StabilityResult.Status) Then _","Pending","",""
"src/Batch/CBatchSectionCalculator.cls","1953","If Len(detail) = 0 And mStatusPolicy.IsInvalid(mResults(index).StrengthResult.Capacity.Status) Then _","Pending","",""
"src/Batch/CBatchSectionCalculator.cls","1955","If Len(detail) = 0 And mStatusPolicy.IsInvalid(mResults(index).StrengthResult.DirectState.Status) Then _","Pending","",""
"src/Batch/CBatchSectionCalculator.cls","2048","If index < 1 Or index > mCount Then Err.Raise vbObjectError + 4270, _","Pending","",""
"src/Batch/CCalculationProfile.cls","125","IsConfigured = (Len(mDisplayName) > 0 And (mStrengthDirectState Or mStrengthCapacity Or mCrackWidth Or mStabilityEnabled))","Pending","",""
"src/Batch/CCalculationProfile.cls","141","If (mStrengthDirectState Or mStrengthCapacity) And Not mStrengthSpec.IsComplete Then","Pending","",""
"src/Batch/CCalculationProfile.cls","145","If mStabilityEnabled And Not mHasStabilityValueSet Then","Pending","",""
"src/Batch/CCalculationProfile.cls","149","If mCrackWidth And Not mCrackedStateSpec.IsComplete Then","Pending","",""
"src/Batch/CCalculationProfile.cls","153","If mCrackWidth And mCrackedStateSpec.ConcreteTension <> ctkIgnore Then","Pending","",""
"src/Batch/CCalculationProfile.cls","157","If mCrackWidth And Not mCrackInitiationSpec.IsComplete Then","Pending","",""
"src/Batch/CCalculationProfile.cls","161","If mCrackWidth And mCrackInitiationSpec.IsComplete And mCrackInitiationSpec.ConcreteTension <> ctkUseDiagram Then","Pending","",""
"src/Batch/CCalculationProfile.cls","285","If ParseVisualizationPrecision < 0 Or ParseVisualizationPrecision > 10 Then _","Pending","",""
"src/Batch/CCalculationProfileCatalog.cls","42","If UBound(data, 1) < 2 Or UBound(data, 2) < 3 Then Err.Raise vbObjectError + 3987, ""CCalculationProfileCatalog"", _","Pending","",""
"src/Batch/CCalculationProfileCatalog.cls","73","For rowIndex = 1 To UBound(data, 1)","Pending","",""
"src/Batch/CCalculationProfileCatalog.cls","122","If Len(valueSetText) = 0 And Len(concreteDiagramText) = 0 And _","Pending","",""
"src/Batch/CCalculationProfileCatalog.cls","123","Len(concreteTensionText) = 0 And Len(steelDiagramText) = 0 Then","Pending","",""
"src/Batch/CCalculationProfileCatalog.cls","140","For rowIndex = 1 To UBound(data, 1)","Pending","",""
"src/Batch/CCalculationProfileCatalog.cls","141","For colIndex = 3 To UBound(data, 2)","Pending","",""
"src/Batch/CCalculationProfileCatalog.cls","154","For colIndex = 3 To UBound(data, 2)","Pending","",""
"src/Batch/CCalculationProfileCatalog.cls","170","IsProfileIdText = (Len(value) >= 3 And Left$(value, 2) = ""PR"" And IsNumeric(Mid$(value, 3)))","Pending","",""
"src/Batch/CCalculationProfileCatalog.cls","235","If index < 1 Or index > mCount Then Err.Raise vbObjectError + 3985, ""CCalculationProfileCatalog"", ""Индекс профиля вне диапазона.""","Pending","",""
"src/Batch/CCalculationProfileCatalog.cls","242","If index < 1 Or index > mCount Then Err.Raise vbObjectError + 3986, ""CCalculationProfileCatalog"", ""Индекс профиля вне диапазона.""","Pending","",""
"src/Batch/CCapacityLoadPath.cls","156","mForceOnly = (mKey = KEY_N Or mKey = KEY_NMXY) And Not HasMomentVector(userMxValue, userMyValue)","Pending","",""
"src/Batch/CCombinationResult.cls","143","If firstValue > 0# And secondValue > 0# Then","Pending","",""
"src/Batch/CSectionStateResult.cls","86","mWithinPhysicalRange = (withinPhysicalRange And solver.Converged)","Pending","",""
"src/Batch/CSectionStateResult.cls","373","ElseIf extensionUsed Or Not withinPhysicalRange Then","Pending","",""
"src/Batch/CStateProvider.cls","81","If mSection Is Nothing Or mMaterialProvider Is Nothing Then","Pending","",""
"src/Batch/CStateRepository.cls","55","If section Is Nothing Or materials Is Nothing Then _","Pending","",""
"src/Batch/CStateRepository.cls","60","changed = (Not section Is mContextSection) Or (Not materials Is mContextMaterials)","Pending","",""
"src/Batch/CStateRepository.cls","61","changed = changed Or (mSectionRevision <> section.Revision) Or _","Pending","",""
"src/Batch/CStateRepository.cls","62","(mMaterialRevision <> materials.Revision) Or (mAcceptanceKey <> acceptanceKey)","Pending","",""
"src/Batch/CStateRepository.cls","121","If cached.TargetN <> request.TargetN Or cached.TargetMx <> request.TargetMx Or _","Pending","",""
"src/Batch/CStateRepository.cls","133","If index < 1 Or index > mStates.Count Then Err.Raise vbObjectError + 3985, ""CStateRepository"", ""Индекс именованного состояния вне диапазона.""","Pending","",""
"src/Common/CLoadPathMath.cls","89","If mxScore >= nScore And mxScore >= myScore And Abs(loadPath.MxBase) > mBaseTolerance Then","Pending","",""
"src/Common/CLoadPathMath.cls","91","ElseIf myScore >= nScore And myScore >= mxScore And Abs(loadPath.MyBase) > mBaseTolerance Then","Pending","",""
"src/Common/CLoadPathMath.cls","130","If residualCount < 2 And Abs(loadPath.NBase) > mBaseTolerance And anchor <> 1 Then _","Pending","",""
"src/Common/CLoadPathMath.cls","133","If residualCount < 2 And Abs(loadPath.MxBase) > mBaseTolerance And anchor <> 2 Then _","Pending","",""
"src/Common/CLoadPathMath.cls","136","If residualCount < 2 And Abs(loadPath.MyBase) > mBaseTolerance And anchor <> 3 Then _","Pending","",""
"src/Common/CMomentZeroFilter.cls","41","If mMomentPerDepth <= 0# Or concreteDepth <= 0# Then Exit Function","Pending","",""
"src/Common/CResultStatusPolicy.cls","63","If meta.ResultKind = rkCapacity And meta.InternalStatus = rsCheckFailed And _","Pending","",""
"src/Common/CResultStatusPolicy.cls","137","For i = LBound(metas) To UBound(metas)","Pending","",""
"src/Common/CResultStatusPolicy.cls","145","ElseIf candidate.InternalStatus = rsSuccessWithWarning And selected.InternalStatus = rsSuccess Then","Pending","",""
"src/Common/CResultStatusPolicy.cls","181","IsFinished = (statusText = STATUS_OK Or statusText = STATUS_FAIL Or statusText = STATUS_BASEFAIL)","Pending","",""
"src/Common/CResultStatusPolicy.cls","187","IsFailedOverall = (statusText = STATUS_FAIL Or statusText = STATUS_BASEFAIL Or _","Pending","",""
"src/Common/CResultStatusPolicy.cls","188","statusText = STATUS_NUMFAIL Or statusText = STATUS_INPUTERR Or statusText = STATUS_CALCERR)","Pending","",""
"src/Common/modCalculationPurpose.bas","300","IsPhysicalPurpose = (purpose = cpStrength Or purpose = cpMcrc Or purpose = cpCrackedNDS)","Pending","",""
"src/Common/modCalculationPurpose.bas","305","IsStateBasePurpose = (purpose = cpStrength Or purpose = cpCrackedNDS)","Pending","",""
"src/Crack/CCrackFormationCalculator.cls","208","vbNullString, True, (mSolverCallCount > 0 Or mFormationInternalStatus = rsSuccess Or _","Pending","",""
"src/Crack/CCrackFormationCalculator.cls","218","If Not mFormationLoadDefined Or mFormationPathFallbackPsi1 Then Exit Property","Pending","",""
"src/Crack/CCrackFormationCalculator.cls","220","HasLimitPoint = mPreCrackState.Converged And mPreCrackState.WithinPhysicalRange And _","Pending","",""
"src/Crack/CCrackFormationCalculator.cls","223","HasLimitPoint = (mFormationInternalStatus = rsSuccess Or mFormationInternalStatus = rsSuccessWithWarning)","Pending","",""
"src/Crack/CCrackFormationCalculator.cls","317","If mNcrc <= 0# Or targetN <= 0# Then","Pending","",""
"src/Crack/CCrackFormationCalculator.cls","443","If mFormationPathFallbackPsi1 Or mFormationLoadDefined Then","Pending","",""
"src/Crack/CCrackFormationCalculator.cls","565","If StrComp(mCrackFormationPath, CRACK_PATH_N, vbTextCompare) = 0 And targetN <= 0.000001 Then","Pending","",""
"src/Crack/CCrackFormationCalculator.cls","641","IsZeroLoadProbe = (Abs(nValue) <= NEAR_ZERO_FORCE And _","Pending","",""
"src/Crack/CCrackFormationCalculator.cls","642","Abs(mxValue) <= MaxDouble(mSolverToleranceMx, CRACK_DIRECTION_TOLERANCE) And _","Pending","",""
"src/Crack/CCrackFormationCalculator.cls","669","If Abs(residual) > CRACK_STRAIN_RATIO_TOLERANCE Or _","Pending","",""
"src/Crack/CCrackFormationCalculator.cls","794","LimitSearchUltimateResidualReached = (Abs(rPath1) <= CRACK_EQUILIBRIUM_TOLERANCE And _","Pending","",""
"src/Crack/CCrackFormationCalculator.cls","795","Abs(rPath2) <= CRACK_EQUILIBRIUM_TOLERANCE And _","Pending","",""
"src/Crack/CCrackFormationCalculator.cls","1006","FormationSearchStoppedTerminally = (mConverged And Not mCrackFormed) Or _","Pending","",""
"src/Crack/CCrackFormationCalculator.cls","1007","mFormationPathFallbackPsi1 Or _","Pending","",""
"src/Crack/CCrackFormationCalculator.cls","1008","(mFormationInternalStatus = rsCheckFailed) Or _","Pending","",""
"src/Crack/CCrackFormationCalculator.cls","1009","(mFormationInternalStatus = rsInvalidInput) Or _","Pending","",""
"src/Crack/CCrackFormationCalculator.cls","1010","(mFormationInternalStatus = rsInvalidConfiguration) Or _","Pending","",""
"src/Crack/CCrackFormationCalculator.cls","1253","If Not state.Converged Or Not state.WithinPhysicalRange Then","Pending","",""
"src/Crack/CCrackFormationCalculator.cls","1368","FormationPathHasScaledLoad = (Abs(targetN) > NEAR_ZERO_FORCE Or _","Pending","",""
"src/Crack/CCrackFormationCalculator.cls","1533","If Abs(startSolver.Epsilon0) <= NEAR_ZERO_STRAIN And _","Pending","",""
"src/Crack/CCrackFormationCalculator.cls","1534","Abs(startSolver.KappaX) <= NEAR_ZERO_STRAIN And _","Pending","",""
"src/Crack/CCrackFormationCalculator.cls","1625","If area > 0# And mConcreteEb > 0# Then eps0 = targetN / (area * mConcreteEb)","Pending","",""
"src/Crack/CCrackFormationCalculator.cls","1634","If Abs(kx) <= NEAR_ZERO_STRAIN And Abs(ky) <= NEAR_ZERO_STRAIN And maxAbsY > 0# Then kx = epsBt2Guess / maxAbsY","Pending","",""
"src/Crack/CCrackFormationCalculator.cls","1674","If mFormationInternalStatus = rsCheckFailed Or mFormationInternalStatus = rsInvalidInput Or _","Pending","",""
"src/Crack/CCrackFormationCalculator.cls","1675","mFormationInternalStatus = rsInvalidConfiguration Or mFormationInternalStatus = rsInternalError Then Exit Sub","Pending","",""
"src/Crack/CCrackFormationCalculator.cls","1676","If mFormationInternalStatus = rsNumericalFailure And mFormationResultCode = rcSingularTangent Then","Pending","",""
"src/Crack/CCrackFormationCalculator.cls","1911","If mConcreteEb <= 0# Or mSteelEs <= 0# Then Exit Function","Pending","",""
"src/Crack/CCrackFormationCalculator.cls","2411","For i = LBound(paths) To UBound(paths)","Pending","",""
"src/Crack/CCrackFormationCalculator.cls","2414","CStr(UBound(paths)) & "" - пробуем "" & _","Pending","",""
"src/Crack/CCrackFormationCalculator.cls","2422","If Not lastResult.HasLimitPoint And i < UBound(paths) Then","Pending","",""
"src/Crack/CCrackFormationCalculator.cls","2442","If lastResult.Meta.InternalStatus = rsInvalidInput Or _","Pending","",""
"src/Crack/CCrackFormationCalculator.cls","2443","lastResult.Meta.InternalStatus = rsInvalidConfiguration Or _","Pending","",""
"src/Crack/CCrackFormationResult.cls","187","Converged = (mMeta.InternalStatus = rsSuccess Or mMeta.InternalStatus = rsSuccessWithWarning)","Pending","",""
"src/Crack/CCrackResult.cls","78","If mPolicy.IsFailedOverall(mPolicy.ExternalStatus(mCurrentStateMeta)) Or _","Pending","",""
"src/Crack/CCrackResult.cls","87","ElseIf formation.InternalStatus = rsSuccess And _","Pending","",""
"src/Crack/CCrackResult.cls","88","(formation.ResultCode = rcCriterionNotReached Or formation.ResultCode = rcCrackNotFormed) Then","Pending","",""
"src/Crack/CCrackResult.cls","122","If Len(sharedReason) > 0 And Len(ownText) > Len(sharedReason) Then","Pending","",""
"src/Crack/CCrackWidthCalculator.cls","147","mConverged = (formation.ResultMeta.InternalStatus = rsSuccess Or _","Pending","",""
"src/Crack/CCrackWidthCalculator.cls","167","If Not mConverged Or Not mCrackFormed Then Exit Sub","Pending","",""
"src/Crack/CCrackWidthCalculator.cls","173","If Not currentSolver.Converged Or Not currentSolver.WithinPhysicalRange Then","Pending","",""
"src/Crack/CCrackWidthCalculator.cls","264","If mStopReason <> vbNullString And Not mCrackFormed Then Exit Sub","Pending","",""
"src/Crack/CCrackWidthCalculator.cls","337","If mStopReason <> vbNullString And Not mCrackFormed Then Exit Sub","Pending","",""
"src/Crack/CCrackWidthCalculator.cls","358","If mAs <= 0# Or mAbt <= 0# Or mDsEquivalent <= 0# Or mSigmaS <= 0# Then","Pending","",""
"src/Crack/CCrackWidthCalculator.cls","405","If Not mConverged Or Not mCrackFormed Then Exit Function","Pending","",""
"src/Crack/CCrackWidthCalculator.cls","407","If mAllowableCrackWidth > 0# And mCrackWidth <= mAllowableCrackWidth Then","Pending","",""
"src/Crack/CCrackWidthCalculator.cls","497","If mSigmaS <= 0# Or mLs <= 0# Then","Pending","",""
"src/Crack/CCrackWidthCalculator.cls","507","If mAllowableCrackWidth > 0# And mCrackWidth > mAllowableCrackWidth Then","Pending","",""
"src/Crack/CCrackWidthCalculator.cls","634","If Not FindMostTensionRebarProjection Or s > sBarMax Then sBarMax = s","Pending","",""
"src/Crack/CCrackWidthCalculator.cls","711","If Not requireTensionStrain Or ConcreteStrain(solver, section, i) > 0# Then","Pending","",""
"src/Crack/CCrackWidthCalculator.cls","770","If (Not includeCompressedStress) And stress < 0# Then stress = 0#","Pending","",""
"src/Crack/CLongitudinalCrackCalculator.cls","36","If currentState.ExtensionUsed Or Not currentState.WithinPhysicalRange Then","Pending","",""
"src/Excel/CAutoCADSectionModelImporter.cls","103","xCoord = InputLength(CDbl(centroid(LBound(centroid))), units)","Pending","",""
"src/Excel/CAutoCADSectionModelImporter.cls","104","yCoord = InputLength(CDbl(centroid(LBound(centroid) + 1)), units)","Pending","",""
"src/Excel/CAutoCADSectionModelImporter.cls","131","AddRebarRegion model, area, InputLength(CDbl(centroid(LBound(centroid))), units), _","Pending","",""
"src/Excel/CAutoCADSectionModelImporter.cls","132","InputLength(CDbl(centroid(LBound(centroid) + 1)), units), steelClass, entity.Layer, EntityHandle(entity)","Pending","",""
"src/Excel/CAutoCADSectionModelImporter.cls","142","For rowIndex = LBound(regions, 1) To UBound(regions, 1)","Pending","",""
"src/Excel/CAutoCADSectionModelImporter.cls","162","For rowIndex = LBound(regions, 1) To UBound(regions, 1)","Pending","",""
"src/Excel/CAutoCADSectionModelImporter.cls","236","localIx = InputFourthPowerLength(CDbl(moments(LBound(moments))), units) - area * yCoord * yCoord","Pending","",""
"src/Excel/CAutoCADSectionModelImporter.cls","237","localIy = InputFourthPowerLength(CDbl(moments(LBound(moments) + 1)), units) - area * xCoord * xCoord","Pending","",""
"src/Excel/CAutoCADSectionModelImporter.cls","272","firstIndex = LBound(product)","Pending","",""
"src/Excel/CAutoCADSectionModelImporter.cls","305","If Not bestFound Or scoreValue < bestScore Then","Pending","",""
"src/Excel/CAutoCADSectionModelImporter.cls","329","For i = LBound(pieces) To UBound(pieces)","Pending","",""
"src/Excel/CAutoCADSectionModelImporter.cls","361","x1 = InputLength(CDbl(startPoint(LBound(startPoint))), units)","Pending","",""
"src/Excel/CAutoCADSectionModelImporter.cls","362","y1 = InputLength(CDbl(startPoint(LBound(startPoint) + 1)), units)","Pending","",""
"src/Excel/CAutoCADSectionModelImporter.cls","363","x2 = InputLength(CDbl(endPoint(LBound(endPoint))), units)","Pending","",""
"src/Excel/CAutoCADSectionModelImporter.cls","364","y2 = InputLength(CDbl(endPoint(LBound(endPoint) + 1)), units)","Pending","",""
"src/Excel/CAutoCADSectionModelImporter.cls","390","For i = LBound(pieces) To UBound(pieces)","Pending","",""
"src/Excel/CAutoCADSectionModelImporter.cls","411","If area <= GEOM_TOLERANCE Or width <= GEOM_TOLERANCE Or height <= GEOM_TOLERANCE Then Exit Function","Pending","",""
"src/Excel/CAutoCADSectionModelImporter.cls","425","If localIx <= GEOM_TOLERANCE Or localIy <= GEOM_TOLERANCE Then Exit Function","Pending","",""
"src/Excel/CAutoCADSectionModelImporter.cls","468","firstRow = LBound(values, 1)","Pending","",""
"src/Excel/CAutoCADSectionModelImporter.cls","469","HasArrayRows = (UBound(values, 1) >= firstRow)","Pending","",""
"src/Excel/CAutoCADSectionModelImporter.cls","481","If colIndex > UBound(values, 2) Then GoTo MissingValue","Pending","",""
"src/Excel/CAutoCADSectionModelImporter.cls","495","If colIndex > UBound(values, 2) Then GoTo MissingValue","Pending","",""
"src/Excel/CBatchResultWriter.cls","203","If target.Row + requiredRows - 1 > target.Worksheet.Rows.Count Or _","Pending","",""
"src/Excel/CBatchResultWriter.cls","250","target.Resize(UBound(data, 1), TARGET_COLUMNS).Value2 = data","Pending","",""
"src/Excel/CBatchResultWriter.cls","428","If worstIndex <= 0 Or reserveValue < worstReserve Then","Pending","",""
"src/Excel/CBatchResultWriter.cls","449","If rowIndex > UBound(data, 1) Then Exit Sub","Pending","",""
"src/Excel/CBatchResultWriter.cls","569","StabilityBranchApplies = (StrComp(batch.ResultAt(index).StabilityResult.Code, ""SP35"", vbTextCompare) = 0 And _","Pending","",""
"src/Excel/CCrackSummaryWriter.cls","399","If CrackWidthStatusText(batch, index, policy) = policy.NotApplicable And _","Pending","",""
"src/Excel/CCrackSummaryWriter.cls","400","LongitudinalStatusText(batch, index, policy) = policy.NotApplicable And _","Pending","",""
"src/Excel/CCrackSummaryWriter.cls","437","If CrackFormationStatusText(batch, index, policy) = policy.NotApplicable And Not hasFormationData Then","Pending","",""
"src/Excel/CCrackSummaryWriter.cls","454","If (Not batch.ResultAt(index).CrackResult.Width.CentralTensionBranch) And hasFormationData Then","Pending","",""
"src/Excel/CCrackSummaryWriter.cls","456","ElseIf Not batch.ResultAt(index).CrackResult.Width.CentralTensionBranch And batch.ResultAt(index).CrackResult.Formation.Mcrc > SMALL_VALUE Then","Pending","",""
"src/Excel/CCrackSummaryWriter.cls","471","data(rowIndex, COL_FORMATION_STATE) = IIf(batch.ResultAt(index).CrackResult.Formation.CrackFormed, ""Cracked"", ""NotCracked"")","Pending","",""
"src/Excel/CCrackSummaryWriter.cls","493","HasCrackFormationData = batch.ResultAt(index).CrackResult.Formation.Ncrc > SMALL_VALUE Or _","Pending","",""
"src/Excel/CCrackSummaryWriter.cls","494","Abs(batch.ResultAt(index).CrackResult.Formation.FormationNcrc) > SMALL_VALUE Or _","Pending","",""
"src/Excel/CCrackSummaryWriter.cls","808","If lastRow < firstRow Or lastCol < firstCol Then Exit Sub","Pending","",""
"src/Excel/CExecutionReport.cls","357","If InStr(1, title, ""Сценарий прямого StateSolution"", vbTextCompare) > 0 Or _","Pending","",""
"src/Excel/CExecutionReport.cls","358","InStr(1, title, ""Итерации прямого CSectionSolver"", vbTextCompare) > 0 Or _","Pending","",""
"src/Excel/CExecutionReport.cls","379","For i = LBound(lines) To UBound(lines)","Pending","",""
"src/Excel/CExecutionReport.cls","411","For i = LBound(lines) To UBound(lines)","Pending","",""
"src/Excel/CExecutionReport.cls","444","For i = LBound(lines) To UBound(lines)","Pending","",""
"src/Excel/CExecutionReport.cls","463","If translated = ""ultimatePath pureAxial redirected=LoadMultiplier"" Or _","Pending","",""
"src/Excel/CExecutionReport.cls","602","ElseIf crack.CrackFormed And crack.Converged Then","Pending","",""
"src/Excel/CLoadCombinationReader.cls","46","For rowIndex = 2 To UBound(data, 1)","Pending","",""
"src/Excel/CLoadCombinationReader.cls","66","If UBound(data, 2) >= 7 Then","Pending","",""
"src/Excel/CLoadCombinationReader.cls","69","ElseIf UBound(data, 2) = 6 Then","Pending","",""
"src/Excel/CLoadCombinationReader.cls","85","If nValue = 0# And mxValue = 0# And myValue = 0# Then Exit Sub","Pending","",""
"src/Excel/CLoadCombinationReader.cls","102","For col = 1 To UBound(data, 2)","Pending","",""
"src/Excel/CNDMResultsWriter.cls","737","If geometricLength <= 0# Or muValue <= 0# Or radiusValue <= 0# Then","Pending","",""
"src/Excel/CNDMResultsWriter.cls","927","target.Resize(UBound(data, 1), SECTION_PROPERTY_COLUMNS).Value2 = data","Pending","",""
"src/Excel/CNDMResultsWriter.cls","928","FormatResultsBlock target, UBound(data, 1), SECTION_PROPERTY_COLUMNS, ""Свойства всего сечения""","Pending","",""
"src/Excel/CNDMResultsWriter.cls","1069","(StrComp(headerBase, ""Comment"", vbTextCompare) = 0 Or _","Pending","",""
"src/Excel/CNDMResultsWriter.cls","1147","If StrComp(materialType, ""Concrete"", vbTextCompare) = 0 And strain > PHYSICAL_TOLERANCE Then","Pending","",""
"src/Excel/CNDMResultsWriter.cls","1376","If section.RebarCount > 0 And Not AnnotationExists(annotations, ""REBAR_AUTO_ALL"") Then","Pending","",""
"src/Excel/CNDMResultsWriter.cls","1498","Do While InStr(1, textValue, ""."", vbTextCompare) > 0 And Right$(textValue, 1) = ""0""","Pending","",""
"src/Excel/CNDMResultsWriter.cls","1637","Do While InStr(1, textValue, ""."", vbTextCompare) > 0 And Right$(textValue, 1) = ""0""","Pending","",""
"src/Excel/CPlotAnnotationLayout.cls","360","If UBound(parts) <> 2 Then GoTo Failed","Pending","",""
"src/Excel/CPlotAnnotationLayout.cls","506","If paddedLeft < mOccRight(i) And paddedRight > mOccLeft(i) And _","Pending","",""
"src/Excel/CPlotAnnotationLayout.cls","507","paddedTop < mOccBottom(i) And paddedBottom > mOccTop(i) Then","Pending","",""
"src/Excel/CSectionPlotDataReader.cls","221","For rowIndex = 2 To UBound(data, 1)","Pending","",""
"src/Excel/CSectionPlotDataReader.cls","243","For rowIndex = 2 To UBound(data, 1)","Pending","",""
"src/Excel/CSectionPlotDataReader.cls","244","If StrComp(Trim$(SafeText(data(rowIndex, colLoadCase))), loadCase, vbTextCompare) = 0 And _","Pending","",""
"src/Excel/CSectionPlotDataReader.cls","268","For rowIndex = 2 To UBound(data, 1)","Pending","",""
"src/Excel/CSectionPlotDataReader.cls","288","For rowIndex = 2 To UBound(data, 1)","Pending","",""
"src/Excel/CSectionPlotDataReader.cls","290","If Len(FirstLoadCaseFromSectionProperties) > 0 And _","Pending","",""
"src/Excel/CSectionPlotDataReader.cls","332","For rowIndex = 2 To UBound(data, 1)","Pending","",""
"src/Excel/CSectionPlotDataReader.cls","338","If StrComp(loadCase, ""ALL"", vbTextCompare) = 0 Or Len(loadCase) = 0 Then","Pending","",""
"src/Excel/CSectionPlotDataReader.cls","437","For rowIndex = 2 To UBound(results, 1)","Pending","",""
"src/Excel/CSectionPlotDataReader.cls","438","If StrComp(Trim$(SafeText(results(rowIndex, colResLC))), mLoadCase, vbTextCompare) = 0 And _","Pending","",""
"src/Excel/CSectionPlotDataReader.cls","462","For rowIndex = 2 To UBound(geom, 1)","Pending","",""
"src/Excel/CSectionPlotDataReader.cls","465","If Len(elementID) > 0 And resultMap.Exists(elementID) Then","Pending","",""
"src/Excel/CSectionPlotDataReader.cls","501","For rowIndex = 2 To UBound(geom, 1)","Pending","",""
"src/Excel/CSectionPlotDataReader.cls","574","For rowIndex = 2 To UBound(data, 1)","Pending","",""
"src/Excel/CSectionPlotDataReader.cls","769","If Len(normalized) > 0 And normalized <> ""-"" Then","Pending","",""
"src/Excel/CSectionPlotDataReader.cls","781","HasRows = (UBound(data, 1) >= 2 And UBound(data, 2) >= 1)","Pending","",""
"src/Excel/CSectionPlotDataReader.cls","791","For colIndex = 1 To UBound(data, 2)","Pending","",""
"src/Excel/CSectionPlotDataReader.cls","805","If Err.Number = 0 And GeometryStatusColumn > 0 Then","Pending","",""
"src/Excel/CSectionPlotDataReader.cls","976","PhysicalDiagramWarningRequired = (mExtensionUsed Or policy.ToUserStatus(mStateStatus) = policy.Fail)","Pending","",""
"src/Excel/CSectionPlotter.cls","260","If plotW <= 0# Or plotH <= 0# Then","Pending","",""
"src/Excel/CSectionPlotter.cls","340","If plotW <= 0# Or plotH <= 0# Then","Pending","",""
"src/Excel/CSectionPlotter.cls","407","If Not found Or Abs(mResultMax - mResultMin) < 0.000000000001 Then","Pending","",""
"src/Excel/CSectionPlotter.cls","448","If Not found Or absValue > maxAbs Then","Pending","",""
"src/Excel/CSectionPlotter.cls","528","If widthValue <= 0# Or heightValue <= 0# Then Exit Sub","Pending","",""
"src/Excel/CSectionPlotter.cls","596","If UBound(parts) < 4 Then _","Pending","",""
"src/Excel/CSectionPlotter.cls","818","If mPlotWidth <= 0# Or mPlotHeight <= 0# Then Exit Sub","Pending","",""
"src/Excel/CSectionPlotter.cls","911","If radius <= 0# Or Abs(sweepAngle) <= 0.000000000001 Then","Pending","",""
"src/Excel/CSectionPlotter.cls","1060","If Not found Or maxX <= minX Or maxY <= minY Then Exit Sub","Pending","",""
"src/Excel/CSectionPlotter.cls","1079","If u < -0.0000001 Or u > 1.0000001 Then Exit Sub","Pending","",""
"src/Excel/CSectionPlotter.cls","1114","If radius <= 0# Or Abs(sweepAngle) <= 0.000000000001 Then Exit Sub","Pending","",""
"src/Excel/CSectionPlotter.cls","1181","If count >= UBound(values) Then ReDim Preserve values(1 To UBound(values) + 16)","Pending","",""
"src/Excel/CSectionPlotter.cls","1229","If u < -0.0000001 Or u > 1.0000001 Then Exit Sub","Pending","",""
"src/Excel/CSectionPlotter.cls","1271","For i = 2 To UBound(starts)","Pending","",""
"src/Excel/CSectionPlotter.cls","1288","For i = LBound(starts) To UBound(starts) - 1","Pending","",""
"src/Excel/CSectionPlotter.cls","1289","For j = i + 1 To UBound(starts)","Pending","",""
"src/Excel/CSectionPlotter.cls","1336","If u < -0.0000001 Or u > 1.0000001 Then Exit Sub","Pending","",""
"src/Excel/CSectionPlotter.cls","1372","If Len(rawValue) = 0 And settings.HasKey(""Plot.PrincipalAxesEnabled"") Then","Pending","",""
"src/Excel/CSectionPlotter.cls","1408","If Not dimensionsEnabled And Not rebarLabelsEnabled Then Exit Sub","Pending","",""
"src/Excel/CSectionPlotter.cls","1532","If StrComp(data.MaterialType(i), ""Concrete"", vbTextCompare) = 0 And _","Pending","",""
"src/Excel/CSectionPlotter.cls","1635","If IsCommonLegendMode() Or StrComp(materialType, ""Rebar"", vbTextCompare) = 0 Then","Pending","",""
"src/Excel/CSectionPlotter.cls","1644","If IsCommonLegendMode() Or StrComp(materialType, ""Rebar"", vbTextCompare) = 0 Then","Pending","",""
"src/Excel/CSectionPlotter.cls","1697","If dashStyle = MSO_LINE_DASH Or dashStyle = MSO_LINE_DASH_DOT Then","Pending","",""
"src/Excel/CSectionPlotter.cls","1823","If rightBound <= leftBound Or bottomBound <= topBound Then Exit Function","Pending","",""
"src/Excel/CSectionPlotter.cls","1899","If widthValue <= 0# Or heightValue <= 0# Then Exit Function","Pending","",""
"src/Excel/CSectionPlotter.cls","1925","If widthValue <= 0# Or heightValue <= 0# Then Exit Function","Pending","",""
"src/Excel/CSectionPlotter.cls","1951","If widthValue <= 0# Or heightValue <= 0# Then Exit Function","Pending","",""
"src/Excel/CSectionPlotter.cls","2027","If useNativeVerticalText And Abs(rotation) = 90# Then orientation = MSO_TEXT_ORIENTATION_UPWARD","Pending","",""
"src/Excel/CSectionPlotter.cls","2048","If rotation <> 0# And orientation = MSO_TEXT_ORIENTATION_HORIZONTAL Then","Pending","",""
"src/Excel/CSectionPlotter.cls","2111","If mPlotWidth <= 0# Or mPlotHeight <= 0# Then","Pending","",""
"src/Excel/CSectionPlotter.cls","2118","If mPlotWidth <= 0# Or mPlotHeight <= 0# Then","Pending","",""
"src/Excel/CSectionPlotter.cls","2214","If IsEquivalentAreaFallbackElement(data, index) And Abs(ConcreteElementVisualRotation) <= 0.000000000001 Then","Pending","",""
"src/Excel/CSectionPlotter.cls","2228","If StrComp(data.MaterialType(i), ""Concrete"", vbTextCompare) = 0 And _","Pending","",""
"src/Excel/CSectionPlotter.cls","2229","Not IsEquivalentAreaFallbackElement(data, i) And _","Pending","",""
"src/Excel/CSectionPlotter.cls","2230","data.Width(i) > 0# And data.Height(i) > 0# Then","Pending","",""
"src/Excel/CSectionPlotter.cls","2237","If count > 0 And (Abs(sumCos) > 0.000000000001 Or Abs(sumSin) > 0.000000000001) Then","Pending","",""
"src/Excel/CSectionPlotter.cls","2248","IsEquivalentAreaFallbackElement = (StrComp(statusText, ""EquivalentSquare"", vbTextCompare) = 0) And _","Pending","",""
"src/Excel/CSectionPlotter.cls","2249","(data.Width(index) <= 0# Or data.Height(index) <= 0#)","Pending","",""
"src/Excel/CSectionPlotter.cls","2276","If data.Width(index) > 0# And data.Height(index) > 0# Then","Pending","",""
"src/Excel/CSectionPlotter.cls","2353","If UBound(parts) <> 2 Then","Pending","",""
"src/Excel/CSectionPlotter.cls","2363","If r < 0 Or r > 255 Or g < 0 Or g > 255 Or b < 0 Or b > 255 Then GoTo InvalidColor","Pending","",""
"src/Excel/CSectionPlotter.cls","2398","Do While InStr(1, textValue, ""."", vbTextCompare) > 0 And Right$(textValue, 1) = ""0""","Pending","",""
"src/Excel/CSectionTypeRegistry.cls","214","If Len(rawValue) = 0 Or UCase$(rawValue) = ""TODO"" Then Err.Raise vbObjectError + 4139, ""CSectionTypeRegistry"", _","Pending","",""
"src/Excel/CStabilitySummaryWriter.cls","813","If compression <= SMALL_VALUE Or limitCompression <= SMALL_VALUE Then","Pending","",""
"src/Excel/CStrengthSummaryWriter.cls","410","If Not batch.StrengthDirectStateRequested(index) And Not batch.StrengthCapacityRequested(index) Then Exit Sub","Pending","",""
"src/Excel/CStrengthSummaryWriter.cls","546","If colSbc > 0 And stateResult.HasConcreteCompression Then data(rowIndex, colSbc) = OutputStress(stateResult.MinConcreteStress, units)","Pending","",""
"src/Excel/CStrengthSummaryWriter.cls","547","If colSbt > 0 And stateResult.HasConcreteTension Then data(rowIndex, colSbt) = OutputStress(stateResult.MaxConcreteStress, units)","Pending","",""
"src/Excel/CStrengthSummaryWriter.cls","548","If colSsc > 0 And stateResult.HasSteelCompression Then data(rowIndex, colSsc) = OutputStress(stateResult.MinSteelStress, units)","Pending","",""
"src/Excel/CStrengthSummaryWriter.cls","549","If colSst > 0 And stateResult.HasSteelTension Then data(rowIndex, colSst) = OutputStress(stateResult.MaxSteelStress, units)","Pending","",""
"src/Excel/CStrengthSummaryWriter.cls","670","For i = LBound(cols) To UBound(cols)","Pending","",""
"src/Excel/CStrengthSummaryWriter.cls","724","If lastRow < firstRow Or lastCol < firstCol Then Exit Sub","Pending","",""
"src/Excel/CStrengthSummaryWriter.cls","752","If eps0 + normValue * minS < 0# And eps0 + normValue * maxS < 0# Then","Pending","",""
"src/Excel/CStrengthSummaryWriter.cls","754","ElseIf eps0 + normValue * minS >= 0# And eps0 + normValue * maxS >= 0# Then","Pending","",""
"src/Excel/CSystemSettingsReader.cls","94","If rangeError = 0 And Not settingsRange Is Nothing Then AppendSettingsRange settingsRange","Pending","",""
"src/Excel/CSystemSettingsReader.cls","115","IsInputGeometrySettingsRangeName = (Left$(key, 3) = ""rng"" And Right$(key, 8) = ""geometry"")","Pending","",""
"src/Excel/CSystemSettingsReader.cls","201","If UBound(data, 1) < 2 Or UBound(data, 2) < 3 Then Err.Raise vbObjectError + 4316, ""CSystemSettingsReader"", _","Pending","",""
"src/Excel/CSystemSettingsReader.cls","204","columnCount = UBound(data, 2)","Pending","",""
"src/Excel/CSystemSettingsReader.cls","241","For rowIndex = 2 To UBound(data, 1)","Pending","",""
"src/Excel/CSystemSettingsReader.cls","244","If Len(keyValue) > 0 And Left$(keyValue, 1) <> ""["" Then","Pending","",""
"src/Excel/CSystemSettingsReader.cls","280","If UBound(data, 1) < 2 Or UBound(data, 2) < 4 Then Exit Function","Pending","",""
"src/Excel/CSystemSettingsReader.cls","282","StrComp(Trim$(CStr(data(1, 1))), ""Параметр"", vbTextCompare) = 0 And _","Pending","",""
"src/Excel/CSystemSettingsReader.cls","283","StrComp(Trim$(CStr(data(1, 2))), ""Сжатие"", vbTextCompare) = 0 And _","Pending","",""
"src/Excel/CSystemSettingsReader.cls","284","StrComp(Trim$(CStr(data(1, 3))), ""Растяжение"", vbTextCompare) = 0 And _","Pending","",""
"src/Excel/CSystemSettingsReader.cls","291","For rowIndex = 2 To UBound(data, 1)","Pending","",""
"src/Excel/CSystemSettingsReader.cls","301","If UBound(data, 2) >= 5 Then commentValue = Trim$(CStr(data(rowIndex, 5)))","Pending","",""
"src/Excel/CSystemSettingsReader.cls","333","If UBound(data, 1) < 2 Or UBound(data, 2) < 4 Then Exit Function","Pending","",""
"src/Excel/CSystemSettingsReader.cls","335","StrComp(Trim$(CStr(data(1, 1))), ""Параметр"", vbTextCompare) = 0 And _","Pending","",""
"src/Excel/CSystemSettingsReader.cls","336","StrComp(Trim$(CStr(data(1, 2))), ""Сжатие"", vbTextCompare) = 0 And _","Pending","",""
"src/Excel/CSystemSettingsReader.cls","337","StrComp(Trim$(CStr(data(1, 3))), ""Растяжение"", vbTextCompare) = 0 And _","Pending","",""
"src/Excel/CSystemSettingsReader.cls","344","For rowIndex = 2 To UBound(data, 1)","Pending","",""
"src/Excel/CSystemSettingsReader.cls","354","If UBound(data, 2) >= 5 Then commentValue = Trim$(CStr(data(rowIndex, 5)))","Pending","",""
"src/Excel/CSystemSettingsReader.cls","381","If UBound(data, 1) < 2 Or UBound(data, 2) < 4 Then Exit Function","Pending","",""
"src/Excel/CSystemSettingsReader.cls","383","StrComp(Trim$(CStr(data(1, 1))), ""Quantity"", vbTextCompare) = 0 And _","Pending","",""
"src/Excel/CSystemSettingsReader.cls","384","StrComp(Trim$(CStr(data(1, 2))), ""INPUT"", vbTextCompare) = 0 And _","Pending","",""
"src/Excel/CSystemSettingsReader.cls","385","StrComp(Trim$(CStr(data(1, 3))), ""INTERNAL"", vbTextCompare) = 0 And _","Pending","",""
"src/Excel/CSystemSettingsReader.cls","391","If UBound(data, 1) < 2 Or UBound(data, 2) < 3 Then Exit Function","Pending","",""
"src/Excel/CSystemSettingsReader.cls","393","StrComp(Trim$(CStr(data(1, 1))), ""Quantity"", vbTextCompare) = 0 And _","Pending","",""
"src/Excel/CSystemSettingsReader.cls","394","StrComp(Trim$(CStr(data(1, 2))), ""USER"", vbTextCompare) = 0 And _","Pending","",""
"src/Excel/CSystemSettingsReader.cls","401","If UBound(data, 1) < 3 Or UBound(data, 2) < 5 Then Exit Function","Pending","",""
"src/Excel/CSystemSettingsReader.cls","403","StrComp(Trim$(CStr(data(2, 1))), ""Enabled"", vbTextCompare) = 0 And _","Pending","",""
"src/Excel/CSystemSettingsReader.cls","411","For rowIndex = 2 To UBound(data, 1)","Pending","",""
"src/Excel/CSystemSettingsReader.cls","414","If Len(settingName) > 0 And Left$(settingName, 1) <> ""["" Then","Pending","",""
"src/Excel/CSystemSettingsReader.cls","423","If Len(settingValue) = 0 Or settingValue = ""-"" Then Exit Sub","Pending","",""
"src/Excel/CSystemSettingsReader.cls","430","For rowIndex = 2 To UBound(data, 1)","Pending","",""
"src/Excel/CSystemSettingsReader.cls","444","For rowIndex = 2 To UBound(data, 1)","Pending","",""
"src/Excel/CSystemSettingsReader.cls","482","If UBound(data, 2) < 6 Then Exit Function","Pending","",""
"src/Excel/CSystemSettingsReader.cls","485","For rowIndex = 1 To UBound(data, 1) - 1","Pending","",""
"src/Excel/CSystemSettingsReader.cls","486","If StrComp(Trim$(CStr(data(rowIndex, 1))), ""H"", vbTextCompare) = 0 And _","Pending","",""
"src/Excel/CSystemSettingsReader.cls","487","StrComp(Trim$(CStr(data(rowIndex, 2))), ""B"", vbTextCompare) = 0 And _","Pending","",""
"src/Excel/CSystemSettingsReader.cls","488","StrComp(Trim$(CStr(data(rowIndex, 3))), ""R"", vbTextCompare) = 0 And _","Pending","",""
"src/Excel/CSystemSettingsReader.cls","489","StrComp(Trim$(CStr(data(rowIndex, 4))), ""H_o"", vbTextCompare) = 0 And _","Pending","",""
"src/Excel/CSystemSettingsReader.cls","490","StrComp(Trim$(CStr(data(rowIndex, 5))), ""B_o"", vbTextCompare) = 0 And _","Pending","",""
"src/Excel/CSystemSettingsReader.cls","530","If StrComp(keyValue, ""HollowRectangle.InnerOffsetX"", vbTextCompare) = 0 Or _","Pending","",""
"src/Excel/CSystemSettingsReader.cls","533","If UBound(data, 2) >= 4 Then sourceValue = Trim$(CStr(data(rowIndex, 4)))","Pending","",""
"src/Excel/CSystemSettingsReader.cls","542","For rowIndex = mainHeaderRow + 1 To UBound(data, 1)","Pending","",""
"src/Excel/CSystemSettingsReader.cls","557","For rowIndex = extraHeaderRow + 1 To UBound(data, 1)","Pending","",""
"src/Excel/CSystemSettingsReader.cls","588","If Len(textValue) = 0 Or textValue = ""-"" Or UCase$(textValue) = ""TODO"" Then Exit Function","Pending","",""
"src/Excel/CSystemSettingsReader.cls","600","If UBound(data, 2) < 3 Then Exit Function","Pending","",""
"src/Excel/CSystemSettingsReader.cls","603","For rowIndex = 1 To UBound(data, 1) - 1","Pending","",""
"src/Excel/CSystemSettingsReader.cls","604","If StrComp(Trim$(CStr(data(rowIndex, 2))), ""B"", vbTextCompare) = 0 And _","Pending","",""
"src/Excel/CSystemSettingsReader.cls","626","If sideHeaderRow > 0 And UBound(data, 1) >= sideHeaderRow + 4 Then","Pending","",""
"src/Excel/CSystemSettingsReader.cls","648","For rowIndex = startRow To UBound(data, 1)","Pending","",""
"src/Excel/CSystemSettingsReader.cls","659","For rowIndex = mainHeaderRow + 1 To UBound(data, 1)","Pending","",""
"src/Excel/CSystemSettingsReader.cls","672","For rowIndex = extraHeaderRow + 1 To UBound(data, 1)","Pending","",""
"src/Excel/CSystemSettingsReader.cls","702","If UBound(data, 1) < 12 Or UBound(data, 2) < 7 Then Exit Function","Pending","",""
"src/Excel/CSystemSettingsReader.cls","704","StrComp(Trim$(CStr(data(1, 2))), ""H1"", vbTextCompare) = 0 And _","Pending","",""
"src/Excel/CSystemSettingsReader.cls","705","StrComp(Trim$(CStr(data(1, 3))), ""B1"", vbTextCompare) = 0 And _","Pending","",""
"src/Excel/CSystemSettingsReader.cls","706","StrComp(Trim$(CStr(data(1, 4))), ""H2"", vbTextCompare) = 0 And _","Pending","",""
"src/Excel/CSystemSettingsReader.cls","712","If UBound(data, 2) < 4 Then Exit Function","Pending","",""
"src/Excel/CSystemSettingsReader.cls","715","For rowIndex = 1 To UBound(data, 1) - 1","Pending","",""
"src/Excel/CSystemSettingsReader.cls","716","If StrComp(Trim$(CStr(data(rowIndex, 1))), ""H1"", vbTextCompare) = 0 And _","Pending","",""
"src/Excel/CSystemSettingsReader.cls","717","StrComp(Trim$(CStr(data(rowIndex, 2))), ""B1"", vbTextCompare) = 0 And _","Pending","",""
"src/Excel/CSystemSettingsReader.cls","718","StrComp(Trim$(CStr(data(rowIndex, 3))), ""H2"", vbTextCompare) = 0 And _","Pending","",""
"src/Excel/CSystemSettingsReader.cls","730","If geometryHeaderRow > 0 And UBound(data, 1) >= geometryHeaderRow + 21 And UBound(data, 2) >= 9 Then","Pending","",""
"src/Excel/CSystemSettingsReader.cls","762","If UBound(data, 1) >= 19 Then","Pending","",""
"src/Excel/CSystemSettingsReader.cls","769","If UBound(data, 1) >= 21 Then","Pending","",""
"src/Excel/CSystemSettingsReader.cls","783","If StrComp(keyValue, ""RectSet.SectionType"", vbTextCompare) = 0 Or _","Pending","",""
"src/Excel/CSystemSettingsReader.cls","786","If UBound(data, 2) >= 4 Then sourceValue = Trim$(CStr(data(rowIndex, 4)))","Pending","",""
"src/Excel/CSystemSettingsReader.cls","848","If Len(secondValue) > 0 And secondValue <> ""-"" Then","Pending","",""
"src/Excel/CSystemSettingsReader.cls","912","ElseIf Len(mValues(index)) = 0 Or UCase$(mValues(index)) = ""TODO"" Then","Pending","",""
"src/Excel/CSystemSettingsReader.cls","937","If Not allowBlankValue And HasKey(key) Then","Pending","",""
"src/Excel/CSystemSettingsReader.cls","939","If Len(textValue) = 0 Or UCase$(textValue) = ""TODO"" Then","Pending","",""
"src/Excel/CSystemSettingsReader.cls","966","If Len(textValue) = 0 Or UCase$(textValue) = ""TODO"" Then","Pending","",""
"src/Excel/CSystemSettingsReader.cls","986","If Len(textValue) = 0 Or UCase$(textValue) = ""TODO"" Then","Pending","",""
"src/Excel/CSystemSettingsReader.cls","999","If value < -2147483648# Or value > 2147483647# Then Err.Raise vbObjectError + 4315, ""CSystemSettingsReader.GetLong"", _","Pending","",""
"src/Excel/CSystemSettingsReader.cls","1047","If index < 1 Or index > mCount Then Err.Raise vbObjectError + 4300, ""CSystemSettingsReader"", ""Индекс настройки вне допустимого диапазона.""","Pending","",""
"src/Excel/modAutoCADStressExport.bas","251","For rowIndex = 2 To UBound(data, 1)","Pending","",""
"src/Excel/modAutoCADStressExport.bas","289","For rowIndex = 2 To UBound(data, 1)","Pending","",""
"src/Excel/modAutoCADStressExport.bas","290","If StrComp(CStr(data(rowIndex, colLoadCase)), ""ALL"", vbTextCompare) = 0 And _","Pending","",""
"src/Excel/modAutoCADStressExport.bas","321","For rowIndex = 2 To UBound(data, 1)","Pending","",""
"src/Excel/modAutoCADStressExport.bas","343","For rowIndex = 2 To UBound(data, 1)","Pending","",""
"src/Excel/modAutoCADStressExport.bas","344","If StrComp(Trim$(SafeText(data(rowIndex, colLoadCase))), combinationID, vbTextCompare) = 0 And _","Pending","",""
"src/Excel/modAutoCADStressExport.bas","387","For rowIndex = 2 To UBound(data, 1)","Pending","",""
"src/Excel/modAutoCADStressExport.bas","388","If StrComp(Trim$(SafeText(data(rowIndex, colCombination))), combinationID, vbTextCompare) = 0 And _","Pending","",""
"src/Excel/modAutoCADStressExport.bas","430","For rowIndex = 2 To UBound(data, 1)","Pending","",""
"src/Excel/modAutoCADStressExport.bas","473","If extensionUsed Or policy.ToUserStatus(stateStatus) = policy.Fail Then","Pending","",""
"src/Excel/modAutoCADStressExport.bas","617","For rowIndex = 2 To UBound(data, 1)","Pending","",""
"src/Excel/modAutoCADStressExport.bas","619","If Len(FirstLoadCaseFromSectionProperties) > 0 And _","Pending","",""
"src/Excel/modAutoCADStressExport.bas","638","For rowIndex = 2 To UBound(data, 1)","Pending","",""
"src/Excel/modAutoCADStressExport.bas","649","HasResultTableRows = (UBound(data, 1) >= 2 And UBound(data, 2) >= 1)","Pending","",""
"src/Excel/modAutoCADStressExport.bas","659","For colIndex = 1 To UBound(data, 2)","Pending","",""
"src/Excel/modAutoCADStressExport.bas","673","If Err.Number = 0 And GeometryStatusColumn > 0 Then","Pending","",""
"src/Excel/modAutoCADStressExport.bas","923","For rowIndex = 2 To UBound(data, 1)","Pending","",""
"src/Excel/modAutoCADStressExport.bas","929","If segCount > 0 And StrComp(loopKey, currentLoopKey, vbTextCompare) <> 0 Then","Pending","",""
"src/Excel/modAutoCADStressExport.bas","1002","For rowIndex = 2 To UBound(data, 1)","Pending","",""
"src/Excel/modAutoCADStressExport.bas","1021","If Len(unitText) = 0 Or unitText = ""-"" Then unitText = defaultUnit","Pending","",""
"src/Excel/modAutoCADStressExport.bas","1022","If Len(unitText) = 0 Or unitText = ""-"" Then unitText = ""mm""","Pending","",""
"src/Excel/modAutoCADStressExport.bas","1032","If UBound(parts) >= 3 Then","Pending","",""
"src/Excel/modAutoCADStressExport.bas","1033","If parts(0) = ""CONTOUR"" And (parts(1) = ""OUTER"" Or parts(1) = ""OPENING"") Then","Pending","",""
"src/Excel/modAutoCADStressExport.bas","1146","PointsAreClose = (Abs(x1 - x2) <= CONTOUR_POINT_TOLERANCE And Abs(y1 - y2) <= CONTOUR_POINT_TOLERANCE)","Pending","",""
"src/Excel/modAutoCADStressExport.bas","1204","If includeElementName And Len(Trim$(elementID)) > 0 Then","Pending","",""
"src/Excel/modAutoCADStressExport.bas","1234","If Not principalAxesEnabled And Not loadPointEnabled Then Exit Sub","Pending","",""
"src/Excel/modAutoCADStressExport.bas","1316","If Len(rawValue) = 0 And settings.HasKey(""AutoCAD.Export.PrincipalAxesEnabled"") Then","Pending","",""
"src/Excel/modAutoCADStressExport.bas","1400","If section.IsConcreteEquivalentAreaFallback(index) And Abs(ConcreteDrawRotation) <= 0.000000000001 Then","Pending","",""
"src/Excel/modAutoCADStressExport.bas","1613","If x < minX - 0.0000001 Or x > maxX + 0.0000001 Then Exit Sub","Pending","",""
"src/Excel/modAutoCADStressExport.bas","1614","If y < minY - 0.0000001 Or y > maxY + 0.0000001 Then Exit Sub","Pending","",""
"src/Excel/modAutoCADStressExport.bas","1618","If Abs(pointX(i) - x) < 0.0000001 And Abs(pointY(i) - y) < 0.0000001 Then Exit Sub","Pending","",""
"src/Excel/modAutoCADStressExport.bas","1621","If pointCount >= UBound(pointX) Then Exit Sub","Pending","",""
"src/Excel/modAutoCADStressExport.bas","1711","Set entity = regions(LBound(regions))","Pending","",""
"src/Excel/modAutoCADStressExport.bas","1726","For i = LBound(sourceObjects) To UBound(sourceObjects)","Pending","",""
"src/Excel/modAutoCADStressExport.bas","1826","For rowIndex = 2 To UBound(data, 1)","Pending","",""
"src/Excel/modAutoCADStressExport.bas","1827","If Not IsExportEmptyRow(data, rowIndex, UBound(data, 2)) Then","Pending","",""
"src/Excel/modWorkbookCalculation.bas","21","If InStr(1, message, ""ошиб"", vbTextCompare) > 0 Or InStr(1, message, ""InputErr"", vbTextCompare) > 0 Then","Pending","",""
"src/Excel/modWorkbookCalculation.bas","130","If Err.Number = vbObjectError + 4702 Or Err.Number = vbObjectError + 4705 Or _","Pending","",""
"src/Excel/modWorkbookCalculation.bas","131","Err.Number = vbObjectError + 4706 Or Err.Number = vbObjectError + 4710 Then","Pending","",""
"src/Excel/modWorkbookCalculation.bas","372","If settings.GetBoolean(""Plot.AutoUpdateAfterCalculation"", True) And batch.StateAvailableCount > 0 Then","Pending","",""
"src/Excel/modWorkbookCalculation.bas","463","If Not (strengthAnchor.Worksheet Is ws) Or Not (crackAnchor.Worksheet Is ws) Or _","Pending","",""
"src/Excel/modWorkbookCalculation.bas","464","Not (stabilityAnchor.Worksheet Is ws) Or Not (elementAnchor.Worksheet Is ws) Then","Pending","",""
"src/Excel/modWorkbookCalculation.bas","571","For index = LBound(requiredNames) To UBound(requiredNames)","Pending","",""
"src/Excel/modWorkbookCalculation.bas","666","If firstRow < 1 Or firstColumn < 1 Then","Pending","",""
"src/Excel/modWorkbookCalculation.bas","737","If lastTwo >= 11 And lastTwo <= 14 Then","Pending","",""
"src/Excel/modWorkbookCalculation.bas","927","For rowIndex = 2 To UBound(values, 1)","Pending","",""
"src/Excel/modWorkbookCalculation.bas","961","If IsEmpty(value) Or IsNull(value) Then Exit Function","Pending","",""
"src/Geometry/CFiberMeshBuilder.cls","52","If maxX <= minX + GEOM_TOLERANCE Or maxY <= minY + GEOM_TOLERANCE Then","Pending","",""
"src/Geometry/CFiberMeshBuilder.cls","62","If stepX <= (maxX - minX) / 2147483646# Or stepY <= (maxY - minY) / 2147483646# Then","Pending","",""
"src/Geometry/CFiberMeshBuilder.cls","68","If nx < 1 Or ny < 1 Then Err.Raise vbObjectError + 2104, ""CFiberMeshBuilder"", ""Габаритный прямоугольник сетки пуст.""","Pending","",""
"src/Geometry/CFiberMeshBuilder.cls","154","allInside = p1 And p2 And p3 And p4","Pending","",""
"src/Geometry/CFiberMeshBuilder.cls","155","anyInside = p1 Or p2 Or p3 Or p4","Pending","",""
"src/Geometry/CFiberMeshBuilder.cls","165","If mFiberCount > UBound(mFibers) Then","Pending","",""
"src/Geometry/CFiberMeshBuilder.cls","167","If UBound(mFibers) > 1073741823 Then","Pending","",""
"src/Geometry/CFiberMeshBuilder.cls","170","newCapacity = UBound(mFibers) * 2","Pending","",""
"src/Geometry/CFiberMeshBuilder.cls","225","If index < 1 Or index > mFiberCount Then","Pending","",""
"src/Geometry/CGeometryHollowRectangle.cls","209","target.GetHorizontalRebarLine isLeft, IIf(openingFace, -axisDistance, axisDistance), _","Pending","",""
"src/Geometry/CGeometryHollowRectangle.cls","235","target.GetSideRebarPath Not isTop, IIf(openingFace, -axisDistance, axisDistance), pointU, pointV","Pending","",""
"src/Geometry/CGeometryHollowRectangle.cls","238","ReDim pointX(LBound(pointU) To UBound(pointU))","Pending","",""
"src/Geometry/CGeometryHollowRectangle.cls","239","ReDim pointY(LBound(pointU) To UBound(pointU))","Pending","",""
"src/Geometry/CGeometryHollowRectangle.cls","240","For i = LBound(pointU) To UBound(pointU)","Pending","",""
"src/Geometry/CGeometryHollowRectangle.cls","250","ContainsPoint = (mOuter.ContainsPoint(X, Y) And Not mOpening.ContainsPoint(X, Y))","Pending","",""
"src/Geometry/CGeometryHollowRectangle.cls","279","If mB <= 0# Or mH <= 0# Then","Pending","",""
"src/Geometry/CGeometryHollowRectangle.cls","283","If mOpeningB <= 0# Or mOpeningH <= 0# Then","Pending","",""
"src/Geometry/CGeometryHollowRectangle.cls","287","If mR < 0# Or mOpeningR < 0# Then","Pending","",""
"src/Geometry/CGeometryHollowRectangle.cls","403","If Not outerAvailable Or Not openingAvailable Then Exit Sub","Pending","",""
"src/Geometry/CGeometryHollowRectangle.cls","420","For i = LBound(px) To UBound(px)","Pending","",""
"src/Geometry/CGeometryRectSet.cls","163","insideLower = (X >= mOriginX - GEOM_TOLERANCE And X <= mOriginX + mB2 + GEOM_TOLERANCE _","Pending","",""
"src/Geometry/CGeometryRectSet.cls","164","And Y >= mOriginY - GEOM_TOLERANCE And Y <= mOriginY + mH2 + GEOM_TOLERANCE)","Pending","",""
"src/Geometry/CGeometryRectSet.cls","168","insideUpper = (X >= ActiveUpperMinX() - GEOM_TOLERANCE And X <= ActiveUpperMaxX() + GEOM_TOLERANCE _","Pending","",""
"src/Geometry/CGeometryRectSet.cls","169","And Y >= ActiveUpperMinY() - GEOM_TOLERANCE And Y <= ActiveUpperMaxY() + GEOM_TOLERANCE)","Pending","",""
"src/Geometry/CGeometryRectSet.cls","170","ContainsPoint = insideLower Or insideUpper","Pending","",""
"src/Geometry/CGeometryRectSet.cls","189","ElseIf LowerRectangleActive() And mB2 <= 0# Then","Pending","",""
"src/Geometry/CGeometryRectSet.cls","191","ElseIf LowerRectangleActive() And mH2 <= 0# Then","Pending","",""
"src/Geometry/CGeometryRectSet.cls","193","ElseIf mSectionType = SECTION_LSECTION And mB1 >= mB2 Then","Pending","",""
"src/Geometry/CGeometryRectSet.cls","195","ElseIf mSectionType = SECTION_TWO_RECTANGLES And Not RectanglesOverlapByX() Then","Pending","",""
"src/Geometry/CGeometryRectSet.cls","312","And ActiveUpperMaxX() > mOriginX + GEOM_TOLERANCE)","Pending","",""
"src/Geometry/CGeometryRectSet.cls","321","ElseIf Abs(pointX(count) - X) <= GEOM_TOLERANCE And Abs(pointY(count) - Y) <= GEOM_TOLERANCE Then","Pending","",""
"src/Geometry/CGeometryRectSet.cls","323","ElseIf count >= UBound(pointX) Then","Pending","",""
"src/Geometry/CGeometryRectSet.cls","324","ReDim Preserve pointX(1 To UBound(pointX) + 4)","Pending","",""
"src/Geometry/CGeometryRectSet.cls","325","ReDim Preserve pointY(1 To UBound(pointY) + 4)","Pending","",""
"src/Geometry/CGeometryRoundedRectangle.cls","141","If radiusTLmm < 0# Or radiusBLmm < 0# Then leftR1 = -1#","Pending","",""
"src/Geometry/CGeometryRoundedRectangle.cls","142","If radiusTRmm < 0# Or radiusBRmm < 0# Then rightR1 = -1#","Pending","",""
"src/Geometry/CGeometryRoundedRectangle.cls","271","If X < mMinX - GEOM_TOLERANCE Or X > mMaxX + GEOM_TOLERANCE Then Exit Function","Pending","",""
"src/Geometry/CGeometryRoundedRectangle.cls","272","If Y < mMinY - GEOM_TOLERANCE Or Y > mMaxY + GEOM_TOLERANCE Then Exit Function","Pending","",""
"src/Geometry/CGeometryRoundedRectangle.cls","309","If Len(mLeftType) = 0 Or Len(mRightType) = 0 Then","Pending","",""
"src/Geometry/CGeometryRoundedRectangle.cls","313","If mLeftW < 0# Or mRightW < 0# Then","Pending","",""
"src/Geometry/CGeometryRoundedRectangle.cls","317","If mLeftR1 < 0# Or mRightR1 < 0# Or mLeftR2 < 0# Or mRightR2 < 0# Then","Pending","",""
"src/Geometry/CGeometryRoundedRectangle.cls","321","If mLeftType = SIDE_TAPERED And mLeftW <= GEOM_TOLERANCE Then","Pending","",""
"src/Geometry/CGeometryRoundedRectangle.cls","325","If mRightType = SIDE_TAPERED And mRightW <= GEOM_TOLERANCE Then","Pending","",""
"src/Geometry/CGeometryRoundedRectangle.cls","332","If mPointCount < 3 Or mArea <= GEOM_TOLERANCE Then","Pending","",""
"src/Geometry/CGeometryRoundedRectangle.cls","335","If mPointCount < 3 Or mArea <= GEOM_TOLERANCE Then","Pending","",""
"src/Geometry/CGeometryRoundedRectangle.cls","417","If prevLength <= GEOM_TOLERANCE Or nextLength <= GEOM_TOLERANCE Then","Pending","",""
"src/Geometry/CGeometryRoundedRectangle.cls","434","If angleValue <= GEOM_TOLERANCE Or Abs(GEOM_PI - angleValue) <= GEOM_TOLERANCE Then","Pending","",""
"src/Geometry/CGeometryRoundedRectangle.cls","464","If firstIndex = 1 Or firstIndex = 4 Then","Pending","",""
"src/Geometry/CGeometryRoundedRectangle.cls","693","ElseIf rawCount > UBound(raw) Then","Pending","",""
"src/Geometry/CGeometryRoundedRectangle.cls","694","ReDim Preserve raw(1 To UBound(raw) + 8)","Pending","",""
"src/Geometry/CGeometryRoundedRectangle.cls","841","If prevLength <= GEOM_TOLERANCE Or nextLength <= GEOM_TOLERANCE Or inputRadius <= GEOM_TOLERANCE Then","Pending","",""
"src/Geometry/CGeometryRoundedRectangle.cls","858","If angleValue <= GEOM_TOLERANCE Or Abs(GEOM_PI - angleValue) <= GEOM_TOLERANCE Then","Pending","",""
"src/Geometry/CGeometryRoundedRectangle.cls","873","If tangentDistance <= GEOM_TOLERANCE Or inputRadius <= GEOM_TOLERANCE Then","Pending","",""
"src/Geometry/CGeometryRoundedRectangle.cls","926","If Abs(sx - ex) <= GEOM_TOLERANCE And Abs(sy - ey) <= GEOM_TOLERANCE Then Exit Sub","Pending","",""
"src/Geometry/CGeometryRoundedRectangle.cls","938","ElseIf segmentCount > UBound(segmentType) Then","Pending","",""
"src/Geometry/CGeometryRoundedRectangle.cls","939","ReDim Preserve segmentType(1 To UBound(segmentType) + 16)","Pending","",""
"src/Geometry/CGeometryRoundedRectangle.cls","940","ReDim Preserve startX(1 To UBound(startX) + 16)","Pending","",""
"src/Geometry/CGeometryRoundedRectangle.cls","941","ReDim Preserve startY(1 To UBound(startY) + 16)","Pending","",""
"src/Geometry/CGeometryRoundedRectangle.cls","942","ReDim Preserve endX(1 To UBound(endX) + 16)","Pending","",""
"src/Geometry/CGeometryRoundedRectangle.cls","943","ReDim Preserve endY(1 To UBound(endY) + 16)","Pending","",""
"src/Geometry/CGeometryRoundedRectangle.cls","944","ReDim Preserve centerX(1 To UBound(centerX) + 16)","Pending","",""
"src/Geometry/CGeometryRoundedRectangle.cls","945","ReDim Preserve centerY(1 To UBound(centerY) + 16)","Pending","",""
"src/Geometry/CGeometryRoundedRectangle.cls","946","ReDim Preserve radiusValue(1 To UBound(radiusValue) + 16)","Pending","",""
"src/Geometry/CGeometryRoundedRectangle.cls","947","ReDim Preserve sweepAngle(1 To UBound(sweepAngle) + 16)","Pending","",""
"src/Geometry/CGeometryRoundedRectangle.cls","1011","If prevLength <= GEOM_TOLERANCE Or nextLength <= GEOM_TOLERANCE Or radius <= GEOM_TOLERANCE Then","Pending","",""
"src/Geometry/CGeometryRoundedRectangle.cls","1027","If angleValue <= GEOM_TOLERANCE Or Abs(GEOM_PI - angleValue) <= GEOM_TOLERANCE Then","Pending","",""
"src/Geometry/CGeometryRoundedRectangle.cls","1076","If Abs(outX(outCount) - X) <= GEOM_TOLERANCE And Abs(outY(outCount) - Y) <= GEOM_TOLERANCE Then Exit Sub","Pending","",""
"src/Geometry/CGeometryRoundedRectangle.cls","1082","ElseIf outCount > UBound(outX) Then","Pending","",""
"src/Geometry/CGeometryRoundedRectangle.cls","1083","ReDim Preserve outX(1 To UBound(outX) + 16)","Pending","",""
"src/Geometry/CGeometryRoundedRectangle.cls","1084","ReDim Preserve outY(1 To UBound(outY) + 16)","Pending","",""
"src/Geometry/CGeometryRoundedRectangle.cls","1093","If Abs(outX(1) - outX(outCount)) <= GEOM_TOLERANCE And Abs(outY(1) - outY(outCount)) <= GEOM_TOLERANCE Then","Pending","",""
"src/Geometry/CGeometryRoundedRectangle.cls","1125","If Abs(mPointX(1) - mPointX(mPointCount)) <= GEOM_TOLERANCE And _","Pending","",""
"src/Materials/CMaterialDiagram.cls","77","mPhysicalTensionStrain = IIf(mStrains(mPointCount) > 0#, mStrains(mPointCount), 0#)","Pending","",""
"src/Materials/CMaterialDiagram.cls","114","If LBound(values) > 1 Then GoTo InvalidArray","Pending","",""
"src/Materials/CMaterialDiagram.cls","115","If UBound(values) < pointCount Then GoTo InvalidArray","Pending","",""
"src/Materials/CMaterialDiagram.cls","188","If mHasCompressionExtension And strain < mPhysicalCompressionStrain - RANGE_TOLERANCE Then","Pending","",""
"src/Materials/CMaterialDiagram.cls","190","ElseIf mHasTensionExtension And mHasPhysicalTensionLimit And _","Pending","",""
"src/Materials/CMaterialDiagram.cls","224","If strain < mStrains(1) Or strain > mStrains(mPointCount) Then Exit Function","Pending","",""
"src/Materials/CMaterialDiagram.cls","282","If strain >= mStrains(i) And strain <= mStrains(i + 1) Then","Pending","",""
"src/Materials/CMaterialDiagram.cls","285","If mHasCompressionExtension And strain = mCompressionExtensionStartStrain Then","Pending","",""
"src/Materials/CMaterialDiagram.cls","286","If strain = mStrains(i + 1) And i + 1 < mPointCount Then","Pending","",""
"src/Materials/CMaterialDiagram.cls","302","For i = 1 To UBound(mStrains) - 1","Pending","",""
"src/Materials/CMaterialDiagram.cls","303","For j = i + 1 To UBound(mStrains)","Pending","",""
"src/Materials/CMaterialDiagram.cls","324","For i = 1 To UBound(mStrains) - 1","Pending","",""
"src/Materials/CMaterialDiagram.cls","348","If eps1 >= 0# Or eps2 >= 0# Then Err.Raise vbObjectError + 3101, ""CMaterialDiagram"", ""Сжатые деформации должны быть отрицательными.""","Pending","",""
"src/Materials/CMaterialDiagram.cls","349","If stress1 >= 0# Or stress2 >= 0# Then Err.Raise vbObjectError + 3102, ""CMaterialDiagram"", ""Сжатые напряжения должны быть отрицательными.""","Pending","",""
"src/Materials/CMaterialDiagram.cls","363","If eps1 >= 0# Or eps2 >= 0# Or eps3 >= 0# Then Err.Raise vbObjectError + 3103, ""CMaterialDiagram"", ""Сжатые деформации должны быть отрицательными.""","Pending","",""
"src/Materials/CMaterialDiagram.cls","364","If stress1 >= 0# Or stress2 >= 0# Or stress3 >= 0# Then Err.Raise vbObjectError + 3104, ""CMaterialDiagram"", ""Сжатые напряжения должны быть отрицательными.""","Pending","",""
"src/Materials/CMaterialDiagram.cls","379","If eps1 <= 0# Or eps2 <= eps1 Then Err.Raise vbObjectError + 3105, ""CMaterialDiagram"", ""Растянутые деформации должны возрастать и быть положительными.""","Pending","",""
"src/Materials/CMaterialDiagram.cls","380","If stress1 <= 0# Or stress2 <= 0# Then Err.Raise vbObjectError + 3106, ""CMaterialDiagram"", ""Растянутые напряжения должны быть положительными.""","Pending","",""
"src/Materials/CMaterialDiagram.cls","396","If eps1 <= 0# Or eps2 <= eps1 Or eps3 <= eps2 Then Err.Raise vbObjectError + 3107, ""CMaterialDiagram"", ""Растянутые деформации должны возрастать и быть положительными.""","Pending","",""
"src/Materials/CMaterialDiagram.cls","397","If stress1 <= 0# Or stress2 <= 0# Or stress3 <= 0# Then Err.Raise vbObjectError + 3108, ""CMaterialDiagram"", ""Растянутые напряжения должны быть положительными.""","Pending","",""
"src/Materials/CMaterialDiagram.cls","427","If index < 1 Or index > mPointCount Then Err.Raise vbObjectError + 3109, ""CMaterialDiagram"", ""Индекс точки диаграммы вне диапазона.""","Pending","",""
"src/Materials/CMaterialDiagram.cls","434","If index < 1 Or index > mPointCount Then Err.Raise vbObjectError + 3110, ""CMaterialDiagram"", ""Индекс точки диаграммы вне диапазона.""","Pending","",""
"src/Materials/CMaterialModelProvider.cls","140","mConcreteTensionLimitEnabled(slot) = (mConcreteDiagram(slot).HasPhysicalTensionLimit And _","Pending","",""
"src/Materials/CMaterialModelProvider.cls","303","extraTension = extendTension And baseDiagram.HasPhysicalTensionLimit","Pending","",""
"src/Materials/CMaterialModelProvider.cls","596","ConcreteTensionLimitEnabledFromSpec = (diagram.HasPhysicalTensionLimit And spec.ConcreteTension = ctkUseDiagram)","Pending","",""
"src/Section/CCircleRebarLayoutBuilder.cls","60","If Len(rawValue) = 0 Or UCase$(rawValue) = ""TODO"" Then","Pending","",""
"src/Section/CCircleRebarLayoutBuilder.cls","92","If barCount = 0 Or barDiameter = 0# Then","Pending","",""
"src/Section/CCircleRebarLayoutBuilder.cls","133","If Abs(mCentroidX - centerX) > 0.000001 Or Abs(mCentroidY - centerY) > 0.000001 Then","Pending","",""
"src/Section/CCircleRebarLayoutBuilder.cls","179","If row2Diameter > 0# And StrComp(Trim$(row2Location), Trim$(row3Location), vbTextCompare) = 0 Then","Pending","",""
"src/Section/CCircleRebarLayoutBuilder.cls","198","If barCount = 0 Or barDiameter = 0# Then Exit Sub","Pending","",""
"src/Section/CCircleRebarLayoutBuilder.cls","201","If row2Diameter > 0# And Not IsSupportedRowLocation(row2Location) Then Err.Raise vbObjectError + 3157, ""CCircleRebarLayoutBuilder"", ""Rebar.Loc2row должен быть SideBySide или Stacked.""","Pending","",""
"src/Section/CCircleRebarLayoutBuilder.cls","202","If row3Diameter > 0# And Not IsSupportedRowLocation(row3Location) Then Err.Raise vbObjectError + 3158, ""CCircleRebarLayoutBuilder"", ""Rebar.Loc3row должен быть SideBySide или Stacked.""","Pending","",""
"src/Section/CCircleRebarLayoutBuilder.cls","225","IsSupportedRowLocation = IsStackedLocation(value) Or StrComp(Trim$(value), ""SideBySide"", vbTextCompare) = 0","Pending","",""
"src/Section/CHollowRectRebarLayoutBuilder.cls","128","If Len(rawValue) = 0 Or UCase$(rawValue) = ""TODO"" Or rawValue = ""-"" Then","Pending","",""
"src/Section/CHollowRectRebarLayoutBuilder.cls","148","If barCount = 0 Or diameter = 0# Then Exit Sub","Pending","",""
"src/Section/CHollowRectRebarLayoutBuilder.cls","202","If barCount = 0 Or diameter = 0# Then Exit Sub","Pending","",""
"src/Section/CHollowRectRebarLayoutBuilder.cls","252","If sourceCount = 0 Or diameter = 0# Then Exit Sub","Pending","",""
"src/Section/CHollowRectRebarLayoutBuilder.cls","329","If sourceCount = 0 Or diameter = 0# Then Exit Sub","Pending","",""
"src/Section/CHollowRectRebarLayoutBuilder.cls","371","If row2Diameter > 0# And ShouldAddAdditionalRow(baseBarOrdinal, FaceRow2Binding(settings)) Then","Pending","",""
"src/Section/CHollowRectRebarLayoutBuilder.cls","378","If row3Diameter > 0# And ShouldAddAdditionalRow(baseBarOrdinal, FaceRow3Binding(settings)) Then","Pending","",""
"src/Section/CHollowRectRebarLayoutBuilder.cls","381","If row2Diameter > 0# And StrComp(FaceRow2Location(settings), FaceRow3Location(settings), vbTextCompare) = 0 Then skippedDiameter = row2Diameter","Pending","",""
"src/Section/CHollowRectRebarLayoutBuilder.cls","429","If barCount = 0 Or diameter = 0# Then Exit Sub","Pending","",""
"src/Section/CHollowRectRebarLayoutBuilder.cls","439","If FaceRow2Diameter(settings) < 0# Or FaceRow3Diameter(settings) < 0# Then Err.Raise vbObjectError + 3253, ""CHollowRectRebarLayoutBuilder"", HollowFaceDisplayName(faceName) & "": диаметры дополнительных рядов d2 и d3 должны быть неотрицательными.""","Pending","",""
"src/Section/CHollowRectRebarLayoutBuilder.cls","440","If FaceRow2Diameter(settings) > 0# And Not IsSupportedRowLocation(FaceRow2Location(settings)) Then Err.Raise vbObjectError + 3254, ""CHollowRectRebarLayoutBuilder"", HollowFaceDisplayName(faceName) & "": положение второго ряда должно быть SideBySide или Stacked.""","Pending","",""
"src/Section/CHollowRectRebarLayoutBuilder.cls","441","If FaceRow3Diameter(settings) > 0# And Not IsSupportedRowLocation(FaceRow3Location(settings)) Then Err.Raise vbObjectError + 3255, ""CHollowRectRebarLayoutBuilder"", HollowFaceDisplayName(faceName) & "": положение третьего ряда должно быть SideBySide или Stacked.""","Pending","",""
"src/Section/CHollowRectRebarLayoutBuilder.cls","442","If FaceRow2Diameter(settings) > 0# And Not IsSupportedRowBinding(FaceRow2Binding(settings)) Then Err.Raise vbObjectError + 3256, ""CHollowRectRebarLayoutBuilder"", HollowFaceDisplayName(faceName) & "": привязка второго ряда должна быть EachBar или EverySecondBar.""","Pending","",""
"src/Section/CHollowRectRebarLayoutBuilder.cls","443","If FaceRow3Diameter(settings) > 0# And Not IsSupportedRowBinding(FaceRow3Binding(settings)) Then Err.Raise vbObjectError + 3257, ""CHollowRectRebarLayoutBuilder"", HollowFaceDisplayName(faceName) & "": привязка третьего ряда должна быть EachBar или EverySecondBar.""","Pending","",""
"src/Section/CHollowRectRebarLayoutBuilder.cls","449","IsSupportedRowLocation = (StrComp(value, ""SideBySide"", vbTextCompare) = 0 Or StrComp(value, ""Stacked"", vbTextCompare) = 0)","Pending","",""
"src/Section/CHollowRectRebarLayoutBuilder.cls","455","IsSupportedRowBinding = (StrComp(value, ""EachBar"", vbTextCompare) = 0 Or StrComp(value, ""EverySecondBar"", vbTextCompare) = 0)","Pending","",""
"src/Section/CHollowRectRebarLayoutBuilder.cls","538","If Not initialized Or projection > bestProjection + GEOM_TOLERANCE Then","Pending","",""
"src/Section/CHollowRectRebarLayoutBuilder.cls","566","For i = LBound(px) To UBound(px) - 1","Pending","",""
"src/Section/CHollowRectRebarLayoutBuilder.cls","569","If Not ProjectRayToPolyline Or hitT < bestRayT Then","Pending","",""
"src/Section/CHollowRectRebarLayoutBuilder.cls","614","If segmentT < -GEOM_TOLERANCE Or segmentT > 1# + GEOM_TOLERANCE Then Exit Function","Pending","",""
"src/Section/CHollowRectRebarLayoutBuilder.cls","667","For i = LBound(px) To UBound(px) - 1","Pending","",""
"src/Section/CHollowRectRebarLayoutBuilder.cls","679","For i = LBound(px) To UBound(px) - 1","Pending","",""
"src/Section/CHollowRectRebarLayoutBuilder.cls","697","xCoord = px(UBound(px))","Pending","",""
"src/Section/CHollowRectRebarLayoutBuilder.cls","698","yCoord = py(UBound(py))","Pending","",""
"src/Section/CHollowRectRebarLayoutBuilder.cls","719","If Abs(layout.X(i) - xCoord) <= GEOM_TOLERANCE And Abs(layout.Y(i) - yCoord) <= GEOM_TOLERANCE Then","Pending","",""
"src/Section/CHollowRectRebarLayoutBuilder.cls","728","FaceAs = CDbl(settings(LBound(settings)))","Pending","",""
"src/Section/CHollowRectRebarLayoutBuilder.cls","733","FaceDiameter = CDbl(settings(LBound(settings) + 1))","Pending","",""
"src/Section/CHollowRectRebarLayoutBuilder.cls","738","FaceCount = CLng(settings(LBound(settings) + 2))","Pending","",""
"src/Section/CHollowRectRebarLayoutBuilder.cls","743","FaceRow2Diameter = CDbl(settings(LBound(settings) + 3))","Pending","",""
"src/Section/CHollowRectRebarLayoutBuilder.cls","748","FaceRow3Diameter = CDbl(settings(LBound(settings) + 4))","Pending","",""
"src/Section/CHollowRectRebarLayoutBuilder.cls","753","FaceRow2Location = CStr(settings(LBound(settings) + 5))","Pending","",""
"src/Section/CHollowRectRebarLayoutBuilder.cls","758","FaceRow3Location = CStr(settings(LBound(settings) + 6))","Pending","",""
"src/Section/CHollowRectRebarLayoutBuilder.cls","763","FaceRow2Binding = CStr(settings(LBound(settings) + 7))","Pending","",""
"src/Section/CHollowRectRebarLayoutBuilder.cls","768","FaceRow3Binding = CStr(settings(LBound(settings) + 8))","Pending","",""
"src/Section/CRebarGroupAnnotationBuilder.cls","22","If rebars.Count <= 0 Or rebars.AnnotationCount <= 0 Then Exit Sub","Pending","",""
"src/Section/CRebarGroupAnnotationBuilder.cls","80","Do While InStr(1, textValue, ""."", vbTextCompare) > 0 And Right$(textValue, 1) = ""0""","Pending","",""
"src/Section/CRebarLayout.cls","84","If Abs(mX(i) - xCoord) <= GEOM_TOLERANCE And Abs(mY(i) - yCoord) <= GEOM_TOLERANCE Then","Pending","",""
"src/Section/CRebarLayout.cls","229","If index < 1 Or index > mCount Then Err.Raise vbObjectError + 3106, ""CRebarLayout"", ""Индекс стержня вне допустимого диапазона.""","Pending","",""
"src/Section/CRebarLayout.cls","234","If index < 1 Or index > mAnnotationCount Then Err.Raise vbObjectError + 3107, ""CRebarLayout"", ""Индекс аннотации арматуры вне допустимого диапазона.""","Pending","",""
"src/Section/CRectSetAnnotationBuilder.cls","44","For i = LBound(px) To UBound(px)","Pending","",""
"src/Section/CRectSetAnnotationBuilder.cls","45","If i = UBound(px) Then","Pending","",""
"src/Section/CRectSetAnnotationBuilder.cls","46","nextIndex = LBound(px)","Pending","",""
"src/Section/CRectSetAnnotationBuilder.cls","81","If StrComp(rectSet.SectionType, ""TwoRectangles"", vbTextCompare) = 0 And Abs(rectSet.EffectiveUpperOffsetX) > GEOM_TOLERANCE Then","Pending","",""
"src/Section/CRectSetRebarLayoutBuilder.cls","91","If Len(rawValue) = 0 Or UCase$(rawValue) = ""TODO"" Then","Pending","",""
"src/Section/CRectSetRebarLayoutBuilder.cls","182","For i = LBound(px) To UBound(px)","Pending","",""
"src/Section/CRectSetRebarLayoutBuilder.cls","183","If i = UBound(px) Then","Pending","",""
"src/Section/CRectSetRebarLayoutBuilder.cls","184","nextIndex = LBound(px)","Pending","",""
"src/Section/CRectSetRebarLayoutBuilder.cls","270","If barCount = 0 Or barDiameter = 0# Then Exit Sub","Pending","",""
"src/Section/CRectSetRebarLayoutBuilder.cls","272","If startOffset < 0# Or endOffset < 0# Then Err.Raise vbObjectError + 3174, ""CRectSetRebarLayoutBuilder"", lineLabel & "": отступы t нач. и t кон. должны быть неотрицательными.""","Pending","",""
"src/Section/CRectSetRebarLayoutBuilder.cls","360","If row2Diameter > 0# And ShouldAddAdditionalRow(baseBarOrdinal, row2Binding) Then","Pending","",""
"src/Section/CRectSetRebarLayoutBuilder.cls","368","If row3Diameter > 0# And ShouldAddAdditionalRow(baseBarOrdinal, row3Binding) Then","Pending","",""
"src/Section/CRectSetRebarLayoutBuilder.cls","371","If row2Diameter > 0# And StrComp(row2Location, row3Location, vbTextCompare) = 0 Then skippedDiameter = row2Diameter","Pending","",""
"src/Section/CRectSetRebarLayoutBuilder.cls","427","LineAxisDistance = CDbl(lineSettings(LBound(lineSettings)))","Pending","",""
"src/Section/CRectSetRebarLayoutBuilder.cls","432","LineBarCount = CLng(lineSettings(LBound(lineSettings) + 1))","Pending","",""
"src/Section/CRectSetRebarLayoutBuilder.cls","437","LineBarDiameter = CDbl(lineSettings(LBound(lineSettings) + 2))","Pending","",""
"src/Section/CRectSetRebarLayoutBuilder.cls","442","LineStartOffset = CDbl(lineSettings(LBound(lineSettings) + 3))","Pending","",""
"src/Section/CRectSetRebarLayoutBuilder.cls","447","LineEndOffset = CDbl(lineSettings(LBound(lineSettings) + 4))","Pending","",""
"src/Section/CRectSetRebarLayoutBuilder.cls","452","If UBound(lineSettings) - LBound(lineSettings) < 5 Then Exit Function","Pending","",""
"src/Section/CRectSetRebarLayoutBuilder.cls","453","LineRow2Diameter = CDbl(lineSettings(LBound(lineSettings) + 5))","Pending","",""
"src/Section/CRectSetRebarLayoutBuilder.cls","458","If UBound(lineSettings) - LBound(lineSettings) < 6 Then Exit Function","Pending","",""
"src/Section/CRectSetRebarLayoutBuilder.cls","459","LineRow3Diameter = CDbl(lineSettings(LBound(lineSettings) + 6))","Pending","",""
"src/Section/CRectSetRebarLayoutBuilder.cls","465","If UBound(lineSettings) - LBound(lineSettings) < 7 Then Exit Function","Pending","",""
"src/Section/CRectSetRebarLayoutBuilder.cls","466","If Len(Trim$(CStr(lineSettings(LBound(lineSettings) + 7)))) > 0 Then LineRow2Location = Trim$(CStr(lineSettings(LBound(lineSettings) + 7)))","Pending","",""
"src/Section/CRectSetRebarLayoutBuilder.cls","472","If UBound(lineSettings) - LBound(lineSettings) < 8 Then Exit Function","Pending","",""
"src/Section/CRectSetRebarLayoutBuilder.cls","473","If Len(Trim$(CStr(lineSettings(LBound(lineSettings) + 8)))) > 0 Then LineRow3Location = Trim$(CStr(lineSettings(LBound(lineSettings) + 8)))","Pending","",""
"src/Section/CRectSetRebarLayoutBuilder.cls","479","If UBound(lineSettings) - LBound(lineSettings) < 9 Then Exit Function","Pending","",""
"src/Section/CRectSetRebarLayoutBuilder.cls","480","If Len(Trim$(CStr(lineSettings(LBound(lineSettings) + 9)))) > 0 Then LineRow2Binding = Trim$(CStr(lineSettings(LBound(lineSettings) + 9)))","Pending","",""
"src/Section/CRectSetRebarLayoutBuilder.cls","486","If UBound(lineSettings) - LBound(lineSettings) < 10 Then Exit Function","Pending","",""
"src/Section/CRectSetRebarLayoutBuilder.cls","487","If Len(Trim$(CStr(lineSettings(LBound(lineSettings) + 10)))) > 0 Then LineRow3Binding = Trim$(CStr(lineSettings(LBound(lineSettings) + 10)))","Pending","",""
"src/Section/CRectSetRebarLayoutBuilder.cls","537","If row2Diameter < 0# Or row3Diameter < 0# Then Err.Raise vbObjectError + 3180, ""CRectSetRebarLayoutBuilder"", faceName & "": диаметры дополнительных рядов d_2row и d_3row должны быть неотрицательными.""","Pending","",""
"src/Section/CRectSetRebarLayoutBuilder.cls","538","If row2Diameter > 0# And Not IsSupportedRowLocation(row2Location) Then Err.Raise vbObjectError + 3182, ""CRectSetRebarLayoutBuilder"", faceName & "": loc_2row должен быть SideBySide или Stacked.""","Pending","",""
"src/Section/CRectSetRebarLayoutBuilder.cls","539","If row3Diameter > 0# And Not IsSupportedRowLocation(row3Location) Then Err.Raise vbObjectError + 3183, ""CRectSetRebarLayoutBuilder"", faceName & "": loc_3row должен быть SideBySide или Stacked.""","Pending","",""
"src/Section/CRectSetRebarLayoutBuilder.cls","540","If row2Diameter > 0# And Not IsSupportedRowBinding(row2Binding) Then Err.Raise vbObjectError + 3184, ""CRectSetRebarLayoutBuilder"", faceName & "": bind_2row должен быть EachBar или EverySecondBar.""","Pending","",""
"src/Section/CRectSetRebarLayoutBuilder.cls","541","If row3Diameter > 0# And Not IsSupportedRowBinding(row3Binding) Then Err.Raise vbObjectError + 3185, ""CRectSetRebarLayoutBuilder"", faceName & "": bind_3row должен быть EachBar или EverySecondBar.""","Pending","",""
"src/Section/CRectSetRebarLayoutBuilder.cls","546","IsSupportedRowLocation = (StrComp(value, ""SideBySide"", vbTextCompare) = 0 Or StrComp(value, ""Stacked"", vbTextCompare) = 0)","Pending","",""
"src/Section/CRectSetRebarLayoutBuilder.cls","551","IsSupportedRowBinding = (StrComp(value, ""EachBar"", vbTextCompare) = 0 Or StrComp(value, ""EverySecondBar"", vbTextCompare) = 0)","Pending","",""
"src/Section/CRectSetRebarLayoutBuilder.cls","572","FaceAs1 = CDbl(faceSettings(LBound(faceSettings)))","Pending","",""
"src/Section/CRectSetRebarLayoutBuilder.cls","577","FaceAs2 = CDbl(faceSettings(LBound(faceSettings) + 1))","Pending","",""
"src/Section/CRectSetRebarLayoutBuilder.cls","582","FaceDiameter1 = CDbl(faceSettings(LBound(faceSettings) + 2))","Pending","",""
"src/Section/CRectSetRebarLayoutBuilder.cls","587","FaceDiameter2 = CDbl(faceSettings(LBound(faceSettings) + 3))","Pending","",""
"src/Section/CRectSetRebarLayoutBuilder.cls","592","FaceCount1 = CLng(faceSettings(LBound(faceSettings) + 4))","Pending","",""
"src/Section/CRectSetRebarLayoutBuilder.cls","597","FaceCount2 = CLng(faceSettings(LBound(faceSettings) + 5))","Pending","",""
"src/Section/CRectSetRebarLayoutBuilder.cls","602","FaceStartOffset1 = CDbl(faceSettings(LBound(faceSettings) + 6))","Pending","",""
"src/Section/CRectSetRebarLayoutBuilder.cls","607","FaceEndOffset1 = CDbl(faceSettings(LBound(faceSettings) + 7))","Pending","",""
"src/Section/CRectSetRebarLayoutBuilder.cls","612","FaceStartOffset2 = CDbl(faceSettings(LBound(faceSettings) + 8))","Pending","",""
"src/Section/CRectSetRebarLayoutBuilder.cls","617","FaceEndOffset2 = CDbl(faceSettings(LBound(faceSettings) + 9))","Pending","",""
"src/Section/CRectSetRebarLayoutBuilder.cls","622","If UBound(faceSettings) - LBound(faceSettings) < 10 Then Exit Function","Pending","",""
"src/Section/CRectSetRebarLayoutBuilder.cls","623","FaceRow2Diameter1 = CDbl(faceSettings(LBound(faceSettings) + 10))","Pending","",""
"src/Section/CRectSetRebarLayoutBuilder.cls","628","If UBound(faceSettings) - LBound(faceSettings) < 11 Then Exit Function","Pending","",""
"src/Section/CRectSetRebarLayoutBuilder.cls","629","FaceRow2Diameter2 = CDbl(faceSettings(LBound(faceSettings) + 11))","Pending","",""
"src/Section/CRectSetRebarLayoutBuilder.cls","634","If UBound(faceSettings) - LBound(faceSettings) < 12 Then Exit Function","Pending","",""
"src/Section/CRectSetRebarLayoutBuilder.cls","635","FaceRow3Diameter1 = CDbl(faceSettings(LBound(faceSettings) + 12))","Pending","",""
"src/Section/CRectSetRebarLayoutBuilder.cls","640","If UBound(faceSettings) - LBound(faceSettings) < 13 Then Exit Function","Pending","",""
"src/Section/CRectSetRebarLayoutBuilder.cls","641","FaceRow3Diameter2 = CDbl(faceSettings(LBound(faceSettings) + 13))","Pending","",""
"src/Section/CRectSetRebarLayoutBuilder.cls","647","If UBound(faceSettings) - LBound(faceSettings) < 14 Then Exit Function","Pending","",""
"src/Section/CRectSetRebarLayoutBuilder.cls","648","If Len(Trim$(CStr(faceSettings(LBound(faceSettings) + 14)))) > 0 Then FaceRow2Location = Trim$(CStr(faceSettings(LBound(faceSettings) + 14)))","Pending","",""
"src/Section/CRectSetRebarLayoutBuilder.cls","654","If UBound(faceSettings) - LBound(faceSettings) < 15 Then Exit Function","Pending","",""
"src/Section/CRectSetRebarLayoutBuilder.cls","655","If Len(Trim$(CStr(faceSettings(LBound(faceSettings) + 15)))) > 0 Then FaceRow3Location = Trim$(CStr(faceSettings(LBound(faceSettings) + 15)))","Pending","",""
"src/Section/CRectSetRebarLayoutBuilder.cls","661","If UBound(faceSettings) - LBound(faceSettings) < 16 Then Exit Function","Pending","",""
"src/Section/CRectSetRebarLayoutBuilder.cls","662","If Len(Trim$(CStr(faceSettings(LBound(faceSettings) + 16)))) > 0 Then FaceRow2Binding = Trim$(CStr(faceSettings(LBound(faceSettings) + 16)))","Pending","",""
"src/Section/CRectSetRebarLayoutBuilder.cls","668","If UBound(faceSettings) - LBound(faceSettings) < 17 Then Exit Function","Pending","",""
"src/Section/CRectSetRebarLayoutBuilder.cls","669","If Len(Trim$(CStr(faceSettings(LBound(faceSettings) + 17)))) > 0 Then FaceRow3Binding = Trim$(CStr(faceSettings(LBound(faceSettings) + 17)))","Pending","",""
"src/Section/CRectSetRebarLayoutBuilder.cls","679","For i = LBound(distances) To UBound(distances)","Pending","",""
"src/Section/CRectSetRebarLayoutBuilder.cls","695","If Abs(layout.X(i) - xCoord) <= GEOM_TOLERANCE And Abs(layout.Y(i) - yCoord) <= GEOM_TOLERANCE Then","Pending","",""
"src/Section/CRoundedRectAnnotationBuilder.cls","53","For i = LBound(px) To UBound(px)","Pending","",""
"src/Section/CRoundedRectAnnotationBuilder.cls","54","If i = UBound(px) Then","Pending","",""
"src/Section/CRoundedRectAnnotationBuilder.cls","55","nextIndex = LBound(px)","Pending","",""
"src/Section/CRoundedRectAnnotationBuilder.cls","110","If StrComp(rounded.LeftType, ""Tapered"", vbTextCompare) = 0 And actualLeftW > GEOM_TOLERANCE Then","Pending","",""
"src/Section/CRoundedRectAnnotationBuilder.cls","117","If StrComp(rounded.RightType, ""Tapered"", vbTextCompare) = 0 And actualRightW > GEOM_TOLERANCE Then","Pending","",""
"src/Section/CRoundedRectRebarLayoutBuilder.cls","104","If Len(rawValue) = 0 Or UCase$(rawValue) = ""TODO"" Then","Pending","",""
"src/Section/CRoundedRectRebarLayoutBuilder.cls","127","If barCount = 0 Or diameter = 0# Then Exit Sub","Pending","",""
"src/Section/CRoundedRectRebarLayoutBuilder.cls","185","If barCount = 0 Or diameter = 0# Then Exit Sub","Pending","",""
"src/Section/CRoundedRectRebarLayoutBuilder.cls","265","If row2Diameter > 0# And ShouldAddAdditionalRow(baseBarOrdinal, FaceRow2Binding(settings)) Then","Pending","",""
"src/Section/CRoundedRectRebarLayoutBuilder.cls","272","If row3Diameter > 0# And ShouldAddAdditionalRow(baseBarOrdinal, FaceRow3Binding(settings)) Then","Pending","",""
"src/Section/CRoundedRectRebarLayoutBuilder.cls","275","If row2Diameter > 0# And StrComp(FaceRow2Location(settings), FaceRow3Location(settings), vbTextCompare) = 0 Then skippedDiameter = row2Diameter","Pending","",""
"src/Section/CRoundedRectRebarLayoutBuilder.cls","338","If barCount = 0 Or diameter = 0# Then Exit Sub","Pending","",""
"src/Section/CRoundedRectRebarLayoutBuilder.cls","340","If row2Diameter < 0# Or row3Diameter < 0# Then Err.Raise vbObjectError + 3233, ""CRoundedRectRebarLayoutBuilder"", RoundedFaceDisplayName(faceName) & "": диаметры дополнительных рядов d2 и d3 должны быть неотрицательными.""","Pending","",""
"src/Section/CRoundedRectRebarLayoutBuilder.cls","341","If row2Diameter > 0# And Not IsSupportedRowLocation(row2Location) Then Err.Raise vbObjectError + 3234, ""CRoundedRectRebarLayoutBuilder"", RoundedFaceDisplayName(faceName) & "": положение второго ряда должно быть SideBySide или Stacked.""","Pending","",""
"src/Section/CRoundedRectRebarLayoutBuilder.cls","342","If row3Diameter > 0# And Not IsSupportedRowLocation(row3Location) Then Err.Raise vbObjectError + 3235, ""CRoundedRectRebarLayoutBuilder"", RoundedFaceDisplayName(faceName) & "": положение третьего ряда должно быть SideBySide или Stacked.""","Pending","",""
"src/Section/CRoundedRectRebarLayoutBuilder.cls","343","If row2Diameter > 0# And Not IsSupportedRowBinding(row2Binding) Then Err.Raise vbObjectError + 3236, ""CRoundedRectRebarLayoutBuilder"", RoundedFaceDisplayName(faceName) & "": привязка второго ряда должна быть EachBar или EverySecondBar.""","Pending","",""
"src/Section/CRoundedRectRebarLayoutBuilder.cls","344","If row3Diameter > 0# And Not IsSupportedRowBinding(row3Binding) Then Err.Raise vbObjectError + 3237, ""CRoundedRectRebarLayoutBuilder"", RoundedFaceDisplayName(faceName) & "": привязка третьего ряда должна быть EachBar или EverySecondBar.""","Pending","",""
"src/Section/CRoundedRectRebarLayoutBuilder.cls","349","IsSupportedRowLocation = (StrComp(value, ""SideBySide"", vbTextCompare) = 0 Or StrComp(value, ""Stacked"", vbTextCompare) = 0)","Pending","",""
"src/Section/CRoundedRectRebarLayoutBuilder.cls","354","IsSupportedRowBinding = (StrComp(value, ""EachBar"", vbTextCompare) = 0 Or StrComp(value, ""EverySecondBar"", vbTextCompare) = 0)","Pending","",""
"src/Section/CRoundedRectRebarLayoutBuilder.cls","362","For i = LBound(px) To UBound(px) - 1","Pending","",""
"src/Section/CRoundedRectRebarLayoutBuilder.cls","374","For i = LBound(px) To UBound(px) - 1","Pending","",""
"src/Section/CRoundedRectRebarLayoutBuilder.cls","392","xCoord = px(UBound(px))","Pending","",""
"src/Section/CRoundedRectRebarLayoutBuilder.cls","393","yCoord = py(UBound(py))","Pending","",""
"src/Section/CRoundedRectRebarLayoutBuilder.cls","413","If Abs(layout.X(i) - xCoord) <= GEOM_TOLERANCE And Abs(layout.Y(i) - yCoord) <= GEOM_TOLERANCE Then","Pending","",""
"src/Section/CRoundedRectRebarLayoutBuilder.cls","422","FaceAs = CDbl(settings(LBound(settings)))","Pending","",""
"src/Section/CRoundedRectRebarLayoutBuilder.cls","427","FaceDiameter = CDbl(settings(LBound(settings) + 1))","Pending","",""
"src/Section/CRoundedRectRebarLayoutBuilder.cls","432","FaceCount = CLng(settings(LBound(settings) + 2))","Pending","",""
"src/Section/CRoundedRectRebarLayoutBuilder.cls","437","FaceRow2Diameter = CDbl(settings(LBound(settings) + 3))","Pending","",""
"src/Section/CRoundedRectRebarLayoutBuilder.cls","442","FaceRow3Diameter = CDbl(settings(LBound(settings) + 4))","Pending","",""
"src/Section/CRoundedRectRebarLayoutBuilder.cls","447","FaceRow2Location = CStr(settings(LBound(settings) + 5))","Pending","",""
"src/Section/CRoundedRectRebarLayoutBuilder.cls","452","FaceRow3Location = CStr(settings(LBound(settings) + 6))","Pending","",""
"src/Section/CRoundedRectRebarLayoutBuilder.cls","457","FaceRow2Binding = CStr(settings(LBound(settings) + 7))","Pending","",""
"src/Section/CRoundedRectRebarLayoutBuilder.cls","462","FaceRow3Binding = CStr(settings(LBound(settings) + 8))","Pending","",""
"src/Section/CSectionAnnotations.cls","191","If index < 1 Or index > mCount Then Err.Raise vbObjectError + 5282, ""CSectionAnnotations"", ""Индекс аннотации вне допустимого диапазона.""","Pending","",""
"src/Section/CSectionModel.cls","197","If IsConcreteEquivalentAreaFallback(i) And Abs(mConcreteRotation(i)) <= GEOM_TOLERANCE Then","Pending","",""
"src/Section/CSectionModel.cls","231","If count > 0 And (Abs(sumCos) > GEOM_TOLERANCE Or Abs(sumSin) > GEOM_TOLERANCE) Then","Pending","",""
"src/Section/CSectionModel.cls","242","If widthValue <= GEOM_TOLERANCE Or heightValue <= GEOM_TOLERANCE Then Exit Function","Pending","",""
"src/Section/CSectionModel.cls","267","ConcreteBoundaryRectangle = (widthValue > GEOM_TOLERANCE And heightValue > GEOM_TOLERANCE)","Pending","",""
"src/Section/CSectionModel.cls","392","If index < 1 Or index > mConcreteCount Then Exit Sub","Pending","",""
"src/Section/CSectionModel.cls","422","If i1 <= GEOM_TOLERANCE Or i2 <= GEOM_TOLERANCE Then Exit Function","Pending","",""
"src/Section/CSectionModel.cls","429","If rectangleWidth > GEOM_TOLERANCE And rectangleHeight > GEOM_TOLERANCE Then","Pending","",""
"src/Section/CSectionModel.cls","445","TryInterpretAnisotropicBoundary = (widthValue > GEOM_TOLERANCE And heightValue > GEOM_TOLERANCE)","Pending","",""
"src/Section/CSectionModel.cls","472","StrComp(Trim$(mConcreteShapeType(index)), ""Rectangle"", vbTextCompare) = 0 And _","Pending","",""
"src/Section/CSectionModel.cls","473","mConcreteWidth(index) > GEOM_TOLERANCE And _","Pending","",""
"src/Section/CSectionModel.cls","474","mConcreteHeight(index) > GEOM_TOLERANCE And _","Pending","",""
"src/Section/CSectionModel.cls","475","mConcreteArea(index) > GEOM_TOLERANCE And _","Pending","",""
"src/Section/CSectionModel.cls","526","If localIx <= GEOM_TOLERANCE Or localIy <= GEOM_TOLERANCE Then Exit Function","Pending","",""
"src/Section/CSectionModel.cls","539","Abs(localIx - localIy) / scaleValue <= LOCAL_INERTIA_SQUARE_REL_TOLERANCE And _","Pending","",""
"src/Section/CSectionModel.cls","794","If index < 1 Or index > mConcreteCount Then Err.Raise vbObjectError + 5220, ""CSectionModel"", ""Индекс бетонного элемента вне допустимого диапазона.""","Pending","",""
"src/Section/CSectionModel.cls","799","If index < 1 Or index > mRebarCount Then Err.Raise vbObjectError + 5221, ""CSectionModel"", ""Индекс арматурного элемента вне допустимого диапазона.""","Pending","",""
"src/Section/CSectionPropertiesCalculator.cls","199","If includeRebar And section.RebarCount > 0 Then","Pending","",""
"src/Section/CSectionPropertiesCalculator.cls","265","If intervalStart(i) <= PROJECTION_INTERVAL_TOLERANCE And _","Pending","",""
"src/Section/CSectionPropertiesCalculator.cls","267","If Not hasSeed Or intervalEnd(i) > currentEnd Then currentEnd = intervalEnd(i)","Pending","",""
"src/Section/CSectionPropertiesCalculator.cls","284","If intervalStart(i) <= currentEnd + PROJECTION_INTERVAL_TOLERANCE And _","Pending","",""
"src/Section/CSectionPropertiesCalculator.cls","511","If Abs(axisX) <= 0# And Abs(axisY) <= 0# Then Err.Raise vbObjectError + 2225, _","Pending","",""
"src/Section/CSectionPropertiesCalculator.cls","522","If includeRebar And section.RebarCount > 0 Then","Pending","",""
"src/Section/CSectionPropertiesCalculator.cls","670","If Abs(mIxyc) / inertiaRef <= PRINCIPAL_AXIS_ISOTROPIC_RELATIVE_TOLERANCE And _","Pending","",""
"src/Solver/CCapacityCalculator.cls","258","momentFilter, concreteDepthForMx) And _","Pending","",""
"src/Solver/CCapacityCalculator.cls","286","cap.ConcreteTensionLimitEnabled = (concreteMaterial.HasPhysicalTensionLimit And _","Pending","",""
"src/Solver/CCapacityLimitSearchProblem.cls","121","If request.PureAxialForMethod And lambdaValue > 0# Then","Pending","",""
"src/Solver/CCapacityLimitSearchProblem.cls","244","If Not request.ForceOnly And Not request.PureAxialForMethod Then Exit Sub","Pending","",""
"src/Solver/CCapacityLimitSearchProblem.cls","278","ElseIf mCapacity.LimitSearchInitialLambdaRejected And _","Pending","",""
"src/Solver/CCapacityLimitSearchProblem.cls","300","hasPoint = mCapacity.Converged And mCapacity.LambdaUltimate > 0#","Pending","",""
"src/Solver/CCapacityLimitSearchProblem.cls","310","If hasPoint And Not materialSpec Is Nothing Then","Pending","",""
"src/Solver/CCapacityLimitSearchProblem.cls","437","ILimitSearchProblem_StoppedTerminally = mCapacity.Converged Or mCapacity.LimitSearchHasTerminalFailure","Pending","",""
"src/Solver/CCapacityResult.cls","80","If searchResult.Succeeded And searchResult.Converged Then","Pending","",""
"src/Solver/CCapacityResult.cls","81","If searchResult.LambdaUltimate > 0# And searchResult.LambdaUltimate < 1# Then","Pending","",""
"src/Solver/CCapacityResult.cls","285","ElseIf StrComp(solutionStrategy, ""UltimateStrain"", vbTextCompare) = 0 And _","Pending","",""
"src/Solver/CCapacitySolver.cls","206","If allowPureAxialRedirect And IsPureAxialLoadPath(nOffset, nBase, mxOffset, mxBase, myOffset, myBase) Then","Pending","",""
"src/Solver/CCapacitySolver.cls","261","If mConverged Or LimitSearchHasTerminalFailure Then Exit Sub","Pending","",""
"src/Solver/CCapacitySolver.cls","293","IsPureAxialLoadPath = Abs(nBase) > 0.000000001 And _","Pending","",""
"src/Solver/CCapacitySolver.cls","294","Abs(nOffset) <= 0.000000001 And _","Pending","",""
"src/Solver/CCapacitySolver.cls","295","Abs(mxOffset) <= 0.000000001 And Abs(mxBase) <= 0.000000001 And _","Pending","",""
"src/Solver/CCapacitySolver.cls","296","Abs(myOffset) <= 0.000000001 And Abs(myBase) <= 0.000000001","Pending","",""
"src/Solver/CCapacitySolver.cls","304","IsMomentOnlyLoadPath = Abs(nBase) <= 0.000000001 And _","Pending","",""
"src/Solver/CCapacitySolver.cls","337","If boundaryLambda <= 0# Or boundaryLambda > mMaxLambda Then Exit Sub","Pending","",""
"src/Solver/CCapacitySolver.cls","359","If section.RebarCount > 0 And Abs(edgeStrain - anchorStrain) > 0.000000000001 Then","Pending","",""
"src/Solver/CCapacitySolver.cls","492","If maxAbsY > 0# And baseNorm > 0# Then kx = Sgn(mxBase) * strainLimit / maxAbsY * Abs(mxBase) / baseNorm","Pending","",""
"src/Solver/CCapacitySolver.cls","493","If maxAbsX > 0# And baseNorm > 0# Then ky = Sgn(myBase) * strainLimit / maxAbsX * Abs(myBase) / baseNorm","Pending","",""
"src/Solver/CCapacitySolver.cls","494","If Abs(kx) <= 0.000000000001 And Abs(ky) <= 0.000000000001 Then kx = strainLimit / MaxDouble(maxAbsY, 1#)","Pending","",""
"src/Solver/CCapacitySolver.cls","888","LimitSearchUltimateResidualReached = (Abs(rPath1) <= 1# And _","Pending","",""
"src/Solver/CCapacitySolver.cls","889","Abs(rPath2) <= MOMENT_DIRECTION_TOLERANCE And _","Pending","",""
"src/Solver/CCapacitySolver.cls","892","LimitSearchUltimateResidualReached = (Abs(rPath1) <= 1# And _","Pending","",""
"src/Solver/CCapacitySolver.cls","893","Abs(rPath2) <= 1# And Abs(rLimit) <= UltimateStrainRatioTolerance())","Pending","",""
"src/Solver/CCapacitySolver.cls","1163","ElseIf Abs(nBase) <= 0.000000001 And Abs(mxBase) <= 0.000000001 And Abs(myBase) <= 0.000000001 Then","Pending","",""
"src/Solver/CCapacitySolver.cls","1200","ElseIf StrComp(Trim$(mSolverMethod), ""Newton"", vbTextCompare) <> 0 And _","Pending","",""
"src/Solver/CCapacitySolver.cls","1203","ElseIf mInitialLambdaStep <= 0# Or mLambdaTolerance <= 0# Or mMaxLambda <= 0# Or _","Pending","",""
"src/Solver/CCapacitySolver.cls","1204","mMaxRetries < 0 Or mSolverBaseLoadSteps <= 0 Then","Pending","",""
"src/Solver/CCapacitySolver.cls","1391","IsPureBendingProbe = (Abs(nSpecified) <= 0.000000001 And _","Pending","",""
"src/Solver/CCapacitySolver.cls","1399","IsZeroLoadProbe = (Abs(nSpecified) <= 0.000000001 And _","Pending","",""
"src/Solver/CCapacitySolver.cls","1400","Abs(mx) <= 0.000000001 And Abs(my) <= 0.000000001)","Pending","",""
"src/Solver/CCapacitySolver.cls","1491","If mProbeCacheNextSlot < 1 Or mProbeCacheNextSlot > PROBE_CACHE_SIZE Then mProbeCacheNextSlot = 1","Pending","",""
"src/Solver/CCapacitySolver.cls","1540","If strain < 0# And mConcreteCompressionLimit < 0# Then","Pending","",""
"src/Solver/CCapacitySolver.cls","1543","ElseIf strain > 0# And mConcreteTensionLimitEnabled And mConcreteTensionLimit > 0# Then","Pending","",""
"src/Solver/CCapacitySolver.cls","1643","IsPhysicalLimit = (state = STATE_CONCRETE_LIMIT Or state = STATE_CONCRETE_TENSION_LIMIT Or _","Pending","",""
"src/Solver/CCapacitySolver.cls","1650","IsNumericalFailure = (state = STATE_NUMERICAL_FAILURE Or state = STATE_SINGULAR_TANGENT)","Pending","",""
"src/Solver/CCapacitySolver.cls","1772","LimitSearchHasTerminalFailure = (mFailureCode = sfcInvalidInput Or _","Pending","",""
"src/Solver/CCapacitySolver.cls","1773","mFailureCode = sfcInvalidConfiguration Or mFailureCode = sfcInternalError)","Pending","",""
"src/Solver/CCapacitySolver.cls","1810","If mConverged And Len(Trim$(successMessage)) > 0 Then _","Pending","",""
"src/Solver/CLimitSearchCoordinator.cls","168","If Not secondResult.Succeeded And Len(request.Problem.StopReason) = 0 Then _","Pending","",""
"src/Solver/CLimitSearchResult.cls","133","Succeeded = (mMeta.InternalStatus = rsSuccess Or mMeta.InternalStatus = rsSuccessWithWarning)","Pending","",""
"src/Solver/CLoadMultiplierSearch.cls","89","If Not IsFiniteNumber(request.Problem.InitialLambdaStep) Or _","Pending","",""
"src/Solver/CLoadMultiplierSearch.cls","90","Not IsFiniteNumber(request.Problem.MaxLambda) Or _","Pending","",""
"src/Solver/CLoadMultiplierSearch.cls","93","ElseIf request.Problem.InitialLambdaStep <= 0# Or request.Problem.MaxLambda <= 0# Or _","Pending","",""
"src/Solver/CLoadMultiplierSearch.cls","114","If Not evaluated Or request.Problem.IsNumericalFailureState(probeState) Then","Pending","",""
"src/Solver/CLoadMultiplierSearch.cls","117","If Not IsFiniteNumber(reducedLambda) Or reducedLambda <= lowLambda Or reducedLambda >= highLambda Then","Pending","",""
"src/Solver/CLoadMultiplierSearch.cls","192","If maxIterations > 0 And iterations >= maxIterations Then Exit Do","Pending","",""
"src/Solver/CLoadMultiplierSearch.cls","201","If midLambda <= lowLambda Or midLambda >= highLambda Then","Pending","",""
"src/Solver/CLoadMultiplierSearch.cls","253","If fb = 0# And IsLimitState(request, stateB) Then","Pending","",""
"src/Solver/CLoadMultiplierSearch.cls","257","If fa >= 0# Or fb <= 0# Then","Pending","",""
"src/Solver/CLoadMultiplierSearch.cls","287","If fb = 0# Or Abs(c - b) <= tolerance Then","Pending","",""
"src/Solver/CLoadMultiplierSearch.cls","292","If Abs(e) >= tol And Abs(fa) > Abs(fb) Then","Pending","",""
"src/Solver/CLoadMultiplierSearch.cls","330","If fa = 0# Or fc = 0# Then Exit Function","Pending","",""
"src/Solver/CLoadMultiplierSearch.cls","362","If candidate > MinDouble(current, opposite) And candidate < MaxDouble(current, opposite) Then","Pending","",""
"src/Solver/CLoadMultiplierSearch.cls","369","TryBrentCandidate = candidate > MinDouble(current, opposite) And candidate < MaxDouble(current, opposite)","Pending","",""
"src/Solver/CLoadMultiplierSearch.cls","393","If Abs(f1) <= tolerance And CanFinalizeSecantProbe(request, state1, solver1) Then","Pending","",""
"src/Solver/CLoadMultiplierSearch.cls","397","If f0 >= 0# Or f1 <= 0# Then","Pending","",""
"src/Solver/CLoadMultiplierSearch.cls","408","If Abs(f1) <= tolerance And CanFinalizeSecantProbe(request, state1, solver1) Then","Pending","",""
"src/Solver/CLoadMultiplierSearch.cls","419","If x2 <= bracketLow Or x2 >= bracketHigh Or Not IsFiniteNumber(x2) Then","Pending","",""
"src/Solver/CLoadMultiplierSearch.cls","428","If Abs(f2) <= tolerance And CanFinalizeSecantProbe(request, state2, solver2) Then","Pending","",""
"src/Solver/CLoadMultiplierSearch.cls","613","If rawCandidate > bracketLow And rawCandidate < bracketHigh Then Exit Function","Pending","",""
"src/Solver/CLoadMultiplierSearch.cls","616","If currentLambda > bracketLow And currentLambda < bracketHigh Then","Pending","",""
"src/Solver/CLoadMultiplierSearch.cls","622","If currentLambda > bracketLow And currentLambda < bracketHigh Then","Pending","",""
"src/Solver/CLoadMultiplierSearch.cls","670","If value <> 0# And (Abs(value) < 0.000000001 Or Abs(value) > 1000000000000#) Then","Pending","",""
"src/Solver/CSectionSolver.cls","414","If Not IsFiniteNumber(mLastStepNorm) Or mLastStepNorm <= mSecantMinStepNorm Then","Pending","",""
"src/Solver/CSectionSolver.cls","562","SolveSecantCorrection = IsFiniteNumber(deltaEps) And IsFiniteNumber(deltaKx) And IsFiniteNumber(deltaKy)","Pending","",""
"src/Solver/CSectionSolver.cls","672","If Abs(b(i, j)) > 0# And Abs(b(i, j)) < minAbs Then minAbs = Abs(b(i, j))","Pending","",""
"src/Solver/CSectionSolver.cls","675","If maxAbs <= 0# Or minAbs >= 1E+99 Then","Pending","",""
"src/Solver/CSectionSolver.cls","705","If trialEps = mEpsilon0 And trialKx = mKappaX And trialKy = mKappaY Then","Pending","",""
"src/Solver/CSectionSolver.cls","717","If (Not mLineSearchEnabled) Or trialNorm <= baseNorm Or baseNorm <= 0.000000000001 Then","Pending","",""
"src/Solver/CSectionSolver.cls","728","If nextAlpha <= 0# Or nextAlpha >= alpha Then","Pending","",""
"src/Solver/CSectionSolver.cls","744","If mMaxDeltaEpsilon0 > 0# And Abs(deltaEps) > mMaxDeltaEpsilon0 Then","Pending","",""
"src/Solver/CSectionSolver.cls","747","If mMaxDeltaKappa > 0# And Abs(deltaKx) > mMaxDeltaKappa Then","Pending","",""
"src/Solver/CSectionSolver.cls","750","If mMaxDeltaKappa > 0# And Abs(deltaKy) > mMaxDeltaKappa Then","Pending","",""
"src/Solver/CSectionSolver.cls","838","If stress < 0# And Abs(stress) > mMaxConcreteCompressionStress Then","Pending","",""
"src/Solver/CSectionSolver.cls","941","IsConverged = Abs(mResidualN) <= mToleranceN And _","Pending","",""
"src/Solver/CSectionSolver.cls","942","Abs(mResidualMx) <= mToleranceMx And _","Pending","",""
"src/Solver/CSectionSolver.cls","1014","ElseIf mToleranceN <= 0# Or mToleranceMx <= 0# Or mToleranceMy <= 0# Then","Pending","",""
"src/Solver/CSectionSolver.cls","1016","ElseIf Not IsFiniteNumber(mDampingInitial) Or mDampingInitial <= 0# Or mDampingInitial > 1# Then","Pending","",""
"src/Solver/CSectionSolver.cls","1018","ElseIf Not IsFiniteNumber(mMinLineSearchAlpha) Or mMinLineSearchAlpha <= 0# Or _","Pending","",""
"src/Solver/CSectionSolver.cls","1021","ElseIf Not IsFiniteNumber(mMaxDeltaEpsilon0) Or Not IsFiniteNumber(mMaxDeltaKappa) Or _","Pending","",""
"src/Solver/CSectionSolver.cls","1022","mMaxDeltaEpsilon0 < 0# Or mMaxDeltaKappa < 0# Then","Pending","",""
"src/Solver/CSectionSolver.cls","1132","IsFiniteNumber = (value = value And Abs(value) < 1E+100)","Pending","",""
"src/Solver/CStateGuessBuilder.cls","176","If targetN <= 0# Or section.ConcreteCount <= 0 Then Exit Function","Pending","",""
"src/Solver/CStateGuessBuilder.cls","291","If requireStable And Not stable Then Exit Function","Pending","",""
"src/Solver/CStateGuessBuilder.cls","451","If targetN > 0# And steelMaterial.HasTensionExtension And _","Pending","",""
"src/Solver/CStateGuessBuilder.cls","454","ElseIf targetN < 0# And concreteMaterial.HasCompressionExtension And _","Pending","",""
"src/Solver/CStateGuessBuilder.cls","457","ElseIf targetN < 0# And steelMaterial.HasCompressionExtension And _","Pending","",""
"src/Solver/CStateGuessBuilder.cls","487","If targetN > 0# And steelMaterial.HasTensionExtension Then","Pending","",""
"src/Solver/CStateGuessBuilder.cls","490","ElseIf targetN < 0# And concreteMaterial.HasCompressionExtension Then","Pending","",""
"src/Solver/CStateGuessBuilder.cls","568","If stress >= stress1 And stress <= stress2 Then","Pending","",""
"src/Solver/CStateGuessBuilder.cls","799","If steelMaterial.HasTensionExtension And _","Pending","",""
"src/Solver/CStateGuessBuilder.cls","804","If steelMaterial.HasCompressionExtension And _","Pending","",""
"src/Solver/CStateGuessBuilder.cls","809","If concreteMaterial.HasCompressionExtension And _","Pending","",""
"src/Solver/CStateGuessBuilder.cls","818","If physicalLimit <= 0# Or currentStrain <= STATE_NEAR_ZERO Then Exit Function","Pending","",""
"src/Solver/CStateGuessBuilder.cls","826","If physicalLimit >= 0# Or currentStrain >= -STATE_NEAR_ZERO Then Exit Function","Pending","",""
"src/Solver/CStateGuessBuilder.cls","842","ExtensionPlaneClose = Abs(newEps0 - oldEps0) <= ACTIVE_SET_EPSILON_TOLERANCE And _","Pending","",""
"src/Solver/CStateGuessBuilder.cls","843","Abs(newKx - oldKx) <= ACTIVE_SET_KAPPA_TOLERANCE And _","Pending","",""
"src/Solver/CStateSolutionRunner.cls","154","If CanRetrySolver(service) And allowExtensionWarmStart Then","Pending","",""
"src/Solver/CStateSolutionRunner.cls","208","If CanRetrySolver(service) And allowExtensionWarmStart Then","Pending","",""
"src/Solver/CStateSolutionRunner.cls","271","If CanRetrySolver(service) And allowExtensionWarmStart Then","Pending","",""
"src/Solver/CStateSolutionRunner.cls","504","(mLineSearchEnabled And Not disableLineSearch), mDampingInitial, mMinLineSearchAlpha, _","Pending","",""
"src/Solver/CStateSolutionRunner.cls","547","If Not RetryResidualIsComparable(candidate.ResidualN) Or Not RetryResidualIsComparable(candidate.ResidualMx) Or _","Pending","",""
"src/Solver/CStateSolutionRunner.cls","549","If Not RetryResidualIsComparable(previous.ResidualN) Or Not RetryResidualIsComparable(previous.ResidualMx) Or _","Pending","",""
"src/Solver/CStateSolutionRunner.cls","554","FailedRetryImprovesAllResiduals = Abs(candidate.ResidualN) < Abs(previous.ResidualN) Or _","Pending","",""
"src/Solver/CStateSolutionRunner.cls","555","Abs(candidate.ResidualMx) < Abs(previous.ResidualMx) Or Abs(candidate.ResidualMy) < Abs(previous.ResidualMy)","Pending","",""
"src/Solver/CStateSolutionRunner.cls","561","RetryResidualIsComparable = (value = value And Abs(value) < 1E+100)","Pending","",""
"src/Solver/CStateSolutionRunner.cls","569","If Not section Is mRetryContextSection Or Not concreteMaterial Is mRetryContextConcrete Or _","Pending","",""
"src/Solver/CStateSolutionRunner.cls","588","For index = LBound(attemptKey) To UBound(attemptKey)","Pending","",""
"src/Solver/CStateSolutionRunner.cls","606","If retry.FailureCode <> sfcNumericalFailure And retry.FailureCode <> sfcSingularTangent Then Exit Sub","Pending","",""
"src/Solver/CStateSolutionRunner.cls","692","MaterialsHaveExtension = concreteDiagram.HasCompressionExtension Or concreteDiagram.HasTensionExtension","Pending","",""
"src/Solver/CStateSolutionRunner.cls","696","MaterialsHaveExtension = MaterialsHaveExtension Or _","Pending","",""
"src/Solver/CStateSolutionRunner.cls","697","steelDiagram.HasCompressionExtension Or steelDiagram.HasTensionExtension","Pending","",""
"src/Solver/CStateSolutionRunner.cls","707","If concreteMaterial Is Nothing Or steelMaterial Is Nothing Then Exit Function","Pending","",""
"src/Solver/CUltimateStrainSearch.cls","38","If request.ForceOnly And _","Pending","",""
"src/Solver/CUltimateStrainSearch.cls","39","StrComp(request.SolutionStrategy, ""UltimateStrain"", vbTextCompare) = 0 And _","Pending","",""
"src/Solver/CUltimateStrainSearch.cls","40","Not request.Problem.Converged And _","Pending","",""
"src/Solver/CUltimateStrainSearch.cls","136","If Not IsFiniteNumber(eps0) Or Not IsFiniteNumber(kx) Or Not IsFiniteNumber(ky) Then","Pending","",""
"src/Solver/CUltimateStrainSearch.cls","186","ElseIf Not IsFiniteNumber(damping) Or damping <= 0# Or damping > 1# Then","Pending","",""
"src/Solver/CUltimateStrainSearch.cls","188","ElseIf Not IsFiniteNumber(minAlpha) Or minAlpha <= 0# Or minAlpha > damping Then","Pending","",""
"src/Solver/CUltimateStrainSearch.cls","190","ElseIf Not IsFiniteNumber(maxDeltaEps) Or Not IsFiniteNumber(maxDeltaKappa) Or _","Pending","",""
"src/Solver/CUltimateStrainSearch.cls","191","maxDeltaEps < 0# Or maxDeltaKappa < 0# Then","Pending","",""
"src/Solver/CUltimateStrainSearch.cls","224","If eps0 + hEps = eps0 Or kx + hKx = kx Or ky + hKy = ky Then","Pending","",""
"src/Solver/CUltimateStrainSearch.cls","275","If trialEps = eps0 And trialKx = kx And trialKy = ky Then","Pending","",""
"src/Solver/CUltimateStrainSearch.cls","289","If context.LimitSearchUltimateResidualReached(trialR1, trialR2, trialRLimit) Or _","Pending","",""
"src/Solver/CUltimateStrainSearch.cls","290","(Not context.LimitSearchUltimateLineSearchEnabled) Or _","Pending","",""
"src/Solver/CUltimateStrainSearch.cls","302","If nextAlpha <= 0# Or nextAlpha >= alpha Then","Pending","",""
"src/Solver/CUltimateStrainSearch.cls","340","If context.LimitSearchUltimateMaxDeltaEpsilon0 > 0# And _","Pending","",""
"src/Solver/CUltimateStrainSearch.cls","344","If context.LimitSearchUltimateMaxDeltaKappa > 0# And _","Pending","",""
"src/Solver/CUltimateStrainSearch.cls","348","If context.LimitSearchUltimateMaxDeltaKappa > 0# And _","Pending","",""
"src/Stability/CStabilityCalculator.cls","196","If mu1 <= 0# Or mu2 <= 0# Then RaiseInput ""Stability.Mu1 и Stability.Mu2 должны быть положительными при включенном расчете устойчивости.""","Pending","",""
"src/Stability/CStabilityCalculator.cls","197","If mCode <> CODE_SP63 And mCode <> CODE_SP35 Then RaiseInput ""Stability.Code должен быть SP63 или SP35.""","Pending","",""
"src/Stability/CStabilityCalculator.cls","212","If ebForGeometry <= 0# Or esForGeometry <= 0# Then RaiseInput ""Для расчета устойчивости нужны положительные Eb и Es.""","Pending","",""
"src/Stability/CStabilityCalculator.cls","245","If Err.Number <> 0 And Err.Number <> vbObjectError + 7600 Then mInternalError = True","Pending","",""
"src/Stability/CStabilityCalculator.cls","358","hasMomentVector = (Abs(plane1.Moment) > SMALL_VALUE Or Abs(plane2.Moment) > SMALL_VALUE)","Pending","",""
"src/Stability/CStabilityCalculator.cls","362","(applyBothPlanes Or Not hasMomentVector Or Abs(plane1.Moment) > SMALL_VALUE)","Pending","",""
"src/Stability/CStabilityCalculator.cls","365","(applyBothPlanes Or Not hasMomentVector Or Abs(plane2.Moment) > SMALL_VALUE)","Pending","",""
"src/Stability/CStabilityCalculator.cls","386","If Abs(plane.Moment) <= SMALL_VALUE And Not allowZeroMomentAccidental Then","Pending","",""
"src/Stability/CStabilityCalculator.cls","491","If eb <= 0# Or es <= 0# Then RaiseInput ""Для расчета устойчивости СП 63 нужны положительные Eb и Es.""","Pending","",""
"src/Stability/CStabilityCalculator.cls","493","If deltaEMin < 0# Or deltaEMax < 0# Then RaiseInput ""Stability.SP63.DeltaEMin/DeltaEMax не должны быть отрицательными.""","Pending","",""
"src/Stability/CStabilityCalculator.cls","494","If deltaEMin > 0# And deltaEMax > 0# And deltaEMin > deltaEMax Then _","Pending","",""
"src/Stability/CStabilityCalculator.cls","536","plane.CheckPassed = (plane.ReserveFactor > 1# And plane.Eta > 0#)","Pending","",""
"src/Stability/CStabilityCalculator.cls","559","If eb <= 0# Or es <= 0# Or rb <= 0# Or rsc <= 0# Then RaiseInput ""Для расчета устойчивости СП 35 нужны положительные Eb, Es, Rb и Rsc.""","Pending","",""
"src/Stability/CStabilityCalculator.cls","579","If Len(branch1) = 0 And Len(branch2) = 0 Then","Pending","",""
"src/Stability/CStabilityCalculator.cls","597","If plane.EffectiveLength > 0# And plane.InertiaConcrete > 0# And _","Pending","",""
"src/Stability/CStabilityCalculator.cls","598","plane.Depth > 0# And plane.Radius > 0# Then Exit Sub","Pending","",""
"src/Stability/CStabilityCalculator.cls","724","plane.CheckPassed = (plane.ReserveFactor + PASS_TOLERANCE >= 1# And plane.Eta > 0#)","Pending","",""
"src/Stability/CStabilityCalculator.cls","779","If Abs(totalMoment) > SMALL_VALUE And Abs(sustainedMoment) > SMALL_VALUE Then","Pending","",""
"src/Stability/CStabilityCalculator.cls","780","If Sgn(totalMoment) <> Sgn(sustainedMoment) And depthValue > SMALL_VALUE Then","Pending","",""
"src/Stability/CStabilityCalculator.cls","797","mApplicable = (plane1.Applicable Or plane2.Applicable)","Pending","",""
"src/Stability/CStabilityCalculator.cls","858","mCheckPassed = PlanePassedOrInactive(plane1) And PlanePassedOrInactive(plane2)","Pending","",""
"src/Stability/CStabilityCalculator.cls","966","If criticalForce > 0# And nCompression > SMALL_FORCE Then ReserveByCriticalForce = criticalForce / nCompression","Pending","",""
"src/Stability/CStabilityCalculator.cls","999","rowCount = UBound(table721, 1)","Pending","",""
"src/Stability/CStabilityCalculator.cls","1000","columnCount = UBound(table721, 2)","Pending","",""
"src/Stability/CStabilityCalculator.cls","1001","If rowCount < 2 Or columnCount < 8 Then GoTo InvalidTable","Pending","",""
"src/Stability/CStabilityCalculator.cls","1063","If q >= qValues(i) And q <= qValues(i + 1) Then","Pending","",""
"src/Stability/CStabilityCalculator.cls","1075","If firstValue > 0# And secondValue > 0# Then","Pending","",""
"src/Stability/CStabilityCalculator.cls","1087","PlanePassedOrInactive = (Not plane.Applicable Or plane.CheckPassed)","Pending","",""
"src/Stability/CStabilityResult.cls","257","If Len(Trim$(mBranch)) > 0 And Len(Trim$(mMeta.ResultComment)) = 0 Then _","Pending","",""
"src/Stability/CStabilityResult.cls","314","If mPlaneApplicable1 And mReserve1 > 0# Then SummaryReserve = mReserve1","Pending","",""
"src/Stability/CStabilityResult.cls","315","If mPlaneApplicable2 And mReserve2 > 0# Then","Pending","",""
"src/Stability/CStabilityResult.cls","316","If SummaryReserve <= 0# Or mReserve2 < SummaryReserve Then SummaryReserve = mReserve2","Pending","",""
"src/Stability/CStabilityResult.cls","318","If SummaryReserve <= 0# And mReserveFactor > 0# Then SummaryReserve = mReserveFactor","Pending","",""
"tests/CTestLimitSearchProblem.cls","273","Abs(rPath1) <= mTolerance And Abs(rPath2) <= mTolerance And Abs(rLimit) <= mTolerance","Pending","",""
"tests/CTestLimitSearchProblem.cls","355","If mFailureAbove > 0# And lambdaValue > mFailureAbove Then","Pending","",""
"tests/CTestLimitSearchProblem.cls","517","ILimitSearchProblem_StoppedTerminally = (mFailureCode = sfcInvalidConfiguration Or _","Pending","",""
"tests/CTestLimitSearchProblem.cls","518","mFailureCode = sfcInvalidInput Or mFailureCode = sfcInternalError)","Pending","",""
"tests/CTestLimitSearchProblem.cls","562","If failureCode = sfcInvalidConfiguration Or failureCode = sfcInvalidInput Then mLimitState = PROBE_INPUTERR","Pending","",""
"tests/modTestBatchCalculation.bas","394","AssertTrue stats, ""batch.five.governing.index"", batch.GoverningCombinationIndex >= 1 And batch.GoverningCombinationIndex <= 5","Pending","",""
"tests/modTestBatchCalculation.bas","407","AssertTrue stats, ""batch.governing.lambda.order"", batch.ResultAt(2).StrengthResult.Capacity.LambdaCapacity > 0# And batch.ResultAt(2).StrengthResult.Capacity.LambdaCapacity < batch.ResultAt(1).StrengthResult.Capacity.LambdaCapacity","Pending","",""
"tests/modTestBatchCalculation.bas","411","batch.ResultAt(2).StrengthResult.Capacity.Status = ""OK"" Or batch.ResultAt(2).StrengthResult.Capacity.Status = ""FAIL"" Or batch.ResultAt(2).StrengthResult.Capacity.Status = ""NumFail""","Pending","",""
"tests/modTestBatchCalculation.bas","430","AssertTrue stats, ""batch.nult.status"", batch.ResultAt(1).StrengthResult.Capacity.Status = ""OK"" Or batch.ResultAt(1).StrengthResult.Capacity.Status = ""FAIL""","Pending","",""
"tests/modTestBatchCalculation.bas","447","AssertTrue stats, ""batch.nEcc.status"", batch.ResultAt(1).StrengthResult.Capacity.Status = ""OK"" Or batch.ResultAt(1).StrengthResult.Capacity.Status = ""FAIL""","Pending","",""
"tests/modTestBatchCalculation.bas","450","Abs(batch.ResultAt(1).StrengthResult.Capacity.MxUltimate) < 100000# And Abs(batch.ResultAt(1).StrengthResult.Capacity.MyUltimate) < 100000#","Pending","",""
"tests/modTestBatchCalculation.bas","527","batch.ResultAt(1).StrengthResult.Capacity.Status = ""OK"" Or batch.ResultAt(1).StrengthResult.Capacity.Status = ""FAIL""","Pending","",""
"tests/modTestBatchCalculation.bas","560","AssertTrue stats, ""batch.capacityPath.n.status"", batch.ResultAt(1).StrengthResult.Capacity.Status = ""OK"" Or batch.ResultAt(1).StrengthResult.Capacity.Status = ""FAIL"" Or batch.ResultAt(1).StrengthResult.Capacity.Status = ""NumFail""","Pending","",""
"tests/modTestBatchCalculation.bas","575","batch.ResultAt(1).StrengthResult.Capacity.Status = ""OK"" Or batch.ResultAt(1).StrengthResult.Capacity.Status = ""FAIL""","Pending","",""
"tests/modTestBatchCalculation.bas","603","batch.ResultAt(1).StrengthResult.Capacity.Status <> ""InputErr"" And batch.ResultAt(2).StrengthResult.Capacity.Status <> ""InputErr"" And _","Pending","",""
"tests/modTestBatchCalculation.bas","604","batch.ResultAt(3).StrengthResult.Capacity.Status <> ""InputErr"" And batch.ResultAt(4).StrengthResult.Capacity.Status <> ""InputErr"" And _","Pending","",""
"tests/modTestBatchCalculation.bas","802","AssertTrue stats, ""batch.zeroMoment.stability.status"", batch.ResultAt(1).StabilityResult.Status = ""OK"" Or batch.ResultAt(1).StabilityResult.Status = ""FAIL""","Pending","",""
"tests/modTestBatchCalculation.bas","878","batch.ResultAt(1).CrackResult.Longitudinal.Status <> ""N/A"" Or Not crackedState Is Nothing","Pending","",""
"tests/modTestBatchCalculation.bas","955","batch.ResultAt(1).NormalCrackStatus = ""OK"" Or batch.ResultAt(1).NormalCrackStatus = ""FAIL""","Pending","",""
"tests/modTestBatchCalculation.bas","1004","batch.ResultAt(1).NormalCrackStatus = ""OK"" Or batch.ResultAt(1).NormalCrackStatus = ""FAIL""","Pending","",""
"tests/modTestBatchCalculation.bas","1048","batch.ResultAt(1).NormalCrackStatus = ""OK"" Or batch.ResultAt(1).NormalCrackStatus = ""FAIL""","Pending","",""
"tests/modTestBatchCalculation.bas","1168","If batch.ResultAt(1).CrackResult.Formation.FormationMethod <> expectedMethod Or batch.ResultAt(1).NormalCrackStatus = ""NumFail"" Then _","Pending","",""
"tests/modTestBatchCalculation.bas","1173","AssertTrue stats, prefix & "".lambda"", batch.ResultAt(1).CrackResult.Formation.LambdaCrc > 0# And batch.ResultAt(1).CrackResult.Formation.LambdaCrc <= 1#","Pending","",""
"tests/modTestBatchCalculation.bas","1214","If batch.ResultAt(1).NormalCrackStatus = ""NumFail"" Or _","Pending","",""
"tests/modTestBatchCalculation.bas","1215","(expectNcrc And batch.ResultAt(1).CrackResult.Formation.FormationNcrc = 0#) Or _","Pending","",""
"tests/modTestBatchCalculation.bas","1216","(expectMcrc And batch.ResultAt(1).CrackResult.Formation.Mcrc = 0#) Then","Pending","",""
"tests/modTestBatchCalculation.bas","1258","CellHasDisplayedResult(resultsSheet.Cells.Item(detailRow, baseColumn + IIf(isCentralAxial, 13, 16) - 1).Value2)","Pending","",""
"tests/modTestBatchCalculation.bas","1266","Len(CStr(resultsSheet.Cells.Item(detailRow, baseColumn + 24 - 1).Value2)) = 0 And _","Pending","",""
"tests/modTestBatchCalculation.bas","1267","Len(CStr(resultsSheet.Cells.Item(detailRow, baseColumn + 25 - 1).Value2)) = 0 And _","Pending","",""
"tests/modTestBatchCalculation.bas","1268","Len(CStr(resultsSheet.Cells.Item(detailRow, baseColumn + 26 - 1).Value2)) = 0 And _","Pending","",""
"tests/modTestBatchCalculation.bas","1277","CellHasDisplayedResult = Len(text) > 0 And StrComp(text, ""N/A"", vbTextCompare) <> 0","Pending","",""
"tests/modTestBatchCalculation.bas","1442","For i = LBound(loads) To UBound(loads)","Pending","",""
"tests/modTestBatchCalculation.bas","1449","For i = 1 To UBound(loads) - LBound(loads) + 1","Pending","",""
"tests/modTestBatchCalculation.bas","1458","batch.ResultAt(i).StrengthResult.DirectState.Status = ""OK"" Or batch.ResultAt(i).StrengthResult.DirectState.Status = ""FAIL""","Pending","",""
"tests/modTestBatchCalculation.bas","1517","For i = LBound(loads) To UBound(loads)","Pending","",""
"tests/modTestBatchCalculation.bas","1524","For i = 1 To UBound(loads) - LBound(loads) + 1","Pending","",""
"tests/modTestBatchCalculation.bas","1533","batch.ResultAt(i).StrengthResult.DirectState.Status = ""OK"" Or batch.ResultAt(i).StrengthResult.DirectState.Status = ""FAIL""","Pending","",""
"tests/modTestBatchCalculation.bas","1611","For i = LBound(loads) To UBound(loads)","Pending","",""
"tests/modTestBatchCalculation.bas","1623","For i = 1 To UBound(loads) - LBound(loads) + 1","Pending","",""
"tests/modTestBatchCalculation.bas","1631","batch.ResultAt(i).StrengthResult.DirectState.Status = ""OK"" And Not batch.ResultAt(i).ExtensionUsed","Pending","",""
"tests/modTestBatchCalculation.bas","1800","batch.ResultAt(2).StrengthResult.Capacity.LambdaCapacity > 0# And batch.ResultAt(2).StrengthResult.Capacity.LambdaCapacity < batch.ResultAt(1).StrengthResult.Capacity.LambdaCapacity","Pending","",""
"tests/modTestBatchCalculation.bas","1976","Abs(concreteX - transformedX) > 0.000001 Or Abs(concreteY - transformedY) > 0.000001","Pending","",""
"tests/modTestBatchCalculation.bas","2026","Abs(eccentricSolver.KappaX) > tolerance Or Abs(eccentricSolver.KappaY) > tolerance","Pending","",""
"tests/modTestBatchCalculation.bas","2048","AssertTrue stats, ""batch.direct.lambda.positive"", batch.ResultAt(1).StrengthResult.Capacity.LambdaCapacity > 0# And batch.ResultAt(2).StrengthResult.Capacity.LambdaCapacity > 0#","Pending","",""
"tests/modTestBatchCalculation.bas","2049","AssertTrue stats, ""batch.direct.capacity.ok"", batch.ResultAt(1).StrengthResult.Capacity.Status = ""OK"" And batch.ResultAt(2).StrengthResult.Capacity.Status = ""OK""","Pending","",""
"tests/modTestBatchCalculation.bas","2051","AssertTrue stats, ""batch.direct.state.status"", Len(batch.ResultAt(1).StrengthResult.DirectState.Status) > 0 And Len(batch.ResultAt(2).StrengthResult.DirectState.Status) > 0","Pending","",""
"tests/modTestBatchCalculation.bas","2101","""PR1"", ""user N=-9 tf and Mx=50 tf*m""","Pending","",""
"tests/modTestBatchCalculation.bas","2113","batch.ResultAt(1).StrengthResult.DirectState.Status = ""OK"" Or batch.ResultAt(1).StrengthResult.DirectState.Status = ""FAIL""","Pending","",""
"tests/modTestBatchCalculation.bas","2115","batch.ResultAt(1).StrengthResult.Capacity.Status = ""OK"" Or batch.ResultAt(1).StrengthResult.Capacity.Status = ""FAIL""","Pending","",""
"tests/modTestBatchCalculation.bas","2148","AssertTrue stats, ""batch.pr1.hasState"", batch.ResultAt(1).StrengthResult.DirectState.StateAvailable And batch.StateAvailableCount > 0","Pending","",""
"tests/modTestBatchCalculation.bas","2180","AssertTrue stats, ""batch.direct.failure.status"", batch.ResultAt(1).Status = ""NumFail"" Or batch.ResultAt(1).Status = ""FAIL""","Pending","",""
"tests/modTestBatchCalculation.bas","2181","AssertTrue stats, ""batch.direct.failure.directStatus"", batch.ResultAt(1).StrengthResult.DirectState.Status = ""NumFail"" Or batch.ResultAt(1).StrengthResult.DirectState.Status = ""FAIL""","Pending","",""
"tests/modTestBatchCalculation.bas","2204","batch.ResultAt(1).CrackResult.Longitudinal.Status = ""OK"" Or batch.ResultAt(1).CrackResult.Longitudinal.Status = ""FAIL""","Pending","",""
"tests/modTestBatchCalculation.bas","2254","AssertTrue stats, ""batch.stability.sp63.status"", batch.ResultAt(1).StabilityResult.Status = ""OK"" Or batch.ResultAt(1).StabilityResult.Status = ""FAIL""","Pending","",""
"tests/modTestBatchCalculation.bas","2256","AssertTrue stats, ""batch.stability.sp63.eta"", batch.ResultAt(1).StabilityResult.Eta1 > 0# Or batch.ResultAt(1).StabilityResult.Eta2 > 0#","Pending","",""
"tests/modTestBatchCalculation.bas","2398","batch.ResultAt(1).StabilityResult.Status = ""OK"" Or batch.ResultAt(1).StabilityResult.Status = ""FAIL""","Pending","",""
"tests/modTestBatchCalculation.bas","2462","batch.ResultAt(1).StabilityResult.PlaneBranch1 = ""SP35-table"" Or batch.ResultAt(1).StabilityResult.PlaneBranch2 = ""SP35-table""","Pending","",""
"tests/modTestBatchCalculation.bas","2808","AssertTrue stats, ""batch.stability.sp63.short.status"", batch.ResultAt(1).StabilityResult.Status = ""OK"" Or batch.ResultAt(1).StabilityResult.Status = ""FAIL""","Pending","",""
"tests/modTestBatchCalculation.bas","2809","AssertTrue stats, ""batch.stability.sp63.short.slenderness1"", batch.ResultAt(1).StabilityResult.Slenderness1 > 0# And batch.ResultAt(1).StabilityResult.Slenderness1 <= 14#","Pending","",""
"tests/modTestBatchCalculation.bas","2810","AssertTrue stats, ""batch.stability.sp63.short.slenderness2"", batch.ResultAt(1).StabilityResult.Slenderness2 > 0# And batch.ResultAt(1).StabilityResult.Slenderness2 <= 14#","Pending","",""
"tests/modTestBatchCalculation.bas","2813","AssertTrue stats, ""batch.stability.sp63.short.ncr"", batch.ResultAt(1).StabilityResult.Ncr1 > 0# And batch.ResultAt(1).StabilityResult.Ncr2 > 0#","Pending","",""
"tests/modTestBatchCalculation.bas","3005","batch.ResultAt(1).StabilityResult.Status = ""OK"" Or batch.ResultAt(1).StabilityResult.Status = ""FAIL""","Pending","",""
"tests/modTestBatchCalculation.bas","3070","AssertTrue stats, ""batch.stability.circleMx.status"", batch.ResultAt(1).StabilityResult.Status = ""OK"" Or batch.ResultAt(1).StabilityResult.Status = ""FAIL""","Pending","",""
"tests/modTestBatchCalculation.bas","3203","AssertTrue stats, ""batch.stability.centroid.status"", batch.ResultAt(1).StabilityResult.Status = ""OK"" Or batch.ResultAt(1).StabilityResult.Status = ""FAIL""","Pending","",""
"tests/modTestBatchCalculation.bas","3382","AssertTrue stats, ""batch.stability.sp35.core.positive"", coreDistance > 0# And radiusValue > 0#","Pending","",""
"tests/modTestBatchCalculation.bas","3443","batch.ResultAt(1).StabilityResult.Depth1 > 190# And batch.ResultAt(1).StabilityResult.Depth1 < 310#","Pending","",""
"tests/modTestBatchCalculation.bas","3445","batch.ResultAt(1).StabilityResult.Depth2 > 190# And batch.ResultAt(1).StabilityResult.Depth2 < 310#","Pending","",""
"tests/modTestBatchCalculation.bas","3562","AssertTrue stats, ""batch.stability.sp35.opposite.phi"", phiValue = 1# Or phiValue = 1.05","Pending","",""
"tests/modTestBatchCalculation.bas","3610","AssertTrue stats, ""batch.writer.stability.anchor"", stabilityAnchor.Row = 122 And stabilityAnchor.Column = 1","Pending","",""
"tests/modTestBatchCalculation.bas","3611","AssertTrue stats, ""batch.writer.stability.sp35.empty"", Len(CStr(resultsSheet.Cells.Item(stabilityAnchor.Row, 29).Value2)) = 0 And _","Pending","",""
"tests/modTestBatchCalculation.bas","3612","Len(CStr(resultsSheet.Cells.Item(stabilityAnchor.Row, 30).Value2)) = 0 And _","Pending","",""
"tests/modTestBatchCalculation.bas","3615","CStr(resultsSheet.Cells.Item(stabilityAnchor.Row, 38).Value2) = ""N/A"" And _","Pending","",""
"tests/modTestBatchCalculation.bas","3616","CStr(resultsSheet.Cells.Item(stabilityAnchor.Row, 44).Value2) = ""N/A"" And _","Pending","",""
"tests/modTestBatchCalculation.bas","3617","CStr(resultsSheet.Cells.Item(stabilityAnchor.Row, 53).Value2) = ""N/A"" And _","Pending","",""
"tests/modTestBatchCalculation.bas","3618","CStr(resultsSheet.Cells.Item(stabilityAnchor.Row, 59).Value2) = ""N/A"" And _","Pending","",""
"tests/modTestBatchCalculation.bas","3619","StatusCellHasExpectedFill(resultsSheet, stabilityAnchor.Row, 38) And _","Pending","",""
"tests/modTestBatchCalculation.bas","3621","AssertTrue stats, ""batch.writer.stability.sp63.filled"", Len(CStr(resultsSheet.Cells.Item(stabilityAnchor.Row, 61).Value2)) > 0 Or _","Pending","",""
"tests/modTestBatchCalculation.bas","3624","StatusCellHasExpectedFill(resultsSheet, stabilityAnchor.Row, 72) And _","Pending","",""
"tests/modTestBatchCalculation.bas","3625","StatusCellHasExpectedFill(resultsSheet, stabilityAnchor.Row, 84) And _","Pending","",""
"tests/modTestBatchCalculation.bas","3654","AssertTrue stats, ""batch.dynamic.governing.index"", batch.GoverningCombinationIndex >= 1 And batch.GoverningCombinationIndex <= 24","Pending","",""
"tests/modTestBatchCalculation.bas","3764","AssertTrue stats, ""batch.writer.rangeSize"", ThisWorkbook.Names.Item(""rngBatchSummary"").RefersToRange.Rows.Count = 1 And ThisWorkbook.Names.Item(""rngBatchSummary"").RefersToRange.Columns.Count = 1","Pending","",""
"tests/modTestBatchCalculation.bas","3767","AssertTrue stats, ""batch.writer.stabilityBlockPosition"", ThisWorkbook.Names.Item(""rngStabilitySummaryAnchor"").RefersToRange.Row = 122 And _","Pending","",""
"tests/modTestBatchCalculation.bas","3772","AssertTrue stats, ""batch.writer.meta.valuesCentered"", resultsSheet.Cells.Item(summaryRow, 1).HorizontalAlignment = -4108 And _","Pending","",""
"tests/modTestBatchCalculation.bas","3778","AssertTrue stats, ""batch.writer.header.centered"", resultsSheet.Cells.Item(summaryRow + 5, 6).HorizontalAlignment = -4108 And _","Pending","",""
"tests/modTestBatchCalculation.bas","3784","CStr(resultsSheet.Cells.Item(summaryRow + 7, 14).MergeArea.Cells.Item(1, 1).Value2) = ""Плоскость 1"" And _","Pending","",""
"tests/modTestBatchCalculation.bas","3785","resultsSheet.Cells.Item(summaryRow + 7, 14).MergeArea.Rows.Count = 2 And _","Pending","",""
"tests/modTestBatchCalculation.bas","3786","resultsSheet.Cells.Item(summaryRow + 7, 14).MergeArea.Columns.Count = 1 And _","Pending","",""
"tests/modTestBatchCalculation.bas","3787","CStr(resultsSheet.Cells.Item(summaryRow + 9, 14).Value2) = ""Ncr/N"" And _","Pending","",""
"tests/modTestBatchCalculation.bas","3790","CStr(resultsSheet.Cells.Item(summaryRow + 7, 25).MergeArea.Cells.Item(1, 1).Value2) = ""Плоскость 1"" And _","Pending","",""
"tests/modTestBatchCalculation.bas","3791","resultsSheet.Cells.Item(summaryRow + 7, 25).MergeArea.Rows.Count = 2 And _","Pending","",""
"tests/modTestBatchCalculation.bas","3792","resultsSheet.Cells.Item(summaryRow + 7, 25).MergeArea.Columns.Count = 1 And _","Pending","",""
"tests/modTestBatchCalculation.bas","3793","CStr(resultsSheet.Cells.Item(summaryRow + 9, 25).Value2) = ""Ncr/N"" And _","Pending","",""
"tests/modTestBatchCalculation.bas","3804","AssertTrue stats, ""batch.writer.worst.bold"", resultsSheet.Cells.Item(summaryRow + 11, 1).Font.Bold And _","Pending","",""
"tests/modTestBatchCalculation.bas","3808","BatchSummaryCellText(resultsSheet, summaryRow + 6, 28) = ""Статус"" And _","Pending","",""
"tests/modTestBatchCalculation.bas","3811","BatchSummaryCellText(resultsSheet, summaryRow + 7, 28) = ""OK"" And _","Pending","",""
"tests/modTestBatchCalculation.bas","3812","BatchSummaryCellText(resultsSheet, summaryRow + 9, 28) = ""BaseFail"" And _","Pending","",""
"tests/modTestBatchCalculation.bas","3813","BatchSummaryCellText(resultsSheet, summaryRow + 11, 28) = ""InputErr"" And _","Pending","",""
"tests/modTestBatchCalculation.bas","3816","resultsSheet.Cells.Item(summaryRow + 5, 28).MergeArea.Columns.Count = 2 And _","Pending","",""
"tests/modTestBatchCalculation.bas","3817","Not resultsSheet.Cells.Item(summaryRow + 6, 28).MergeCells And _","Pending","",""
"tests/modTestBatchCalculation.bas","3822","resultsSheet.Cells.Item(summaryRow + 7, 28).Font.Italic And _","Pending","",""
"tests/modTestBatchCalculation.bas","3825","StatusCellHasExpectedFill(resultsSheet, summaryRow + 7, 28) And _","Pending","",""
"tests/modTestBatchCalculation.bas","3826","StatusCellHasExpectedFill(resultsSheet, summaryRow + 8, 28) And _","Pending","",""
"tests/modTestBatchCalculation.bas","3827","StatusCellHasExpectedFill(resultsSheet, summaryRow + 9, 28) And _","Pending","",""
"tests/modTestBatchCalculation.bas","3828","StatusCellHasExpectedFill(resultsSheet, summaryRow + 10, 28) And _","Pending","",""
"tests/modTestBatchCalculation.bas","3829","StatusCellHasExpectedFill(resultsSheet, summaryRow + 11, 28) And _","Pending","",""
"tests/modTestBatchCalculation.bas","3830","StatusCellHasExpectedFill(resultsSheet, summaryRow + 12, 28) And _","Pending","",""
"tests/modTestBatchCalculation.bas","3839","StatusCellHasExpectedFill(resultsSheet, summaryRow + 12, 4) And _","Pending","",""
"tests/modTestBatchCalculation.bas","3840","StatusCellHasExpectedFill(resultsSheet, summaryRow + 12, 6) And _","Pending","",""
"tests/modTestBatchCalculation.bas","3841","StatusCellHasExpectedFill(resultsSheet, summaryRow + 12, 7) And _","Pending","",""
"tests/modTestBatchCalculation.bas","3842","StatusCellHasExpectedFill(resultsSheet, summaryRow + 12, 8) And _","Pending","",""
"tests/modTestBatchCalculation.bas","3843","StatusCellHasExpectedFill(resultsSheet, summaryRow + 12, 9) And _","Pending","",""
"tests/modTestBatchCalculation.bas","3844","StatusCellHasExpectedFill(resultsSheet, summaryRow + 12, 10) And _","Pending","",""
"tests/modTestBatchCalculation.bas","3845","StatusCellHasExpectedFill(resultsSheet, summaryRow + 12, 11) And _","Pending","",""
"tests/modTestBatchCalculation.bas","3846","StatusCellHasExpectedFill(resultsSheet, summaryRow + 12, 12) And _","Pending","",""
"tests/modTestBatchCalculation.bas","3847","StatusCellHasExpectedFill(resultsSheet, summaryRow + 12, 13) And _","Pending","",""
"tests/modTestBatchCalculation.bas","3848","StatusCellHasExpectedFill(resultsSheet, summaryRow + 12, 14) And _","Pending","",""
"tests/modTestBatchCalculation.bas","3853","StatusCellHasExpectedFill(resultsSheet, strengthAnchor.Row, 3) And _","Pending","",""
"tests/modTestBatchCalculation.bas","3854","StatusCellHasExpectedFill(resultsSheet, strengthAnchor.Row, 30) And _","Pending","",""
"tests/modTestBatchCalculation.bas","3855","StatusCellHasExpectedFill(resultsSheet, strengthAnchor.Row, 49) And _","Pending","",""
"tests/modTestBatchCalculation.bas","3856","CellHasNoFill(resultsSheet, strengthAnchor.Row, 1) And _","Pending","",""
"tests/modTestBatchCalculation.bas","3857","CellHasNoFill(resultsSheet, strengthAnchor.Row, 10) And _","Pending","",""
"tests/modTestBatchCalculation.bas","3860","Len(CStr(resultsSheet.Cells.Item(strengthAnchor.Row + 2, 18).Value2)) = 0 And _","Pending","",""
"tests/modTestBatchCalculation.bas","3861","Len(CStr(resultsSheet.Cells.Item(strengthAnchor.Row + 2, 19).Value2)) = 0 And _","Pending","",""
"tests/modTestBatchCalculation.bas","3862","Len(CStr(resultsSheet.Cells.Item(strengthAnchor.Row + 2, 20).Value2)) = 0 And _","Pending","",""
"tests/modTestBatchCalculation.bas","3863","Len(CStr(resultsSheet.Cells.Item(strengthAnchor.Row + 2, 22).Value2)) = 0 And _","Pending","",""
"tests/modTestBatchCalculation.bas","3864","Len(CStr(resultsSheet.Cells.Item(strengthAnchor.Row + 2, 23).Value2)) = 0 And _","Pending","",""
"tests/modTestBatchCalculation.bas","3867","Len(CStr(resultsSheet.Cells.Item(strengthAnchor.Row + 2, 21).Value2)) > 0 And _","Pending","",""
"tests/modTestBatchCalculation.bas","3872","StatusCellHasExpectedFill(resultsSheet, crackAnchor.Row, 3) And _","Pending","",""
"tests/modTestBatchCalculation.bas","3873","StatusCellHasExpectedFill(resultsSheet, crackAnchor.Row, 19) And _","Pending","",""
"tests/modTestBatchCalculation.bas","3874","StatusCellHasExpectedFill(resultsSheet, crackAnchor.Row, 20) And _","Pending","",""
"tests/modTestBatchCalculation.bas","3875","StatusCellHasExpectedFill(resultsSheet, crackAnchor.Row, 23) And _","Pending","",""
"tests/modTestBatchCalculation.bas","3876","StatusCellHasExpectedFill(resultsSheet, crackAnchor.Row, 45) And _","Pending","",""
"tests/modTestBatchCalculation.bas","3877","StatusCellHasExpectedFill(resultsSheet, crackAnchor.Row, 49) And _","Pending","",""
"tests/modTestBatchCalculation.bas","3878","CellHasNoFill(resultsSheet, crackAnchor.Row, 1) And _","Pending","",""
"tests/modTestBatchCalculation.bas","3879","CellHasNoFill(resultsSheet, crackAnchor.Row, 10) And _","Pending","",""
"tests/modTestBatchCalculation.bas","3887","CStr(resultsSheet.Cells.Item(crackAnchor.Row - 3, 19).Value2) = ""статус трещин"" And _","Pending","",""
"tests/modTestBatchCalculation.bas","3897","AssertTrue stats, ""batch.writer.crack.header.notesPlain"", Not resultsSheet.Cells.Item(crackAnchor.Row - 2, 15).Font.Bold And _","Pending","",""
"tests/modTestBatchCalculation.bas","3901","Len(CStr(resultsSheet.Cells.Item(crackAnchor.Row + 19, 1).Value2)) = 0 And _","Pending","",""
"tests/modTestBatchCalculation.bas","3906","StatusCellHasExpectedFill(resultsSheet, stabilityAnchor.Row, 3) And _","Pending","",""
"tests/modTestBatchCalculation.bas","3907","StatusCellHasExpectedFill(resultsSheet, stabilityAnchor.Row, 38) And _","Pending","",""
"tests/modTestBatchCalculation.bas","3908","StatusCellHasExpectedFill(resultsSheet, stabilityAnchor.Row, 44) And _","Pending","",""
"tests/modTestBatchCalculation.bas","3909","StatusCellHasExpectedFill(resultsSheet, stabilityAnchor.Row, 53) And _","Pending","",""
"tests/modTestBatchCalculation.bas","3910","StatusCellHasExpectedFill(resultsSheet, stabilityAnchor.Row, 59) And _","Pending","",""
"tests/modTestBatchCalculation.bas","3911","StatusCellHasExpectedFill(resultsSheet, stabilityAnchor.Row, 72) And _","Pending","",""
"tests/modTestBatchCalculation.bas","3912","StatusCellHasExpectedFill(resultsSheet, stabilityAnchor.Row, 84) And _","Pending","",""
"tests/modTestBatchCalculation.bas","3919","AssertTrue stats, ""batch.writer.stability.header.noExtraTier"", Len(CStr(resultsSheet.Cells.Item(stabilityAnchor.Row - 3, 4).Value2)) = 0 And _","Pending","",""
"tests/modTestBatchCalculation.bas","3923","AssertTrue stats, ""batch.writer.stability.header.notes"", Len(CStr(resultsSheet.Cells.Item(stabilityAnchor.Row - 2, 4).Value2)) > 0 And _","Pending","",""
"tests/modTestBatchCalculation.bas","3925","AssertTrue stats, ""batch.writer.stability.header.notesPlain"", Not resultsSheet.Cells.Item(stabilityAnchor.Row - 2, 4).Font.Bold And _","Pending","",""
"tests/modTestBatchCalculation.bas","3936","Len(CStr(resultsSheet.Cells.Item(stabilityAnchor.Row + 19, 1).Value2)) = 0 And _","Pending","",""
"tests/modTestBatchCalculation.bas","3975","Len(CStr(resultsSheet.Cells.Item(summaryRow + 13, 1).Value2)) = 0 And _","Pending","",""
"tests/modTestBatchCalculation.bas","3976","Len(CStr(resultsSheet.Cells.Item(summaryRow + 13, 4).Value2)) = 0 And _","Pending","",""
"tests/modTestBatchCalculation.bas","3979","Len(CStr(resultsSheet.Cells.Item(summaryRow + 14, 1).Value2)) = 0 And _","Pending","",""
"tests/modTestBatchCalculation.bas","3980","Len(CStr(resultsSheet.Cells.Item(summaryRow + 14, 4).Value2)) = 0 And _","Pending","",""
"tests/modTestBatchCalculation.bas","3993","CStr(resultsSheet.Cells.Item(strengthAnchor.Row, 1).Value2) = ""GAP1"" And _","Pending","",""
"tests/modTestBatchCalculation.bas","3994","Len(CStr(resultsSheet.Cells.Item(strengthAnchor.Row + 1, 1).Value2)) = 0 And _","Pending","",""
"tests/modTestBatchCalculation.bas","3995","Len(CStr(resultsSheet.Cells.Item(strengthAnchor.Row + 2, 1).Value2)) = 0 And _","Pending","",""
"tests/modTestBatchCalculation.bas","3998","CStr(resultsSheet.Cells.Item(crackAnchor.Row, 1).Value2) = ""GAP1"" And _","Pending","",""
"tests/modTestBatchCalculation.bas","3999","Len(CStr(resultsSheet.Cells.Item(crackAnchor.Row + 1, 1).Value2)) = 0 And _","Pending","",""
"tests/modTestBatchCalculation.bas","4000","Len(CStr(resultsSheet.Cells.Item(crackAnchor.Row + 2, 1).Value2)) = 0 And _","Pending","",""
"tests/modTestBatchCalculation.bas","4003","CStr(resultsSheet.Cells.Item(stabilityAnchor.Row, 1).Value2) = ""GAP1"" And _","Pending","",""
"tests/modTestBatchCalculation.bas","4004","Len(CStr(resultsSheet.Cells.Item(stabilityAnchor.Row + 1, 1).Value2)) = 0 And _","Pending","",""
"tests/modTestBatchCalculation.bas","4005","Len(CStr(resultsSheet.Cells.Item(stabilityAnchor.Row + 2, 1).Value2)) = 0 And _","Pending","",""
"tests/modTestBatchCalculation.bas","4039","If checkStrength And strengthRow > 0 Then","Pending","",""
"tests/modTestBatchCalculation.bas","4047","If checkCrack And crackRow > 0 Then","Pending","",""
"tests/modTestBatchCalculation.bas","4055","If checkStability And stabilityRow > 0 Then","Pending","",""
"tests/modTestBatchCalculation.bas","4152","StatusCellHasExpectedFill = (CLng(resultsSheet.Cells.Item(rowIndex, columnIndex).Interior.Color) = StatusFillColor(statusText) And _","Pending","",""
"tests/modTestBatchCalculation.bas","4171","If Len(worstCombination) = 0 Or StrComp(worstCombination, ""N/A"", vbTextCompare) = 0 Then","Pending","",""
"tests/modTestBatchCalculation.bas","4175","Len(reserveText) = 0 Or Not IsNumeric(reserveText)","Pending","",""
"tests/modTestBatchCalculation.bas","4197","If Not hasSummary And Not hasDetailed Then","Pending","",""
"tests/modTestBatchCalculation.bas","4202","AssertTrue stats, name & "".bothNumeric"", hasSummary And hasDetailed","Pending","",""
"tests/modTestBatchCalculation.bas","4203","If hasSummary And hasDetailed Then _","Pending","",""
"tests/modTestBatchCalculation.bas","4441","If batch.ResultAt(1).StabilityResult.Status <> ""OK"" And batch.ResultAt(1).StabilityResult.Status <> ""FAIL"" Then","Pending","",""
"tests/modTestBatchCalculation.bas","4729","InStr(1, baseResult.StrengthMeta.ResultComment, ""НДС: Проверка не проходит."", vbTextCompare) > 0 And _","Pending","",""
"tests/modTestBatchCalculation.bas","5050","AssertTrue stats, ""audit02.canonical.stabilityFlagsPopulated"", stability.PlaneApplicable2 And stability.PlanePassed2","Pending","",""
"tests/modTestBatchCalculation.bas","5056","AssertTrue stats, ""audit02.canonical.stabilityFlagsReset"", Not stability.PlaneApplicable2 And Not stability.PlanePassed2","Pending","",""
"tests/modTestBatchCalculation.bas","5428","AssertTrue stats, ""audit02.cache.mode.physical"", state.Converged And state.WithinPhysicalRange","Pending","",""
"tests/modTestBatchCalculation.bas","5497","AssertTrue stats, ""audit02.cache.post.physical"", state.Converged And state.WithinPhysicalRange","Pending","",""
"tests/modTestBatchCalculation.bas","5602","offResult.Status <> ""NumFail"" And offResult.Status <> ""CalcErr"" And offResult.Status <> ""InputErr""","Pending","",""
"tests/modTestBatchCalculation.bas","5623","For metric = LBound(offNumbers) To UBound(offNumbers)","Pending","",""
"tests/modTestBatchCalculation.bas","5724","AssertTrue stats, prefix & "".comments"", Len(offResult.ResultMeta.ResultComment) > 0 And Len(onResult.ResultMeta.ResultComment) > 0","Pending","",""
"tests/modTestBatchCalculation.bas","5771","AssertTrue stats, prefix & ""."" & key & "".converged"", onState.Converged And offState.Converged","Pending","",""
"tests/modTestBatchCalculation.bas","5772","AssertTrue stats, prefix & ""."" & key & "".physical"", onState.WithinPhysicalRange And offState.WithinPhysicalRange","Pending","",""
"tests/modTestBatchCalculation.bas","5773","AssertTrue stats, prefix & ""."" & key & "".noFinalExtension"", Not onState.ExtensionUsed And Not offState.ExtensionUsed","Pending","",""
"tests/modTestBatchCalculation.bas","5779","For i = LBound(first) To UBound(first)","Pending","",""
"tests/modTestBatchCalculation.bas","5872","expectedApplies = (value <> rsNotApplicable And value <> rsNotRequested)","Pending","",""
"tests/modTestBatchCalculation.bas","6069","AssertTrue stats, prefix & "".autoNoLoad"", capacity.ResultMeta.InternalStatus = rsNotApplicable And _","Pending","",""
"tests/modTestBatchCalculation.bas","6070","capacity.ResultMeta.ResultCode = rcNotApplicable And Not capacity.ResultMeta.Calculated","Pending","",""
"tests/modTestBatchCalculation.bas","6089","AssertTrue stats, prefix & "".unscaledInput"", capacity.ResultMeta.InternalStatus = rsInvalidInput And _","Pending","",""
"tests/modTestBatchCalculation.bas","6090","capacity.ResultMeta.ResultCode = rcInvalidInput And Not capacity.ResultMeta.Calculated","Pending","",""
"tests/modTestBatchCalculation.bas","6098","AssertTrue stats, prefix & "".validInput"", capacity.Status <> ""InputErr"" And capacity.Status <> ""CalcErr""","Pending","",""
"tests/modTestBatchCalculation.bas","6104","If component = ""N"" Or component = ""NMxy"" Then n = lambda * n","Pending","",""
"tests/modTestBatchCalculation.bas","6105","If component = ""Mx"" Or component = ""Mxy"" Or component = ""NMxy"" Then mx = lambda * mx","Pending","",""
"tests/modTestBatchCalculation.bas","6106","If component = ""My"" Or component = ""Mxy"" Or component = ""NMxy"" Then my = lambda * my","Pending","",""
"tests/modTestBatchCalculation.bas","6127","AssertTrue stats, prefix & "".validInput"", policy.ExternalStatus(formation.ResultMeta) <> ""InputErr"" And _","Pending","",""
"tests/modTestBatchCalculation.bas","6131","AssertTrue stats, prefix & "".autoPath"", formation.FormationMethod = ChrW$(&H3BB) & ""*Mxy"" Or _","Pending","",""
"tests/modTestBatchCalculation.bas","6132","formation.FormationMethod = ChrW$(&H3BB) & ""*N"" Or formation.FormationMethod = ChrW$(&H3BB) & ""*NMxy""","Pending","",""
"tests/modTestBatchCalculation.bas","6148","formation.ResultMeta.InternalStatus = formation.PreCrackState.ResultMeta.InternalStatus And _","Pending","",""
"tests/modTestBatchCalculation.bas","6160","formation.ResultMeta.InternalStatus = formation.PostCrackState.ResultMeta.InternalStatus And _","Pending","",""
"tests/modTestBatchCalculation.bas","6206","AssertTrue stats, prefix & "".formulaNoNumFail"", result.CrackWidthMeta.InternalStatus <> rsNumericalFailure And _","Pending","",""
"tests/modTestBatchCalculation.bas","6207","result.LongitudinalCrackMeta.InternalStatus <> rsNumericalFailure And result.StabilityMeta.InternalStatus <> rsNumericalFailure","Pending","",""
"tests/modTestBatchCalculation.bas","6208","If result.CrackFormationMeta.InternalStatus = rsSuccessWithWarning And policy.ExternalStatus(result.CrackMeta) = ""OK"" Then","Pending","",""
"tests/modTestBatchCalculation.bas","6211","AssertTrue stats, prefix & "".strengthNoCrack"", InStr(1, result.StrengthMeta.ResultComment, ""Трещинообразование:"") = 0 And _","Pending","",""
"tests/modTestBatchCalculation.bas","6213","AssertTrue stats, prefix & "".crackNoCapacity"", InStr(1, result.CrackSummaryMeta.ResultComment, ""Несущая:"") = 0 And _","Pending","",""
"tests/modTestBatchCalculation.bas","6258","If charCode >= &H410 And charCode <= &H44F Then hasRussian = True","Pending","",""
"tests/modTestBatchCalculation.bas","6261","AssertTrue stats, prefix & "".readable"", InStr(1, meta.ResultComment, "".."") = 0 And _","Pending","",""
"tests/modTestBatchCalculation.bas","6262","InStr(1, meta.ResultComment, ""?"") = 0 And InStr(1, meta.ResultComment, ""SP35-mixed"") = 0","Pending","",""
"tests/modTestBatchCalculation.bas","6271","If meta.InternalStatus = rsBlockedByDependency And Len(sharedDependencyReason) > 0 Then _","Pending","",""
"tests/modTestBatchCalculation.bas","6325","If i >= 8 And i <= 11 Then Set result = batch.ResultAt(2) Else Set result = batch.ResultAt(1)","Pending","",""
"tests/modTestBatchCalculation.bas","6335","If i = 2 Or i = 3 Or i = 12 Then","Pending","",""
"tests/modTestBatchCalculation.bas","6336","AssertTrue stats, prefix & "".noPublicField"", errorNumber = 438 Or errorNumber = 451","Pending","",""
"tests/modTestBatchCalculation.bas","6346","AssertEquals stats, prefix & "".profileUnchanged"", result.ProfileId, batch.InputProfileId(1 + Abs(i >= 8 And i <= 11))","Pending","",""
"tests/modTestBatchCalculation.bas","6472","For pathIndex = LBound(paths) To UBound(paths)","Pending","",""
"tests/modTestBatchCalculation.bas","6527","AssertTrue stats, ""audit03.matrix.allRequestedPaths"", independentCases = loads.Count * (UBound(paths) - LBound(paths) + 1)","Pending","",""
"tests/modTestBatchCalculation.bas","6562","If shapeName = ""CircleSym"" Or (i <> 1 And i <> 2) Then","Pending","",""
"tests/modTestBatchCalculation.bas","6639","If i = 1 Or section.ConcreteX(i) - halfX < minX Then minX = section.ConcreteX(i) - halfX","Pending","",""
"tests/modTestBatchCalculation.bas","6640","If i = 1 Or section.ConcreteX(i) + halfX > maxX Then maxX = section.ConcreteX(i) + halfX","Pending","",""
"tests/modTestBatchCalculation.bas","6641","If i = 1 Or section.ConcreteY(i) - halfY < minY Then minY = section.ConcreteY(i) - halfY","Pending","",""
"tests/modTestBatchCalculation.bas","6642","If i = 1 Or section.ConcreteY(i) + halfY > maxY Then maxY = section.ConcreteY(i) + halfY","Pending","",""
"tests/modTestBatchCalculation.bas","6722","state.ResultMeta.InternalStatus = rsNumericalFailure Or state.ResultMeta.InternalStatus = rsInvalidInput Or _","Pending","",""
"tests/modTestBatchCalculation.bas","6723","state.ResultMeta.InternalStatus = rsInvalidConfiguration Or state.ResultMeta.InternalStatus = rsInternalError","Pending","",""
"tests/modTestBatchCalculation.bas","6727","If state.StateType = sstCapacityState Or state.StateType = sstPreCrackState Or state.StateType = sstPostCrackState Then","Pending","",""
"tests/modTestBatchCalculation.bas","6729","AssertTrue stats, prefix & "".state.finalPhysical."" & CStr(i), state.Converged And state.WithinPhysicalRange And Not state.ExtensionUsed","Pending","",""
"tests/modTestBatchCalculation.bas","6735","result.CrackFormationMeta.InternalStatus = state.ResultMeta.InternalStatus And _","Pending","",""
"tests/modTestBatchCalculation.bas","6802","For i = LBound(statuses) To UBound(statuses)","Pending","",""
"tests/modTestBatchCalculation.bas","6820","AssertTrue stats, ""audit03.palette.clearedCell"", cell.Interior.ColorIndex = -4142 And cell.DisplayFormat.Interior.ColorIndex = -4142","Pending","",""
"tests/modTestBatchCalculation.bas","6874","If Not clearedRows Or rowIndex > 1 Then","Pending","",""
"tests/modTestBatchCalculation.bas","6880","cell.Interior.ColorIndex = -4142 And cell.DisplayFormat.Interior.ColorIndex = -4142","Pending","",""
"tests/modTestBatchCalculation.bas","7094","AssertTrue stats, prefix & "".insideTechnicalEndpoints"", state.MinConcreteStrain >= -10# And _","Pending","",""
"tests/modTestBatchCalculation.bas","7095","state.MaxConcreteStrain <= 10# And state.MinSteelStrain >= -10# And state.MaxSteelStrain <= 10#","Pending","",""
"tests/modTestBatchCalculation.bas","7096","AssertTrue stats, prefix & "".physicalFail"", Not state.WithinPhysicalRange And state.InternalStatus = rsCheckFailed","Pending","",""
"tests/modTestBatchCalculation.bas","7099","If mode <= 2 And magnitude = 0.5 Then","Pending","",""
"tests/modTestBatchCalculation.bas","7198","If state.MinConcreteStrain < -10# Or state.MaxConcreteStrain > 10# Or _","Pending","",""
"tests/modTestBatchCalculation.bas","7199","state.MinSteelStrain < -10# Or state.MaxSteelStrain > 10# Then","Pending","",""
"tests/modTestBatchCalculation.bas","7203","Not state.WithinPhysicalRange And state.InternalStatus = rsCheckFailed","Pending","",""
"tests/modTestBatchCalculation.bas","7399","ElseIf angleIndex >= 16 And candidate = candidateCount Then","Pending","",""
"tests/modTestBatchCalculation.bas","7549","If expectedIndex = 0 Or reserve < minimum Then","Pending","",""
"tests/modTestBatchCalculation.bas","7594","AssertTrue stats, prefix & "".recovery"", batch.SolverCallCount > 0 And batch.ResultAt(1).Status <> ""InputErr""","Pending","",""
"tests/modTestBatchCalculation.bas","7619","If first > 0# And second > 0# Then","Pending","",""
"tests/modTestCapacitySolver.bas","132","AssertTrue stats, ""capacity.mx.limit.physical"", IsPhysicalLimitState(capNeg.LimitState) And IsPhysicalLimitState(capPos.LimitState)","Pending","",""
"tests/modTestCapacitySolver.bas","203","AssertTrue stats, ""tensionMode.solver.affectsState"", Abs(solverIgnore.KappaX - solverUse.KappaX) > 0.000000001 Or Abs(solverIgnore.KappaY - solverUse.KappaY) > 0.000000001","Pending","",""
"tests/modTestCapacitySolver.bas","233","AssertTrue stats, prefix & "".stateDiffers"", Abs(solverIgnore.KappaX - solverUse.KappaX) > 0.000000001 Or _","Pending","",""
"tests/modTestCapacitySolver.bas","234","Abs(solverIgnore.KappaY - solverUse.KappaY) > 0.000000001 Or Abs(solverIgnore.Epsilon0 - solverUse.Epsilon0) > 0.000000001","Pending","",""
"tests/modTestCapacitySolver.bas","289","AssertTrue stats, ""capacity.my.limit.physical"", IsPhysicalLimitState(capNeg.LimitState) And IsPhysicalLimitState(capPos.LimitState)","Pending","",""
"tests/modTestCapacitySolver.bas","737","AssertTrue stats, ""method.numericalFailure.state"", cap.LimitState = ""NumericalFailure"" Or cap.LimitState = ""SingularTangent""","Pending","",""
"tests/modTestCapacitySolver.bas","817","AssertTrue stats, ""capacity.tfDefaults.ultimate.lambda"", reference.LambdaUltimate > 0# And reference.LambdaUltimate < 10#","Pending","",""
"tests/modTestCapacitySolver.bas","1161","For i = LBound(steps) To UBound(steps)","Pending","",""
"tests/modTestCapacitySolver.bas","1285","isPureAxial = Abs(nBase) > 0.000000001 And _","Pending","",""
"tests/modTestCapacitySolver.bas","1286","Abs(nOffset) <= 0.000000001 And _","Pending","",""
"tests/modTestCapacitySolver.bas","1287","Abs(mxOffset) <= 0.000000001 And Abs(mxBase) <= 0.000000001 And _","Pending","",""
"tests/modTestCapacitySolver.bas","1288","Abs(myOffset) <= 0.000000001 And Abs(myBase) <= 0.000000001","Pending","",""
"tests/modTestCapacitySolver.bas","1299","AssertTrue stats, name, cap.SolutionMethod = ""UltimateStrain"" Or cap.SolutionMethod = ""LoadMultiplier""","Pending","",""
"tests/modTestCapacitySolver.bas","1355","AssertTrue stats, ""search.empty.inputError"", Not emptyMethod.Converged And emptyMethod.LimitState = ""InvalidInput""","Pending","",""
"tests/modTestCapacitySolver.bas","1356","AssertTrue stats, ""search.invalid.inputError"", Not invalidMethod.Converged And invalidMethod.LimitState = ""InvalidInput""","Pending","",""
"tests/modTestCapacitySolver.bas","1357","AssertTrue stats, ""search.secant.controlledFailure"", Not secantFail.Converged And _","Pending","",""
"tests/modTestCapacitySolver.bas","1358","(secantFail.LimitState = ""NumericalFailure"" Or secantFail.LimitState = ""InvalidInput"")","Pending","",""
"tests/modTestCapacitySolver.bas","1584","IsPhysicalLimitState = (state = ""ConcreteStrainLimit"" Or state = ""ConcreteTensionStrainLimit"" Or _","Pending","",""
"tests/modTestCapacitySolver.bas","2082","AssertTrue stats, ""audit03.capacity.realPrecision.finiteWork"", cap.Iterations > 40 And cap.Iterations < 100","Pending","",""
"tests/modTestCapacitySolver.bas","2241","If scenario <= 5 Or scenario = 13 Then AssertTrue stats, prefix & "".noNumericalAttempt"", problem.UltimateCalls = 0","Pending","",""
"tests/modTestCapacitySolver.bas","2243","If scenario >= 7 And scenario <= 11 Then AssertTrue stats, prefix & "".failedProbeNotOverwritten"", problem.UltimateCalls = 2","Pending","",""
"tests/modTestCapacitySolver.bas","2295","AssertTrue stats, prefix & "".adjacentDistinct"", adjacent > 1# And adjacent - 1# < 0.000000000000001","Pending","",""
"tests/modTestCapacitySolver.bas","2315","If scenario = 1 Or scenario = 3 Then","Pending","",""
"tests/modTestCapacitySolver.bas","2323","AssertTrue stats, prefix & "".success"", result.Succeeded And result.HasLimitPoint","Pending","",""
"tests/modTestCrackWidth.bas","142","AssertTrue stats, ""crack.user.coeffs.lambda"", crack.FormationResult.LambdaCrc > 0# And crack.FormationResult.LambdaCrc <= 1#","Pending","",""
"tests/modTestCrackWidth.bas","205","AssertTrue stats, ""crack.auto.pass.lambda"", crack.FormationResult.LambdaCrc > 0# And crack.FormationResult.LambdaCrc <= 1#","Pending","",""
"tests/modTestCrackWidth.bas","257","AssertTrue stats, ""crack.auto.fail.lambda"", crack.FormationResult.LambdaCrc > 0# And crack.FormationResult.LambdaCrc <= 1#","Pending","",""
"tests/modTestCrackWidth.bas","258","AssertTrue stats, ""crack.auto.fail.psiRange"", crack.PsiS >= 0# And crack.PsiS <= 1#","Pending","",""
"tests/modTestCrackWidth.bas","305","AssertTrue stats, prefix & "".lambda"", crack.FormationResult.LambdaCrc > 0# And crack.FormationResult.LambdaCrc <= 1#","Pending","",""
"tests/modTestCrackWidth.bas","365","AssertTrue stats, ""crack.path.mxy.lambda"", crackMxy.FormationResult.LambdaCrc > 0# And crackMxy.FormationResult.LambdaCrc <= 1#","Pending","",""
"tests/modTestCrackWidth.bas","395","AssertTrue stats, ""crack.path.nmxy.lambda"", crackNMxy.FormationResult.LambdaCrc > 0# And crackNMxy.FormationResult.LambdaCrc <= 1#","Pending","",""
"tests/modTestCrackWidth.bas","547","AssertTrue stats, prefix & "".lambda"", crack.FormationResult.LambdaCrc > 0# And crack.FormationResult.LambdaCrc <= 1#","Pending","",""
"tests/modTestCrackWidth.bas","597","AssertTrue stats, ""crack.central.lambda"", crack.FormationResult.LambdaCrc > 0# And crack.FormationResult.LambdaCrc <= 1#","Pending","",""
"tests/modTestCrackWidth.bas","728","If runner.ResultSolver Is Nothing Or Not runner.Converged Then","Pending","",""
"tests/modTestCrackWidth.bas","1035","AssertTrue stats, ""audit02.formationOnly.reuseNoCrack"", second.Converged And Not second.CrackFormed","Pending","",""
"tests/modTestCrackWidth.bas","1214","If runner.Converged And runner.WithinPhysicalRange Then","Pending","",""
"tests/modTestCrackWidth.bas","1230","If crack.FormationResult.HasLimitPoint And crack.ResultMeta.Calculated Then","Pending","",""
"tests/modTestCrackWidth.bas","1231","AssertTrue stats, prefix & "".psiRange"", crack.PsiS >= 0# And crack.PsiS <= 1#","Pending","",""
"tests/modTestGeometry.bas","912","AssertTrue stats, ""rectset.rectangle.rebarSkipsLower"", CountBarsWithSource(rectangleBars, ""H2"") = 0 And CountBarsWithSource(rectangleBars, ""B2"") = 0","Pending","",""
"tests/modTestGeometry.bas","1462","If Not initialized Or candidate < minValue Then minValue = candidate","Pending","",""
"tests/modTestGeometry.bas","1567","geom.MaxX > geom.RightBaseX And geom.MaxX < geom.RightBaseX + geom.RightW","Pending","",""
"tests/modTestGeometry.bas","1649","For i = LBound(px) To UBound(px) - 1","Pending","",""
"tests/modTestGeometry.bas","1659","For i = LBound(px) To UBound(px) - 1","Pending","",""
"tests/modTestGeometry.bas","1675","xCoord = px(UBound(px))","Pending","",""
"tests/modTestGeometry.bas","1676","yCoord = py(UBound(py))","Pending","",""
"tests/modTestGeometry.bas","1710","AssertTrue stats, ""rounded.rebar.top.lastX.followsTaperAngle"", layout.X(5) > 360# And layout.X(5) < 400#","Pending","",""
"tests/modTestGeometry.bas","1722","AssertClose stats, ""rounded.rebar.hLeft.pathStartX"", leftPathX(LBound(leftPathX)), topX1, 0.000001","Pending","",""
"tests/modTestGeometry.bas","1723","AssertClose stats, ""rounded.rebar.hLeft.pathStartY"", leftPathY(LBound(leftPathY)), topY1, 0.000001","Pending","",""
"tests/modTestGeometry.bas","1724","AssertClose stats, ""rounded.rebar.hLeft.pathEndX"", leftPathX(UBound(leftPathX)), bottomX1, 0.000001","Pending","",""
"tests/modTestGeometry.bas","1725","AssertClose stats, ""rounded.rebar.hLeft.pathEndY"", leftPathY(UBound(leftPathY)), bottomY1, 0.000001","Pending","",""
"tests/modTestGeometry.bas","1741","AssertClose stats, ""rounded.rebar.hRight.pathStartX"", rightPathX(LBound(rightPathX)), topX2, 0.000001","Pending","",""
"tests/modTestGeometry.bas","1742","AssertClose stats, ""rounded.rebar.hRight.pathStartY"", rightPathY(LBound(rightPathY)), topY2, 0.000001","Pending","",""
"tests/modTestGeometry.bas","1743","AssertClose stats, ""rounded.rebar.hRight.pathEndX"", rightPathX(UBound(rightPathX)), bottomX2, 0.000001","Pending","",""
"tests/modTestGeometry.bas","1744","AssertClose stats, ""rounded.rebar.hRight.pathEndY"", rightPathY(UBound(rightPathY)), bottomY2, 0.000001","Pending","",""
"tests/modTestGeometry.bas","1769","AssertClose stats, ""rounded.rebar.simpleLeft.pathStartX"", simpleLeftPathX(LBound(simpleLeftPathX)), simpleTopX1, 0.000001","Pending","",""
"tests/modTestGeometry.bas","1770","AssertClose stats, ""rounded.rebar.simpleLeft.pathStartY"", simpleLeftPathY(LBound(simpleLeftPathY)), simpleTopY1, 0.000001","Pending","",""
"tests/modTestGeometry.bas","1771","AssertClose stats, ""rounded.rebar.simpleLeft.pathEndX"", simpleLeftPathX(UBound(simpleLeftPathX)), simpleBottomX1, 0.000001","Pending","",""
"tests/modTestGeometry.bas","1772","AssertClose stats, ""rounded.rebar.simpleLeft.pathEndY"", simpleLeftPathY(UBound(simpleLeftPathY)), simpleBottomY1, 0.000001","Pending","",""
"tests/modTestGeometry.bas","1777","AssertClose stats, ""rounded.rebar.simpleRight.pathStartX"", simpleRightPathX(LBound(simpleRightPathX)), simpleTopX2, 0.000001","Pending","",""
"tests/modTestGeometry.bas","1778","AssertClose stats, ""rounded.rebar.simpleRight.pathStartY"", simpleRightPathY(LBound(simpleRightPathY)), simpleTopY2, 0.000001","Pending","",""
"tests/modTestGeometry.bas","1779","AssertClose stats, ""rounded.rebar.simpleRight.pathEndX"", simpleRightPathX(UBound(simpleRightPathX)), simpleBottomX2, 0.000001","Pending","",""
"tests/modTestGeometry.bas","1780","AssertClose stats, ""rounded.rebar.simpleRight.pathEndY"", simpleRightPathY(UBound(simpleRightPathY)), simpleBottomY2, 0.000001","Pending","",""
"tests/modTestGeometry.bas","2105","If mesh.FiberWidth(i) < baseStep Or mesh.FiberHeight(i) < baseStep Then","Pending","",""
"tests/modTestGeometry.bas","2263","If StrComp(annotations.AnnotationType(i), annotationType, vbTextCompare) = 0 And _","Pending","",""
"tests/modTestGeometry.bas","2322","ElseIf findMax And layout.Y(i) > ExtremeYInAnnotationGroup Then","Pending","",""
"tests/modTestGeometry.bas","2324","ElseIf Not findMax And layout.Y(i) < ExtremeYInAnnotationGroup Then","Pending","",""
"tests/modTestGeometry.bas","2479","AssertTrue stats, ""audit03.geometry.rounded.stableReason"", message = repeatedMessage And Len(message) > 0","Pending","",""
"tests/modTestGeometry.bas","2484","AssertTrue stats, ""audit03.geometry.rounded.revalidated"", rounded.IsValid(message) And Len(message) = 0","Pending","",""
"tests/modTestGeometry.bas","2488","For contourIndex = LBound(contourX) To UBound(contourX)","Pending","",""
"tests/modTestGeometry.bas","2501","AssertTrue stats, ""audit03.geometry.hollow.stableReason"", message = repeatedMessage And Len(message) > 0","Pending","",""
"tests/modTestGeometry.bas","2506","AssertTrue stats, ""audit03.geometry.hollow.revalidated"", hollow.IsValid(message) And Len(message) = 0","Pending","",""
"tests/modTestGeometry.bas","2530","AssertTrue stats, ""audit03.geometry.rounded.areaAvailable"", available And freshAvailable","Pending","",""
"tests/modTestGeometry.bas","2532","AssertTrue stats, ""audit03.geometry.hollow.areaAvailable"", available And freshAvailable","Pending","",""
"tests/modTestMaterialDiagrams.bas","619","For i = 0 To UBound(values)","Pending","",""
"tests/modTestMaterialDiagrams.bas","624","For i = 0 To UBound(values)","Pending","",""
"tests/modTestMaterialDiagrams.bas","675","errorCode <> 0 And errorCode <> 6 And errorCode <> 13","Pending","",""
"tests/modTestMaterialDiagrams.bas","766","affected = useTension And ((index = 1) = (valueSet = ""ULS(I)""))","Pending","",""
"tests/modTestMaterialDiagrams.bas","782","affected = three And useTension","Pending","",""
"tests/modTestMaterialDiagrams.bas","793","affected = useTension And ((index = 10) = three)","Pending","",""
"tests/modTestRegressionBaseline.bas","136","AssertTrue stats, ""geometry_change.state_changed"", Abs(smallSolver.KappaX - largeSolver.KappaX) > 0.000000000001 Or _","Pending","",""
"tests/modTestRegressionBaseline.bas","137","Abs(smallSolver.KappaY - largeSolver.KappaY) > 0.000000000001 Or _","Pending","",""
"tests/modTestSectionSolver.bas","261","For i = LBound(removedKeys) To UBound(removedKeys)","Pending","",""
"tests/modTestSectionSolver.bas","270","For i = LBound(rangeNames) To UBound(rangeNames)","Pending","",""
"tests/modTestSectionSolver.bas","279","For i = LBound(removedRanges) To UBound(removedRanges)","Pending","",""
"tests/modTestSectionSolver.bas","292","For i = LBound(requiredKeys) To UBound(requiredKeys)","Pending","",""
"tests/modTestSectionSolver.bas","522","AssertTrue stats, ""section.systemMethod.newtonBranch"", solver.Converged And solver.InternalNewtonCallCount > 0","Pending","",""
"tests/modTestSectionSolver.bas","548","If newton.Converged And secant.Converged Then","Pending","",""
"tests/modTestSectionSolver.bas","796","If scenario = 2 Or scenario = 3 Then expectedExternal = ""NumFail""","Pending","",""
"tests/modTestSectionSolver.bas","803","If scenario = 1 Or scenario = 5 Or scenario >= 6 Then","Pending","",""
"tests/modTestSectionSolver.bas","1238","AssertTrue stats, prefix & "".numericCause"", solver.FailureCode = sfcNumericalFailure Or solver.FailureCode = sfcSingularTangent","Pending","",""
"tests/modTestSectionSolver.bas","1256","AssertTrue stats, prefix & "".normalRecovers"", solver.Converged And solver.FailureCode = sfcNone","Pending","",""
"tests/modTestSectionSolver.bas","1301","AssertTrue stats, ""audit03.effect.Solver.LoadSteps.one"", first.Converged And first.LoadStepsCompleted = 1","Pending","",""
"tests/modTestSectionSolver.bas","1302","AssertTrue stats, ""audit03.effect.Solver.LoadSteps.four"", second.Converged And second.LoadStepsCompleted = 4","Pending","",""
"tests/modTestSectionSolver.bas","1303","AssertTrue stats, ""audit03.effect.Solver.LoadSteps.work"", second.InternalNewtonCallCount = 4 And first.InternalNewtonCallCount = 1","Pending","",""
"tests/modTestSectionSolver.bas","1309","AssertTrue stats, ""audit03.effect.Solver.MaxIterations.one"", Not first.Converged And first.Iterations = 1","Pending","",""
"tests/modTestSectionSolver.bas","1310","AssertTrue stats, ""audit03.effect.Solver.MaxIterations.four"", second.Converged And second.Iterations <= 4","Pending","",""
"tests/modTestSectionSolver.bas","1323","AssertTrue stats, ""audit03.effect."" & CStr(key) & "".loose"", first.Converged And first.Iterations = 1","Pending","",""
"tests/modTestSectionSolver.bas","1324","AssertTrue stats, ""audit03.effect."" & CStr(key) & "".strict"", second.Converged And second.Iterations > first.Iterations","Pending","",""
"tests/modTestSectionSolver.bas","1347","AssertTrue stats, ""audit03.effect."" & CStr(key) & "".converged"", first.Converged And second.Converged","Pending","",""
"tests/modTestSectionSolver.bas","1357","AssertTrue stats, ""audit03.effect.Solver.Method.Newton"", first.Converged And first.InternalNewtonCallCount = 1","Pending","",""
"tests/modTestSectionSolver.bas","1358","AssertTrue stats, ""audit03.effect.Solver.Method.Secant"", second.Converged And second.InternalNewtonCallCount = 0","Pending","",""
"tests/modTestSectionSolver.bas","1365","AssertTrue stats, ""audit03.effect.Solver.SecantMinStepNorm.large"", Not second.Converged And second.MatrixRestartCount = 2","Pending","",""
"tests/modTestSectionSolver.bas","1371","AssertTrue stats, ""audit03.effect.Solver.SecantMaxRestarts.zero"", Not first.Converged And first.MatrixRestartCount = 0","Pending","",""
"tests/modTestSectionSolver.bas","1372","AssertTrue stats, ""audit03.effect.Solver.SecantMaxRestarts.three"", Not second.Converged And second.MatrixRestartCount = 3","Pending","",""
"tests/modTestSectionSolver.bas","1376","AssertTrue stats, ""audit03.effect.SecantOptions.inactiveInNewton"", first.Converged And first.MatrixRestartCount = 0","Pending","",""
"tests/modTestSectionSolver.bas","1406","For i = 0 To UBound(keys)","Pending","",""
"tests/modTestSectionSolver.bas","1408","If forceSmallSecantStep And CStr(keys(i)) = ""Solver.SecantMinStepNorm"" Then data(i + 2, 2) = 1#","Pending","",""
"tests/modTestSectionSolver.bas","1435","Not solver.Converged And solver.FailureCode = sfcInvalidConfiguration","Pending","",""
"tests/modTestSectionSolver.bas","1459","For i = 0 To UBound(keys)","Pending","",""
"tests/modTestSectionSolver.bas","1464","Not solver.Converged And solver.FailureCode = sfcInvalidConfiguration","Pending","",""
"tests/modTestSectionSolver.bas","1503","AssertTrue stats, ""audit03.effect.Solver.MinLineSearchAlpha.one"", Not first.Converged And first.FailureCode = sfcNumericalFailure","Pending","",""
"tests/modTestWorkbookInterface.bas","137","AssertTrue stats, ""ui.loads.layout.position"", loads.Row = 3 And loads.Column = 15","Pending","",""
"tests/modTestWorkbookInterface.bas","175","AssertTrue stats, ""ui.buttons.outsidePrint"", runButton.Left > calc.Range(""AJ1"").Left And importButton.Left > calc.Range(""AJ1"").Left And clearButton.Left > calc.Range(""AJ1"").Left And acadButton.Left > calc.Range(""AJ1"").Left And plotButton.Left > calc.Range(""AJ1"").Left","Pending","",""
"tests/modTestWorkbookInterface.bas","176","AssertTrue stats, ""ui.buttons.textCentered"", ButtonTextIsCentered(runButton) And ButtonTextIsCentered(importButton) And _","Pending","",""
"tests/modTestWorkbookInterface.bas","177","ButtonTextIsCentered(clearButton) And ButtonTextIsCentered(acadButton) And ButtonTextIsCentered(plotButton)","Pending","",""
"tests/modTestWorkbookInterface.bas","182","ButtonTextIsCentered = (buttonShape.TextFrame.HorizontalAlignment = -4108 And _","Pending","",""
"tests/modTestWorkbookInterface.bas","272","AssertTrue stats, ""ui.executionReport.content"", InStr(1, reportText, ""ОТЧЕТ ВЫПОЛНЕНИЯ RC SECTION NDM"", vbTextCompare) > 0 And _","Pending","",""
"tests/modTestWorkbookInterface.bas","273","InStr(1, reportText, ""Старт расчета"", vbTextCompare) > 0 And _","Pending","",""
"tests/modTestWorkbookInterface.bas","274","InStr(1, reportText, ""Итерации прямого CSectionSolver"", vbTextCompare) > 0 And _","Pending","",""
"tests/modTestWorkbookInterface.bas","358","AssertTrue stats, ""ui.autocad.reference.point"", Abs(batch.LoadReferenceX) > 0.000001 Or Abs(batch.LoadReferenceY) > 0.000001","Pending","",""
"tests/modTestWorkbookInterface.bas","426","AssertTrue stats, ""ui.loads.minRows.headerOnlyRejected"", errorNumber <> 0 And _","Pending","",""
"tests/modTestWorkbookInterface.bas","463","AssertTrue stats, ""ui.loads.partial.message"", InStr(1, message, ""ошиб"", vbTextCompare) > 0 And _","Pending","",""
"tests/modTestWorkbookInterface.bas","481","InStr(1, message, ""InputErr"", vbTextCompare) > 0 And _","Pending","",""
"tests/modTestWorkbookInterface.bas","504","InStr(1, description, ""предварительно импортированной"", vbTextCompare) > 0 And _","Pending","",""
"tests/modTestWorkbookInterface.bas","755","AssertTrue stats, ""ui.plot.overlay.shapes"", CountGeneratedPlotShapes(""Principal1"") > 0 And _","Pending","",""
"tests/modTestWorkbookInterface.bas","756","CountGeneratedPlotShapes(""Principal2"") > 0 And Not loadPoint Is Nothing","Pending","",""
"tests/modTestWorkbookInterface.bas","757","If CountGeneratedPlotShapes(""Principal1"") <= 0 Or CountGeneratedPlotShapes(""Principal2"") <= 0 Or loadPoint Is Nothing Then","Pending","",""
"tests/modTestWorkbookInterface.bas","762","AssertTrue stats, ""ui.plot.overlay.chartLayer"", CountPlotShapes(""Principal1"") > 0 And _","Pending","",""
"tests/modTestWorkbookInterface.bas","763","CountPlotShapes(""Principal2"") > 0 And CountPlotShapes(""LoadPoint"") > 0 And _","Pending","",""
"tests/modTestWorkbookInterface.bas","764","CountWorksheetPlotShapes(""Principal1"") = 0 And CountWorksheetPlotShapes(""Principal2"") = 0 And _","Pending","",""
"tests/modTestWorkbookInterface.bas","766","AssertTrue stats, ""ui.plot.axisLabels.exists"", CountPlotShapes(""AxisLabelX"") = 1 And CountPlotShapes(""AxisLabelY"") = 1","Pending","",""
"tests/modTestWorkbookInterface.bas","767","AssertTrue stats, ""ui.plot.axisLabels.text"", PlotShapeTextContains(""Ось X"") And PlotShapeTextContains(""Ось Y"")","Pending","",""
"tests/modTestWorkbookInterface.bas","768","AssertTrue stats, ""ui.plot.axisLabels.italic"", PlotShapeTextItalic(""AxisLabelX"") And PlotShapeTextItalic(""AxisLabelY"")","Pending","",""
"tests/modTestWorkbookInterface.bas","770","AssertTrue stats, ""ui.plot.axisLabels.insideFrame"", PlotShapesInsideStableFrame(""AxisLabelX"", 0.5) And _","Pending","",""
"tests/modTestWorkbookInterface.bas","779","AssertTrue stats, ""ui.plot.overlay.clippedAxes"", PlotShapesInsideStableFrame(""Principal1"", 1#) And _","Pending","",""
"tests/modTestWorkbookInterface.bas","904","Len(ResultsPropertyValue(""ALL"", ""LoadReferenceX"")) > 0 And Len(ResultsPropertyValue(""ALL"", ""LoadReferenceY"")) > 0","Pending","",""
"tests/modTestWorkbookInterface.bas","1053","AssertTrue stats, ""ui.run.strainPlane"", IsNumeric(strengthAnchor.Worksheet.Cells.Item(strengthAnchor.Row, 15).Value2) And _","Pending","",""
"tests/modTestWorkbookInterface.bas","1054","IsNumeric(strengthAnchor.Worksheet.Cells.Item(strengthAnchor.Row, 16).Value2) And _","Pending","",""
"tests/modTestWorkbookInterface.bas","1058","AssertTrue stats, ""ui.run.crack"", Len(CStr(crackAnchor.Worksheet.Cells.Item(crackAnchor.Row, 3).Value2)) > 0 And _","Pending","",""
"tests/modTestWorkbookInterface.bas","1067","AssertTrue stats, ""ui.strengthSummary.currentDepths"", IsNumeric(resultsSheet.Cells.Item(strengthAnchor.Row, 26).Value2) And IsNumeric(resultsSheet.Cells.Item(strengthAnchor.Row, 27).Value2)","Pending","",""
"tests/modTestWorkbookInterface.bas","1068","AssertTrue stats, ""ui.strengthSummary.direct.noCapacityDepths"", Len(CStr(resultsSheet.Cells.Item(strengthAnchor.Row, 46).Value2)) = 0 And Len(CStr(resultsSheet.Cells.Item(strengthAnchor.Row, 47).Value2)) = 0","Pending","",""
"tests/modTestWorkbookInterface.bas","1072","AssertTrue stats, ""ui.results.elements.rows"", UBound(elementResults, 1) > 1","Pending","",""
"tests/modTestWorkbookInterface.bas","1083","AssertTrue stats, ""ui.results.geometry.rows"", UBound(geometryResults, 1) > 1","Pending","",""
"tests/modTestWorkbookInterface.bas","1084","AssertTrue stats, ""ui.results.strength.anchor"", ThisWorkbook.Names.Item(""rngStrengthSummaryAnchor"").RefersToRange.Row = 49 And ThisWorkbook.Names.Item(""rngStrengthSummaryAnchor"").RefersToRange.Column = 1","Pending","",""
"tests/modTestWorkbookInterface.bas","1085","AssertTrue stats, ""ui.results.crack.anchor"", ThisWorkbook.Names.Item(""rngCrackSummaryAnchor"").RefersToRange.Row = 85 And ThisWorkbook.Names.Item(""rngCrackSummaryAnchor"").RefersToRange.Column = 1","Pending","",""
"tests/modTestWorkbookInterface.bas","1086","AssertTrue stats, ""ui.results.stability.anchor"", ThisWorkbook.Names.Item(""rngStabilitySummaryAnchor"").RefersToRange.Row = 122 And ThisWorkbook.Names.Item(""rngStabilitySummaryAnchor"").RefersToRange.Column = 1","Pending","",""
"tests/modTestWorkbookInterface.bas","1087","AssertTrue stats, ""ui.results.geometry.position"", ThisWorkbook.Names.Item(""rngNDMSectionGeometry"").RefersToRange.Row = 156 And ThisWorkbook.Names.Item(""rngNDMSectionGeometry"").RefersToRange.Column = 12","Pending","",""
"tests/modTestWorkbookInterface.bas","1088","AssertTrue stats, ""ui.results.properties.position"", ThisWorkbook.Names.Item(""rngNDMSectionProperties"").RefersToRange.Row = 156 And ThisWorkbook.Names.Item(""rngNDMSectionProperties"").RefersToRange.Column = 29","Pending","",""
"tests/modTestWorkbookInterface.bas","1089","AssertTrue stats, ""ui.results.materialDiagrams.position"", ThisWorkbook.Names.Item(""rngNDMMaterialDiagrams"").RefersToRange.Row = 156 And ThisWorkbook.Names.Item(""rngNDMMaterialDiagrams"").RefersToRange.Column = 37","Pending","",""
"tests/modTestWorkbookInterface.bas","1090","AssertTrue stats, ""ui.results.annotations.position"", ThisWorkbook.Names.Item(""rngNDMSectionAnnotations"").RefersToRange.Row = 156 And ThisWorkbook.Names.Item(""rngNDMSectionAnnotations"").RefersToRange.Column = 50","Pending","",""
"tests/modTestWorkbookInterface.bas","1096","ResultsPropertyExists(""LC1"", ""State.CrackedState.NeutralLine.Angle"") And _","Pending","",""
"tests/modTestWorkbookInterface.bas","1099","Not ResultsPropertyExists(""LC1"", ""Epsilon0"") And _","Pending","",""
"tests/modTestWorkbookInterface.bas","1100","Not ResultsPropertyExists(""LC1"", ""KappaX"") And _","Pending","",""
"tests/modTestWorkbookInterface.bas","1104","ResultsPropertyExists(""ALL"", ""LoadReferenceX"") And ResultsPropertyExists(""ALL"", ""LoadReferenceY"")","Pending","",""
"tests/modTestWorkbookInterface.bas","1106","ResultsPropertyExists(""ALL"", ""Transformed.CentroidX"") And _","Pending","",""
"tests/modTestWorkbookInterface.bas","1107","ResultsPropertyExists(""ALL"", ""Transformed.CentroidY"") And _","Pending","",""
"tests/modTestWorkbookInterface.bas","1108","ResultsPropertyExists(""ALL"", ""Transformed.PrincipalAngle"") And _","Pending","",""
"tests/modTestWorkbookInterface.bas","1109","ResultsPropertyExists(""ALL"", ""Transformed.PrincipalI1"") And _","Pending","",""
"tests/modTestWorkbookInterface.bas","1112","Not ResultsPropertyExists(""ALL"", ""CentroidX"") And _","Pending","",""
"tests/modTestWorkbookInterface.bas","1113","Not ResultsPropertyExists(""ALL"", ""CentroidY"") And _","Pending","",""
"tests/modTestWorkbookInterface.bas","1114","Not ResultsPropertyExists(""ALL"", ""PrincipalAngle"") And _","Pending","",""
"tests/modTestWorkbookInterface.bas","1115","Not ResultsPropertyExists(""ALL"", ""PrincipalI1"") And _","Pending","",""
"tests/modTestWorkbookInterface.bas","1118","Not ResultsPropertyExists(""LC1"", ""LoadReferenceX"") And Not ResultsPropertyExists(""LC1"", ""LoadReferenceY"")","Pending","",""
"tests/modTestWorkbookInterface.bas","1125","AssertTrue stats, ""ui.results.materialDiagrams.rows"", UBound(materialDiagrams, 1) > 1","Pending","",""
"tests/modTestWorkbookInterface.bas","1138","PlotShapeTextContains(""Схема сечения"") And PlotShapeTextContains(""(ui test)"")","Pending","",""
"tests/modTestWorkbookInterface.bas","1145","Len(ProfileSettingValue(""PR3"", ""Profile.DisplayName"")) > 0 And _","Pending","",""
"tests/modTestWorkbookInterface.bas","1146","ProfileSettingValue(""PR3"", ""Calculation.Strength.DirectState"") = ""Yes"" And _","Pending","",""
"tests/modTestWorkbookInterface.bas","1149","Len(ProfileSettingValue(""PR4"", ""Profile.DisplayName"")) > 0 And _","Pending","",""
"tests/modTestWorkbookInterface.bas","1150","ProfileSettingValue(""PR4"", ""Visualization.Quantity"") = ""Strain"" And _","Pending","",""
"tests/modTestWorkbookInterface.bas","1198","UBound(elementResults, 1) = expectedElementRows","Pending","",""
"tests/modTestWorkbookInterface.bas","1267","InStr(1, errorText, ""не помещаются"", vbTextCompare) > 0 And _","Pending","",""
"tests/modTestWorkbookInterface.bas","1268","InStr(1, errorText, ""Расчет не запущен"", vbTextCompare) > 0 And _","Pending","",""
"tests/modTestWorkbookInterface.bas","1269","InStr(1, errorText, ""Что сделать"", vbTextCompare) > 0 And _","Pending","",""
"tests/modTestWorkbookInterface.bas","1270","InStr(1, errorText, ""Вставьте"", vbTextCompare) > 0 And _","Pending","",""
"tests/modTestWorkbookInterface.bas","1271","InStr(1, errorText, ""на листе Results"", vbTextCompare) > 0 And _","Pending","",""
"tests/modTestWorkbookInterface.bas","1272","InStr(1, errorText, ""над строкой"", vbTextCompare) > 0 And _","Pending","",""
"tests/modTestWorkbookInterface.bas","1273","InStr(1, errorText, ""над строкой 44"", vbTextCompare) > 0 And _","Pending","",""
"tests/modTestWorkbookInterface.bas","1274","InStr(1, errorText, ""над строкой 80"", vbTextCompare) > 0 And _","Pending","",""
"tests/modTestWorkbookInterface.bas","1275","InStr(1, errorText, ""над строкой 116"", vbTextCompare) > 0 And _","Pending","",""
"tests/modTestWorkbookInterface.bas","1276","InStr(1, errorText, ""над строкой 45"", vbTextCompare) = 0 And _","Pending","",""
"tests/modTestWorkbookInterface.bas","1277","InStr(1, errorText, ""над строкой 81"", vbTextCompare) = 0 And _","Pending","",""
"tests/modTestWorkbookInterface.bas","1278","InStr(1, errorText, ""над строкой 117"", vbTextCompare) = 0 And _","Pending","",""
"tests/modTestWorkbookInterface.bas","1279","InStr(1, errorText, ""на листе Config"", vbTextCompare) > 0 And _","Pending","",""
"tests/modTestWorkbookInterface.bas","1280","InStr(1, errorText, vbCrLf & ""1)"", vbBinaryCompare) > 0 And _","Pending","",""
"tests/modTestWorkbookInterface.bas","1281","InStr(1, errorText, vbCrLf & ""2)"", vbBinaryCompare) > 0 And _","Pending","",""
"tests/modTestWorkbookInterface.bas","1282","InStr(1, errorText, ""rngStrengthSummaryAnchor"", vbTextCompare) > 0 And _","Pending","",""
"tests/modTestWorkbookInterface.bas","1283","InStr(1, errorText, ""rngCrackSummaryAnchor"", vbTextCompare) > 0 And _","Pending","",""
"tests/modTestWorkbookInterface.bas","1284","InStr(1, errorText, ""rngStabilitySummaryAnchor"", vbTextCompare) > 0 And _","Pending","",""
"tests/modTestWorkbookInterface.bas","1372","""; elementResultRows="" & CStr(UBound(elementResults, 1)) & _","Pending","",""
"tests/modTestWorkbookInterface.bas","1380","UBound(elementResults, 1) = 1 + 20 * 5 * geometryRowCount","Pending","",""
"tests/modTestWorkbookInterface.bas","1612","safeOverall = ""OK"" Or safeOverall = ""FAIL""","Pending","",""
"tests/modTestWorkbookInterface.bas","1614","safeCrack = ""OK"" Or safeCrack = ""FAIL""","Pending","",""
"tests/modTestWorkbookInterface.bas","1617","overOverall = ""FAIL"" Or overOverall = ""NumFail""","Pending","",""
"tests/modTestWorkbookInterface.bas","1619","overCrack <> ""NumFail"" And overCrack <> ""InputErr""","Pending","",""
"tests/modTestWorkbookInterface.bas","1695","If safetyValue > 0# And (bestSafety = 0# Or safetyValue < bestSafety) Then","Pending","",""
"tests/modTestWorkbookInterface.bas","1787","For colIndex = 1 To UBound(data, 2)","Pending","",""
"tests/modTestWorkbookInterface.bas","1811","If loadCaseColumn = 0 Or stateTypeColumn = 0 Then Exit Function","Pending","",""
"tests/modTestWorkbookInterface.bas","1814","For rowIndex = 2 To UBound(data, 1)","Pending","",""
"tests/modTestWorkbookInterface.bas","1815","If StrComp(CStr(data(rowIndex, loadCaseColumn)), loadCase, vbTextCompare) = 0 And _","Pending","",""
"tests/modTestWorkbookInterface.bas","1833","If loadCaseColumn = 0 Or stateTypeColumn = 0 Or stressColumn = 0 Then Exit Function","Pending","",""
"tests/modTestWorkbookInterface.bas","1837","For rowIndex = 2 To UBound(data, 1)","Pending","",""
"tests/modTestWorkbookInterface.bas","1838","If StrComp(CStr(data(rowIndex, loadCaseColumn)), loadCase, vbTextCompare) = 0 And _","Pending","",""
"tests/modTestWorkbookInterface.bas","1856","If stateCol = 0 Or modeCol = 0 Then Exit Function","Pending","",""
"tests/modTestWorkbookInterface.bas","1859","For rowIndex = 2 To UBound(materialDiagrams, 1)","Pending","",""
"tests/modTestWorkbookInterface.bas","1860","If StrComp(CStr(materialDiagrams(rowIndex, stateCol)), stateTypeText, vbTextCompare) = 0 And _","Pending","",""
"tests/modTestWorkbookInterface.bas","1884","If diagramCol = 0 Or pointCol = 0 Then Exit Function","Pending","",""
"tests/modTestWorkbookInterface.bas","1887","For rowIndex = 2 To UBound(materialDiagrams, 1)","Pending","",""
"tests/modTestWorkbookInterface.bas","1909","If parameterCol = 0 Or valueCol = 0 Then Exit Function","Pending","",""
"tests/modTestWorkbookInterface.bas","1911","For rowIndex = 2 To UBound(props, 1)","Pending","",""
"tests/modTestWorkbookInterface.bas","1914","If Right$(parameterName, Len(""ConcreteDiagramId"")) = ""ConcreteDiagramId"" Or _","Pending","",""
"tests/modTestWorkbookInterface.bas","2040","AutoCADCombinationValidationIsDynamic = (CStr(listRange.Cells.Item(1, 1).Value2) = ""Worst"" And _","Pending","",""
"tests/modTestWorkbookInterface.bas","2041","CStr(listRange.Cells.Item(2, 1).Value2) = ""LC1"" And listRange.Cells.Item(2, 1).HasFormula)","Pending","",""
"tests/modTestWorkbookInterface.bas","2070","LoadCaseValidationIsDynamicForSetting = (CStr(listRange.Cells.Item(1, 1).Value2) = ""Worst"" And _","Pending","",""
"tests/modTestWorkbookInterface.bas","2071","CStr(listRange.Cells.Item(2, 1).Value2) = ""LC1"" And listRange.Cells.Item(2, 1).HasFormula)","Pending","",""
"tests/modTestWorkbookInterface.bas","2087","For rowIndex = 2 To UBound(data, 1)","Pending","",""
"tests/modTestWorkbookInterface.bas","2088","If StrComp(CStr(data(rowIndex, colLC)), loadCase, vbTextCompare) = 0 And _","Pending","",""
"tests/modTestWorkbookInterface.bas","2108","For rowIndex = 2 To UBound(data, 1)","Pending","",""
"tests/modTestWorkbookInterface.bas","2109","If StrComp(CStr(data(rowIndex, colLC)), loadCase, vbTextCompare) = 0 And _","Pending","",""
"tests/modTestWorkbookInterface.bas","2152","If colID = 0 Or colValue = 0 Then Err.Raise vbObjectError + 4850, ""GeometryResultValue"", _","Pending","",""
"tests/modTestWorkbookInterface.bas","2156","For rowIndex = 2 To UBound(data, 1)","Pending","",""
"tests/modTestWorkbookInterface.bas","2170","For colIndex = 1 To UBound(data, 2)","Pending","",""
"tests/modTestWorkbookInterface.bas","2218","r1Plus > 0# And r1Minus > 0# And r2Plus > 0# And r2Minus > 0#","Pending","",""
"tests/modTestWorkbookInterface.bas","2228","xPlus > 0# And xMinus > 0# And yPlus > 0# And yMinus > 0#","Pending","",""
"tests/modTestWorkbookInterface.bas","2230","Len(ResultsPropertyValue(""ALL"", ""Concrete.CoreDistanceXPlus"")) > 0 And _","Pending","",""
"tests/modTestWorkbookInterface.bas","2402","If pointX >= leftValue And pointX <= rightValue And _","Pending","",""
"tests/modTestWorkbookInterface.bas","2403","pointY >= topValue And pointY <= bottomValue Then","Pending","",""
"tests/modTestWorkbookInterface.bas","2421","If Left$(sheet.Shapes.Item(shapeIndex).Name, Len(""NDMPlot_"")) = ""NDMPlot_"" And _","Pending","",""
"tests/modTestWorkbookInterface.bas","2543","For rowIndex = 2 To UBound(annotationData, 1)","Pending","",""
"tests/modTestWorkbookInterface.bas","2561","For rowIndex = 2 To UBound(annotationData, 1)","Pending","",""
"tests/modTestWorkbookInterface.bas","2581","For rowIndex = 2 To UBound(annotationData, 1)","Pending","",""
"tests/modTestWorkbookInterface.bas","2619","For rangeIndex = LBound(ranges) To UBound(ranges)","Pending","",""
"tests/modTestWorkbookInterface.bas","3108","For rangeIndex = LBound(ranges) To UBound(ranges)","Pending","",""
"tests/modTestWorkbookInterface.bas","3130","WorkbookNameExists = (Err.Number = 0 And Not nm Is Nothing)","Pending","",""
"tests/modTestWorkbookInterface.bas","3215","InStr(1, formulaText, ""rngUnitSettings"", vbTextCompare) > 0 And _","Pending","",""
"tests/modTestWorkbookInterface.bas","3286","InStr(1, formulaText, ""rngUnitSettings"", vbTextCompare) > 0 And _","Pending","",""
"tests/modTestWorkbookInterface.bas","3287","InStr(1, formulaText, """""""" & quantity1 & """""""", vbTextCompare) > 0 And _","Pending","",""
"tests/modTestWorkbookInterface.bas","3315","If candidate.Worksheet.Name = anchor.Worksheet.Name And candidate.Row = anchor.Row Then","Pending","",""
"tests/modTestWorkbookInterface.bas","3319","If bestDelta = 0 Or delta < bestDelta Then bestDelta = delta","Pending","",""
"tests/modTestWorkbookInterface.bas","3335","For rangeIndex = LBound(ranges) To UBound(ranges)","Pending","",""
"tests/modTestWorkbookInterface.bas","3358","If listRange.Cells.Count <> (UBound(expectedOptions) - LBound(expectedOptions) + 1) Then Exit Function","Pending","",""
"tests/modTestWorkbookInterface.bas","3359","For i = LBound(expectedOptions) To UBound(expectedOptions)","Pending","",""
"tests/modTestWorkbookInterface.bas","3360","If CStr(listRange.Cells.Item(i - LBound(expectedOptions) + 1, 1).Value2) <> CStr(expectedOptions(i)) Then Exit Function","Pending","",""
"tests/modTestWorkbookInterface.bas","3387","If listRange.Cells.Count <> (UBound(expectedOptions) - LBound(expectedOptions) + 1) Then Exit Function","Pending","",""
"tests/modTestWorkbookInterface.bas","3388","For i = LBound(expectedOptions) To UBound(expectedOptions)","Pending","",""
"tests/modTestWorkbookInterface.bas","3389","If CStr(listRange.Cells.Item(i - LBound(expectedOptions) + 1, 1).Value2) <> CStr(expectedOptions(i)) Then Exit Function","Pending","",""
"tests/modTestWorkbookInterface.bas","3429","If StrComp(CStr(settings.Cells.Item(rowIndex, 1).Value2), ""Грань"", vbTextCompare) = 0 And _","Pending","",""
"tests/modTestWorkbookInterface.bas","3529","If listRange.Cells.Count <> (UBound(expectedOptions) - LBound(expectedOptions) + 1) Then Exit Function","Pending","",""
"tests/modTestWorkbookInterface.bas","3530","For i = LBound(expectedOptions) To UBound(expectedOptions)","Pending","",""
"tests/modTestWorkbookInterface.bas","3531","If CStr(listRange.Cells.Item(i - LBound(expectedOptions) + 1, 1).Value2) <> CStr(expectedOptions(i)) Then Exit Function","Pending","",""
"tests/modTestWorkbookInterface.bas","3851","For i = LBound(faces) To UBound(faces)","Pending","",""
"tests/modTestWorkbookInterface.bas","3942","If textUnitsRow = 0 Or targetRow = 0 Then Exit Function","Pending","",""
"tests/modTestWorkbookInterface.bas","4221","For i = 0 To UBound(materialKeys)","Pending","",""
"tests/modTestWorkbookInterface.bas","4235","For i = 0 To UBound(tables)","Pending","",""
"tests/modTestWorkbookInterface.bas","4260","For i = 1 To UBound(materialKeys)","Pending","",""
"tests/modTestWorkbookInterface.bas","4280","For i = 0 To UBound(tables)","Pending","",""
"tests/modTestWorkbookInterface.bas","4291","For i = 0 To UBound(materialKeys)","Pending","",""
"tests/modTestWorkbookInterface.bas","4322","If UBound(beforeTable, 1) <> UBound(afterTable, 1) Then Exit Function","Pending","",""
"tests/modTestWorkbookInterface.bas","4323","If UBound(beforeTable, 2) <> UBound(afterTable, 2) Then Exit Function","Pending","",""
"tests/modTestWorkbookInterface.bas","4326","For r = 1 To UBound(beforeTable, 1)","Pending","",""
"tests/modTestWorkbookInterface.bas","4327","For c = 1 To UBound(beforeTable, 2)","Pending","",""
"tests/modTestWorkbookInterface.bas","4497","sheet.Range(""K2"").Value2 = ""Units.Force.Input"": sheet.Range(""L2"").Value2 = IIf(mode = 0, ""N"", ""kN"")","Pending","",""
"tests/modTestWorkbookInterface.bas","4498","sheet.Range(""K3"").Value2 = ""Units.Moment.Input"": sheet.Range(""L3"").Value2 = IIf(mode = 0, ""N*mm"", ""kN*m"")","Pending","",""
"tests/modTestWorkbookInterface.bas","4556","settings.GetBoolean(""Audit03.Test"") = (value = ""Yes"" Or value = ""True"" Or value = ""1"" Or value = ""Да"")","Pending","",""
"tests/modTestWorkbookInterface.bas","4700","For row = 1 To UBound(data, 1)","Pending","",""
"tests/modTestWorkbookInterface.bas","4701","For column = 3 To UBound(data, 2)","Pending","",""
"tests/modTestWorkbookInterface.bas","4710","For row = 1 To UBound(data, 1)","Pending","",""
"tests/modTestWorkbookInterface.bas","4721","Audit03ProfileFlag(profile, CStr(key)) = (value = ""Yes"" Or value = ""True"" Or value = ""1"" Or value = ""Да"")","Pending","",""
"tests/modTestWorkbookInterface.bas","4732","InStr(1, description, CStr(key), vbBinaryCompare) > 0 And InStr(1, description, ""PR1"", vbBinaryCompare) > 0","Pending","",""
"tests/modTestWorkbookInterface.bas","4797","ElseIf Len(CStr(value)) = 0 Or CStr(value) = ""TODO"" Then","Pending","",""
"tests/modTestWorkbookInterface.bas","5045","AssertTrue stats, prefix & "".readerError"", VarType(value) = vbError And errorNumber = vbObjectError + 4309","Pending","",""
"tests/modTestWorkbookInterface.bas","5085","If CLng(column) = 3 Or CLng(column) = 6 Then","Pending","",""
"tests/modTestWorkbookInterface.bas","5113","InStr(1, description, CStr(face), vbTextCompare) > 0 And _","Pending","",""
"tests/modTestWorkbookInterface.bas","5158","AssertTrue stats, prefix & "".mergedPair"", first.MergeCells And _","Pending","",""
"tests/modTestWorkbookInterface.bas","5161","AssertTrue stats, prefix & "".dropdown"", first.Validation.Type = 3 And first.Validation.InCellDropdown","Pending","",""
"tests/modTestWorkbookInterface.bas","5222","If CLng(column) = 3 Or CLng(column) = 6 Then","Pending","",""
"tests/modTestWorkbookInterface.bas","5235","If CLng(column) = 3 Or CLng(column) = 6 Then","Pending","",""
"tests/modTestWorkbookInterface.bas","5240","AssertTrue stats, prefix & "".bothSidesMoved"", changedBars = 6 And changed.Count = 12","Pending","",""
"tests/modTestWorkbookInterface.bas","5308","For q = 0 To UBound(quantities)","Pending","",""
"tests/modTestWorkbookInterface.bas","5315","For optionIndex = 0 To UBound(choices(q))","Pending","",""
"tests/modTestWorkbookInterface.bas","5353","errorNumber = vbObjectError + 4530 + q Or errorNumber = vbObjectError + 4309","Pending","",""
"tests/modTestWorkbookInterface.bas","5412","errorNumber = vbObjectError + 4536 + signIndex Or errorNumber = vbObjectError + 4309","Pending","",""
"tests/modTestWorkbookInterface.bas","5553","signN = IIf((signs And 1) = 0, 1#, -1#)","Pending","",""
"tests/modTestWorkbookInterface.bas","5554","signMx = IIf((signs And 2) = 0, 1#, -1#)","Pending","",""
"tests/modTestWorkbookInterface.bas","5555","signMy = IIf((signs And 4) = 0, 1#, -1#)","Pending","",""
"tests/modTestWorkbookInterface.bas","5556","signRange.Cells(2, 2).Value2 = IIf(signN > 0#, ""Tension"", ""Compression"")","Pending","",""
"tests/modTestWorkbookInterface.bas","5557","signRange.Cells(3, 2).Value2 = IIf(signMx > 0#, ""+Y tension"", ""-Y tension"")","Pending","",""
"tests/modTestWorkbookInterface.bas","5558","signRange.Cells(4, 2).Value2 = IIf(signMy > 0#, ""+X tension"", ""-X tension"")","Pending","",""
"tests/modTestWorkbookInterface.bas","5573","loads.Cells(i + 2, 5).Value2 = IIf(i < 2, ""PR1"", ""PR2"")","Pending","",""
"tests/modTestWorkbookInterface.bas","5600","unitRange.Cells(7, 4).Value2 = IIf((caseIndex Mod 2) = 0, ""1/mm"", ""1/m"")","Pending","",""
"tests/modTestWorkbookInterface.bas","5604","curvatureFactor = IIf((caseIndex Mod 2) = 0, 1#, 0.001)","Pending","",""
"tests/modTestWorkbookInterface.bas","5661","same = (UBound(baseline, 1) = UBound(actual, 1) And UBound(baseline, 2) = UBound(actual, 2))","Pending","",""
"tests/modTestWorkbookInterface.bas","5664","For row = 2 To UBound(baseline, 1)","Pending","",""
"tests/modTestWorkbookInterface.bas","5665","For column = 2 To UBound(baseline, 2)","Pending","",""
"tests/modTestWorkbookInterface.bas","5677","If column = 5 Or column = 6 Then GoTo NextColumn","Pending","",""
"tests/modTestWorkbookInterface.bas","5693","If IsNumeric(baseline(row, column)) And IsNumeric(actual(row, column)) Then","Pending","",""
