"File","SourceLine","Expression","CallPathReview","TestId","Evidence"
"src/Batch/CBatchSectionCalculator.cls","467","CombinationCapacity = UBound(mInputs)","Pending","",""
"src/Batch/CBatchSectionCalculator.cls","501","StabilityLoadCapacity = UBound(mStabilityLoadCombinationID)","Pending","",""
"src/Batch/CBatchSectionCalculator.cls","562","If index < 1 Or index > mCount Then Exit Sub","Pending","",""
"src/Batch/CBatchSectionCalculator.cls","768","If stability.InputValid And stability.Applicable And stability.CheckPassed Then _","Pending","",""
"src/Batch/CBatchSectionCalculator.cls","947","ReportValue ""Путь нагрузки для несущей"", IIf(loadPath.HasPath, loadPath.DisplayName, mInputs(index).CapacityLoadPath)","Pending","",""
"src/Batch/CBatchSectionCalculator.cls","993","effectiveDiagramExtension = (useDiagramExtension And mResults(index).DiagramExtensionEnabled)","Pending","",""
"src/Batch/CBatchSectionCalculator.cls","1022","ReportValue ""НДС "" & SectionStateTypeToText(stateType) & "" сошлось"", IIf(stateResult.Converged, ""да"", ""нет"")","Pending","",""
"src/Batch/CBatchSectionCalculator.cls","1040","If stateResult.ExtensionUsed Or Not stateResult.WithinPhysicalRange Then","Pending","",""
"src/Batch/CBatchSectionCalculator.cls","1048","ReportValue ""Использовано продолжение диаграммы"", IIf(stateResult.ExtensionUsed, ""да"", ""нет"")","Pending","",""
"src/Batch/CBatchSectionCalculator.cls","1149","ReportValue ""Трещина образована"", IIf(mResults(index).CrackResult.Formation.CrackFormed, ""да"", ""нет"")","Pending","",""
"src/Batch/CBatchSectionCalculator.cls","1189","If stateResult.ExtensionUsed Or Not stateResult.WithinPhysicalRange Then Exit Function","Pending","",""
"src/Batch/CBatchSectionCalculator.cls","1203","If stateResult.ExtensionUsed Or Not stateResult.WithinPhysicalRange Then _","Pending","",""
"src/Batch/CBatchSectionCalculator.cls","1589","IsBetterCrackGoverningCandidate = (currentSafety <= 0# Or candidateSafety < currentSafety)","Pending","",""
"src/Batch/CBatchSectionCalculator.cls","1635","IsBetterWorstCandidate = (currentSafety <= 0# Or candidateSafety < currentSafety)","Pending","",""
"src/Batch/CBatchSectionCalculator.cls","1737","If index < 1 Or index > mCount Then Err.Raise vbObjectError + 3943, _","Pending","",""
"src/Batch/CBatchSectionCalculator.cls","1930","If Len(detail) = 0 And mStatusPolicy.IsInvalid(mResults(index).StabilityResult.Status) Then _","Pending","",""
"src/Batch/CBatchSectionCalculator.cls","1932","If Len(detail) = 0 And mStatusPolicy.IsInvalid(mResults(index).StrengthResult.Capacity.Status) Then _","Pending","",""
"src/Batch/CBatchSectionCalculator.cls","1934","If Len(detail) = 0 And mStatusPolicy.IsInvalid(mResults(index).StrengthResult.DirectState.Status) Then _","Pending","",""
"src/Batch/CBatchSectionCalculator.cls","2020","If index < 1 Or index > mCount Then Err.Raise vbObjectError + 4270, _","Pending","",""
"src/Batch/CCalculationProfile.cls","125","IsConfigured = (Len(mDisplayName) > 0 And (mStrengthDirectState Or mStrengthCapacity Or mCrackWidth Or mStabilityEnabled))","Pending","",""
"src/Batch/CCalculationProfile.cls","141","If (mStrengthDirectState Or mStrengthCapacity) And Not mStrengthSpec.IsComplete Then","Pending","",""
"src/Batch/CCalculationProfile.cls","145","If mStabilityEnabled And Not mHasStabilityValueSet Then","Pending","",""
"src/Batch/CCalculationProfile.cls","149","If mCrackWidth And Not mCrackedStateSpec.IsComplete Then","Pending","",""
"src/Batch/CCalculationProfile.cls","153","If mCrackWidth And mCrackedStateSpec.ConcreteTension <> ctkIgnore Then","Pending","",""
"src/Batch/CCalculationProfile.cls","157","If mCrackWidth And Not mCrackInitiationSpec.IsComplete Then","Pending","",""
"src/Batch/CCalculationProfile.cls","161","If mCrackWidth And mCrackInitiationSpec.IsComplete And mCrackInitiationSpec.ConcreteTension <> ctkUseDiagram Then","Pending","",""
"src/Batch/CCalculationProfile.cls","276","If ParseVisualizationPrecision < 0 Or ParseVisualizationPrecision > 10 Then _","Pending","",""
"src/Batch/CCalculationProfileCatalog.cls","42","If UBound(data, 1) < 2 Or UBound(data, 2) < 3 Then Err.Raise vbObjectError + 3987, ""CCalculationProfileCatalog"", _","Pending","",""
"src/Batch/CCalculationProfileCatalog.cls","73","For rowIndex = 1 To UBound(data, 1)","Pending","",""
"src/Batch/CCalculationProfileCatalog.cls","122","If Len(valueSetText) = 0 And Len(concreteDiagramText) = 0 And _","Pending","",""
"src/Batch/CCalculationProfileCatalog.cls","123","Len(concreteTensionText) = 0 And Len(steelDiagramText) = 0 Then","Pending","",""
"src/Batch/CCalculationProfileCatalog.cls","140","For rowIndex = 1 To UBound(data, 1)","Pending","",""
"src/Batch/CCalculationProfileCatalog.cls","141","For colIndex = 3 To UBound(data, 2)","Pending","",""
"src/Batch/CCalculationProfileCatalog.cls","154","For colIndex = 3 To UBound(data, 2)","Pending","",""
"src/Batch/CCalculationProfileCatalog.cls","170","IsProfileIdText = (Len(value) >= 3 And Left$(value, 2) = ""PR"" And IsNumeric(Mid$(value, 3)))","Pending","",""
"src/Batch/CCalculationProfileCatalog.cls","233","If index < 1 Or index > mCount Then Err.Raise vbObjectError + 3985, ""CCalculationProfileCatalog"", ""Индекс профиля вне диапазона.""","Pending","",""
"src/Batch/CCalculationProfileCatalog.cls","238","If index < 1 Or index > mCount Then Err.Raise vbObjectError + 3986, ""CCalculationProfileCatalog"", ""Индекс профиля вне диапазона.""","Pending","",""
"src/Batch/CCapacityLoadPath.cls","156","mForceOnly = (mKey = KEY_N Or mKey = KEY_NMXY) And Not HasMomentVector(userMxValue, userMyValue)","Pending","",""
"src/Batch/CCombinationResult.cls","139","If firstValue > 0# And secondValue > 0# Then","Pending","",""
"src/Batch/CSectionStateResult.cls","86","mWithinPhysicalRange = (withinPhysicalRange And solver.Converged)","Pending","",""
"src/Batch/CSectionStateResult.cls","371","ElseIf extensionUsed Or Not withinPhysicalRange Then","Pending","",""
"src/Batch/CStateProvider.cls","81","If mSection Is Nothing Or mMaterialProvider Is Nothing Then","Pending","",""
"src/Batch/CStateRepository.cls","55","If section Is Nothing Or materials Is Nothing Then _","Pending","",""
"src/Batch/CStateRepository.cls","60","changed = (Not section Is mContextSection) Or (Not materials Is mContextMaterials)","Pending","",""
"src/Batch/CStateRepository.cls","61","changed = changed Or (mSectionRevision <> section.Revision) Or _","Pending","",""
"src/Batch/CStateRepository.cls","62","(mMaterialRevision <> materials.Revision) Or (mAcceptanceKey <> acceptanceKey)","Pending","",""
"src/Batch/CStateRepository.cls","121","If cached.TargetN <> request.TargetN Or cached.TargetMx <> request.TargetMx Or _","Pending","",""
"src/Batch/CStateRepository.cls","133","If index < 1 Or index > mStates.Count Then Err.Raise vbObjectError + 3985, ""CStateRepository"", ""Индекс именованного состояния вне диапазона.""","Pending","",""
"src/Common/CLoadPathMath.cls","89","If mxScore >= nScore And mxScore >= myScore And Abs(loadPath.MxBase) > mBaseTolerance Then","Pending","",""
"src/Common/CLoadPathMath.cls","91","ElseIf myScore >= nScore And myScore >= mxScore And Abs(loadPath.MyBase) > mBaseTolerance Then","Pending","",""
"src/Common/CLoadPathMath.cls","130","If residualCount < 2 And Abs(loadPath.NBase) > mBaseTolerance And anchor <> 1 Then _","Pending","",""
"src/Common/CLoadPathMath.cls","133","If residualCount < 2 And Abs(loadPath.MxBase) > mBaseTolerance And anchor <> 2 Then _","Pending","",""
"src/Common/CLoadPathMath.cls","136","If residualCount < 2 And Abs(loadPath.MyBase) > mBaseTolerance And anchor <> 3 Then _","Pending","",""
"src/Common/CMomentZeroFilter.cls","41","If mMomentPerDepth <= 0# Or concreteDepth <= 0# Then Exit Function","Pending","",""
"src/Common/CResultStatusPolicy.cls","63","If meta.ResultKind = rkCapacity And meta.InternalStatus = rsCheckFailed And _","Pending","",""
"src/Common/CResultStatusPolicy.cls","137","For i = LBound(metas) To UBound(metas)","Pending","",""
"src/Common/CResultStatusPolicy.cls","145","ElseIf candidate.InternalStatus = rsSuccessWithWarning And selected.InternalStatus = rsSuccess Then","Pending","",""
"src/Common/CResultStatusPolicy.cls","181","IsFinished = (statusText = STATUS_OK Or statusText = STATUS_FAIL Or statusText = STATUS_BASEFAIL)","Pending","",""
"src/Common/CResultStatusPolicy.cls","187","IsFailedOverall = (statusText = STATUS_FAIL Or statusText = STATUS_BASEFAIL Or _","Pending","",""
"src/Common/CResultStatusPolicy.cls","188","statusText = STATUS_NUMFAIL Or statusText = STATUS_INPUTERR Or statusText = STATUS_CALCERR)","Pending","",""
"src/Common/modCalculationPurpose.bas","300","IsPhysicalPurpose = (purpose = cpStrength Or purpose = cpMcrc Or purpose = cpCrackedNDS)","Pending","",""
"src/Common/modCalculationPurpose.bas","305","IsStateBasePurpose = (purpose = cpStrength Or purpose = cpCrackedNDS)","Pending","",""
"src/Crack/CCrackFormationCalculator.cls","206","vbNullString, True, (mSolverCallCount > 0 Or mFormationInternalStatus = rsSuccess Or _","Pending","",""
"src/Crack/CCrackFormationCalculator.cls","216","If Not mFormationLoadDefined Or mFormationPathFallbackPsi1 Then Exit Property","Pending","",""
"src/Crack/CCrackFormationCalculator.cls","218","HasLimitPoint = mPreCrackState.Converged And mPreCrackState.WithinPhysicalRange And _","Pending","",""
"src/Crack/CCrackFormationCalculator.cls","221","HasLimitPoint = (mFormationInternalStatus = rsSuccess Or mFormationInternalStatus = rsSuccessWithWarning)","Pending","",""
"src/Crack/CCrackFormationCalculator.cls","315","If mNcrc <= 0# Or targetN <= 0# Then","Pending","",""
"src/Crack/CCrackFormationCalculator.cls","441","If mFormationPathFallbackPsi1 Or mFormationLoadDefined Then","Pending","",""
"src/Crack/CCrackFormationCalculator.cls","563","If StrComp(mCrackFormationPath, CRACK_PATH_N, vbTextCompare) = 0 And targetN <= 0.000001 Then","Pending","",""
"src/Crack/CCrackFormationCalculator.cls","639","IsZeroLoadProbe = (Abs(nValue) <= NEAR_ZERO_FORCE And _","Pending","",""
"src/Crack/CCrackFormationCalculator.cls","640","Abs(mxValue) <= MaxDouble(mSolverToleranceMx, CRACK_DIRECTION_TOLERANCE) And _","Pending","",""
"src/Crack/CCrackFormationCalculator.cls","667","If Abs(residual) > CRACK_STRAIN_RATIO_TOLERANCE Or _","Pending","",""
"src/Crack/CCrackFormationCalculator.cls","792","LimitSearchUltimateResidualReached = (Abs(rPath1) <= CRACK_EQUILIBRIUM_TOLERANCE And _","Pending","",""
"src/Crack/CCrackFormationCalculator.cls","793","Abs(rPath2) <= CRACK_EQUILIBRIUM_TOLERANCE And _","Pending","",""
"src/Crack/CCrackFormationCalculator.cls","1004","FormationSearchStoppedTerminally = (mConverged And Not mCrackFormed) Or _","Pending","",""
"src/Crack/CCrackFormationCalculator.cls","1005","mFormationPathFallbackPsi1 Or _","Pending","",""
"src/Crack/CCrackFormationCalculator.cls","1006","(mFormationInternalStatus = rsCheckFailed) Or _","Pending","",""
"src/Crack/CCrackFormationCalculator.cls","1007","(mFormationInternalStatus = rsInvalidInput) Or _","Pending","",""
"src/Crack/CCrackFormationCalculator.cls","1008","(mFormationInternalStatus = rsInvalidConfiguration) Or _","Pending","",""
"src/Crack/CCrackFormationCalculator.cls","1251","If Not state.Converged Or Not state.WithinPhysicalRange Then","Pending","",""
"src/Crack/CCrackFormationCalculator.cls","1366","FormationPathHasScaledLoad = (Abs(targetN) > NEAR_ZERO_FORCE Or _","Pending","",""
"src/Crack/CCrackFormationCalculator.cls","1531","If Abs(startSolver.Epsilon0) <= NEAR_ZERO_STRAIN And _","Pending","",""
"src/Crack/CCrackFormationCalculator.cls","1532","Abs(startSolver.KappaX) <= NEAR_ZERO_STRAIN And _","Pending","",""
"src/Crack/CCrackFormationCalculator.cls","1623","If area > 0# And mConcreteEb > 0# Then eps0 = targetN / (area * mConcreteEb)","Pending","",""
"src/Crack/CCrackFormationCalculator.cls","1632","If Abs(kx) <= NEAR_ZERO_STRAIN And Abs(ky) <= NEAR_ZERO_STRAIN And maxAbsY > 0# Then kx = epsBt2Guess / maxAbsY","Pending","",""
"src/Crack/CCrackFormationCalculator.cls","1672","If mFormationInternalStatus = rsCheckFailed Or mFormationInternalStatus = rsInvalidInput Or _","Pending","",""
"src/Crack/CCrackFormationCalculator.cls","1673","mFormationInternalStatus = rsInvalidConfiguration Or mFormationInternalStatus = rsInternalError Then Exit Sub","Pending","",""
"src/Crack/CCrackFormationCalculator.cls","1674","If mFormationInternalStatus = rsNumericalFailure And mFormationResultCode = rcSingularTangent Then","Pending","",""
"src/Crack/CCrackFormationCalculator.cls","1909","If mConcreteEb <= 0# Or mSteelEs <= 0# Then Exit Function","Pending","",""
"src/Crack/CCrackFormationCalculator.cls","2407","For i = LBound(paths) To UBound(paths)","Pending","",""
"src/Crack/CCrackFormationCalculator.cls","2410","CStr(UBound(paths)) & "" - пробуем "" & _","Pending","",""
"src/Crack/CCrackFormationCalculator.cls","2418","If Not lastResult.HasLimitPoint And i < UBound(paths) Then","Pending","",""
"src/Crack/CCrackFormationCalculator.cls","2438","If lastResult.Meta.InternalStatus = rsInvalidInput Or _","Pending","",""
"src/Crack/CCrackFormationCalculator.cls","2439","lastResult.Meta.InternalStatus = rsInvalidConfiguration Or _","Pending","",""
"src/Crack/CCrackFormationResult.cls","183","Converged = (mMeta.InternalStatus = rsSuccess Or mMeta.InternalStatus = rsSuccessWithWarning)","Pending","",""
"src/Crack/CCrackResult.cls","76","If mPolicy.IsFailedOverall(mPolicy.ExternalStatus(mCurrentStateMeta)) Or _","Pending","",""
"src/Crack/CCrackResult.cls","85","ElseIf formation.InternalStatus = rsSuccess And _","Pending","",""
"src/Crack/CCrackResult.cls","86","(formation.ResultCode = rcCriterionNotReached Or formation.ResultCode = rcCrackNotFormed) Then","Pending","",""
"src/Crack/CCrackWidthCalculator.cls","147","mConverged = (formation.ResultMeta.InternalStatus = rsSuccess Or _","Pending","",""
"src/Crack/CCrackWidthCalculator.cls","167","If Not mConverged Or Not mCrackFormed Then Exit Sub","Pending","",""
"src/Crack/CCrackWidthCalculator.cls","173","If Not currentSolver.Converged Or Not currentSolver.WithinPhysicalRange Then","Pending","",""
"src/Crack/CCrackWidthCalculator.cls","264","If mStopReason <> vbNullString And Not mCrackFormed Then Exit Sub","Pending","",""
"src/Crack/CCrackWidthCalculator.cls","337","If mStopReason <> vbNullString And Not mCrackFormed Then Exit Sub","Pending","",""
"src/Crack/CCrackWidthCalculator.cls","358","If mAs <= 0# Or mAbt <= 0# Or mDsEquivalent <= 0# Or mSigmaS <= 0# Then","Pending","",""
"src/Crack/CCrackWidthCalculator.cls","405","If Not mConverged Or Not mCrackFormed Then Exit Function","Pending","",""
"src/Crack/CCrackWidthCalculator.cls","407","If mAllowableCrackWidth > 0# And mCrackWidth <= mAllowableCrackWidth Then","Pending","",""
"src/Crack/CCrackWidthCalculator.cls","485","If mSigmaS <= 0# Or mLs <= 0# Then","Pending","",""
"src/Crack/CCrackWidthCalculator.cls","495","If mAllowableCrackWidth > 0# And mCrackWidth > mAllowableCrackWidth Then","Pending","",""
"src/Crack/CCrackWidthCalculator.cls","622","If Not FindMostTensionRebarProjection Or s > sBarMax Then sBarMax = s","Pending","",""
"src/Crack/CCrackWidthCalculator.cls","699","If Not requireTensionStrain Or ConcreteStrain(solver, section, i) > 0# Then","Pending","",""
"src/Crack/CCrackWidthCalculator.cls","758","If (Not includeCompressedStress) And stress < 0# Then stress = 0#","Pending","",""
"src/Crack/CLongitudinalCrackCalculator.cls","36","If currentState.ExtensionUsed Or Not currentState.WithinPhysicalRange Then","Pending","",""
"src/Excel/CAutoCADSectionModelImporter.cls","103","xCoord = InputLength(CDbl(centroid(LBound(centroid))), units)","Pending","",""
"src/Excel/CAutoCADSectionModelImporter.cls","104","yCoord = InputLength(CDbl(centroid(LBound(centroid) + 1)), units)","Pending","",""
"src/Excel/CAutoCADSectionModelImporter.cls","131","AddRebarRegion model, area, InputLength(CDbl(centroid(LBound(centroid))), units), _","Pending","",""
"src/Excel/CAutoCADSectionModelImporter.cls","132","InputLength(CDbl(centroid(LBound(centroid) + 1)), units), steelClass, entity.Layer, EntityHandle(entity)","Pending","",""
"src/Excel/CAutoCADSectionModelImporter.cls","142","For rowIndex = LBound(regions, 1) To UBound(regions, 1)","Pending","",""
"src/Excel/CAutoCADSectionModelImporter.cls","162","For rowIndex = LBound(regions, 1) To UBound(regions, 1)","Pending","",""
"src/Excel/CAutoCADSectionModelImporter.cls","236","localIx = InputFourthPowerLength(CDbl(moments(LBound(moments))), units) - area * yCoord * yCoord","Pending","",""
"src/Excel/CAutoCADSectionModelImporter.cls","237","localIy = InputFourthPowerLength(CDbl(moments(LBound(moments) + 1)), units) - area * xCoord * xCoord","Pending","",""
"src/Excel/CAutoCADSectionModelImporter.cls","272","firstIndex = LBound(product)","Pending","",""
"src/Excel/CAutoCADSectionModelImporter.cls","305","If Not bestFound Or scoreValue < bestScore Then","Pending","",""
"src/Excel/CAutoCADSectionModelImporter.cls","329","For i = LBound(pieces) To UBound(pieces)","Pending","",""
"src/Excel/CAutoCADSectionModelImporter.cls","361","x1 = InputLength(CDbl(startPoint(LBound(startPoint))), units)","Pending","",""
"src/Excel/CAutoCADSectionModelImporter.cls","362","y1 = InputLength(CDbl(startPoint(LBound(startPoint) + 1)), units)","Pending","",""
"src/Excel/CAutoCADSectionModelImporter.cls","363","x2 = InputLength(CDbl(endPoint(LBound(endPoint))), units)","Pending","",""
"src/Excel/CAutoCADSectionModelImporter.cls","364","y2 = InputLength(CDbl(endPoint(LBound(endPoint) + 1)), units)","Pending","",""
"src/Excel/CAutoCADSectionModelImporter.cls","390","For i = LBound(pieces) To UBound(pieces)","Pending","",""
"src/Excel/CAutoCADSectionModelImporter.cls","411","If area <= GEOM_TOLERANCE Or width <= GEOM_TOLERANCE Or height <= GEOM_TOLERANCE Then Exit Function","Pending","",""
"src/Excel/CAutoCADSectionModelImporter.cls","425","If localIx <= GEOM_TOLERANCE Or localIy <= GEOM_TOLERANCE Then Exit Function","Pending","",""
"src/Excel/CAutoCADSectionModelImporter.cls","466","firstRow = LBound(values, 1)","Pending","",""
"src/Excel/CAutoCADSectionModelImporter.cls","467","HasArrayRows = (UBound(values, 1) >= firstRow)","Pending","",""
"src/Excel/CAutoCADSectionModelImporter.cls","479","If colIndex > UBound(values, 2) Then GoTo MissingValue","Pending","",""
"src/Excel/CAutoCADSectionModelImporter.cls","493","If colIndex > UBound(values, 2) Then GoTo MissingValue","Pending","",""
"src/Excel/CBatchResultWriter.cls","203","If target.Row + requiredRows - 1 > target.Worksheet.Rows.Count Or _","Pending","",""
"src/Excel/CBatchResultWriter.cls","250","target.Resize(UBound(data, 1), TARGET_COLUMNS).Value2 = data","Pending","",""
"src/Excel/CBatchResultWriter.cls","428","If worstIndex <= 0 Or reserveValue < worstReserve Then","Pending","",""
"src/Excel/CBatchResultWriter.cls","449","If rowIndex > UBound(data, 1) Then Exit Sub","Pending","",""
"src/Excel/CBatchResultWriter.cls","568","StabilityBranchApplies = (StrComp(batch.ResultAt(index).StabilityResult.Code, ""SP35"", vbTextCompare) = 0 And _","Pending","",""
"src/Excel/CCrackSummaryWriter.cls","399","If CrackWidthStatusText(batch, index, policy) = policy.NotApplicable And _","Pending","",""
"src/Excel/CCrackSummaryWriter.cls","400","LongitudinalStatusText(batch, index, policy) = policy.NotApplicable And _","Pending","",""
"src/Excel/CCrackSummaryWriter.cls","437","If CrackFormationStatusText(batch, index, policy) = policy.NotApplicable And Not hasFormationData Then","Pending","",""
"src/Excel/CCrackSummaryWriter.cls","454","If (Not batch.ResultAt(index).CrackResult.Width.CentralTensionBranch) And hasFormationData Then","Pending","",""
"src/Excel/CCrackSummaryWriter.cls","456","ElseIf Not batch.ResultAt(index).CrackResult.Width.CentralTensionBranch And batch.ResultAt(index).CrackResult.Formation.Mcrc > SMALL_VALUE Then","Pending","",""
"src/Excel/CCrackSummaryWriter.cls","471","data(rowIndex, COL_FORMATION_STATE) = IIf(batch.ResultAt(index).CrackResult.Formation.CrackFormed, ""Cracked"", ""NotCracked"")","Pending","",""
"src/Excel/CCrackSummaryWriter.cls","493","HasCrackFormationData = batch.ResultAt(index).CrackResult.Formation.Ncrc > SMALL_VALUE Or _","Pending","",""
"src/Excel/CCrackSummaryWriter.cls","494","Abs(batch.ResultAt(index).CrackResult.Formation.FormationNcrc) > SMALL_VALUE Or _","Pending","",""
"src/Excel/CCrackSummaryWriter.cls","808","If lastRow < firstRow Or lastCol < firstCol Then Exit Sub","Pending","",""
"src/Excel/CExecutionReport.cls","357","If InStr(1, title, ""Сценарий прямого StateSolution"", vbTextCompare) > 0 Or _","Pending","",""
"src/Excel/CExecutionReport.cls","358","InStr(1, title, ""Итерации прямого CSectionSolver"", vbTextCompare) > 0 Or _","Pending","",""
"src/Excel/CExecutionReport.cls","379","For i = LBound(lines) To UBound(lines)","Pending","",""
"src/Excel/CExecutionReport.cls","411","For i = LBound(lines) To UBound(lines)","Pending","",""
"src/Excel/CExecutionReport.cls","444","For i = LBound(lines) To UBound(lines)","Pending","",""
"src/Excel/CExecutionReport.cls","463","If translated = ""ultimatePath pureAxial redirected=LoadMultiplier"" Or _","Pending","",""
"src/Excel/CExecutionReport.cls","602","ElseIf crack.CrackFormed And crack.Converged Then","Pending","",""
"src/Excel/CLoadCombinationReader.cls","46","For rowIndex = 2 To UBound(data, 1)","Pending","",""
"src/Excel/CLoadCombinationReader.cls","66","If UBound(data, 2) >= 7 Then","Pending","",""
"src/Excel/CLoadCombinationReader.cls","69","ElseIf UBound(data, 2) = 6 Then","Pending","",""
"src/Excel/CLoadCombinationReader.cls","85","If nValue = 0# And mxValue = 0# And myValue = 0# Then Exit Sub","Pending","",""
"src/Excel/CLoadCombinationReader.cls","102","For col = 1 To UBound(data, 2)","Pending","",""
"src/Excel/CNDMResultsWriter.cls","738","If geometricLength <= 0# Or muValue <= 0# Or radiusValue <= 0# Then","Pending","",""
"src/Excel/CNDMResultsWriter.cls","928","target.Resize(UBound(data, 1), SECTION_PROPERTY_COLUMNS).Value2 = data","Pending","",""
"src/Excel/CNDMResultsWriter.cls","929","FormatResultsBlock target, UBound(data, 1), SECTION_PROPERTY_COLUMNS, ""Свойства всего сечения""","Pending","",""
"src/Excel/CNDMResultsWriter.cls","1070","(StrComp(headerBase, ""Comment"", vbTextCompare) = 0 Or _","Pending","",""
"src/Excel/CNDMResultsWriter.cls","1148","If StrComp(materialType, ""Concrete"", vbTextCompare) = 0 And strain > PHYSICAL_TOLERANCE Then","Pending","",""
"src/Excel/CNDMResultsWriter.cls","1377","If section.RebarCount > 0 And Not AnnotationExists(annotations, ""REBAR_AUTO_ALL"") Then","Pending","",""
"src/Excel/CNDMResultsWriter.cls","1499","Do While InStr(1, textValue, ""."", vbTextCompare) > 0 And Right$(textValue, 1) = ""0""","Pending","",""
"src/Excel/CNDMResultsWriter.cls","1638","Do While InStr(1, textValue, ""."", vbTextCompare) > 0 And Right$(textValue, 1) = ""0""","Pending","",""
"src/Excel/CPlotAnnotationLayout.cls","360","If UBound(parts) <> 2 Then GoTo Failed","Pending","",""
"src/Excel/CPlotAnnotationLayout.cls","506","If paddedLeft < mOccRight(i) And paddedRight > mOccLeft(i) And _","Pending","",""
"src/Excel/CPlotAnnotationLayout.cls","507","paddedTop < mOccBottom(i) And paddedBottom > mOccTop(i) Then","Pending","",""
"src/Excel/CSectionPlotDataReader.cls","221","For rowIndex = 2 To UBound(data, 1)","Pending","",""
"src/Excel/CSectionPlotDataReader.cls","243","For rowIndex = 2 To UBound(data, 1)","Pending","",""
"src/Excel/CSectionPlotDataReader.cls","244","If StrComp(Trim$(SafeText(data(rowIndex, colLoadCase))), loadCase, vbTextCompare) = 0 And _","Pending","",""
"src/Excel/CSectionPlotDataReader.cls","268","For rowIndex = 2 To UBound(data, 1)","Pending","",""
"src/Excel/CSectionPlotDataReader.cls","288","For rowIndex = 2 To UBound(data, 1)","Pending","",""
"src/Excel/CSectionPlotDataReader.cls","290","If Len(FirstLoadCaseFromSectionProperties) > 0 And _","Pending","",""
"src/Excel/CSectionPlotDataReader.cls","332","For rowIndex = 2 To UBound(data, 1)","Pending","",""
"src/Excel/CSectionPlotDataReader.cls","338","If StrComp(loadCase, ""ALL"", vbTextCompare) = 0 Or Len(loadCase) = 0 Then","Pending","",""
"src/Excel/CSectionPlotDataReader.cls","437","For rowIndex = 2 To UBound(results, 1)","Pending","",""
"src/Excel/CSectionPlotDataReader.cls","438","If StrComp(Trim$(SafeText(results(rowIndex, colResLC))), mLoadCase, vbTextCompare) = 0 And _","Pending","",""
"src/Excel/CSectionPlotDataReader.cls","462","For rowIndex = 2 To UBound(geom, 1)","Pending","",""
"src/Excel/CSectionPlotDataReader.cls","465","If Len(elementID) > 0 And resultMap.Exists(elementID) Then","Pending","",""
"src/Excel/CSectionPlotDataReader.cls","501","For rowIndex = 2 To UBound(geom, 1)","Pending","",""
"src/Excel/CSectionPlotDataReader.cls","574","For rowIndex = 2 To UBound(data, 1)","Pending","",""
"src/Excel/CSectionPlotDataReader.cls","769","If Len(normalized) > 0 And normalized <> ""-"" Then","Pending","",""
"src/Excel/CSectionPlotDataReader.cls","781","HasRows = (UBound(data, 1) >= 2 And UBound(data, 2) >= 1)","Pending","",""
"src/Excel/CSectionPlotDataReader.cls","791","For colIndex = 1 To UBound(data, 2)","Pending","",""
"src/Excel/CSectionPlotDataReader.cls","805","If Err.Number = 0 And GeometryStatusColumn > 0 Then","Pending","",""
"src/Excel/CSectionPlotDataReader.cls","973","PhysicalDiagramWarningRequired = (mExtensionUsed Or policy.ToUserStatus(mStateStatus) = policy.Fail)","Pending","",""
"src/Excel/CSectionPlotter.cls","260","If plotW <= 0# Or plotH <= 0# Then","Pending","",""
"src/Excel/CSectionPlotter.cls","340","If plotW <= 0# Or plotH <= 0# Then","Pending","",""
"src/Excel/CSectionPlotter.cls","407","If Not found Or Abs(mResultMax - mResultMin) < 0.000000000001 Then","Pending","",""
"src/Excel/CSectionPlotter.cls","448","If Not found Or absValue > maxAbs Then","Pending","",""
"src/Excel/CSectionPlotter.cls","528","If widthValue <= 0# Or heightValue <= 0# Then Exit Sub","Pending","",""
"src/Excel/CSectionPlotter.cls","596","If UBound(parts) < 4 Then _","Pending","",""
"src/Excel/CSectionPlotter.cls","818","If mPlotWidth <= 0# Or mPlotHeight <= 0# Then Exit Sub","Pending","",""
"src/Excel/CSectionPlotter.cls","911","If radius <= 0# Or Abs(sweepAngle) <= 0.000000000001 Then","Pending","",""
"src/Excel/CSectionPlotter.cls","1060","If Not found Or maxX <= minX Or maxY <= minY Then Exit Sub","Pending","",""
"src/Excel/CSectionPlotter.cls","1079","If u < -0.0000001 Or u > 1.0000001 Then Exit Sub","Pending","",""
"src/Excel/CSectionPlotter.cls","1114","If radius <= 0# Or Abs(sweepAngle) <= 0.000000000001 Then Exit Sub","Pending","",""
"src/Excel/CSectionPlotter.cls","1181","If count >= UBound(values) Then ReDim Preserve values(1 To UBound(values) + 16)","Pending","",""
"src/Excel/CSectionPlotter.cls","1229","If u < -0.0000001 Or u > 1.0000001 Then Exit Sub","Pending","",""
"src/Excel/CSectionPlotter.cls","1271","For i = 2 To UBound(starts)","Pending","",""
"src/Excel/CSectionPlotter.cls","1288","For i = LBound(starts) To UBound(starts) - 1","Pending","",""
"src/Excel/CSectionPlotter.cls","1289","For j = i + 1 To UBound(starts)","Pending","",""
"src/Excel/CSectionPlotter.cls","1336","If u < -0.0000001 Or u > 1.0000001 Then Exit Sub","Pending","",""
"src/Excel/CSectionPlotter.cls","1372","If Len(rawValue) = 0 And settings.HasKey(""Plot.PrincipalAxesEnabled"") Then","Pending","",""
"src/Excel/CSectionPlotter.cls","1408","If Not dimensionsEnabled And Not rebarLabelsEnabled Then Exit Sub","Pending","",""
"src/Excel/CSectionPlotter.cls","1532","If StrComp(data.MaterialType(i), ""Concrete"", vbTextCompare) = 0 And _","Pending","",""
"src/Excel/CSectionPlotter.cls","1635","If IsCommonLegendMode() Or StrComp(materialType, ""Rebar"", vbTextCompare) = 0 Then","Pending","",""
"src/Excel/CSectionPlotter.cls","1644","If IsCommonLegendMode() Or StrComp(materialType, ""Rebar"", vbTextCompare) = 0 Then","Pending","",""
"src/Excel/CSectionPlotter.cls","1697","If dashStyle = MSO_LINE_DASH Or dashStyle = MSO_LINE_DASH_DOT Then","Pending","",""
"src/Excel/CSectionPlotter.cls","1823","If rightBound <= leftBound Or bottomBound <= topBound Then Exit Function","Pending","",""
"src/Excel/CSectionPlotter.cls","1899","If widthValue <= 0# Or heightValue <= 0# Then Exit Function","Pending","",""
"src/Excel/CSectionPlotter.cls","1925","If widthValue <= 0# Or heightValue <= 0# Then Exit Function","Pending","",""
"src/Excel/CSectionPlotter.cls","1951","If widthValue <= 0# Or heightValue <= 0# Then Exit Function","Pending","",""
"src/Excel/CSectionPlotter.cls","2027","If useNativeVerticalText And Abs(rotation) = 90# Then orientation = MSO_TEXT_ORIENTATION_UPWARD","Pending","",""
"src/Excel/CSectionPlotter.cls","2048","If rotation <> 0# And orientation = MSO_TEXT_ORIENTATION_HORIZONTAL Then","Pending","",""
"src/Excel/CSectionPlotter.cls","2111","If mPlotWidth <= 0# Or mPlotHeight <= 0# Then","Pending","",""
"src/Excel/CSectionPlotter.cls","2118","If mPlotWidth <= 0# Or mPlotHeight <= 0# Then","Pending","",""
"src/Excel/CSectionPlotter.cls","2214","If IsEquivalentAreaFallbackElement(data, index) And Abs(ConcreteElementVisualRotation) <= 0.000000000001 Then","Pending","",""
"src/Excel/CSectionPlotter.cls","2228","If StrComp(data.MaterialType(i), ""Concrete"", vbTextCompare) = 0 And _","Pending","",""
"src/Excel/CSectionPlotter.cls","2229","Not IsEquivalentAreaFallbackElement(data, i) And _","Pending","",""
"src/Excel/CSectionPlotter.cls","2230","data.Width(i) > 0# And data.Height(i) > 0# Then","Pending","",""
"src/Excel/CSectionPlotter.cls","2237","If count > 0 And (Abs(sumCos) > 0.000000000001 Or Abs(sumSin) > 0.000000000001) Then","Pending","",""
"src/Excel/CSectionPlotter.cls","2248","IsEquivalentAreaFallbackElement = (StrComp(statusText, ""EquivalentSquare"", vbTextCompare) = 0) And _","Pending","",""
"src/Excel/CSectionPlotter.cls","2249","(data.Width(index) <= 0# Or data.Height(index) <= 0#)","Pending","",""
"src/Excel/CSectionPlotter.cls","2276","If data.Width(index) > 0# And data.Height(index) > 0# Then","Pending","",""
"src/Excel/CSectionPlotter.cls","2353","If UBound(parts) <> 2 Then","Pending","",""
"src/Excel/CSectionPlotter.cls","2363","If r < 0 Or r > 255 Or g < 0 Or g > 255 Or b < 0 Or b > 255 Then GoTo InvalidColor","Pending","",""
"src/Excel/CSectionPlotter.cls","2398","Do While InStr(1, textValue, ""."", vbTextCompare) > 0 And Right$(textValue, 1) = ""0""","Pending","",""
"src/Excel/CSectionTypeRegistry.cls","214","If Len(rawValue) = 0 Or UCase$(rawValue) = ""TODO"" Then Err.Raise vbObjectError + 4139, ""CSectionTypeRegistry"", _","Pending","",""
"src/Excel/CStabilitySummaryWriter.cls","813","If compression <= SMALL_VALUE Or limitCompression <= SMALL_VALUE Then","Pending","",""
"src/Excel/CStrengthSummaryWriter.cls","410","If Not batch.StrengthDirectStateRequested(index) And Not batch.StrengthCapacityRequested(index) Then Exit Sub","Pending","",""
"src/Excel/CStrengthSummaryWriter.cls","546","If colSbc > 0 And stateResult.HasConcreteCompression Then data(rowIndex, colSbc) = OutputStress(stateResult.MinConcreteStress, units)","Pending","",""
"src/Excel/CStrengthSummaryWriter.cls","547","If colSbt > 0 And stateResult.HasConcreteTension Then data(rowIndex, colSbt) = OutputStress(stateResult.MaxConcreteStress, units)","Pending","",""
"src/Excel/CStrengthSummaryWriter.cls","548","If colSsc > 0 And stateResult.HasSteelCompression Then data(rowIndex, colSsc) = OutputStress(stateResult.MinSteelStress, units)","Pending","",""
"src/Excel/CStrengthSummaryWriter.cls","549","If colSst > 0 And stateResult.HasSteelTension Then data(rowIndex, colSst) = OutputStress(stateResult.MaxSteelStress, units)","Pending","",""
"src/Excel/CStrengthSummaryWriter.cls","670","For i = LBound(cols) To UBound(cols)","Pending","",""
"src/Excel/CStrengthSummaryWriter.cls","724","If lastRow < firstRow Or lastCol < firstCol Then Exit Sub","Pending","",""
"src/Excel/CStrengthSummaryWriter.cls","752","If eps0 + normValue * minS < 0# And eps0 + normValue * maxS < 0# Then","Pending","",""
"src/Excel/CStrengthSummaryWriter.cls","754","ElseIf eps0 + normValue * minS >= 0# And eps0 + normValue * maxS >= 0# Then","Pending","",""
"src/Excel/CSystemSettingsReader.cls","76","If rangeError = 0 And Not settingsRange Is Nothing Then AppendSettingsRange settingsRange","Pending","",""
"src/Excel/CSystemSettingsReader.cls","97","IsInputGeometrySettingsRangeName = (Left$(key, 3) = ""rng"" And Right$(key, 8) = ""geometry"")","Pending","",""
"src/Excel/CSystemSettingsReader.cls","183","If UBound(data, 1) < 2 Or UBound(data, 2) < 3 Then Err.Raise vbObjectError + 4316, ""CSystemSettingsReader"", _","Pending","",""
"src/Excel/CSystemSettingsReader.cls","186","columnCount = UBound(data, 2)","Pending","",""
"src/Excel/CSystemSettingsReader.cls","223","For rowIndex = 2 To UBound(data, 1)","Pending","",""
"src/Excel/CSystemSettingsReader.cls","226","If Len(keyValue) > 0 And Left$(keyValue, 1) <> ""["" Then","Pending","",""
"src/Excel/CSystemSettingsReader.cls","262","If UBound(data, 1) < 2 Or UBound(data, 2) < 4 Then Exit Function","Pending","",""
"src/Excel/CSystemSettingsReader.cls","264","StrComp(Trim$(CStr(data(1, 1))), ""Параметр"", vbTextCompare) = 0 And _","Pending","",""
"src/Excel/CSystemSettingsReader.cls","265","StrComp(Trim$(CStr(data(1, 2))), ""Сжатие"", vbTextCompare) = 0 And _","Pending","",""
"src/Excel/CSystemSettingsReader.cls","266","StrComp(Trim$(CStr(data(1, 3))), ""Растяжение"", vbTextCompare) = 0 And _","Pending","",""
"src/Excel/CSystemSettingsReader.cls","273","For rowIndex = 2 To UBound(data, 1)","Pending","",""
"src/Excel/CSystemSettingsReader.cls","283","If UBound(data, 2) >= 5 Then commentValue = Trim$(CStr(data(rowIndex, 5)))","Pending","",""
"src/Excel/CSystemSettingsReader.cls","315","If UBound(data, 1) < 2 Or UBound(data, 2) < 4 Then Exit Function","Pending","",""
"src/Excel/CSystemSettingsReader.cls","317","StrComp(Trim$(CStr(data(1, 1))), ""Параметр"", vbTextCompare) = 0 And _","Pending","",""
"src/Excel/CSystemSettingsReader.cls","318","StrComp(Trim$(CStr(data(1, 2))), ""Сжатие"", vbTextCompare) = 0 And _","Pending","",""
"src/Excel/CSystemSettingsReader.cls","319","StrComp(Trim$(CStr(data(1, 3))), ""Растяжение"", vbTextCompare) = 0 And _","Pending","",""
"src/Excel/CSystemSettingsReader.cls","326","For rowIndex = 2 To UBound(data, 1)","Pending","",""
"src/Excel/CSystemSettingsReader.cls","336","If UBound(data, 2) >= 5 Then commentValue = Trim$(CStr(data(rowIndex, 5)))","Pending","",""
"src/Excel/CSystemSettingsReader.cls","363","If UBound(data, 1) < 2 Or UBound(data, 2) < 4 Then Exit Function","Pending","",""
"src/Excel/CSystemSettingsReader.cls","365","StrComp(Trim$(CStr(data(1, 1))), ""Quantity"", vbTextCompare) = 0 And _","Pending","",""
"src/Excel/CSystemSettingsReader.cls","366","StrComp(Trim$(CStr(data(1, 2))), ""INPUT"", vbTextCompare) = 0 And _","Pending","",""
"src/Excel/CSystemSettingsReader.cls","367","StrComp(Trim$(CStr(data(1, 3))), ""INTERNAL"", vbTextCompare) = 0 And _","Pending","",""
"src/Excel/CSystemSettingsReader.cls","373","If UBound(data, 1) < 2 Or UBound(data, 2) < 3 Then Exit Function","Pending","",""
"src/Excel/CSystemSettingsReader.cls","375","StrComp(Trim$(CStr(data(1, 1))), ""Quantity"", vbTextCompare) = 0 And _","Pending","",""
"src/Excel/CSystemSettingsReader.cls","376","StrComp(Trim$(CStr(data(1, 2))), ""USER"", vbTextCompare) = 0 And _","Pending","",""
"src/Excel/CSystemSettingsReader.cls","383","If UBound(data, 1) < 3 Or UBound(data, 2) < 5 Then Exit Function","Pending","",""
"src/Excel/CSystemSettingsReader.cls","385","StrComp(Trim$(CStr(data(2, 1))), ""Enabled"", vbTextCompare) = 0 And _","Pending","",""
"src/Excel/CSystemSettingsReader.cls","393","For rowIndex = 2 To UBound(data, 1)","Pending","",""
"src/Excel/CSystemSettingsReader.cls","396","If Len(settingName) > 0 And Left$(settingName, 1) <> ""["" Then","Pending","",""
"src/Excel/CSystemSettingsReader.cls","405","If Len(settingValue) = 0 Or settingValue = ""-"" Then Exit Sub","Pending","",""
"src/Excel/CSystemSettingsReader.cls","412","For rowIndex = 2 To UBound(data, 1)","Pending","",""
"src/Excel/CSystemSettingsReader.cls","426","For rowIndex = 2 To UBound(data, 1)","Pending","",""
"src/Excel/CSystemSettingsReader.cls","464","If UBound(data, 2) < 6 Then Exit Function","Pending","",""
"src/Excel/CSystemSettingsReader.cls","467","For rowIndex = 1 To UBound(data, 1) - 1","Pending","",""
"src/Excel/CSystemSettingsReader.cls","468","If StrComp(Trim$(CStr(data(rowIndex, 1))), ""H"", vbTextCompare) = 0 And _","Pending","",""
"src/Excel/CSystemSettingsReader.cls","469","StrComp(Trim$(CStr(data(rowIndex, 2))), ""B"", vbTextCompare) = 0 And _","Pending","",""
"src/Excel/CSystemSettingsReader.cls","470","StrComp(Trim$(CStr(data(rowIndex, 3))), ""R"", vbTextCompare) = 0 And _","Pending","",""
"src/Excel/CSystemSettingsReader.cls","471","StrComp(Trim$(CStr(data(rowIndex, 4))), ""H_o"", vbTextCompare) = 0 And _","Pending","",""
"src/Excel/CSystemSettingsReader.cls","472","StrComp(Trim$(CStr(data(rowIndex, 5))), ""B_o"", vbTextCompare) = 0 And _","Pending","",""
"src/Excel/CSystemSettingsReader.cls","512","If StrComp(keyValue, ""HollowRectangle.InnerOffsetX"", vbTextCompare) = 0 Or _","Pending","",""
"src/Excel/CSystemSettingsReader.cls","515","If UBound(data, 2) >= 4 Then sourceValue = Trim$(CStr(data(rowIndex, 4)))","Pending","",""
"src/Excel/CSystemSettingsReader.cls","524","For rowIndex = mainHeaderRow + 1 To UBound(data, 1)","Pending","",""
"src/Excel/CSystemSettingsReader.cls","539","For rowIndex = extraHeaderRow + 1 To UBound(data, 1)","Pending","",""
"src/Excel/CSystemSettingsReader.cls","570","If Len(textValue) = 0 Or textValue = ""-"" Or UCase$(textValue) = ""TODO"" Then Exit Function","Pending","",""
"src/Excel/CSystemSettingsReader.cls","582","If UBound(data, 2) < 3 Then Exit Function","Pending","",""
"src/Excel/CSystemSettingsReader.cls","585","For rowIndex = 1 To UBound(data, 1) - 1","Pending","",""
"src/Excel/CSystemSettingsReader.cls","586","If StrComp(Trim$(CStr(data(rowIndex, 2))), ""B"", vbTextCompare) = 0 And _","Pending","",""
"src/Excel/CSystemSettingsReader.cls","608","If sideHeaderRow > 0 And UBound(data, 1) >= sideHeaderRow + 4 Then","Pending","",""
"src/Excel/CSystemSettingsReader.cls","630","For rowIndex = startRow To UBound(data, 1)","Pending","",""
"src/Excel/CSystemSettingsReader.cls","641","For rowIndex = mainHeaderRow + 1 To UBound(data, 1)","Pending","",""
"src/Excel/CSystemSettingsReader.cls","654","For rowIndex = extraHeaderRow + 1 To UBound(data, 1)","Pending","",""
"src/Excel/CSystemSettingsReader.cls","684","If UBound(data, 1) < 12 Or UBound(data, 2) < 7 Then Exit Function","Pending","",""
"src/Excel/CSystemSettingsReader.cls","686","StrComp(Trim$(CStr(data(1, 2))), ""H1"", vbTextCompare) = 0 And _","Pending","",""
"src/Excel/CSystemSettingsReader.cls","687","StrComp(Trim$(CStr(data(1, 3))), ""B1"", vbTextCompare) = 0 And _","Pending","",""
"src/Excel/CSystemSettingsReader.cls","688","StrComp(Trim$(CStr(data(1, 4))), ""H2"", vbTextCompare) = 0 And _","Pending","",""
"src/Excel/CSystemSettingsReader.cls","694","If UBound(data, 2) < 4 Then Exit Function","Pending","",""
"src/Excel/CSystemSettingsReader.cls","697","For rowIndex = 1 To UBound(data, 1) - 1","Pending","",""
"src/Excel/CSystemSettingsReader.cls","698","If StrComp(Trim$(CStr(data(rowIndex, 1))), ""H1"", vbTextCompare) = 0 And _","Pending","",""
"src/Excel/CSystemSettingsReader.cls","699","StrComp(Trim$(CStr(data(rowIndex, 2))), ""B1"", vbTextCompare) = 0 And _","Pending","",""
"src/Excel/CSystemSettingsReader.cls","700","StrComp(Trim$(CStr(data(rowIndex, 3))), ""H2"", vbTextCompare) = 0 And _","Pending","",""
"src/Excel/CSystemSettingsReader.cls","712","If geometryHeaderRow > 0 And UBound(data, 1) >= geometryHeaderRow + 21 And UBound(data, 2) >= 9 Then","Pending","",""
"src/Excel/CSystemSettingsReader.cls","744","If UBound(data, 1) >= 19 Then","Pending","",""
"src/Excel/CSystemSettingsReader.cls","751","If UBound(data, 1) >= 21 Then","Pending","",""
"src/Excel/CSystemSettingsReader.cls","765","If StrComp(keyValue, ""RectSet.SectionType"", vbTextCompare) = 0 Or _","Pending","",""
"src/Excel/CSystemSettingsReader.cls","768","If UBound(data, 2) >= 4 Then sourceValue = Trim$(CStr(data(rowIndex, 4)))","Pending","",""
"src/Excel/CSystemSettingsReader.cls","859","ElseIf Len(mValues(index)) = 0 Or UCase$(mValues(index)) = ""TODO"" Then","Pending","",""
"src/Excel/CSystemSettingsReader.cls","902","If Len(textValue) = 0 Or UCase$(textValue) = ""TODO"" Then","Pending","",""
"src/Excel/CSystemSettingsReader.cls","922","If Len(textValue) = 0 Or UCase$(textValue) = ""TODO"" Then","Pending","",""
"src/Excel/CSystemSettingsReader.cls","934","If value < -2147483648# Or value > 2147483647# Then Err.Raise vbObjectError + 4315, ""CSystemSettingsReader.GetLong"", _","Pending","",""
"src/Excel/CSystemSettingsReader.cls","982","If index < 1 Or index > mCount Then Err.Raise vbObjectError + 4300, ""CSystemSettingsReader"", ""Индекс настройки вне допустимого диапазона.""","Pending","",""
"src/Excel/modAutoCADStressExport.bas","251","For rowIndex = 2 To UBound(data, 1)","Pending","",""
"src/Excel/modAutoCADStressExport.bas","289","For rowIndex = 2 To UBound(data, 1)","Pending","",""
"src/Excel/modAutoCADStressExport.bas","290","If StrComp(CStr(data(rowIndex, colLoadCase)), ""ALL"", vbTextCompare) = 0 And _","Pending","",""
"src/Excel/modAutoCADStressExport.bas","321","For rowIndex = 2 To UBound(data, 1)","Pending","",""
"src/Excel/modAutoCADStressExport.bas","343","For rowIndex = 2 To UBound(data, 1)","Pending","",""
"src/Excel/modAutoCADStressExport.bas","344","If StrComp(Trim$(SafeText(data(rowIndex, colLoadCase))), combinationID, vbTextCompare) = 0 And _","Pending","",""
"src/Excel/modAutoCADStressExport.bas","387","For rowIndex = 2 To UBound(data, 1)","Pending","",""
"src/Excel/modAutoCADStressExport.bas","388","If StrComp(Trim$(SafeText(data(rowIndex, colCombination))), combinationID, vbTextCompare) = 0 And _","Pending","",""
"src/Excel/modAutoCADStressExport.bas","430","For rowIndex = 2 To UBound(data, 1)","Pending","",""
"src/Excel/modAutoCADStressExport.bas","473","If extensionUsed Or policy.ToUserStatus(stateStatus) = policy.Fail Then","Pending","",""
"src/Excel/modAutoCADStressExport.bas","617","For rowIndex = 2 To UBound(data, 1)","Pending","",""
"src/Excel/modAutoCADStressExport.bas","619","If Len(FirstLoadCaseFromSectionProperties) > 0 And _","Pending","",""
"src/Excel/modAutoCADStressExport.bas","638","For rowIndex = 2 To UBound(data, 1)","Pending","",""
"src/Excel/modAutoCADStressExport.bas","649","HasResultTableRows = (UBound(data, 1) >= 2 And UBound(data, 2) >= 1)","Pending","",""
"src/Excel/modAutoCADStressExport.bas","659","For colIndex = 1 To UBound(data, 2)","Pending","",""
"src/Excel/modAutoCADStressExport.bas","673","If Err.Number = 0 And GeometryStatusColumn > 0 Then","Pending","",""
"src/Excel/modAutoCADStressExport.bas","923","For rowIndex = 2 To UBound(data, 1)","Pending","",""
"src/Excel/modAutoCADStressExport.bas","929","If segCount > 0 And StrComp(loopKey, currentLoopKey, vbTextCompare) <> 0 Then","Pending","",""
"src/Excel/modAutoCADStressExport.bas","1002","For rowIndex = 2 To UBound(data, 1)","Pending","",""
"src/Excel/modAutoCADStressExport.bas","1021","If Len(unitText) = 0 Or unitText = ""-"" Then unitText = defaultUnit","Pending","",""
"src/Excel/modAutoCADStressExport.bas","1022","If Len(unitText) = 0 Or unitText = ""-"" Then unitText = ""mm""","Pending","",""
"src/Excel/modAutoCADStressExport.bas","1032","If UBound(parts) >= 3 Then","Pending","",""
"src/Excel/modAutoCADStressExport.bas","1033","If parts(0) = ""CONTOUR"" And (parts(1) = ""OUTER"" Or parts(1) = ""OPENING"") Then","Pending","",""
"src/Excel/modAutoCADStressExport.bas","1146","PointsAreClose = (Abs(x1 - x2) <= CONTOUR_POINT_TOLERANCE And Abs(y1 - y2) <= CONTOUR_POINT_TOLERANCE)","Pending","",""
"src/Excel/modAutoCADStressExport.bas","1204","If includeElementName And Len(Trim$(elementID)) > 0 Then","Pending","",""
"src/Excel/modAutoCADStressExport.bas","1234","If Not principalAxesEnabled And Not loadPointEnabled Then Exit Sub","Pending","",""
"src/Excel/modAutoCADStressExport.bas","1316","If Len(rawValue) = 0 And settings.HasKey(""AutoCAD.Export.PrincipalAxesEnabled"") Then","Pending","",""
"src/Excel/modAutoCADStressExport.bas","1400","If section.IsConcreteEquivalentAreaFallback(index) And Abs(ConcreteDrawRotation) <= 0.000000000001 Then","Pending","",""
"src/Excel/modAutoCADStressExport.bas","1613","If x < minX - 0.0000001 Or x > maxX + 0.0000001 Then Exit Sub","Pending","",""
"src/Excel/modAutoCADStressExport.bas","1614","If y < minY - 0.0000001 Or y > maxY + 0.0000001 Then Exit Sub","Pending","",""
"src/Excel/modAutoCADStressExport.bas","1618","If Abs(pointX(i) - x) < 0.0000001 And Abs(pointY(i) - y) < 0.0000001 Then Exit Sub","Pending","",""
"src/Excel/modAutoCADStressExport.bas","1621","If pointCount >= UBound(pointX) Then Exit Sub","Pending","",""
"src/Excel/modAutoCADStressExport.bas","1711","Set entity = regions(LBound(regions))","Pending","",""
"src/Excel/modAutoCADStressExport.bas","1726","For i = LBound(sourceObjects) To UBound(sourceObjects)","Pending","",""
"src/Excel/modAutoCADStressExport.bas","1826","For rowIndex = 2 To UBound(data, 1)","Pending","",""
"src/Excel/modAutoCADStressExport.bas","1827","If Not IsExportEmptyRow(data, rowIndex, UBound(data, 2)) Then","Pending","",""
"src/Excel/modWorkbookCalculation.bas","21","If InStr(1, message, ""ошиб"", vbTextCompare) > 0 Or InStr(1, message, ""InputErr"", vbTextCompare) > 0 Then","Pending","",""
"src/Excel/modWorkbookCalculation.bas","128","If Err.Number = vbObjectError + 4702 Or Err.Number = vbObjectError + 4705 Or _","Pending","",""
"src/Excel/modWorkbookCalculation.bas","129","Err.Number = vbObjectError + 4706 Or Err.Number = vbObjectError + 4710 Then","Pending","",""
"src/Excel/modWorkbookCalculation.bas","370","If settings.GetBoolean(""Plot.AutoUpdateAfterCalculation"", True) And batch.StateAvailableCount > 0 Then","Pending","",""
"src/Excel/modWorkbookCalculation.bas","461","If Not (strengthAnchor.Worksheet Is ws) Or Not (crackAnchor.Worksheet Is ws) Or _","Pending","",""
"src/Excel/modWorkbookCalculation.bas","462","Not (stabilityAnchor.Worksheet Is ws) Or Not (elementAnchor.Worksheet Is ws) Then","Pending","",""
"src/Excel/modWorkbookCalculation.bas","569","For index = LBound(requiredNames) To UBound(requiredNames)","Pending","",""
"src/Excel/modWorkbookCalculation.bas","664","If firstRow < 1 Or firstColumn < 1 Then","Pending","",""
"src/Excel/modWorkbookCalculation.bas","735","If lastTwo >= 11 And lastTwo <= 14 Then","Pending","",""
"src/Excel/modWorkbookCalculation.bas","925","For rowIndex = 2 To UBound(values, 1)","Pending","",""
"src/Excel/modWorkbookCalculation.bas","959","If IsEmpty(value) Or IsNull(value) Then Exit Function","Pending","",""
"src/Geometry/CFiberMeshBuilder.cls","52","If maxX <= minX + GEOM_TOLERANCE Or maxY <= minY + GEOM_TOLERANCE Then","Pending","",""
"src/Geometry/CFiberMeshBuilder.cls","62","If stepX <= (maxX - minX) / 2147483646# Or stepY <= (maxY - minY) / 2147483646# Then","Pending","",""
"src/Geometry/CFiberMeshBuilder.cls","68","If nx < 1 Or ny < 1 Then Err.Raise vbObjectError + 2104, ""CFiberMeshBuilder"", ""Габаритный прямоугольник сетки пуст.""","Pending","",""
"src/Geometry/CFiberMeshBuilder.cls","154","allInside = p1 And p2 And p3 And p4","Pending","",""
"src/Geometry/CFiberMeshBuilder.cls","155","anyInside = p1 Or p2 Or p3 Or p4","Pending","",""
"src/Geometry/CFiberMeshBuilder.cls","165","If mFiberCount > UBound(mFibers) Then","Pending","",""
"src/Geometry/CFiberMeshBuilder.cls","167","If UBound(mFibers) > 1073741823 Then","Pending","",""
"src/Geometry/CFiberMeshBuilder.cls","170","newCapacity = UBound(mFibers) * 2","Pending","",""
"src/Geometry/CFiberMeshBuilder.cls","225","If index < 1 Or index > mFiberCount Then","Pending","",""
"src/Geometry/CGeometryHollowRectangle.cls","209","target.GetHorizontalRebarLine isLeft, IIf(openingFace, -axisDistance, axisDistance), _","Pending","",""
"src/Geometry/CGeometryHollowRectangle.cls","235","target.GetSideRebarPath Not isTop, IIf(openingFace, -axisDistance, axisDistance), pointU, pointV","Pending","",""
"src/Geometry/CGeometryHollowRectangle.cls","238","ReDim pointX(LBound(pointU) To UBound(pointU))","Pending","",""
"src/Geometry/CGeometryHollowRectangle.cls","239","ReDim pointY(LBound(pointU) To UBound(pointU))","Pending","",""
"src/Geometry/CGeometryHollowRectangle.cls","240","For i = LBound(pointU) To UBound(pointU)","Pending","",""
"src/Geometry/CGeometryHollowRectangle.cls","250","ContainsPoint = (mOuter.ContainsPoint(X, Y) And Not mOpening.ContainsPoint(X, Y))","Pending","",""
"src/Geometry/CGeometryHollowRectangle.cls","279","If mB <= 0# Or mH <= 0# Then","Pending","",""
"src/Geometry/CGeometryHollowRectangle.cls","283","If mOpeningB <= 0# Or mOpeningH <= 0# Then","Pending","",""
"src/Geometry/CGeometryHollowRectangle.cls","287","If mR < 0# Or mOpeningR < 0# Then","Pending","",""
"src/Geometry/CGeometryHollowRectangle.cls","402","If Not outerAvailable Or Not openingAvailable Then Exit Sub","Pending","",""
"src/Geometry/CGeometryHollowRectangle.cls","419","For i = LBound(px) To UBound(px)","Pending","",""
"src/Geometry/CGeometryRectSet.cls","160","insideLower = (X >= mOriginX - GEOM_TOLERANCE And X <= mOriginX + mB2 + GEOM_TOLERANCE _","Pending","",""
"src/Geometry/CGeometryRectSet.cls","161","And Y >= mOriginY - GEOM_TOLERANCE And Y <= mOriginY + mH2 + GEOM_TOLERANCE)","Pending","",""
"src/Geometry/CGeometryRectSet.cls","165","insideUpper = (X >= ActiveUpperMinX() - GEOM_TOLERANCE And X <= ActiveUpperMaxX() + GEOM_TOLERANCE _","Pending","",""
"src/Geometry/CGeometryRectSet.cls","166","And Y >= ActiveUpperMinY() - GEOM_TOLERANCE And Y <= ActiveUpperMaxY() + GEOM_TOLERANCE)","Pending","",""
"src/Geometry/CGeometryRectSet.cls","167","ContainsPoint = insideLower Or insideUpper","Pending","",""
"src/Geometry/CGeometryRectSet.cls","186","ElseIf LowerRectangleActive() And mB2 <= 0# Then","Pending","",""
"src/Geometry/CGeometryRectSet.cls","188","ElseIf LowerRectangleActive() And mH2 <= 0# Then","Pending","",""
"src/Geometry/CGeometryRectSet.cls","190","ElseIf mSectionType = SECTION_LSECTION And mB1 >= mB2 Then","Pending","",""
"src/Geometry/CGeometryRectSet.cls","192","ElseIf mSectionType = SECTION_TWO_RECTANGLES And Not RectanglesOverlapByX() Then","Pending","",""
"src/Geometry/CGeometryRectSet.cls","308","And ActiveUpperMaxX() > mOriginX + GEOM_TOLERANCE)","Pending","",""
"src/Geometry/CGeometryRectSet.cls","317","ElseIf Abs(pointX(count) - X) <= GEOM_TOLERANCE And Abs(pointY(count) - Y) <= GEOM_TOLERANCE Then","Pending","",""
"src/Geometry/CGeometryRectSet.cls","319","ElseIf count >= UBound(pointX) Then","Pending","",""
"src/Geometry/CGeometryRectSet.cls","320","ReDim Preserve pointX(1 To UBound(pointX) + 4)","Pending","",""
"src/Geometry/CGeometryRectSet.cls","321","ReDim Preserve pointY(1 To UBound(pointY) + 4)","Pending","",""
"src/Geometry/CGeometryRoundedRectangle.cls","141","If radiusTLmm < 0# Or radiusBLmm < 0# Then leftR1 = -1#","Pending","",""
"src/Geometry/CGeometryRoundedRectangle.cls","142","If radiusTRmm < 0# Or radiusBRmm < 0# Then rightR1 = -1#","Pending","",""
"src/Geometry/CGeometryRoundedRectangle.cls","271","If X < mMinX - GEOM_TOLERANCE Or X > mMaxX + GEOM_TOLERANCE Then Exit Function","Pending","",""
"src/Geometry/CGeometryRoundedRectangle.cls","272","If Y < mMinY - GEOM_TOLERANCE Or Y > mMaxY + GEOM_TOLERANCE Then Exit Function","Pending","",""
"src/Geometry/CGeometryRoundedRectangle.cls","309","If Len(mLeftType) = 0 Or Len(mRightType) = 0 Then","Pending","",""
"src/Geometry/CGeometryRoundedRectangle.cls","313","If mLeftW < 0# Or mRightW < 0# Then","Pending","",""
"src/Geometry/CGeometryRoundedRectangle.cls","317","If mLeftR1 < 0# Or mRightR1 < 0# Or mLeftR2 < 0# Or mRightR2 < 0# Then","Pending","",""
"src/Geometry/CGeometryRoundedRectangle.cls","321","If mLeftType = SIDE_TAPERED And mLeftW <= GEOM_TOLERANCE Then","Pending","",""
"src/Geometry/CGeometryRoundedRectangle.cls","325","If mRightType = SIDE_TAPERED And mRightW <= GEOM_TOLERANCE Then","Pending","",""
"src/Geometry/CGeometryRoundedRectangle.cls","332","If mPointCount < 3 Or mArea <= GEOM_TOLERANCE Then","Pending","",""
"src/Geometry/CGeometryRoundedRectangle.cls","335","If mPointCount < 3 Or mArea <= GEOM_TOLERANCE Then","Pending","",""
"src/Geometry/CGeometryRoundedRectangle.cls","417","If prevLength <= GEOM_TOLERANCE Or nextLength <= GEOM_TOLERANCE Then","Pending","",""
"src/Geometry/CGeometryRoundedRectangle.cls","434","If angleValue <= GEOM_TOLERANCE Or Abs(GEOM_PI - angleValue) <= GEOM_TOLERANCE Then","Pending","",""
"src/Geometry/CGeometryRoundedRectangle.cls","464","If firstIndex = 1 Or firstIndex = 4 Then","Pending","",""
"src/Geometry/CGeometryRoundedRectangle.cls","693","ElseIf rawCount > UBound(raw) Then","Pending","",""
"src/Geometry/CGeometryRoundedRectangle.cls","694","ReDim Preserve raw(1 To UBound(raw) + 8)","Pending","",""
"src/Geometry/CGeometryRoundedRectangle.cls","841","If prevLength <= GEOM_TOLERANCE Or nextLength <= GEOM_TOLERANCE Or inputRadius <= GEOM_TOLERANCE Then","Pending","",""
"src/Geometry/CGeometryRoundedRectangle.cls","858","If angleValue <= GEOM_TOLERANCE Or Abs(GEOM_PI - angleValue) <= GEOM_TOLERANCE Then","Pending","",""
"src/Geometry/CGeometryRoundedRectangle.cls","873","If tangentDistance <= GEOM_TOLERANCE Or inputRadius <= GEOM_TOLERANCE Then","Pending","",""
"src/Geometry/CGeometryRoundedRectangle.cls","926","If Abs(sx - ex) <= GEOM_TOLERANCE And Abs(sy - ey) <= GEOM_TOLERANCE Then Exit Sub","Pending","",""
"src/Geometry/CGeometryRoundedRectangle.cls","938","ElseIf segmentCount > UBound(segmentType) Then","Pending","",""
"src/Geometry/CGeometryRoundedRectangle.cls","939","ReDim Preserve segmentType(1 To UBound(segmentType) + 16)","Pending","",""
"src/Geometry/CGeometryRoundedRectangle.cls","940","ReDim Preserve startX(1 To UBound(startX) + 16)","Pending","",""
"src/Geometry/CGeometryRoundedRectangle.cls","941","ReDim Preserve startY(1 To UBound(startY) + 16)","Pending","",""
"src/Geometry/CGeometryRoundedRectangle.cls","942","ReDim Preserve endX(1 To UBound(endX) + 16)","Pending","",""
"src/Geometry/CGeometryRoundedRectangle.cls","943","ReDim Preserve endY(1 To UBound(endY) + 16)","Pending","",""
"src/Geometry/CGeometryRoundedRectangle.cls","944","ReDim Preserve centerX(1 To UBound(centerX) + 16)","Pending","",""
"src/Geometry/CGeometryRoundedRectangle.cls","945","ReDim Preserve centerY(1 To UBound(centerY) + 16)","Pending","",""
"src/Geometry/CGeometryRoundedRectangle.cls","946","ReDim Preserve radiusValue(1 To UBound(radiusValue) + 16)","Pending","",""
"src/Geometry/CGeometryRoundedRectangle.cls","947","ReDim Preserve sweepAngle(1 To UBound(sweepAngle) + 16)","Pending","",""
"src/Geometry/CGeometryRoundedRectangle.cls","1011","If prevLength <= GEOM_TOLERANCE Or nextLength <= GEOM_TOLERANCE Or radius <= GEOM_TOLERANCE Then","Pending","",""
"src/Geometry/CGeometryRoundedRectangle.cls","1027","If angleValue <= GEOM_TOLERANCE Or Abs(GEOM_PI - angleValue) <= GEOM_TOLERANCE Then","Pending","",""
"src/Geometry/CGeometryRoundedRectangle.cls","1076","If Abs(outX(outCount) - X) <= GEOM_TOLERANCE And Abs(outY(outCount) - Y) <= GEOM_TOLERANCE Then Exit Sub","Pending","",""
"src/Geometry/CGeometryRoundedRectangle.cls","1082","ElseIf outCount > UBound(outX) Then","Pending","",""
"src/Geometry/CGeometryRoundedRectangle.cls","1083","ReDim Preserve outX(1 To UBound(outX) + 16)","Pending","",""
"src/Geometry/CGeometryRoundedRectangle.cls","1084","ReDim Preserve outY(1 To UBound(outY) + 16)","Pending","",""
"src/Geometry/CGeometryRoundedRectangle.cls","1093","If Abs(outX(1) - outX(outCount)) <= GEOM_TOLERANCE And Abs(outY(1) - outY(outCount)) <= GEOM_TOLERANCE Then","Pending","",""
"src/Geometry/CGeometryRoundedRectangle.cls","1125","If Abs(mPointX(1) - mPointX(mPointCount)) <= GEOM_TOLERANCE And _","Pending","",""
"src/Materials/CMaterialDiagram.cls","71","mPhysicalTensionStrain = IIf(mStrains(mPointCount) > 0#, mStrains(mPointCount), 0#)","Pending","",""
"src/Materials/CMaterialDiagram.cls","156","If mHasCompressionExtension And strain < mPhysicalCompressionStrain - RANGE_TOLERANCE Then","Pending","",""
"src/Materials/CMaterialDiagram.cls","158","ElseIf mHasTensionExtension And mHasPhysicalTensionLimit And _","Pending","",""
"src/Materials/CMaterialDiagram.cls","192","If strain < mStrains(1) Or strain > mStrains(mPointCount) Then Exit Function","Pending","",""
"src/Materials/CMaterialDiagram.cls","250","If strain >= mStrains(i) And strain <= mStrains(i + 1) Then","Pending","",""
"src/Materials/CMaterialDiagram.cls","253","If mHasCompressionExtension And strain = mCompressionExtensionStartStrain Then","Pending","",""
"src/Materials/CMaterialDiagram.cls","254","If strain = mStrains(i + 1) And i + 1 < mPointCount Then","Pending","",""
"src/Materials/CMaterialDiagram.cls","270","For i = 1 To UBound(mStrains) - 1","Pending","",""
"src/Materials/CMaterialDiagram.cls","271","For j = i + 1 To UBound(mStrains)","Pending","",""
"src/Materials/CMaterialDiagram.cls","292","For i = 1 To UBound(mStrains) - 1","Pending","",""
"src/Materials/CMaterialDiagram.cls","316","If eps1 >= 0# Or eps2 >= 0# Then Err.Raise vbObjectError + 3101, ""CMaterialDiagram"", ""Сжатые деформации должны быть отрицательными.""","Pending","",""
"src/Materials/CMaterialDiagram.cls","317","If stress1 >= 0# Or stress2 >= 0# Then Err.Raise vbObjectError + 3102, ""CMaterialDiagram"", ""Сжатые напряжения должны быть отрицательными.""","Pending","",""
"src/Materials/CMaterialDiagram.cls","331","If eps1 >= 0# Or eps2 >= 0# Or eps3 >= 0# Then Err.Raise vbObjectError + 3103, ""CMaterialDiagram"", ""Сжатые деформации должны быть отрицательными.""","Pending","",""
"src/Materials/CMaterialDiagram.cls","332","If stress1 >= 0# Or stress2 >= 0# Or stress3 >= 0# Then Err.Raise vbObjectError + 3104, ""CMaterialDiagram"", ""Сжатые напряжения должны быть отрицательными.""","Pending","",""
"src/Materials/CMaterialDiagram.cls","347","If eps1 <= 0# Or eps2 <= eps1 Then Err.Raise vbObjectError + 3105, ""CMaterialDiagram"", ""Растянутые деформации должны возрастать и быть положительными.""","Pending","",""
"src/Materials/CMaterialDiagram.cls","348","If stress1 <= 0# Or stress2 <= 0# Then Err.Raise vbObjectError + 3106, ""CMaterialDiagram"", ""Растянутые напряжения должны быть положительными.""","Pending","",""
"src/Materials/CMaterialDiagram.cls","364","If eps1 <= 0# Or eps2 <= eps1 Or eps3 <= eps2 Then Err.Raise vbObjectError + 3107, ""CMaterialDiagram"", ""Растянутые деформации должны возрастать и быть положительными.""","Pending","",""
"src/Materials/CMaterialDiagram.cls","365","If stress1 <= 0# Or stress2 <= 0# Or stress3 <= 0# Then Err.Raise vbObjectError + 3108, ""CMaterialDiagram"", ""Растянутые напряжения должны быть положительными.""","Pending","",""
"src/Materials/CMaterialDiagram.cls","394","If index < 1 Or index > mPointCount Then Err.Raise vbObjectError + 3109, ""CMaterialDiagram"", ""Индекс точки диаграммы вне диапазона.""","Pending","",""
"src/Materials/CMaterialDiagram.cls","401","If index < 1 Or index > mPointCount Then Err.Raise vbObjectError + 3110, ""CMaterialDiagram"", ""Индекс точки диаграммы вне диапазона.""","Pending","",""
"src/Materials/CMaterialModelProvider.cls","140","mConcreteTensionLimitEnabled(slot) = (mConcreteDiagram(slot).HasPhysicalTensionLimit And _","Pending","",""
"src/Materials/CMaterialModelProvider.cls","303","extraTension = extendTension And baseDiagram.HasPhysicalTensionLimit","Pending","",""
"src/Materials/CMaterialModelProvider.cls","596","ConcreteTensionLimitEnabledFromSpec = (diagram.HasPhysicalTensionLimit And spec.ConcreteTension = ctkUseDiagram)","Pending","",""
"src/Section/CCircleRebarLayoutBuilder.cls","60","If Len(rawValue) = 0 Or UCase$(rawValue) = ""TODO"" Then","Pending","",""
"src/Section/CCircleRebarLayoutBuilder.cls","92","If barCount = 0 Or barDiameter = 0# Then","Pending","",""
"src/Section/CCircleRebarLayoutBuilder.cls","133","If Abs(mCentroidX - centerX) > 0.000001 Or Abs(mCentroidY - centerY) > 0.000001 Then","Pending","",""
"src/Section/CCircleRebarLayoutBuilder.cls","179","If row2Diameter > 0# And StrComp(Trim$(row2Location), Trim$(row3Location), vbTextCompare) = 0 Then","Pending","",""
"src/Section/CCircleRebarLayoutBuilder.cls","196","If barCount = 0 Or barDiameter = 0# Then Exit Sub","Pending","",""
"src/Section/CCircleRebarLayoutBuilder.cls","199","If row2Diameter > 0# And Not IsSupportedRowLocation(row2Location) Then Err.Raise vbObjectError + 3157, ""CCircleRebarLayoutBuilder"", ""Rebar.Loc2row должен быть SideBySide или Stacked.""","Pending","",""
"src/Section/CCircleRebarLayoutBuilder.cls","200","If row3Diameter > 0# And Not IsSupportedRowLocation(row3Location) Then Err.Raise vbObjectError + 3158, ""CCircleRebarLayoutBuilder"", ""Rebar.Loc3row должен быть SideBySide или Stacked.""","Pending","",""
"src/Section/CCircleRebarLayoutBuilder.cls","221","IsSupportedRowLocation = IsStackedLocation(value) Or StrComp(Trim$(value), ""SideBySide"", vbTextCompare) = 0","Pending","",""
"src/Section/CHollowRectRebarLayoutBuilder.cls","128","If Len(rawValue) = 0 Or UCase$(rawValue) = ""TODO"" Or rawValue = ""-"" Then","Pending","",""
"src/Section/CHollowRectRebarLayoutBuilder.cls","148","If barCount = 0 Or diameter = 0# Then Exit Sub","Pending","",""
"src/Section/CHollowRectRebarLayoutBuilder.cls","202","If barCount = 0 Or diameter = 0# Then Exit Sub","Pending","",""
"src/Section/CHollowRectRebarLayoutBuilder.cls","252","If sourceCount = 0 Or diameter = 0# Then Exit Sub","Pending","",""
"src/Section/CHollowRectRebarLayoutBuilder.cls","329","If sourceCount = 0 Or diameter = 0# Then Exit Sub","Pending","",""
"src/Section/CHollowRectRebarLayoutBuilder.cls","371","If row2Diameter > 0# And ShouldAddAdditionalRow(baseBarOrdinal, FaceRow2Binding(settings)) Then","Pending","",""
"src/Section/CHollowRectRebarLayoutBuilder.cls","378","If row3Diameter > 0# And ShouldAddAdditionalRow(baseBarOrdinal, FaceRow3Binding(settings)) Then","Pending","",""
"src/Section/CHollowRectRebarLayoutBuilder.cls","381","If row2Diameter > 0# And StrComp(FaceRow2Location(settings), FaceRow3Location(settings), vbTextCompare) = 0 Then skippedDiameter = row2Diameter","Pending","",""
"src/Section/CHollowRectRebarLayoutBuilder.cls","429","If barCount = 0 Or diameter = 0# Then Exit Sub","Pending","",""
"src/Section/CHollowRectRebarLayoutBuilder.cls","439","If FaceRow2Diameter(settings) < 0# Or FaceRow3Diameter(settings) < 0# Then Err.Raise vbObjectError + 3253, ""CHollowRectRebarLayoutBuilder"", HollowFaceDisplayName(faceName) & "": диаметры дополнительных рядов d2 и d3 должны быть неотрицательными.""","Pending","",""
"src/Section/CHollowRectRebarLayoutBuilder.cls","440","If FaceRow2Diameter(settings) > 0# And Not IsSupportedRowLocation(FaceRow2Location(settings)) Then Err.Raise vbObjectError + 3254, ""CHollowRectRebarLayoutBuilder"", HollowFaceDisplayName(faceName) & "": положение второго ряда должно быть SideBySide или Stacked.""","Pending","",""
"src/Section/CHollowRectRebarLayoutBuilder.cls","441","If FaceRow3Diameter(settings) > 0# And Not IsSupportedRowLocation(FaceRow3Location(settings)) Then Err.Raise vbObjectError + 3255, ""CHollowRectRebarLayoutBuilder"", HollowFaceDisplayName(faceName) & "": положение третьего ряда должно быть SideBySide или Stacked.""","Pending","",""
"src/Section/CHollowRectRebarLayoutBuilder.cls","442","If FaceRow2Diameter(settings) > 0# And Not IsSupportedRowBinding(FaceRow2Binding(settings)) Then Err.Raise vbObjectError + 3256, ""CHollowRectRebarLayoutBuilder"", HollowFaceDisplayName(faceName) & "": привязка второго ряда должна быть EachBar или EverySecondBar.""","Pending","",""
"src/Section/CHollowRectRebarLayoutBuilder.cls","443","If FaceRow3Diameter(settings) > 0# And Not IsSupportedRowBinding(FaceRow3Binding(settings)) Then Err.Raise vbObjectError + 3257, ""CHollowRectRebarLayoutBuilder"", HollowFaceDisplayName(faceName) & "": привязка третьего ряда должна быть EachBar или EverySecondBar.""","Pending","",""
"src/Section/CHollowRectRebarLayoutBuilder.cls","449","IsSupportedRowLocation = (StrComp(value, ""SideBySide"", vbTextCompare) = 0 Or StrComp(value, ""Stacked"", vbTextCompare) = 0)","Pending","",""
"src/Section/CHollowRectRebarLayoutBuilder.cls","455","IsSupportedRowBinding = (StrComp(value, ""EachBar"", vbTextCompare) = 0 Or StrComp(value, ""EverySecondBar"", vbTextCompare) = 0)","Pending","",""
"src/Section/CHollowRectRebarLayoutBuilder.cls","538","If Not initialized Or projection > bestProjection + GEOM_TOLERANCE Then","Pending","",""
"src/Section/CHollowRectRebarLayoutBuilder.cls","566","For i = LBound(px) To UBound(px) - 1","Pending","",""
"src/Section/CHollowRectRebarLayoutBuilder.cls","569","If Not ProjectRayToPolyline Or hitT < bestRayT Then","Pending","",""
"src/Section/CHollowRectRebarLayoutBuilder.cls","614","If segmentT < -GEOM_TOLERANCE Or segmentT > 1# + GEOM_TOLERANCE Then Exit Function","Pending","",""
"src/Section/CHollowRectRebarLayoutBuilder.cls","667","For i = LBound(px) To UBound(px) - 1","Pending","",""
"src/Section/CHollowRectRebarLayoutBuilder.cls","679","For i = LBound(px) To UBound(px) - 1","Pending","",""
"src/Section/CHollowRectRebarLayoutBuilder.cls","697","xCoord = px(UBound(px))","Pending","",""
"src/Section/CHollowRectRebarLayoutBuilder.cls","698","yCoord = py(UBound(py))","Pending","",""
"src/Section/CHollowRectRebarLayoutBuilder.cls","719","If Abs(layout.X(i) - xCoord) <= GEOM_TOLERANCE And Abs(layout.Y(i) - yCoord) <= GEOM_TOLERANCE Then","Pending","",""
"src/Section/CHollowRectRebarLayoutBuilder.cls","728","FaceAs = CDbl(settings(LBound(settings)))","Pending","",""
"src/Section/CHollowRectRebarLayoutBuilder.cls","733","FaceDiameter = CDbl(settings(LBound(settings) + 1))","Pending","",""
"src/Section/CHollowRectRebarLayoutBuilder.cls","738","FaceCount = CLng(settings(LBound(settings) + 2))","Pending","",""
"src/Section/CHollowRectRebarLayoutBuilder.cls","743","FaceRow2Diameter = CDbl(settings(LBound(settings) + 3))","Pending","",""
"src/Section/CHollowRectRebarLayoutBuilder.cls","748","FaceRow3Diameter = CDbl(settings(LBound(settings) + 4))","Pending","",""
"src/Section/CHollowRectRebarLayoutBuilder.cls","753","FaceRow2Location = CStr(settings(LBound(settings) + 5))","Pending","",""
"src/Section/CHollowRectRebarLayoutBuilder.cls","758","FaceRow3Location = CStr(settings(LBound(settings) + 6))","Pending","",""
"src/Section/CHollowRectRebarLayoutBuilder.cls","763","FaceRow2Binding = CStr(settings(LBound(settings) + 7))","Pending","",""
"src/Section/CHollowRectRebarLayoutBuilder.cls","768","FaceRow3Binding = CStr(settings(LBound(settings) + 8))","Pending","",""
"src/Section/CRebarGroupAnnotationBuilder.cls","22","If rebars.Count <= 0 Or rebars.AnnotationCount <= 0 Then Exit Sub","Pending","",""
"src/Section/CRebarGroupAnnotationBuilder.cls","80","Do While InStr(1, textValue, ""."", vbTextCompare) > 0 And Right$(textValue, 1) = ""0""","Pending","",""
"src/Section/CRebarLayout.cls","82","If Abs(mX(i) - xCoord) <= GEOM_TOLERANCE And Abs(mY(i) - yCoord) <= GEOM_TOLERANCE Then","Pending","",""
"src/Section/CRebarLayout.cls","227","If index < 1 Or index > mCount Then Err.Raise vbObjectError + 3106, ""CRebarLayout"", ""Индекс стержня вне допустимого диапазона.""","Pending","",""
"src/Section/CRebarLayout.cls","232","If index < 1 Or index > mAnnotationCount Then Err.Raise vbObjectError + 3107, ""CRebarLayout"", ""Индекс аннотации арматуры вне допустимого диапазона.""","Pending","",""
"src/Section/CRectSetAnnotationBuilder.cls","44","For i = LBound(px) To UBound(px)","Pending","",""
"src/Section/CRectSetAnnotationBuilder.cls","45","If i = UBound(px) Then","Pending","",""
"src/Section/CRectSetAnnotationBuilder.cls","46","nextIndex = LBound(px)","Pending","",""
"src/Section/CRectSetAnnotationBuilder.cls","81","If StrComp(rectSet.SectionType, ""TwoRectangles"", vbTextCompare) = 0 And Abs(rectSet.EffectiveUpperOffsetX) > GEOM_TOLERANCE Then","Pending","",""
"src/Section/CRectSetRebarLayoutBuilder.cls","91","If Len(rawValue) = 0 Or UCase$(rawValue) = ""TODO"" Then","Pending","",""
"src/Section/CRectSetRebarLayoutBuilder.cls","180","For i = LBound(px) To UBound(px)","Pending","",""
"src/Section/CRectSetRebarLayoutBuilder.cls","181","If i = UBound(px) Then","Pending","",""
"src/Section/CRectSetRebarLayoutBuilder.cls","182","nextIndex = LBound(px)","Pending","",""
"src/Section/CRectSetRebarLayoutBuilder.cls","268","If barCount = 0 Or barDiameter = 0# Then Exit Sub","Pending","",""
"src/Section/CRectSetRebarLayoutBuilder.cls","270","If startOffset < 0# Or endOffset < 0# Then Err.Raise vbObjectError + 3174, ""CRectSetRebarLayoutBuilder"", lineLabel & "": отступы t нач. и t кон. должны быть неотрицательными.""","Pending","",""
"src/Section/CRectSetRebarLayoutBuilder.cls","358","If row2Diameter > 0# And ShouldAddAdditionalRow(baseBarOrdinal, row2Binding) Then","Pending","",""
"src/Section/CRectSetRebarLayoutBuilder.cls","366","If row3Diameter > 0# And ShouldAddAdditionalRow(baseBarOrdinal, row3Binding) Then","Pending","",""
"src/Section/CRectSetRebarLayoutBuilder.cls","369","If row2Diameter > 0# And StrComp(row2Location, row3Location, vbTextCompare) = 0 Then skippedDiameter = row2Diameter","Pending","",""
"src/Section/CRectSetRebarLayoutBuilder.cls","425","LineAxisDistance = CDbl(lineSettings(LBound(lineSettings)))","Pending","",""
"src/Section/CRectSetRebarLayoutBuilder.cls","430","LineBarCount = CLng(lineSettings(LBound(lineSettings) + 1))","Pending","",""
"src/Section/CRectSetRebarLayoutBuilder.cls","435","LineBarDiameter = CDbl(lineSettings(LBound(lineSettings) + 2))","Pending","",""
"src/Section/CRectSetRebarLayoutBuilder.cls","440","LineStartOffset = CDbl(lineSettings(LBound(lineSettings) + 3))","Pending","",""
"src/Section/CRectSetRebarLayoutBuilder.cls","445","LineEndOffset = CDbl(lineSettings(LBound(lineSettings) + 4))","Pending","",""
"src/Section/CRectSetRebarLayoutBuilder.cls","450","If UBound(lineSettings) - LBound(lineSettings) < 5 Then Exit Function","Pending","",""
"src/Section/CRectSetRebarLayoutBuilder.cls","451","LineRow2Diameter = CDbl(lineSettings(LBound(lineSettings) + 5))","Pending","",""
"src/Section/CRectSetRebarLayoutBuilder.cls","456","If UBound(lineSettings) - LBound(lineSettings) < 6 Then Exit Function","Pending","",""
"src/Section/CRectSetRebarLayoutBuilder.cls","457","LineRow3Diameter = CDbl(lineSettings(LBound(lineSettings) + 6))","Pending","",""
"src/Section/CRectSetRebarLayoutBuilder.cls","463","If UBound(lineSettings) - LBound(lineSettings) < 7 Then Exit Function","Pending","",""
"src/Section/CRectSetRebarLayoutBuilder.cls","464","If Len(Trim$(CStr(lineSettings(LBound(lineSettings) + 7)))) > 0 Then LineRow2Location = Trim$(CStr(lineSettings(LBound(lineSettings) + 7)))","Pending","",""
"src/Section/CRectSetRebarLayoutBuilder.cls","470","If UBound(lineSettings) - LBound(lineSettings) < 8 Then Exit Function","Pending","",""
"src/Section/CRectSetRebarLayoutBuilder.cls","471","If Len(Trim$(CStr(lineSettings(LBound(lineSettings) + 8)))) > 0 Then LineRow3Location = Trim$(CStr(lineSettings(LBound(lineSettings) + 8)))","Pending","",""
"src/Section/CRectSetRebarLayoutBuilder.cls","477","If UBound(lineSettings) - LBound(lineSettings) < 9 Then Exit Function","Pending","",""
"src/Section/CRectSetRebarLayoutBuilder.cls","478","If Len(Trim$(CStr(lineSettings(LBound(lineSettings) + 9)))) > 0 Then LineRow2Binding = Trim$(CStr(lineSettings(LBound(lineSettings) + 9)))","Pending","",""
"src/Section/CRectSetRebarLayoutBuilder.cls","484","If UBound(lineSettings) - LBound(lineSettings) < 10 Then Exit Function","Pending","",""
"src/Section/CRectSetRebarLayoutBuilder.cls","485","If Len(Trim$(CStr(lineSettings(LBound(lineSettings) + 10)))) > 0 Then LineRow3Binding = Trim$(CStr(lineSettings(LBound(lineSettings) + 10)))","Pending","",""
"src/Section/CRectSetRebarLayoutBuilder.cls","533","If row2Diameter < 0# Or row3Diameter < 0# Then Err.Raise vbObjectError + 3180, ""CRectSetRebarLayoutBuilder"", faceName & "": диаметры дополнительных рядов d_2row и d_3row должны быть неотрицательными.""","Pending","",""
"src/Section/CRectSetRebarLayoutBuilder.cls","534","If row2Diameter > 0# And Not IsSupportedRowLocation(row2Location) Then Err.Raise vbObjectError + 3182, ""CRectSetRebarLayoutBuilder"", faceName & "": loc_2row должен быть SideBySide или Stacked.""","Pending","",""
"src/Section/CRectSetRebarLayoutBuilder.cls","535","If row3Diameter > 0# And Not IsSupportedRowLocation(row3Location) Then Err.Raise vbObjectError + 3183, ""CRectSetRebarLayoutBuilder"", faceName & "": loc_3row должен быть SideBySide или Stacked.""","Pending","",""
"src/Section/CRectSetRebarLayoutBuilder.cls","536","If row2Diameter > 0# And Not IsSupportedRowBinding(row2Binding) Then Err.Raise vbObjectError + 3184, ""CRectSetRebarLayoutBuilder"", faceName & "": bind_2row должен быть EachBar или EverySecondBar.""","Pending","",""
"src/Section/CRectSetRebarLayoutBuilder.cls","537","If row3Diameter > 0# And Not IsSupportedRowBinding(row3Binding) Then Err.Raise vbObjectError + 3185, ""CRectSetRebarLayoutBuilder"", faceName & "": bind_3row должен быть EachBar или EverySecondBar.""","Pending","",""
"src/Section/CRectSetRebarLayoutBuilder.cls","542","IsSupportedRowLocation = (StrComp(value, ""SideBySide"", vbTextCompare) = 0 Or StrComp(value, ""Stacked"", vbTextCompare) = 0)","Pending","",""
"src/Section/CRectSetRebarLayoutBuilder.cls","547","IsSupportedRowBinding = (StrComp(value, ""EachBar"", vbTextCompare) = 0 Or StrComp(value, ""EverySecondBar"", vbTextCompare) = 0)","Pending","",""
"src/Section/CRectSetRebarLayoutBuilder.cls","568","FaceAs1 = CDbl(faceSettings(LBound(faceSettings)))","Pending","",""
"src/Section/CRectSetRebarLayoutBuilder.cls","573","FaceAs2 = CDbl(faceSettings(LBound(faceSettings) + 1))","Pending","",""
"src/Section/CRectSetRebarLayoutBuilder.cls","578","FaceDiameter1 = CDbl(faceSettings(LBound(faceSettings) + 2))","Pending","",""
"src/Section/CRectSetRebarLayoutBuilder.cls","583","FaceDiameter2 = CDbl(faceSettings(LBound(faceSettings) + 3))","Pending","",""
"src/Section/CRectSetRebarLayoutBuilder.cls","588","FaceCount1 = CLng(faceSettings(LBound(faceSettings) + 4))","Pending","",""
"src/Section/CRectSetRebarLayoutBuilder.cls","593","FaceCount2 = CLng(faceSettings(LBound(faceSettings) + 5))","Pending","",""
"src/Section/CRectSetRebarLayoutBuilder.cls","598","FaceStartOffset1 = CDbl(faceSettings(LBound(faceSettings) + 6))","Pending","",""
"src/Section/CRectSetRebarLayoutBuilder.cls","603","FaceEndOffset1 = CDbl(faceSettings(LBound(faceSettings) + 7))","Pending","",""
"src/Section/CRectSetRebarLayoutBuilder.cls","608","FaceStartOffset2 = CDbl(faceSettings(LBound(faceSettings) + 8))","Pending","",""
"src/Section/CRectSetRebarLayoutBuilder.cls","613","FaceEndOffset2 = CDbl(faceSettings(LBound(faceSettings) + 9))","Pending","",""
"src/Section/CRectSetRebarLayoutBuilder.cls","618","If UBound(faceSettings) - LBound(faceSettings) < 10 Then Exit Function","Pending","",""
"src/Section/CRectSetRebarLayoutBuilder.cls","619","FaceRow2Diameter1 = CDbl(faceSettings(LBound(faceSettings) + 10))","Pending","",""
"src/Section/CRectSetRebarLayoutBuilder.cls","624","If UBound(faceSettings) - LBound(faceSettings) < 11 Then Exit Function","Pending","",""
"src/Section/CRectSetRebarLayoutBuilder.cls","625","FaceRow2Diameter2 = CDbl(faceSettings(LBound(faceSettings) + 11))","Pending","",""
"src/Section/CRectSetRebarLayoutBuilder.cls","630","If UBound(faceSettings) - LBound(faceSettings) < 12 Then Exit Function","Pending","",""
"src/Section/CRectSetRebarLayoutBuilder.cls","631","FaceRow3Diameter1 = CDbl(faceSettings(LBound(faceSettings) + 12))","Pending","",""
"src/Section/CRectSetRebarLayoutBuilder.cls","636","If UBound(faceSettings) - LBound(faceSettings) < 13 Then Exit Function","Pending","",""
"src/Section/CRectSetRebarLayoutBuilder.cls","637","FaceRow3Diameter2 = CDbl(faceSettings(LBound(faceSettings) + 13))","Pending","",""
"src/Section/CRectSetRebarLayoutBuilder.cls","643","If UBound(faceSettings) - LBound(faceSettings) < 14 Then Exit Function","Pending","",""
"src/Section/CRectSetRebarLayoutBuilder.cls","644","If Len(Trim$(CStr(faceSettings(LBound(faceSettings) + 14)))) > 0 Then FaceRow2Location = Trim$(CStr(faceSettings(LBound(faceSettings) + 14)))","Pending","",""
"src/Section/CRectSetRebarLayoutBuilder.cls","650","If UBound(faceSettings) - LBound(faceSettings) < 15 Then Exit Function","Pending","",""
"src/Section/CRectSetRebarLayoutBuilder.cls","651","If Len(Trim$(CStr(faceSettings(LBound(faceSettings) + 15)))) > 0 Then FaceRow3Location = Trim$(CStr(faceSettings(LBound(faceSettings) + 15)))","Pending","",""
"src/Section/CRectSetRebarLayoutBuilder.cls","657","If UBound(faceSettings) - LBound(faceSettings) < 16 Then Exit Function","Pending","",""
"src/Section/CRectSetRebarLayoutBuilder.cls","658","If Len(Trim$(CStr(faceSettings(LBound(faceSettings) + 16)))) > 0 Then FaceRow2Binding = Trim$(CStr(faceSettings(LBound(faceSettings) + 16)))","Pending","",""
"src/Section/CRectSetRebarLayoutBuilder.cls","664","If UBound(faceSettings) - LBound(faceSettings) < 17 Then Exit Function","Pending","",""
"src/Section/CRectSetRebarLayoutBuilder.cls","665","If Len(Trim$(CStr(faceSettings(LBound(faceSettings) + 17)))) > 0 Then FaceRow3Binding = Trim$(CStr(faceSettings(LBound(faceSettings) + 17)))","Pending","",""
"src/Section/CRectSetRebarLayoutBuilder.cls","675","For i = LBound(distances) To UBound(distances)","Pending","",""
"src/Section/CRectSetRebarLayoutBuilder.cls","691","If Abs(layout.X(i) - xCoord) <= GEOM_TOLERANCE And Abs(layout.Y(i) - yCoord) <= GEOM_TOLERANCE Then","Pending","",""
"src/Section/CRoundedRectAnnotationBuilder.cls","53","For i = LBound(px) To UBound(px)","Pending","",""
"src/Section/CRoundedRectAnnotationBuilder.cls","54","If i = UBound(px) Then","Pending","",""
"src/Section/CRoundedRectAnnotationBuilder.cls","55","nextIndex = LBound(px)","Pending","",""
"src/Section/CRoundedRectAnnotationBuilder.cls","110","If StrComp(rounded.LeftType, ""Tapered"", vbTextCompare) = 0 And actualLeftW > GEOM_TOLERANCE Then","Pending","",""
"src/Section/CRoundedRectAnnotationBuilder.cls","117","If StrComp(rounded.RightType, ""Tapered"", vbTextCompare) = 0 And actualRightW > GEOM_TOLERANCE Then","Pending","",""
"src/Section/CRoundedRectRebarLayoutBuilder.cls","104","If Len(rawValue) = 0 Or UCase$(rawValue) = ""TODO"" Then","Pending","",""
"src/Section/CRoundedRectRebarLayoutBuilder.cls","127","If barCount = 0 Or diameter = 0# Then Exit Sub","Pending","",""
"src/Section/CRoundedRectRebarLayoutBuilder.cls","185","If barCount = 0 Or diameter = 0# Then Exit Sub","Pending","",""
"src/Section/CRoundedRectRebarLayoutBuilder.cls","265","If row2Diameter > 0# And ShouldAddAdditionalRow(baseBarOrdinal, FaceRow2Binding(settings)) Then","Pending","",""
"src/Section/CRoundedRectRebarLayoutBuilder.cls","272","If row3Diameter > 0# And ShouldAddAdditionalRow(baseBarOrdinal, FaceRow3Binding(settings)) Then","Pending","",""
"src/Section/CRoundedRectRebarLayoutBuilder.cls","275","If row2Diameter > 0# And StrComp(FaceRow2Location(settings), FaceRow3Location(settings), vbTextCompare) = 0 Then skippedDiameter = row2Diameter","Pending","",""
"src/Section/CRoundedRectRebarLayoutBuilder.cls","338","If barCount = 0 Or diameter = 0# Then Exit Sub","Pending","",""
"src/Section/CRoundedRectRebarLayoutBuilder.cls","340","If row2Diameter < 0# Or row3Diameter < 0# Then Err.Raise vbObjectError + 3233, ""CRoundedRectRebarLayoutBuilder"", RoundedFaceDisplayName(faceName) & "": диаметры дополнительных рядов d2 и d3 должны быть неотрицательными.""","Pending","",""
"src/Section/CRoundedRectRebarLayoutBuilder.cls","341","If row2Diameter > 0# And Not IsSupportedRowLocation(row2Location) Then Err.Raise vbObjectError + 3234, ""CRoundedRectRebarLayoutBuilder"", RoundedFaceDisplayName(faceName) & "": положение второго ряда должно быть SideBySide или Stacked.""","Pending","",""
"src/Section/CRoundedRectRebarLayoutBuilder.cls","342","If row3Diameter > 0# And Not IsSupportedRowLocation(row3Location) Then Err.Raise vbObjectError + 3235, ""CRoundedRectRebarLayoutBuilder"", RoundedFaceDisplayName(faceName) & "": положение третьего ряда должно быть SideBySide или Stacked.""","Pending","",""
"src/Section/CRoundedRectRebarLayoutBuilder.cls","343","If row2Diameter > 0# And Not IsSupportedRowBinding(row2Binding) Then Err.Raise vbObjectError + 3236, ""CRoundedRectRebarLayoutBuilder"", RoundedFaceDisplayName(faceName) & "": привязка второго ряда должна быть EachBar или EverySecondBar.""","Pending","",""
"src/Section/CRoundedRectRebarLayoutBuilder.cls","344","If row3Diameter > 0# And Not IsSupportedRowBinding(row3Binding) Then Err.Raise vbObjectError + 3237, ""CRoundedRectRebarLayoutBuilder"", RoundedFaceDisplayName(faceName) & "": привязка третьего ряда должна быть EachBar или EverySecondBar.""","Pending","",""
"src/Section/CRoundedRectRebarLayoutBuilder.cls","349","IsSupportedRowLocation = (StrComp(value, ""SideBySide"", vbTextCompare) = 0 Or StrComp(value, ""Stacked"", vbTextCompare) = 0)","Pending","",""
"src/Section/CRoundedRectRebarLayoutBuilder.cls","354","IsSupportedRowBinding = (StrComp(value, ""EachBar"", vbTextCompare) = 0 Or StrComp(value, ""EverySecondBar"", vbTextCompare) = 0)","Pending","",""
"src/Section/CRoundedRectRebarLayoutBuilder.cls","362","For i = LBound(px) To UBound(px) - 1","Pending","",""
"src/Section/CRoundedRectRebarLayoutBuilder.cls","374","For i = LBound(px) To UBound(px) - 1","Pending","",""
"src/Section/CRoundedRectRebarLayoutBuilder.cls","392","xCoord = px(UBound(px))","Pending","",""
"src/Section/CRoundedRectRebarLayoutBuilder.cls","393","yCoord = py(UBound(py))","Pending","",""
"src/Section/CRoundedRectRebarLayoutBuilder.cls","413","If Abs(layout.X(i) - xCoord) <= GEOM_TOLERANCE And Abs(layout.Y(i) - yCoord) <= GEOM_TOLERANCE Then","Pending","",""
"src/Section/CRoundedRectRebarLayoutBuilder.cls","422","FaceAs = CDbl(settings(LBound(settings)))","Pending","",""
"src/Section/CRoundedRectRebarLayoutBuilder.cls","427","FaceDiameter = CDbl(settings(LBound(settings) + 1))","Pending","",""
"src/Section/CRoundedRectRebarLayoutBuilder.cls","432","FaceCount = CLng(settings(LBound(settings) + 2))","Pending","",""
"src/Section/CRoundedRectRebarLayoutBuilder.cls","437","FaceRow2Diameter = CDbl(settings(LBound(settings) + 3))","Pending","",""
"src/Section/CRoundedRectRebarLayoutBuilder.cls","442","FaceRow3Diameter = CDbl(settings(LBound(settings) + 4))","Pending","",""
"src/Section/CRoundedRectRebarLayoutBuilder.cls","447","FaceRow2Location = CStr(settings(LBound(settings) + 5))","Pending","",""
"src/Section/CRoundedRectRebarLayoutBuilder.cls","452","FaceRow3Location = CStr(settings(LBound(settings) + 6))","Pending","",""
"src/Section/CRoundedRectRebarLayoutBuilder.cls","457","FaceRow2Binding = CStr(settings(LBound(settings) + 7))","Pending","",""
"src/Section/CRoundedRectRebarLayoutBuilder.cls","462","FaceRow3Binding = CStr(settings(LBound(settings) + 8))","Pending","",""
"src/Section/CSectionAnnotations.cls","189","If index < 1 Or index > mCount Then Err.Raise vbObjectError + 5282, ""CSectionAnnotations"", ""Индекс аннотации вне допустимого диапазона.""","Pending","",""
"src/Section/CSectionModel.cls","198","If IsConcreteEquivalentAreaFallback(i) And Abs(mConcreteRotation(i)) <= GEOM_TOLERANCE Then","Pending","",""
"src/Section/CSectionModel.cls","232","If count > 0 And (Abs(sumCos) > GEOM_TOLERANCE Or Abs(sumSin) > GEOM_TOLERANCE) Then","Pending","",""
"src/Section/CSectionModel.cls","243","If widthValue <= GEOM_TOLERANCE Or heightValue <= GEOM_TOLERANCE Then Exit Function","Pending","",""
"src/Section/CSectionModel.cls","268","ConcreteBoundaryRectangle = (widthValue > GEOM_TOLERANCE And heightValue > GEOM_TOLERANCE)","Pending","",""
"src/Section/CSectionModel.cls","393","If index < 1 Or index > mConcreteCount Then Exit Sub","Pending","",""
"src/Section/CSectionModel.cls","423","If i1 <= GEOM_TOLERANCE Or i2 <= GEOM_TOLERANCE Then Exit Function","Pending","",""
"src/Section/CSectionModel.cls","430","If rectangleWidth > GEOM_TOLERANCE And rectangleHeight > GEOM_TOLERANCE Then","Pending","",""
"src/Section/CSectionModel.cls","446","TryInterpretAnisotropicBoundary = (widthValue > GEOM_TOLERANCE And heightValue > GEOM_TOLERANCE)","Pending","",""
"src/Section/CSectionModel.cls","473","StrComp(Trim$(mConcreteShapeType(index)), ""Rectangle"", vbTextCompare) = 0 And _","Pending","",""
"src/Section/CSectionModel.cls","474","mConcreteWidth(index) > GEOM_TOLERANCE And _","Pending","",""
"src/Section/CSectionModel.cls","475","mConcreteHeight(index) > GEOM_TOLERANCE And _","Pending","",""
"src/Section/CSectionModel.cls","476","mConcreteArea(index) > GEOM_TOLERANCE And _","Pending","",""
"src/Section/CSectionModel.cls","527","If localIx <= GEOM_TOLERANCE Or localIy <= GEOM_TOLERANCE Then Exit Function","Pending","",""
"src/Section/CSectionModel.cls","540","Abs(localIx - localIy) / scaleValue <= LOCAL_INERTIA_SQUARE_REL_TOLERANCE And _","Pending","",""
"src/Section/CSectionModel.cls","784","If index < 1 Or index > mConcreteCount Then Err.Raise vbObjectError + 5220, ""CSectionModel"", ""Индекс бетонного элемента вне допустимого диапазона.""","Pending","",""
"src/Section/CSectionModel.cls","789","If index < 1 Or index > mRebarCount Then Err.Raise vbObjectError + 5221, ""CSectionModel"", ""Индекс арматурного элемента вне допустимого диапазона.""","Pending","",""
"src/Section/CSectionPropertiesCalculator.cls","199","If includeRebar And section.RebarCount > 0 Then","Pending","",""
"src/Section/CSectionPropertiesCalculator.cls","265","If intervalStart(i) <= PROJECTION_INTERVAL_TOLERANCE And _","Pending","",""
"src/Section/CSectionPropertiesCalculator.cls","267","If Not hasSeed Or intervalEnd(i) > currentEnd Then currentEnd = intervalEnd(i)","Pending","",""
"src/Section/CSectionPropertiesCalculator.cls","284","If intervalStart(i) <= currentEnd + PROJECTION_INTERVAL_TOLERANCE And _","Pending","",""
"src/Section/CSectionPropertiesCalculator.cls","511","If Abs(axisX) <= 0# And Abs(axisY) <= 0# Then Err.Raise vbObjectError + 2225, _","Pending","",""
"src/Section/CSectionPropertiesCalculator.cls","522","If includeRebar And section.RebarCount > 0 Then","Pending","",""
"src/Section/CSectionPropertiesCalculator.cls","670","If Abs(mIxyc) / inertiaRef <= PRINCIPAL_AXIS_ISOTROPIC_RELATIVE_TOLERANCE And _","Pending","",""
"src/Solver/CCapacityCalculator.cls","258","momentFilter, concreteDepthForMx) And _","Pending","",""
"src/Solver/CCapacityCalculator.cls","286","cap.ConcreteTensionLimitEnabled = (concreteMaterial.HasPhysicalTensionLimit And _","Pending","",""
"src/Solver/CCapacityLimitSearchProblem.cls","121","If request.PureAxialForMethod And lambdaValue > 0# Then","Pending","",""
"src/Solver/CCapacityLimitSearchProblem.cls","218","If Not request.ForceOnly And Not request.PureAxialForMethod Then Exit Sub","Pending","",""
"src/Solver/CCapacityLimitSearchProblem.cls","250","ElseIf mCapacity.LimitSearchInitialLambdaRejected And _","Pending","",""
"src/Solver/CCapacityLimitSearchProblem.cls","272","hasPoint = mCapacity.Converged And mCapacity.LambdaUltimate > 0#","Pending","",""
"src/Solver/CCapacityLimitSearchProblem.cls","282","If hasPoint And Not materialSpec Is Nothing Then","Pending","",""
"src/Solver/CCapacityLimitSearchProblem.cls","397","ILimitSearchProblem_StoppedTerminally = mCapacity.Converged Or mCapacity.LimitSearchHasTerminalFailure","Pending","",""
"src/Solver/CCapacityResult.cls","80","If searchResult.Succeeded And searchResult.Converged Then","Pending","",""
"src/Solver/CCapacityResult.cls","81","If searchResult.LambdaUltimate > 0# And searchResult.LambdaUltimate < 1# Then","Pending","",""
"src/Solver/CCapacityResult.cls","283","ElseIf StrComp(solutionStrategy, ""UltimateStrain"", vbTextCompare) = 0 And _","Pending","",""
"src/Solver/CCapacitySolver.cls","204","If allowPureAxialRedirect And IsPureAxialLoadPath(nOffset, nBase, mxOffset, mxBase, myOffset, myBase) Then","Pending","",""
"src/Solver/CCapacitySolver.cls","259","If mConverged Or LimitSearchHasTerminalFailure Then Exit Sub","Pending","",""
"src/Solver/CCapacitySolver.cls","291","IsPureAxialLoadPath = Abs(nBase) > 0.000000001 And _","Pending","",""
"src/Solver/CCapacitySolver.cls","292","Abs(nOffset) <= 0.000000001 And _","Pending","",""
"src/Solver/CCapacitySolver.cls","293","Abs(mxOffset) <= 0.000000001 And Abs(mxBase) <= 0.000000001 And _","Pending","",""
"src/Solver/CCapacitySolver.cls","294","Abs(myOffset) <= 0.000000001 And Abs(myBase) <= 0.000000001","Pending","",""
"src/Solver/CCapacitySolver.cls","302","IsMomentOnlyLoadPath = Abs(nBase) <= 0.000000001 And _","Pending","",""
"src/Solver/CCapacitySolver.cls","335","If boundaryLambda <= 0# Or boundaryLambda > mMaxLambda Then Exit Sub","Pending","",""
"src/Solver/CCapacitySolver.cls","357","If section.RebarCount > 0 And Abs(edgeStrain - anchorStrain) > 0.000000000001 Then","Pending","",""
"src/Solver/CCapacitySolver.cls","490","If maxAbsY > 0# And baseNorm > 0# Then kx = Sgn(mxBase) * strainLimit / maxAbsY * Abs(mxBase) / baseNorm","Pending","",""
"src/Solver/CCapacitySolver.cls","491","If maxAbsX > 0# And baseNorm > 0# Then ky = Sgn(myBase) * strainLimit / maxAbsX * Abs(myBase) / baseNorm","Pending","",""
"src/Solver/CCapacitySolver.cls","492","If Abs(kx) <= 0.000000000001 And Abs(ky) <= 0.000000000001 Then kx = strainLimit / MaxDouble(maxAbsY, 1#)","Pending","",""
"src/Solver/CCapacitySolver.cls","889","LimitSearchUltimateResidualReached = (Abs(rPath1) <= 1# And _","Pending","",""
"src/Solver/CCapacitySolver.cls","890","Abs(rPath2) <= MOMENT_DIRECTION_TOLERANCE And _","Pending","",""
"src/Solver/CCapacitySolver.cls","893","LimitSearchUltimateResidualReached = (Abs(rPath1) <= 1# And _","Pending","",""
"src/Solver/CCapacitySolver.cls","894","Abs(rPath2) <= 1# And Abs(rLimit) <= UltimateStrainRatioTolerance())","Pending","",""
"src/Solver/CCapacitySolver.cls","1163","ElseIf Abs(nBase) <= 0.000000001 And Abs(mxBase) <= 0.000000001 And Abs(myBase) <= 0.000000001 Then","Pending","",""
"src/Solver/CCapacitySolver.cls","1198","ElseIf StrComp(Trim$(mSolverMethod), ""Newton"", vbTextCompare) <> 0 And _","Pending","",""
"src/Solver/CCapacitySolver.cls","1201","ElseIf mInitialLambdaStep <= 0# Or mLambdaTolerance <= 0# Or mMaxLambda <= 0# Or _","Pending","",""
"src/Solver/CCapacitySolver.cls","1202","mMaxRetries < 0 Or mSolverBaseLoadSteps <= 0 Then","Pending","",""
"src/Solver/CCapacitySolver.cls","1389","IsPureBendingProbe = (Abs(nSpecified) <= 0.000000001 And _","Pending","",""
"src/Solver/CCapacitySolver.cls","1397","IsZeroLoadProbe = (Abs(nSpecified) <= 0.000000001 And _","Pending","",""
"src/Solver/CCapacitySolver.cls","1398","Abs(mx) <= 0.000000001 And Abs(my) <= 0.000000001)","Pending","",""
"src/Solver/CCapacitySolver.cls","1489","If mProbeCacheNextSlot < 1 Or mProbeCacheNextSlot > PROBE_CACHE_SIZE Then mProbeCacheNextSlot = 1","Pending","",""
"src/Solver/CCapacitySolver.cls","1538","If strain < 0# And mConcreteCompressionLimit < 0# Then","Pending","",""
"src/Solver/CCapacitySolver.cls","1541","ElseIf strain > 0# And mConcreteTensionLimitEnabled And mConcreteTensionLimit > 0# Then","Pending","",""
"src/Solver/CCapacitySolver.cls","1641","IsPhysicalLimit = (state = STATE_CONCRETE_LIMIT Or state = STATE_CONCRETE_TENSION_LIMIT Or _","Pending","",""
"src/Solver/CCapacitySolver.cls","1648","IsNumericalFailure = (state = STATE_NUMERICAL_FAILURE Or state = STATE_SINGULAR_TANGENT)","Pending","",""
"src/Solver/CCapacitySolver.cls","1770","LimitSearchHasTerminalFailure = (mFailureCode = sfcInvalidInput Or _","Pending","",""
"src/Solver/CCapacitySolver.cls","1771","mFailureCode = sfcInvalidConfiguration Or mFailureCode = sfcInternalError)","Pending","",""
"src/Solver/CCapacitySolver.cls","1808","If mConverged And Len(Trim$(successMessage)) > 0 Then _","Pending","",""
"src/Solver/CLimitSearchCoordinator.cls","168","If Not secondResult.Succeeded And Len(request.Problem.StopReason) = 0 Then _","Pending","",""
"src/Solver/CLimitSearchResult.cls","133","Succeeded = (mMeta.InternalStatus = rsSuccess Or mMeta.InternalStatus = rsSuccessWithWarning)","Pending","",""
"src/Solver/CLoadMultiplierSearch.cls","89","If Not IsFiniteNumber(request.Problem.InitialLambdaStep) Or _","Pending","",""
"src/Solver/CLoadMultiplierSearch.cls","90","Not IsFiniteNumber(request.Problem.MaxLambda) Or _","Pending","",""
"src/Solver/CLoadMultiplierSearch.cls","93","ElseIf request.Problem.InitialLambdaStep <= 0# Or request.Problem.MaxLambda <= 0# Or _","Pending","",""
"src/Solver/CLoadMultiplierSearch.cls","114","If Not evaluated Or request.Problem.IsNumericalFailureState(probeState) Then","Pending","",""
"src/Solver/CLoadMultiplierSearch.cls","117","If Not IsFiniteNumber(reducedLambda) Or reducedLambda <= lowLambda Or reducedLambda >= highLambda Then","Pending","",""
"src/Solver/CLoadMultiplierSearch.cls","192","If maxIterations > 0 And iterations >= maxIterations Then Exit Do","Pending","",""
"src/Solver/CLoadMultiplierSearch.cls","201","If midLambda <= lowLambda Or midLambda >= highLambda Then","Pending","",""
"src/Solver/CLoadMultiplierSearch.cls","253","If fb = 0# And IsLimitState(request, stateB) Then","Pending","",""
"src/Solver/CLoadMultiplierSearch.cls","257","If fa >= 0# Or fb <= 0# Then","Pending","",""
"src/Solver/CLoadMultiplierSearch.cls","287","If fb = 0# Or Abs(c - b) <= tolerance Then","Pending","",""
"src/Solver/CLoadMultiplierSearch.cls","292","If Abs(e) >= tol And Abs(fa) > Abs(fb) Then","Pending","",""
"src/Solver/CLoadMultiplierSearch.cls","330","If fa = 0# Or fc = 0# Then Exit Function","Pending","",""
"src/Solver/CLoadMultiplierSearch.cls","362","If candidate > MinDouble(current, opposite) And candidate < MaxDouble(current, opposite) Then","Pending","",""
"src/Solver/CLoadMultiplierSearch.cls","369","TryBrentCandidate = candidate > MinDouble(current, opposite) And candidate < MaxDouble(current, opposite)","Pending","",""
"src/Solver/CLoadMultiplierSearch.cls","393","If Abs(f1) <= tolerance And CanFinalizeSecantProbe(request, state1, solver1) Then","Pending","",""
"src/Solver/CLoadMultiplierSearch.cls","397","If f0 >= 0# Or f1 <= 0# Then","Pending","",""
"src/Solver/CLoadMultiplierSearch.cls","408","If Abs(f1) <= tolerance And CanFinalizeSecantProbe(request, state1, solver1) Then","Pending","",""
"src/Solver/CLoadMultiplierSearch.cls","419","If x2 <= bracketLow Or x2 >= bracketHigh Or Not IsFiniteNumber(x2) Then","Pending","",""
"src/Solver/CLoadMultiplierSearch.cls","428","If Abs(f2) <= tolerance And CanFinalizeSecantProbe(request, state2, solver2) Then","Pending","",""
"src/Solver/CLoadMultiplierSearch.cls","613","If rawCandidate > bracketLow And rawCandidate < bracketHigh Then Exit Function","Pending","",""
"src/Solver/CLoadMultiplierSearch.cls","616","If currentLambda > bracketLow And currentLambda < bracketHigh Then","Pending","",""
"src/Solver/CLoadMultiplierSearch.cls","622","If currentLambda > bracketLow And currentLambda < bracketHigh Then","Pending","",""
"src/Solver/CLoadMultiplierSearch.cls","670","If value <> 0# And (Abs(value) < 0.000000001 Or Abs(value) > 1000000000000#) Then","Pending","",""
"src/Solver/CSectionSolver.cls","398","If Not IsFiniteNumber(mLastStepNorm) Or mLastStepNorm <= mSecantMinStepNorm Then","Pending","",""
"src/Solver/CSectionSolver.cls","541","SolveSecantCorrection = IsFiniteNumber(deltaEps) And IsFiniteNumber(deltaKx) And IsFiniteNumber(deltaKy)","Pending","",""
"src/Solver/CSectionSolver.cls","621","If Abs(b(i, j)) > 0# And Abs(b(i, j)) < minAbs Then minAbs = Abs(b(i, j))","Pending","",""
"src/Solver/CSectionSolver.cls","624","If maxAbs <= 0# Or minAbs >= 1E+99 Then","Pending","",""
"src/Solver/CSectionSolver.cls","654","If trialEps = mEpsilon0 And trialKx = mKappaX And trialKy = mKappaY Then","Pending","",""
"src/Solver/CSectionSolver.cls","666","If (Not mLineSearchEnabled) Or trialNorm <= baseNorm Or baseNorm <= 0.000000000001 Then","Pending","",""
"src/Solver/CSectionSolver.cls","677","If nextAlpha <= 0# Or nextAlpha >= alpha Then","Pending","",""
"src/Solver/CSectionSolver.cls","693","If mMaxDeltaEpsilon0 > 0# And Abs(deltaEps) > mMaxDeltaEpsilon0 Then","Pending","",""
"src/Solver/CSectionSolver.cls","696","If mMaxDeltaKappa > 0# And Abs(deltaKx) > mMaxDeltaKappa Then","Pending","",""
"src/Solver/CSectionSolver.cls","699","If mMaxDeltaKappa > 0# And Abs(deltaKy) > mMaxDeltaKappa Then","Pending","",""
"src/Solver/CSectionSolver.cls","787","If stress < 0# And Abs(stress) > mMaxConcreteCompressionStress Then","Pending","",""
"src/Solver/CSectionSolver.cls","890","IsConverged = Abs(mResidualN) <= mToleranceN And _","Pending","",""
"src/Solver/CSectionSolver.cls","891","Abs(mResidualMx) <= mToleranceMx And _","Pending","",""
"src/Solver/CSectionSolver.cls","963","ElseIf mToleranceN <= 0# Or mToleranceMx <= 0# Or mToleranceMy <= 0# Then","Pending","",""
"src/Solver/CSectionSolver.cls","965","ElseIf Not IsFiniteNumber(mDampingInitial) Or mDampingInitial <= 0# Or mDampingInitial > 1# Then","Pending","",""
"src/Solver/CSectionSolver.cls","967","ElseIf Not IsFiniteNumber(mMinLineSearchAlpha) Or mMinLineSearchAlpha <= 0# Or _","Pending","",""
"src/Solver/CSectionSolver.cls","970","ElseIf Not IsFiniteNumber(mMaxDeltaEpsilon0) Or Not IsFiniteNumber(mMaxDeltaKappa) Or _","Pending","",""
"src/Solver/CSectionSolver.cls","971","mMaxDeltaEpsilon0 < 0# Or mMaxDeltaKappa < 0# Then","Pending","",""
"src/Solver/CSectionSolver.cls","1081","IsFiniteNumber = (value = value And Abs(value) < 1E+100)","Pending","",""
"src/Solver/CStateGuessBuilder.cls","382","If targetN > 0# And steelMaterial.HasTensionExtension And _","Pending","",""
"src/Solver/CStateGuessBuilder.cls","385","ElseIf targetN < 0# And concreteMaterial.HasCompressionExtension And _","Pending","",""
"src/Solver/CStateGuessBuilder.cls","388","ElseIf targetN < 0# And steelMaterial.HasCompressionExtension And _","Pending","",""
"src/Solver/CStateGuessBuilder.cls","418","If targetN > 0# And steelMaterial.HasTensionExtension Then","Pending","",""
"src/Solver/CStateGuessBuilder.cls","421","ElseIf targetN < 0# And concreteMaterial.HasCompressionExtension Then","Pending","",""
"src/Solver/CStateGuessBuilder.cls","648","If steelMaterial.HasTensionExtension And _","Pending","",""
"src/Solver/CStateGuessBuilder.cls","653","If steelMaterial.HasCompressionExtension And _","Pending","",""
"src/Solver/CStateGuessBuilder.cls","658","If concreteMaterial.HasCompressionExtension And _","Pending","",""
"src/Solver/CStateGuessBuilder.cls","667","If physicalLimit <= 0# Or currentStrain <= STATE_NEAR_ZERO Then Exit Function","Pending","",""
"src/Solver/CStateGuessBuilder.cls","675","If physicalLimit >= 0# Or currentStrain >= -STATE_NEAR_ZERO Then Exit Function","Pending","",""
"src/Solver/CStateGuessBuilder.cls","691","ExtensionPlaneClose = Abs(newEps0 - oldEps0) <= ACTIVE_SET_EPSILON_TOLERANCE And _","Pending","",""
"src/Solver/CStateGuessBuilder.cls","692","Abs(newKx - oldKx) <= ACTIVE_SET_KAPPA_TOLERANCE And _","Pending","",""
"src/Solver/CStateSolutionRunner.cls","154","If CanRetrySolver(service) And allowExtensionWarmStart Then","Pending","",""
"src/Solver/CStateSolutionRunner.cls","207","If CanRetrySolver(service) And allowExtensionWarmStart Then","Pending","",""
"src/Solver/CStateSolutionRunner.cls","269","If CanRetrySolver(service) And allowExtensionWarmStart Then","Pending","",""
"src/Solver/CStateSolutionRunner.cls","501","(mLineSearchEnabled And Not disableLineSearch), mDampingInitial, mMinLineSearchAlpha, _","Pending","",""
"src/Solver/CStateSolutionRunner.cls","535","If Not section Is mRetryContextSection Or Not concreteMaterial Is mRetryContextConcrete Or _","Pending","",""
"src/Solver/CStateSolutionRunner.cls","554","For index = LBound(attemptKey) To UBound(attemptKey)","Pending","",""
"src/Solver/CStateSolutionRunner.cls","572","If retry.FailureCode <> sfcNumericalFailure And retry.FailureCode <> sfcSingularTangent Then Exit Sub","Pending","",""
"src/Solver/CStateSolutionRunner.cls","658","MaterialsHaveExtension = concreteDiagram.HasCompressionExtension Or concreteDiagram.HasTensionExtension","Pending","",""
"src/Solver/CStateSolutionRunner.cls","662","MaterialsHaveExtension = MaterialsHaveExtension Or _","Pending","",""
"src/Solver/CStateSolutionRunner.cls","663","steelDiagram.HasCompressionExtension Or steelDiagram.HasTensionExtension","Pending","",""
"src/Solver/CStateSolutionRunner.cls","673","If concreteMaterial Is Nothing Or steelMaterial Is Nothing Then Exit Function","Pending","",""
"src/Solver/CUltimateStrainSearch.cls","38","If request.ForceOnly And _","Pending","",""
"src/Solver/CUltimateStrainSearch.cls","39","StrComp(request.SolutionStrategy, ""UltimateStrain"", vbTextCompare) = 0 And _","Pending","",""
"src/Solver/CUltimateStrainSearch.cls","40","Not request.Problem.Converged And _","Pending","",""
"src/Solver/CUltimateStrainSearch.cls","136","If Not IsFiniteNumber(eps0) Or Not IsFiniteNumber(kx) Or Not IsFiniteNumber(ky) Then","Pending","",""
"src/Solver/CUltimateStrainSearch.cls","186","ElseIf Not IsFiniteNumber(damping) Or damping <= 0# Or damping > 1# Then","Pending","",""
"src/Solver/CUltimateStrainSearch.cls","188","ElseIf Not IsFiniteNumber(minAlpha) Or minAlpha <= 0# Or minAlpha > damping Then","Pending","",""
"src/Solver/CUltimateStrainSearch.cls","190","ElseIf Not IsFiniteNumber(maxDeltaEps) Or Not IsFiniteNumber(maxDeltaKappa) Or _","Pending","",""
"src/Solver/CUltimateStrainSearch.cls","191","maxDeltaEps < 0# Or maxDeltaKappa < 0# Then","Pending","",""
"src/Solver/CUltimateStrainSearch.cls","224","If eps0 + hEps = eps0 Or kx + hKx = kx Or ky + hKy = ky Then","Pending","",""
"src/Solver/CUltimateStrainSearch.cls","275","If trialEps = eps0 And trialKx = kx And trialKy = ky Then","Pending","",""
"src/Solver/CUltimateStrainSearch.cls","289","If context.LimitSearchUltimateResidualReached(trialR1, trialR2, trialRLimit) Or _","Pending","",""
"src/Solver/CUltimateStrainSearch.cls","290","(Not context.LimitSearchUltimateLineSearchEnabled) Or _","Pending","",""
"src/Solver/CUltimateStrainSearch.cls","302","If nextAlpha <= 0# Or nextAlpha >= alpha Then","Pending","",""
"src/Solver/CUltimateStrainSearch.cls","340","If context.LimitSearchUltimateMaxDeltaEpsilon0 > 0# And _","Pending","",""
"src/Solver/CUltimateStrainSearch.cls","344","If context.LimitSearchUltimateMaxDeltaKappa > 0# And _","Pending","",""
"src/Solver/CUltimateStrainSearch.cls","348","If context.LimitSearchUltimateMaxDeltaKappa > 0# And _","Pending","",""
"src/Stability/CStabilityCalculator.cls","196","If mu1 <= 0# Or mu2 <= 0# Then RaiseInput ""Stability.Mu1 и Stability.Mu2 должны быть положительными при включенном расчете устойчивости.""","Pending","",""
"src/Stability/CStabilityCalculator.cls","197","If mCode <> CODE_SP63 And mCode <> CODE_SP35 Then RaiseInput ""Stability.Code должен быть SP63 или SP35.""","Pending","",""
"src/Stability/CStabilityCalculator.cls","212","If ebForGeometry <= 0# Or esForGeometry <= 0# Then RaiseInput ""Для расчета устойчивости нужны положительные Eb и Es.""","Pending","",""
"src/Stability/CStabilityCalculator.cls","245","If Err.Number <> 0 And Err.Number <> vbObjectError + 7600 Then mInternalError = True","Pending","",""
"src/Stability/CStabilityCalculator.cls","358","hasMomentVector = (Abs(plane1.Moment) > SMALL_VALUE Or Abs(plane2.Moment) > SMALL_VALUE)","Pending","",""
"src/Stability/CStabilityCalculator.cls","362","(applyBothPlanes Or Not hasMomentVector Or Abs(plane1.Moment) > SMALL_VALUE)","Pending","",""
"src/Stability/CStabilityCalculator.cls","365","(applyBothPlanes Or Not hasMomentVector Or Abs(plane2.Moment) > SMALL_VALUE)","Pending","",""
"src/Stability/CStabilityCalculator.cls","386","If Abs(plane.Moment) <= SMALL_VALUE And Not allowZeroMomentAccidental Then","Pending","",""
"src/Stability/CStabilityCalculator.cls","491","If eb <= 0# Or es <= 0# Then RaiseInput ""Для расчета устойчивости СП 63 нужны положительные Eb и Es.""","Pending","",""
"src/Stability/CStabilityCalculator.cls","493","If deltaEMin < 0# Or deltaEMax < 0# Then RaiseInput ""Stability.SP63.DeltaEMin/DeltaEMax не должны быть отрицательными.""","Pending","",""
"src/Stability/CStabilityCalculator.cls","494","If deltaEMin > 0# And deltaEMax > 0# And deltaEMin > deltaEMax Then _","Pending","",""
"src/Stability/CStabilityCalculator.cls","536","plane.CheckPassed = (plane.ReserveFactor > 1# And plane.Eta > 0#)","Pending","",""
"src/Stability/CStabilityCalculator.cls","559","If eb <= 0# Or es <= 0# Or rb <= 0# Or rsc <= 0# Then RaiseInput ""Для расчета устойчивости СП 35 нужны положительные Eb, Es, Rb и Rsc.""","Pending","",""
"src/Stability/CStabilityCalculator.cls","579","If Len(branch1) = 0 And Len(branch2) = 0 Then","Pending","",""
"src/Stability/CStabilityCalculator.cls","597","If plane.EffectiveLength > 0# And plane.InertiaConcrete > 0# And _","Pending","",""
"src/Stability/CStabilityCalculator.cls","598","plane.Depth > 0# And plane.Radius > 0# Then Exit Sub","Pending","",""
"src/Stability/CStabilityCalculator.cls","724","plane.CheckPassed = (plane.ReserveFactor + PASS_TOLERANCE >= 1# And plane.Eta > 0#)","Pending","",""
"src/Stability/CStabilityCalculator.cls","779","If Abs(totalMoment) > SMALL_VALUE And Abs(sustainedMoment) > SMALL_VALUE Then","Pending","",""
"src/Stability/CStabilityCalculator.cls","780","If Sgn(totalMoment) <> Sgn(sustainedMoment) And depthValue > SMALL_VALUE Then","Pending","",""
"src/Stability/CStabilityCalculator.cls","797","mApplicable = (plane1.Applicable Or plane2.Applicable)","Pending","",""
"src/Stability/CStabilityCalculator.cls","858","mCheckPassed = PlanePassedOrInactive(plane1) And PlanePassedOrInactive(plane2)","Pending","",""
"src/Stability/CStabilityCalculator.cls","966","If criticalForce > 0# And nCompression > SMALL_FORCE Then ReserveByCriticalForce = criticalForce / nCompression","Pending","",""
"src/Stability/CStabilityCalculator.cls","999","rowCount = UBound(table721, 1)","Pending","",""
"src/Stability/CStabilityCalculator.cls","1000","columnCount = UBound(table721, 2)","Pending","",""
"src/Stability/CStabilityCalculator.cls","1001","If rowCount < 2 Or columnCount < 8 Then GoTo InvalidTable","Pending","",""
"src/Stability/CStabilityCalculator.cls","1063","If q >= qValues(i) And q <= qValues(i + 1) Then","Pending","",""
"src/Stability/CStabilityCalculator.cls","1075","If firstValue > 0# And secondValue > 0# Then","Pending","",""
"src/Stability/CStabilityCalculator.cls","1087","PlanePassedOrInactive = (Not plane.Applicable Or plane.CheckPassed)","Pending","",""
"src/Stability/CStabilityResult.cls","257","If Len(Trim$(mBranch)) > 0 And Len(Trim$(mMeta.ResultComment)) = 0 Then _","Pending","",""
"src/Stability/CStabilityResult.cls","314","If mPlaneApplicable1 And mReserve1 > 0# Then SummaryReserve = mReserve1","Pending","",""
"src/Stability/CStabilityResult.cls","315","If mPlaneApplicable2 And mReserve2 > 0# Then","Pending","",""
"src/Stability/CStabilityResult.cls","316","If SummaryReserve <= 0# Or mReserve2 < SummaryReserve Then SummaryReserve = mReserve2","Pending","",""
"src/Stability/CStabilityResult.cls","318","If SummaryReserve <= 0# And mReserveFactor > 0# Then SummaryReserve = mReserveFactor","Pending","",""
"tests/CTestLimitSearchProblem.cls","262","Abs(rPath1) <= mTolerance And Abs(rPath2) <= mTolerance And Abs(rLimit) <= mTolerance","Pending","",""
"tests/CTestLimitSearchProblem.cls","339","If mFailureAbove > 0# And lambdaValue > mFailureAbove Then","Pending","",""
"tests/CTestLimitSearchProblem.cls","487","ILimitSearchProblem_StoppedTerminally = (mFailureCode = sfcInvalidConfiguration Or _","Pending","",""
"tests/CTestLimitSearchProblem.cls","488","mFailureCode = sfcInvalidInput Or mFailureCode = sfcInternalError)","Pending","",""
"tests/CTestLimitSearchProblem.cls","529","If failureCode = sfcInvalidConfiguration Or failureCode = sfcInvalidInput Then mLimitState = PROBE_INPUTERR","Pending","",""
"tests/modTestBatchCalculation.bas","391","AssertTrue stats, ""batch.five.governing.index"", batch.GoverningCombinationIndex >= 1 And batch.GoverningCombinationIndex <= 5","Pending","",""
"tests/modTestBatchCalculation.bas","404","AssertTrue stats, ""batch.governing.lambda.order"", batch.ResultAt(2).StrengthResult.Capacity.LambdaCapacity > 0# And batch.ResultAt(2).StrengthResult.Capacity.LambdaCapacity < batch.ResultAt(1).StrengthResult.Capacity.LambdaCapacity","Pending","",""
"tests/modTestBatchCalculation.bas","408","batch.ResultAt(2).StrengthResult.Capacity.Status = ""OK"" Or batch.ResultAt(2).StrengthResult.Capacity.Status = ""FAIL"" Or batch.ResultAt(2).StrengthResult.Capacity.Status = ""NumFail""","Pending","",""
"tests/modTestBatchCalculation.bas","427","AssertTrue stats, ""batch.nult.status"", batch.ResultAt(1).StrengthResult.Capacity.Status = ""OK"" Or batch.ResultAt(1).StrengthResult.Capacity.Status = ""FAIL""","Pending","",""
"tests/modTestBatchCalculation.bas","444","AssertTrue stats, ""batch.nEcc.status"", batch.ResultAt(1).StrengthResult.Capacity.Status = ""OK"" Or batch.ResultAt(1).StrengthResult.Capacity.Status = ""FAIL""","Pending","",""
"tests/modTestBatchCalculation.bas","447","Abs(batch.ResultAt(1).StrengthResult.Capacity.MxUltimate) < 100000# And Abs(batch.ResultAt(1).StrengthResult.Capacity.MyUltimate) < 100000#","Pending","",""
"tests/modTestBatchCalculation.bas","522","batch.ResultAt(1).StrengthResult.Capacity.Status = ""OK"" Or batch.ResultAt(1).StrengthResult.Capacity.Status = ""FAIL""","Pending","",""
"tests/modTestBatchCalculation.bas","555","AssertTrue stats, ""batch.capacityPath.n.status"", batch.ResultAt(1).StrengthResult.Capacity.Status = ""OK"" Or batch.ResultAt(1).StrengthResult.Capacity.Status = ""FAIL"" Or batch.ResultAt(1).StrengthResult.Capacity.Status = ""NumFail""","Pending","",""
"tests/modTestBatchCalculation.bas","570","batch.ResultAt(1).StrengthResult.Capacity.Status = ""OK"" Or batch.ResultAt(1).StrengthResult.Capacity.Status = ""FAIL""","Pending","",""
"tests/modTestBatchCalculation.bas","598","batch.ResultAt(1).StrengthResult.Capacity.Status <> ""InputErr"" And batch.ResultAt(2).StrengthResult.Capacity.Status <> ""InputErr"" And _","Pending","",""
"tests/modTestBatchCalculation.bas","599","batch.ResultAt(3).StrengthResult.Capacity.Status <> ""InputErr"" And batch.ResultAt(4).StrengthResult.Capacity.Status <> ""InputErr"" And _","Pending","",""
"tests/modTestBatchCalculation.bas","797","AssertTrue stats, ""batch.zeroMoment.stability.status"", batch.ResultAt(1).StabilityResult.Status = ""OK"" Or batch.ResultAt(1).StabilityResult.Status = ""FAIL""","Pending","",""
"tests/modTestBatchCalculation.bas","873","batch.ResultAt(1).CrackResult.Longitudinal.Status <> ""N/A"" Or Not crackedState Is Nothing","Pending","",""
"tests/modTestBatchCalculation.bas","950","batch.ResultAt(1).NormalCrackStatus = ""OK"" Or batch.ResultAt(1).NormalCrackStatus = ""FAIL""","Pending","",""
"tests/modTestBatchCalculation.bas","999","batch.ResultAt(1).NormalCrackStatus = ""OK"" Or batch.ResultAt(1).NormalCrackStatus = ""FAIL""","Pending","",""
"tests/modTestBatchCalculation.bas","1043","batch.ResultAt(1).NormalCrackStatus = ""OK"" Or batch.ResultAt(1).NormalCrackStatus = ""FAIL""","Pending","",""
"tests/modTestBatchCalculation.bas","1163","If batch.ResultAt(1).CrackResult.Formation.FormationMethod <> expectedMethod Or batch.ResultAt(1).NormalCrackStatus = ""NumFail"" Then _","Pending","",""
"tests/modTestBatchCalculation.bas","1168","AssertTrue stats, prefix & "".lambda"", batch.ResultAt(1).CrackResult.Formation.LambdaCrc > 0# And batch.ResultAt(1).CrackResult.Formation.LambdaCrc <= 1#","Pending","",""
"tests/modTestBatchCalculation.bas","1209","If batch.ResultAt(1).NormalCrackStatus = ""NumFail"" Or _","Pending","",""
"tests/modTestBatchCalculation.bas","1210","(expectNcrc And batch.ResultAt(1).CrackResult.Formation.FormationNcrc = 0#) Or _","Pending","",""
"tests/modTestBatchCalculation.bas","1211","(expectMcrc And batch.ResultAt(1).CrackResult.Formation.Mcrc = 0#) Then","Pending","",""
"tests/modTestBatchCalculation.bas","1253","CellHasDisplayedResult(resultsSheet.Cells.Item(detailRow, baseColumn + IIf(isCentralAxial, 13, 16) - 1).Value2)","Pending","",""
"tests/modTestBatchCalculation.bas","1261","Len(CStr(resultsSheet.Cells.Item(detailRow, baseColumn + 24 - 1).Value2)) = 0 And _","Pending","",""
"tests/modTestBatchCalculation.bas","1262","Len(CStr(resultsSheet.Cells.Item(detailRow, baseColumn + 25 - 1).Value2)) = 0 And _","Pending","",""
"tests/modTestBatchCalculation.bas","1263","Len(CStr(resultsSheet.Cells.Item(detailRow, baseColumn + 26 - 1).Value2)) = 0 And _","Pending","",""
"tests/modTestBatchCalculation.bas","1272","CellHasDisplayedResult = Len(text) > 0 And StrComp(text, ""N/A"", vbTextCompare) <> 0","Pending","",""
"tests/modTestBatchCalculation.bas","1437","For i = LBound(loads) To UBound(loads)","Pending","",""
"tests/modTestBatchCalculation.bas","1444","For i = 1 To UBound(loads) - LBound(loads) + 1","Pending","",""
"tests/modTestBatchCalculation.bas","1453","batch.ResultAt(i).StrengthResult.DirectState.Status = ""OK"" Or batch.ResultAt(i).StrengthResult.DirectState.Status = ""FAIL""","Pending","",""
"tests/modTestBatchCalculation.bas","1512","For i = LBound(loads) To UBound(loads)","Pending","",""
"tests/modTestBatchCalculation.bas","1519","For i = 1 To UBound(loads) - LBound(loads) + 1","Pending","",""
"tests/modTestBatchCalculation.bas","1528","batch.ResultAt(i).StrengthResult.DirectState.Status = ""OK"" Or batch.ResultAt(i).StrengthResult.DirectState.Status = ""FAIL""","Pending","",""
"tests/modTestBatchCalculation.bas","1606","For i = LBound(loads) To UBound(loads)","Pending","",""
"tests/modTestBatchCalculation.bas","1618","For i = 1 To UBound(loads) - LBound(loads) + 1","Pending","",""
"tests/modTestBatchCalculation.bas","1626","batch.ResultAt(i).StrengthResult.DirectState.Status = ""OK"" And Not batch.ResultAt(i).ExtensionUsed","Pending","",""
"tests/modTestBatchCalculation.bas","1793","batch.ResultAt(2).StrengthResult.Capacity.LambdaCapacity > 0# And batch.ResultAt(2).StrengthResult.Capacity.LambdaCapacity < batch.ResultAt(1).StrengthResult.Capacity.LambdaCapacity","Pending","",""
"tests/modTestBatchCalculation.bas","1967","Abs(concreteX - transformedX) > 0.000001 Or Abs(concreteY - transformedY) > 0.000001","Pending","",""
"tests/modTestBatchCalculation.bas","2015","Abs(eccentricSolver.KappaX) > tolerance Or Abs(eccentricSolver.KappaY) > tolerance","Pending","",""
"tests/modTestBatchCalculation.bas","2037","AssertTrue stats, ""batch.direct.lambda.positive"", batch.ResultAt(1).StrengthResult.Capacity.LambdaCapacity > 0# And batch.ResultAt(2).StrengthResult.Capacity.LambdaCapacity > 0#","Pending","",""
"tests/modTestBatchCalculation.bas","2038","AssertTrue stats, ""batch.direct.capacity.ok"", batch.ResultAt(1).StrengthResult.Capacity.Status = ""OK"" And batch.ResultAt(2).StrengthResult.Capacity.Status = ""OK""","Pending","",""
"tests/modTestBatchCalculation.bas","2040","AssertTrue stats, ""batch.direct.state.status"", Len(batch.ResultAt(1).StrengthResult.DirectState.Status) > 0 And Len(batch.ResultAt(2).StrengthResult.DirectState.Status) > 0","Pending","",""
"tests/modTestBatchCalculation.bas","2090","""PR1"", ""user N=-9 tf and Mx=50 tf*m""","Pending","",""
"tests/modTestBatchCalculation.bas","2102","batch.ResultAt(1).StrengthResult.DirectState.Status = ""OK"" Or batch.ResultAt(1).StrengthResult.DirectState.Status = ""FAIL""","Pending","",""
"tests/modTestBatchCalculation.bas","2104","batch.ResultAt(1).StrengthResult.Capacity.Status = ""OK"" Or batch.ResultAt(1).StrengthResult.Capacity.Status = ""FAIL""","Pending","",""
"tests/modTestBatchCalculation.bas","2137","AssertTrue stats, ""batch.pr1.hasState"", batch.ResultAt(1).StrengthResult.DirectState.StateAvailable And batch.StateAvailableCount > 0","Pending","",""
"tests/modTestBatchCalculation.bas","2169","AssertTrue stats, ""batch.direct.failure.status"", batch.ResultAt(1).Status = ""NumFail"" Or batch.ResultAt(1).Status = ""FAIL""","Pending","",""
"tests/modTestBatchCalculation.bas","2170","AssertTrue stats, ""batch.direct.failure.directStatus"", batch.ResultAt(1).StrengthResult.DirectState.Status = ""NumFail"" Or batch.ResultAt(1).StrengthResult.DirectState.Status = ""FAIL""","Pending","",""
"tests/modTestBatchCalculation.bas","2193","batch.ResultAt(1).CrackResult.Longitudinal.Status = ""OK"" Or batch.ResultAt(1).CrackResult.Longitudinal.Status = ""FAIL""","Pending","",""
"tests/modTestBatchCalculation.bas","2243","AssertTrue stats, ""batch.stability.sp63.status"", batch.ResultAt(1).StabilityResult.Status = ""OK"" Or batch.ResultAt(1).StabilityResult.Status = ""FAIL""","Pending","",""
"tests/modTestBatchCalculation.bas","2245","AssertTrue stats, ""batch.stability.sp63.eta"", batch.ResultAt(1).StabilityResult.Eta1 > 0# Or batch.ResultAt(1).StabilityResult.Eta2 > 0#","Pending","",""
"tests/modTestBatchCalculation.bas","2387","batch.ResultAt(1).StabilityResult.Status = ""OK"" Or batch.ResultAt(1).StabilityResult.Status = ""FAIL""","Pending","",""
"tests/modTestBatchCalculation.bas","2451","batch.ResultAt(1).StabilityResult.PlaneBranch1 = ""SP35-table"" Or batch.ResultAt(1).StabilityResult.PlaneBranch2 = ""SP35-table""","Pending","",""
"tests/modTestBatchCalculation.bas","2797","AssertTrue stats, ""batch.stability.sp63.short.status"", batch.ResultAt(1).StabilityResult.Status = ""OK"" Or batch.ResultAt(1).StabilityResult.Status = ""FAIL""","Pending","",""
"tests/modTestBatchCalculation.bas","2798","AssertTrue stats, ""batch.stability.sp63.short.slenderness1"", batch.ResultAt(1).StabilityResult.Slenderness1 > 0# And batch.ResultAt(1).StabilityResult.Slenderness1 <= 14#","Pending","",""
"tests/modTestBatchCalculation.bas","2799","AssertTrue stats, ""batch.stability.sp63.short.slenderness2"", batch.ResultAt(1).StabilityResult.Slenderness2 > 0# And batch.ResultAt(1).StabilityResult.Slenderness2 <= 14#","Pending","",""
"tests/modTestBatchCalculation.bas","2802","AssertTrue stats, ""batch.stability.sp63.short.ncr"", batch.ResultAt(1).StabilityResult.Ncr1 > 0# And batch.ResultAt(1).StabilityResult.Ncr2 > 0#","Pending","",""
"tests/modTestBatchCalculation.bas","2994","batch.ResultAt(1).StabilityResult.Status = ""OK"" Or batch.ResultAt(1).StabilityResult.Status = ""FAIL""","Pending","",""
"tests/modTestBatchCalculation.bas","3059","AssertTrue stats, ""batch.stability.circleMx.status"", batch.ResultAt(1).StabilityResult.Status = ""OK"" Or batch.ResultAt(1).StabilityResult.Status = ""FAIL""","Pending","",""
"tests/modTestBatchCalculation.bas","3192","AssertTrue stats, ""batch.stability.centroid.status"", batch.ResultAt(1).StabilityResult.Status = ""OK"" Or batch.ResultAt(1).StabilityResult.Status = ""FAIL""","Pending","",""
"tests/modTestBatchCalculation.bas","3371","AssertTrue stats, ""batch.stability.sp35.core.positive"", coreDistance > 0# And radiusValue > 0#","Pending","",""
"tests/modTestBatchCalculation.bas","3432","batch.ResultAt(1).StabilityResult.Depth1 > 190# And batch.ResultAt(1).StabilityResult.Depth1 < 310#","Pending","",""
"tests/modTestBatchCalculation.bas","3434","batch.ResultAt(1).StabilityResult.Depth2 > 190# And batch.ResultAt(1).StabilityResult.Depth2 < 310#","Pending","",""
"tests/modTestBatchCalculation.bas","3551","AssertTrue stats, ""batch.stability.sp35.opposite.phi"", phiValue = 1# Or phiValue = 1.05","Pending","",""
"tests/modTestBatchCalculation.bas","3599","AssertTrue stats, ""batch.writer.stability.anchor"", stabilityAnchor.Row = 122 And stabilityAnchor.Column = 1","Pending","",""
"tests/modTestBatchCalculation.bas","3600","AssertTrue stats, ""batch.writer.stability.sp35.empty"", Len(CStr(resultsSheet.Cells.Item(stabilityAnchor.Row, 29).Value2)) = 0 And _","Pending","",""
"tests/modTestBatchCalculation.bas","3601","Len(CStr(resultsSheet.Cells.Item(stabilityAnchor.Row, 30).Value2)) = 0 And _","Pending","",""
"tests/modTestBatchCalculation.bas","3604","CStr(resultsSheet.Cells.Item(stabilityAnchor.Row, 38).Value2) = ""N/A"" And _","Pending","",""
"tests/modTestBatchCalculation.bas","3605","CStr(resultsSheet.Cells.Item(stabilityAnchor.Row, 44).Value2) = ""N/A"" And _","Pending","",""
"tests/modTestBatchCalculation.bas","3606","CStr(resultsSheet.Cells.Item(stabilityAnchor.Row, 53).Value2) = ""N/A"" And _","Pending","",""
"tests/modTestBatchCalculation.bas","3607","CStr(resultsSheet.Cells.Item(stabilityAnchor.Row, 59).Value2) = ""N/A"" And _","Pending","",""
"tests/modTestBatchCalculation.bas","3608","StatusCellHasExpectedFill(resultsSheet, stabilityAnchor.Row, 38) And _","Pending","",""
"tests/modTestBatchCalculation.bas","3610","AssertTrue stats, ""batch.writer.stability.sp63.filled"", Len(CStr(resultsSheet.Cells.Item(stabilityAnchor.Row, 61).Value2)) > 0 Or _","Pending","",""
"tests/modTestBatchCalculation.bas","3613","StatusCellHasExpectedFill(resultsSheet, stabilityAnchor.Row, 72) And _","Pending","",""
"tests/modTestBatchCalculation.bas","3614","StatusCellHasExpectedFill(resultsSheet, stabilityAnchor.Row, 84) And _","Pending","",""
"tests/modTestBatchCalculation.bas","3643","AssertTrue stats, ""batch.dynamic.governing.index"", batch.GoverningCombinationIndex >= 1 And batch.GoverningCombinationIndex <= 24","Pending","",""
"tests/modTestBatchCalculation.bas","3753","AssertTrue stats, ""batch.writer.rangeSize"", ThisWorkbook.Names.Item(""rngBatchSummary"").RefersToRange.Rows.Count = 1 And ThisWorkbook.Names.Item(""rngBatchSummary"").RefersToRange.Columns.Count = 1","Pending","",""
"tests/modTestBatchCalculation.bas","3756","AssertTrue stats, ""batch.writer.stabilityBlockPosition"", ThisWorkbook.Names.Item(""rngStabilitySummaryAnchor"").RefersToRange.Row = 122 And _","Pending","",""
"tests/modTestBatchCalculation.bas","3761","AssertTrue stats, ""batch.writer.meta.valuesCentered"", resultsSheet.Cells.Item(summaryRow, 1).HorizontalAlignment = -4108 And _","Pending","",""
"tests/modTestBatchCalculation.bas","3767","AssertTrue stats, ""batch.writer.header.centered"", resultsSheet.Cells.Item(summaryRow + 5, 6).HorizontalAlignment = -4108 And _","Pending","",""
"tests/modTestBatchCalculation.bas","3773","CStr(resultsSheet.Cells.Item(summaryRow + 7, 14).MergeArea.Cells.Item(1, 1).Value2) = ""Плоскость 1"" And _","Pending","",""
"tests/modTestBatchCalculation.bas","3774","resultsSheet.Cells.Item(summaryRow + 7, 14).MergeArea.Rows.Count = 2 And _","Pending","",""
"tests/modTestBatchCalculation.bas","3775","resultsSheet.Cells.Item(summaryRow + 7, 14).MergeArea.Columns.Count = 1 And _","Pending","",""
"tests/modTestBatchCalculation.bas","3776","CStr(resultsSheet.Cells.Item(summaryRow + 9, 14).Value2) = ""Ncr/N"" And _","Pending","",""
"tests/modTestBatchCalculation.bas","3779","CStr(resultsSheet.Cells.Item(summaryRow + 7, 25).MergeArea.Cells.Item(1, 1).Value2) = ""Плоскость 1"" And _","Pending","",""
"tests/modTestBatchCalculation.bas","3780","resultsSheet.Cells.Item(summaryRow + 7, 25).MergeArea.Rows.Count = 2 And _","Pending","",""
"tests/modTestBatchCalculation.bas","3781","resultsSheet.Cells.Item(summaryRow + 7, 25).MergeArea.Columns.Count = 1 And _","Pending","",""
"tests/modTestBatchCalculation.bas","3782","CStr(resultsSheet.Cells.Item(summaryRow + 9, 25).Value2) = ""Ncr/N"" And _","Pending","",""
"tests/modTestBatchCalculation.bas","3793","AssertTrue stats, ""batch.writer.worst.bold"", resultsSheet.Cells.Item(summaryRow + 11, 1).Font.Bold And _","Pending","",""
"tests/modTestBatchCalculation.bas","3797","BatchSummaryCellText(resultsSheet, summaryRow + 6, 28) = ""Статус"" And _","Pending","",""
"tests/modTestBatchCalculation.bas","3800","BatchSummaryCellText(resultsSheet, summaryRow + 7, 28) = ""OK"" And _","Pending","",""
"tests/modTestBatchCalculation.bas","3801","BatchSummaryCellText(resultsSheet, summaryRow + 9, 28) = ""BaseFail"" And _","Pending","",""
"tests/modTestBatchCalculation.bas","3802","BatchSummaryCellText(resultsSheet, summaryRow + 11, 28) = ""InputErr"" And _","Pending","",""
"tests/modTestBatchCalculation.bas","3805","resultsSheet.Cells.Item(summaryRow + 5, 28).MergeArea.Columns.Count = 2 And _","Pending","",""
"tests/modTestBatchCalculation.bas","3806","Not resultsSheet.Cells.Item(summaryRow + 6, 28).MergeCells And _","Pending","",""
"tests/modTestBatchCalculation.bas","3811","resultsSheet.Cells.Item(summaryRow + 7, 28).Font.Italic And _","Pending","",""
"tests/modTestBatchCalculation.bas","3814","StatusCellHasExpectedFill(resultsSheet, summaryRow + 7, 28) And _","Pending","",""
"tests/modTestBatchCalculation.bas","3815","StatusCellHasExpectedFill(resultsSheet, summaryRow + 8, 28) And _","Pending","",""
"tests/modTestBatchCalculation.bas","3816","StatusCellHasExpectedFill(resultsSheet, summaryRow + 9, 28) And _","Pending","",""
"tests/modTestBatchCalculation.bas","3817","StatusCellHasExpectedFill(resultsSheet, summaryRow + 10, 28) And _","Pending","",""
"tests/modTestBatchCalculation.bas","3818","StatusCellHasExpectedFill(resultsSheet, summaryRow + 11, 28) And _","Pending","",""
"tests/modTestBatchCalculation.bas","3819","StatusCellHasExpectedFill(resultsSheet, summaryRow + 12, 28) And _","Pending","",""
"tests/modTestBatchCalculation.bas","3828","StatusCellHasExpectedFill(resultsSheet, summaryRow + 12, 4) And _","Pending","",""
"tests/modTestBatchCalculation.bas","3829","StatusCellHasExpectedFill(resultsSheet, summaryRow + 12, 6) And _","Pending","",""
"tests/modTestBatchCalculation.bas","3830","StatusCellHasExpectedFill(resultsSheet, summaryRow + 12, 7) And _","Pending","",""
"tests/modTestBatchCalculation.bas","3831","StatusCellHasExpectedFill(resultsSheet, summaryRow + 12, 8) And _","Pending","",""
"tests/modTestBatchCalculation.bas","3832","StatusCellHasExpectedFill(resultsSheet, summaryRow + 12, 9) And _","Pending","",""
"tests/modTestBatchCalculation.bas","3833","StatusCellHasExpectedFill(resultsSheet, summaryRow + 12, 10) And _","Pending","",""
"tests/modTestBatchCalculation.bas","3834","StatusCellHasExpectedFill(resultsSheet, summaryRow + 12, 11) And _","Pending","",""
"tests/modTestBatchCalculation.bas","3835","StatusCellHasExpectedFill(resultsSheet, summaryRow + 12, 12) And _","Pending","",""
"tests/modTestBatchCalculation.bas","3836","StatusCellHasExpectedFill(resultsSheet, summaryRow + 12, 13) And _","Pending","",""
"tests/modTestBatchCalculation.bas","3837","StatusCellHasExpectedFill(resultsSheet, summaryRow + 12, 14) And _","Pending","",""
"tests/modTestBatchCalculation.bas","3842","StatusCellHasExpectedFill(resultsSheet, strengthAnchor.Row, 3) And _","Pending","",""
"tests/modTestBatchCalculation.bas","3843","StatusCellHasExpectedFill(resultsSheet, strengthAnchor.Row, 30) And _","Pending","",""
"tests/modTestBatchCalculation.bas","3844","StatusCellHasExpectedFill(resultsSheet, strengthAnchor.Row, 49) And _","Pending","",""
"tests/modTestBatchCalculation.bas","3845","CellHasNoFill(resultsSheet, strengthAnchor.Row, 1) And _","Pending","",""
"tests/modTestBatchCalculation.bas","3846","CellHasNoFill(resultsSheet, strengthAnchor.Row, 10) And _","Pending","",""
"tests/modTestBatchCalculation.bas","3849","Len(CStr(resultsSheet.Cells.Item(strengthAnchor.Row + 2, 18).Value2)) = 0 And _","Pending","",""
"tests/modTestBatchCalculation.bas","3850","Len(CStr(resultsSheet.Cells.Item(strengthAnchor.Row + 2, 19).Value2)) = 0 And _","Pending","",""
"tests/modTestBatchCalculation.bas","3851","Len(CStr(resultsSheet.Cells.Item(strengthAnchor.Row + 2, 20).Value2)) = 0 And _","Pending","",""
"tests/modTestBatchCalculation.bas","3852","Len(CStr(resultsSheet.Cells.Item(strengthAnchor.Row + 2, 22).Value2)) = 0 And _","Pending","",""
"tests/modTestBatchCalculation.bas","3853","Len(CStr(resultsSheet.Cells.Item(strengthAnchor.Row + 2, 23).Value2)) = 0 And _","Pending","",""
"tests/modTestBatchCalculation.bas","3856","Len(CStr(resultsSheet.Cells.Item(strengthAnchor.Row + 2, 21).Value2)) > 0 And _","Pending","",""
"tests/modTestBatchCalculation.bas","3861","StatusCellHasExpectedFill(resultsSheet, crackAnchor.Row, 3) And _","Pending","",""
"tests/modTestBatchCalculation.bas","3862","StatusCellHasExpectedFill(resultsSheet, crackAnchor.Row, 19) And _","Pending","",""
"tests/modTestBatchCalculation.bas","3863","StatusCellHasExpectedFill(resultsSheet, crackAnchor.Row, 20) And _","Pending","",""
"tests/modTestBatchCalculation.bas","3864","StatusCellHasExpectedFill(resultsSheet, crackAnchor.Row, 23) And _","Pending","",""
"tests/modTestBatchCalculation.bas","3865","StatusCellHasExpectedFill(resultsSheet, crackAnchor.Row, 45) And _","Pending","",""
"tests/modTestBatchCalculation.bas","3866","StatusCellHasExpectedFill(resultsSheet, crackAnchor.Row, 49) And _","Pending","",""
"tests/modTestBatchCalculation.bas","3867","CellHasNoFill(resultsSheet, crackAnchor.Row, 1) And _","Pending","",""
"tests/modTestBatchCalculation.bas","3868","CellHasNoFill(resultsSheet, crackAnchor.Row, 10) And _","Pending","",""
"tests/modTestBatchCalculation.bas","3876","CStr(resultsSheet.Cells.Item(crackAnchor.Row - 3, 19).Value2) = ""статус трещин"" And _","Pending","",""
"tests/modTestBatchCalculation.bas","3886","AssertTrue stats, ""batch.writer.crack.header.notesPlain"", Not resultsSheet.Cells.Item(crackAnchor.Row - 2, 15).Font.Bold And _","Pending","",""
"tests/modTestBatchCalculation.bas","3890","Len(CStr(resultsSheet.Cells.Item(crackAnchor.Row + 19, 1).Value2)) = 0 And _","Pending","",""
"tests/modTestBatchCalculation.bas","3895","StatusCellHasExpectedFill(resultsSheet, stabilityAnchor.Row, 3) And _","Pending","",""
"tests/modTestBatchCalculation.bas","3896","StatusCellHasExpectedFill(resultsSheet, stabilityAnchor.Row, 38) And _","Pending","",""
"tests/modTestBatchCalculation.bas","3897","StatusCellHasExpectedFill(resultsSheet, stabilityAnchor.Row, 44) And _","Pending","",""
"tests/modTestBatchCalculation.bas","3898","StatusCellHasExpectedFill(resultsSheet, stabilityAnchor.Row, 53) And _","Pending","",""
"tests/modTestBatchCalculation.bas","3899","StatusCellHasExpectedFill(resultsSheet, stabilityAnchor.Row, 59) And _","Pending","",""
"tests/modTestBatchCalculation.bas","3900","StatusCellHasExpectedFill(resultsSheet, stabilityAnchor.Row, 72) And _","Pending","",""
"tests/modTestBatchCalculation.bas","3901","StatusCellHasExpectedFill(resultsSheet, stabilityAnchor.Row, 84) And _","Pending","",""
"tests/modTestBatchCalculation.bas","3908","AssertTrue stats, ""batch.writer.stability.header.noExtraTier"", Len(CStr(resultsSheet.Cells.Item(stabilityAnchor.Row - 3, 4).Value2)) = 0 And _","Pending","",""
"tests/modTestBatchCalculation.bas","3912","AssertTrue stats, ""batch.writer.stability.header.notes"", Len(CStr(resultsSheet.Cells.Item(stabilityAnchor.Row - 2, 4).Value2)) > 0 And _","Pending","",""
"tests/modTestBatchCalculation.bas","3914","AssertTrue stats, ""batch.writer.stability.header.notesPlain"", Not resultsSheet.Cells.Item(stabilityAnchor.Row - 2, 4).Font.Bold And _","Pending","",""
"tests/modTestBatchCalculation.bas","3925","Len(CStr(resultsSheet.Cells.Item(stabilityAnchor.Row + 19, 1).Value2)) = 0 And _","Pending","",""
"tests/modTestBatchCalculation.bas","3964","Len(CStr(resultsSheet.Cells.Item(summaryRow + 13, 1).Value2)) = 0 And _","Pending","",""
"tests/modTestBatchCalculation.bas","3965","Len(CStr(resultsSheet.Cells.Item(summaryRow + 13, 4).Value2)) = 0 And _","Pending","",""
"tests/modTestBatchCalculation.bas","3968","Len(CStr(resultsSheet.Cells.Item(summaryRow + 14, 1).Value2)) = 0 And _","Pending","",""
"tests/modTestBatchCalculation.bas","3969","Len(CStr(resultsSheet.Cells.Item(summaryRow + 14, 4).Value2)) = 0 And _","Pending","",""
"tests/modTestBatchCalculation.bas","3982","CStr(resultsSheet.Cells.Item(strengthAnchor.Row, 1).Value2) = ""GAP1"" And _","Pending","",""
"tests/modTestBatchCalculation.bas","3983","Len(CStr(resultsSheet.Cells.Item(strengthAnchor.Row + 1, 1).Value2)) = 0 And _","Pending","",""
"tests/modTestBatchCalculation.bas","3984","Len(CStr(resultsSheet.Cells.Item(strengthAnchor.Row + 2, 1).Value2)) = 0 And _","Pending","",""
"tests/modTestBatchCalculation.bas","3987","CStr(resultsSheet.Cells.Item(crackAnchor.Row, 1).Value2) = ""GAP1"" And _","Pending","",""
"tests/modTestBatchCalculation.bas","3988","Len(CStr(resultsSheet.Cells.Item(crackAnchor.Row + 1, 1).Value2)) = 0 And _","Pending","",""
"tests/modTestBatchCalculation.bas","3989","Len(CStr(resultsSheet.Cells.Item(crackAnchor.Row + 2, 1).Value2)) = 0 And _","Pending","",""
"tests/modTestBatchCalculation.bas","3992","CStr(resultsSheet.Cells.Item(stabilityAnchor.Row, 1).Value2) = ""GAP1"" And _","Pending","",""
"tests/modTestBatchCalculation.bas","3993","Len(CStr(resultsSheet.Cells.Item(stabilityAnchor.Row + 1, 1).Value2)) = 0 And _","Pending","",""
"tests/modTestBatchCalculation.bas","3994","Len(CStr(resultsSheet.Cells.Item(stabilityAnchor.Row + 2, 1).Value2)) = 0 And _","Pending","",""
"tests/modTestBatchCalculation.bas","4028","If checkStrength And strengthRow > 0 Then","Pending","",""
"tests/modTestBatchCalculation.bas","4036","If checkCrack And crackRow > 0 Then","Pending","",""
"tests/modTestBatchCalculation.bas","4044","If checkStability And stabilityRow > 0 Then","Pending","",""
"tests/modTestBatchCalculation.bas","4137","StatusCellHasExpectedFill = (CLng(resultsSheet.Cells.Item(rowIndex, columnIndex).Interior.Color) = StatusFillColor(statusText) And _","Pending","",""
"tests/modTestBatchCalculation.bas","4156","If Len(worstCombination) = 0 Or StrComp(worstCombination, ""N/A"", vbTextCompare) = 0 Then","Pending","",""
"tests/modTestBatchCalculation.bas","4160","Len(reserveText) = 0 Or Not IsNumeric(reserveText)","Pending","",""
"tests/modTestBatchCalculation.bas","4180","If Not hasSummary And Not hasDetailed Then","Pending","",""
"tests/modTestBatchCalculation.bas","4185","AssertTrue stats, name & "".bothNumeric"", hasSummary And hasDetailed","Pending","",""
"tests/modTestBatchCalculation.bas","4186","If hasSummary And hasDetailed Then _","Pending","",""
"tests/modTestBatchCalculation.bas","4416","If batch.ResultAt(1).StabilityResult.Status <> ""OK"" And batch.ResultAt(1).StabilityResult.Status <> ""FAIL"" Then","Pending","",""
"tests/modTestBatchCalculation.bas","4694","InStr(1, baseResult.StrengthMeta.ResultComment, ""НДС: Проверка не проходит."", vbTextCompare) > 0 And _","Pending","",""
"tests/modTestBatchCalculation.bas","5015","AssertTrue stats, ""audit02.canonical.stabilityFlagsPopulated"", stability.PlaneApplicable2 And stability.PlanePassed2","Pending","",""
"tests/modTestBatchCalculation.bas","5021","AssertTrue stats, ""audit02.canonical.stabilityFlagsReset"", Not stability.PlaneApplicable2 And Not stability.PlanePassed2","Pending","",""
"tests/modTestBatchCalculation.bas","5382","AssertTrue stats, ""audit02.cache.mode.physical"", state.Converged And state.WithinPhysicalRange","Pending","",""
"tests/modTestBatchCalculation.bas","5451","AssertTrue stats, ""audit02.cache.post.physical"", state.Converged And state.WithinPhysicalRange","Pending","",""
"tests/modTestBatchCalculation.bas","5556","offResult.Status <> ""NumFail"" And offResult.Status <> ""CalcErr"" And offResult.Status <> ""InputErr""","Pending","",""
"tests/modTestBatchCalculation.bas","5577","For metric = LBound(offNumbers) To UBound(offNumbers)","Pending","",""
"tests/modTestBatchCalculation.bas","5678","AssertTrue stats, prefix & "".comments"", Len(offResult.ResultMeta.ResultComment) > 0 And Len(onResult.ResultMeta.ResultComment) > 0","Pending","",""
"tests/modTestBatchCalculation.bas","5725","AssertTrue stats, prefix & ""."" & key & "".converged"", onState.Converged And offState.Converged","Pending","",""
"tests/modTestBatchCalculation.bas","5726","AssertTrue stats, prefix & ""."" & key & "".physical"", onState.WithinPhysicalRange And offState.WithinPhysicalRange","Pending","",""
"tests/modTestBatchCalculation.bas","5727","AssertTrue stats, prefix & ""."" & key & "".noFinalExtension"", Not onState.ExtensionUsed And Not offState.ExtensionUsed","Pending","",""
"tests/modTestBatchCalculation.bas","5733","For i = LBound(first) To UBound(first)","Pending","",""
"tests/modTestBatchCalculation.bas","5826","expectedApplies = (value <> rsNotApplicable And value <> rsNotRequested)","Pending","",""
"tests/modTestBatchCalculation.bas","6021","AssertTrue stats, prefix & "".unscaledInput"", capacity.ResultMeta.InternalStatus = rsInvalidInput And _","Pending","",""
"tests/modTestBatchCalculation.bas","6022","capacity.ResultMeta.ResultCode = rcInvalidInput And Not capacity.ResultMeta.Calculated","Pending","",""
"tests/modTestBatchCalculation.bas","6030","AssertTrue stats, prefix & "".validInput"", capacity.Status <> ""InputErr"" And capacity.Status <> ""CalcErr""","Pending","",""
"tests/modTestBatchCalculation.bas","6036","If component = ""N"" Or component = ""NMxy"" Then n = lambda * n","Pending","",""
"tests/modTestBatchCalculation.bas","6037","If component = ""Mx"" Or component = ""Mxy"" Or component = ""NMxy"" Then mx = lambda * mx","Pending","",""
"tests/modTestBatchCalculation.bas","6038","If component = ""My"" Or component = ""Mxy"" Or component = ""NMxy"" Then my = lambda * my","Pending","",""
"tests/modTestBatchCalculation.bas","6059","AssertTrue stats, prefix & "".validInput"", policy.ExternalStatus(formation.ResultMeta) <> ""InputErr"" And _","Pending","",""
"tests/modTestBatchCalculation.bas","6063","AssertTrue stats, prefix & "".autoPath"", formation.FormationMethod = ChrW$(&H3BB) & ""*Mxy"" Or _","Pending","",""
"tests/modTestBatchCalculation.bas","6064","formation.FormationMethod = ChrW$(&H3BB) & ""*N"" Or formation.FormationMethod = ChrW$(&H3BB) & ""*NMxy""","Pending","",""
"tests/modTestBatchCalculation.bas","6080","formation.ResultMeta.InternalStatus = formation.PreCrackState.ResultMeta.InternalStatus And _","Pending","",""
"tests/modTestBatchCalculation.bas","6092","formation.ResultMeta.InternalStatus = formation.PostCrackState.ResultMeta.InternalStatus And _","Pending","",""
"tests/modTestBatchCalculation.bas","6133","AssertTrue stats, prefix & "".formulaNoNumFail"", result.CrackWidthMeta.InternalStatus <> rsNumericalFailure And _","Pending","",""
"tests/modTestBatchCalculation.bas","6134","result.LongitudinalCrackMeta.InternalStatus <> rsNumericalFailure And result.StabilityMeta.InternalStatus <> rsNumericalFailure","Pending","",""
"tests/modTestBatchCalculation.bas","6135","If result.CrackFormationMeta.InternalStatus = rsSuccessWithWarning And policy.ExternalStatus(result.CrackMeta) = ""OK"" Then","Pending","",""
"tests/modTestBatchCalculation.bas","6138","AssertTrue stats, prefix & "".strengthNoCrack"", InStr(1, result.StrengthMeta.ResultComment, ""Трещинообразование:"") = 0 And _","Pending","",""
"tests/modTestBatchCalculation.bas","6140","AssertTrue stats, prefix & "".crackNoCapacity"", InStr(1, result.CrackSummaryMeta.ResultComment, ""Несущая:"") = 0 And _","Pending","",""
"tests/modTestBatchCalculation.bas","6181","If charCode >= &H410 And charCode <= &H44F Then hasRussian = True","Pending","",""
"tests/modTestBatchCalculation.bas","6184","AssertTrue stats, prefix & "".readable"", InStr(1, meta.ResultComment, "".."") = 0 And _","Pending","",""
"tests/modTestBatchCalculation.bas","6185","InStr(1, meta.ResultComment, ""?"") = 0 And InStr(1, meta.ResultComment, ""SP35-mixed"") = 0","Pending","",""
"tests/modTestBatchCalculation.bas","6229","If i >= 8 And i <= 11 Then Set result = batch.ResultAt(2) Else Set result = batch.ResultAt(1)","Pending","",""
"tests/modTestBatchCalculation.bas","6239","If i = 2 Or i = 3 Or i = 12 Then","Pending","",""
"tests/modTestBatchCalculation.bas","6240","AssertTrue stats, prefix & "".noPublicField"", errorNumber = 438 Or errorNumber = 451","Pending","",""
"tests/modTestBatchCalculation.bas","6250","AssertEquals stats, prefix & "".profileUnchanged"", result.ProfileId, batch.InputProfileId(1 + Abs(i >= 8 And i <= 11))","Pending","",""
"tests/modTestBatchCalculation.bas","6464","If shapeName = ""CircleSym"" Or (i <> 1 And i <> 2) Then","Pending","",""
"tests/modTestBatchCalculation.bas","6541","If i = 1 Or section.ConcreteX(i) - halfX < minX Then minX = section.ConcreteX(i) - halfX","Pending","",""
"tests/modTestBatchCalculation.bas","6542","If i = 1 Or section.ConcreteX(i) + halfX > maxX Then maxX = section.ConcreteX(i) + halfX","Pending","",""
"tests/modTestBatchCalculation.bas","6543","If i = 1 Or section.ConcreteY(i) - halfY < minY Then minY = section.ConcreteY(i) - halfY","Pending","",""
"tests/modTestBatchCalculation.bas","6544","If i = 1 Or section.ConcreteY(i) + halfY > maxY Then maxY = section.ConcreteY(i) + halfY","Pending","",""
"tests/modTestBatchCalculation.bas","6624","state.ResultMeta.InternalStatus = rsNumericalFailure Or state.ResultMeta.InternalStatus = rsInvalidInput Or _","Pending","",""
"tests/modTestBatchCalculation.bas","6625","state.ResultMeta.InternalStatus = rsInvalidConfiguration Or state.ResultMeta.InternalStatus = rsInternalError","Pending","",""
"tests/modTestBatchCalculation.bas","6629","If state.StateType = sstCapacityState Or state.StateType = sstPreCrackState Or state.StateType = sstPostCrackState Then","Pending","",""
"tests/modTestBatchCalculation.bas","6631","AssertTrue stats, prefix & "".state.finalPhysical."" & CStr(i), state.Converged And state.WithinPhysicalRange And Not state.ExtensionUsed","Pending","",""
"tests/modTestBatchCalculation.bas","6637","result.CrackFormationMeta.InternalStatus = state.ResultMeta.InternalStatus And _","Pending","",""
"tests/modTestBatchCalculation.bas","6696","For i = LBound(statuses) To UBound(statuses)","Pending","",""
"tests/modTestBatchCalculation.bas","6714","AssertTrue stats, ""audit03.palette.clearedCell"", cell.Interior.ColorIndex = -4142 And cell.DisplayFormat.Interior.ColorIndex = -4142","Pending","",""
"tests/modTestBatchCalculation.bas","6768","If Not clearedRows Or rowIndex > 1 Then","Pending","",""
"tests/modTestBatchCalculation.bas","6774","cell.Interior.ColorIndex = -4142 And cell.DisplayFormat.Interior.ColorIndex = -4142","Pending","",""
"tests/modTestCapacitySolver.bas","132","AssertTrue stats, ""capacity.mx.limit.physical"", IsPhysicalLimitState(capNeg.LimitState) And IsPhysicalLimitState(capPos.LimitState)","Pending","",""
"tests/modTestCapacitySolver.bas","203","AssertTrue stats, ""tensionMode.solver.affectsState"", Abs(solverIgnore.KappaX - solverUse.KappaX) > 0.000000001 Or Abs(solverIgnore.KappaY - solverUse.KappaY) > 0.000000001","Pending","",""
"tests/modTestCapacitySolver.bas","233","AssertTrue stats, prefix & "".stateDiffers"", Abs(solverIgnore.KappaX - solverUse.KappaX) > 0.000000001 Or _","Pending","",""
"tests/modTestCapacitySolver.bas","234","Abs(solverIgnore.KappaY - solverUse.KappaY) > 0.000000001 Or Abs(solverIgnore.Epsilon0 - solverUse.Epsilon0) > 0.000000001","Pending","",""
"tests/modTestCapacitySolver.bas","289","AssertTrue stats, ""capacity.my.limit.physical"", IsPhysicalLimitState(capNeg.LimitState) And IsPhysicalLimitState(capPos.LimitState)","Pending","",""
"tests/modTestCapacitySolver.bas","737","AssertTrue stats, ""method.numericalFailure.state"", cap.LimitState = ""NumericalFailure"" Or cap.LimitState = ""SingularTangent""","Pending","",""
"tests/modTestCapacitySolver.bas","817","AssertTrue stats, ""capacity.tfDefaults.ultimate.lambda"", reference.LambdaUltimate > 0# And reference.LambdaUltimate < 10#","Pending","",""
"tests/modTestCapacitySolver.bas","1153","For i = LBound(steps) To UBound(steps)","Pending","",""
"tests/modTestCapacitySolver.bas","1269","isPureAxial = Abs(nBase) > 0.000000001 And _","Pending","",""
"tests/modTestCapacitySolver.bas","1270","Abs(nOffset) <= 0.000000001 And _","Pending","",""
"tests/modTestCapacitySolver.bas","1271","Abs(mxOffset) <= 0.000000001 And Abs(mxBase) <= 0.000000001 And _","Pending","",""
"tests/modTestCapacitySolver.bas","1272","Abs(myOffset) <= 0.000000001 And Abs(myBase) <= 0.000000001","Pending","",""
"tests/modTestCapacitySolver.bas","1283","AssertTrue stats, name, cap.SolutionMethod = ""UltimateStrain"" Or cap.SolutionMethod = ""LoadMultiplier""","Pending","",""
"tests/modTestCapacitySolver.bas","1337","AssertTrue stats, ""search.empty.inputError"", Not emptyMethod.Converged And emptyMethod.LimitState = ""InvalidInput""","Pending","",""
"tests/modTestCapacitySolver.bas","1338","AssertTrue stats, ""search.invalid.inputError"", Not invalidMethod.Converged And invalidMethod.LimitState = ""InvalidInput""","Pending","",""
"tests/modTestCapacitySolver.bas","1339","AssertTrue stats, ""search.secant.controlledFailure"", Not secantFail.Converged And _","Pending","",""
"tests/modTestCapacitySolver.bas","1340","(secantFail.LimitState = ""NumericalFailure"" Or secantFail.LimitState = ""InvalidInput"")","Pending","",""
"tests/modTestCapacitySolver.bas","1544","IsPhysicalLimitState = (state = ""ConcreteStrainLimit"" Or state = ""ConcreteTensionStrainLimit"" Or _","Pending","",""
"tests/modTestCapacitySolver.bas","2032","AssertTrue stats, ""audit03.capacity.realPrecision.finiteWork"", cap.Iterations > 40 And cap.Iterations < 100","Pending","",""
"tests/modTestCapacitySolver.bas","2191","If scenario <= 5 Or scenario = 13 Then AssertTrue stats, prefix & "".noNumericalAttempt"", problem.UltimateCalls = 0","Pending","",""
"tests/modTestCapacitySolver.bas","2193","If scenario >= 7 And scenario <= 11 Then AssertTrue stats, prefix & "".failedProbeNotOverwritten"", problem.UltimateCalls = 2","Pending","",""
"tests/modTestCapacitySolver.bas","2245","AssertTrue stats, prefix & "".adjacentDistinct"", adjacent > 1# And adjacent - 1# < 0.000000000000001","Pending","",""
"tests/modTestCapacitySolver.bas","2265","If scenario = 1 Or scenario = 3 Then","Pending","",""
"tests/modTestCapacitySolver.bas","2273","AssertTrue stats, prefix & "".success"", result.Succeeded And result.HasLimitPoint","Pending","",""
"tests/modTestCrackWidth.bas","135","AssertTrue stats, ""crack.user.coeffs.lambda"", crack.FormationResult.LambdaCrc > 0# And crack.FormationResult.LambdaCrc <= 1#","Pending","",""
"tests/modTestCrackWidth.bas","196","AssertTrue stats, ""crack.auto.pass.lambda"", crack.FormationResult.LambdaCrc > 0# And crack.FormationResult.LambdaCrc <= 1#","Pending","",""
"tests/modTestCrackWidth.bas","244","AssertTrue stats, ""crack.auto.fail.lambda"", crack.FormationResult.LambdaCrc > 0# And crack.FormationResult.LambdaCrc <= 1#","Pending","",""
"tests/modTestCrackWidth.bas","245","AssertTrue stats, ""crack.auto.fail.psiRange"", crack.PsiS >= 0# And crack.PsiS <= 1#","Pending","",""
"tests/modTestCrackWidth.bas","290","AssertTrue stats, prefix & "".lambda"", crack.FormationResult.LambdaCrc > 0# And crack.FormationResult.LambdaCrc <= 1#","Pending","",""
"tests/modTestCrackWidth.bas","355","AssertTrue stats, ""crack.path.mxy.lambda"", crackMxy.FormationResult.LambdaCrc > 0# And crackMxy.FormationResult.LambdaCrc <= 1#","Pending","",""
"tests/modTestCrackWidth.bas","385","AssertTrue stats, ""crack.path.nmxy.lambda"", crackNMxy.FormationResult.LambdaCrc > 0# And crackNMxy.FormationResult.LambdaCrc <= 1#","Pending","",""
"tests/modTestCrackWidth.bas","525","AssertTrue stats, prefix & "".lambda"", crack.FormationResult.LambdaCrc > 0# And crack.FormationResult.LambdaCrc <= 1#","Pending","",""
"tests/modTestCrackWidth.bas","573","AssertTrue stats, ""crack.central.lambda"", crack.FormationResult.LambdaCrc > 0# And crack.FormationResult.LambdaCrc <= 1#","Pending","",""
"tests/modTestCrackWidth.bas","700","If runner.ResultSolver Is Nothing Or Not runner.Converged Then","Pending","",""
"tests/modTestCrackWidth.bas","981","AssertTrue stats, ""audit02.formationOnly.reuseNoCrack"", second.Converged And Not second.CrackFormed","Pending","",""
"tests/modTestGeometry.bas","912","AssertTrue stats, ""rectset.rectangle.rebarSkipsLower"", CountBarsWithSource(rectangleBars, ""H2"") = 0 And CountBarsWithSource(rectangleBars, ""B2"") = 0","Pending","",""
"tests/modTestGeometry.bas","1462","If Not initialized Or candidate < minValue Then minValue = candidate","Pending","",""
"tests/modTestGeometry.bas","1567","geom.MaxX > geom.RightBaseX And geom.MaxX < geom.RightBaseX + geom.RightW","Pending","",""
"tests/modTestGeometry.bas","1649","For i = LBound(px) To UBound(px) - 1","Pending","",""
"tests/modTestGeometry.bas","1659","For i = LBound(px) To UBound(px) - 1","Pending","",""
"tests/modTestGeometry.bas","1675","xCoord = px(UBound(px))","Pending","",""
"tests/modTestGeometry.bas","1676","yCoord = py(UBound(py))","Pending","",""
"tests/modTestGeometry.bas","1710","AssertTrue stats, ""rounded.rebar.top.lastX.followsTaperAngle"", layout.X(5) > 360# And layout.X(5) < 400#","Pending","",""
"tests/modTestGeometry.bas","1722","AssertClose stats, ""rounded.rebar.hLeft.pathStartX"", leftPathX(LBound(leftPathX)), topX1, 0.000001","Pending","",""
"tests/modTestGeometry.bas","1723","AssertClose stats, ""rounded.rebar.hLeft.pathStartY"", leftPathY(LBound(leftPathY)), topY1, 0.000001","Pending","",""
"tests/modTestGeometry.bas","1724","AssertClose stats, ""rounded.rebar.hLeft.pathEndX"", leftPathX(UBound(leftPathX)), bottomX1, 0.000001","Pending","",""
"tests/modTestGeometry.bas","1725","AssertClose stats, ""rounded.rebar.hLeft.pathEndY"", leftPathY(UBound(leftPathY)), bottomY1, 0.000001","Pending","",""
"tests/modTestGeometry.bas","1741","AssertClose stats, ""rounded.rebar.hRight.pathStartX"", rightPathX(LBound(rightPathX)), topX2, 0.000001","Pending","",""
"tests/modTestGeometry.bas","1742","AssertClose stats, ""rounded.rebar.hRight.pathStartY"", rightPathY(LBound(rightPathY)), topY2, 0.000001","Pending","",""
"tests/modTestGeometry.bas","1743","AssertClose stats, ""rounded.rebar.hRight.pathEndX"", rightPathX(UBound(rightPathX)), bottomX2, 0.000001","Pending","",""
"tests/modTestGeometry.bas","1744","AssertClose stats, ""rounded.rebar.hRight.pathEndY"", rightPathY(UBound(rightPathY)), bottomY2, 0.000001","Pending","",""
"tests/modTestGeometry.bas","1769","AssertClose stats, ""rounded.rebar.simpleLeft.pathStartX"", simpleLeftPathX(LBound(simpleLeftPathX)), simpleTopX1, 0.000001","Pending","",""
"tests/modTestGeometry.bas","1770","AssertClose stats, ""rounded.rebar.simpleLeft.pathStartY"", simpleLeftPathY(LBound(simpleLeftPathY)), simpleTopY1, 0.000001","Pending","",""
"tests/modTestGeometry.bas","1771","AssertClose stats, ""rounded.rebar.simpleLeft.pathEndX"", simpleLeftPathX(UBound(simpleLeftPathX)), simpleBottomX1, 0.000001","Pending","",""
"tests/modTestGeometry.bas","1772","AssertClose stats, ""rounded.rebar.simpleLeft.pathEndY"", simpleLeftPathY(UBound(simpleLeftPathY)), simpleBottomY1, 0.000001","Pending","",""
"tests/modTestGeometry.bas","1777","AssertClose stats, ""rounded.rebar.simpleRight.pathStartX"", simpleRightPathX(LBound(simpleRightPathX)), simpleTopX2, 0.000001","Pending","",""
"tests/modTestGeometry.bas","1778","AssertClose stats, ""rounded.rebar.simpleRight.pathStartY"", simpleRightPathY(LBound(simpleRightPathY)), simpleTopY2, 0.000001","Pending","",""
"tests/modTestGeometry.bas","1779","AssertClose stats, ""rounded.rebar.simpleRight.pathEndX"", simpleRightPathX(UBound(simpleRightPathX)), simpleBottomX2, 0.000001","Pending","",""
"tests/modTestGeometry.bas","1780","AssertClose stats, ""rounded.rebar.simpleRight.pathEndY"", simpleRightPathY(UBound(simpleRightPathY)), simpleBottomY2, 0.000001","Pending","",""
"tests/modTestGeometry.bas","2102","If mesh.FiberWidth(i) < baseStep Or mesh.FiberHeight(i) < baseStep Then","Pending","",""
"tests/modTestGeometry.bas","2248","If StrComp(annotations.AnnotationType(i), annotationType, vbTextCompare) = 0 And _","Pending","",""
"tests/modTestGeometry.bas","2301","ElseIf findMax And layout.Y(i) > ExtremeYInAnnotationGroup Then","Pending","",""
"tests/modTestGeometry.bas","2303","ElseIf Not findMax And layout.Y(i) < ExtremeYInAnnotationGroup Then","Pending","",""
"tests/modTestGeometry.bas","2450","AssertTrue stats, ""audit03.geometry.rounded.stableReason"", message = repeatedMessage And Len(message) > 0","Pending","",""
"tests/modTestGeometry.bas","2455","AssertTrue stats, ""audit03.geometry.rounded.revalidated"", rounded.IsValid(message) And Len(message) = 0","Pending","",""
"tests/modTestGeometry.bas","2459","For contourIndex = LBound(contourX) To UBound(contourX)","Pending","",""
"tests/modTestGeometry.bas","2472","AssertTrue stats, ""audit03.geometry.hollow.stableReason"", message = repeatedMessage And Len(message) > 0","Pending","",""
"tests/modTestGeometry.bas","2477","AssertTrue stats, ""audit03.geometry.hollow.revalidated"", hollow.IsValid(message) And Len(message) = 0","Pending","",""
"tests/modTestGeometry.bas","2501","AssertTrue stats, ""audit03.geometry.rounded.areaAvailable"", available And freshAvailable","Pending","",""
"tests/modTestGeometry.bas","2503","AssertTrue stats, ""audit03.geometry.hollow.areaAvailable"", available And freshAvailable","Pending","",""
"tests/modTestRegressionBaseline.bas","136","AssertTrue stats, ""geometry_change.state_changed"", Abs(smallSolver.KappaX - largeSolver.KappaX) > 0.000000000001 Or _","Pending","",""
"tests/modTestRegressionBaseline.bas","137","Abs(smallSolver.KappaY - largeSolver.KappaY) > 0.000000000001 Or _","Pending","",""
"tests/modTestSectionSolver.bas","259","For i = LBound(removedKeys) To UBound(removedKeys)","Pending","",""
"tests/modTestSectionSolver.bas","268","For i = LBound(rangeNames) To UBound(rangeNames)","Pending","",""
"tests/modTestSectionSolver.bas","277","For i = LBound(removedRanges) To UBound(removedRanges)","Pending","",""
"tests/modTestSectionSolver.bas","290","For i = LBound(requiredKeys) To UBound(requiredKeys)","Pending","",""
"tests/modTestSectionSolver.bas","518","AssertTrue stats, ""section.systemMethod.newtonBranch"", solver.Converged And solver.InternalNewtonCallCount > 0","Pending","",""
"tests/modTestSectionSolver.bas","544","If newton.Converged And secant.Converged Then","Pending","",""
"tests/modTestSectionSolver.bas","768","If scenario = 2 Or scenario = 3 Then expectedExternal = ""NumFail""","Pending","",""
"tests/modTestSectionSolver.bas","775","If scenario = 1 Or scenario = 5 Or scenario >= 6 Then","Pending","",""
"tests/modTestWorkbookInterface.bas","130","AssertTrue stats, ""ui.loads.layout.position"", loads.Row = 3 And loads.Column = 15","Pending","",""
"tests/modTestWorkbookInterface.bas","168","AssertTrue stats, ""ui.buttons.outsidePrint"", runButton.Left > calc.Range(""AJ1"").Left And importButton.Left > calc.Range(""AJ1"").Left And clearButton.Left > calc.Range(""AJ1"").Left And acadButton.Left > calc.Range(""AJ1"").Left And plotButton.Left > calc.Range(""AJ1"").Left","Pending","",""
"tests/modTestWorkbookInterface.bas","169","AssertTrue stats, ""ui.buttons.textCentered"", ButtonTextIsCentered(runButton) And ButtonTextIsCentered(importButton) And _","Pending","",""
"tests/modTestWorkbookInterface.bas","170","ButtonTextIsCentered(clearButton) And ButtonTextIsCentered(acadButton) And ButtonTextIsCentered(plotButton)","Pending","",""
"tests/modTestWorkbookInterface.bas","174","ButtonTextIsCentered = (buttonShape.TextFrame.HorizontalAlignment = -4108 And _","Pending","",""
"tests/modTestWorkbookInterface.bas","264","AssertTrue stats, ""ui.executionReport.content"", InStr(1, reportText, ""ОТЧЕТ ВЫПОЛНЕНИЯ RC SECTION NDM"", vbTextCompare) > 0 And _","Pending","",""
"tests/modTestWorkbookInterface.bas","265","InStr(1, reportText, ""Старт расчета"", vbTextCompare) > 0 And _","Pending","",""
"tests/modTestWorkbookInterface.bas","266","InStr(1, reportText, ""Итерации прямого CSectionSolver"", vbTextCompare) > 0 And _","Pending","",""
"tests/modTestWorkbookInterface.bas","350","AssertTrue stats, ""ui.autocad.reference.point"", Abs(batch.LoadReferenceX) > 0.000001 Or Abs(batch.LoadReferenceY) > 0.000001","Pending","",""
"tests/modTestWorkbookInterface.bas","418","AssertTrue stats, ""ui.loads.minRows.headerOnlyRejected"", errorNumber <> 0 And _","Pending","",""
"tests/modTestWorkbookInterface.bas","455","AssertTrue stats, ""ui.loads.partial.message"", InStr(1, message, ""ошиб"", vbTextCompare) > 0 And _","Pending","",""
"tests/modTestWorkbookInterface.bas","473","InStr(1, message, ""InputErr"", vbTextCompare) > 0 And _","Pending","",""
"tests/modTestWorkbookInterface.bas","496","InStr(1, description, ""предварительно импортированной"", vbTextCompare) > 0 And _","Pending","",""
"tests/modTestWorkbookInterface.bas","747","AssertTrue stats, ""ui.plot.overlay.shapes"", CountGeneratedPlotShapes(""Principal1"") > 0 And _","Pending","",""
"tests/modTestWorkbookInterface.bas","748","CountGeneratedPlotShapes(""Principal2"") > 0 And Not loadPoint Is Nothing","Pending","",""
"tests/modTestWorkbookInterface.bas","749","If CountGeneratedPlotShapes(""Principal1"") <= 0 Or CountGeneratedPlotShapes(""Principal2"") <= 0 Or loadPoint Is Nothing Then","Pending","",""
"tests/modTestWorkbookInterface.bas","754","AssertTrue stats, ""ui.plot.overlay.chartLayer"", CountPlotShapes(""Principal1"") > 0 And _","Pending","",""
"tests/modTestWorkbookInterface.bas","755","CountPlotShapes(""Principal2"") > 0 And CountPlotShapes(""LoadPoint"") > 0 And _","Pending","",""
"tests/modTestWorkbookInterface.bas","756","CountWorksheetPlotShapes(""Principal1"") = 0 And CountWorksheetPlotShapes(""Principal2"") = 0 And _","Pending","",""
"tests/modTestWorkbookInterface.bas","758","AssertTrue stats, ""ui.plot.axisLabels.exists"", CountPlotShapes(""AxisLabelX"") = 1 And CountPlotShapes(""AxisLabelY"") = 1","Pending","",""
"tests/modTestWorkbookInterface.bas","759","AssertTrue stats, ""ui.plot.axisLabels.text"", PlotShapeTextContains(""Ось X"") And PlotShapeTextContains(""Ось Y"")","Pending","",""
"tests/modTestWorkbookInterface.bas","760","AssertTrue stats, ""ui.plot.axisLabels.italic"", PlotShapeTextItalic(""AxisLabelX"") And PlotShapeTextItalic(""AxisLabelY"")","Pending","",""
"tests/modTestWorkbookInterface.bas","762","AssertTrue stats, ""ui.plot.axisLabels.insideFrame"", PlotShapesInsideStableFrame(""AxisLabelX"", 0.5) And _","Pending","",""
"tests/modTestWorkbookInterface.bas","771","AssertTrue stats, ""ui.plot.overlay.clippedAxes"", PlotShapesInsideStableFrame(""Principal1"", 1#) And _","Pending","",""
"tests/modTestWorkbookInterface.bas","896","Len(ResultsPropertyValue(""ALL"", ""LoadReferenceX"")) > 0 And Len(ResultsPropertyValue(""ALL"", ""LoadReferenceY"")) > 0","Pending","",""
"tests/modTestWorkbookInterface.bas","1045","AssertTrue stats, ""ui.run.strainPlane"", IsNumeric(strengthAnchor.Worksheet.Cells.Item(strengthAnchor.Row, 15).Value2) And _","Pending","",""
"tests/modTestWorkbookInterface.bas","1046","IsNumeric(strengthAnchor.Worksheet.Cells.Item(strengthAnchor.Row, 16).Value2) And _","Pending","",""
"tests/modTestWorkbookInterface.bas","1050","AssertTrue stats, ""ui.run.crack"", Len(CStr(crackAnchor.Worksheet.Cells.Item(crackAnchor.Row, 3).Value2)) > 0 And _","Pending","",""
"tests/modTestWorkbookInterface.bas","1059","AssertTrue stats, ""ui.strengthSummary.currentDepths"", IsNumeric(resultsSheet.Cells.Item(strengthAnchor.Row, 26).Value2) And IsNumeric(resultsSheet.Cells.Item(strengthAnchor.Row, 27).Value2)","Pending","",""
"tests/modTestWorkbookInterface.bas","1060","AssertTrue stats, ""ui.strengthSummary.direct.noCapacityDepths"", Len(CStr(resultsSheet.Cells.Item(strengthAnchor.Row, 46).Value2)) = 0 And Len(CStr(resultsSheet.Cells.Item(strengthAnchor.Row, 47).Value2)) = 0","Pending","",""
"tests/modTestWorkbookInterface.bas","1064","AssertTrue stats, ""ui.results.elements.rows"", UBound(elementResults, 1) > 1","Pending","",""
"tests/modTestWorkbookInterface.bas","1075","AssertTrue stats, ""ui.results.geometry.rows"", UBound(geometryResults, 1) > 1","Pending","",""
"tests/modTestWorkbookInterface.bas","1076","AssertTrue stats, ""ui.results.strength.anchor"", ThisWorkbook.Names.Item(""rngStrengthSummaryAnchor"").RefersToRange.Row = 49 And ThisWorkbook.Names.Item(""rngStrengthSummaryAnchor"").RefersToRange.Column = 1","Pending","",""
"tests/modTestWorkbookInterface.bas","1077","AssertTrue stats, ""ui.results.crack.anchor"", ThisWorkbook.Names.Item(""rngCrackSummaryAnchor"").RefersToRange.Row = 85 And ThisWorkbook.Names.Item(""rngCrackSummaryAnchor"").RefersToRange.Column = 1","Pending","",""
"tests/modTestWorkbookInterface.bas","1078","AssertTrue stats, ""ui.results.stability.anchor"", ThisWorkbook.Names.Item(""rngStabilitySummaryAnchor"").RefersToRange.Row = 122 And ThisWorkbook.Names.Item(""rngStabilitySummaryAnchor"").RefersToRange.Column = 1","Pending","",""
"tests/modTestWorkbookInterface.bas","1079","AssertTrue stats, ""ui.results.geometry.position"", ThisWorkbook.Names.Item(""rngNDMSectionGeometry"").RefersToRange.Row = 156 And ThisWorkbook.Names.Item(""rngNDMSectionGeometry"").RefersToRange.Column = 12","Pending","",""
"tests/modTestWorkbookInterface.bas","1080","AssertTrue stats, ""ui.results.properties.position"", ThisWorkbook.Names.Item(""rngNDMSectionProperties"").RefersToRange.Row = 156 And ThisWorkbook.Names.Item(""rngNDMSectionProperties"").RefersToRange.Column = 29","Pending","",""
"tests/modTestWorkbookInterface.bas","1081","AssertTrue stats, ""ui.results.materialDiagrams.position"", ThisWorkbook.Names.Item(""rngNDMMaterialDiagrams"").RefersToRange.Row = 156 And ThisWorkbook.Names.Item(""rngNDMMaterialDiagrams"").RefersToRange.Column = 37","Pending","",""
"tests/modTestWorkbookInterface.bas","1082","AssertTrue stats, ""ui.results.annotations.position"", ThisWorkbook.Names.Item(""rngNDMSectionAnnotations"").RefersToRange.Row = 156 And ThisWorkbook.Names.Item(""rngNDMSectionAnnotations"").RefersToRange.Column = 50","Pending","",""
"tests/modTestWorkbookInterface.bas","1088","ResultsPropertyExists(""LC1"", ""State.CrackedState.NeutralLine.Angle"") And _","Pending","",""
"tests/modTestWorkbookInterface.bas","1091","Not ResultsPropertyExists(""LC1"", ""Epsilon0"") And _","Pending","",""
"tests/modTestWorkbookInterface.bas","1092","Not ResultsPropertyExists(""LC1"", ""KappaX"") And _","Pending","",""
"tests/modTestWorkbookInterface.bas","1096","ResultsPropertyExists(""ALL"", ""LoadReferenceX"") And ResultsPropertyExists(""ALL"", ""LoadReferenceY"")","Pending","",""
"tests/modTestWorkbookInterface.bas","1098","ResultsPropertyExists(""ALL"", ""Transformed.CentroidX"") And _","Pending","",""
"tests/modTestWorkbookInterface.bas","1099","ResultsPropertyExists(""ALL"", ""Transformed.CentroidY"") And _","Pending","",""
"tests/modTestWorkbookInterface.bas","1100","ResultsPropertyExists(""ALL"", ""Transformed.PrincipalAngle"") And _","Pending","",""
"tests/modTestWorkbookInterface.bas","1101","ResultsPropertyExists(""ALL"", ""Transformed.PrincipalI1"") And _","Pending","",""
"tests/modTestWorkbookInterface.bas","1104","Not ResultsPropertyExists(""ALL"", ""CentroidX"") And _","Pending","",""
"tests/modTestWorkbookInterface.bas","1105","Not ResultsPropertyExists(""ALL"", ""CentroidY"") And _","Pending","",""
"tests/modTestWorkbookInterface.bas","1106","Not ResultsPropertyExists(""ALL"", ""PrincipalAngle"") And _","Pending","",""
"tests/modTestWorkbookInterface.bas","1107","Not ResultsPropertyExists(""ALL"", ""PrincipalI1"") And _","Pending","",""
"tests/modTestWorkbookInterface.bas","1110","Not ResultsPropertyExists(""LC1"", ""LoadReferenceX"") And Not ResultsPropertyExists(""LC1"", ""LoadReferenceY"")","Pending","",""
"tests/modTestWorkbookInterface.bas","1117","AssertTrue stats, ""ui.results.materialDiagrams.rows"", UBound(materialDiagrams, 1) > 1","Pending","",""
"tests/modTestWorkbookInterface.bas","1130","PlotShapeTextContains(""Схема сечения"") And PlotShapeTextContains(""(ui test)"")","Pending","",""
"tests/modTestWorkbookInterface.bas","1137","Len(ProfileSettingValue(""PR3"", ""Profile.DisplayName"")) > 0 And _","Pending","",""
"tests/modTestWorkbookInterface.bas","1138","ProfileSettingValue(""PR3"", ""Calculation.Strength.DirectState"") = ""Yes"" And _","Pending","",""
"tests/modTestWorkbookInterface.bas","1141","Len(ProfileSettingValue(""PR4"", ""Profile.DisplayName"")) > 0 And _","Pending","",""
"tests/modTestWorkbookInterface.bas","1142","ProfileSettingValue(""PR4"", ""Visualization.Quantity"") = ""Strain"" And _","Pending","",""
"tests/modTestWorkbookInterface.bas","1190","UBound(elementResults, 1) = expectedElementRows","Pending","",""
"tests/modTestWorkbookInterface.bas","1259","InStr(1, errorText, ""не помещаются"", vbTextCompare) > 0 And _","Pending","",""
"tests/modTestWorkbookInterface.bas","1260","InStr(1, errorText, ""Расчет не запущен"", vbTextCompare) > 0 And _","Pending","",""
"tests/modTestWorkbookInterface.bas","1261","InStr(1, errorText, ""Что сделать"", vbTextCompare) > 0 And _","Pending","",""
"tests/modTestWorkbookInterface.bas","1262","InStr(1, errorText, ""Вставьте"", vbTextCompare) > 0 And _","Pending","",""
"tests/modTestWorkbookInterface.bas","1263","InStr(1, errorText, ""на листе Results"", vbTextCompare) > 0 And _","Pending","",""
"tests/modTestWorkbookInterface.bas","1264","InStr(1, errorText, ""над строкой"", vbTextCompare) > 0 And _","Pending","",""
"tests/modTestWorkbookInterface.bas","1265","InStr(1, errorText, ""над строкой 44"", vbTextCompare) > 0 And _","Pending","",""
"tests/modTestWorkbookInterface.bas","1266","InStr(1, errorText, ""над строкой 80"", vbTextCompare) > 0 And _","Pending","",""
"tests/modTestWorkbookInterface.bas","1267","InStr(1, errorText, ""над строкой 116"", vbTextCompare) > 0 And _","Pending","",""
"tests/modTestWorkbookInterface.bas","1268","InStr(1, errorText, ""над строкой 45"", vbTextCompare) = 0 And _","Pending","",""
"tests/modTestWorkbookInterface.bas","1269","InStr(1, errorText, ""над строкой 81"", vbTextCompare) = 0 And _","Pending","",""
"tests/modTestWorkbookInterface.bas","1270","InStr(1, errorText, ""над строкой 117"", vbTextCompare) = 0 And _","Pending","",""
"tests/modTestWorkbookInterface.bas","1271","InStr(1, errorText, ""на листе Config"", vbTextCompare) > 0 And _","Pending","",""
"tests/modTestWorkbookInterface.bas","1272","InStr(1, errorText, vbCrLf & ""1)"", vbBinaryCompare) > 0 And _","Pending","",""
"tests/modTestWorkbookInterface.bas","1273","InStr(1, errorText, vbCrLf & ""2)"", vbBinaryCompare) > 0 And _","Pending","",""
"tests/modTestWorkbookInterface.bas","1274","InStr(1, errorText, ""rngStrengthSummaryAnchor"", vbTextCompare) > 0 And _","Pending","",""
"tests/modTestWorkbookInterface.bas","1275","InStr(1, errorText, ""rngCrackSummaryAnchor"", vbTextCompare) > 0 And _","Pending","",""
"tests/modTestWorkbookInterface.bas","1276","InStr(1, errorText, ""rngStabilitySummaryAnchor"", vbTextCompare) > 0 And _","Pending","",""
"tests/modTestWorkbookInterface.bas","1364","""; elementResultRows="" & CStr(UBound(elementResults, 1)) & _","Pending","",""
"tests/modTestWorkbookInterface.bas","1372","UBound(elementResults, 1) = 1 + 20 * 5 * geometryRowCount","Pending","",""
"tests/modTestWorkbookInterface.bas","1604","safeOverall = ""OK"" Or safeOverall = ""FAIL""","Pending","",""
"tests/modTestWorkbookInterface.bas","1606","safeCrack = ""OK"" Or safeCrack = ""FAIL""","Pending","",""
"tests/modTestWorkbookInterface.bas","1609","overOverall = ""FAIL"" Or overOverall = ""NumFail""","Pending","",""
"tests/modTestWorkbookInterface.bas","1611","overCrack <> ""NumFail"" And overCrack <> ""InputErr""","Pending","",""
"tests/modTestWorkbookInterface.bas","1685","If safetyValue > 0# And (bestSafety = 0# Or safetyValue < bestSafety) Then","Pending","",""
"tests/modTestWorkbookInterface.bas","1766","For colIndex = 1 To UBound(data, 2)","Pending","",""
"tests/modTestWorkbookInterface.bas","1790","If loadCaseColumn = 0 Or stateTypeColumn = 0 Then Exit Function","Pending","",""
"tests/modTestWorkbookInterface.bas","1793","For rowIndex = 2 To UBound(data, 1)","Pending","",""
"tests/modTestWorkbookInterface.bas","1794","If StrComp(CStr(data(rowIndex, loadCaseColumn)), loadCase, vbTextCompare) = 0 And _","Pending","",""
"tests/modTestWorkbookInterface.bas","1812","If loadCaseColumn = 0 Or stateTypeColumn = 0 Or stressColumn = 0 Then Exit Function","Pending","",""
"tests/modTestWorkbookInterface.bas","1816","For rowIndex = 2 To UBound(data, 1)","Pending","",""
"tests/modTestWorkbookInterface.bas","1817","If StrComp(CStr(data(rowIndex, loadCaseColumn)), loadCase, vbTextCompare) = 0 And _","Pending","",""
"tests/modTestWorkbookInterface.bas","1835","If stateCol = 0 Or modeCol = 0 Then Exit Function","Pending","",""
"tests/modTestWorkbookInterface.bas","1838","For rowIndex = 2 To UBound(materialDiagrams, 1)","Pending","",""
"tests/modTestWorkbookInterface.bas","1839","If StrComp(CStr(materialDiagrams(rowIndex, stateCol)), stateTypeText, vbTextCompare) = 0 And _","Pending","",""
"tests/modTestWorkbookInterface.bas","1863","If diagramCol = 0 Or pointCol = 0 Then Exit Function","Pending","",""
"tests/modTestWorkbookInterface.bas","1866","For rowIndex = 2 To UBound(materialDiagrams, 1)","Pending","",""
"tests/modTestWorkbookInterface.bas","1888","If parameterCol = 0 Or valueCol = 0 Then Exit Function","Pending","",""
"tests/modTestWorkbookInterface.bas","1890","For rowIndex = 2 To UBound(props, 1)","Pending","",""
"tests/modTestWorkbookInterface.bas","1893","If Right$(parameterName, Len(""ConcreteDiagramId"")) = ""ConcreteDiagramId"" Or _","Pending","",""
"tests/modTestWorkbookInterface.bas","2017","AutoCADCombinationValidationIsDynamic = (CStr(listRange.Cells.Item(1, 1).Value2) = ""Worst"" And _","Pending","",""
"tests/modTestWorkbookInterface.bas","2018","CStr(listRange.Cells.Item(2, 1).Value2) = ""LC1"" And listRange.Cells.Item(2, 1).HasFormula)","Pending","",""
"tests/modTestWorkbookInterface.bas","2044","LoadCaseValidationIsDynamicForSetting = (CStr(listRange.Cells.Item(1, 1).Value2) = ""Worst"" And _","Pending","",""
"tests/modTestWorkbookInterface.bas","2045","CStr(listRange.Cells.Item(2, 1).Value2) = ""LC1"" And listRange.Cells.Item(2, 1).HasFormula)","Pending","",""
"tests/modTestWorkbookInterface.bas","2059","For rowIndex = 2 To UBound(data, 1)","Pending","",""
"tests/modTestWorkbookInterface.bas","2060","If StrComp(CStr(data(rowIndex, colLC)), loadCase, vbTextCompare) = 0 And _","Pending","",""
"tests/modTestWorkbookInterface.bas","2080","For rowIndex = 2 To UBound(data, 1)","Pending","",""
"tests/modTestWorkbookInterface.bas","2081","If StrComp(CStr(data(rowIndex, colLC)), loadCase, vbTextCompare) = 0 And _","Pending","",""
"tests/modTestWorkbookInterface.bas","2124","If colID = 0 Or colValue = 0 Then Err.Raise vbObjectError + 4850, ""GeometryResultValue"", _","Pending","",""
"tests/modTestWorkbookInterface.bas","2128","For rowIndex = 2 To UBound(data, 1)","Pending","",""
"tests/modTestWorkbookInterface.bas","2142","For colIndex = 1 To UBound(data, 2)","Pending","",""
"tests/modTestWorkbookInterface.bas","2190","r1Plus > 0# And r1Minus > 0# And r2Plus > 0# And r2Minus > 0#","Pending","",""
"tests/modTestWorkbookInterface.bas","2200","xPlus > 0# And xMinus > 0# And yPlus > 0# And yMinus > 0#","Pending","",""
"tests/modTestWorkbookInterface.bas","2202","Len(ResultsPropertyValue(""ALL"", ""Concrete.CoreDistanceXPlus"")) > 0 And _","Pending","",""
"tests/modTestWorkbookInterface.bas","2363","If pointX >= leftValue And pointX <= rightValue And _","Pending","",""
"tests/modTestWorkbookInterface.bas","2364","pointY >= topValue And pointY <= bottomValue Then","Pending","",""
"tests/modTestWorkbookInterface.bas","2380","If Left$(sheet.Shapes.Item(shapeIndex).Name, Len(""NDMPlot_"")) = ""NDMPlot_"" And _","Pending","",""
"tests/modTestWorkbookInterface.bas","2500","For rowIndex = 2 To UBound(annotationData, 1)","Pending","",""
"tests/modTestWorkbookInterface.bas","2518","For rowIndex = 2 To UBound(annotationData, 1)","Pending","",""
"tests/modTestWorkbookInterface.bas","2538","For rowIndex = 2 To UBound(annotationData, 1)","Pending","",""
"tests/modTestWorkbookInterface.bas","2574","For rangeIndex = LBound(ranges) To UBound(ranges)","Pending","",""
"tests/modTestWorkbookInterface.bas","3044","For rangeIndex = LBound(ranges) To UBound(ranges)","Pending","",""
"tests/modTestWorkbookInterface.bas","3066","WorkbookNameExists = (Err.Number = 0 And Not nm Is Nothing)","Pending","",""
"tests/modTestWorkbookInterface.bas","3145","InStr(1, formulaText, ""rngUnitSettings"", vbTextCompare) > 0 And _","Pending","",""
"tests/modTestWorkbookInterface.bas","3210","InStr(1, formulaText, ""rngUnitSettings"", vbTextCompare) > 0 And _","Pending","",""
"tests/modTestWorkbookInterface.bas","3211","InStr(1, formulaText, """""""" & quantity1 & """""""", vbTextCompare) > 0 And _","Pending","",""
"tests/modTestWorkbookInterface.bas","3239","If candidate.Worksheet.Name = anchor.Worksheet.Name And candidate.Row = anchor.Row Then","Pending","",""
"tests/modTestWorkbookInterface.bas","3243","If bestDelta = 0 Or delta < bestDelta Then bestDelta = delta","Pending","",""
"tests/modTestWorkbookInterface.bas","3257","For rangeIndex = LBound(ranges) To UBound(ranges)","Pending","",""
"tests/modTestWorkbookInterface.bas","3278","If listRange.Cells.Count <> (UBound(expectedOptions) - LBound(expectedOptions) + 1) Then Exit Function","Pending","",""
"tests/modTestWorkbookInterface.bas","3279","For i = LBound(expectedOptions) To UBound(expectedOptions)","Pending","",""
"tests/modTestWorkbookInterface.bas","3280","If CStr(listRange.Cells.Item(i - LBound(expectedOptions) + 1, 1).Value2) <> CStr(expectedOptions(i)) Then Exit Function","Pending","",""
"tests/modTestWorkbookInterface.bas","3305","If listRange.Cells.Count <> (UBound(expectedOptions) - LBound(expectedOptions) + 1) Then Exit Function","Pending","",""
"tests/modTestWorkbookInterface.bas","3306","For i = LBound(expectedOptions) To UBound(expectedOptions)","Pending","",""
"tests/modTestWorkbookInterface.bas","3307","If CStr(listRange.Cells.Item(i - LBound(expectedOptions) + 1, 1).Value2) <> CStr(expectedOptions(i)) Then Exit Function","Pending","",""
"tests/modTestWorkbookInterface.bas","3347","If StrComp(CStr(settings.Cells.Item(rowIndex, 1).Value2), ""Грань"", vbTextCompare) = 0 And _","Pending","",""
"tests/modTestWorkbookInterface.bas","3440","If listRange.Cells.Count <> (UBound(expectedOptions) - LBound(expectedOptions) + 1) Then Exit Function","Pending","",""
"tests/modTestWorkbookInterface.bas","3441","For i = LBound(expectedOptions) To UBound(expectedOptions)","Pending","",""
"tests/modTestWorkbookInterface.bas","3442","If CStr(listRange.Cells.Item(i - LBound(expectedOptions) + 1, 1).Value2) <> CStr(expectedOptions(i)) Then Exit Function","Pending","",""
"tests/modTestWorkbookInterface.bas","3752","For i = LBound(faces) To UBound(faces)","Pending","",""
"tests/modTestWorkbookInterface.bas","3839","If textUnitsRow = 0 Or targetRow = 0 Then Exit Function","Pending","",""
"tests/modTestWorkbookInterface.bas","4108","For i = 0 To UBound(materialKeys)","Pending","",""
"tests/modTestWorkbookInterface.bas","4122","For i = 0 To UBound(tables)","Pending","",""
"tests/modTestWorkbookInterface.bas","4147","For i = 1 To UBound(materialKeys)","Pending","",""
"tests/modTestWorkbookInterface.bas","4167","For i = 0 To UBound(tables)","Pending","",""
"tests/modTestWorkbookInterface.bas","4178","For i = 0 To UBound(materialKeys)","Pending","",""
"tests/modTestWorkbookInterface.bas","4209","If UBound(beforeTable, 1) <> UBound(afterTable, 1) Then Exit Function","Pending","",""
"tests/modTestWorkbookInterface.bas","4210","If UBound(beforeTable, 2) <> UBound(afterTable, 2) Then Exit Function","Pending","",""
"tests/modTestWorkbookInterface.bas","4213","For r = 1 To UBound(beforeTable, 1)","Pending","",""
"tests/modTestWorkbookInterface.bas","4214","For c = 1 To UBound(beforeTable, 2)","Pending","",""
"tests/modTestWorkbookInterface.bas","4384","sheet.Range(""K2"").Value2 = ""Units.Force.Input"": sheet.Range(""L2"").Value2 = IIf(mode = 0, ""N"", ""kN"")","Pending","",""
"tests/modTestWorkbookInterface.bas","4385","sheet.Range(""K3"").Value2 = ""Units.Moment.Input"": sheet.Range(""L3"").Value2 = IIf(mode = 0, ""N*mm"", ""kN*m"")","Pending","",""
"tests/modTestWorkbookInterface.bas","4443","settings.GetBoolean(""Audit03.Test"") = (value = ""Yes"" Or value = ""True"" Or value = ""1"" Or value = ""Да"")","Pending","",""
"tests/modTestWorkbookInterface.bas","4578","For row = 1 To UBound(data, 1)","Pending","",""
"tests/modTestWorkbookInterface.bas","4579","For column = 3 To UBound(data, 2)","Pending","",""
"tests/modTestWorkbookInterface.bas","4588","For row = 1 To UBound(data, 1)","Pending","",""
"tests/modTestWorkbookInterface.bas","4599","Audit03ProfileFlag(profile, CStr(key)) = (value = ""Yes"" Or value = ""True"" Or value = ""1"" Or value = ""Да"")","Pending","",""
"tests/modTestWorkbookInterface.bas","4610","InStr(1, description, CStr(key), vbBinaryCompare) > 0 And InStr(1, description, ""PR1"", vbBinaryCompare) > 0","Pending","",""
