"File","SourceLine","Expression","CallPathReview","TestId","Evidence"
"src/Batch/CBatchSectionCalculator.cls","357","If Err.Number = 6 And Len(conversionKey) > 0 Then","Pending","",""
"src/Batch/CBatchSectionCalculator.cls","545","CombinationCapacity = UBound(mInputs)","Pending","",""
"src/Batch/CBatchSectionCalculator.cls","581","StabilityLoadCapacity = UBound(mStabilityLoadCombinationID)","Pending","",""
"src/Batch/CBatchSectionCalculator.cls","643","If index < 1 Or index > mCount Then Exit Sub","Pending","",""
"src/Batch/CBatchSectionCalculator.cls","876","If stability.InputValid And stability.Applicable And stability.CheckPassed Then _","Pending","",""
"src/Batch/CBatchSectionCalculator.cls","1069","ReportValue ""Путь нагрузки для несущей"", IIf(loadPath.HasPath, loadPath.DisplayName, mInputs(index).LoadPath)","Pending","",""
"src/Batch/CBatchSectionCalculator.cls","1115","effectiveDiagramExtension = (useDiagramExtension And mResults(index).DiagramExtensionEnabled)","Pending","",""
"src/Batch/CBatchSectionCalculator.cls","1144","ReportValue ""НДС "" & SectionStateTypeToText(stateType) & "" сошлось"", IIf(stateResult.Converged, ""да"", ""нет"")","Pending","",""
"src/Batch/CBatchSectionCalculator.cls","1162","If stateResult.ExtensionUsed Or Not stateResult.WithinPhysicalRange Then","Pending","",""
"src/Batch/CBatchSectionCalculator.cls","1170","ReportValue ""Использовано продолжение диаграммы"", IIf(stateResult.ExtensionUsed, ""да"", ""нет"")","Pending","",""
"src/Batch/CBatchSectionCalculator.cls","1269","ReportValue ""Трещина образована"", IIf(mResults(index).CrackResult.Formation.CrackFormed, ""да"", ""нет"")","Pending","",""
"src/Batch/CBatchSectionCalculator.cls","1312","If stateResult.ExtensionUsed Or Not stateResult.WithinPhysicalRange Then Exit Function","Pending","",""
"src/Batch/CBatchSectionCalculator.cls","1326","If stateResult.ExtensionUsed Or Not stateResult.WithinPhysicalRange Then _","Pending","",""
"src/Batch/CBatchSectionCalculator.cls","1715","IsBetterCrackGoverningCandidate = (currentSafety <= 0# Or candidateSafety < currentSafety)","Pending","",""
"src/Batch/CBatchSectionCalculator.cls","1761","IsBetterWorstCandidate = (currentSafety <= 0# Or candidateSafety < currentSafety)","Pending","",""
"src/Batch/CBatchSectionCalculator.cls","1868","If index < 1 Or index > mCount Then Err.Raise vbObjectError + 3943, _","Pending","",""
"src/Batch/CBatchSectionCalculator.cls","2169","If index < 1 Or index > mCount Then Err.Raise vbObjectError + 4270, _","Pending","",""
"src/Batch/CCalculationProfile.cls","125","IsConfigured = (Len(mDisplayName) > 0 And (mStrengthDirectState Or mStrengthCapacity Or mCrackWidth Or mStabilityEnabled))","Pending","",""
"src/Batch/CCalculationProfile.cls","141","If (mStrengthDirectState Or mStrengthCapacity) And Not mStrengthSpec.IsComplete Then","Pending","",""
"src/Batch/CCalculationProfile.cls","145","If mStabilityEnabled And Not mHasStabilityValueSet Then","Pending","",""
"src/Batch/CCalculationProfile.cls","149","If mCrackWidth And Not mCrackedStateSpec.IsComplete Then","Pending","",""
"src/Batch/CCalculationProfile.cls","153","If mCrackWidth And mCrackedStateSpec.ConcreteTension <> ctkIgnore Then","Pending","",""
"src/Batch/CCalculationProfile.cls","157","If mCrackWidth And Not mCrackInitiationSpec.IsComplete Then","Pending","",""
"src/Batch/CCalculationProfile.cls","161","If mCrackWidth And mCrackInitiationSpec.IsComplete And mCrackInitiationSpec.ConcreteTension <> ctkUseDiagram Then","Pending","",""
"src/Batch/CCalculationProfile.cls","288","If numericValue < 0# Or numericValue > 10# Then _","Pending","",""
"src/Batch/CCalculationProfileCatalog.cls","44","If UBound(data, 1) < 2 Or UBound(data, 2) < 3 Then Err.Raise vbObjectError + 3987, ""CCalculationProfileCatalog"", _","Pending","",""
"src/Batch/CCalculationProfileCatalog.cls","88","For rowIndex = 1 To UBound(data, 1)","Pending","",""
"src/Batch/CCalculationProfileCatalog.cls","161","If Len(valueSetText) = 0 And Len(concreteDiagramText) = 0 And _","Pending","",""
"src/Batch/CCalculationProfileCatalog.cls","162","Len(concreteTensionText) = 0 And Len(steelDiagramText) = 0 Then","Pending","",""
"src/Batch/CCalculationProfileCatalog.cls","223","For rowIndex = 1 To UBound(data, 1)","Pending","",""
"src/Batch/CCalculationProfileCatalog.cls","224","For colIndex = 3 To UBound(data, 2)","Pending","",""
"src/Batch/CCalculationProfileCatalog.cls","237","For colIndex = 3 To UBound(data, 2)","Pending","",""
"src/Batch/CCalculationProfileCatalog.cls","253","IsProfileIdText = (Len(value) >= 3 And Left$(value, 2) = ""PR"" And IsNumeric(Mid$(value, 3)))","Pending","",""
"src/Batch/CCalculationProfileCatalog.cls","318","If index < 1 Or index > mCount Then Err.Raise vbObjectError + 3985, ""CCalculationProfileCatalog"", ""Индекс профиля вне диапазона.""","Pending","",""
"src/Batch/CCalculationProfileCatalog.cls","325","If index < 1 Or index > mCount Then Err.Raise vbObjectError + 3986, ""CCalculationProfileCatalog"", ""Индекс профиля вне диапазона.""","Pending","",""
"src/Batch/CCombinationResult.cls","98","If mWorkflowMeta.InternalStatus = rsInvalidInput Or mWorkflowMeta.InternalStatus = rsInvalidConfiguration Then","Pending","",""
"src/Batch/CCombinationResult.cls","99","If OverallMeta.InternalStatus = mWorkflowMeta.InternalStatus And OverallMeta.ResultCode = mWorkflowMeta.ResultCode Then","Pending","",""
"src/Batch/CCombinationResult.cls","169","If firstValue > 0# And secondValue > 0# Then","Pending","",""
"src/Batch/CSectionStateResult.cls","86","mWithinPhysicalRange = (withinPhysicalRange And solver.Converged)","Pending","",""
"src/Batch/CSectionStateResult.cls","373","ElseIf extensionUsed Or Not withinPhysicalRange Then","Pending","",""
"src/Batch/CStateProvider.cls","81","If mSection Is Nothing Or mMaterialProvider Is Nothing Then","Pending","",""
"src/Batch/CStateRepository.cls","55","If section Is Nothing Or materials Is Nothing Then _","Pending","",""
"src/Batch/CStateRepository.cls","60","changed = (Not section Is mContextSection) Or (Not materials Is mContextMaterials)","Pending","",""
"src/Batch/CStateRepository.cls","61","changed = changed Or (mSectionRevision <> section.Revision) Or _","Pending","",""
"src/Batch/CStateRepository.cls","62","(mMaterialRevision <> materials.Revision) Or (mAcceptanceKey <> acceptanceKey)","Pending","",""
"src/Batch/CStateRepository.cls","121","If cached.TargetN <> request.TargetN Or cached.TargetMx <> request.TargetMx Or _","Pending","",""
"src/Batch/CStateRepository.cls","133","If index < 1 Or index > mStates.Count Then Err.Raise vbObjectError + 3985, ""CStateRepository"", ""Индекс именованного состояния вне диапазона.""","Pending","",""
"src/Batch/CStrengthResult.cls","104","If direct.InternalStatus = rsInvalidInput And capacity.InternalStatus = rsInvalidInput And _","Pending","",""
"src/Common/CLoadPathDescriptor.cls","83","If mKey = KEY_AUTO Then mHasPath = (loadState.N <> 0# Or normalizedUserMx <> 0# Or normalizedUserMy <> 0#)","Pending","",""
"src/Common/CLoadPathDescriptor.cls","139","mHasScaledLoad = (nValue <> 0# Or HasMomentVector(userMxValue, userMyValue))","Pending","",""
"src/Common/CLoadPathDescriptor.cls","141","mHasScaledLoad = (nValue <> 0# Or userMxValue <> 0# Or userMyValue <> 0#)","Pending","",""
"src/Common/CLoadPathDescriptor.cls","144","mForceOnly = (mKey = KEY_N Or mKey = KEY_NMXY) And Not HasMomentVector(userMxValue, userMyValue)","Pending","",""
"src/Common/CLoadPathDescriptor.cls","176","HasMomentVector = (mxValue <> 0# Or myValue <> 0#)","Pending","",""
"src/Common/CLoadPathMath.cls","89","If mxScore >= nScore And mxScore >= myScore And Abs(loadPath.MxBase) > mBaseTolerance Then","Pending","",""
"src/Common/CLoadPathMath.cls","91","ElseIf myScore >= nScore And myScore >= mxScore And Abs(loadPath.MyBase) > mBaseTolerance Then","Pending","",""
"src/Common/CLoadPathMath.cls","130","If residualCount < 2 And Abs(loadPath.NBase) > mBaseTolerance And anchor <> 1 Then _","Pending","",""
"src/Common/CLoadPathMath.cls","133","If residualCount < 2 And Abs(loadPath.MxBase) > mBaseTolerance And anchor <> 2 Then _","Pending","",""
"src/Common/CLoadPathMath.cls","136","If residualCount < 2 And Abs(loadPath.MyBase) > mBaseTolerance And anchor <> 3 Then _","Pending","",""
"src/Common/CMomentZeroFilter.cls","41","If mMomentPerDepth <= 0# Or concreteDepth <= 0# Then Exit Function","Pending","",""
"src/Common/CResultStatusPolicy.cls","63","If (meta.ResultKind = rkCapacity Or meta.ResultKind = rkCrackFormation) And _","Pending","",""
"src/Common/CResultStatusPolicy.cls","64","meta.InternalStatus = rsCheckFailed And _","Pending","",""
"src/Common/CResultStatusPolicy.cls","65","(meta.ResultCode = rcInitialStateBeyondLimit Or meta.ResultCode = rcCriterionNotReached) Then","Pending","",""
"src/Common/CResultStatusPolicy.cls","138","For i = LBound(metas) To UBound(metas)","Pending","",""
"src/Common/CResultStatusPolicy.cls","146","ElseIf candidate.InternalStatus = rsSuccessWithWarning And selected.InternalStatus = rsSuccess Then","Pending","",""
"src/Common/CResultStatusPolicy.cls","182","IsFinished = (statusText = STATUS_OK Or statusText = STATUS_FAIL Or statusText = STATUS_BASEFAIL)","Pending","",""
"src/Common/CResultStatusPolicy.cls","188","IsFailedOverall = (statusText = STATUS_FAIL Or statusText = STATUS_BASEFAIL Or _","Pending","",""
"src/Common/CResultStatusPolicy.cls","189","statusText = STATUS_NUMFAIL Or statusText = STATUS_INPUTERR Or statusText = STATUS_CALCERR)","Pending","",""
"src/Common/modCalculationPurpose.bas","300","IsPhysicalPurpose = (purpose = cpStrength Or purpose = cpMcrc Or purpose = cpCrackedNDS)","Pending","",""
"src/Common/modCalculationPurpose.bas","305","IsStateBasePurpose = (purpose = cpStrength Or purpose = cpCrackedNDS)","Pending","",""
"src/Common/modGeometryTypes.bas","81","If IsError(value) Or IsNull(value) Or IsEmpty(value) Then GoTo InvalidValue","Pending","",""
"src/Common/modGeometryTypes.bas","109","If baseCount <= 0 Or baseDiameter <= 0# Then Exit Function","Pending","",""
"src/Crack/CCrackFormationCalculator.cls","224","vbNullString, True, (mSearchExecuted Or mSolverCallCount > 0 Or mFormationInternalStatus = rsSuccess Or _","Pending","",""
"src/Crack/CCrackFormationCalculator.cls","234","If Not mFormationLoadDefined Or mFormationPathFallbackPsi1 Then Exit Property","Pending","",""
"src/Crack/CCrackFormationCalculator.cls","236","HasLimitPoint = mPreCrackState.Converged And mPreCrackState.WithinPhysicalRange And _","Pending","",""
"src/Crack/CCrackFormationCalculator.cls","239","HasLimitPoint = (mFormationInternalStatus = rsSuccess Or mFormationInternalStatus = rsSuccessWithWarning)","Pending","",""
"src/Crack/CCrackFormationCalculator.cls","274","If mRequestedLoadPath = CRACK_PATH_AUTO And loadStateForClassification.N = 0# And _","Pending","",""
"src/Crack/CCrackFormationCalculator.cls","275","loadStateForClassification.LoadPointMx = 0# And loadStateForClassification.LoadPointMy = 0# Then","Pending","",""
"src/Crack/CCrackFormationCalculator.cls","286","If IsCentralTensionState(loadStateForClassification, centralReferenceX, centralReferenceY) And _","Pending","",""
"src/Crack/CCrackFormationCalculator.cls","287","UBound(paths) = LBound(paths) And _","Pending","",""
"src/Crack/CCrackFormationCalculator.cls","288","(CStr(paths(LBound(paths))) = CRACK_PATH_N Or CStr(paths(LBound(paths))) = CRACK_PATH_NMXY) Then","Pending","",""
"src/Crack/CCrackFormationCalculator.cls","289","mCrackFormationPath = CStr(paths(LBound(paths)))","Pending","",""
"src/Crack/CCrackFormationCalculator.cls","355","If mNcrc <= 0# Or targetN <= 0# Then","Pending","",""
"src/Crack/CCrackFormationCalculator.cls","461","If mFormationPathFallbackPsi1 Or mFormationLoadDefined Then","Pending","",""
"src/Crack/CCrackFormationCalculator.cls","611","LimitSearchCrackFormationHasScaledLoad = (path.NBase <> 0# Or path.MxBase <> 0# Or path.MyBase <> 0#)","Pending","",""
"src/Crack/CCrackFormationCalculator.cls","658","IsZeroLoadProbe = (Abs(nValue) <= NEAR_ZERO_FORCE And _","Pending","",""
"src/Crack/CCrackFormationCalculator.cls","659","Abs(mxValue) <= MaxDouble(mSolverToleranceMx, CRACK_DIRECTION_TOLERANCE) And _","Pending","",""
"src/Crack/CCrackFormationCalculator.cls","686","If Abs(residual) > CRACK_STRAIN_RATIO_TOLERANCE Or _","Pending","",""
"src/Crack/CCrackFormationCalculator.cls","816","LimitSearchUltimateResidualReached = (Abs(rPath1) <= CRACK_EQUILIBRIUM_TOLERANCE And _","Pending","",""
"src/Crack/CCrackFormationCalculator.cls","817","Abs(rPath2) <= CRACK_EQUILIBRIUM_TOLERANCE And _","Pending","",""
"src/Crack/CCrackFormationCalculator.cls","1032","FormationSearchStoppedTerminally = (mConverged And Not mCrackFormed) Or _","Pending","",""
"src/Crack/CCrackFormationCalculator.cls","1033","mFormationPathFallbackPsi1 Or _","Pending","",""
"src/Crack/CCrackFormationCalculator.cls","1034","(mFormationInternalStatus = rsCheckFailed) Or _","Pending","",""
"src/Crack/CCrackFormationCalculator.cls","1035","(mFormationInternalStatus = rsInvalidInput) Or _","Pending","",""
"src/Crack/CCrackFormationCalculator.cls","1036","(mFormationInternalStatus = rsInvalidConfiguration) Or _","Pending","",""
"src/Crack/CCrackFormationCalculator.cls","1109","ElseIf loadPath.NBase = 0# And loadPath.MxBase = 0# And loadPath.MyBase = 0# Then","Pending","",""
"src/Crack/CCrackFormationCalculator.cls","1311","If Not state.Converged Or Not state.WithinPhysicalRange Then","Pending","",""
"src/Crack/CCrackFormationCalculator.cls","1384","pathKey = CStr(paths(LBound(paths)))","Pending","",""
"src/Crack/CCrackFormationCalculator.cls","1533","If Abs(startSolver.Epsilon0) <= NEAR_ZERO_STRAIN And _","Pending","",""
"src/Crack/CCrackFormationCalculator.cls","1534","Abs(startSolver.KappaX) <= NEAR_ZERO_STRAIN And _","Pending","",""
"src/Crack/CCrackFormationCalculator.cls","1625","If area > 0# And mConcreteEb > 0# Then eps0 = targetN / (area * mConcreteEb)","Pending","",""
"src/Crack/CCrackFormationCalculator.cls","1634","If Abs(kx) <= NEAR_ZERO_STRAIN And Abs(ky) <= NEAR_ZERO_STRAIN And maxAbsY > 0# Then kx = epsBt2Guess / maxAbsY","Pending","",""
"src/Crack/CCrackFormationCalculator.cls","1674","If mFormationInternalStatus = rsCheckFailed Or mFormationInternalStatus = rsInvalidInput Or _","Pending","",""
"src/Crack/CCrackFormationCalculator.cls","1675","mFormationInternalStatus = rsInvalidConfiguration Or mFormationInternalStatus = rsInternalError Then Exit Sub","Pending","",""
"src/Crack/CCrackFormationCalculator.cls","1676","If mFormationInternalStatus = rsNumericalFailure And mFormationResultCode = rcSingularTangent Then","Pending","",""
"src/Crack/CCrackFormationCalculator.cls","1732","If mRequestedLoadPath <> CRACK_PATH_AUTO And Len(mRequestedLoadPath) > 0 Then","Pending","",""
"src/Crack/CCrackFormationCalculator.cls","1773","If mCrackFormationPath <> CRACK_PATH_N And mCrackFormationPath <> CRACK_PATH_NMXY Then Exit Function","Pending","",""
"src/Crack/CCrackFormationCalculator.cls","1779","Abs(mActiveSearchLoadPath.MxBase - targetN * mSearchReferenceY) <= MaxDouble(mSolverToleranceMx, 1#) And _","Pending","",""
"src/Crack/CCrackFormationCalculator.cls","1909","If mConcreteEb <= 0# Or mSteelEs <= 0# Then Exit Function","Pending","",""
"src/Crack/CCrackFormationResult.cls","136","If mMeta.InternalStatus <> rsSuccess And mMeta.InternalStatus <> rsSuccessWithWarning Then Exit Property","Pending","",""
"src/Crack/CCrackFormationResult.cls","216","Converged = (mMeta.InternalStatus = rsSuccess Or mMeta.InternalStatus = rsSuccessWithWarning)","Pending","",""
"src/Crack/CCrackResult.cls","118","If mPolicy.IsFailedOverall(mPolicy.ExternalStatus(mCurrentStateMeta)) Or _","Pending","",""
"src/Crack/CCrackResult.cls","151","HasCommonInputFailure = (mCurrentStateMeta.InternalStatus = rsBlockedByDependency And _","Pending","",""
"src/Crack/CCrackResult.cls","152","mWidth.ResultMeta.InternalStatus = rsBlockedByDependency And _","Pending","",""
"src/Crack/CCrackResult.cls","153","mLongitudinal.ResultMeta.InternalStatus = rsBlockedByDependency And _","Pending","",""
"src/Crack/CCrackResult.cls","168","If Len(sharedReason) > 0 And Len(ownText) > Len(sharedReason) Then","Pending","",""
"src/Crack/CCrackWidthCalculator.cls","161","If formation.ResultMeta.InternalStatus <> rsSuccess And _","Pending","",""
"src/Crack/CCrackWidthCalculator.cls","168","ElseIf Not postState.Converged Or Not postState.WithinPhysicalRange Then","Pending","",""
"src/Crack/CCrackWidthCalculator.cls","173","mCrackFormed = formation.CrackFormed Or mFallbackPsi1","Pending","",""
"src/Crack/CCrackWidthCalculator.cls","186","If Not mConverged Or Not mCrackFormed Then Exit Sub","Pending","",""
"src/Crack/CCrackWidthCalculator.cls","192","If Not currentSolver.Converged Or Not currentSolver.WithinPhysicalRange Then","Pending","",""
"src/Crack/CCrackWidthCalculator.cls","281","If mStopReason <> vbNullString And Not mCrackFormed Then Exit Sub","Pending","",""
"src/Crack/CCrackWidthCalculator.cls","364","If mStopReason <> vbNullString And Not mCrackFormed Then Exit Sub","Pending","",""
"src/Crack/CCrackWidthCalculator.cls","385","If mAs <= 0# Or mAbt <= 0# Or mDsEquivalent <= 0# Or mSigmaS <= 0# Then","Pending","",""
"src/Crack/CCrackWidthCalculator.cls","440","If Not mConverged Or Not mCrackFormed Then Exit Function","Pending","",""
"src/Crack/CCrackWidthCalculator.cls","442","If mAllowableCrackWidth > 0# And mCrackWidth <= mAllowableCrackWidth Then","Pending","",""
"src/Crack/CCrackWidthCalculator.cls","532","If mSigmaS <= 0# Or mLs <= 0# Then","Pending","",""
"src/Crack/CCrackWidthCalculator.cls","543","If mAllowableCrackWidth > 0# And mCrackWidth > mAllowableCrackWidth Then","Pending","",""
"src/Crack/CCrackWidthCalculator.cls","548","If mFallbackPsi1 Or Len(mSpacingLimitWarning) > 0 Then","Pending","",""
"src/Crack/CCrackWidthCalculator.cls","674","If Not FindMostTensionRebarProjection Or s > sBarMax Then sBarMax = s","Pending","",""
"src/Crack/CCrackWidthCalculator.cls","751","If Not requireTensionStrain Or ConcreteStrain(solver, section, i) > 0# Then","Pending","",""
"src/Crack/CCrackWidthCalculator.cls","810","If (Not includeCompressedStress) And stress < 0# Then stress = 0#","Pending","",""
"src/Crack/CLongitudinalCrackCalculator.cls","36","If currentState.ExtensionUsed Or Not currentState.WithinPhysicalRange Then","Pending","",""
"src/Excel/CAutoCADSectionModelImporter.cls","92","If Len(Trim$(concreteLayer)) = 0 Or Len(Trim$(rebarLayer)) = 0 Then Err.Raise vbObjectError + 4405, ""CAutoCADSectionModelImporter"", _","Pending","",""
"src/Excel/CAutoCADSectionModelImporter.cls","131","xCoord = InputLength(CDbl(centroid(LBound(centroid))), units)","Pending","",""
"src/Excel/CAutoCADSectionModelImporter.cls","132","yCoord = InputLength(CDbl(centroid(LBound(centroid) + 1)), units)","Pending","",""
"src/Excel/CAutoCADSectionModelImporter.cls","160","AddRebarRegion model, area, InputLength(CDbl(centroid(LBound(centroid))), units), _","Pending","",""
"src/Excel/CAutoCADSectionModelImporter.cls","161","InputLength(CDbl(centroid(LBound(centroid) + 1)), units), steelClass, entity.Layer, EntityHandle(entity)","Pending","",""
"src/Excel/CAutoCADSectionModelImporter.cls","171","For rowIndex = LBound(regions, 1) To UBound(regions, 1)","Pending","",""
"src/Excel/CAutoCADSectionModelImporter.cls","191","For rowIndex = LBound(regions, 1) To UBound(regions, 1)","Pending","",""
"src/Excel/CAutoCADSectionModelImporter.cls","265","localIx = InputFourthPowerLength(CDbl(moments(LBound(moments))), units) - area * yCoord * yCoord","Pending","",""
"src/Excel/CAutoCADSectionModelImporter.cls","266","localIy = InputFourthPowerLength(CDbl(moments(LBound(moments) + 1)), units) - area * xCoord * xCoord","Pending","",""
"src/Excel/CAutoCADSectionModelImporter.cls","293","rawValue = InputFourthPowerLength(CDbl(product(LBound(product))), units)","Pending","",""
"src/Excel/CAutoCADSectionModelImporter.cls","317","For i = LBound(pieces) To UBound(pieces)","Pending","",""
"src/Excel/CAutoCADSectionModelImporter.cls","349","x1 = InputLength(CDbl(startPoint(LBound(startPoint))), units)","Pending","",""
"src/Excel/CAutoCADSectionModelImporter.cls","350","y1 = InputLength(CDbl(startPoint(LBound(startPoint) + 1)), units)","Pending","",""
"src/Excel/CAutoCADSectionModelImporter.cls","351","x2 = InputLength(CDbl(endPoint(LBound(endPoint))), units)","Pending","",""
"src/Excel/CAutoCADSectionModelImporter.cls","352","y2 = InputLength(CDbl(endPoint(LBound(endPoint) + 1)), units)","Pending","",""
"src/Excel/CAutoCADSectionModelImporter.cls","378","For i = LBound(pieces) To UBound(pieces)","Pending","",""
"src/Excel/CAutoCADSectionModelImporter.cls","399","If area <= GEOM_TOLERANCE Or width <= GEOM_TOLERANCE Or height <= GEOM_TOLERANCE Then Exit Function","Pending","",""
"src/Excel/CAutoCADSectionModelImporter.cls","413","If localIx <= GEOM_TOLERANCE Or localIy <= GEOM_TOLERANCE Then Exit Function","Pending","",""
"src/Excel/CAutoCADSectionModelImporter.cls","456","firstRow = LBound(values, 1)","Pending","",""
"src/Excel/CAutoCADSectionModelImporter.cls","457","HasArrayRows = (UBound(values, 1) >= firstRow)","Pending","",""
"src/Excel/CAutoCADSectionModelImporter.cls","469","If colIndex > UBound(values, 2) Then GoTo MissingValue","Pending","",""
"src/Excel/CAutoCADSectionModelImporter.cls","483","If colIndex > UBound(values, 2) Then GoTo MissingValue","Pending","",""
"src/Excel/CBatchResultWriter.cls","202","If target.Row + requiredRows - 1 > target.Worksheet.Rows.Count Or _","Pending","",""
"src/Excel/CBatchResultWriter.cls","249","target.Resize(UBound(data, 1), TARGET_COLUMNS).Value2 = data","Pending","",""
"src/Excel/CBatchResultWriter.cls","427","If worstIndex <= 0 Or reserveValue < worstReserve Then","Pending","",""
"src/Excel/CBatchResultWriter.cls","448","If rowIndex > UBound(data, 1) Then Exit Sub","Pending","",""
"src/Excel/CBatchResultWriter.cls","568","StabilityBranchApplies = (StrComp(batch.ResultAt(index).StabilityResult.Code, ""SP35"", vbTextCompare) = 0 And _","Pending","",""
"src/Excel/CCrackSummaryWriter.cls","399","If CrackWidthStatusText(batch, index, policy) = policy.NotApplicable And _","Pending","",""
"src/Excel/CCrackSummaryWriter.cls","400","LongitudinalStatusText(batch, index, policy) = policy.NotApplicable And _","Pending","",""
"src/Excel/CCrackSummaryWriter.cls","437","If CrackFormationStatusText(batch, index, policy) = policy.NotApplicable And Not hasFormationData Then","Pending","",""
"src/Excel/CCrackSummaryWriter.cls","454","If (Not batch.ResultAt(index).CrackResult.Width.CentralTensionBranch) And hasFormationData Then","Pending","",""
"src/Excel/CCrackSummaryWriter.cls","456","ElseIf Not batch.ResultAt(index).CrackResult.Width.CentralTensionBranch And batch.ResultAt(index).CrackResult.Formation.Mcrc > SMALL_VALUE Then","Pending","",""
"src/Excel/CCrackSummaryWriter.cls","473","data(rowIndex, COL_FORMATION_STATE) = IIf(batch.ResultAt(index).CrackResult.Formation.CrackFormed, ""Cracked"", ""NotCracked"")","Pending","",""
"src/Excel/CCrackSummaryWriter.cls","495","HasCrackFormationData = batch.ResultAt(index).CrackResult.Formation.Ncrc > SMALL_VALUE Or _","Pending","",""
"src/Excel/CCrackSummaryWriter.cls","496","Abs(batch.ResultAt(index).CrackResult.Formation.FormationNcrc) > SMALL_VALUE Or _","Pending","",""
"src/Excel/CCrackSummaryWriter.cls","806","If lastRow < firstRow Or lastCol < firstCol Then Exit Sub","Pending","",""
"src/Excel/CExecutionReport.cls","359","If InStr(1, title, ""Сценарий прямого StateSolution"", vbTextCompare) > 0 Or _","Pending","",""
"src/Excel/CExecutionReport.cls","360","InStr(1, title, ""Итерации прямого CSectionSolver"", vbTextCompare) > 0 Or _","Pending","",""
"src/Excel/CExecutionReport.cls","381","For i = LBound(lines) To UBound(lines)","Pending","",""
"src/Excel/CExecutionReport.cls","413","For i = LBound(lines) To UBound(lines)","Pending","",""
"src/Excel/CExecutionReport.cls","446","For i = LBound(lines) To UBound(lines)","Pending","",""
"src/Excel/CExecutionReport.cls","465","If translated = ""ultimatePath pureAxial redirected=LoadMultiplier"" Or _","Pending","",""
"src/Excel/CLoadCombinationReader.cls","46","For rowIndex = 2 To UBound(data, 1)","Pending","",""
"src/Excel/CLoadCombinationReader.cls","67","If UBound(data, 2) >= 6 Then pathLocation = CellLocation(source, rowIndex, 6, ""LoadPath"")","Pending","",""
"src/Excel/CLoadCombinationReader.cls","70","If UBound(data, 2) >= 7 Then","Pending","",""
"src/Excel/CLoadCombinationReader.cls","73","ElseIf UBound(data, 2) = 6 Then","Pending","",""
"src/Excel/CLoadCombinationReader.cls","97","If nValue = 0# And mxValue = 0# And myValue = 0# Then Exit Sub","Pending","",""
"src/Excel/CLoadCombinationReader.cls","114","For col = 1 To UBound(data, 2)","Pending","",""
"src/Excel/CNDMResultsWriter.cls","754","If geometricLength <= 0# Or muValue <= 0# Or radiusValue <= 0# Then","Pending","",""
"src/Excel/CNDMResultsWriter.cls","944","target.Resize(UBound(data, 1), SECTION_PROPERTY_COLUMNS).Value2 = data","Pending","",""
"src/Excel/CNDMResultsWriter.cls","945","FormatResultsBlock target, UBound(data, 1), SECTION_PROPERTY_COLUMNS, ""Свойства всего сечения""","Pending","",""
"src/Excel/CNDMResultsWriter.cls","1084","(StrComp(headerBase, ""Comment"", vbTextCompare) = 0 Or _","Pending","",""
"src/Excel/CNDMResultsWriter.cls","1162","If StrComp(materialType, ""Concrete"", vbTextCompare) = 0 And strain > PHYSICAL_TOLERANCE Then","Pending","",""
"src/Excel/CNDMResultsWriter.cls","1391","If section.RebarCount > 0 And Not AnnotationExists(annotations, ""REBAR_AUTO_ALL"") Then","Pending","",""
"src/Excel/CNDMResultsWriter.cls","1513","Do While InStr(1, textValue, ""."", vbTextCompare) > 0 And Right$(textValue, 1) = ""0""","Pending","",""
"src/Excel/CNDMResultsWriter.cls","1652","Do While InStr(1, textValue, ""."", vbTextCompare) > 0 And Right$(textValue, 1) = ""0""","Pending","",""
"src/Excel/CPlotAnnotationLayout.cls","131","If value < 0# Or (value = 0# And Not allowZero) Then","Pending","",""
"src/Excel/CSectionPlotDataReader.cls","252","For rowIndex = 2 To UBound(data, 1)","Pending","",""
"src/Excel/CSectionPlotDataReader.cls","273","For rowIndex = 2 To UBound(data, 1)","Pending","",""
"src/Excel/CSectionPlotDataReader.cls","274","If StrComp(Trim$(SafeText(data(rowIndex, colLoadCase))), loadCase, vbTextCompare) = 0 And _","Pending","",""
"src/Excel/CSectionPlotDataReader.cls","298","For rowIndex = 2 To UBound(data, 1)","Pending","",""
"src/Excel/CSectionPlotDataReader.cls","318","For rowIndex = 2 To UBound(data, 1)","Pending","",""
"src/Excel/CSectionPlotDataReader.cls","320","If Len(FirstLoadCaseFromSectionProperties) > 0 And _","Pending","",""
"src/Excel/CSectionPlotDataReader.cls","368","For rowIndex = 2 To UBound(data, 1)","Pending","",""
"src/Excel/CSectionPlotDataReader.cls","371","If StrComp(loadCase, ""ALL"", vbTextCompare) = 0 Or Len(loadCase) = 0 Then","Pending","",""
"src/Excel/CSectionPlotDataReader.cls","376","If Not mGeometryOnly Or mGeometryReferenceItemsEnabled Then _","Pending","",""
"src/Excel/CSectionPlotDataReader.cls","383","For rowIndex = 2 To UBound(data, 1)","Pending","",""
"src/Excel/CSectionPlotDataReader.cls","387","If StrComp(loadCase, ""ALL"", vbTextCompare) = 0 Or Len(loadCase) = 0 Then","Pending","",""
"src/Excel/CSectionPlotDataReader.cls","391","If Not mGeometryOnly Or mGeometryReferenceItemsEnabled Then _","Pending","",""
"src/Excel/CSectionPlotDataReader.cls","463","If Mid$(key, Len(prefix) + 1) = ""kappax"" Or Mid$(key, Len(prefix) + 1) = ""kappay"" Then _","Pending","",""
"src/Excel/CSectionPlotDataReader.cls","507","For rowIndex = 2 To UBound(results, 1)","Pending","",""
"src/Excel/CSectionPlotDataReader.cls","508","If StrComp(Trim$(SafeText(results(rowIndex, colResLC))), mLoadCase, vbTextCompare) = 0 And _","Pending","",""
"src/Excel/CSectionPlotDataReader.cls","534","For rowIndex = 2 To UBound(geom, 1)","Pending","",""
"src/Excel/CSectionPlotDataReader.cls","537","If Len(elementID) > 0 And resultMap.Exists(elementID) Then","Pending","",""
"src/Excel/CSectionPlotDataReader.cls","575","For rowIndex = 2 To UBound(geom, 1)","Pending","",""
"src/Excel/CSectionPlotDataReader.cls","603","If IsError(value) Or IsNull(value) Then GoTo InvalidNumber","Pending","",""
"src/Excel/CSectionPlotDataReader.cls","604","If VarType(value) = vbBoolean Or VarType(value) = vbDate Then GoTo InvalidNumber","Pending","",""
"src/Excel/CSectionPlotDataReader.cls","687","For rowIndex = 2 To UBound(data, 1)","Pending","",""
"src/Excel/CSectionPlotDataReader.cls","742","If IsNull(value) Or IsEmpty(value) Then GoTo InvalidValue","Pending","",""
"src/Excel/CSectionPlotDataReader.cls","755","If IsError(value) Or IsNull(value) Then Err.Raise vbObjectError + 4718, _","Pending","",""
"src/Excel/CSectionPlotDataReader.cls","897","If IsError(value) Or IsNull(value) Or IsEmpty(value) Then GoTo InvalidValue","Pending","",""
"src/Excel/CSectionPlotDataReader.cls","924","If Len(text) = 0 Or StrComp(text, ReadSnapshotStatus, vbTextCompare) <> 0 Then _","Pending","",""
"src/Excel/CSectionPlotDataReader.cls","932","If IsError(value) Or IsNull(value) Then Err.Raise vbObjectError + 4720, _","Pending","",""
"src/Excel/CSectionPlotDataReader.cls","945","If IsError(value) Or IsNull(value) Then GoTo InvalidValue","Pending","",""
"src/Excel/CSectionPlotDataReader.cls","947","If Len(unitText) = 0 Or unitText = ""-"" Then","Pending","",""
"src/Excel/CSectionPlotDataReader.cls","984","If Len(normalized) > 0 And normalized <> ""-"" Then","Pending","",""
"src/Excel/CSectionPlotDataReader.cls","996","HasRows = (UBound(data, 1) >= 2 And UBound(data, 2) >= 1)","Pending","",""
"src/Excel/CSectionPlotDataReader.cls","1006","For colIndex = 1 To UBound(data, 2)","Pending","",""
"src/Excel/CSectionPlotDataReader.cls","1019","For column = 1 To UBound(data, 2)","Pending","",""
"src/Excel/CSectionPlotDataReader.cls","1021","If StrComp(header, ""GeometryInterpretationStatus"", vbTextCompare) = 0 Or _","Pending","",""
"src/Excel/CSectionPlotDataReader.cls","1156","PhysicalDiagramWarningRequired = (mExtensionUsed Or policy.ToUserStatus(mStateStatus) = policy.Fail)","Pending","",""
"src/Excel/CSectionPlotter.cls","180","If Not data.GeometryOnly Or data.GeometryReferenceItemsEnabled Then","Pending","",""
"src/Excel/CSectionPlotter.cls","300","If plotW <= 0# Or plotH <= 0# Then","Pending","",""
"src/Excel/CSectionPlotter.cls","380","If plotW <= 0# Or plotH <= 0# Then","Pending","",""
"src/Excel/CSectionPlotter.cls","447","If Not found Or Abs(mResultMax - mResultMin) < 0.000000000001 Then","Pending","",""
"src/Excel/CSectionPlotter.cls","488","If Not found Or absValue > maxAbs Then","Pending","",""
"src/Excel/CSectionPlotter.cls","568","If widthValue <= 0# Or heightValue <= 0# Then Exit Sub","Pending","",""
"src/Excel/CSectionPlotter.cls","636","If UBound(parts) < 4 Then _","Pending","",""
"src/Excel/CSectionPlotter.cls","853","If mPlotWidth <= 0# Or mPlotHeight <= 0# Then Exit Sub","Pending","",""
"src/Excel/CSectionPlotter.cls","946","If radius <= 0# Or Abs(sweepAngle) <= 0.000000000001 Then","Pending","",""
"src/Excel/CSectionPlotter.cls","1095","If Not found Or maxX <= minX Or maxY <= minY Then Exit Sub","Pending","",""
"src/Excel/CSectionPlotter.cls","1114","If u < -0.0000001 Or u > 1.0000001 Then Exit Sub","Pending","",""
"src/Excel/CSectionPlotter.cls","1149","If radius <= 0# Or Abs(sweepAngle) <= 0.000000000001 Then Exit Sub","Pending","",""
"src/Excel/CSectionPlotter.cls","1216","If count >= UBound(values) Then ReDim Preserve values(1 To UBound(values) + 16)","Pending","",""
"src/Excel/CSectionPlotter.cls","1264","If u < -0.0000001 Or u > 1.0000001 Then Exit Sub","Pending","",""
"src/Excel/CSectionPlotter.cls","1306","For i = 2 To UBound(starts)","Pending","",""
"src/Excel/CSectionPlotter.cls","1323","For i = LBound(starts) To UBound(starts) - 1","Pending","",""
"src/Excel/CSectionPlotter.cls","1324","For j = i + 1 To UBound(starts)","Pending","",""
"src/Excel/CSectionPlotter.cls","1371","If u < -0.0000001 Or u > 1.0000001 Then Exit Sub","Pending","",""
"src/Excel/CSectionPlotter.cls","1436","If Not dimensionsEnabled And Not rebarLabelsEnabled Then Exit Sub","Pending","",""
"src/Excel/CSectionPlotter.cls","1538","If StrComp(data.MaterialType(i), ""Concrete"", vbTextCompare) = 0 And _","Pending","",""
"src/Excel/CSectionPlotter.cls","1643","If IsCommonLegendMode() Or StrComp(materialType, ""Rebar"", vbTextCompare) = 0 Then","Pending","",""
"src/Excel/CSectionPlotter.cls","1652","If IsCommonLegendMode() Or StrComp(materialType, ""Rebar"", vbTextCompare) = 0 Then","Pending","",""
"src/Excel/CSectionPlotter.cls","1705","If dashStyle = MSO_LINE_DASH Or dashStyle = MSO_LINE_DASH_DOT Then","Pending","",""
"src/Excel/CSectionPlotter.cls","1831","If rightBound <= leftBound Or bottomBound <= topBound Then Exit Function","Pending","",""
"src/Excel/CSectionPlotter.cls","1907","If widthValue <= 0# Or heightValue <= 0# Then Exit Function","Pending","",""
"src/Excel/CSectionPlotter.cls","1933","If widthValue <= 0# Or heightValue <= 0# Then Exit Function","Pending","",""
"src/Excel/CSectionPlotter.cls","1959","If widthValue <= 0# Or heightValue <= 0# Then Exit Function","Pending","",""
"src/Excel/CSectionPlotter.cls","2035","If useNativeVerticalText And Abs(rotation) = 90# Then orientation = MSO_TEXT_ORIENTATION_UPWARD","Pending","",""
"src/Excel/CSectionPlotter.cls","2056","If rotation <> 0# And orientation = MSO_TEXT_ORIENTATION_HORIZONTAL Then","Pending","",""
"src/Excel/CSectionPlotter.cls","2119","If mPlotWidth <= 0# Or mPlotHeight <= 0# Then","Pending","",""
"src/Excel/CSectionPlotter.cls","2126","If mPlotWidth <= 0# Or mPlotHeight <= 0# Then","Pending","",""
"src/Excel/CSectionPlotter.cls","2222","If IsEquivalentAreaFallbackElement(data, index) And Abs(ConcreteElementVisualRotation) <= 0.000000000001 Then","Pending","",""
"src/Excel/CSectionPlotter.cls","2236","If StrComp(data.MaterialType(i), ""Concrete"", vbTextCompare) = 0 And _","Pending","",""
"src/Excel/CSectionPlotter.cls","2237","Not IsEquivalentAreaFallbackElement(data, i) And _","Pending","",""
"src/Excel/CSectionPlotter.cls","2238","data.Width(i) > 0# And data.Height(i) > 0# Then","Pending","",""
"src/Excel/CSectionPlotter.cls","2245","If count > 0 And (Abs(sumCos) > 0.000000000001 Or Abs(sumSin) > 0.000000000001) Then","Pending","",""
"src/Excel/CSectionPlotter.cls","2256","IsEquivalentAreaFallbackElement = (StrComp(statusText, ""EquivalentSquare"", vbTextCompare) = 0) And _","Pending","",""
"src/Excel/CSectionPlotter.cls","2257","(data.Width(index) <= 0# Or data.Height(index) <= 0#)","Pending","",""
"src/Excel/CSectionPlotter.cls","2284","If data.Width(index) > 0# And data.Height(index) > 0# Then","Pending","",""
"src/Excel/CSectionPlotter.cls","2345","Do While InStr(1, textValue, ""."", vbTextCompare) > 0 And Right$(textValue, 1) = ""0""","Pending","",""
"src/Excel/CSectionTypeRegistry.cls","73","If sectionType <> ""Rectangle"" And sectionType <> ""LSection"" And sectionType <> ""RectSet"" Then _","Pending","",""
"src/Excel/CSectionTypeRegistry.cls","246","If Len(rawValue) = 0 Or UCase$(rawValue) = ""TODO"" Then Err.Raise vbObjectError + 4139, ""CSectionTypeRegistry"", _","Pending","",""
"src/Excel/CStabilitySummaryWriter.cls","806","If compression <= SMALL_VALUE Or limitCompression <= SMALL_VALUE Then","Pending","",""
"src/Excel/CStrengthSummaryWriter.cls","410","If Not batch.StrengthDirectStateRequested(index) And Not batch.StrengthCapacityRequested(index) Then Exit Sub","Pending","",""
"src/Excel/CStrengthSummaryWriter.cls","546","If colSbc > 0 And stateResult.HasConcreteCompression Then data(rowIndex, colSbc) = OutputStress(stateResult.MinConcreteStress, units)","Pending","",""
"src/Excel/CStrengthSummaryWriter.cls","547","If colSbt > 0 And stateResult.HasConcreteTension Then data(rowIndex, colSbt) = OutputStress(stateResult.MaxConcreteStress, units)","Pending","",""
"src/Excel/CStrengthSummaryWriter.cls","548","If colSsc > 0 And stateResult.HasSteelCompression Then data(rowIndex, colSsc) = OutputStress(stateResult.MinSteelStress, units)","Pending","",""
"src/Excel/CStrengthSummaryWriter.cls","549","If colSst > 0 And stateResult.HasSteelTension Then data(rowIndex, colSst) = OutputStress(stateResult.MaxSteelStress, units)","Pending","",""
"src/Excel/CStrengthSummaryWriter.cls","664","For i = LBound(cols) To UBound(cols)","Pending","",""
"src/Excel/CStrengthSummaryWriter.cls","718","If lastRow < firstRow Or lastCol < firstCol Then Exit Sub","Pending","",""
"src/Excel/CStrengthSummaryWriter.cls","746","If eps0 + normValue * minS < 0# And eps0 + normValue * maxS < 0# Then","Pending","",""
"src/Excel/CStrengthSummaryWriter.cls","748","ElseIf eps0 + normValue * minS >= 0# And eps0 + normValue * maxS >= 0# Then","Pending","",""
"src/Excel/CSystemSettingsReader.cls","123","If rangeError = 0 And Not settingsRange Is Nothing Then AppendSettingsRange settingsRange","Pending","",""
"src/Excel/CSystemSettingsReader.cls","144","IsInputGeometrySettingsRangeName = (Left$(key, 3) = ""rng"" And Right$(key, 8) = ""geometry"")","Pending","",""
"src/Excel/CSystemSettingsReader.cls","251","If UBound(data, 1) < 2 Or UBound(data, 2) < 3 Then Err.Raise vbObjectError + 4316, ""CSystemSettingsReader"", _","Pending","",""
"src/Excel/CSystemSettingsReader.cls","255","columnCount = UBound(data, 2)","Pending","",""
"src/Excel/CSystemSettingsReader.cls","323","For rowIndex = 2 To UBound(data, 1)","Pending","",""
"src/Excel/CSystemSettingsReader.cls","326","If Len(keyValue) > 0 And Left$(keyValue, 1) <> ""["" Then","Pending","",""
"src/Excel/CSystemSettingsReader.cls","355","If UBound(data, 2) < minimumColumns Then Err.Raise vbObjectError + 4316, ""CSystemSettingsReader"", _","Pending","",""
"src/Excel/CSystemSettingsReader.cls","359","For index = LBound(headers) To UBound(headers)","Pending","",""
"src/Excel/CSystemSettingsReader.cls","390","If UBound(data, 1) < 2 Or UBound(data, 2) < 4 Then Exit Function","Pending","",""
"src/Excel/CSystemSettingsReader.cls","392","StrComp(Trim$(CStr(data(1, 1))), ""Параметр"", vbTextCompare) = 0 And _","Pending","",""
"src/Excel/CSystemSettingsReader.cls","393","StrComp(Trim$(CStr(data(1, 2))), ""Сжатие"", vbTextCompare) = 0 And _","Pending","",""
"src/Excel/CSystemSettingsReader.cls","394","StrComp(Trim$(CStr(data(1, 3))), ""Растяжение"", vbTextCompare) = 0 And _","Pending","",""
"src/Excel/CSystemSettingsReader.cls","401","For rowIndex = 2 To UBound(data, 1)","Pending","",""
"src/Excel/CSystemSettingsReader.cls","411","If UBound(data, 2) >= 5 Then commentValue = ConfigCellText(data(rowIndex, 5), ""комментарий"", rowIndex, rowKey, True, 5)","Pending","",""
"src/Excel/CSystemSettingsReader.cls","443","If UBound(data, 1) < 2 Or UBound(data, 2) < 4 Then Exit Function","Pending","",""
"src/Excel/CSystemSettingsReader.cls","445","StrComp(Trim$(CStr(data(1, 1))), ""Параметр"", vbTextCompare) = 0 And _","Pending","",""
"src/Excel/CSystemSettingsReader.cls","446","StrComp(Trim$(CStr(data(1, 2))), ""Сжатие"", vbTextCompare) = 0 And _","Pending","",""
"src/Excel/CSystemSettingsReader.cls","447","StrComp(Trim$(CStr(data(1, 3))), ""Растяжение"", vbTextCompare) = 0 And _","Pending","",""
"src/Excel/CSystemSettingsReader.cls","454","For rowIndex = 2 To UBound(data, 1)","Pending","",""
"src/Excel/CSystemSettingsReader.cls","464","If UBound(data, 2) >= 5 Then commentValue = ConfigCellText(data(rowIndex, 5), ""комментарий"", rowIndex, rowKey, True, 5)","Pending","",""
"src/Excel/CSystemSettingsReader.cls","491","If UBound(data, 1) < 2 Or UBound(data, 2) < 4 Then Exit Function","Pending","",""
"src/Excel/CSystemSettingsReader.cls","493","StrComp(Trim$(CStr(data(1, 1))), ""Quantity"", vbTextCompare) = 0 And _","Pending","",""
"src/Excel/CSystemSettingsReader.cls","494","StrComp(Trim$(CStr(data(1, 2))), ""INPUT"", vbTextCompare) = 0 And _","Pending","",""
"src/Excel/CSystemSettingsReader.cls","495","StrComp(Trim$(CStr(data(1, 3))), ""INTERNAL"", vbTextCompare) = 0 And _","Pending","",""
"src/Excel/CSystemSettingsReader.cls","501","If UBound(data, 1) < 2 Or UBound(data, 2) < 3 Then Exit Function","Pending","",""
"src/Excel/CSystemSettingsReader.cls","503","StrComp(Trim$(CStr(data(1, 1))), ""Quantity"", vbTextCompare) = 0 And _","Pending","",""
"src/Excel/CSystemSettingsReader.cls","504","StrComp(Trim$(CStr(data(1, 2))), ""USER"", vbTextCompare) = 0 And _","Pending","",""
"src/Excel/CSystemSettingsReader.cls","511","If UBound(data, 1) < 3 Or UBound(data, 2) < 5 Then Exit Function","Pending","",""
"src/Excel/CSystemSettingsReader.cls","513","StrComp(Trim$(CStr(data(2, 1))), ""Enabled"", vbTextCompare) = 0 And _","Pending","",""
"src/Excel/CSystemSettingsReader.cls","521","For rowIndex = 2 To UBound(data, 1)","Pending","",""
"src/Excel/CSystemSettingsReader.cls","524","If Len(settingName) > 0 And Left$(settingName, 1) <> ""["" Then","Pending","",""
"src/Excel/CSystemSettingsReader.cls","552","For rowIndex = 2 To UBound(data, 1)","Pending","",""
"src/Excel/CSystemSettingsReader.cls","570","For rowIndex = 2 To UBound(data, 1)","Pending","",""
"src/Excel/CSystemSettingsReader.cls","611","If UBound(data, 2) < 6 Then Exit Function","Pending","",""
"src/Excel/CSystemSettingsReader.cls","614","For rowIndex = 1 To UBound(data, 1) - 1","Pending","",""
"src/Excel/CSystemSettingsReader.cls","615","If StrComp(Trim$(CStr(data(rowIndex, 1))), ""H"", vbTextCompare) = 0 And _","Pending","",""
"src/Excel/CSystemSettingsReader.cls","616","StrComp(Trim$(CStr(data(rowIndex, 2))), ""B"", vbTextCompare) = 0 And _","Pending","",""
"src/Excel/CSystemSettingsReader.cls","617","StrComp(Trim$(CStr(data(rowIndex, 3))), ""R"", vbTextCompare) = 0 And _","Pending","",""
"src/Excel/CSystemSettingsReader.cls","618","StrComp(Trim$(CStr(data(rowIndex, 4))), ""H_o"", vbTextCompare) = 0 And _","Pending","",""
"src/Excel/CSystemSettingsReader.cls","619","StrComp(Trim$(CStr(data(rowIndex, 5))), ""B_o"", vbTextCompare) = 0 And _","Pending","",""
"src/Excel/CSystemSettingsReader.cls","659","If StrComp(keyValue, ""HollowRectangle.InnerOffsetX"", vbTextCompare) = 0 Or _","Pending","",""
"src/Excel/CSystemSettingsReader.cls","662","If UBound(data, 2) >= 4 Then sourceValue = Trim$(CStr(data(rowIndex, 4)))","Pending","",""
"src/Excel/CSystemSettingsReader.cls","674","For rowIndex = mainHeaderRow + 1 To UBound(data, 1)","Pending","",""
"src/Excel/CSystemSettingsReader.cls","691","For rowIndex = extraHeaderRow + 1 To UBound(data, 1)","Pending","",""
"src/Excel/CSystemSettingsReader.cls","726","If UBound(data, 2) < 3 Then Exit Function","Pending","",""
"src/Excel/CSystemSettingsReader.cls","729","For rowIndex = 1 To UBound(data, 1) - 1","Pending","",""
"src/Excel/CSystemSettingsReader.cls","730","If StrComp(Trim$(CStr(data(rowIndex, 2))), ""B"", vbTextCompare) = 0 And _","Pending","",""
"src/Excel/CSystemSettingsReader.cls","752","If sideHeaderRow > 0 And UBound(data, 1) >= sideHeaderRow + 4 Then","Pending","",""
"src/Excel/CSystemSettingsReader.cls","774","For rowIndex = startRow To UBound(data, 1)","Pending","",""
"src/Excel/CSystemSettingsReader.cls","785","For rowIndex = mainHeaderRow + 1 To UBound(data, 1)","Pending","",""
"src/Excel/CSystemSettingsReader.cls","798","For rowIndex = extraHeaderRow + 1 To UBound(data, 1)","Pending","",""
"src/Excel/CSystemSettingsReader.cls","828","If UBound(data, 1) < 12 Or UBound(data, 2) < 7 Then Exit Function","Pending","",""
"src/Excel/CSystemSettingsReader.cls","830","StrComp(Trim$(CStr(data(1, 2))), ""H1"", vbTextCompare) = 0 And _","Pending","",""
"src/Excel/CSystemSettingsReader.cls","831","StrComp(Trim$(CStr(data(1, 3))), ""B1"", vbTextCompare) = 0 And _","Pending","",""
"src/Excel/CSystemSettingsReader.cls","832","StrComp(Trim$(CStr(data(1, 4))), ""H2"", vbTextCompare) = 0 And _","Pending","",""
"src/Excel/CSystemSettingsReader.cls","838","If UBound(data, 2) < 4 Then Exit Function","Pending","",""
"src/Excel/CSystemSettingsReader.cls","841","For rowIndex = 1 To UBound(data, 1) - 1","Pending","",""
"src/Excel/CSystemSettingsReader.cls","842","If StrComp(Trim$(CStr(data(rowIndex, 1))), ""H1"", vbTextCompare) = 0 And _","Pending","",""
"src/Excel/CSystemSettingsReader.cls","843","StrComp(Trim$(CStr(data(rowIndex, 2))), ""B1"", vbTextCompare) = 0 And _","Pending","",""
"src/Excel/CSystemSettingsReader.cls","844","StrComp(Trim$(CStr(data(rowIndex, 3))), ""H2"", vbTextCompare) = 0 And _","Pending","",""
"src/Excel/CSystemSettingsReader.cls","856","If geometryHeaderRow > 0 And UBound(data, 1) >= geometryHeaderRow + 21 And UBound(data, 2) >= 9 Then","Pending","",""
"src/Excel/CSystemSettingsReader.cls","888","If UBound(data, 1) >= 19 Then","Pending","",""
"src/Excel/CSystemSettingsReader.cls","895","If UBound(data, 1) >= 21 Then","Pending","",""
"src/Excel/CSystemSettingsReader.cls","909","If StrComp(keyValue, ""RectSet.SectionType"", vbTextCompare) = 0 Or _","Pending","",""
"src/Excel/CSystemSettingsReader.cls","912","If UBound(data, 2) >= 4 Then sourceValue = Trim$(CStr(data(rowIndex, 4)))","Pending","",""
"src/Excel/CSystemSettingsReader.cls","984","If Len(secondValue) > 0 And secondValue <> ""-"" Then","Pending","",""
"src/Excel/CSystemSettingsReader.cls","1056","If valueRow > 0 And valueColumn > 0 Then mLocations(mCount) = InputCellLocation(valueRow, valueColumn)","Pending","",""
"src/Excel/CSystemSettingsReader.cls","1062","If Len(mLoadingSheet) = 0 Or columnIndex < 1 Then","Pending","",""
"src/Excel/CSystemSettingsReader.cls","1135","ElseIf Len(mValues(index)) = 0 Or UCase$(mValues(index)) = ""TODO"" Then","Pending","",""
"src/Excel/CSystemSettingsReader.cls","1169","If Not allowBlankValue And HasKey(key) Then","Pending","",""
"src/Excel/CSystemSettingsReader.cls","1171","If Len(textValue) = 0 Or UCase$(textValue) = ""TODO"" Then","Pending","",""
"src/Excel/CSystemSettingsReader.cls","1198","If Len(textValue) = 0 Or UCase$(textValue) = ""TODO"" Then","Pending","",""
"src/Excel/CSystemSettingsReader.cls","1218","If Len(textValue) = 0 Or UCase$(textValue) = ""TODO"" Then","Pending","",""
"src/Excel/CSystemSettingsReader.cls","1268","If value < -2147483648# Or value > 2147483647# Then Err.Raise vbObjectError + 4315, ""CSystemSettingsReader.GetLong"", _","Pending","",""
"src/Excel/CSystemSettingsReader.cls","1309","If UBound(parts) <> 2 Then GoTo InvalidColor","Pending","",""
"src/Excel/CSystemSettingsReader.cls","1313","If value < 0# Or value > 255# Then GoTo InvalidColor","Pending","",""
"src/Excel/CSystemSettingsReader.cls","1348","If index < 1 Or index > mCount Then Err.Raise vbObjectError + 4300, ""CSystemSettingsReader"", ""Индекс настройки вне допустимого диапазона.""","Pending","",""
"src/Excel/modAutoCADStressExport.bas","175","If layers.Exists(CStr(entity.Layer)) And StrComp(CStr(entity.ObjectName), ""AcDbRegion"", vbTextCompare) <> 0 Then","Pending","",""
"src/Excel/modAutoCADStressExport.bas","256","For rowIndex = 2 To UBound(data, 1)","Pending","",""
"src/Excel/modAutoCADStressExport.bas","296","For rowIndex = 2 To UBound(data, 1)","Pending","",""
"src/Excel/modAutoCADStressExport.bas","297","If StrComp(CStr(data(rowIndex, colLoadCase)), ""ALL"", vbTextCompare) = 0 And _","Pending","",""
"src/Excel/modAutoCADStressExport.bas","328","For rowIndex = 2 To UBound(data, 1)","Pending","",""
"src/Excel/modAutoCADStressExport.bas","350","For rowIndex = 2 To UBound(data, 1)","Pending","",""
"src/Excel/modAutoCADStressExport.bas","351","If StrComp(Trim$(SafeText(data(rowIndex, colLoadCase))), combinationID, vbTextCompare) = 0 And _","Pending","",""
"src/Excel/modAutoCADStressExport.bas","394","For rowIndex = 2 To UBound(data, 1)","Pending","",""
"src/Excel/modAutoCADStressExport.bas","395","If StrComp(Trim$(SafeText(data(rowIndex, colCombination))), combinationID, vbTextCompare) = 0 And _","Pending","",""
"src/Excel/modAutoCADStressExport.bas","437","For rowIndex = 2 To UBound(data, 1)","Pending","",""
"src/Excel/modAutoCADStressExport.bas","480","If extensionUsed Or policy.ToUserStatus(stateStatus) = policy.Fail Then","Pending","",""
"src/Excel/modAutoCADStressExport.bas","528","If IsError(value) Or IsNull(value) Then GoTo InvalidNumber","Pending","",""
"src/Excel/modAutoCADStressExport.bas","529","If VarType(value) = vbBoolean Or VarType(value) = vbDate Then GoTo InvalidNumber","Pending","",""
"src/Excel/modAutoCADStressExport.bas","636","For rowIndex = 2 To UBound(data, 1)","Pending","",""
"src/Excel/modAutoCADStressExport.bas","638","If Len(FirstLoadCaseFromSectionProperties) > 0 And _","Pending","",""
"src/Excel/modAutoCADStressExport.bas","657","For rowIndex = 2 To UBound(data, 1)","Pending","",""
"src/Excel/modAutoCADStressExport.bas","668","HasResultTableRows = (UBound(data, 1) >= 2 And UBound(data, 2) >= 1)","Pending","",""
"src/Excel/modAutoCADStressExport.bas","678","For colIndex = 1 To UBound(data, 2)","Pending","",""
"src/Excel/modAutoCADStressExport.bas","691","For column = 1 To UBound(data, 2)","Pending","",""
"src/Excel/modAutoCADStressExport.bas","693","If StrComp(header, ""GeometryInterpretationStatus"", vbTextCompare) = 0 Or _","Pending","",""
"src/Excel/modAutoCADStressExport.bas","935","For rowIndex = 2 To UBound(data, 1)","Pending","",""
"src/Excel/modAutoCADStressExport.bas","941","If segCount > 0 And StrComp(loopKey, currentLoopKey, vbTextCompare) <> 0 Then","Pending","",""
"src/Excel/modAutoCADStressExport.bas","1017","For rowIndex = 2 To UBound(data, 1)","Pending","",""
"src/Excel/modAutoCADStressExport.bas","1038","For rowIndex = 2 To UBound(data, 1)","Pending","",""
"src/Excel/modAutoCADStressExport.bas","1057","If Len(unitText) = 0 Or unitText = ""-"" Then unitText = defaultUnit","Pending","",""
"src/Excel/modAutoCADStressExport.bas","1058","If Len(unitText) = 0 Or unitText = ""-"" Then unitText = ""mm""","Pending","",""
"src/Excel/modAutoCADStressExport.bas","1068","If UBound(parts) >= 3 Then","Pending","",""
"src/Excel/modAutoCADStressExport.bas","1069","If parts(0) = ""CONTOUR"" And (parts(1) = ""OUTER"" Or parts(1) = ""OPENING"") Then","Pending","",""
"src/Excel/modAutoCADStressExport.bas","1182","PointsAreClose = (Abs(x1 - x2) <= CONTOUR_POINT_TOLERANCE And Abs(y1 - y2) <= CONTOUR_POINT_TOLERANCE)","Pending","",""
"src/Excel/modAutoCADStressExport.bas","1231","If includeElementName And Len(Trim$(elementID)) > 0 Then","Pending","",""
"src/Excel/modAutoCADStressExport.bas","1261","If Not principalAxesEnabled And Not loadPointEnabled Then Exit Sub","Pending","",""
"src/Excel/modAutoCADStressExport.bas","1354","If forCleanup Or .ContourEnabled Then .ContourLayer = RequiredAutoCADLayerName(settings, ""AutoCAD.Layer.Contour"")","Pending","",""
"src/Excel/modAutoCADStressExport.bas","1371","If AscW(character) >= 0 And AscW(character) < 32 Then invalid = True","Pending","",""
"src/Excel/modAutoCADStressExport.bas","1384","If value < 1 Or value > 255 Then Err.Raise vbObjectError + 4386, ""RequiredAutoCADColor"", _","Pending","",""
"src/Excel/modAutoCADStressExport.bas","1402","If Not settings.HasKey(""AutoCAD.Export.PrincipalAxesMode"") And settings.HasKey(""AutoCAD.Export.PrincipalAxesEnabled"") Then","Pending","",""
"src/Excel/modAutoCADStressExport.bas","1698","If x < minX - 0.0000001 Or x > maxX + 0.0000001 Then Exit Sub","Pending","",""
"src/Excel/modAutoCADStressExport.bas","1699","If y < minY - 0.0000001 Or y > maxY + 0.0000001 Then Exit Sub","Pending","",""
"src/Excel/modAutoCADStressExport.bas","1703","If Abs(pointX(i) - x) < 0.0000001 And Abs(pointY(i) - y) < 0.0000001 Then Exit Sub","Pending","",""
"src/Excel/modAutoCADStressExport.bas","1706","If pointCount >= UBound(pointX) Then Exit Sub","Pending","",""
"src/Excel/modAutoCADStressExport.bas","1796","Set entity = regions(LBound(regions))","Pending","",""
"src/Excel/modAutoCADStressExport.bas","1811","For i = LBound(sourceObjects) To UBound(sourceObjects)","Pending","",""
"src/Excel/modWorkbookCalculation.bas","25","If InStr(1, message, ""ошиб"", vbTextCompare) > 0 Or InStr(1, message, ""InputErr"", vbTextCompare) > 0 Then","Pending","",""
"src/Excel/modWorkbookCalculation.bas","140","If Err.Number = vbObjectError + 4702 Or Err.Number = vbObjectError + 4705 Or _","Pending","",""
"src/Excel/modWorkbookCalculation.bas","141","Err.Number = vbObjectError + 4706 Or Err.Number = vbObjectError + 4710 Then","Pending","",""
"src/Excel/modWorkbookCalculation.bas","477","If Not (strengthAnchor.Worksheet Is ws) Or Not (crackAnchor.Worksheet Is ws) Or _","Pending","",""
"src/Excel/modWorkbookCalculation.bas","478","Not (stabilityAnchor.Worksheet Is ws) Or Not (elementAnchor.Worksheet Is ws) Then","Pending","",""
"src/Excel/modWorkbookCalculation.bas","585","For index = LBound(requiredNames) To UBound(requiredNames)","Pending","",""
"src/Excel/modWorkbookCalculation.bas","680","If firstRow < 1 Or firstColumn < 1 Then","Pending","",""
"src/Excel/modWorkbookCalculation.bas","751","If lastTwo >= 11 And lastTwo <= 14 Then","Pending","",""
"src/Excel/modWorkbookCalculation.bas","968","If range.Rows.Count < 2 Or range.Columns.Count < 4 Then","Pending","",""
"src/Excel/modWorkbookCalculation.bas","980","For rowIndex = 2 To UBound(values, 1)","Pending","",""
"src/Excel/modWorkbookCalculation.bas","981","If IsError(values(rowIndex, 1)) Or IsNull(values(rowIndex, 1)) Then","Pending","",""
"src/Excel/modWorkbookCalculation.bas","1047","If errorNumber <> 6 And errorNumber <> 13 Then Err.Raise errorNumber, ""TryReadDurationLoad"", description","Pending","",""
"src/Geometry/CFiberMeshBuilder.cls","52","If maxX <= minX + GEOM_TOLERANCE Or maxY <= minY + GEOM_TOLERANCE Then","Pending","",""
"src/Geometry/CFiberMeshBuilder.cls","62","If stepX <= (maxX - minX) / 2147483646# Or stepY <= (maxY - minY) / 2147483646# Then","Pending","",""
"src/Geometry/CFiberMeshBuilder.cls","68","If nx < 1 Or ny < 1 Then Err.Raise vbObjectError + 2104, ""CFiberMeshBuilder"", ""Габаритный прямоугольник сетки пуст.""","Pending","",""
"src/Geometry/CFiberMeshBuilder.cls","112","If allCornersInside And hasOpening Then","Pending","",""
"src/Geometry/CFiberMeshBuilder.cls","113","If cellMinX < openingMaxX And cellMinX + stepX > openingMinX And _","Pending","",""
"src/Geometry/CFiberMeshBuilder.cls","114","cellMinY < openingMaxY And cellMinY + stepY > openingMinY Then allCornersInside = False","Pending","",""
"src/Geometry/CFiberMeshBuilder.cls","169","allInside = p1 And p2 And p3 And p4","Pending","",""
"src/Geometry/CFiberMeshBuilder.cls","170","anyInside = p1 Or p2 Or p3 Or p4","Pending","",""
"src/Geometry/CFiberMeshBuilder.cls","180","If mFiberCount > UBound(mFibers) Then","Pending","",""
"src/Geometry/CFiberMeshBuilder.cls","182","If UBound(mFibers) > 1073741823 Then","Pending","",""
"src/Geometry/CFiberMeshBuilder.cls","185","newCapacity = UBound(mFibers) * 2","Pending","",""
"src/Geometry/CFiberMeshBuilder.cls","240","If index < 1 Or index > mFiberCount Then","Pending","",""
"src/Geometry/CGeometryHollowRectangle.cls","209","target.GetHorizontalRebarLine isLeft, IIf(openingFace, -axisDistance, axisDistance), _","Pending","",""
"src/Geometry/CGeometryHollowRectangle.cls","235","target.GetSideRebarPath Not isTop, IIf(openingFace, -axisDistance, axisDistance), pointU, pointV","Pending","",""
"src/Geometry/CGeometryHollowRectangle.cls","238","ReDim pointX(LBound(pointU) To UBound(pointU))","Pending","",""
"src/Geometry/CGeometryHollowRectangle.cls","239","ReDim pointY(LBound(pointU) To UBound(pointU))","Pending","",""
"src/Geometry/CGeometryHollowRectangle.cls","240","For i = LBound(pointU) To UBound(pointU)","Pending","",""
"src/Geometry/CGeometryHollowRectangle.cls","250","ContainsPoint = (mOuter.ContainsPoint(X, Y) And Not mOpening.ContainsPoint(X, Y))","Pending","",""
"src/Geometry/CGeometryHollowRectangle.cls","279","If mB <= 0# Or mH <= 0# Then","Pending","",""
"src/Geometry/CGeometryHollowRectangle.cls","283","If mOpeningB <= 0# Or mOpeningH <= 0# Then","Pending","",""
"src/Geometry/CGeometryHollowRectangle.cls","287","If mR < 0# Or mOpeningR < 0# Then","Pending","",""
"src/Geometry/CGeometryHollowRectangle.cls","403","If Not outerAvailable Or Not openingAvailable Then Exit Sub","Pending","",""
"src/Geometry/CGeometryHollowRectangle.cls","420","For i = LBound(px) To UBound(px)","Pending","",""
"src/Geometry/CGeometryRectSet.cls","163","insideLower = (X >= mOriginX - GEOM_TOLERANCE And X <= mOriginX + mB2 + GEOM_TOLERANCE _","Pending","",""
"src/Geometry/CGeometryRectSet.cls","164","And Y >= mOriginY - GEOM_TOLERANCE And Y <= mOriginY + mH2 + GEOM_TOLERANCE)","Pending","",""
"src/Geometry/CGeometryRectSet.cls","168","insideUpper = (X >= ActiveUpperMinX() - GEOM_TOLERANCE And X <= ActiveUpperMaxX() + GEOM_TOLERANCE _","Pending","",""
"src/Geometry/CGeometryRectSet.cls","169","And Y >= ActiveUpperMinY() - GEOM_TOLERANCE And Y <= ActiveUpperMaxY() + GEOM_TOLERANCE)","Pending","",""
"src/Geometry/CGeometryRectSet.cls","170","ContainsPoint = insideLower Or insideUpper","Pending","",""
"src/Geometry/CGeometryRectSet.cls","189","ElseIf LowerRectangleActive() And mB2 <= 0# Then","Pending","",""
"src/Geometry/CGeometryRectSet.cls","191","ElseIf LowerRectangleActive() And mH2 <= 0# Then","Pending","",""
"src/Geometry/CGeometryRectSet.cls","193","ElseIf mSectionType = SECTION_LSECTION And mB1 >= mB2 Then","Pending","",""
"src/Geometry/CGeometryRectSet.cls","195","ElseIf mSectionType = SECTION_TWO_RECTANGLES And Not RectanglesOverlapByX() Then","Pending","",""
"src/Geometry/CGeometryRectSet.cls","312","And ActiveUpperMaxX() > mOriginX + GEOM_TOLERANCE)","Pending","",""
"src/Geometry/CGeometryRectSet.cls","321","ElseIf Abs(pointX(count) - X) <= GEOM_TOLERANCE And Abs(pointY(count) - Y) <= GEOM_TOLERANCE Then","Pending","",""
"src/Geometry/CGeometryRectSet.cls","323","ElseIf count >= UBound(pointX) Then","Pending","",""
"src/Geometry/CGeometryRectSet.cls","324","ReDim Preserve pointX(1 To UBound(pointX) + 4)","Pending","",""
"src/Geometry/CGeometryRectSet.cls","325","ReDim Preserve pointY(1 To UBound(pointY) + 4)","Pending","",""
"src/Geometry/CGeometryRoundedRectangle.cls","141","If radiusTLmm < 0# Or radiusBLmm < 0# Then leftR1 = -1#","Pending","",""
"src/Geometry/CGeometryRoundedRectangle.cls","142","If radiusTRmm < 0# Or radiusBRmm < 0# Then rightR1 = -1#","Pending","",""
"src/Geometry/CGeometryRoundedRectangle.cls","271","If X < mMinX - GEOM_TOLERANCE Or X > mMaxX + GEOM_TOLERANCE Then Exit Function","Pending","",""
"src/Geometry/CGeometryRoundedRectangle.cls","272","If Y < mMinY - GEOM_TOLERANCE Or Y > mMaxY + GEOM_TOLERANCE Then Exit Function","Pending","",""
"src/Geometry/CGeometryRoundedRectangle.cls","309","If Len(mLeftType) = 0 Or Len(mRightType) = 0 Then","Pending","",""
"src/Geometry/CGeometryRoundedRectangle.cls","313","If mLeftW < 0# Or mRightW < 0# Then","Pending","",""
"src/Geometry/CGeometryRoundedRectangle.cls","317","If mLeftR1 < 0# Or mRightR1 < 0# Or mLeftR2 < 0# Or mRightR2 < 0# Then","Pending","",""
"src/Geometry/CGeometryRoundedRectangle.cls","321","If mLeftType = SIDE_TAPERED And mLeftW <= GEOM_TOLERANCE Then","Pending","",""
"src/Geometry/CGeometryRoundedRectangle.cls","325","If mRightType = SIDE_TAPERED And mRightW <= GEOM_TOLERANCE Then","Pending","",""
"src/Geometry/CGeometryRoundedRectangle.cls","332","If mPointCount < 3 Or mArea <= GEOM_TOLERANCE Then","Pending","",""
"src/Geometry/CGeometryRoundedRectangle.cls","335","If mPointCount < 3 Or mArea <= GEOM_TOLERANCE Then","Pending","",""
"src/Geometry/CGeometryRoundedRectangle.cls","417","If prevLength <= GEOM_TOLERANCE Or nextLength <= GEOM_TOLERANCE Then","Pending","",""
"src/Geometry/CGeometryRoundedRectangle.cls","434","If angleValue <= GEOM_TOLERANCE Or Abs(GEOM_PI - angleValue) <= GEOM_TOLERANCE Then","Pending","",""
"src/Geometry/CGeometryRoundedRectangle.cls","464","If firstIndex = 1 Or firstIndex = 4 Then","Pending","",""
"src/Geometry/CGeometryRoundedRectangle.cls","693","ElseIf rawCount > UBound(raw) Then","Pending","",""
"src/Geometry/CGeometryRoundedRectangle.cls","694","ReDim Preserve raw(1 To UBound(raw) + 8)","Pending","",""
"src/Geometry/CGeometryRoundedRectangle.cls","841","If prevLength <= GEOM_TOLERANCE Or nextLength <= GEOM_TOLERANCE Or inputRadius <= GEOM_TOLERANCE Then","Pending","",""
"src/Geometry/CGeometryRoundedRectangle.cls","858","If angleValue <= GEOM_TOLERANCE Or Abs(GEOM_PI - angleValue) <= GEOM_TOLERANCE Then","Pending","",""
"src/Geometry/CGeometryRoundedRectangle.cls","873","If tangentDistance <= GEOM_TOLERANCE Or inputRadius <= GEOM_TOLERANCE Then","Pending","",""
"src/Geometry/CGeometryRoundedRectangle.cls","926","If Abs(sx - ex) <= GEOM_TOLERANCE And Abs(sy - ey) <= GEOM_TOLERANCE Then Exit Sub","Pending","",""
"src/Geometry/CGeometryRoundedRectangle.cls","938","ElseIf segmentCount > UBound(segmentType) Then","Pending","",""
"src/Geometry/CGeometryRoundedRectangle.cls","939","ReDim Preserve segmentType(1 To UBound(segmentType) + 16)","Pending","",""
"src/Geometry/CGeometryRoundedRectangle.cls","940","ReDim Preserve startX(1 To UBound(startX) + 16)","Pending","",""
"src/Geometry/CGeometryRoundedRectangle.cls","941","ReDim Preserve startY(1 To UBound(startY) + 16)","Pending","",""
"src/Geometry/CGeometryRoundedRectangle.cls","942","ReDim Preserve endX(1 To UBound(endX) + 16)","Pending","",""
"src/Geometry/CGeometryRoundedRectangle.cls","943","ReDim Preserve endY(1 To UBound(endY) + 16)","Pending","",""
"src/Geometry/CGeometryRoundedRectangle.cls","944","ReDim Preserve centerX(1 To UBound(centerX) + 16)","Pending","",""
"src/Geometry/CGeometryRoundedRectangle.cls","945","ReDim Preserve centerY(1 To UBound(centerY) + 16)","Pending","",""
"src/Geometry/CGeometryRoundedRectangle.cls","946","ReDim Preserve radiusValue(1 To UBound(radiusValue) + 16)","Pending","",""
"src/Geometry/CGeometryRoundedRectangle.cls","947","ReDim Preserve sweepAngle(1 To UBound(sweepAngle) + 16)","Pending","",""
"src/Geometry/CGeometryRoundedRectangle.cls","1011","If prevLength <= GEOM_TOLERANCE Or nextLength <= GEOM_TOLERANCE Or radius <= GEOM_TOLERANCE Then","Pending","",""
"src/Geometry/CGeometryRoundedRectangle.cls","1027","If angleValue <= GEOM_TOLERANCE Or Abs(GEOM_PI - angleValue) <= GEOM_TOLERANCE Then","Pending","",""
"src/Geometry/CGeometryRoundedRectangle.cls","1076","If Abs(outX(outCount) - X) <= GEOM_TOLERANCE And Abs(outY(outCount) - Y) <= GEOM_TOLERANCE Then Exit Sub","Pending","",""
"src/Geometry/CGeometryRoundedRectangle.cls","1082","ElseIf outCount > UBound(outX) Then","Pending","",""
"src/Geometry/CGeometryRoundedRectangle.cls","1083","ReDim Preserve outX(1 To UBound(outX) + 16)","Pending","",""
"src/Geometry/CGeometryRoundedRectangle.cls","1084","ReDim Preserve outY(1 To UBound(outY) + 16)","Pending","",""
"src/Geometry/CGeometryRoundedRectangle.cls","1093","If Abs(outX(1) - outX(outCount)) <= GEOM_TOLERANCE And Abs(outY(1) - outY(outCount)) <= GEOM_TOLERANCE Then","Pending","",""
"src/Geometry/CGeometryRoundedRectangle.cls","1125","If Abs(mPointX(1) - mPointX(mPointCount)) <= GEOM_TOLERANCE And _","Pending","",""
"src/Materials/CMaterialDiagram.cls","77","mPhysicalTensionStrain = IIf(mStrains(mPointCount) > 0#, mStrains(mPointCount), 0#)","Pending","",""
"src/Materials/CMaterialDiagram.cls","114","If LBound(values) > 1 Then GoTo InvalidArray","Pending","",""
"src/Materials/CMaterialDiagram.cls","115","If UBound(values) < pointCount Then GoTo InvalidArray","Pending","",""
"src/Materials/CMaterialDiagram.cls","188","If mHasCompressionExtension And strain < mPhysicalCompressionStrain - RANGE_TOLERANCE Then","Pending","",""
"src/Materials/CMaterialDiagram.cls","190","ElseIf mHasTensionExtension And mHasPhysicalTensionLimit And _","Pending","",""
"src/Materials/CMaterialDiagram.cls","224","If strain < mStrains(1) Or strain > mStrains(mPointCount) Then Exit Function","Pending","",""
"src/Materials/CMaterialDiagram.cls","282","If strain >= mStrains(i) And strain <= mStrains(i + 1) Then","Pending","",""
"src/Materials/CMaterialDiagram.cls","285","If mHasCompressionExtension And strain = mCompressionExtensionStartStrain Then","Pending","",""
"src/Materials/CMaterialDiagram.cls","286","If strain = mStrains(i + 1) And i + 1 < mPointCount Then","Pending","",""
"src/Materials/CMaterialDiagram.cls","302","For i = 1 To UBound(mStrains) - 1","Pending","",""
"src/Materials/CMaterialDiagram.cls","303","For j = i + 1 To UBound(mStrains)","Pending","",""
"src/Materials/CMaterialDiagram.cls","324","For i = 1 To UBound(mStrains) - 1","Pending","",""
"src/Materials/CMaterialDiagram.cls","348","If eps1 >= 0# Or eps2 >= 0# Then Err.Raise vbObjectError + 3101, ""CMaterialDiagram"", ""Сжатые деформации должны быть отрицательными.""","Pending","",""
"src/Materials/CMaterialDiagram.cls","349","If stress1 >= 0# Or stress2 >= 0# Then Err.Raise vbObjectError + 3102, ""CMaterialDiagram"", ""Сжатые напряжения должны быть отрицательными.""","Pending","",""
"src/Materials/CMaterialDiagram.cls","363","If eps1 >= 0# Or eps2 >= 0# Or eps3 >= 0# Then Err.Raise vbObjectError + 3103, ""CMaterialDiagram"", ""Сжатые деформации должны быть отрицательными.""","Pending","",""
"src/Materials/CMaterialDiagram.cls","364","If stress1 >= 0# Or stress2 >= 0# Or stress3 >= 0# Then Err.Raise vbObjectError + 3104, ""CMaterialDiagram"", ""Сжатые напряжения должны быть отрицательными.""","Pending","",""
"src/Materials/CMaterialDiagram.cls","379","If eps1 <= 0# Or eps2 <= eps1 Then Err.Raise vbObjectError + 3105, ""CMaterialDiagram"", ""Растянутые деформации должны возрастать и быть положительными.""","Pending","",""
"src/Materials/CMaterialDiagram.cls","380","If stress1 <= 0# Or stress2 <= 0# Then Err.Raise vbObjectError + 3106, ""CMaterialDiagram"", ""Растянутые напряжения должны быть положительными.""","Pending","",""
"src/Materials/CMaterialDiagram.cls","396","If eps1 <= 0# Or eps2 <= eps1 Or eps3 <= eps2 Then Err.Raise vbObjectError + 3107, ""CMaterialDiagram"", ""Растянутые деформации должны возрастать и быть положительными.""","Pending","",""
"src/Materials/CMaterialDiagram.cls","397","If stress1 <= 0# Or stress2 <= 0# Or stress3 <= 0# Then Err.Raise vbObjectError + 3108, ""CMaterialDiagram"", ""Растянутые напряжения должны быть положительными.""","Pending","",""
"src/Materials/CMaterialDiagram.cls","427","If index < 1 Or index > mPointCount Then Err.Raise vbObjectError + 3109, ""CMaterialDiagram"", ""Индекс точки диаграммы вне диапазона.""","Pending","",""
"src/Materials/CMaterialDiagram.cls","434","If index < 1 Or index > mPointCount Then Err.Raise vbObjectError + 3110, ""CMaterialDiagram"", ""Индекс точки диаграммы вне диапазона.""","Pending","",""
"src/Materials/CMaterialModelProvider.cls","121","mConcreteTensionLimitEnabled(slot) = (mConcreteDiagram(slot).HasPhysicalTensionLimit And _","Pending","",""
"src/Materials/CMaterialModelProvider.cls","284","extraTension = extendTension And baseDiagram.HasPhysicalTensionLimit","Pending","",""
"src/Materials/CMaterialModelProvider.cls","577","ConcreteTensionLimitEnabledFromSpec = (diagram.HasPhysicalTensionLimit And spec.ConcreteTension = ctkUseDiagram)","Pending","",""
"src/Section/CCircleRebarLayoutBuilder.cls","46","If barCount > 0 And barDiameter > 0# Then","Pending","",""
"src/Section/CCircleRebarLayoutBuilder.cls","72","If Len(rawValue) = 0 Or UCase$(rawValue) = ""TODO"" Then Exit Function","Pending","",""
"src/Section/CCircleRebarLayoutBuilder.cls","105","If barCount = 0 Or barDiameter = 0# Then","Pending","",""
"src/Section/CCircleRebarLayoutBuilder.cls","155","If Abs(mCentroidX - centerX) > 0.000001 Or Abs(mCentroidY - centerY) > 0.000001 Then","Pending","",""
"src/Section/CCircleRebarLayoutBuilder.cls","201","If row2Diameter > 0# And StrComp(Trim$(row2Location), Trim$(row3Location), vbTextCompare) = 0 Then","Pending","",""
"src/Section/CCircleRebarLayoutBuilder.cls","220","If barCount = 0 Or barDiameter = 0# Then Exit Sub","Pending","",""
"src/Section/CCircleRebarLayoutBuilder.cls","223","If row2Diameter > 0# And Not IsSupportedRowLocation(row2Location) Then Err.Raise vbObjectError + 3157, ""CCircleRebarLayoutBuilder"", ""Rebar.Loc2row должен быть SideBySide или Stacked.""","Pending","",""
"src/Section/CCircleRebarLayoutBuilder.cls","224","If row3Diameter > 0# And Not IsSupportedRowLocation(row3Location) Then Err.Raise vbObjectError + 3158, ""CCircleRebarLayoutBuilder"", ""Rebar.Loc3row должен быть SideBySide или Stacked.""","Pending","",""
"src/Section/CCircleRebarLayoutBuilder.cls","247","IsSupportedRowLocation = IsStackedLocation(value) Or StrComp(Trim$(value), ""SideBySide"", vbTextCompare) = 0","Pending","",""
"src/Section/CHollowRectRebarLayoutBuilder.cls","139","If opening Or (diameter > 0# And barCount > 0) Then","Pending","",""
"src/Section/CHollowRectRebarLayoutBuilder.cls","145","If diameter > 0# And (opening Or barCount > 0) Then","Pending","",""
"src/Section/CHollowRectRebarLayoutBuilder.cls","171","If Len(rawValue) = 0 Or UCase$(rawValue) = ""TODO"" Or rawValue = ""-"" Then Exit Function","Pending","",""
"src/Section/CHollowRectRebarLayoutBuilder.cls","192","If barCount = 0 Or diameter = 0# Then Exit Sub","Pending","",""
"src/Section/CHollowRectRebarLayoutBuilder.cls","246","If barCount = 0 Or diameter = 0# Then Exit Sub","Pending","",""
"src/Section/CHollowRectRebarLayoutBuilder.cls","296","If sourceCount = 0 Or diameter = 0# Then Exit Sub","Pending","",""
"src/Section/CHollowRectRebarLayoutBuilder.cls","379","If sourceCount = 0 Or diameter = 0# Then Exit Sub","Pending","",""
"src/Section/CHollowRectRebarLayoutBuilder.cls","421","If row2Diameter > 0# And ShouldAddAdditionalRow(baseBarOrdinal, FaceRow2Binding(settings)) Then","Pending","",""
"src/Section/CHollowRectRebarLayoutBuilder.cls","428","If row3Diameter > 0# And ShouldAddAdditionalRow(baseBarOrdinal, FaceRow3Binding(settings)) Then","Pending","",""
"src/Section/CHollowRectRebarLayoutBuilder.cls","431","If row2Diameter > 0# And StrComp(FaceRow2Location(settings), FaceRow3Location(settings), vbTextCompare) = 0 Then skippedDiameter = row2Diameter","Pending","",""
"src/Section/CHollowRectRebarLayoutBuilder.cls","479","If barCount = 0 Or diameter = 0# Then Exit Sub","Pending","",""
"src/Section/CHollowRectRebarLayoutBuilder.cls","490","If FaceRow2Diameter(settings) < 0# Or FaceRow3Diameter(settings) < 0# Then Err.Raise vbObjectError + 3253, ""CHollowRectRebarLayoutBuilder"", HollowFaceDisplayName(faceName) & "": диаметры дополнительных рядов d2 и d3 должны быть неотрицательными.""","Pending","",""
"src/Section/CHollowRectRebarLayoutBuilder.cls","491","If FaceRow2Diameter(settings) > 0# And Not IsSupportedRowLocation(FaceRow2Location(settings)) Then Err.Raise vbObjectError + 3254, ""CHollowRectRebarLayoutBuilder"", HollowFaceDisplayName(faceName) & "": положение второго ряда должно быть SideBySide или Stacked.""","Pending","",""
"src/Section/CHollowRectRebarLayoutBuilder.cls","492","If FaceRow3Diameter(settings) > 0# And Not IsSupportedRowLocation(FaceRow3Location(settings)) Then Err.Raise vbObjectError + 3255, ""CHollowRectRebarLayoutBuilder"", HollowFaceDisplayName(faceName) & "": положение третьего ряда должно быть SideBySide или Stacked.""","Pending","",""
"src/Section/CHollowRectRebarLayoutBuilder.cls","493","If FaceRow2Diameter(settings) > 0# And Not IsSupportedRowBinding(FaceRow2Binding(settings)) Then Err.Raise vbObjectError + 3256, ""CHollowRectRebarLayoutBuilder"", HollowFaceDisplayName(faceName) & "": привязка второго ряда должна быть EachBar или EverySecondBar.""","Pending","",""
"src/Section/CHollowRectRebarLayoutBuilder.cls","494","If FaceRow3Diameter(settings) > 0# And Not IsSupportedRowBinding(FaceRow3Binding(settings)) Then Err.Raise vbObjectError + 3257, ""CHollowRectRebarLayoutBuilder"", HollowFaceDisplayName(faceName) & "": привязка третьего ряда должна быть EachBar или EverySecondBar.""","Pending","",""
"src/Section/CHollowRectRebarLayoutBuilder.cls","500","IsSupportedRowLocation = (StrComp(value, ""SideBySide"", vbTextCompare) = 0 Or StrComp(value, ""Stacked"", vbTextCompare) = 0)","Pending","",""
"src/Section/CHollowRectRebarLayoutBuilder.cls","506","IsSupportedRowBinding = (StrComp(value, ""EachBar"", vbTextCompare) = 0 Or StrComp(value, ""EverySecondBar"", vbTextCompare) = 0)","Pending","",""
"src/Section/CHollowRectRebarLayoutBuilder.cls","589","If Not initialized Or projection > bestProjection + GEOM_TOLERANCE Then","Pending","",""
"src/Section/CHollowRectRebarLayoutBuilder.cls","617","For i = LBound(px) To UBound(px) - 1","Pending","",""
"src/Section/CHollowRectRebarLayoutBuilder.cls","620","If Not ProjectRayToPolyline Or hitT < bestRayT Then","Pending","",""
"src/Section/CHollowRectRebarLayoutBuilder.cls","665","If segmentT < -GEOM_TOLERANCE Or segmentT > 1# + GEOM_TOLERANCE Then Exit Function","Pending","",""
"src/Section/CHollowRectRebarLayoutBuilder.cls","718","For i = LBound(px) To UBound(px) - 1","Pending","",""
"src/Section/CHollowRectRebarLayoutBuilder.cls","730","For i = LBound(px) To UBound(px) - 1","Pending","",""
"src/Section/CHollowRectRebarLayoutBuilder.cls","748","xCoord = px(UBound(px))","Pending","",""
"src/Section/CHollowRectRebarLayoutBuilder.cls","749","yCoord = py(UBound(py))","Pending","",""
"src/Section/CHollowRectRebarLayoutBuilder.cls","770","If Abs(layout.X(i) - xCoord) <= GEOM_TOLERANCE And Abs(layout.Y(i) - yCoord) <= GEOM_TOLERANCE Then","Pending","",""
"src/Section/CHollowRectRebarLayoutBuilder.cls","779","FaceAs = CDbl(settings(LBound(settings)))","Pending","",""
"src/Section/CHollowRectRebarLayoutBuilder.cls","784","FaceDiameter = CDbl(settings(LBound(settings) + 1))","Pending","",""
"src/Section/CHollowRectRebarLayoutBuilder.cls","789","FaceCount = CLng(settings(LBound(settings) + 2))","Pending","",""
"src/Section/CHollowRectRebarLayoutBuilder.cls","794","FaceRow2Diameter = CDbl(settings(LBound(settings) + 3))","Pending","",""
"src/Section/CHollowRectRebarLayoutBuilder.cls","799","FaceRow3Diameter = CDbl(settings(LBound(settings) + 4))","Pending","",""
"src/Section/CHollowRectRebarLayoutBuilder.cls","804","FaceRow2Location = CStr(settings(LBound(settings) + 5))","Pending","",""
"src/Section/CHollowRectRebarLayoutBuilder.cls","809","FaceRow3Location = CStr(settings(LBound(settings) + 6))","Pending","",""
"src/Section/CHollowRectRebarLayoutBuilder.cls","814","FaceRow2Binding = CStr(settings(LBound(settings) + 7))","Pending","",""
"src/Section/CHollowRectRebarLayoutBuilder.cls","819","FaceRow3Binding = CStr(settings(LBound(settings) + 8))","Pending","",""
"src/Section/CRebarGroupAnnotationBuilder.cls","22","If rebars.Count <= 0 Or rebars.AnnotationCount <= 0 Then Exit Sub","Pending","",""
"src/Section/CRebarGroupAnnotationBuilder.cls","80","Do While InStr(1, textValue, ""."", vbTextCompare) > 0 And Right$(textValue, 1) = ""0""","Pending","",""
"src/Section/CRebarLayout.cls","88","If Abs(mX(i) - xCoord) <= GEOM_TOLERANCE And Abs(mY(i) - yCoord) <= GEOM_TOLERANCE Then","Pending","",""
"src/Section/CRebarLayout.cls","233","If index < 1 Or index > mCount Then Err.Raise vbObjectError + 3106, ""CRebarLayout"", ""Индекс стержня вне допустимого диапазона.""","Pending","",""
"src/Section/CRebarLayout.cls","238","If index < 1 Or index > mAnnotationCount Then Err.Raise vbObjectError + 3107, ""CRebarLayout"", ""Индекс аннотации арматуры вне допустимого диапазона.""","Pending","",""
"src/Section/CRectSetAnnotationBuilder.cls","44","For i = LBound(px) To UBound(px)","Pending","",""
"src/Section/CRectSetAnnotationBuilder.cls","45","If i = UBound(px) Then","Pending","",""
"src/Section/CRectSetAnnotationBuilder.cls","46","nextIndex = LBound(px)","Pending","",""
"src/Section/CRectSetAnnotationBuilder.cls","81","If StrComp(rectSet.SectionType, ""TwoRectangles"", vbTextCompare) = 0 And Abs(rectSet.EffectiveUpperOffsetX) > GEOM_TOLERANCE Then","Pending","",""
"src/Section/CRectSetRebarLayoutBuilder.cls","45","If sectionType <> ""Rectangle"" And sectionType <> ""LSection"" And sectionType <> ""RectSet"" Then _","Pending","",""
"src/Section/CRectSetRebarLayoutBuilder.cls","85","If values(side + 3) > 0 And values(side + 1) > 0# Then","Pending","",""
"src/Section/CRectSetRebarLayoutBuilder.cls","96","If values(10) > 0# Or values(11) > 0# Then","Pending","",""
"src/Section/CRectSetRebarLayoutBuilder.cls","100","If values(12) > 0# Or values(13) > 0# Then","Pending","",""
"src/Section/CRectSetRebarLayoutBuilder.cls","126","If Len(rawValue) = 0 Or UCase$(rawValue) = ""TODO"" Then Exit Function","Pending","",""
"src/Section/CRectSetRebarLayoutBuilder.cls","238","For i = LBound(px) To UBound(px)","Pending","",""
"src/Section/CRectSetRebarLayoutBuilder.cls","239","If i = UBound(px) Then","Pending","",""
"src/Section/CRectSetRebarLayoutBuilder.cls","240","nextIndex = LBound(px)","Pending","",""
"src/Section/CRectSetRebarLayoutBuilder.cls","326","If barCount = 0 Or barDiameter = 0# Then Exit Sub","Pending","",""
"src/Section/CRectSetRebarLayoutBuilder.cls","328","If startOffset < 0# Or endOffset < 0# Then Err.Raise vbObjectError + 3174, ""CRectSetRebarLayoutBuilder"", lineLabel & "": отступы t нач. и t кон. должны быть неотрицательными.""","Pending","",""
"src/Section/CRectSetRebarLayoutBuilder.cls","416","If row2Diameter > 0# And ShouldAddAdditionalRow(baseBarOrdinal, row2Binding) Then","Pending","",""
"src/Section/CRectSetRebarLayoutBuilder.cls","424","If row3Diameter > 0# And ShouldAddAdditionalRow(baseBarOrdinal, row3Binding) Then","Pending","",""
"src/Section/CRectSetRebarLayoutBuilder.cls","427","If row2Diameter > 0# And StrComp(row2Location, row3Location, vbTextCompare) = 0 Then skippedDiameter = row2Diameter","Pending","",""
"src/Section/CRectSetRebarLayoutBuilder.cls","483","LineAxisDistance = CDbl(lineSettings(LBound(lineSettings)))","Pending","",""
"src/Section/CRectSetRebarLayoutBuilder.cls","488","LineBarCount = CLng(lineSettings(LBound(lineSettings) + 1))","Pending","",""
"src/Section/CRectSetRebarLayoutBuilder.cls","493","LineBarDiameter = CDbl(lineSettings(LBound(lineSettings) + 2))","Pending","",""
"src/Section/CRectSetRebarLayoutBuilder.cls","498","LineStartOffset = CDbl(lineSettings(LBound(lineSettings) + 3))","Pending","",""
"src/Section/CRectSetRebarLayoutBuilder.cls","503","LineEndOffset = CDbl(lineSettings(LBound(lineSettings) + 4))","Pending","",""
"src/Section/CRectSetRebarLayoutBuilder.cls","508","If UBound(lineSettings) - LBound(lineSettings) < 5 Then Exit Function","Pending","",""
"src/Section/CRectSetRebarLayoutBuilder.cls","509","LineRow2Diameter = CDbl(lineSettings(LBound(lineSettings) + 5))","Pending","",""
"src/Section/CRectSetRebarLayoutBuilder.cls","514","If UBound(lineSettings) - LBound(lineSettings) < 6 Then Exit Function","Pending","",""
"src/Section/CRectSetRebarLayoutBuilder.cls","515","LineRow3Diameter = CDbl(lineSettings(LBound(lineSettings) + 6))","Pending","",""
"src/Section/CRectSetRebarLayoutBuilder.cls","521","If UBound(lineSettings) - LBound(lineSettings) < 7 Then Exit Function","Pending","",""
"src/Section/CRectSetRebarLayoutBuilder.cls","522","If Len(Trim$(CStr(lineSettings(LBound(lineSettings) + 7)))) > 0 Then LineRow2Location = Trim$(CStr(lineSettings(LBound(lineSettings) + 7)))","Pending","",""
"src/Section/CRectSetRebarLayoutBuilder.cls","528","If UBound(lineSettings) - LBound(lineSettings) < 8 Then Exit Function","Pending","",""
"src/Section/CRectSetRebarLayoutBuilder.cls","529","If Len(Trim$(CStr(lineSettings(LBound(lineSettings) + 8)))) > 0 Then LineRow3Location = Trim$(CStr(lineSettings(LBound(lineSettings) + 8)))","Pending","",""
"src/Section/CRectSetRebarLayoutBuilder.cls","535","If UBound(lineSettings) - LBound(lineSettings) < 9 Then Exit Function","Pending","",""
"src/Section/CRectSetRebarLayoutBuilder.cls","536","If Len(Trim$(CStr(lineSettings(LBound(lineSettings) + 9)))) > 0 Then LineRow2Binding = Trim$(CStr(lineSettings(LBound(lineSettings) + 9)))","Pending","",""
"src/Section/CRectSetRebarLayoutBuilder.cls","542","If UBound(lineSettings) - LBound(lineSettings) < 10 Then Exit Function","Pending","",""
"src/Section/CRectSetRebarLayoutBuilder.cls","543","If Len(Trim$(CStr(lineSettings(LBound(lineSettings) + 10)))) > 0 Then LineRow3Binding = Trim$(CStr(lineSettings(LBound(lineSettings) + 10)))","Pending","",""
"src/Section/CRectSetRebarLayoutBuilder.cls","593","If row2Diameter < 0# Or row3Diameter < 0# Then Err.Raise vbObjectError + 3180, ""CRectSetRebarLayoutBuilder"", faceName & "": диаметры дополнительных рядов d_2row и d_3row должны быть неотрицательными.""","Pending","",""
"src/Section/CRectSetRebarLayoutBuilder.cls","594","If row2Diameter > 0# And Not IsSupportedRowLocation(row2Location) Then Err.Raise vbObjectError + 3182, ""CRectSetRebarLayoutBuilder"", faceName & "": loc_2row должен быть SideBySide или Stacked.""","Pending","",""
"src/Section/CRectSetRebarLayoutBuilder.cls","595","If row3Diameter > 0# And Not IsSupportedRowLocation(row3Location) Then Err.Raise vbObjectError + 3183, ""CRectSetRebarLayoutBuilder"", faceName & "": loc_3row должен быть SideBySide или Stacked.""","Pending","",""
"src/Section/CRectSetRebarLayoutBuilder.cls","596","If row2Diameter > 0# And Not IsSupportedRowBinding(row2Binding) Then Err.Raise vbObjectError + 3184, ""CRectSetRebarLayoutBuilder"", faceName & "": bind_2row должен быть EachBar или EverySecondBar.""","Pending","",""
"src/Section/CRectSetRebarLayoutBuilder.cls","597","If row3Diameter > 0# And Not IsSupportedRowBinding(row3Binding) Then Err.Raise vbObjectError + 3185, ""CRectSetRebarLayoutBuilder"", faceName & "": bind_3row должен быть EachBar или EverySecondBar.""","Pending","",""
"src/Section/CRectSetRebarLayoutBuilder.cls","602","IsSupportedRowLocation = (StrComp(value, ""SideBySide"", vbTextCompare) = 0 Or StrComp(value, ""Stacked"", vbTextCompare) = 0)","Pending","",""
"src/Section/CRectSetRebarLayoutBuilder.cls","607","IsSupportedRowBinding = (StrComp(value, ""EachBar"", vbTextCompare) = 0 Or StrComp(value, ""EverySecondBar"", vbTextCompare) = 0)","Pending","",""
"src/Section/CRectSetRebarLayoutBuilder.cls","628","FaceAs1 = CDbl(faceSettings(LBound(faceSettings)))","Pending","",""
"src/Section/CRectSetRebarLayoutBuilder.cls","633","FaceAs2 = CDbl(faceSettings(LBound(faceSettings) + 1))","Pending","",""
"src/Section/CRectSetRebarLayoutBuilder.cls","638","FaceDiameter1 = CDbl(faceSettings(LBound(faceSettings) + 2))","Pending","",""
"src/Section/CRectSetRebarLayoutBuilder.cls","643","FaceDiameter2 = CDbl(faceSettings(LBound(faceSettings) + 3))","Pending","",""
"src/Section/CRectSetRebarLayoutBuilder.cls","648","FaceCount1 = CLng(faceSettings(LBound(faceSettings) + 4))","Pending","",""
"src/Section/CRectSetRebarLayoutBuilder.cls","653","FaceCount2 = CLng(faceSettings(LBound(faceSettings) + 5))","Pending","",""
"src/Section/CRectSetRebarLayoutBuilder.cls","658","FaceStartOffset1 = CDbl(faceSettings(LBound(faceSettings) + 6))","Pending","",""
"src/Section/CRectSetRebarLayoutBuilder.cls","663","FaceEndOffset1 = CDbl(faceSettings(LBound(faceSettings) + 7))","Pending","",""
"src/Section/CRectSetRebarLayoutBuilder.cls","668","FaceStartOffset2 = CDbl(faceSettings(LBound(faceSettings) + 8))","Pending","",""
"src/Section/CRectSetRebarLayoutBuilder.cls","673","FaceEndOffset2 = CDbl(faceSettings(LBound(faceSettings) + 9))","Pending","",""
"src/Section/CRectSetRebarLayoutBuilder.cls","678","If UBound(faceSettings) - LBound(faceSettings) < 10 Then Exit Function","Pending","",""
"src/Section/CRectSetRebarLayoutBuilder.cls","679","FaceRow2Diameter1 = CDbl(faceSettings(LBound(faceSettings) + 10))","Pending","",""
"src/Section/CRectSetRebarLayoutBuilder.cls","684","If UBound(faceSettings) - LBound(faceSettings) < 11 Then Exit Function","Pending","",""
"src/Section/CRectSetRebarLayoutBuilder.cls","685","FaceRow2Diameter2 = CDbl(faceSettings(LBound(faceSettings) + 11))","Pending","",""
"src/Section/CRectSetRebarLayoutBuilder.cls","690","If UBound(faceSettings) - LBound(faceSettings) < 12 Then Exit Function","Pending","",""
"src/Section/CRectSetRebarLayoutBuilder.cls","691","FaceRow3Diameter1 = CDbl(faceSettings(LBound(faceSettings) + 12))","Pending","",""
"src/Section/CRectSetRebarLayoutBuilder.cls","696","If UBound(faceSettings) - LBound(faceSettings) < 13 Then Exit Function","Pending","",""
"src/Section/CRectSetRebarLayoutBuilder.cls","697","FaceRow3Diameter2 = CDbl(faceSettings(LBound(faceSettings) + 13))","Pending","",""
"src/Section/CRectSetRebarLayoutBuilder.cls","703","If UBound(faceSettings) - LBound(faceSettings) < 14 Then Exit Function","Pending","",""
"src/Section/CRectSetRebarLayoutBuilder.cls","704","If Len(Trim$(CStr(faceSettings(LBound(faceSettings) + 14)))) > 0 Then FaceRow2Location = Trim$(CStr(faceSettings(LBound(faceSettings) + 14)))","Pending","",""
"src/Section/CRectSetRebarLayoutBuilder.cls","710","If UBound(faceSettings) - LBound(faceSettings) < 15 Then Exit Function","Pending","",""
"src/Section/CRectSetRebarLayoutBuilder.cls","711","If Len(Trim$(CStr(faceSettings(LBound(faceSettings) + 15)))) > 0 Then FaceRow3Location = Trim$(CStr(faceSettings(LBound(faceSettings) + 15)))","Pending","",""
"src/Section/CRectSetRebarLayoutBuilder.cls","717","If UBound(faceSettings) - LBound(faceSettings) < 16 Then Exit Function","Pending","",""
"src/Section/CRectSetRebarLayoutBuilder.cls","718","If Len(Trim$(CStr(faceSettings(LBound(faceSettings) + 16)))) > 0 Then FaceRow2Binding = Trim$(CStr(faceSettings(LBound(faceSettings) + 16)))","Pending","",""
"src/Section/CRectSetRebarLayoutBuilder.cls","724","If UBound(faceSettings) - LBound(faceSettings) < 17 Then Exit Function","Pending","",""
"src/Section/CRectSetRebarLayoutBuilder.cls","725","If Len(Trim$(CStr(faceSettings(LBound(faceSettings) + 17)))) > 0 Then FaceRow3Binding = Trim$(CStr(faceSettings(LBound(faceSettings) + 17)))","Pending","",""
"src/Section/CRectSetRebarLayoutBuilder.cls","735","For i = LBound(distances) To UBound(distances)","Pending","",""
"src/Section/CRectSetRebarLayoutBuilder.cls","751","If Abs(layout.X(i) - xCoord) <= GEOM_TOLERANCE And Abs(layout.Y(i) - yCoord) <= GEOM_TOLERANCE Then","Pending","",""
"src/Section/CRoundedRectAnnotationBuilder.cls","53","For i = LBound(px) To UBound(px)","Pending","",""
"src/Section/CRoundedRectAnnotationBuilder.cls","54","If i = UBound(px) Then","Pending","",""
"src/Section/CRoundedRectAnnotationBuilder.cls","55","nextIndex = LBound(px)","Pending","",""
"src/Section/CRoundedRectAnnotationBuilder.cls","110","If StrComp(rounded.LeftType, ""Tapered"", vbTextCompare) = 0 And actualLeftW > GEOM_TOLERANCE Then","Pending","",""
"src/Section/CRoundedRectAnnotationBuilder.cls","117","If StrComp(rounded.RightType, ""Tapered"", vbTextCompare) = 0 And actualRightW > GEOM_TOLERANCE Then","Pending","",""
"src/Section/CRoundedRectRebarLayoutBuilder.cls","115","If count > 0 And diameter > 0# Then","Pending","",""
"src/Section/CRoundedRectRebarLayoutBuilder.cls","142","If Len(rawValue) = 0 Or UCase$(rawValue) = ""TODO"" Then Exit Function","Pending","",""
"src/Section/CRoundedRectRebarLayoutBuilder.cls","166","If barCount = 0 Or diameter = 0# Then Exit Sub","Pending","",""
"src/Section/CRoundedRectRebarLayoutBuilder.cls","224","If barCount = 0 Or diameter = 0# Then Exit Sub","Pending","",""
"src/Section/CRoundedRectRebarLayoutBuilder.cls","304","If row2Diameter > 0# And ShouldAddAdditionalRow(baseBarOrdinal, FaceRow2Binding(settings)) Then","Pending","",""
"src/Section/CRoundedRectRebarLayoutBuilder.cls","311","If row3Diameter > 0# And ShouldAddAdditionalRow(baseBarOrdinal, FaceRow3Binding(settings)) Then","Pending","",""
"src/Section/CRoundedRectRebarLayoutBuilder.cls","314","If row2Diameter > 0# And StrComp(FaceRow2Location(settings), FaceRow3Location(settings), vbTextCompare) = 0 Then skippedDiameter = row2Diameter","Pending","",""
"src/Section/CRoundedRectRebarLayoutBuilder.cls","377","If barCount = 0 Or diameter = 0# Then Exit Sub","Pending","",""
"src/Section/CRoundedRectRebarLayoutBuilder.cls","379","If row2Diameter < 0# Or row3Diameter < 0# Then Err.Raise vbObjectError + 3233, ""CRoundedRectRebarLayoutBuilder"", RoundedFaceDisplayName(faceName) & "": диаметры дополнительных рядов d2 и d3 должны быть неотрицательными.""","Pending","",""
"src/Section/CRoundedRectRebarLayoutBuilder.cls","380","If row2Diameter > 0# And Not IsSupportedRowLocation(row2Location) Then Err.Raise vbObjectError + 3234, ""CRoundedRectRebarLayoutBuilder"", RoundedFaceDisplayName(faceName) & "": положение второго ряда должно быть SideBySide или Stacked.""","Pending","",""
"src/Section/CRoundedRectRebarLayoutBuilder.cls","381","If row3Diameter > 0# And Not IsSupportedRowLocation(row3Location) Then Err.Raise vbObjectError + 3235, ""CRoundedRectRebarLayoutBuilder"", RoundedFaceDisplayName(faceName) & "": положение третьего ряда должно быть SideBySide или Stacked.""","Pending","",""
"src/Section/CRoundedRectRebarLayoutBuilder.cls","382","If row2Diameter > 0# And Not IsSupportedRowBinding(row2Binding) Then Err.Raise vbObjectError + 3236, ""CRoundedRectRebarLayoutBuilder"", RoundedFaceDisplayName(faceName) & "": привязка второго ряда должна быть EachBar или EverySecondBar.""","Pending","",""
"src/Section/CRoundedRectRebarLayoutBuilder.cls","383","If row3Diameter > 0# And Not IsSupportedRowBinding(row3Binding) Then Err.Raise vbObjectError + 3237, ""CRoundedRectRebarLayoutBuilder"", RoundedFaceDisplayName(faceName) & "": привязка третьего ряда должна быть EachBar или EverySecondBar.""","Pending","",""
"src/Section/CRoundedRectRebarLayoutBuilder.cls","388","IsSupportedRowLocation = (StrComp(value, ""SideBySide"", vbTextCompare) = 0 Or StrComp(value, ""Stacked"", vbTextCompare) = 0)","Pending","",""
"src/Section/CRoundedRectRebarLayoutBuilder.cls","393","IsSupportedRowBinding = (StrComp(value, ""EachBar"", vbTextCompare) = 0 Or StrComp(value, ""EverySecondBar"", vbTextCompare) = 0)","Pending","",""
"src/Section/CRoundedRectRebarLayoutBuilder.cls","401","For i = LBound(px) To UBound(px) - 1","Pending","",""
"src/Section/CRoundedRectRebarLayoutBuilder.cls","413","For i = LBound(px) To UBound(px) - 1","Pending","",""
"src/Section/CRoundedRectRebarLayoutBuilder.cls","431","xCoord = px(UBound(px))","Pending","",""
"src/Section/CRoundedRectRebarLayoutBuilder.cls","432","yCoord = py(UBound(py))","Pending","",""
"src/Section/CRoundedRectRebarLayoutBuilder.cls","452","If Abs(layout.X(i) - xCoord) <= GEOM_TOLERANCE And Abs(layout.Y(i) - yCoord) <= GEOM_TOLERANCE Then","Pending","",""
"src/Section/CRoundedRectRebarLayoutBuilder.cls","461","FaceAs = CDbl(settings(LBound(settings)))","Pending","",""
"src/Section/CRoundedRectRebarLayoutBuilder.cls","466","FaceDiameter = CDbl(settings(LBound(settings) + 1))","Pending","",""
"src/Section/CRoundedRectRebarLayoutBuilder.cls","471","FaceCount = CLng(settings(LBound(settings) + 2))","Pending","",""
"src/Section/CRoundedRectRebarLayoutBuilder.cls","476","FaceRow2Diameter = CDbl(settings(LBound(settings) + 3))","Pending","",""
"src/Section/CRoundedRectRebarLayoutBuilder.cls","481","FaceRow3Diameter = CDbl(settings(LBound(settings) + 4))","Pending","",""
"src/Section/CRoundedRectRebarLayoutBuilder.cls","486","FaceRow2Location = CStr(settings(LBound(settings) + 5))","Pending","",""
"src/Section/CRoundedRectRebarLayoutBuilder.cls","491","FaceRow3Location = CStr(settings(LBound(settings) + 6))","Pending","",""
"src/Section/CRoundedRectRebarLayoutBuilder.cls","496","FaceRow2Binding = CStr(settings(LBound(settings) + 7))","Pending","",""
"src/Section/CRoundedRectRebarLayoutBuilder.cls","501","FaceRow3Binding = CStr(settings(LBound(settings) + 8))","Pending","",""
"src/Section/CSectionAnnotations.cls","191","If index < 1 Or index > mCount Then Err.Raise vbObjectError + 5282, ""CSectionAnnotations"", ""Индекс аннотации вне допустимого диапазона.""","Pending","",""
"src/Section/CSectionModel.cls","167","mConcreteRotationKnown(mConcreteCount) = rotationKnown Or Abs(rotation) > GEOM_TOLERANCE Or _","Pending","",""
"src/Section/CSectionModel.cls","203","If IsConcreteEquivalentAreaFallback(i) And Not mConcreteRotationKnown(i) Then","Pending","",""
"src/Section/CSectionModel.cls","238","If count > 0 And (Abs(sumCos) > GEOM_TOLERANCE Or Abs(sumSin) > GEOM_TOLERANCE) Then","Pending","",""
"src/Section/CSectionModel.cls","249","If widthValue <= GEOM_TOLERANCE Or heightValue <= GEOM_TOLERANCE Then Exit Function","Pending","",""
"src/Section/CSectionModel.cls","274","ConcreteBoundaryRectangle = (widthValue > GEOM_TOLERANCE And heightValue > GEOM_TOLERANCE)","Pending","",""
"src/Section/CSectionModel.cls","399","If index < 1 Or index > mConcreteCount Then Exit Sub","Pending","",""
"src/Section/CSectionModel.cls","429","If i1 <= GEOM_TOLERANCE Or i2 <= GEOM_TOLERANCE Then Exit Function","Pending","",""
"src/Section/CSectionModel.cls","436","If rectangleWidth > GEOM_TOLERANCE And rectangleHeight > GEOM_TOLERANCE Then","Pending","",""
"src/Section/CSectionModel.cls","452","TryInterpretAnisotropicBoundary = (widthValue > GEOM_TOLERANCE And heightValue > GEOM_TOLERANCE)","Pending","",""
"src/Section/CSectionModel.cls","479","StrComp(Trim$(mConcreteShapeType(index)), ""Rectangle"", vbTextCompare) = 0 And _","Pending","",""
"src/Section/CSectionModel.cls","480","mConcreteWidth(index) > GEOM_TOLERANCE And _","Pending","",""
"src/Section/CSectionModel.cls","481","mConcreteHeight(index) > GEOM_TOLERANCE And _","Pending","",""
"src/Section/CSectionModel.cls","482","mConcreteArea(index) > GEOM_TOLERANCE And _","Pending","",""
"src/Section/CSectionModel.cls","533","If localIx <= GEOM_TOLERANCE Or localIy <= GEOM_TOLERANCE Then Exit Function","Pending","",""
"src/Section/CSectionModel.cls","546","Abs(localIx - localIy) / scaleValue <= LOCAL_INERTIA_SQUARE_REL_TOLERANCE And _","Pending","",""
"src/Section/CSectionModel.cls","801","If index < 1 Or index > mConcreteCount Then Err.Raise vbObjectError + 5220, ""CSectionModel"", ""Индекс бетонного элемента вне допустимого диапазона.""","Pending","",""
"src/Section/CSectionModel.cls","806","If index < 1 Or index > mRebarCount Then Err.Raise vbObjectError + 5221, ""CSectionModel"", ""Индекс арматурного элемента вне допустимого диапазона.""","Pending","",""
"src/Section/CSectionPropertiesCalculator.cls","199","If includeRebar And section.RebarCount > 0 Then","Pending","",""
"src/Section/CSectionPropertiesCalculator.cls","265","If intervalStart(i) <= PROJECTION_INTERVAL_TOLERANCE And _","Pending","",""
"src/Section/CSectionPropertiesCalculator.cls","267","If Not hasSeed Or intervalEnd(i) > currentEnd Then currentEnd = intervalEnd(i)","Pending","",""
"src/Section/CSectionPropertiesCalculator.cls","284","If intervalStart(i) <= currentEnd + PROJECTION_INTERVAL_TOLERANCE And _","Pending","",""
"src/Section/CSectionPropertiesCalculator.cls","511","If Abs(axisX) <= 0# And Abs(axisY) <= 0# Then Err.Raise vbObjectError + 2225, _","Pending","",""
"src/Section/CSectionPropertiesCalculator.cls","522","If includeRebar And section.RebarCount > 0 Then","Pending","",""
"src/Section/CSectionPropertiesCalculator.cls","670","If Abs(mIxyc) / inertiaRef <= PRINCIPAL_AXIS_ISOTROPIC_RELATIVE_TOLERANCE And _","Pending","",""
"src/Solver/CCapacityCalculator.cls","306","momentFilter, concreteDepthForMx) And _","Pending","",""
"src/Solver/CCapacityCalculator.cls","334","cap.ConcreteTensionLimitEnabled = (concreteMaterial.HasPhysicalTensionLimit And _","Pending","",""
"src/Solver/CCapacityLimitSearchProblem.cls","132","If request.PureAxialForMethod And lambdaValue > 0# Then","Pending","",""
"src/Solver/CCapacityLimitSearchProblem.cls","271","If Not request.ForceOnly And Not request.PureAxialForMethod Then","Pending","",""
"src/Solver/CCapacityLimitSearchProblem.cls","274","If request.SelectedLoadPath.ScalesMx Or request.SelectedLoadPath.ScalesMy Then Exit Sub","Pending","",""
"src/Solver/CCapacityLimitSearchProblem.cls","311","ElseIf mCapacity.LimitSearchInitialLambdaRejected And _","Pending","",""
"src/Solver/CCapacityLimitSearchProblem.cls","334","hasPoint = mCapacity.Converged And mCapacity.LambdaUltimate > 0#","Pending","",""
"src/Solver/CCapacityLimitSearchProblem.cls","344","If hasPoint And Not materialSpec Is Nothing Then","Pending","",""
"src/Solver/CCapacityLimitSearchProblem.cls","471","ILimitSearchProblem_StoppedTerminally = mCapacity.Converged Or mCapacity.LimitSearchHasTerminalFailure","Pending","",""
"src/Solver/CCapacityResult.cls","82","If searchResult.Succeeded And searchResult.Converged Then","Pending","",""
"src/Solver/CCapacityResult.cls","83","If searchResult.LambdaUltimate > 0# And searchResult.LambdaUltimate < 1# Then","Pending","",""
"src/Solver/CCapacityResult.cls","296","ElseIf StrComp(solutionStrategy, ""UltimateStrain"", vbTextCompare) = 0 And _","Pending","",""
"src/Solver/CCapacitySolver.cls","207","If allowPureAxialRedirect And IsPureAxialLoadPath(nOffset, nBase, mxOffset, mxBase, myOffset, myBase) Then","Pending","",""
"src/Solver/CCapacitySolver.cls","262","If mConverged Or LimitSearchHasTerminalFailure Then Exit Sub","Pending","",""
"src/Solver/CCapacitySolver.cls","275","mSearchExecuted = mSearchExecuted Or firstSearchExecuted","Pending","",""
"src/Solver/CCapacitySolver.cls","297","IsPureAxialLoadPath = Abs(nBase) > 0.000000001 And _","Pending","",""
"src/Solver/CCapacitySolver.cls","298","Abs(nOffset) <= 0.000000001 And _","Pending","",""
"src/Solver/CCapacitySolver.cls","299","Abs(mxOffset) <= 0.000000001 And Abs(mxBase) <= 0.000000001 And _","Pending","",""
"src/Solver/CCapacitySolver.cls","300","Abs(myOffset) <= 0.000000001 And Abs(myBase) <= 0.000000001","Pending","",""
"src/Solver/CCapacitySolver.cls","308","IsMomentOnlyLoadPath = Abs(nBase) <= 0.000000001 And _","Pending","",""
"src/Solver/CCapacitySolver.cls","342","If boundaryLambda <= 0# Or boundaryLambda > mMaxLambda Then Exit Sub","Pending","",""
"src/Solver/CCapacitySolver.cls","364","If section.RebarCount > 0 And Abs(edgeStrain - anchorStrain) > 0.000000000001 Then","Pending","",""
"src/Solver/CCapacitySolver.cls","516","If maxAbsY > 0# And baseNorm > 0# Then kx = Sgn(mxBase) * strainLimit / maxAbsY * Abs(mxBase) / baseNorm","Pending","",""
"src/Solver/CCapacitySolver.cls","517","If maxAbsX > 0# And baseNorm > 0# Then ky = Sgn(myBase) * strainLimit / maxAbsX * Abs(myBase) / baseNorm","Pending","",""
"src/Solver/CCapacitySolver.cls","518","If Abs(kx) <= 0.000000000001 And Abs(ky) <= 0.000000000001 Then kx = strainLimit / MaxDouble(maxAbsY, 1#)","Pending","",""
"src/Solver/CCapacitySolver.cls","916","LimitSearchUltimateResidualReached = (Abs(rPath1) <= 1# And _","Pending","",""
"src/Solver/CCapacitySolver.cls","917","Abs(rPath2) <= MOMENT_DIRECTION_TOLERANCE And _","Pending","",""
"src/Solver/CCapacitySolver.cls","920","LimitSearchUltimateResidualReached = (Abs(rPath1) <= 1# And _","Pending","",""
"src/Solver/CCapacitySolver.cls","921","Abs(rPath2) <= 1# And Abs(rLimit) <= UltimateStrainRatioTolerance())","Pending","",""
"src/Solver/CCapacitySolver.cls","1191","ElseIf Abs(nBase) <= 0.000000001 And Abs(mxBase) <= 0.000000001 And Abs(myBase) <= 0.000000001 Then","Pending","",""
"src/Solver/CCapacitySolver.cls","1227","If baseLoadSteps < 1 Or baseLoadSteps > 2147483646 Then Exit Function","Pending","",""
"src/Solver/CCapacitySolver.cls","1243","ElseIf StrComp(Trim$(mSolverMethod), ""Newton"", vbTextCompare) <> 0 And _","Pending","",""
"src/Solver/CCapacitySolver.cls","1445","IsPureBendingProbe = (Abs(nSpecified) <= 0.000000001 And _","Pending","",""
"src/Solver/CCapacitySolver.cls","1453","IsZeroLoadProbe = (Abs(nSpecified) <= 0.000000001 And _","Pending","",""
"src/Solver/CCapacitySolver.cls","1454","Abs(mx) <= 0.000000001 And Abs(my) <= 0.000000001)","Pending","",""
"src/Solver/CCapacitySolver.cls","1545","If mProbeCacheNextSlot < 1 Or mProbeCacheNextSlot > PROBE_CACHE_SIZE Then mProbeCacheNextSlot = 1","Pending","",""
"src/Solver/CCapacitySolver.cls","1594","If strain < 0# And mConcreteCompressionLimit < 0# Then","Pending","",""
"src/Solver/CCapacitySolver.cls","1597","ElseIf strain > 0# And mConcreteTensionLimitEnabled And mConcreteTensionLimit > 0# Then","Pending","",""
"src/Solver/CCapacitySolver.cls","1697","IsPhysicalLimit = (state = STATE_CONCRETE_LIMIT Or state = STATE_CONCRETE_TENSION_LIMIT Or _","Pending","",""
"src/Solver/CCapacitySolver.cls","1704","IsNumericalFailure = (state = STATE_NUMERICAL_FAILURE Or state = STATE_SINGULAR_TANGENT)","Pending","",""
"src/Solver/CCapacitySolver.cls","1827","LimitSearchHasTerminalFailure = (mFailureCode = sfcInvalidInput Or _","Pending","",""
"src/Solver/CCapacitySolver.cls","1828","mFailureCode = sfcInvalidConfiguration Or mFailureCode = sfcInternalError)","Pending","",""
"src/Solver/CCapacitySolver.cls","1862","mSearchExecuted = mSearchExecuted Or firstSearchExecuted","Pending","",""
"src/Solver/CCapacitySolver.cls","1872","If mConverged And Len(Trim$(successMessage)) > 0 Then _","Pending","",""
"src/Solver/CLimitSearchCoordinator.cls","87","If loadState.LoadPointMx <> 0# And loadState.LoadPointMy <> 0# Then","Pending","",""
"src/Solver/CLimitSearchCoordinator.cls","114","For i = LBound(paths) To UBound(paths)","Pending","",""
"src/Solver/CLimitSearchCoordinator.cls","123","request.Problem.AppendDiagnostic ""LoadPath: попытка "" & CStr(i - LBound(paths) + 1) & _","Pending","",""
"src/Solver/CLimitSearchCoordinator.cls","124",""" из "" & CStr(UBound(paths) - LBound(paths) + 1) & "" - "" & request.SelectedLoadPath.DisplayName & "".""","Pending","",""
"src/Solver/CLimitSearchCoordinator.cls","134","If result.Succeeded And result.HasLimitPoint Then Exit For","Pending","",""
"src/Solver/CLimitSearchCoordinator.cls","135","If meta.InternalStatus = rsInvalidInput Or meta.InternalStatus = rsInvalidConfiguration Or _","Pending","",""
"src/Solver/CLimitSearchCoordinator.cls","137","If i < UBound(paths) Then","Pending","",""
"src/Solver/CLimitSearchCoordinator.cls","273","If Not secondResult.Succeeded And Len(request.Problem.StopReason) = 0 Then _","Pending","",""
"src/Solver/CLimitSearchRequest.cls","287","mPureAxialForMethod = mForceOnly And mPureAxialLoad","Pending","",""
"src/Solver/CLimitSearchResult.cls","155","Succeeded = (mMeta.InternalStatus = rsSuccess Or mMeta.InternalStatus = rsSuccessWithWarning)","Pending","",""
"src/Solver/CLinearSystem3x3.cls","126","If errorNumber = 6 Or errorNumber = 11 Then","Pending","",""
"src/Solver/CLoadMultiplierSearch.cls","99","If Not IsFiniteNumber(request.Problem.InitialLambdaStep) Or _","Pending","",""
"src/Solver/CLoadMultiplierSearch.cls","100","Not IsFiniteNumber(request.Problem.MaxLambda) Or _","Pending","",""
"src/Solver/CLoadMultiplierSearch.cls","103","ElseIf request.Problem.InitialLambdaStep <= 0# Or request.Problem.MaxLambda <= 0# Or _","Pending","",""
"src/Solver/CLoadMultiplierSearch.cls","124","If Not evaluated Or request.Problem.IsNumericalFailureState(probeState) Then","Pending","",""
"src/Solver/CLoadMultiplierSearch.cls","127","If Not IsFiniteNumber(reducedLambda) Or reducedLambda <= lowLambda Or reducedLambda >= highLambda Then","Pending","",""
"src/Solver/CLoadMultiplierSearch.cls","214","If maxIterations > 0 And iterations >= maxIterations Then Exit Do","Pending","",""
"src/Solver/CLoadMultiplierSearch.cls","223","If midLambda <= lowLambda Or midLambda >= highLambda Then","Pending","",""
"src/Solver/CLoadMultiplierSearch.cls","276","If fb = 0# And IsLimitState(request, stateB) Then","Pending","",""
"src/Solver/CLoadMultiplierSearch.cls","280","If fa >= 0# Or fb <= 0# Then","Pending","",""
"src/Solver/CLoadMultiplierSearch.cls","313","If fb = 0# And IsLimitState(request, stateB) Then","Pending","",""
"src/Solver/CLoadMultiplierSearch.cls","331","If Abs(e) >= tol And Abs(fa) > Abs(fb) Then","Pending","",""
"src/Solver/CLoadMultiplierSearch.cls","370","If fa = 0# Or fc = 0# Then Exit Function","Pending","",""
"src/Solver/CLoadMultiplierSearch.cls","402","If candidate > MinDouble(current, opposite) And candidate < MaxDouble(current, opposite) Then","Pending","",""
"src/Solver/CLoadMultiplierSearch.cls","409","TryBrentCandidate = candidate > MinDouble(current, opposite) And candidate < MaxDouble(current, opposite)","Pending","",""
"src/Solver/CLoadMultiplierSearch.cls","433","If Abs(f1) <= tolerance And CanFinalizeSecantProbe(request, state1, solver1) Then","Pending","",""
"src/Solver/CLoadMultiplierSearch.cls","437","If f0 >= 0# Or f1 <= 0# Then","Pending","",""
"src/Solver/CLoadMultiplierSearch.cls","448","If Abs(f1) <= tolerance And CanFinalizeSecantProbe(request, state1, solver1) Then","Pending","",""
"src/Solver/CLoadMultiplierSearch.cls","460","If x2 <= bracketLow Or x2 >= bracketHigh Or Not IsFiniteNumber(x2) Then","Pending","",""
"src/Solver/CLoadMultiplierSearch.cls","469","If Abs(f2) <= tolerance And CanFinalizeSecantProbe(request, state2, solver2) Then","Pending","",""
"src/Solver/CLoadMultiplierSearch.cls","641","If rawCandidate > bracketLow And rawCandidate < bracketHigh Then Exit Function","Pending","",""
"src/Solver/CLoadMultiplierSearch.cls","644","If currentLambda > bracketLow And currentLambda < bracketHigh Then","Pending","",""
"src/Solver/CLoadMultiplierSearch.cls","650","If currentLambda > bracketLow And currentLambda < bracketHigh Then","Pending","",""
"src/Solver/CLoadMultiplierSearch.cls","698","If value <> 0# And (Abs(value) < 0.000000001 Or Abs(value) > 1000000000000#) Then","Pending","",""
"src/Solver/CSectionSolver.cls","415","If Not IsFiniteNumber(mLastStepNorm) Or mLastStepNorm <= mSecantMinStepNorm Then","Pending","",""
"src/Solver/CSectionSolver.cls","568","SolveSecantCorrection = IsFiniteNumber(deltaEps) And IsFiniteNumber(deltaKx) And IsFiniteNumber(deltaKy)","Pending","",""
"src/Solver/CSectionSolver.cls","682","If Abs(b(i, j)) > 0# And Abs(b(i, j)) < minAbs Then minAbs = Abs(b(i, j))","Pending","",""
"src/Solver/CSectionSolver.cls","685","If maxAbs <= 0# Or minAbs >= 1E+99 Then","Pending","",""
"src/Solver/CSectionSolver.cls","715","If trialEps = mEpsilon0 And trialKx = mKappaX And trialKy = mKappaY Then","Pending","",""
"src/Solver/CSectionSolver.cls","727","If (Not mLineSearchEnabled) Or trialNorm <= baseNorm Or baseNorm <= 0.000000000001 Then","Pending","",""
"src/Solver/CSectionSolver.cls","738","If nextAlpha <= 0# Or nextAlpha >= alpha Then","Pending","",""
"src/Solver/CSectionSolver.cls","754","If mMaxDeltaEpsilon0 > 0# And Abs(deltaEps) > mMaxDeltaEpsilon0 Then","Pending","",""
"src/Solver/CSectionSolver.cls","757","If mMaxDeltaKappa > 0# And Abs(deltaKx) > mMaxDeltaKappa Then","Pending","",""
"src/Solver/CSectionSolver.cls","760","If mMaxDeltaKappa > 0# And Abs(deltaKy) > mMaxDeltaKappa Then","Pending","",""
"src/Solver/CSectionSolver.cls","848","If stress < 0# And Abs(stress) > mMaxConcreteCompressionStress Then","Pending","",""
"src/Solver/CSectionSolver.cls","951","IsConverged = Abs(mResidualN) <= mToleranceN And _","Pending","",""
"src/Solver/CSectionSolver.cls","952","Abs(mResidualMx) <= mToleranceMx And _","Pending","",""
"src/Solver/CSectionSolver.cls","1024","ElseIf mToleranceN <= 0# Or mToleranceMx <= 0# Or mToleranceMy <= 0# Then","Pending","",""
"src/Solver/CSectionSolver.cls","1026","ElseIf Not IsFiniteNumber(mDampingInitial) Or mDampingInitial <= 0# Or mDampingInitial > 1# Then","Pending","",""
"src/Solver/CSectionSolver.cls","1028","ElseIf Not IsFiniteNumber(mMinLineSearchAlpha) Or mMinLineSearchAlpha <= 0# Or _","Pending","",""
"src/Solver/CSectionSolver.cls","1031","ElseIf Not IsFiniteNumber(mMaxDeltaEpsilon0) Or Not IsFiniteNumber(mMaxDeltaKappa) Or _","Pending","",""
"src/Solver/CSectionSolver.cls","1032","mMaxDeltaEpsilon0 < 0# Or mMaxDeltaKappa < 0# Then","Pending","",""
"src/Solver/CSectionSolver.cls","1142","IsFiniteNumber = (value = value And Abs(value) < 1E+100)","Pending","",""
"src/Solver/CStateGuessBuilder.cls","176","If targetN <= 0# Or section.ConcreteCount <= 0 Then Exit Function","Pending","",""
"src/Solver/CStateGuessBuilder.cls","291","If requireStable And Not stable Then Exit Function","Pending","",""
"src/Solver/CStateGuessBuilder.cls","451","If targetN > 0# And steelMaterial.HasTensionExtension And _","Pending","",""
"src/Solver/CStateGuessBuilder.cls","454","ElseIf targetN < 0# And concreteMaterial.HasCompressionExtension And _","Pending","",""
"src/Solver/CStateGuessBuilder.cls","457","ElseIf targetN < 0# And steelMaterial.HasCompressionExtension And _","Pending","",""
"src/Solver/CStateGuessBuilder.cls","487","If targetN > 0# And steelMaterial.HasTensionExtension Then","Pending","",""
"src/Solver/CStateGuessBuilder.cls","490","ElseIf targetN < 0# And concreteMaterial.HasCompressionExtension Then","Pending","",""
"src/Solver/CStateGuessBuilder.cls","568","If stress >= stress1 And stress <= stress2 Then","Pending","",""
"src/Solver/CStateGuessBuilder.cls","799","If steelMaterial.HasTensionExtension And _","Pending","",""
"src/Solver/CStateGuessBuilder.cls","804","If steelMaterial.HasCompressionExtension And _","Pending","",""
"src/Solver/CStateGuessBuilder.cls","809","If concreteMaterial.HasCompressionExtension And _","Pending","",""
"src/Solver/CStateGuessBuilder.cls","818","If physicalLimit <= 0# Or currentStrain <= STATE_NEAR_ZERO Then Exit Function","Pending","",""
"src/Solver/CStateGuessBuilder.cls","826","If physicalLimit >= 0# Or currentStrain >= -STATE_NEAR_ZERO Then Exit Function","Pending","",""
"src/Solver/CStateGuessBuilder.cls","842","ExtensionPlaneClose = Abs(newEps0 - oldEps0) <= ACTIVE_SET_EPSILON_TOLERANCE And _","Pending","",""
"src/Solver/CStateGuessBuilder.cls","843","Abs(newKx - oldKx) <= ACTIVE_SET_KAPPA_TOLERANCE And _","Pending","",""
"src/Solver/CStateSolutionRunner.cls","154","If CanRetrySolver(service) And allowExtensionWarmStart Then","Pending","",""
"src/Solver/CStateSolutionRunner.cls","208","If CanRetrySolver(service) And allowExtensionWarmStart Then","Pending","",""
"src/Solver/CStateSolutionRunner.cls","271","If CanRetrySolver(service) And allowExtensionWarmStart Then","Pending","",""
"src/Solver/CStateSolutionRunner.cls","504","(mLineSearchEnabled And Not disableLineSearch), mDampingInitial, mMinLineSearchAlpha, _","Pending","",""
"src/Solver/CStateSolutionRunner.cls","547","If Not RetryResidualIsComparable(candidate.ResidualN) Or Not RetryResidualIsComparable(candidate.ResidualMx) Or _","Pending","",""
"src/Solver/CStateSolutionRunner.cls","549","If Not RetryResidualIsComparable(previous.ResidualN) Or Not RetryResidualIsComparable(previous.ResidualMx) Or _","Pending","",""
"src/Solver/CStateSolutionRunner.cls","554","FailedRetryImprovesAllResiduals = Abs(candidate.ResidualN) < Abs(previous.ResidualN) Or _","Pending","",""
"src/Solver/CStateSolutionRunner.cls","555","Abs(candidate.ResidualMx) < Abs(previous.ResidualMx) Or Abs(candidate.ResidualMy) < Abs(previous.ResidualMy)","Pending","",""
"src/Solver/CStateSolutionRunner.cls","561","RetryResidualIsComparable = (value = value And Abs(value) < 1E+100)","Pending","",""
"src/Solver/CStateSolutionRunner.cls","569","If Not section Is mRetryContextSection Or Not concreteMaterial Is mRetryContextConcrete Or _","Pending","",""
"src/Solver/CStateSolutionRunner.cls","588","For index = LBound(attemptKey) To UBound(attemptKey)","Pending","",""
"src/Solver/CStateSolutionRunner.cls","606","If retry.FailureCode <> sfcNumericalFailure And retry.FailureCode <> sfcSingularTangent Then Exit Sub","Pending","",""
"src/Solver/CStateSolutionRunner.cls","692","MaterialsHaveExtension = concreteDiagram.HasCompressionExtension Or concreteDiagram.HasTensionExtension","Pending","",""
"src/Solver/CStateSolutionRunner.cls","696","MaterialsHaveExtension = MaterialsHaveExtension Or _","Pending","",""
"src/Solver/CStateSolutionRunner.cls","697","steelDiagram.HasCompressionExtension Or steelDiagram.HasTensionExtension","Pending","",""
"src/Solver/CStateSolutionRunner.cls","707","If concreteMaterial Is Nothing Or steelMaterial Is Nothing Then Exit Function","Pending","",""
"src/Solver/CUltimateStrainSearch.cls","38","If request.ForceOnly And _","Pending","",""
"src/Solver/CUltimateStrainSearch.cls","39","StrComp(request.SolutionStrategy, ""UltimateStrain"", vbTextCompare) = 0 And _","Pending","",""
"src/Solver/CUltimateStrainSearch.cls","40","Not request.Problem.Converged And _","Pending","",""
"src/Solver/CUltimateStrainSearch.cls","138","If Not IsFiniteNumber(eps0) Or Not IsFiniteNumber(kx) Or Not IsFiniteNumber(ky) Then","Pending","",""
"src/Solver/CUltimateStrainSearch.cls","188","ElseIf Not IsFiniteNumber(damping) Or damping <= 0# Or damping > 1# Then","Pending","",""
"src/Solver/CUltimateStrainSearch.cls","190","ElseIf Not IsFiniteNumber(minAlpha) Or minAlpha <= 0# Or minAlpha > damping Then","Pending","",""
"src/Solver/CUltimateStrainSearch.cls","192","ElseIf Not IsFiniteNumber(maxDeltaEps) Or Not IsFiniteNumber(maxDeltaKappa) Or _","Pending","",""
"src/Solver/CUltimateStrainSearch.cls","193","maxDeltaEps < 0# Or maxDeltaKappa < 0# Then","Pending","",""
"src/Solver/CUltimateStrainSearch.cls","226","If eps0 + hEps = eps0 Or kx + hKx = kx Or ky + hKy = ky Then","Pending","",""
"src/Solver/CUltimateStrainSearch.cls","277","If trialEps = eps0 And trialKx = kx And trialKy = ky Then","Pending","",""
"src/Solver/CUltimateStrainSearch.cls","291","If context.LimitSearchUltimateResidualReached(trialR1, trialR2, trialRLimit) Or _","Pending","",""
"src/Solver/CUltimateStrainSearch.cls","292","(Not context.LimitSearchUltimateLineSearchEnabled) Or _","Pending","",""
"src/Solver/CUltimateStrainSearch.cls","304","If nextAlpha <= 0# Or nextAlpha >= alpha Then","Pending","",""
"src/Solver/CUltimateStrainSearch.cls","342","If context.LimitSearchUltimateMaxDeltaEpsilon0 > 0# And _","Pending","",""
"src/Solver/CUltimateStrainSearch.cls","346","If context.LimitSearchUltimateMaxDeltaKappa > 0# And _","Pending","",""
"src/Solver/CUltimateStrainSearch.cls","350","If context.LimitSearchUltimateMaxDeltaKappa > 0# And _","Pending","",""
"src/Stability/CStabilityCalculator.cls","170","If code <> CODE_SP63 And code <> CODE_SP35 Then RaiseSettingInput ""Stability.Code"", _","Pending","",""
"src/Stability/CStabilityCalculator.cls","178","If StrComp(Trim$(systemType), SYSTEM_DETERMINATE, vbTextCompare) <> 0 And _","Pending","",""
"src/Stability/CStabilityCalculator.cls","182","If zeroMomentSign1 <> 1# And zeroMomentSign1 <> -1# Then RaiseSettingInput ""Stability.ZeroMomentEccentricitySign1"", _","Pending","",""
"src/Stability/CStabilityCalculator.cls","184","If zeroMomentSign2 <> 1# And zeroMomentSign2 <> -1# Then RaiseSettingInput ""Stability.ZeroMomentEccentricitySign2"", _","Pending","",""
"src/Stability/CStabilityCalculator.cls","186","If StrComp(Trim$(phiLMode), PHIL_AUTO, vbTextCompare) <> 0 And _","Pending","",""
"src/Stability/CStabilityCalculator.cls","191","If accidentalUserValue1 < 0# Or (mode = ACC_USER And accidentalUserValue1 <= SMALL_VALUE) Then _","Pending","",""
"src/Stability/CStabilityCalculator.cls","194","If accidentalUserValue2 < 0# Or (mode = ACC_USER And accidentalUserValue2 <= SMALL_VALUE) Then _","Pending","",""
"src/Stability/CStabilityCalculator.cls","203","If sp63DeltaEMin > 0# And sp63DeltaEMax > 0# And sp63DeltaEMin > sp63DeltaEMax Then _","Pending","",""
"src/Stability/CStabilityCalculator.cls","271","If ebForGeometry <= 0# Or esForGeometry <= 0# Then RaiseInput ""Для расчета устойчивости нужны положительные Eb и Es.""","Pending","",""
"src/Stability/CStabilityCalculator.cls","304","If Err.Number <> 0 And Err.Number <> vbObjectError + 7600 Then mInternalError = True","Pending","",""
"src/Stability/CStabilityCalculator.cls","417","hasMomentVector = (Abs(plane1.Moment) > SMALL_VALUE Or Abs(plane2.Moment) > SMALL_VALUE)","Pending","",""
"src/Stability/CStabilityCalculator.cls","421","(applyBothPlanes Or Not hasMomentVector Or Abs(plane1.Moment) > SMALL_VALUE)","Pending","",""
"src/Stability/CStabilityCalculator.cls","424","(applyBothPlanes Or Not hasMomentVector Or Abs(plane2.Moment) > SMALL_VALUE)","Pending","",""
"src/Stability/CStabilityCalculator.cls","445","If Abs(plane.Moment) <= SMALL_VALUE And Not allowZeroMomentAccidental Then","Pending","",""
"src/Stability/CStabilityCalculator.cls","550","If eb <= 0# Or es <= 0# Then RaiseInput ""Для расчета устойчивости СП 63 нужны положительные Eb и Es.""","Pending","",""
"src/Stability/CStabilityCalculator.cls","590","plane.CheckPassed = (plane.ReserveFactor > 1# And plane.Eta > 0#)","Pending","",""
"src/Stability/CStabilityCalculator.cls","613","If eb <= 0# Or es <= 0# Or rb <= 0# Or rsc <= 0# Then RaiseInput ""Для расчета устойчивости СП 35 нужны положительные Eb, Es, Rb и Rsc.""","Pending","",""
"src/Stability/CStabilityCalculator.cls","630","If Len(branch1) = 0 And Len(branch2) = 0 Then","Pending","",""
"src/Stability/CStabilityCalculator.cls","648","If plane.EffectiveLength > 0# And plane.InertiaConcrete > 0# And _","Pending","",""
"src/Stability/CStabilityCalculator.cls","649","plane.Depth > 0# And plane.Radius > 0# Then Exit Sub","Pending","",""
"src/Stability/CStabilityCalculator.cls","775","plane.CheckPassed = (plane.ReserveFactor + PASS_TOLERANCE >= 1# And plane.Eta > 0#)","Pending","",""
"src/Stability/CStabilityCalculator.cls","830","If Abs(totalMoment) > SMALL_VALUE And Abs(sustainedMoment) > SMALL_VALUE Then","Pending","",""
"src/Stability/CStabilityCalculator.cls","831","If Sgn(totalMoment) <> Sgn(sustainedMoment) And depthValue > SMALL_VALUE Then","Pending","",""
"src/Stability/CStabilityCalculator.cls","848","mApplicable = (plane1.Applicable Or plane2.Applicable)","Pending","",""
"src/Stability/CStabilityCalculator.cls","909","mCheckPassed = PlanePassedOrInactive(plane1) And PlanePassedOrInactive(plane2)","Pending","",""
"src/Stability/CStabilityCalculator.cls","1017","If criticalForce > 0# And nCompression > SMALL_FORCE Then ReserveByCriticalForce = criticalForce / nCompression","Pending","",""
"src/Stability/CStabilityCalculator.cls","1050","rowCount = UBound(table721, 1)","Pending","",""
"src/Stability/CStabilityCalculator.cls","1051","columnCount = UBound(table721, 2)","Pending","",""
"src/Stability/CStabilityCalculator.cls","1052","If rowCount < 2 Or columnCount < 8 Then GoTo InvalidTable","Pending","",""
"src/Stability/CStabilityCalculator.cls","1114","If q >= qValues(i) And q <= qValues(i + 1) Then","Pending","",""
"src/Stability/CStabilityCalculator.cls","1126","If firstValue > 0# And secondValue > 0# Then","Pending","",""
"src/Stability/CStabilityCalculator.cls","1138","PlanePassedOrInactive = (Not plane.Applicable Or plane.CheckPassed)","Pending","",""
"src/Stability/CStabilityCalculator.cls","1249","If mPlaneApplicable1 And Not mPlanePassed1 Then","Pending","",""
"src/Stability/CStabilityCalculator.cls","1253","If mPlaneApplicable2 And Not mPlanePassed2 Then","Pending","",""
"src/Stability/CStabilityResult.cls","312","If mPlaneApplicable1 And mReserve1 > 0# Then SummaryReserve = mReserve1","Pending","",""
"src/Stability/CStabilityResult.cls","313","If mPlaneApplicable2 And mReserve2 > 0# Then","Pending","",""
"src/Stability/CStabilityResult.cls","314","If SummaryReserve <= 0# Or mReserve2 < SummaryReserve Then SummaryReserve = mReserve2","Pending","",""
"src/Stability/CStabilityResult.cls","316","If SummaryReserve <= 0# And mReserveFactor > 0# Then SummaryReserve = mReserveFactor","Pending","",""
"tests/CTestLimitSearchProblem.cls","291","Abs(rPath1) <= mTolerance And Abs(rPath2) <= mTolerance And Abs(rLimit) <= mTolerance","Pending","",""
"tests/CTestLimitSearchProblem.cls","396","If lambdaValue > 1# And lambdaValue < 2# Then","Pending","",""
"tests/CTestLimitSearchProblem.cls","405","If mFailureAbove > 0# And lambdaValue > mFailureAbove Then","Pending","",""
"tests/CTestLimitSearchProblem.cls","583","ILimitSearchProblem_StoppedTerminally = (mFailureCode = sfcInvalidConfiguration Or _","Pending","",""
"tests/CTestLimitSearchProblem.cls","584","mFailureCode = sfcInvalidInput Or mFailureCode = sfcInternalError)","Pending","",""
"tests/CTestLimitSearchProblem.cls","606","mSearchExecuted = mSearchExecuted Or firstSearchExecuted","Pending","",""
"tests/CTestLimitSearchProblem.cls","629","If failureCode = sfcInvalidConfiguration Or failureCode = sfcInvalidInput Then mLimitState = PROBE_INPUTERR","Pending","",""
"tests/modTestAutoCADConfig.bas","80","For i = 0 To UBound(keys): SetValue system, CStr(keys(i)), values(i): Next i","Pending","",""
"tests/modTestAutoCADConfig.bas","177","Check stats, ""autoCADConfig.combination.explicit."" & CStr(position), Left$(first, 8) = ""CAD_CFG|"" And Left$(second, 10) = ""CAD_CFG_2|""","Pending","",""
"tests/modTestAutoCADConfig.bas","196","Check stats, prefix & "".counts"", model.ConcreteCount = 1 And model.RebarCount = 1","Pending","",""
"tests/modTestAutoCADConfig.bas","241","For i = 0 To UBound(keys)","Pending","",""
"tests/modTestAutoCADConfig.bas","254","For i = 0 To UBound(keys)","Pending","",""
"tests/modTestAutoCADConfig.bas","274","If InStr(1, CStr(key), "".Layer."", vbTextCompare) > 0 Or InStr(1, CStr(key), ""Layer"", vbTextCompare) > 0 Then _","Pending","",""
"tests/modTestAutoCADConfig.bas","286","Check stats, prefix & "".action"", InStr(1, reason, ""введите"", vbTextCompare) > 0 Or InStr(1, reason, ""выберите"", vbTextCompare) > 0 Or InStr(1, reason, ""исправ"", vbTextCompare) > 0","Pending","",""
"tests/modTestAutoCADConfig.bas","292","Check stats, ""autoCADConfig.missing."" & CStr(position) & ""."" & CStr(key), Len(reason) > 0 And InStr(1, reason, CStr(key), vbTextCompare) > 0","Pending","",""
"tests/modTestAutoCADConfig.bas","309","InStr(1, reason, CStr(key), vbTextCompare) > 0 And InStr(1, reason, target.Address(False, False), vbTextCompare) > 0","Pending","",""
"tests/modTestAutoCADConfig.bas","405","If targetRow = 0 Or targetColumn = 0 Then Err.Raise vbObjectError + 4499, ""SetProfile"", ""Не найден PR1 "" & key","Pending","",""
"tests/modTestAutoCADConfig.bas","557","LogLine stats, ""REAL_STAGE: square edge and circular Region average orientation""","Pending","",""
"tests/modTestAutoCADConfig.bas","595","If (Len(objectName) = 0 Or StrComp(entity.ObjectName, objectName, vbTextCompare) = 0) And _","Pending","",""
"tests/modTestAutoCADConfig.bas","596","(Len(layerName) = 0 Or StrComp(entity.Layer, layerName, vbTextCompare) = 0) Then CountEntities = CountEntities + 1","Pending","",""
"tests/modTestAutoCADConfig.bas","615","Check stats, ""realAutoCAD.import.counts"", model.ConcreteCount = 4 And model.RebarCount = 4","Pending","",""
"tests/modTestAutoCADConfig.bas","653","If IsArray(raw) Then rawProduct = CDbl(raw(LBound(raw))) Else rawProduct = CDbl(raw)","Pending","",""
"tests/modTestAutoCADConfig.bas","689","Set NativeRectangleRegion = regions(LBound(regions))","Pending","",""
"tests/modTestAutoCADConfig.bas","750","ReDim x(0 To UBound(px)): ReDim y(0 To UBound(py))","Pending","",""
"tests/modTestAutoCADConfig.bas","751","For i = 0 To UBound(px)","Pending","",""
"tests/modTestAutoCADConfig.bas","785","If entity.ObjectName = ""AcDbRegion"" And entity.Layer = ""AUDIT_C"" Then Set exported = entity: Exit For","Pending","",""
"tests/modTestAutoCADConfig.bas","852","ElseIf scenario = 2 Or scenario = 4 Then","Pending","",""
"tests/modTestAutoCADConfig.bas","862","If Abs(sumCos) > 0.000000001 Or Abs(sumSin) > 0.000000001 Then","Pending","",""
"tests/modTestAutoCADConfig.bas","863","expected = Atn(sumSin / IIf(Abs(sumCos) < 0.000000001, 0.000000001, sumCos))","Pending","",""
"tests/modTestAutoCADConfig.bas","880","If Len(squareHandle) > 0 And model.ConcreteSourceHandle(i) = squareHandle Then squareIndex = i","Pending","",""
"tests/modTestAutoCADConfig.bas","897","If entity.ObjectName = ""AcDbRegion"" And entity.Layer = ""AUDIT_C"" Then","Pending","",""
"tests/modTestAutoCADConfig.bas","899","If Abs(cx - circleX) < 0.000001 And Abs(cy) < 0.000001 Then Set exportedCircle = entity","Pending","",""
"tests/modTestAutoCADConfig.bas","900","If Abs(cx) < 0.000001 And Abs(cy) < 0.000001 Then Set exportedSquare = entity","Pending","",""
"tests/modTestAutoCADConfig.bas","931","regions = doc.ModelSpace.AddRegion(curves): Set NativeCircleRegion = regions(LBound(regions))","Pending","",""
"tests/modTestAutoCADConfig.bas","942","If Not found And line.ObjectName = ""AcDbLine"" Then","Pending","",""
"tests/modTestAutoCADConfig.bas","944","If Abs(dx) > 0.000000001 Or Abs(dy) > 0.000000001 Then","Pending","",""
"tests/modTestAutoCADConfig.bas","997","ReDim points(0 To 2 * (UBound(x) + 1) - 1)","Pending","",""
"tests/modTestAutoCADConfig.bas","998","For i = 0 To UBound(x): points(2 * i) = x(i): points(2 * i + 1) = y(i): Next i","Pending","",""
"tests/modTestAutoCADConfig.bas","1001","Set NativePolygonRegion = regions(LBound(regions))","Pending","",""
"tests/modTestAutoCADConfig.bas","1013","For i = 0 To UBound(x)","Pending","",""
"tests/modTestAutoCADConfig.bas","1014","j = (i + 1) Mod (UBound(x) + 1)","Pending","",""
"tests/modTestAutoCADConfig.bas","1035","cx = center(LBound(center)): cy = center(LBound(center) + 1)","Pending","",""
"tests/modTestAutoCADConfig.bas","1037","ix = moments(LBound(moments)) - area * cy ^ 2","Pending","",""
"tests/modTestAutoCADConfig.bas","1038","iy = moments(LBound(moments) + 1) - area * cx ^ 2","Pending","",""
"tests/modTestAutoCADConfig.bas","1040","ixy = -CDbl(product(LBound(product))) - area * cx * cy","Pending","",""
"tests/modTestAutoCADConfig.bas","1077","Abs(vx * wy - vy * wx) <= 0.000001 Or Abs(vx * wx + vy * wy) <= 0.000001","Pending","",""
"tests/modTestAutoCADConfig.bas","1173","If entity.ObjectName = ""AcDbText"" And Left$(entity.Layer, 6) = ""AUDIT_"" Then","Pending","",""
"tests/modTestAutoCADConfig.bas","1175","hasName = (Left$(text, 1) = ""C"" Or Left$(text, 1) = ""R"")","Pending","",""
"tests/modTestAutoCADConfig.bas","1190","For i = 1 To UBound(lines)","Pending","",""
"tests/modTestAutoCADConfig.bas","1192","If UBound(parts) = 2 Then states.Add CStr(parts(0)), CStr(parts(2))","Pending","",""
"tests/modTestAutoCADConfig.bas","1196","If entity.ObjectName = ""AcDbRegion"" And (entity.Layer = ""AUDIT_C"" Or entity.Layer = ""AUDIT_R"") Then","Pending","",""
"tests/modTestAutoCADConfig.bas","1198","If center(LBound(center)) > 0# Then index = index + 2","Pending","",""
"tests/modTestAutoCADConfig.bas","1199","If center(LBound(center) + 1) > 0# Then index = index + 1","Pending","",""
"tests/modTestAutoCADConfig.bas","1201","ElseIf entity.ObjectName = ""AcDbText"" And Left$(entity.Layer, 6) = ""AUDIT_"" Then","Pending","",""
"tests/modTestBatchCalculation.bas","426","AssertTrue stats, ""batch.five.governing.index"", batch.GoverningCombinationIndex >= 1 And batch.GoverningCombinationIndex <= 5","Pending","",""
"tests/modTestBatchCalculation.bas","439","AssertTrue stats, ""batch.governing.lambda.order"", batch.ResultAt(2).StrengthResult.Capacity.LambdaCapacity > 0# And batch.ResultAt(2).StrengthResult.Capacity.LambdaCapacity < batch.ResultAt(1).StrengthResult.Capacity.LambdaCapacity","Pending","",""
"tests/modTestBatchCalculation.bas","443","batch.ResultAt(2).StrengthResult.Capacity.Status = ""OK"" Or batch.ResultAt(2).StrengthResult.Capacity.Status = ""FAIL"" Or batch.ResultAt(2).StrengthResult.Capacity.Status = ""NumFail""","Pending","",""
"tests/modTestBatchCalculation.bas","462","AssertTrue stats, ""batch.nult.status"", batch.ResultAt(1).StrengthResult.Capacity.Status = ""OK"" Or batch.ResultAt(1).StrengthResult.Capacity.Status = ""FAIL""","Pending","",""
"tests/modTestBatchCalculation.bas","479","AssertTrue stats, ""batch.nEcc.status"", batch.ResultAt(1).StrengthResult.Capacity.Status = ""OK"" Or batch.ResultAt(1).StrengthResult.Capacity.Status = ""FAIL""","Pending","",""
"tests/modTestBatchCalculation.bas","482","Abs(batch.ResultAt(1).StrengthResult.Capacity.MxUltimate) < 100000# And Abs(batch.ResultAt(1).StrengthResult.Capacity.MyUltimate) < 100000#","Pending","",""
"tests/modTestBatchCalculation.bas","559","batch.ResultAt(1).StrengthResult.Capacity.Status = ""OK"" Or batch.ResultAt(1).StrengthResult.Capacity.Status = ""FAIL""","Pending","",""
"tests/modTestBatchCalculation.bas","592","AssertTrue stats, ""batch.capacityPath.n.status"", batch.ResultAt(1).StrengthResult.Capacity.Status = ""OK"" Or batch.ResultAt(1).StrengthResult.Capacity.Status = ""FAIL"" Or batch.ResultAt(1).StrengthResult.Capacity.Status = ""NumFail""","Pending","",""
"tests/modTestBatchCalculation.bas","607","batch.ResultAt(1).StrengthResult.Capacity.Status = ""OK"" Or batch.ResultAt(1).StrengthResult.Capacity.Status = ""FAIL""","Pending","",""
"tests/modTestBatchCalculation.bas","635","batch.ResultAt(1).StrengthResult.Capacity.Status <> ""InputErr"" And batch.ResultAt(2).StrengthResult.Capacity.Status <> ""InputErr"" And _","Pending","",""
"tests/modTestBatchCalculation.bas","636","batch.ResultAt(3).StrengthResult.Capacity.Status <> ""InputErr"" And batch.ResultAt(4).StrengthResult.Capacity.Status <> ""InputErr"" And _","Pending","",""
"tests/modTestBatchCalculation.bas","834","AssertTrue stats, ""batch.zeroMoment.stability.status"", batch.ResultAt(1).StabilityResult.Status = ""OK"" Or batch.ResultAt(1).StabilityResult.Status = ""FAIL""","Pending","",""
"tests/modTestBatchCalculation.bas","910","batch.ResultAt(1).CrackResult.Longitudinal.Status <> ""N/A"" Or Not crackedState Is Nothing","Pending","",""
"tests/modTestBatchCalculation.bas","987","batch.ResultAt(1).NormalCrackStatus = ""OK"" Or batch.ResultAt(1).NormalCrackStatus = ""FAIL""","Pending","",""
"tests/modTestBatchCalculation.bas","1036","batch.ResultAt(1).NormalCrackStatus = ""OK"" Or batch.ResultAt(1).NormalCrackStatus = ""FAIL""","Pending","",""
"tests/modTestBatchCalculation.bas","1080","batch.ResultAt(1).NormalCrackStatus = ""OK"" Or batch.ResultAt(1).NormalCrackStatus = ""FAIL""","Pending","",""
"tests/modTestBatchCalculation.bas","1195","If batch.ResultAt(1).CrackResult.Formation.FormationMethod <> expectedMethod Or batch.ResultAt(1).NormalCrackStatus = ""NumFail"" Then _","Pending","",""
"tests/modTestBatchCalculation.bas","1200","AssertTrue stats, prefix & "".lambda"", batch.ResultAt(1).CrackResult.Formation.LambdaCrc > 0# And batch.ResultAt(1).CrackResult.Formation.LambdaCrc <= 1#","Pending","",""
"tests/modTestBatchCalculation.bas","1238","If batch.ResultAt(1).NormalCrackStatus = ""NumFail"" Or _","Pending","",""
"tests/modTestBatchCalculation.bas","1239","(expectNcrc And batch.ResultAt(1).CrackResult.Formation.FormationNcrc = 0#) Or _","Pending","",""
"tests/modTestBatchCalculation.bas","1240","(expectMcrc And batch.ResultAt(1).CrackResult.Formation.Mcrc = 0#) Then","Pending","",""
"tests/modTestBatchCalculation.bas","1282","CellHasDisplayedResult(resultsSheet.Cells.Item(detailRow, baseColumn + IIf(isCentralAxial, 13, 16) - 1).Value2)","Pending","",""
"tests/modTestBatchCalculation.bas","1290","Len(CStr(resultsSheet.Cells.Item(detailRow, baseColumn + 24 - 1).Value2)) = 0 And _","Pending","",""
"tests/modTestBatchCalculation.bas","1291","Len(CStr(resultsSheet.Cells.Item(detailRow, baseColumn + 25 - 1).Value2)) = 0 And _","Pending","",""
"tests/modTestBatchCalculation.bas","1292","Len(CStr(resultsSheet.Cells.Item(detailRow, baseColumn + 26 - 1).Value2)) = 0 And _","Pending","",""
"tests/modTestBatchCalculation.bas","1301","CellHasDisplayedResult = Len(text) > 0 And StrComp(text, ""N/A"", vbTextCompare) <> 0","Pending","",""
"tests/modTestBatchCalculation.bas","1466","For i = LBound(loads) To UBound(loads)","Pending","",""
"tests/modTestBatchCalculation.bas","1473","For i = 1 To UBound(loads) - LBound(loads) + 1","Pending","",""
"tests/modTestBatchCalculation.bas","1482","batch.ResultAt(i).StrengthResult.DirectState.Status = ""OK"" Or batch.ResultAt(i).StrengthResult.DirectState.Status = ""FAIL""","Pending","",""
"tests/modTestBatchCalculation.bas","1541","For i = LBound(loads) To UBound(loads)","Pending","",""
"tests/modTestBatchCalculation.bas","1548","For i = 1 To UBound(loads) - LBound(loads) + 1","Pending","",""
"tests/modTestBatchCalculation.bas","1557","batch.ResultAt(i).StrengthResult.DirectState.Status = ""OK"" Or batch.ResultAt(i).StrengthResult.DirectState.Status = ""FAIL""","Pending","",""
"tests/modTestBatchCalculation.bas","1635","For i = LBound(loads) To UBound(loads)","Pending","",""
"tests/modTestBatchCalculation.bas","1647","For i = 1 To UBound(loads) - LBound(loads) + 1","Pending","",""
"tests/modTestBatchCalculation.bas","1655","batch.ResultAt(i).StrengthResult.DirectState.Status = ""OK"" And Not batch.ResultAt(i).ExtensionUsed","Pending","",""
"tests/modTestBatchCalculation.bas","1824","batch.ResultAt(2).StrengthResult.Capacity.LambdaCapacity > 0# And batch.ResultAt(2).StrengthResult.Capacity.LambdaCapacity < batch.ResultAt(1).StrengthResult.Capacity.LambdaCapacity","Pending","",""
"tests/modTestBatchCalculation.bas","2000","Abs(concreteX - transformedX) > 0.000001 Or Abs(concreteY - transformedY) > 0.000001","Pending","",""
"tests/modTestBatchCalculation.bas","2050","Abs(eccentricSolver.KappaX) > tolerance Or Abs(eccentricSolver.KappaY) > tolerance","Pending","",""
"tests/modTestBatchCalculation.bas","2072","AssertTrue stats, ""batch.direct.lambda.positive"", batch.ResultAt(1).StrengthResult.Capacity.LambdaCapacity > 0# And batch.ResultAt(2).StrengthResult.Capacity.LambdaCapacity > 0#","Pending","",""
"tests/modTestBatchCalculation.bas","2073","AssertTrue stats, ""batch.direct.capacity.ok"", batch.ResultAt(1).StrengthResult.Capacity.Status = ""OK"" And batch.ResultAt(2).StrengthResult.Capacity.Status = ""OK""","Pending","",""
"tests/modTestBatchCalculation.bas","2075","AssertTrue stats, ""batch.direct.state.status"", Len(batch.ResultAt(1).StrengthResult.DirectState.Status) > 0 And Len(batch.ResultAt(2).StrengthResult.DirectState.Status) > 0","Pending","",""
"tests/modTestBatchCalculation.bas","2125","""PR1"", ""user N=-9 tf and Mx=50 tf*m""","Pending","",""
"tests/modTestBatchCalculation.bas","2137","batch.ResultAt(1).StrengthResult.DirectState.Status = ""OK"" Or batch.ResultAt(1).StrengthResult.DirectState.Status = ""FAIL""","Pending","",""
"tests/modTestBatchCalculation.bas","2139","batch.ResultAt(1).StrengthResult.Capacity.Status = ""OK"" Or batch.ResultAt(1).StrengthResult.Capacity.Status = ""FAIL""","Pending","",""
"tests/modTestBatchCalculation.bas","2172","AssertTrue stats, ""batch.pr1.hasState"", batch.ResultAt(1).StrengthResult.DirectState.StateAvailable And batch.StateAvailableCount > 0","Pending","",""
"tests/modTestBatchCalculation.bas","2204","AssertTrue stats, ""batch.direct.failure.status"", batch.ResultAt(1).Status = ""NumFail"" Or batch.ResultAt(1).Status = ""FAIL""","Pending","",""
"tests/modTestBatchCalculation.bas","2205","AssertTrue stats, ""batch.direct.failure.directStatus"", batch.ResultAt(1).StrengthResult.DirectState.Status = ""NumFail"" Or batch.ResultAt(1).StrengthResult.DirectState.Status = ""FAIL""","Pending","",""
"tests/modTestBatchCalculation.bas","2228","batch.ResultAt(1).CrackResult.Longitudinal.Status = ""OK"" Or batch.ResultAt(1).CrackResult.Longitudinal.Status = ""FAIL""","Pending","",""
"tests/modTestBatchCalculation.bas","2278","AssertTrue stats, ""batch.stability.sp63.status"", batch.ResultAt(1).StabilityResult.Status = ""OK"" Or batch.ResultAt(1).StabilityResult.Status = ""FAIL""","Pending","",""
"tests/modTestBatchCalculation.bas","2280","AssertTrue stats, ""batch.stability.sp63.eta"", batch.ResultAt(1).StabilityResult.Eta1 > 0# Or batch.ResultAt(1).StabilityResult.Eta2 > 0#","Pending","",""
"tests/modTestBatchCalculation.bas","2422","batch.ResultAt(1).StabilityResult.Status = ""OK"" Or batch.ResultAt(1).StabilityResult.Status = ""FAIL""","Pending","",""
"tests/modTestBatchCalculation.bas","2486","batch.ResultAt(1).StabilityResult.PlaneBranch1 = ""SP35-table"" Or batch.ResultAt(1).StabilityResult.PlaneBranch2 = ""SP35-table""","Pending","",""
"tests/modTestBatchCalculation.bas","2832","AssertTrue stats, ""batch.stability.sp63.short.status"", batch.ResultAt(1).StabilityResult.Status = ""OK"" Or batch.ResultAt(1).StabilityResult.Status = ""FAIL""","Pending","",""
"tests/modTestBatchCalculation.bas","2833","AssertTrue stats, ""batch.stability.sp63.short.slenderness1"", batch.ResultAt(1).StabilityResult.Slenderness1 > 0# And batch.ResultAt(1).StabilityResult.Slenderness1 <= 14#","Pending","",""
"tests/modTestBatchCalculation.bas","2834","AssertTrue stats, ""batch.stability.sp63.short.slenderness2"", batch.ResultAt(1).StabilityResult.Slenderness2 > 0# And batch.ResultAt(1).StabilityResult.Slenderness2 <= 14#","Pending","",""
"tests/modTestBatchCalculation.bas","2837","AssertTrue stats, ""batch.stability.sp63.short.ncr"", batch.ResultAt(1).StabilityResult.Ncr1 > 0# And batch.ResultAt(1).StabilityResult.Ncr2 > 0#","Pending","",""
"tests/modTestBatchCalculation.bas","3031","batch.ResultAt(1).StabilityResult.Status = ""OK"" Or batch.ResultAt(1).StabilityResult.Status = ""FAIL""","Pending","",""
"tests/modTestBatchCalculation.bas","3096","AssertTrue stats, ""batch.stability.circleMx.status"", batch.ResultAt(1).StabilityResult.Status = ""OK"" Or batch.ResultAt(1).StabilityResult.Status = ""FAIL""","Pending","",""
"tests/modTestBatchCalculation.bas","3229","AssertTrue stats, ""batch.stability.centroid.status"", batch.ResultAt(1).StabilityResult.Status = ""OK"" Or batch.ResultAt(1).StabilityResult.Status = ""FAIL""","Pending","",""
"tests/modTestBatchCalculation.bas","3408","AssertTrue stats, ""batch.stability.sp35.core.positive"", coreDistance > 0# And radiusValue > 0#","Pending","",""
"tests/modTestBatchCalculation.bas","3469","batch.ResultAt(1).StabilityResult.Depth1 > 190# And batch.ResultAt(1).StabilityResult.Depth1 < 310#","Pending","",""
"tests/modTestBatchCalculation.bas","3471","batch.ResultAt(1).StabilityResult.Depth2 > 190# And batch.ResultAt(1).StabilityResult.Depth2 < 310#","Pending","",""
"tests/modTestBatchCalculation.bas","3588","AssertTrue stats, ""batch.stability.sp35.opposite.phi"", phiValue = 1# Or phiValue = 1.05","Pending","",""
"tests/modTestBatchCalculation.bas","3636","AssertTrue stats, ""batch.writer.stability.anchor"", stabilityAnchor.Row = 122 And stabilityAnchor.Column = 1","Pending","",""
"tests/modTestBatchCalculation.bas","3637","AssertTrue stats, ""batch.writer.stability.sp35.empty"", Len(CStr(resultsSheet.Cells.Item(stabilityAnchor.Row, 29).Value2)) = 0 And _","Pending","",""
"tests/modTestBatchCalculation.bas","3638","Len(CStr(resultsSheet.Cells.Item(stabilityAnchor.Row, 30).Value2)) = 0 And _","Pending","",""
"tests/modTestBatchCalculation.bas","3641","CStr(resultsSheet.Cells.Item(stabilityAnchor.Row, 38).Value2) = ""N/A"" And _","Pending","",""
"tests/modTestBatchCalculation.bas","3642","CStr(resultsSheet.Cells.Item(stabilityAnchor.Row, 44).Value2) = ""N/A"" And _","Pending","",""
"tests/modTestBatchCalculation.bas","3643","CStr(resultsSheet.Cells.Item(stabilityAnchor.Row, 53).Value2) = ""N/A"" And _","Pending","",""
"tests/modTestBatchCalculation.bas","3644","CStr(resultsSheet.Cells.Item(stabilityAnchor.Row, 59).Value2) = ""N/A"" And _","Pending","",""
"tests/modTestBatchCalculation.bas","3645","StatusCellHasExpectedFill(resultsSheet, stabilityAnchor.Row, 38) And _","Pending","",""
"tests/modTestBatchCalculation.bas","3647","AssertTrue stats, ""batch.writer.stability.sp63.filled"", Len(CStr(resultsSheet.Cells.Item(stabilityAnchor.Row, 61).Value2)) > 0 Or _","Pending","",""
"tests/modTestBatchCalculation.bas","3650","StatusCellHasExpectedFill(resultsSheet, stabilityAnchor.Row, 72) And _","Pending","",""
"tests/modTestBatchCalculation.bas","3651","StatusCellHasExpectedFill(resultsSheet, stabilityAnchor.Row, 84) And _","Pending","",""
"tests/modTestBatchCalculation.bas","3680","AssertTrue stats, ""batch.dynamic.governing.index"", batch.GoverningCombinationIndex >= 1 And batch.GoverningCombinationIndex <= 24","Pending","",""
"tests/modTestBatchCalculation.bas","3818","AssertTrue stats, ""batch.writer.rangeSize"", ThisWorkbook.Names.Item(""rngBatchSummary"").RefersToRange.Rows.Count = 1 And ThisWorkbook.Names.Item(""rngBatchSummary"").RefersToRange.Columns.Count = 1","Pending","",""
"tests/modTestBatchCalculation.bas","3821","AssertTrue stats, ""batch.writer.stabilityBlockPosition"", ThisWorkbook.Names.Item(""rngStabilitySummaryAnchor"").RefersToRange.Row = 122 And _","Pending","",""
"tests/modTestBatchCalculation.bas","3826","AssertTrue stats, ""batch.writer.meta.valuesCentered"", resultsSheet.Cells.Item(summaryRow, 1).HorizontalAlignment = -4108 And _","Pending","",""
"tests/modTestBatchCalculation.bas","3832","AssertTrue stats, ""batch.writer.header.centered"", resultsSheet.Cells.Item(summaryRow + 5, 6).HorizontalAlignment = -4108 And _","Pending","",""
"tests/modTestBatchCalculation.bas","3838","CStr(resultsSheet.Cells.Item(summaryRow + 7, 14).MergeArea.Cells.Item(1, 1).Value2) = ""Плоскость 1"" And _","Pending","",""
"tests/modTestBatchCalculation.bas","3839","resultsSheet.Cells.Item(summaryRow + 7, 14).MergeArea.Rows.Count = 2 And _","Pending","",""
"tests/modTestBatchCalculation.bas","3840","resultsSheet.Cells.Item(summaryRow + 7, 14).MergeArea.Columns.Count = 1 And _","Pending","",""
"tests/modTestBatchCalculation.bas","3841","CStr(resultsSheet.Cells.Item(summaryRow + 9, 14).Value2) = ""Ncr/N"" And _","Pending","",""
"tests/modTestBatchCalculation.bas","3844","CStr(resultsSheet.Cells.Item(summaryRow + 7, 25).MergeArea.Cells.Item(1, 1).Value2) = ""Плоскость 1"" And _","Pending","",""
"tests/modTestBatchCalculation.bas","3845","resultsSheet.Cells.Item(summaryRow + 7, 25).MergeArea.Rows.Count = 2 And _","Pending","",""
"tests/modTestBatchCalculation.bas","3846","resultsSheet.Cells.Item(summaryRow + 7, 25).MergeArea.Columns.Count = 1 And _","Pending","",""
"tests/modTestBatchCalculation.bas","3847","CStr(resultsSheet.Cells.Item(summaryRow + 9, 25).Value2) = ""Ncr/N"" And _","Pending","",""
"tests/modTestBatchCalculation.bas","3858","AssertTrue stats, ""batch.writer.worst.bold"", resultsSheet.Cells.Item(summaryRow + 11, 1).Font.Bold And _","Pending","",""
"tests/modTestBatchCalculation.bas","3862","BatchSummaryCellText(resultsSheet, summaryRow + 6, 28) = ""Статус"" And _","Pending","",""
"tests/modTestBatchCalculation.bas","3865","BatchSummaryCellText(resultsSheet, summaryRow + 7, 28) = ""OK"" And _","Pending","",""
"tests/modTestBatchCalculation.bas","3866","BatchSummaryCellText(resultsSheet, summaryRow + 9, 28) = ""BaseFail"" And _","Pending","",""
"tests/modTestBatchCalculation.bas","3867","BatchSummaryCellText(resultsSheet, summaryRow + 11, 28) = ""InputErr"" And _","Pending","",""
"tests/modTestBatchCalculation.bas","3870","resultsSheet.Cells.Item(summaryRow + 5, 28).MergeArea.Columns.Count = 2 And _","Pending","",""
"tests/modTestBatchCalculation.bas","3871","Not resultsSheet.Cells.Item(summaryRow + 6, 28).MergeCells And _","Pending","",""
"tests/modTestBatchCalculation.bas","3876","resultsSheet.Cells.Item(summaryRow + 7, 28).Font.Italic And _","Pending","",""
"tests/modTestBatchCalculation.bas","3879","StatusCellHasExpectedFill(resultsSheet, summaryRow + 7, 28) And _","Pending","",""
"tests/modTestBatchCalculation.bas","3880","StatusCellHasExpectedFill(resultsSheet, summaryRow + 8, 28) And _","Pending","",""
"tests/modTestBatchCalculation.bas","3881","StatusCellHasExpectedFill(resultsSheet, summaryRow + 9, 28) And _","Pending","",""
"tests/modTestBatchCalculation.bas","3882","StatusCellHasExpectedFill(resultsSheet, summaryRow + 10, 28) And _","Pending","",""
"tests/modTestBatchCalculation.bas","3883","StatusCellHasExpectedFill(resultsSheet, summaryRow + 11, 28) And _","Pending","",""
"tests/modTestBatchCalculation.bas","3884","StatusCellHasExpectedFill(resultsSheet, summaryRow + 12, 28) And _","Pending","",""
"tests/modTestBatchCalculation.bas","3893","StatusCellHasExpectedFill(resultsSheet, summaryRow + 12, 4) And _","Pending","",""
"tests/modTestBatchCalculation.bas","3894","StatusCellHasExpectedFill(resultsSheet, summaryRow + 12, 6) And _","Pending","",""
"tests/modTestBatchCalculation.bas","3895","StatusCellHasExpectedFill(resultsSheet, summaryRow + 12, 7) And _","Pending","",""
"tests/modTestBatchCalculation.bas","3896","StatusCellHasExpectedFill(resultsSheet, summaryRow + 12, 8) And _","Pending","",""
"tests/modTestBatchCalculation.bas","3897","StatusCellHasExpectedFill(resultsSheet, summaryRow + 12, 9) And _","Pending","",""
"tests/modTestBatchCalculation.bas","3898","StatusCellHasExpectedFill(resultsSheet, summaryRow + 12, 10) And _","Pending","",""
"tests/modTestBatchCalculation.bas","3899","StatusCellHasExpectedFill(resultsSheet, summaryRow + 12, 11) And _","Pending","",""
"tests/modTestBatchCalculation.bas","3900","StatusCellHasExpectedFill(resultsSheet, summaryRow + 12, 12) And _","Pending","",""
"tests/modTestBatchCalculation.bas","3901","StatusCellHasExpectedFill(resultsSheet, summaryRow + 12, 13) And _","Pending","",""
"tests/modTestBatchCalculation.bas","3902","StatusCellHasExpectedFill(resultsSheet, summaryRow + 12, 14) And _","Pending","",""
"tests/modTestBatchCalculation.bas","3907","StatusCellHasExpectedFill(resultsSheet, strengthAnchor.Row, 3) And _","Pending","",""
"tests/modTestBatchCalculation.bas","3908","StatusCellHasExpectedFill(resultsSheet, strengthAnchor.Row, 30) And _","Pending","",""
"tests/modTestBatchCalculation.bas","3909","StatusCellHasExpectedFill(resultsSheet, strengthAnchor.Row, 49) And _","Pending","",""
"tests/modTestBatchCalculation.bas","3910","CellHasNoFill(resultsSheet, strengthAnchor.Row, 1) And _","Pending","",""
"tests/modTestBatchCalculation.bas","3911","CellHasNoFill(resultsSheet, strengthAnchor.Row, 10) And _","Pending","",""
"tests/modTestBatchCalculation.bas","3914","Len(CStr(resultsSheet.Cells.Item(strengthAnchor.Row + 2, 18).Value2)) = 0 And _","Pending","",""
"tests/modTestBatchCalculation.bas","3915","Len(CStr(resultsSheet.Cells.Item(strengthAnchor.Row + 2, 19).Value2)) = 0 And _","Pending","",""
"tests/modTestBatchCalculation.bas","3916","Len(CStr(resultsSheet.Cells.Item(strengthAnchor.Row + 2, 20).Value2)) = 0 And _","Pending","",""
"tests/modTestBatchCalculation.bas","3917","Len(CStr(resultsSheet.Cells.Item(strengthAnchor.Row + 2, 22).Value2)) = 0 And _","Pending","",""
"tests/modTestBatchCalculation.bas","3918","Len(CStr(resultsSheet.Cells.Item(strengthAnchor.Row + 2, 23).Value2)) = 0 And _","Pending","",""
"tests/modTestBatchCalculation.bas","3921","Len(CStr(resultsSheet.Cells.Item(strengthAnchor.Row + 2, 21).Value2)) > 0 And _","Pending","",""
"tests/modTestBatchCalculation.bas","3926","StatusCellHasExpectedFill(resultsSheet, crackAnchor.Row, 3) And _","Pending","",""
"tests/modTestBatchCalculation.bas","3927","StatusCellHasExpectedFill(resultsSheet, crackAnchor.Row, 19) And _","Pending","",""
"tests/modTestBatchCalculation.bas","3928","StatusCellHasExpectedFill(resultsSheet, crackAnchor.Row, 20) And _","Pending","",""
"tests/modTestBatchCalculation.bas","3929","StatusCellHasExpectedFill(resultsSheet, crackAnchor.Row, 23) And _","Pending","",""
"tests/modTestBatchCalculation.bas","3930","StatusCellHasExpectedFill(resultsSheet, crackAnchor.Row, 45) And _","Pending","",""
"tests/modTestBatchCalculation.bas","3931","StatusCellHasExpectedFill(resultsSheet, crackAnchor.Row, 49) And _","Pending","",""
"tests/modTestBatchCalculation.bas","3932","CellHasNoFill(resultsSheet, crackAnchor.Row, 1) And _","Pending","",""
"tests/modTestBatchCalculation.bas","3933","CellHasNoFill(resultsSheet, crackAnchor.Row, 10) And _","Pending","",""
"tests/modTestBatchCalculation.bas","3941","CStr(resultsSheet.Cells.Item(crackAnchor.Row - 3, 19).Value2) = ""статус трещин"" And _","Pending","",""
"tests/modTestBatchCalculation.bas","3951","AssertTrue stats, ""batch.writer.crack.header.notesPlain"", Not resultsSheet.Cells.Item(crackAnchor.Row - 2, 15).Font.Bold And _","Pending","",""
"tests/modTestBatchCalculation.bas","3955","Len(CStr(resultsSheet.Cells.Item(crackAnchor.Row + 19, 1).Value2)) = 0 And _","Pending","",""
"tests/modTestBatchCalculation.bas","3960","StatusCellHasExpectedFill(resultsSheet, stabilityAnchor.Row, 3) And _","Pending","",""
"tests/modTestBatchCalculation.bas","3961","StatusCellHasExpectedFill(resultsSheet, stabilityAnchor.Row, 38) And _","Pending","",""
"tests/modTestBatchCalculation.bas","3962","StatusCellHasExpectedFill(resultsSheet, stabilityAnchor.Row, 44) And _","Pending","",""
"tests/modTestBatchCalculation.bas","3963","StatusCellHasExpectedFill(resultsSheet, stabilityAnchor.Row, 53) And _","Pending","",""
"tests/modTestBatchCalculation.bas","3964","StatusCellHasExpectedFill(resultsSheet, stabilityAnchor.Row, 59) And _","Pending","",""
"tests/modTestBatchCalculation.bas","3965","StatusCellHasExpectedFill(resultsSheet, stabilityAnchor.Row, 72) And _","Pending","",""
"tests/modTestBatchCalculation.bas","3966","StatusCellHasExpectedFill(resultsSheet, stabilityAnchor.Row, 84) And _","Pending","",""
"tests/modTestBatchCalculation.bas","3973","AssertTrue stats, ""batch.writer.stability.header.noExtraTier"", Len(CStr(resultsSheet.Cells.Item(stabilityAnchor.Row - 3, 4).Value2)) = 0 And _","Pending","",""
"tests/modTestBatchCalculation.bas","3977","AssertTrue stats, ""batch.writer.stability.header.notes"", Len(CStr(resultsSheet.Cells.Item(stabilityAnchor.Row - 2, 4).Value2)) > 0 And _","Pending","",""
"tests/modTestBatchCalculation.bas","3979","AssertTrue stats, ""batch.writer.stability.header.notesPlain"", Not resultsSheet.Cells.Item(stabilityAnchor.Row - 2, 4).Font.Bold And _","Pending","",""
"tests/modTestBatchCalculation.bas","3994","Len(CStr(resultsSheet.Cells.Item(stabilityAnchor.Row + 19, 1).Value2)) = 0 And _","Pending","",""
"tests/modTestBatchCalculation.bas","4033","Len(CStr(resultsSheet.Cells.Item(summaryRow + 13, 1).Value2)) = 0 And _","Pending","",""
"tests/modTestBatchCalculation.bas","4034","Len(CStr(resultsSheet.Cells.Item(summaryRow + 13, 4).Value2)) = 0 And _","Pending","",""
"tests/modTestBatchCalculation.bas","4037","Len(CStr(resultsSheet.Cells.Item(summaryRow + 14, 1).Value2)) = 0 And _","Pending","",""
"tests/modTestBatchCalculation.bas","4038","Len(CStr(resultsSheet.Cells.Item(summaryRow + 14, 4).Value2)) = 0 And _","Pending","",""
"tests/modTestBatchCalculation.bas","4051","CStr(resultsSheet.Cells.Item(strengthAnchor.Row, 1).Value2) = ""GAP1"" And _","Pending","",""
"tests/modTestBatchCalculation.bas","4052","Len(CStr(resultsSheet.Cells.Item(strengthAnchor.Row + 1, 1).Value2)) = 0 And _","Pending","",""
"tests/modTestBatchCalculation.bas","4053","Len(CStr(resultsSheet.Cells.Item(strengthAnchor.Row + 2, 1).Value2)) = 0 And _","Pending","",""
"tests/modTestBatchCalculation.bas","4056","CStr(resultsSheet.Cells.Item(crackAnchor.Row, 1).Value2) = ""GAP1"" And _","Pending","",""
"tests/modTestBatchCalculation.bas","4057","Len(CStr(resultsSheet.Cells.Item(crackAnchor.Row + 1, 1).Value2)) = 0 And _","Pending","",""
"tests/modTestBatchCalculation.bas","4058","Len(CStr(resultsSheet.Cells.Item(crackAnchor.Row + 2, 1).Value2)) = 0 And _","Pending","",""
"tests/modTestBatchCalculation.bas","4061","CStr(resultsSheet.Cells.Item(stabilityAnchor.Row, 1).Value2) = ""GAP1"" And _","Pending","",""
"tests/modTestBatchCalculation.bas","4062","Len(CStr(resultsSheet.Cells.Item(stabilityAnchor.Row + 1, 1).Value2)) = 0 And _","Pending","",""
"tests/modTestBatchCalculation.bas","4063","Len(CStr(resultsSheet.Cells.Item(stabilityAnchor.Row + 2, 1).Value2)) = 0 And _","Pending","",""
"tests/modTestBatchCalculation.bas","4097","If checkStrength And strengthRow > 0 Then","Pending","",""
"tests/modTestBatchCalculation.bas","4105","If checkCrack And crackRow > 0 Then","Pending","",""
"tests/modTestBatchCalculation.bas","4113","If checkStability And stabilityRow > 0 Then","Pending","",""
"tests/modTestBatchCalculation.bas","4210","StatusCellHasExpectedFill = (CLng(resultsSheet.Cells.Item(rowIndex, columnIndex).Interior.Color) = StatusFillColor(statusText) And _","Pending","",""
"tests/modTestBatchCalculation.bas","4229","If Len(worstCombination) = 0 Or StrComp(worstCombination, ""N/A"", vbTextCompare) = 0 Then","Pending","",""
"tests/modTestBatchCalculation.bas","4233","Len(reserveText) = 0 Or Not IsNumeric(reserveText)","Pending","",""
"tests/modTestBatchCalculation.bas","4255","If Not hasSummary And Not hasDetailed Then","Pending","",""
"tests/modTestBatchCalculation.bas","4260","AssertTrue stats, name & "".bothNumeric"", hasSummary And hasDetailed","Pending","",""
"tests/modTestBatchCalculation.bas","4261","If hasSummary And hasDetailed Then _","Pending","",""
"tests/modTestBatchCalculation.bas","4499","If batch.ResultAt(1).StabilityResult.Status <> ""OK"" And batch.ResultAt(1).StabilityResult.Status <> ""FAIL"" Then","Pending","",""
"tests/modTestBatchCalculation.bas","4787","InStr(1, baseResult.StrengthMeta.ResultComment, ""НДС: Проверка не проходит."", vbTextCompare) > 0 And _","Pending","",""
"tests/modTestBatchCalculation.bas","5144","AssertTrue stats, ""audit02.canonical.stabilityFlagsPopulated"", stability.PlaneApplicable2 And stability.PlanePassed2","Pending","",""
"tests/modTestBatchCalculation.bas","5150","AssertTrue stats, ""audit02.canonical.stabilityFlagsReset"", Not stability.PlaneApplicable2 And Not stability.PlanePassed2","Pending","",""
"tests/modTestBatchCalculation.bas","5364","If mAudit03ResourceTrace And Left$(text, 5) = ""RUN: "" Then _","Pending","",""
"tests/modTestBatchCalculation.bas","5526","AssertTrue stats, ""audit02.cache.mode.physical"", state.Converged And state.WithinPhysicalRange","Pending","",""
"tests/modTestBatchCalculation.bas","5595","AssertTrue stats, ""audit02.cache.post.physical"", state.Converged And state.WithinPhysicalRange","Pending","",""
"tests/modTestBatchCalculation.bas","5700","offResult.Status <> ""NumFail"" And offResult.Status <> ""CalcErr"" And offResult.Status <> ""InputErr""","Pending","",""
"tests/modTestBatchCalculation.bas","5721","For metric = LBound(offNumbers) To UBound(offNumbers)","Pending","",""
"tests/modTestBatchCalculation.bas","5822","AssertTrue stats, prefix & "".comments"", Len(offResult.ResultMeta.ResultComment) > 0 And Len(onResult.ResultMeta.ResultComment) > 0","Pending","",""
"tests/modTestBatchCalculation.bas","5869","AssertTrue stats, prefix & ""."" & key & "".converged"", onState.Converged And offState.Converged","Pending","",""
"tests/modTestBatchCalculation.bas","5870","AssertTrue stats, prefix & ""."" & key & "".physical"", onState.WithinPhysicalRange And offState.WithinPhysicalRange","Pending","",""
"tests/modTestBatchCalculation.bas","5871","AssertTrue stats, prefix & ""."" & key & "".noFinalExtension"", Not onState.ExtensionUsed And Not offState.ExtensionUsed","Pending","",""
"tests/modTestBatchCalculation.bas","5877","For i = LBound(first) To UBound(first)","Pending","",""
"tests/modTestBatchCalculation.bas","5970","expectedApplies = (value <> rsNotApplicable And value <> rsNotRequested)","Pending","",""
"tests/modTestBatchCalculation.bas","6106","For pathIndex = LBound(formationPaths) To UBound(formationPaths)","Pending","",""
"tests/modTestBatchCalculation.bas","6150","If CDbl(load(1)) <> 0# And CDbl(load(2)) <> 0# Then","Pending","",""
"tests/modTestBatchCalculation.bas","6161","If component <> ""None"" And component <> ""N"" And CDbl(load(0)) <> 0# Then","Pending","",""
"tests/modTestBatchCalculation.bas","6165","AssertTrue stats, prefix & "".autoAllowedPath"", resolvedComponent = firstMomentPath Or _","Pending","",""
"tests/modTestBatchCalculation.bas","6166","resolvedComponent = ""N"" Or resolvedComponent = ""NMxy""","Pending","",""
"tests/modTestBatchCalculation.bas","6167","If resolvedComponent = ""N"" Or resolvedComponent = ""NMxy"" Then","Pending","",""
"tests/modTestBatchCalculation.bas","6182","AssertTrue stats, prefix & "".autoNoLoad"", capacity.ResultMeta.InternalStatus = rsNotApplicable And _","Pending","",""
"tests/modTestBatchCalculation.bas","6183","capacity.ResultMeta.ResultCode = rcNotApplicable And Not capacity.ResultMeta.Calculated","Pending","",""
"tests/modTestBatchCalculation.bas","6197","Case ""Mxy"": hasScaledLoad = (mxInput <> 0# Or myInput <> 0#)","Pending","",""
"tests/modTestBatchCalculation.bas","6199","Case ""NMxy"", ""Auto"": hasScaledLoad = (nInput <> 0# Or mxInput <> 0# Or myInput <> 0#)","Pending","",""
"tests/modTestBatchCalculation.bas","6202","AssertTrue stats, prefix & "".unscaledInput"", capacity.ResultMeta.InternalStatus = rsInvalidInput And _","Pending","",""
"tests/modTestBatchCalculation.bas","6203","capacity.ResultMeta.ResultCode = rcInvalidInput And Not capacity.ResultMeta.Calculated","Pending","",""
"tests/modTestBatchCalculation.bas","6211","AssertTrue stats, prefix & "".validInput"", capacity.Status <> ""InputErr"" And capacity.Status <> ""CalcErr""","Pending","",""
"tests/modTestBatchCalculation.bas","6217","If component = ""N"" Or component = ""NMxy"" Then n = lambda * n","Pending","",""
"tests/modTestBatchCalculation.bas","6218","If component = ""Mx"" Or component = ""Mxy"" Or component = ""NMxy"" Then mx = lambda * mx","Pending","",""
"tests/modTestBatchCalculation.bas","6219","If component = ""My"" Or component = ""Mxy"" Or component = ""NMxy"" Then my = lambda * my","Pending","",""
"tests/modTestBatchCalculation.bas","6246","Case ""Mxy"": hasScaledLoad = (CDbl(load(1)) <> 0# Or CDbl(load(2)) <> 0#)","Pending","",""
"tests/modTestBatchCalculation.bas","6248","Case ""NMxy"", ""Auto"": hasScaledLoad = (CDbl(load(0)) <> 0# Or CDbl(load(1)) <> 0# Or CDbl(load(2)) <> 0#)","Pending","",""
"tests/modTestBatchCalculation.bas","6254","AssertTrue stats, prefix & "".unscaledInput"", formation.ResultMeta.InternalStatus = rsInvalidInput And _","Pending","",""
"tests/modTestBatchCalculation.bas","6258","AssertTrue stats, prefix & "".unscaledNoStates"", formation.PreCrackState Is Nothing And formation.PostCrackState Is Nothing","Pending","",""
"tests/modTestBatchCalculation.bas","6262","AssertTrue stats, prefix & "".validInput"", policy.ExternalStatus(formation.ResultMeta) <> ""InputErr"" And _","Pending","",""
"tests/modTestBatchCalculation.bas","6266","AssertTrue stats, prefix & "".autoPath"", formation.FormationMethod = ChrW$(&H3BB) & ""*Mxy"" Or _","Pending","",""
"tests/modTestBatchCalculation.bas","6267","formation.FormationMethod = ChrW$(&H3BB) & ""*Mx"" Or formation.FormationMethod = ChrW$(&H3BB) & ""*My"" Or _","Pending","",""
"tests/modTestBatchCalculation.bas","6268","formation.FormationMethod = ChrW$(&H3BB) & ""*N"" Or formation.FormationMethod = ChrW$(&H3BB) & ""*NMxy""","Pending","",""
"tests/modTestBatchCalculation.bas","6284","formation.ResultMeta.InternalStatus = formation.PreCrackState.ResultMeta.InternalStatus And _","Pending","",""
"tests/modTestBatchCalculation.bas","6296","formation.ResultMeta.InternalStatus = formation.PostCrackState.ResultMeta.InternalStatus And _","Pending","",""
"tests/modTestBatchCalculation.bas","6311","If result.WorkflowMeta.InternalStatus = rsInvalidInput Or result.WorkflowMeta.InternalStatus = rsInvalidConfiguration Then _","Pending","",""
"tests/modTestBatchCalculation.bas","6337","If Not result.CrackResult.Formation.HasLimitPoint And result.CrackWidthMeta.Calculated Then","Pending","",""
"tests/modTestBatchCalculation.bas","6346","AssertTrue stats, prefix & "".formulaNoNumFail"", result.CrackWidthMeta.InternalStatus <> rsNumericalFailure And _","Pending","",""
"tests/modTestBatchCalculation.bas","6347","result.LongitudinalCrackMeta.InternalStatus <> rsNumericalFailure And result.StabilityMeta.InternalStatus <> rsNumericalFailure","Pending","",""
"tests/modTestBatchCalculation.bas","6348","If result.CrackFormationMeta.InternalStatus = rsSuccessWithWarning And policy.ExternalStatus(result.CrackMeta) = ""OK"" Then","Pending","",""
"tests/modTestBatchCalculation.bas","6351","AssertTrue stats, prefix & "".strengthNoCrack"", InStr(1, result.StrengthMeta.ResultComment, ""Трещинообразование:"") = 0 And _","Pending","",""
"tests/modTestBatchCalculation.bas","6353","AssertTrue stats, prefix & "".crackNoCapacity"", InStr(1, result.CrackSummaryMeta.ResultComment, ""Несущая:"") = 0 And _","Pending","",""
"tests/modTestBatchCalculation.bas","6400","If charCode >= &H410 And charCode <= &H44F Then hasRussian = True","Pending","",""
"tests/modTestBatchCalculation.bas","6403","AssertTrue stats, prefix & "".readable"", InStr(1, meta.ResultComment, "".."") = 0 And _","Pending","",""
"tests/modTestBatchCalculation.bas","6404","InStr(1, meta.ResultComment, ""?"") = 0 And InStr(1, meta.ResultComment, ""SP35-mixed"") = 0","Pending","",""
"tests/modTestBatchCalculation.bas","6420","If meta.InternalStatus = rsBlockedByDependency And Len(sharedDependencyReason) > 0 Then _","Pending","",""
"tests/modTestBatchCalculation.bas","6474","If i >= 8 And i <= 11 Then Set result = batch.ResultAt(2) Else Set result = batch.ResultAt(1)","Pending","",""
"tests/modTestBatchCalculation.bas","6484","If i = 2 Or i = 3 Or i = 12 Then","Pending","",""
"tests/modTestBatchCalculation.bas","6485","AssertTrue stats, prefix & "".noPublicField"", errorNumber = 438 Or errorNumber = 451","Pending","",""
"tests/modTestBatchCalculation.bas","6495","AssertEquals stats, prefix & "".profileUnchanged"", result.ProfileId, batch.InputProfileId(1 + Abs(i >= 8 And i <= 11))","Pending","",""
"tests/modTestBatchCalculation.bas","6621","For pathIndex = LBound(paths) To UBound(paths)","Pending","",""
"tests/modTestBatchCalculation.bas","6675","AssertTrue stats, ""audit03.matrix.allRequestedPaths"", independentCases = loads.Count * (UBound(paths) - LBound(paths) + 1)","Pending","",""
"tests/modTestBatchCalculation.bas","6710","If shapeName = ""CircleSym"" Or (i <> 1 And i <> 2) Then","Pending","",""
"tests/modTestBatchCalculation.bas","6787","If i = 1 Or section.ConcreteX(i) - halfX < minX Then minX = section.ConcreteX(i) - halfX","Pending","",""
"tests/modTestBatchCalculation.bas","6788","If i = 1 Or section.ConcreteX(i) + halfX > maxX Then maxX = section.ConcreteX(i) + halfX","Pending","",""
"tests/modTestBatchCalculation.bas","6789","If i = 1 Or section.ConcreteY(i) - halfY < minY Then minY = section.ConcreteY(i) - halfY","Pending","",""
"tests/modTestBatchCalculation.bas","6790","If i = 1 Or section.ConcreteY(i) + halfY > maxY Then maxY = section.ConcreteY(i) + halfY","Pending","",""
"tests/modTestBatchCalculation.bas","6870","state.ResultMeta.InternalStatus = rsNumericalFailure Or state.ResultMeta.InternalStatus = rsInvalidInput Or _","Pending","",""
"tests/modTestBatchCalculation.bas","6871","state.ResultMeta.InternalStatus = rsInvalidConfiguration Or state.ResultMeta.InternalStatus = rsInternalError","Pending","",""
"tests/modTestBatchCalculation.bas","6875","If state.StateType = sstCapacityState Or state.StateType = sstPreCrackState Or state.StateType = sstPostCrackState Then","Pending","",""
"tests/modTestBatchCalculation.bas","6877","AssertTrue stats, prefix & "".state.finalPhysical."" & CStr(i), state.Converged And state.WithinPhysicalRange And Not state.ExtensionUsed","Pending","",""
"tests/modTestBatchCalculation.bas","6883","result.CrackFormationMeta.InternalStatus = state.ResultMeta.InternalStatus And _","Pending","",""
"tests/modTestBatchCalculation.bas","6950","For i = LBound(statuses) To UBound(statuses)","Pending","",""
"tests/modTestBatchCalculation.bas","6968","AssertTrue stats, ""audit03.palette.clearedCell"", cell.Interior.ColorIndex = -4142 And cell.DisplayFormat.Interior.ColorIndex = -4142","Pending","",""
"tests/modTestBatchCalculation.bas","7022","If Not clearedRows Or rowIndex > 1 Then","Pending","",""
"tests/modTestBatchCalculation.bas","7028","cell.Interior.ColorIndex = -4142 And cell.DisplayFormat.Interior.ColorIndex = -4142","Pending","",""
"tests/modTestBatchCalculation.bas","7242","AssertTrue stats, prefix & "".insideTechnicalEndpoints"", state.MinConcreteStrain >= -10# And _","Pending","",""
"tests/modTestBatchCalculation.bas","7243","state.MaxConcreteStrain <= 10# And state.MinSteelStrain >= -10# And state.MaxSteelStrain <= 10#","Pending","",""
"tests/modTestBatchCalculation.bas","7244","AssertTrue stats, prefix & "".physicalFail"", Not state.WithinPhysicalRange And state.InternalStatus = rsCheckFailed","Pending","",""
"tests/modTestBatchCalculation.bas","7247","If mode <= 2 And magnitude = 0.5 Then","Pending","",""
"tests/modTestBatchCalculation.bas","7346","If state.MinConcreteStrain < -10# Or state.MaxConcreteStrain > 10# Or _","Pending","",""
"tests/modTestBatchCalculation.bas","7347","state.MinSteelStrain < -10# Or state.MaxSteelStrain > 10# Then","Pending","",""
"tests/modTestBatchCalculation.bas","7351","Not state.WithinPhysicalRange And state.InternalStatus = rsCheckFailed","Pending","",""
"tests/modTestBatchCalculation.bas","7547","ElseIf angleIndex >= 16 And candidate = candidateCount Then","Pending","",""
"tests/modTestBatchCalculation.bas","7697","If expectedIndex = 0 Or reserve < minimum Then","Pending","",""
"tests/modTestBatchCalculation.bas","7742","AssertTrue stats, prefix & "".recovery"", batch.SolverCallCount > 0 And batch.ResultAt(1).Status <> ""InputErr""","Pending","",""
"tests/modTestBatchCalculation.bas","7767","If first > 0# And second > 0# Then","Pending","",""
"tests/modTestBatchCalculation.bas","7808","SetSystemSetting ""Stability.Code"", IIf(CStr(mode) = ""SP63"", ""SP63"", ""SP35"")","Pending","",""
"tests/modTestBatchCalculation.bas","7809","SetSystemSetting ""Stability.AccidentalEccentricityUser1"", IIf(CStr(mode) = ""SP35-eta"", ""200"", ""5"")","Pending","",""
"tests/modTestBatchCalculation.bas","7810","SetSystemSetting ""Stability.AccidentalEccentricityUser2"", IIf(CStr(mode) = ""SP35-table"" Or CStr(mode) = ""SP63"", ""5"", ""200"")","Pending","",""
"tests/modTestBatchCalculation.bas","7895","AssertTrue stats, ""audit03.crackConfig.baseline.positive"", baseWidth.CrackWidth > 0# And baseWidth.SigmaS > 0#","Pending","",""
"tests/modTestBatchCalculation.bas","7900","For i = 0 To UBound(keys)","Pending","",""
"tests/modTestBatchCalculation.bas","7987","For i = 0 To UBound(keys)","Pending","",""
"tests/modTestBatchCalculation.bas","8005","If Len(invalidText) = 0 Or invalidText = ""TODO"" Then","Pending","",""
"tests/modTestBatchCalculation.bas","8011","If CStr(keys(i)) = ""SLS.Crack.Allowable"" Or CStr(keys(i)) = ""SLS.Crack.Phi1"" Or _","Pending","",""
"tests/modTestBatchCalculation.bas","8012","CStr(keys(i)) = ""SLS.Crack.Phi2"" Or CStr(keys(i)) = ""SLS.Crack.Phi3"" Or _","Pending","",""
"tests/modTestBatchCalculation.bas","8157","If Application.EnableEvents <> oldEvents Or Application.Calculation <> oldCalculation Or _","Pending","",""
"tests/modTestBatchCalculation.bas","8188","For row = 1 To UBound(data, 1)","Pending","",""
"tests/modTestBatchCalculation.bas","8189","For column = 1 To UBound(data, 2)","Pending","",""
"tests/modTestBatchCalculation.bas","8235","For i = 0 To UBound(keys)","Pending","",""
"tests/modTestBatchCalculation.bas","8355","If groupName <> ""All"" And groupName <> ""Writers"" And groupName <> ""Meta"" And groupName <> ""Repository"" And groupName <> ""None"" And _","Pending","",""
"tests/modTestBatchCalculation.bas","8356","groupName <> ""Summary"" And groupName <> ""Gaps"" And groupName <> ""Rows"" And groupName <> ""Settings"" And groupName <> ""Invalid"" And _","Pending","",""
"tests/modTestBatchCalculation.bas","8357","groupName <> ""Summaries"" And groupName <> ""OtherWriters"" And groupName <> ""SummaryRows"" And groupName <> ""WritersNoRows"" Then _","Pending","",""
"tests/modTestBatchCalculation.bas","8359","If groupName = ""All"" Or groupName = ""Writers"" Or groupName = ""Summary"" Or groupName = ""Summaries"" Or _","Pending","",""
"tests/modTestBatchCalculation.bas","8360","groupName = ""SummaryRows"" Or groupName = ""WritersNoRows"" Then TestBatchSummaryWriter stats","Pending","",""
"tests/modTestBatchCalculation.bas","8361","If groupName = ""All"" Or groupName = ""Writers"" Or groupName = ""Gaps"" Or groupName = ""Summaries"" Or _","Pending","",""
"tests/modTestBatchCalculation.bas","8363","If groupName = ""All"" Or groupName = ""Writers"" Or groupName = ""Rows"" Or groupName = ""OtherWriters"" Or _","Pending","",""
"tests/modTestBatchCalculation.bas","8365","If groupName = ""All"" Or groupName = ""Writers"" Or groupName = ""Settings"" Or groupName = ""OtherWriters"" Or _","Pending","",""
"tests/modTestBatchCalculation.bas","8367","If groupName = ""All"" Or groupName = ""Writers"" Or groupName = ""Invalid"" Or groupName = ""OtherWriters"" Or _","Pending","",""
"tests/modTestBatchCalculation.bas","8369","If groupName = ""All"" Or groupName = ""Writers"" Or groupName = ""Summary"" Or groupName = ""Gaps"" Or groupName = ""Rows"" Or _","Pending","",""
"tests/modTestBatchCalculation.bas","8370","groupName = ""Settings"" Or groupName = ""Invalid"" Or groupName = ""Summaries"" Or groupName = ""OtherWriters"" Or _","Pending","",""
"tests/modTestBatchCalculation.bas","8371","groupName = ""SummaryRows"" Or groupName = ""WritersNoRows"" Then","Pending","",""
"tests/modTestBatchCalculation.bas","8374","If groupName = ""All"" Or groupName = ""Meta"" Then","Pending","",""
"tests/modTestBatchCalculation.bas","8383","If groupName = ""All"" Or groupName = ""Repository"" Then","Pending","",""
"tests/modTestBatchCalculation.bas","8648","AssertTrue stats, prefix & "".noPsiWarning"", InStr(1, result.CrackWidthMeta.ResultComment, ""psi"", vbTextCompare) = 0 And _","Pending","",""
"tests/modTestBatchCalculation.bas","8650","AssertTrue stats, prefix & "".noSummaryPsiWarning"", InStr(1, result.CrackSummaryMeta.ResultComment, ""psi"", vbTextCompare) = 0 And _","Pending","",""
"tests/modTestBatchCalculation.bas","8766","AssertTrue stats, prefix & "".boundExplanation"", InStr(1, result.CrackWidthMeta.ResultComment, ""500"", vbBinaryCompare) > 0 And _","Pending","",""
"tests/modTestBatchCalculation.bas","8796","calculator.ResultMeta.InternalStatus = rsSuccess And InStr(1, calculator.ResultMeta.ResultComment, warningText, vbTextCompare) = 0","Pending","",""
"tests/modTestCapacitySolver.bas","134","AssertTrue stats, ""capacity.mx.limit.physical"", IsPhysicalLimitState(capNeg.LimitState) And IsPhysicalLimitState(capPos.LimitState)","Pending","",""
"tests/modTestCapacitySolver.bas","205","AssertTrue stats, ""tensionMode.solver.affectsState"", Abs(solverIgnore.KappaX - solverUse.KappaX) > 0.000000001 Or Abs(solverIgnore.KappaY - solverUse.KappaY) > 0.000000001","Pending","",""
"tests/modTestCapacitySolver.bas","236","AssertTrue stats, prefix & "".stateDiffers"", Abs(solverIgnore.KappaX - solverUse.KappaX) > 0.000000001 Or _","Pending","",""
"tests/modTestCapacitySolver.bas","237","Abs(solverIgnore.KappaY - solverUse.KappaY) > 0.000000001 Or Abs(solverIgnore.Epsilon0 - solverUse.Epsilon0) > 0.000000001","Pending","",""
"tests/modTestCapacitySolver.bas","292","AssertTrue stats, ""capacity.my.limit.physical"", IsPhysicalLimitState(capNeg.LimitState) And IsPhysicalLimitState(capPos.LimitState)","Pending","",""
"tests/modTestCapacitySolver.bas","740","AssertTrue stats, ""method.numericalFailure.state"", cap.LimitState = ""NumericalFailure"" Or cap.LimitState = ""SingularTangent""","Pending","",""
"tests/modTestCapacitySolver.bas","820","AssertTrue stats, ""capacity.tfDefaults.ultimate.lambda"", reference.LambdaUltimate > 0# And reference.LambdaUltimate < 10#","Pending","",""
"tests/modTestCapacitySolver.bas","1164","For i = LBound(steps) To UBound(steps)","Pending","",""
"tests/modTestCapacitySolver.bas","1288","isPureAxial = Abs(nBase) > 0.000000001 And _","Pending","",""
"tests/modTestCapacitySolver.bas","1289","Abs(nOffset) <= 0.000000001 And _","Pending","",""
"tests/modTestCapacitySolver.bas","1290","Abs(mxOffset) <= 0.000000001 And Abs(mxBase) <= 0.000000001 And _","Pending","",""
"tests/modTestCapacitySolver.bas","1291","Abs(myOffset) <= 0.000000001 And Abs(myBase) <= 0.000000001","Pending","",""
"tests/modTestCapacitySolver.bas","1302","AssertTrue stats, name, cap.SolutionMethod = ""UltimateStrain"" Or cap.SolutionMethod = ""LoadMultiplier""","Pending","",""
"tests/modTestCapacitySolver.bas","1358","AssertTrue stats, ""search.empty.inputError"", Not emptyMethod.Converged And emptyMethod.LimitState = ""InvalidInput""","Pending","",""
"tests/modTestCapacitySolver.bas","1359","AssertTrue stats, ""search.invalid.inputError"", Not invalidMethod.Converged And invalidMethod.LimitState = ""InvalidInput""","Pending","",""
"tests/modTestCapacitySolver.bas","1360","AssertTrue stats, ""search.secant.controlledFailure"", Not secantFail.Converged And _","Pending","",""
"tests/modTestCapacitySolver.bas","1361","(secantFail.LimitState = ""NumericalFailure"" Or secantFail.LimitState = ""InvalidInput"")","Pending","",""
"tests/modTestCapacitySolver.bas","1587","IsPhysicalLimitState = (state = ""ConcreteStrainLimit"" Or state = ""ConcreteTensionStrainLimit"" Or _","Pending","",""
"tests/modTestCapacitySolver.bas","2085","AssertTrue stats, ""audit03.capacity.realPrecision.finiteWork"", cap.Iterations > 40 And cap.Iterations < 100","Pending","",""
"tests/modTestCapacitySolver.bas","2244","If scenario <= 5 Or scenario = 13 Then AssertTrue stats, prefix & "".noNumericalAttempt"", problem.UltimateCalls = 0","Pending","",""
"tests/modTestCapacitySolver.bas","2246","If scenario >= 7 And scenario <= 11 Then AssertTrue stats, prefix & "".failedProbeNotOverwritten"", problem.UltimateCalls = 2","Pending","",""
"tests/modTestCapacitySolver.bas","2298","AssertTrue stats, prefix & "".adjacentDistinct"", adjacent > 1# And adjacent - 1# < 0.000000000000001","Pending","",""
"tests/modTestCapacitySolver.bas","2318","If scenario = 1 Or scenario = 3 Then","Pending","",""
"tests/modTestCapacitySolver.bas","2326","AssertTrue stats, prefix & "".success"", result.Succeeded And result.HasLimitPoint","Pending","",""
"tests/modTestCapacitySolver.bas","2410","AssertTrue stats, prefix & "".priorSnapshot"", retained.SearchExecuted And retained.HasLimitPoint","Pending","",""
"tests/modTestCapacitySolver.bas","2527","AssertTrue stats, prefix & "".noSearch"", Not result.SearchExecuted And cap.Iterations = 0","Pending","",""
"tests/modTestCapacitySolver.bas","2587","AssertTrue stats, prefix & "".noPoint"", Not result.HasLimitPoint And Not fake.Converged","Pending","",""
"tests/modTestCapacitySolver.bas","2591","If scenario = 13 Or scenario = 14 Then","Pending","",""
"tests/modTestCapacitySolver.bas","2592","AssertTrue stats, prefix & "".notCalculated"", Not result.Meta.Calculated And Not result.SearchExecuted","Pending","",""
"tests/modTestCapacitySolver.bas","2593","ElseIf expectedStatus = rsInvalidInput Or expectedStatus = rsInvalidConfiguration Then","Pending","",""
"tests/modTestCapacitySolver.bas","2594","AssertTrue stats, prefix & "".validationLifecycle"", Not result.Meta.Calculated And result.SearchExecuted","Pending","",""
"tests/modTestCapacitySolver.bas","2596","AssertTrue stats, prefix & "".calculated"", result.Meta.Calculated And result.SearchExecuted","Pending","",""
"tests/modTestCapacitySolver.bas","2601","If expectedStatus <> rsNumericalFailure And scenario <> 15 Then","Pending","",""
"tests/modTestCapacitySolver.bas","2607","AssertTrue stats, prefix & "".recoverySuccess"", result.Meta.InternalStatus = rsSuccess And result.HasLimitPoint","Pending","",""
"tests/modTestConfiguration.bas","184","Check stats, prefix & "".actual"", cap.SolutionMethod = ""UltimateStrain"" Or cap.SolutionMethod = ""LoadMultiplier""","Pending","",""
"tests/modTestConfiguration.bas","188","Check stats, prefix & "".point"", cap.SearchResult.HasLimitPoint And cap.LambdaCapacity > 0#","Pending","",""
"tests/modTestConfiguration.bas","246","If CStr(path) = ""Mx"" Or CStr(path) = ""My"" Then loadFactor = 0.5","Pending","",""
"tests/modTestConfiguration.bas","252","Check stats, prefix & "".point"", formation.HasLimitPoint And formation.LambdaCrc > 0#","Pending","",""
"tests/modTestConfiguration.bas","269","If point.MinConcreteStrain > 0# And point.MaxConcreteStrain > 0# Then _","Pending","",""
"tests/modTestConfiguration.bas","274","If actualPath = LambdaPath(""N"") Or actualPath = LambdaPath(""NMxy"") Then nExpected = nExpected * formation.LambdaCrc","Pending","",""
"tests/modTestConfiguration.bas","275","If actualPath = LambdaPath(""Mx"") Or actualPath = LambdaPath(""Mxy"") Or actualPath = LambdaPath(""NMxy"") Then _","Pending","",""
"tests/modTestConfiguration.bas","277","If actualPath = LambdaPath(""My"") Or actualPath = LambdaPath(""Mxy"") Or actualPath = LambdaPath(""NMxy"") Then _","Pending","",""
"tests/modTestConfiguration.bas","286","Check stats, prefix & "".noPostAboveCurrent"", formation.PostCrackState Is Nothing And formation.LambdaCrc > 1#","Pending","",""
"tests/modTestConfiguration.bas","336","Check stats, prefix & "".action"", InStr(1, message, ""Введите"", vbTextCompare) > 0 Or _","Pending","",""
"tests/modTestConfiguration.bas","337","InStr(1, message, ""Выберите"", vbTextCompare) > 0 Or InStr(1, message, ""Восстановите"", vbTextCompare) > 0","Pending","",""
"tests/modTestConfiguration.bas","342","Check stats, ""searchConfig.recovery."" & CStr(key), batch.ResultAt(1).Status <> ""InputErr"" And batch.SolverCallCount > 0","Pending","",""
"tests/modTestConfiguration.bas","411","Check stats, prefix & "".noInputError"", result.Status <> ""InputErr"" And result.Status <> ""CalcErr""","Pending","",""
"tests/modTestConfiguration.bas","426","If CStr(path) = ""Auto"" Or Len(CStr(path)) = 0 Then","Pending","",""
"tests/modTestConfiguration.bas","427","Check stats, prefix & "".autoFirst"", actualPath = ""LambdaMxy"" Or actualPath = LambdaPath(""Mxy"")","Pending","",""
"tests/modTestConfiguration.bas","445","result.CrackResult.Formation.ResultMeta.InternalStatus = rsCheckFailed And _","Pending","",""
"tests/modTestConfiguration.bas","456","result.CrackResult.Longitudinal.ResultMeta.Calculated Or _","Pending","",""
"tests/modTestConfiguration.bas","541","If (i - 1) Mod 5 = 2 Or (i - 1) Mod 5 = 3 Then","Pending","",""
"tests/modTestConfiguration.bas","548","Check stats, prefix & "".valid"", batch.ResultAt(i).Status <> ""InputErr"" And batch.ResultAt(i).Status <> ""CalcErr""","Pending","",""
"tests/modTestConfiguration.bas","602","scaleN = (CStr(path) = ""LambdaN"" Or CStr(path) = ""LambdaNMxy"")","Pending","",""
"tests/modTestConfiguration.bas","603","scaleMx = (CStr(path) = ""LambdaMx"" Or CStr(path) = ""LambdaMxy"" Or CStr(path) = ""LambdaNMxy"")","Pending","",""
"tests/modTestConfiguration.bas","604","scaleMy = (CStr(path) = ""LambdaMy"" Or CStr(path) = ""LambdaMxy"" Or CStr(path) = ""LambdaNMxy"")","Pending","",""
"tests/modTestConfiguration.bas","606","Check stats, ""universalPath.math.fixed."" & CStr(path), UBound(keys) = LBound(keys) And CStr(keys(0)) = CStr(path)","Pending","",""
"tests/modTestConfiguration.bas","608","nExpected = 20# * IIf(scaleN, CDbl(lambdaValue), 1#)","Pending","",""
"tests/modTestConfiguration.bas","609","mxExpected = 80# * IIf(scaleMx, CDbl(lambdaValue), 1#) - 2# * nExpected","Pending","",""
"tests/modTestConfiguration.bas","610","myExpected = 40# * IIf(scaleMy, CDbl(lambdaValue), 1#) + 3# * nExpected","Pending","",""
"tests/modTestConfiguration.bas","639","Check stats, ""universalPath.history.keepsTypedCause"", search.Meta.InternalStatus = rsNumericalFailure And _","Pending","",""
"tests/modTestConfiguration.bas","654","Check stats, ""universalPath.history.capacityFailed"", capacity.ResultMeta.InternalStatus = rsCheckFailed And _","Pending","",""
"tests/modTestConfiguration.bas","659","Check stats, ""universalPath.history.searchUnchanged"", search.Meta.InternalStatus = rsSuccessWithWarning And _","Pending","",""
"tests/modTestConfiguration.bas","722","For index = 0 To UBound(names)","Pending","",""
"tests/modTestConfiguration.bas","730","For index = 0 To UBound(names)","Pending","",""
"tests/modTestConfiguration.bas","734","If position = 0 Then Set table = sheet.Range(CStr(addresses(index))).Resize(UBound(baseline, 1), UBound(baseline, 2)) Else Set table = sheet.Range(""CH800"").Resize(UBound(baseline, 1), UBound(baseline, 2))","Pending","",""
"tests/modTestConfiguration.bas","756","code = vbObjectError + 4309 Or code = vbObjectError + 4316","Pending","",""
"tests/modTestConfiguration.bas","758","InStr(1, reason, cell.Address(False, False), vbTextCompare) > 0 And InStr(1, reason, ""Config"", vbTextCompare) > 0","Pending","",""
"tests/modTestConfiguration.bas","760","InStr(1, reason, ""Восстановите"", vbTextCompare) > 0 Or InStr(1, reason, ""Исправьте"", vbTextCompare) > 0","Pending","",""
"tests/modTestConfiguration.bas","862","For index = 0 To UBound(names)","Pending","",""
"tests/modTestConfiguration.bas","871","For index = 0 To UBound(names)","Pending","",""
"tests/modTestConfiguration.bas","874","If position = 0 Then Set table = config.Range(CStr(addresses(index))).Resize(UBound(baseline, 1), UBound(baseline, 2)) Else Set table = config.Range(""CH800"").Resize(UBound(baseline, 1), UBound(baseline, 2))","Pending","",""
"tests/modTestConfiguration.bas","876","Set tail = config.Range(""DA1200"").Resize(2, UBound(baseline, 2)): tail.ClearContents","Pending","",""
"tests/modTestConfiguration.bas","888","""|returnedRows="" & CStr(UBound(data, 1)) & ""|firstAreaRows="" & CStr(table.Rows.Count) & _","Pending","",""
"tests/modTestConfiguration.bas","893","Check stats, prefix & "".named.reason"", InStr(1, reason, ""област"", vbTextCompare) > 0 Or _","Pending","",""
"tests/modTestConfiguration.bas","895","Check stats, prefix & "".named.action"", InStr(1, reason, ""Восстановите"", vbTextCompare) > 0 And _","Pending","",""
"tests/modTestConfiguration.bas","901","Check stats, prefix & "".range.address"", InStr(1, reason, config.Name, vbTextCompare) > 0 And _","Pending","",""
"tests/modTestConfiguration.bas","984","If position = 1 Then Set table = config.Range(""CH800"").Resize(UBound(baseline, 1), UBound(baseline, 2))","Pending","",""
"tests/modTestConfiguration.bas","991","Check stats, ""audit03.generalRun.report.Yes.p"" & CStr(position), report.Enabled And fso.FileExists(path)","Pending","",""
"tests/modTestConfiguration.bas","993","Check stats, ""audit03.generalRun.report.content.p"" & CStr(position), InStr(1, originalText, ""AUDIT03_REPORT_MARKER"", vbBinaryCompare) > 0 And InStr(1, originalText, ""AUDIT03_FINAL"", vbBinaryCompare) > 0","Pending","",""
"tests/modTestConfiguration.bas","998","Check stats, ""audit03.generalRun.report.No.p"" & CStr(position), Not report.Enabled And report.FilePath = vbNullString And currentText = originalText","Pending","",""
"tests/modTestConfiguration.bas","1003","Check stats, ""audit03.generalRun.messages.effect.p"" & CStr(position) & ""."" & CStr(bad), value = (CStr(bad) = ""Yes"" Or CStr(bad) = "" TRUE "" Or CStr(bad) = ""1"" Or CStr(bad) = ""Да"")","Pending","",""
"tests/modTestConfiguration.bas","1019","Check stats, prefix & "".typed"", code >= vbObjectError + 4300 And code <= vbObjectError + 4399","Pending","",""
"tests/modTestConfiguration.bas","1021","Check stats, prefix & "".action"", InStr(1, reason, ""Выберите"", vbTextCompare) > 0 Or InStr(1, reason, ""Заполните"", vbTextCompare) > 0 Or InStr(1, reason, ""Введите"", vbTextCompare) > 0 Or InStr(1, reason, ""Исправьте"", vbTextCompare) > 0","Pending","",""
"tests/modTestConfiguration.bas","1022","If caseIndex < 4 Then Check stats, prefix & "".address"", InStr(1, reason, config.Name, vbTextCompare) > 0 And InStr(1, reason, cell.Address(False, False), vbTextCompare) > 0","Pending","",""
"tests/modTestConfiguration.bas","1023","If mode = 0 Then Check stats, prefix & "".reset"", Not report.Enabled And report.FilePath = vbNullString","Pending","",""
"tests/modTestConfiguration.bas","1028","Check stats, ""audit03.generalRun.recovery.p"" & CStr(position) & ""."" & CStr(key), code = 0 And value","Pending","",""
"tests/modTestConfiguration.bas","1032","Check stats, ""audit03.generalRun.report.reinitialize.p"" & CStr(position), InStr(1, currentText, ""AUDIT03_RECOVERY"", vbBinaryCompare) > 0 And InStr(1, currentText, ""AUDIT03_REPORT_MARKER"", vbBinaryCompare) = 0","Pending","",""
"tests/modTestConfiguration.bas","1035","Check stats, ""audit03.generalRun.messages.noWorkbook"", code <> 0 And InStr(1, reason, ""Книга"", vbTextCompare) > 0","Pending","",""
"tests/modTestConfiguration.bas","1157","Check stats, prefix & "".Capacity.ToleranceLambda.fewerProbes"", countChanged < countBase And countChanged > 0","Pending","",""
"tests/modTestConfiguration.bas","1168","Check stats, prefix & "".Capacity.BaseLoadSteps.sameBound"", changed.ResultMeta.ResultCode = rcSearchBoundReached And _","Pending","",""
"tests/modTestConfiguration.bas","1177","Check stats, prefix & "".Capacity.MaxRetries.repeatUsed"", CapacityNumericRecordCount(other.DiagnosticLog, ""; attempt=1;"") > 0 And _","Pending","",""
"tests/modTestConfiguration.bas","1180","Check stats, prefix & "".Capacity.MaxRetries.noFalsePoint"", Not changed.SearchResult.HasLimitPoint And Not other.SearchResult.HasLimitPoint","Pending","",""
"tests/modTestConfiguration.bas","1246","Check stats, prefix & "".Capacity.ToleranceStrain.batchPoints"", coarse.SearchResult.HasLimitPoint And tight.SearchResult.HasLimitPoint","Pending","",""
"tests/modTestConfiguration.bas","1247","If Not coarse.SearchResult.HasLimitPoint Or Not tight.SearchResult.HasLimitPoint Then Exit Sub","Pending","",""
"tests/modTestConfiguration.bas","1252","CapacityNumericRecordCount(coarse.DiagnosticLog, ""ultimatePath iter="") Or _","Pending","",""
"tests/modTestConfiguration.bas","1273","For index = LBound(keys) To UBound(keys)","Pending","",""
"tests/modTestConfiguration.bas","1330","For index = LBound(invalid) To UBound(invalid)","Pending","",""
"tests/modTestConfiguration.bas","1331","If CStr(key) = ""Capacity.MaxRetries"" And index = 5 Then GoTo NextInvalid","Pending","",""
"tests/modTestConfiguration.bas","1332","If index = 6 And CStr(key) <> ""Capacity.MaxRetries"" And CStr(key) <> ""Capacity.BaseLoadSteps"" And _","Pending","",""
"tests/modTestConfiguration.bas","1348","Check stats, prefix & "".action"", InStr(1, message, ""Введите"", vbTextCompare) > 0 Or _","Pending","",""
"tests/modTestConfiguration.bas","1349","InStr(1, message, ""задайте"", vbTextCompare) > 0 Or InStr(1, message, ""Исправьте"", vbTextCompare) > 0","Pending","",""
"tests/modTestConfiguration.bas","1490","For i = LBound(keys) To UBound(keys)","Pending","",""
"tests/modTestConfiguration.bas","1525","Check stats, prefix & "".base.positiveNcr"", baseline.Ncr1 > 0# And baseline.Ncr2 > 0#","Pending","",""
"tests/modTestConfiguration.bas","1562","CheckClose stats, prefix & "".zeroSign.ea1."" & CStr(axis), changed.AccidentalEcc1, IIf(axis = 1, -100#, 100#), 0.0000001","Pending","",""
"tests/modTestConfiguration.bas","1563","CheckClose stats, prefix & "".zeroSign.ea2."" & CStr(axis), changed.AccidentalEcc2, IIf(axis = 2, -80#, 80#), 0.0000001","Pending","",""
"tests/modTestConfiguration.bas","1609","Check stats, prefix & "".phi.NcrEffect"", changed.Ncr1 < baseline.Ncr1 And changed.Ncr2 < baseline.Ncr2","Pending","",""
"tests/modTestConfiguration.bas","1618","Check stats, prefix & "".Ks.DEffect"", changed.StiffnessD1 > baseline.StiffnessD1 And changed.StiffnessD2 > baseline.StiffnessD2","Pending","",""
"tests/modTestConfiguration.bas","1670","Check stats, prefix & "".PhiP.DEffect"", changed.StiffnessD1 > baseline.StiffnessD1 And changed.StiffnessD2 > baseline.StiffnessD2","Pending","",""
"tests/modTestConfiguration.bas","1691","Check stats, prefix & "".table.capacity"", baseline.Nultimate1 > 0# And baseline.Nultimate2 > 0#","Pending","",""
"tests/modTestConfiguration.bas","1737","For i = LBound(keys) To UBound(keys)","Pending","",""
"tests/modTestConfiguration.bas","1771","For i = LBound(invalid) To UBound(invalid)","Pending","",""
"tests/modTestConfiguration.bas","1782","Check stats, prefix & "".action"", InStr(1, message, ""Введите"", vbTextCompare) > 0 Or _","Pending","",""
"tests/modTestConfiguration.bas","1783","InStr(1, message, ""выберите"", vbTextCompare) > 0 Or InStr(1, message, ""Исправьте"", vbTextCompare) > 0 Or _","Pending","",""
"tests/modTestConfiguration.bas","1957","If targetRow = 0 Or targetColumn = 0 Then Err.Raise vbObjectError + 4499, ""SetProfileValue"", _","Pending","",""
"tests/modTestConfiguration.bas","2019","warningPreserved = probe.Passed = 1 And probe.Failed = 0 And _","Pending","",""
"tests/modTestConfiguration.bas","2020","InStr(1, probe.Report, ""TEST_PROGRESS_WARNING:"", vbBinaryCompare) > 0 And _","Pending","",""
"tests/modTestConfiguration.bas","2026","Check stats, ""audit03.progressFile.recovered"", probe.Passed = 2 And probe.Failed = 0 And _","Pending","",""
"tests/modTestConfiguration.bas","2062","For scenario = LBound(baseSteps) To UBound(baseSteps)","Pending","",""
"tests/modTestCrackWidth.bas","149","AssertTrue stats, ""crack.user.coeffs.lambda"", crack.FormationResult.LambdaCrc > 0# And crack.FormationResult.LambdaCrc <= 1#","Pending","",""
"tests/modTestCrackWidth.bas","212","AssertTrue stats, ""crack.auto.pass.lambda"", crack.FormationResult.LambdaCrc > 0# And crack.FormationResult.LambdaCrc <= 1#","Pending","",""
"tests/modTestCrackWidth.bas","264","AssertTrue stats, ""crack.auto.fail.lambda"", crack.FormationResult.LambdaCrc > 0# And crack.FormationResult.LambdaCrc <= 1#","Pending","",""
"tests/modTestCrackWidth.bas","265","AssertTrue stats, ""crack.auto.fail.psiRange"", crack.PsiS >= 0# And crack.PsiS <= 1#","Pending","",""
"tests/modTestCrackWidth.bas","312","AssertTrue stats, prefix & "".lambda"", crack.FormationResult.LambdaCrc > 0# And crack.FormationResult.LambdaCrc <= 1#","Pending","",""
"tests/modTestCrackWidth.bas","372","AssertTrue stats, ""crack.path.mxy.lambda"", crackMxy.FormationResult.LambdaCrc > 0# And crackMxy.FormationResult.LambdaCrc <= 1#","Pending","",""
"tests/modTestCrackWidth.bas","402","AssertTrue stats, ""crack.path.nmxy.lambda"", crackNMxy.FormationResult.LambdaCrc > 0# And crackNMxy.FormationResult.LambdaCrc <= 1#","Pending","",""
"tests/modTestCrackWidth.bas","412","crackNFixedMomentFallback.FormationResult.ResultMeta.InternalStatus = rsCheckFailed And _","Pending","",""
"tests/modTestCrackWidth.bas","428","crackFallback.FormationResult.ResultMeta.InternalStatus = rsInvalidInput And _","Pending","",""
"tests/modTestCrackWidth.bas","480","width.CrackWidthInternalStatus = rsBlockedByDependency And Not width.ResultMeta.Calculated","Pending","",""
"tests/modTestCrackWidth.bas","650","AssertTrue stats, prefix & "".lambda"", crack.FormationResult.LambdaCrc > 0# And crack.FormationResult.LambdaCrc <= 1#","Pending","",""
"tests/modTestCrackWidth.bas","700","AssertTrue stats, ""crack.central.lambda"", crack.FormationResult.LambdaCrc > 0# And crack.FormationResult.LambdaCrc <= 1#","Pending","",""
"tests/modTestCrackWidth.bas","831","If runner.ResultSolver Is Nothing Or Not runner.Converged Then","Pending","",""
"tests/modTestCrackWidth.bas","1143","second.ResultMeta.InternalStatus = rsInvalidInput And second.ResultMeta.ResultCode = rcInvalidInput","Pending","",""
"tests/modTestCrackWidth.bas","1339","expectedExecuted = (scenario = 3 Or scenario = 5)","Pending","",""
"tests/modTestCrackWidth.bas","1347","If scenario = 0 Or scenario = 4 Then","Pending","",""
"tests/modTestCrackWidth.bas","1370","If scenario >= 4 Then AssertTrue stats, prefix & "".priorSnapshot"", retained.SearchExecuted And retained.HasLimitPoint","Pending","",""
"tests/modTestCrackWidth.bas","1422","If runner.Converged And runner.WithinPhysicalRange Then","Pending","",""
"tests/modTestCrackWidth.bas","1438","If crack.FormationResult.HasLimitPoint And crack.ResultMeta.Calculated Then","Pending","",""
"tests/modTestCrackWidth.bas","1439","AssertTrue stats, prefix & "".psiRange"", crack.PsiS >= 0# And crack.PsiS <= 1#","Pending","",""
"tests/modTestCrackWidth.bas","1613","AssertTrue stats, prefix & "".noPoint"", Not search.HasLimitPoint And Not calculator.HasLimitPoint","Pending","",""
"tests/modTestCrackWidth.bas","1616","If scenario = 5 Or scenario = 6 Then","Pending","",""
"tests/modTestCrackWidth.bas","1618","InStr(1, search.Meta.ResultComment, ""Object variable"", vbTextCompare) = 0 And _","Pending","",""
"tests/modTestCrackWidth.bas","1623","InStr(1, search.DiagnosticLog, ""formationResidualRuntimeError="" & CStr(runtimeNumber), vbBinaryCompare) > 0 And _","Pending","",""
"tests/modTestCrackWidth.bas","1635","AssertTrue stats, prefix & "".recoverySuccess"", recovery.ResultMeta.InternalStatus = rsSuccess Or _","Pending","",""
"tests/modTestGeneralGeometryConfig.bas","224","Check stats, ""generalGeometry.Geometry.Source.AutoCAD.noGenerator"", restored.ConcreteCount = 1 And restored.RebarCount = 1","Pending","",""
"tests/modTestGeneralGeometryConfig.bas","332","Check stats, prefix & "".normalPhysical"", point.Converged And point.WithinPhysicalRange","Pending","",""
"tests/modTestGeneralGeometryConfig.bas","348","Check stats, prefix & "".overloadExtended"", point.ExtensionUsed And Not point.WithinPhysicalRange","Pending","",""
"tests/modTestGeneralGeometryConfig.bas","370","Check stats, ""generalGeometry.General.DiagramExtension.capacityPhysical."" & CStr(enabled), point.Converged And point.WithinPhysicalRange And Not point.ExtensionUsed","Pending","",""
"tests/modTestGeneralGeometryConfig.bas","392","If CStr(key) = ""Mesh.StepX"" Or CStr(key) = ""Mesh.StepY"" Then values = Array(vbNullString, ""TODO"", ""abc"", CVErr(2015), 0#, -1#)","Pending","",""
"tests/modTestGeneralGeometryConfig.bas","403","Check stats, prefix & "".action"", InStr(1, reason, ""введите"", vbTextCompare) > 0 Or _","Pending","",""
"tests/modTestGeneralGeometryConfig.bas","404","InStr(1, reason, ""выберите"", vbTextCompare) > 0 Or InStr(1, reason, ""исправ"", vbTextCompare) > 0","Pending","",""
"tests/modTestGeneralGeometryConfig.bas","430","ElseIf Left$(key, 9) = ""Geometry."" Or Left$(key, 5) = ""Mesh."" Then","Pending","",""
"tests/modTestGeneralGeometryConfig.bas","537","If targetRow = 0 Or targetColumn = 0 Then Err.Raise vbObjectError + 4499, ""SetProfile"", ""Не найден параметр профиля "" & key","Pending","",""
"tests/modTestGeometry.bas","982","AssertTrue stats, ""rectset.rectangle.rebarSkipsLower"", CountBarsWithSource(rectangleBars, ""H2"") = 0 And CountBarsWithSource(rectangleBars, ""B2"") = 0","Pending","",""
"tests/modTestGeometry.bas","1532","If Not initialized Or candidate < minValue Then minValue = candidate","Pending","",""
"tests/modTestGeometry.bas","1637","geom.MaxX > geom.RightBaseX And geom.MaxX < geom.RightBaseX + geom.RightW","Pending","",""
"tests/modTestGeometry.bas","1719","For i = LBound(px) To UBound(px) - 1","Pending","",""
"tests/modTestGeometry.bas","1729","For i = LBound(px) To UBound(px) - 1","Pending","",""
"tests/modTestGeometry.bas","1745","xCoord = px(UBound(px))","Pending","",""
"tests/modTestGeometry.bas","1746","yCoord = py(UBound(py))","Pending","",""
"tests/modTestGeometry.bas","1780","AssertTrue stats, ""rounded.rebar.top.lastX.followsTaperAngle"", layout.X(5) > 360# And layout.X(5) < 400#","Pending","",""
"tests/modTestGeometry.bas","1792","AssertClose stats, ""rounded.rebar.hLeft.pathStartX"", leftPathX(LBound(leftPathX)), topX1, 0.000001","Pending","",""
"tests/modTestGeometry.bas","1793","AssertClose stats, ""rounded.rebar.hLeft.pathStartY"", leftPathY(LBound(leftPathY)), topY1, 0.000001","Pending","",""
"tests/modTestGeometry.bas","1794","AssertClose stats, ""rounded.rebar.hLeft.pathEndX"", leftPathX(UBound(leftPathX)), bottomX1, 0.000001","Pending","",""
"tests/modTestGeometry.bas","1795","AssertClose stats, ""rounded.rebar.hLeft.pathEndY"", leftPathY(UBound(leftPathY)), bottomY1, 0.000001","Pending","",""
"tests/modTestGeometry.bas","1811","AssertClose stats, ""rounded.rebar.hRight.pathStartX"", rightPathX(LBound(rightPathX)), topX2, 0.000001","Pending","",""
"tests/modTestGeometry.bas","1812","AssertClose stats, ""rounded.rebar.hRight.pathStartY"", rightPathY(LBound(rightPathY)), topY2, 0.000001","Pending","",""
"tests/modTestGeometry.bas","1813","AssertClose stats, ""rounded.rebar.hRight.pathEndX"", rightPathX(UBound(rightPathX)), bottomX2, 0.000001","Pending","",""
"tests/modTestGeometry.bas","1814","AssertClose stats, ""rounded.rebar.hRight.pathEndY"", rightPathY(UBound(rightPathY)), bottomY2, 0.000001","Pending","",""
"tests/modTestGeometry.bas","1839","AssertClose stats, ""rounded.rebar.simpleLeft.pathStartX"", simpleLeftPathX(LBound(simpleLeftPathX)), simpleTopX1, 0.000001","Pending","",""
"tests/modTestGeometry.bas","1840","AssertClose stats, ""rounded.rebar.simpleLeft.pathStartY"", simpleLeftPathY(LBound(simpleLeftPathY)), simpleTopY1, 0.000001","Pending","",""
"tests/modTestGeometry.bas","1841","AssertClose stats, ""rounded.rebar.simpleLeft.pathEndX"", simpleLeftPathX(UBound(simpleLeftPathX)), simpleBottomX1, 0.000001","Pending","",""
"tests/modTestGeometry.bas","1842","AssertClose stats, ""rounded.rebar.simpleLeft.pathEndY"", simpleLeftPathY(UBound(simpleLeftPathY)), simpleBottomY1, 0.000001","Pending","",""
"tests/modTestGeometry.bas","1847","AssertClose stats, ""rounded.rebar.simpleRight.pathStartX"", simpleRightPathX(LBound(simpleRightPathX)), simpleTopX2, 0.000001","Pending","",""
"tests/modTestGeometry.bas","1848","AssertClose stats, ""rounded.rebar.simpleRight.pathStartY"", simpleRightPathY(LBound(simpleRightPathY)), simpleTopY2, 0.000001","Pending","",""
"tests/modTestGeometry.bas","1849","AssertClose stats, ""rounded.rebar.simpleRight.pathEndX"", simpleRightPathX(UBound(simpleRightPathX)), simpleBottomX2, 0.000001","Pending","",""
"tests/modTestGeometry.bas","1850","AssertClose stats, ""rounded.rebar.simpleRight.pathEndY"", simpleRightPathY(UBound(simpleRightPathY)), simpleBottomY2, 0.000001","Pending","",""
"tests/modTestGeometry.bas","2175","If mesh.FiberWidth(i) < baseStep Or mesh.FiberHeight(i) < baseStep Then","Pending","",""
"tests/modTestGeometry.bas","2333","If StrComp(annotations.AnnotationType(i), annotationType, vbTextCompare) = 0 And _","Pending","",""
"tests/modTestGeometry.bas","2392","ElseIf findMax And layout.Y(i) > ExtremeYInAnnotationGroup Then","Pending","",""
"tests/modTestGeometry.bas","2394","ElseIf Not findMax And layout.Y(i) < ExtremeYInAnnotationGroup Then","Pending","",""
"tests/modTestGeometry.bas","2601","AssertTrue stats, ""audit03.geometry.rounded.stableReason"", message = repeatedMessage And Len(message) > 0","Pending","",""
"tests/modTestGeometry.bas","2606","AssertTrue stats, ""audit03.geometry.rounded.revalidated"", rounded.IsValid(message) And Len(message) = 0","Pending","",""
"tests/modTestGeometry.bas","2610","For contourIndex = LBound(contourX) To UBound(contourX)","Pending","",""
"tests/modTestGeometry.bas","2623","AssertTrue stats, ""audit03.geometry.hollow.stableReason"", message = repeatedMessage And Len(message) > 0","Pending","",""
"tests/modTestGeometry.bas","2628","AssertTrue stats, ""audit03.geometry.hollow.revalidated"", hollow.IsValid(message) And Len(message) = 0","Pending","",""
"tests/modTestGeometry.bas","2652","AssertTrue stats, ""audit03.geometry.rounded.areaAvailable"", available And freshAvailable","Pending","",""
"tests/modTestGeometry.bas","2654","AssertTrue stats, ""audit03.geometry.hollow.areaAvailable"", available And freshAvailable","Pending","",""
"tests/modTestGeometry.bas","2715","If mesh.FiberWidth(i) = 100# And mesh.FiberHeight(i) = 100# Then fullCellCount = fullCellCount + 1","Pending","",""
"tests/modTestGeometryConfig.bas","41","InStr(1, description, ""Config"", vbTextCompare) > 0 And InStr(1, description, ""счетчиков"", vbTextCompare) > 0","Pending","",""
"tests/modTestGeometryConfig.bas","334","If CStr(offKey) = ""Rebar.Count"" Or CStr(offKey) = ""Rebar.Diameter"" Then","Pending","",""
"tests/modTestGeometryConfig.bas","414","Check stats, prefix & "".repair"", InStr(1, description, ""Введите"", vbTextCompare) > 0 Or _","Pending","",""
"tests/modTestGeometryConfig.bas","415","InStr(1, description, ""Выберите"", vbTextCompare) > 0 Or InStr(1, description, ""Исправ"", vbTextCompare) > 0","Pending","",""
"tests/modTestGeometryConfig.bas","436","Check stats, ""circleRebar.missing."" & key & "".repair"", InStr(1, description, ""Восстанов"", vbTextCompare) > 0 Or _","Pending","",""
"tests/modTestGeometryConfig.bas","437","InStr(1, description, ""Введите"", vbTextCompare) > 0 Or InStr(1, description, ""Выберите"", vbTextCompare) > 0","Pending","",""
"tests/modTestGeometryConfig.bas","497","Check stats, prefix & "".invalid"", Not valid And Len(description) > 0","Pending","",""
"tests/modTestGeometryConfig.bas","618","Check stats, prefix & "".location"", InStr(1, description, ""Config"", vbTextCompare) > 0 And _","Pending","",""
"tests/modTestGeometryConfig.bas","725","Check stats, ""circleConfig.invalid."" & CStr(key), errorNumber <> 0 And Len(description) > 0","Pending","",""
"tests/modTestGeometryConfig.bas","767","equal = geom.MinX = originalGeom.MinX And geom.MaxX = originalGeom.MaxX And _","Pending","",""
"tests/modTestGeometryConfig.bas","768","geom.MinY = originalGeom.MinY And geom.MaxY = originalGeom.MaxY And bars.Count = originalBars.Count","Pending","",""
"tests/modTestGeometryConfig.bas","771","If bars.X(index) <> originalBars.X(index) Or bars.Y(index) <> originalBars.Y(index) Or _","Pending","",""
"tests/modTestGeometryConfig.bas","807","For rowIndex = LBound(expected, 1) To UBound(expected, 1)","Pending","",""
"tests/modTestGeometryConfig.bas","808","For columnIndex = LBound(expected, 2) To UBound(expected, 2)","Pending","",""
"tests/modTestGeometryConfig.bas","887","Check stats, prefix & "".address"", InStr(1, description, ""Config"", vbTextCompare) > 0 And _","Pending","",""
"tests/modTestGeometryConfig.bas","984","If UBound(first) <> UBound(second) Then Exit Function","Pending","",""
"tests/modTestGeometryConfig.bas","986","For i = LBound(first) To UBound(first)","Pending","",""
"tests/modTestGeometryConfig.bas","1091","Check stats, prefix & "".recovery"", model.ConcreteCount > 0 And model.RebarCount = 24","Pending","",""
"tests/modTestGeometryConfig.bas","1195","If Left$(kind, 3) = ""loc"" Or Left$(kind, 4) = ""bind"" Then","Pending","",""
"tests/modTestGeometryConfig.bas","1202","inactiveOffset = (kind = ""as"" Or kind = ""start"" Or kind = ""end"")","Pending","",""
"tests/modTestGeometryConfig.bas","1203","If CStr(shape) = ""HollowRectangle"" And Left$(CStr(face(0)), 8) = ""Opening."" Then inactiveOffset = False","Pending","",""
"tests/modTestGeometryConfig.bas","1204","If kind = ""d2"" Or kind = ""d3"" Or Left$(kind, 3) = ""loc"" Or Left$(kind, 4) = ""bind"" Or inactiveOffset Then","Pending","",""
"tests/modTestGeometryConfig.bas","1206","If CStr(mode) <> ""countOff"" Or Left$(CStr(face(0)), 8) <> ""Opening."" Then","Pending","",""
"tests/modTestGeometryConfig.bas","1227","If CStr(shape) = ""RectSet"" And CLng(face(1)) >= 15 Then","Pending","",""
"tests/modTestGeometryConfig.bas","1429","If kind = ""d2"" Or kind = ""d3"" Then Near stats, prefix & "".diameter"", CDbl(after(1)), CDbl(value)","Pending","",""
"tests/modTestGeometryConfig.bas","1433","If kind = ""d"" Or kind = ""n"" Or kind = ""d2"" Or kind = ""d3"" Then","Pending","",""
"tests/modTestGeometryConfig.bas","1458","If Left$(kind, 3) = ""loc"" Or Left$(kind, 4) = ""bind"" Then","Pending","",""
"tests/modTestGeometryConfig.bas","1460","ElseIf kind = ""as"" Or kind = ""start"" Or kind = ""end"" Then","Pending","",""
"tests/modTestGeometryConfig.bas","1476","Check stats, prefix & "".repair"", InStr(1, description, ""Введите"", vbTextCompare) > 0 Or _","Pending","",""
"tests/modTestGeometryConfig.bas","1477","InStr(1, description, ""Выберите"", vbTextCompare) > 0 Or InStr(1, description, ""Исправ"", vbTextCompare) > 0","Pending","",""
"tests/modTestGeometryConfig.bas","1523","If bars.BarAnnotationGroupName(i) = group And _","Pending","",""
"tests/modTestGeometryConfig.bas","1527","If bars.BarAnnotationGroupName(j) = group And InStr(1, bars.BarID(j), "".row_1-"", vbBinaryCompare) > 0 Then","Pending","",""
"tests/modTestLoadTableConfig.bas","85","For row = 2 To UBound(data, 1)","Pending","",""
"tests/modTestLoadTableConfig.bas","86","For column = 1 To UBound(data, 2)","Pending","",""
"tests/modTestLoadTableConfig.bas","99","Check stats, prefix & "".workflowTyped"", result.WorkflowMeta.InternalStatus = rsInvalidInput And _","Pending","",""
"tests/modTestLoadTableConfig.bas","100","result.WorkflowMeta.ResultCode = rcInvalidInput And Not result.WorkflowMeta.Calculated","Pending","",""
"tests/modTestLoadTableConfig.bas","104","If (mask And 3) <> 0 Then Check stats, prefix & "".singleStrengthReason"", TextOccurrences(result.StrengthMeta.ResultComment, reason) = 1","Pending","",""
"tests/modTestLoadTableConfig.bas","105","If (mask And 4) <> 0 Then Check stats, prefix & "".singleCrackReason"", TextOccurrences(result.CrackSummaryMeta.ResultComment, reason) = 1","Pending","",""
"tests/modTestLoadTableConfig.bas","106","If (mask And 8) <> 0 Then Check stats, prefix & "".singleStabilityReason"", TextOccurrences(result.StabilityMeta.ResultComment, reason) = 1","Pending","",""
"tests/modTestLoadTableConfig.bas","107","CheckProfileFailureMeta stats, prefix & "".direct"", result.DirectStateMeta, (mask And 1) <> 0, False, reason","Pending","",""
"tests/modTestLoadTableConfig.bas","108","CheckProfileFailureMeta stats, prefix & "".capacity"", result.CapacityMeta, (mask And 2) <> 0, False, reason","Pending","",""
"tests/modTestLoadTableConfig.bas","109","CheckProfileFailureMeta stats, prefix & "".stability"", result.StabilityMeta, (mask And 8) <> 0, False, reason","Pending","",""
"tests/modTestLoadTableConfig.bas","110","CheckProfileFailureMeta stats, prefix & "".formation"", result.CrackFormationMeta, (mask And 4) <> 0, False, reason","Pending","",""
"tests/modTestLoadTableConfig.bas","111","CheckProfileFailureMeta stats, prefix & "".current"", result.CrackCurrentStateMeta, (mask And 4) <> 0, True, reason","Pending","",""
"tests/modTestLoadTableConfig.bas","112","CheckProfileFailureMeta stats, prefix & "".width"", result.CrackWidthMeta, (mask And 4) <> 0, True, reason","Pending","",""
"tests/modTestLoadTableConfig.bas","113","CheckProfileFailureMeta stats, prefix & "".longitudinal"", result.LongitudinalCrackMeta, (mask And 4) <> 0, True, reason","Pending","",""
"tests/modTestLoadTableConfig.bas","142","If (mask And 1) <> 0 Then","Pending","",""
"tests/modTestLoadTableConfig.bas","143","Check stats, prefix & "".directExecuted"", result.DirectStateMeta.Calculated And result.StrengthResult.DirectState.StateAvailable","Pending","",""
"tests/modTestLoadTableConfig.bas","147","If (mask And 2) <> 0 Then","Pending","",""
"tests/modTestLoadTableConfig.bas","148","Check stats, prefix & "".capacityExecuted"", result.CapacityMeta.Calculated And result.StrengthResult.Capacity.LambdaCapacity > 0#","Pending","",""
"tests/modTestLoadTableConfig.bas","152","If (mask And 4) <> 0 Then","Pending","",""
"tests/modTestLoadTableConfig.bas","158","If (mask And 8) <> 0 Then","Pending","",""
"tests/modTestLoadTableConfig.bas","159","Check stats, prefix & "".stabilityExecuted"", Len(result.StabilityResult.Code) > 0 And result.StabilityMeta.InternalStatus = rsNotApplicable","Pending","",""
"tests/modTestLoadTableConfig.bas","174","Check stats, ""profileScope.aggregate.typedPriority"", standalone.Status = ""CalcErr"" And standalone.OverallMeta.ResultCode = rcInternalError","Pending","",""
"tests/modTestLoadTableConfig.bas","207","If (mask And bit) <> 0 Then cell.Value2 = ""Yes"" Else cell.Value2 = ""No""","Pending","",""
"tests/modTestLoadTableConfig.bas","235","If Len(fragment) > 0 Then TextOccurrences = UBound(Split(text, fragment, -1, vbBinaryCompare))","Pending","",""
"tests/modTestLoadTableConfig.bas","257","If loads.Rows.Count <> ROW_COUNT + 1 Or loads.Columns.Count <> 7 Then _","Pending","",""
"tests/modTestLoadTableConfig.bas","463","If caseIndex = 3 And (column < 2 Or column > 4) Then Exit For","Pending","",""
"tests/modTestLoadTableConfig.bas","464","If caseIndex = 2 And column = 7 Then Exit For","Pending","",""
"tests/modTestLoadTableConfig.bas","470","If column = 1 Or column = 5 Then data(slot + 1, column) = vbNullString Else data(slot + 1, column) = ""unknown""","Pending","",""
"tests/modTestLoadTableConfig.bas","580","If mDiagnosticRun And batch.ResultAt(slot).CapacityMeta.InternalStatus = rsNumericalFailure Then _","Pending","",""
"tests/modTestLoadTableConfig.bas","710","If writerName = ""GuardedBatch"" Or writerName = ""OriginalWidthsGuardedBatch"" Then","Pending","",""
"tests/modTestLoadTableConfig.bas","750","If i <= 3 And writerName <> ""OriginalWidthsBatch"" And writerName <> ""OriginalWidthsGuardedBatch"" And _","Pending","",""
"tests/modTestLoadTableConfig.bas","792","If writerName = ""OriginalWidthsBatch"" Or writerName = ""OriginalWidthsGuardedBatch"" Or _","Pending","",""
"tests/modTestMaterialDiagrams.bas","620","For i = 0 To UBound(values)","Pending","",""
"tests/modTestMaterialDiagrams.bas","625","For i = 0 To UBound(values)","Pending","",""
"tests/modTestMaterialDiagrams.bas","676","errorCode <> 0 And errorCode <> 6 And errorCode <> 13","Pending","",""
"tests/modTestMaterialDiagrams.bas","767","affected = useTension And ((index = 1) = (valueSet = ""ULS(I)""))","Pending","",""
"tests/modTestMaterialDiagrams.bas","783","affected = three And useTension","Pending","",""
"tests/modTestMaterialDiagrams.bas","794","affected = useTension And ((index = 10) = three)","Pending","",""
"tests/modTestMaterialDiagrams.bas","938","If InStr(1, key, "".R."", vbBinaryCompare) > 0 Or Right$(key, 2) = "".E"" Or key = ""Concrete.Rb.mc2"" Then","Pending","",""
"tests/modTestPlotConfig.bas","79","For index = 0 To UBound(keys): annotations(1, index + 1) = keys(index): Next index","Pending","",""
"tests/modTestPlotConfig.bas","98","AssertTrue stats, prefix & "".reason"", InStr(1, reason, ""Text"", vbTextCompare) > 0 And InStr(1, reason, ""радиан"", vbTextCompare) > 0","Pending","",""
"tests/modTestPlotConfig.bas","99","AssertTrue stats, prefix & "".empty"", reader.Count = 0 And reader.AnnotationCount = 0","Pending","",""
"tests/modTestPlotConfig.bas","104","AssertTrue stats, prefix & "".export"", code <> 0 And InStr(1, reason, ""Results!"" & cell.Address(False, False), vbTextCompare) > 0","Pending","",""
"tests/modTestPlotConfig.bas","110","AssertTrue stats, prefix & "".entrypoint"", code <> 0 And InStr(1, reason, cell.Address(False, False), vbTextCompare) > 0","Pending","",""
"tests/modTestPlotConfig.bas","117","AssertTrue stats, prefix & "".recovery"", reader.Count = 2 And reader.AnnotationCount = 1","Pending","",""
"tests/modTestPlotConfig.bas","240","For index = 0 To UBound(keys): annotations(1, index + 1) = keys(index): Next index","Pending","",""
"tests/modTestPlotConfig.bas","253","If position = 0 Then Set table = config.Range(""H5"").Resize(UBound(baseline, 1), UBound(baseline, 2)) Else Set table = config.Range(""CH800"").Resize(UBound(baseline, 1), UBound(baseline, 2))","Pending","",""
"tests/modTestPlotConfig.bas","256","For index = 0 To UBound(keys)","Pending","",""
"tests/modTestPlotConfig.bas","282","Case ""Color"": AssertTrue stats, prefix & "".effect"", layout.Color(itemIndex - 1) = RGB(17, 34, 51) And layout.Color(itemIndex) = RGB(17, 34, 51)","Pending","",""
"tests/modTestPlotConfig.bas","295","AssertTrue stats, prefix & "".effect"", marker.Line.BeginArrowheadStyle = 6 And marker.Line.EndArrowheadStyle = 6","Pending","",""
"tests/modTestPlotConfig.bas","297","AssertTrue stats, prefix & "".effect"", marker.Line.BeginArrowheadLength = 3 And marker.Line.BeginArrowheadWidth = 3","Pending","",""
"tests/modTestPlotConfig.bas","306","If fieldName = ""ArrowType"" Or fieldName = ""ArrowSize"" Then","Pending","",""
"tests/modTestPlotConfig.bas","314","AssertTrue stats, prefix & "".bad"" & CStr(VarType(bad)) & "".address"", InStr(1, reason, cell.Address(False, False), vbTextCompare) > 0 And InStr(1, reason, ""Config"", vbTextCompare) > 0","Pending","",""
"tests/modTestPlotConfig.bas","366","If position = 1 Then Set table = config.Range(""CH800"").Resize(UBound(baseline, 1), UBound(baseline, 2))","Pending","",""
"tests/modTestPlotConfig.bas","376","AssertTrue stats, prefix & "".rejected"", code <> 0 And InStr(1, reason, CStr(key), vbTextCompare) > 0","Pending","",""
"tests/modTestPlotConfig.bas","377","AssertTrue stats, prefix & "".address"", InStr(1, reason, ""Config"", vbTextCompare) > 0 And InStr(1, reason, cell.Address(False, False), vbTextCompare) > 0","Pending","",""
"tests/modTestPlotConfig.bas","386","AssertTrue stats, ""audit03.autoPlot.missing.p"" & CStr(position), code <> 0 And InStr(1, reason, ""Plot.AutoUpdateAfterCalculation"", vbTextCompare) > 0","Pending","",""
"tests/modTestPlotConfig.bas","390","AssertTrue stats, ""audit03.autoPlot.inactive.p"" & CStr(position), code <> 0 And InStr(1, reason, ""Geometry.Type"", vbTextCompare) > 0 And InStr(1, reason, ""Plot.AutoUpdateAfterCalculation"", vbTextCompare) = 0","Pending","",""
"tests/modTestPlotConfig.bas","439","AssertTrue stats, prefix & "".validProfile"", reason = ""OK"" Or reason = ""FAIL""","Pending","",""
"tests/modTestPlotConfig.bas","518","For index = 0 To UBound(keys): annotations(1, index + 1) = keys(index): Next index","Pending","",""
"tests/modTestPlotConfig.bas","528","For index = 0 To UBound(keys)","Pending","",""
"tests/modTestPlotConfig.bas","530","If index >= 6 And index <= 11 Then props(row, 1) = ""PLOT""","Pending","",""
"tests/modTestPlotConfig.bas","540","For index = 0 To UBound(units)","Pending","",""
"tests/modTestPlotConfig.bas","555","AssertTrue stats, prefix & "".loaded"", code = 0 And reader.Count = 2","Pending","",""
"tests/modTestPlotConfig.bas","567","For index = 0 To UBound(values): props(index + 2, 3) = values(index): Next index","Pending","",""
"tests/modTestPlotConfig.bas","581","AssertTrue stats, prefix & "".action"", InStr(1, reason, ""Повторите"", vbTextCompare) > 0 Or InStr(1, reason, ""Исправьте"", vbTextCompare) > 0","Pending","",""
"tests/modTestPlotConfig.bas","582","AssertTrue stats, prefix & "".empty"", reader.Count = 0 And reader.AnnotationCount = 0","Pending","",""
"tests/modTestPlotConfig.bas","585","AssertTrue stats, prefix & "".recovery"", code = 0 And reader.Count = 2","Pending","",""
"tests/modTestPlotConfig.bas","598","AssertTrue stats, ""audit03.snapshotMetadata.annotationUnit.p"" & CStr(position), code <> 0 And InStr(1, reason, ""Results!I21"", vbTextCompare) > 0","Pending","",""
"tests/modTestPlotConfig.bas","622","AssertTrue stats, ""audit03.snapshotMetadata.columns.address.p"" & CStr(position), code <> 0 And InStr(1, reason, ""Results!"" & anchor.Cells(2, 3).Address(False, False), vbTextCompare) > 0","Pending","",""
"tests/modTestPlotConfig.bas","628","AssertTrue stats, ""audit03.snapshotMetadata.otherLC.p"" & CStr(position), reader.Count = 2 And reader.KappaX = 0.000002","Pending","",""
"tests/modTestPlotConfig.bas","637","AssertTrue stats, ""audit03.snapshotMetadata.stress.p"" & CStr(position) & ""."" & CStr(unit), reader.ResultUnit = CStr(unit) And reader.ResultValue(1) = -1.25","Pending","",""
"tests/modTestPlotConfig.bas","646","AssertTrue stats, ""audit03.snapshotMetadata.geometry.inactive.p"" & CStr(position), code = 0 And reader.Count = 2","Pending","",""
"tests/modTestPlotConfig.bas","648","AssertTrue stats, ""audit03.snapshotMetadata.missingState.validates.p"" & CStr(position), code <> 0 And reader.Count = 0","Pending","",""
"tests/modTestPlotConfig.bas","710","For index = 0 To UBound(keys)","Pending","",""
"tests/modTestPlotConfig.bas","712","If index >= 12 And index <= 17 Then props(row, 1) = ""PLOT""","Pending","",""
"tests/modTestPlotConfig.bas","714","If index = 6 Or index = 9 Or index = 12 Or index >= 15 Then props(row, 4) = ""-""","Pending","",""
"tests/modTestPlotConfig.bas","715","If index = 13 Or index = 14 Then props(row, 4) = ""1/mm""","Pending","",""
"tests/modTestPlotConfig.bas","741","For index = 0 To UBound(keys): annotations(1, index + 1) = keys(index): Next index","Pending","",""
"tests/modTestPlotConfig.bas","763","If position = 0 Then Set table = config.Range(""A5"").Resize(UBound(baseline, 1), UBound(baseline, 2)) Else Set table = config.Range(""CH800"").Resize(UBound(baseline, 1), UBound(baseline, 2))","Pending","",""
"tests/modTestPlotConfig.bas","780","AssertTrue stats, prefix & "".address"", InStr(1, reason, config.Name, vbTextCompare) > 0 And InStr(1, reason, cell.Address(False, False), vbTextCompare) > 0","Pending","",""
"tests/modTestPlotConfig.bas","781","AssertTrue stats, prefix & "".action"", InStr(1, reason, ""Введите"", vbTextCompare) > 0 Or InStr(1, reason, ""Выберите"", vbTextCompare) > 0 Or InStr(1, reason, ""Исправьте"", vbTextCompare) > 0 Or InStr(1, reason, ""Заполните"", vbTextCompare) > 0","Pending","",""
"tests/modTestPlotConfig.bas","797","AssertTrue stats, ""audit03.generalPlot.spacing.sign.p"" & CStr(position) & ""."" & CStr(bad), code <> 0 And InStr(1, reason, ""Plot.ResultLabelSpacing"", vbTextCompare) > 0","Pending","",""
"tests/modTestPlotConfig.bas","817","Audit03SetPlotSetting table, CStr(key), IIf(CStr(key) = ""Plot.PrincipalAxesMode"", ""None"", ""No"")","Pending","",""
"tests/modTestPlotConfig.bas","824","Audit03SetPlotSetting table, CStr(key), IIf(CStr(key) = ""Plot.PrincipalAxesMode"", ""Concrete"", ""Yes"")","Pending","",""
"tests/modTestPlotConfig.bas","859","AssertTrue stats, ""audit03.generalPlot.axisLabels.off.p"" & CStr(position), Not Audit03PlotShapeExists(chart, ""AxisLabelX"") And Not Audit03PlotShapeExists(chart, ""AxisLabelY"")","Pending","",""
"tests/modTestPlotConfig.bas","868","changedElements(row, 5) = IIf(compression, -0.0001, 0.0001)","Pending","",""
"tests/modTestPlotConfig.bas","869","changedElements(row, 6) = IIf(compression, -2.75, 2.75)","Pending","",""
"tests/modTestPlotConfig.bas","870","changedElements(row, 7) = IIf(compression, ""Compression"", ""Tension"")","Pending","",""
"tests/modTestPlotConfig.bas","879","elementKind = IIf(InStr(1, CStr(key), ""Rebar"", vbTextCompare) > 0, ""ElementRebar"", ""ElementConcrete"")","Pending","",""
"tests/modTestPlotConfig.bas","901","expectedColor = IIf(CStr(key) = ""Separate"", RGB(10, 20, 30), RGB(100, 110, 120))","Pending","",""
"tests/modTestPlotConfig.bas","930","AssertTrue stats, ""audit03.generalPlot.missing.p"" & CStr(position) & ""."" & CStr(key), code <> 0 And InStr(1, reason, CStr(key), vbTextCompare) > 0","Pending","",""
"tests/modTestPlotConfig.bas","943","AssertTrue stats, prefix & "".address"", InStr(1, reason, config.Name, vbTextCompare) > 0 And InStr(1, reason, cell.Address(False, False), vbTextCompare) > 0","Pending","",""
"tests/modTestPlotConfig.bas","955","AssertTrue stats, prefix & "".inactive"", code = 0 And reader.Count = 2","Pending","",""
"tests/modTestPlotConfig.bas","958","AssertTrue stats, prefix & "".rejected"", code <> 0 And InStr(1, reason, ""Plot.LoadCase"", vbTextCompare) > 0","Pending","",""
"tests/modTestPlotConfig.bas","959","AssertTrue stats, prefix & "".address"", InStr(1, reason, config.Name, vbTextCompare) > 0 And InStr(1, reason, cell.Address(False, False), vbTextCompare) > 0","Pending","",""
"tests/modTestPlotConfig.bas","994","AssertTrue stats, prefix & "".style"", marker.Line.BeginArrowheadStyle = style And marker.Line.EndArrowheadStyle = style","Pending","",""
"tests/modTestPlotConfig.bas","995","AssertTrue stats, prefix & "".length"", marker.Line.BeginArrowheadLength = metric And marker.Line.EndArrowheadLength = metric","Pending","",""
"tests/modTestPlotConfig.bas","996","AssertTrue stats, prefix & "".width"", marker.Line.BeginArrowheadWidth = metric And marker.Line.EndArrowheadWidth = metric","Pending","",""
"tests/modTestPlotConfig.bas","1062","ReDim data(1 To UBound(system, 1) + UBound(keys) + 1, 1 To 3)","Pending","",""
"tests/modTestPlotConfig.bas","1064","For row = 2 To UBound(system, 1)","Pending","",""
"tests/modTestPlotConfig.bas","1116","If Left$(key, 17) = ""Plot.RebarLabels."" Or Left$(key, 16) = ""Plot.Dimensions."" Then","Pending","",""
"tests/modTestPlotConfig.bas","1202","If position = 0 Then Set table = sheet.Range(""A5"").Resize(UBound(baseline, 1), 3) Else Set table = sheet.Range(""CH800"").Resize(UBound(baseline, 1), 3)","Pending","",""
"tests/modTestPlotConfig.bas","1215","AssertTrue stats, prefix & "".address"", InStr(1, reason, sheet.Name, vbTextCompare) > 0 And InStr(1, reason, cell.Address(False, False), vbTextCompare) > 0","Pending","",""
"tests/modTestPlotConfig.bas","1231","For index = 0 To UBound(mutationKeys)","Pending","",""
"tests/modTestPlotConfig.bas","1253","If CDbl(bad) = 0# And (CStr(metric(index)) = ""Y"" Or CStr(metric(index)) = ""CenterY"") Then","Pending","",""
"tests/modTestPlotConfig.bas","1257","AssertTrue stats, prefix & "".rejected"", code <> 0 And InStr(1, reason, CStr(mutationKeys(index)), vbTextCompare) > 0","Pending","",""
"tests/modTestPlotConfig.bas","1283","AssertTrue stats, prefix & "".black"", layout.Color(3) = 0 And layout.Color(4) = 0 And layout.Color(5) = 0","Pending","",""
"tests/modTestPlotConfig.bas","1289","AssertTrue stats, prefix & "".arrows"", layout.Arrowheads(3) And Not layout.Arrowheads(1) And Not layout.Arrowheads(5)","Pending","",""
"tests/modTestPlotConfig.bas","1297","AssertTrue stats, ""audit03.annotation.noLeader.p"" & CStr(position), layout.Count = 1 And layout.ItemKind(1) = ""TEXT""","Pending","",""
"tests/modTestPlotConfig.bas","1352","If position = 0 Then Set table = config.Range(""A5"").Resize(UBound(baseline, 1), UBound(baseline, 2)) Else Set table = config.Range(""CH800"").Resize(UBound(baseline, 1), UBound(baseline, 2))","Pending","",""
"tests/modTestPlotConfig.bas","1378","AssertTrue stats, prefix & "".rejected"", code <> 0 And InStr(1, reason, ""Plot.Enabled"", vbTextCompare) > 0","Pending","",""
"tests/modTestPlotConfig.bas","1379","AssertTrue stats, prefix & "".address"", InStr(1, reason, ""Config"", vbTextCompare) > 0 And InStr(1, reason, target.Address(False, False), vbTextCompare) > 0","Pending","",""
"tests/modTestPlotConfig.bas","1385","AssertTrue stats, ""audit03.generalPlot.enable.recovery"", Audit03PlotShapeExists(chart, ""ElementConcrete"") And Not Audit03PlotShapeExists(chart, ""Audit03Sentinel"")","Pending","",""
"tests/modTestPlotConfig.bas","1437","same = (UBound(baseline, 1) = UBound(actual, 1) And UBound(baseline, 2) = UBound(actual, 2))","Pending","",""
"tests/modTestPlotConfig.bas","1439","For row = 1 To UBound(baseline, 1)","Pending","",""
"tests/modTestPlotConfig.bas","1440","For column = firstColumn To UBound(baseline, 2)","Pending","",""
"tests/modTestProfileConfig.bas","35","For i = 0 To UBound(names)","Pending","",""
"tests/modTestProfileConfig.bas","81","For i = 0 To UBound(names)","Pending","",""
"tests/modTestProfileConfig.bas","108","ReDim refs(0 To UBound(names))","Pending","",""
"tests/modTestProfileConfig.bas","109","For index = 0 To UBound(names): refs(index) = ThisWorkbook.Names.Item(CStr(names(index))).RefersTo: Next index","Pending","",""
"tests/modTestProfileConfig.bas","120","For index = 0 To UBound(names)","Pending","",""
"tests/modTestProfileConfig.bas","152","code = IIf(batch.ResultAt(1).Status = ""InputErr"", 1, 0)","Pending","",""
"tests/modTestProfileConfig.bas","163","If index = 0 And key = ""Solver.ToleranceN"" Then","Pending","",""
"tests/modTestProfileConfig.bas","191","For index = 0 To UBound(names)","Pending","",""
"tests/modTestProfileConfig.bas","410","Check stats, prefix & "".Profile.DisplayName.consumer"", batch.ResultAt(1).ProfileId = ""PR"" & CStr(profile) And Not state Is Nothing","Pending","",""
"tests/modTestProfileConfig.bas","425","Check stats, prefix & "".Profile.Description.error.controlled"", code <> 13 And code <> 6","Pending","",""
"tests/modTestProfileConfig.bas","503","Check stats, prefix & "".controlled"", code <> 6 And code <> 13","Pending","",""
"tests/modTestProfileConfig.bas","540","If provider.DiagramExtensionEnabled And (state.StateType = sstStrengthState Or state.StateType = sstCrackedState) Then","Pending","",""
"tests/modTestProfileConfig.bas","575","For i = 0 To UBound(names)","Pending","",""
"tests/modTestProfileConfig.bas","615","If referenceX <> 0# Or referenceY <> 0# Then batch.ApplyLoadReference referenceX, referenceY, 0#, 0#","Pending","",""
"tests/modTestProfileConfig.bas","658","For i = 0 To UBound(names): saved(i) = ThisWorkbook.Names.Item(CStr(names(i))).RefersToRange.Formula: Next i","Pending","",""
"tests/modTestProfileConfig.bas","701","For i = 0 To UBound(names)","Pending","",""
"tests/modTestProfileConfig.bas","839","Check stats, prefix & "".recovery"", batch.Count = 2 And batch.ResultAt(2).StabilityMeta.InternalStatus = rsSuccess","Pending","",""
"tests/modTestProfileConfig.bas","987","For row = 2 To UBound(data, 1)","Pending","",""
"tests/modTestProfileConfig.bas","1066","Check stats, prefix & "".typed"", meta.InternalStatus = rsInvalidInput And meta.ResultCode = rcInvalidInput","Pending","",""
"tests/modTestProfileConfig.bas","1070","Check stats, prefix & "".repair"", InStr(1, meta.ResultComment, ""исправ"", vbTextCompare) > 0 Or InStr(1, meta.ResultComment, ""восстанов"", vbTextCompare) > 0","Pending","",""
"tests/modTestProfileConfig.bas","1097","For row = 2 To UBound(data, 1)","Pending","",""
"tests/modTestProfileConfig.bas","1098","For column = 1 To UBound(data, 2): data(row, column) = vbNullString: Next column","Pending","",""
"tests/modTestProfileConfig.bas","1173","If UBound(before, 1) <> UBound(after, 1) Or UBound(before, 2) <> UBound(after, 2) Then Exit Function","Pending","",""
"tests/modTestProfileConfig.bas","1174","For row = 1 To UBound(before, 1)","Pending","",""
"tests/modTestProfileConfig.bas","1175","For column = 1 To UBound(before, 2)","Pending","",""
"tests/modTestProfileConfig.bas","1219","For i = 0 To UBound(names): saved(i) = ThisWorkbook.Names.Item(CStr(names(i))).RefersToRange.Formula: Next i","Pending","",""
"tests/modTestProfileConfig.bas","1258","For i = 0 To UBound(names)","Pending","",""
"tests/modTestProfileConfig.bas","1326","Check stats, prefix & "".extension"", layout.Color(1) = base And layout.Color(2) = base","Pending","",""
"tests/modTestProfileConfig.bas","1383","Check stats, prefix & "".controlled"", code <> 6 And code <> 13 And code <> 9","Pending","",""
"tests/modTestProfileConfig.bas","1386","Check stats, prefix & "".repair"", InStr(1, reason, ""Введите"", vbTextCompare) > 0 Or InStr(1, reason, ""Выберите"", vbTextCompare) > 0 Or InStr(1, reason, ""Исправьте"", vbTextCompare) > 0","Pending","",""
"tests/modTestProfileConfig.bas","1489","Check stats, ""presentationConfig.snapshot.geometryHeader.controlled"", code <> 9 And code <> 13 And code <> 6","Pending","",""
"tests/modTestProfileConfig.bas","1501","Check stats, ""presentationConfig.snapshot.annotation."" & CStr(field) & "".controlled"", code <> 9 And code <> 13 And code <> 6","Pending","",""
"tests/modTestProfileConfig.bas","1552","For column = 1 To UBound(data, 2)","Pending","",""
"tests/modTestProfileConfig.bas","1612","If Not foundValue Or Abs(reader.ResultValue(i)) > Abs(maximum) Then maximum = reader.ResultValue(i)","Pending","",""
"tests/modTestProfileConfig.bas","1624","If Abs(shape.Left - (chartObject.Width - 118#)) < 0.01 And Abs(shape.Top - 174#) < 0.01 Then","Pending","",""
"tests/modTestRegressionBaseline.bas","136","AssertTrue stats, ""geometry_change.state_changed"", Abs(smallSolver.KappaX - largeSolver.KappaX) > 0.000000000001 Or _","Pending","",""
"tests/modTestRegressionBaseline.bas","137","Abs(smallSolver.KappaY - largeSolver.KappaY) > 0.000000000001 Or _","Pending","",""
"tests/modTestSectionSolver.bas","265","For i = LBound(removedKeys) To UBound(removedKeys)","Pending","",""
"tests/modTestSectionSolver.bas","274","For i = LBound(rangeNames) To UBound(rangeNames)","Pending","",""
"tests/modTestSectionSolver.bas","283","For i = LBound(removedRanges) To UBound(removedRanges)","Pending","",""
"tests/modTestSectionSolver.bas","296","For i = LBound(requiredKeys) To UBound(requiredKeys)","Pending","",""
"tests/modTestSectionSolver.bas","526","AssertTrue stats, ""section.systemMethod.newtonBranch"", solver.Converged And solver.InternalNewtonCallCount > 0","Pending","",""
"tests/modTestSectionSolver.bas","552","If newton.Converged And secant.Converged Then","Pending","",""
"tests/modTestSectionSolver.bas","803","AssertTrue stats, prefix & "".referenceConverged"", freeSolver.Converged And referenceSolver.Converged","Pending","",""
"tests/modTestSectionSolver.bas","858","If Not unitRange Is Nothing And IsArray(savedUnits) Then","Pending","",""
"tests/modTestSectionSolver.bas","929","If scenario = 2 Or scenario = 3 Then expectedExternal = ""NumFail""","Pending","",""
"tests/modTestSectionSolver.bas","936","If scenario = 1 Or scenario = 5 Or scenario >= 6 Then","Pending","",""
"tests/modTestSectionSolver.bas","1371","AssertTrue stats, prefix & "".numericCause"", solver.FailureCode = sfcNumericalFailure Or solver.FailureCode = sfcSingularTangent","Pending","",""
"tests/modTestSectionSolver.bas","1389","AssertTrue stats, prefix & "".normalRecovers"", solver.Converged And solver.FailureCode = sfcNone","Pending","",""
"tests/modTestSectionSolver.bas","1434","AssertTrue stats, ""audit03.effect.Solver.LoadSteps.one"", first.Converged And first.LoadStepsCompleted = 1","Pending","",""
"tests/modTestSectionSolver.bas","1435","AssertTrue stats, ""audit03.effect.Solver.LoadSteps.four"", second.Converged And second.LoadStepsCompleted = 4","Pending","",""
"tests/modTestSectionSolver.bas","1436","AssertTrue stats, ""audit03.effect.Solver.LoadSteps.work"", second.InternalNewtonCallCount = 4 And first.InternalNewtonCallCount = 1","Pending","",""
"tests/modTestSectionSolver.bas","1442","AssertTrue stats, ""audit03.effect.Solver.MaxIterations.one"", Not first.Converged And first.Iterations = 1","Pending","",""
"tests/modTestSectionSolver.bas","1443","AssertTrue stats, ""audit03.effect.Solver.MaxIterations.four"", second.Converged And second.Iterations <= 4","Pending","",""
"tests/modTestSectionSolver.bas","1456","AssertTrue stats, ""audit03.effect."" & CStr(key) & "".loose"", first.Converged And first.Iterations = 1","Pending","",""
"tests/modTestSectionSolver.bas","1457","AssertTrue stats, ""audit03.effect."" & CStr(key) & "".strict"", second.Converged And second.Iterations > first.Iterations","Pending","",""
"tests/modTestSectionSolver.bas","1480","AssertTrue stats, ""audit03.effect."" & CStr(key) & "".converged"", first.Converged And second.Converged","Pending","",""
"tests/modTestSectionSolver.bas","1490","AssertTrue stats, ""audit03.effect.Solver.Method.Newton"", first.Converged And first.InternalNewtonCallCount = 1","Pending","",""
"tests/modTestSectionSolver.bas","1491","AssertTrue stats, ""audit03.effect.Solver.Method.Secant"", second.Converged And second.InternalNewtonCallCount = 0","Pending","",""
"tests/modTestSectionSolver.bas","1498","AssertTrue stats, ""audit03.effect.Solver.SecantMinStepNorm.large"", Not second.Converged And second.MatrixRestartCount = 2","Pending","",""
"tests/modTestSectionSolver.bas","1504","AssertTrue stats, ""audit03.effect.Solver.SecantMaxRestarts.zero"", Not first.Converged And first.MatrixRestartCount = 0","Pending","",""
"tests/modTestSectionSolver.bas","1505","AssertTrue stats, ""audit03.effect.Solver.SecantMaxRestarts.three"", Not second.Converged And second.MatrixRestartCount = 3","Pending","",""
"tests/modTestSectionSolver.bas","1509","AssertTrue stats, ""audit03.effect.SecantOptions.inactiveInNewton"", first.Converged And first.MatrixRestartCount = 0","Pending","",""
"tests/modTestSectionSolver.bas","1539","For i = 0 To UBound(keys)","Pending","",""
"tests/modTestSectionSolver.bas","1541","If forceSmallSecantStep And CStr(keys(i)) = ""Solver.SecantMinStepNorm"" Then data(i + 2, 2) = 1#","Pending","",""
"tests/modTestSectionSolver.bas","1568","Not solver.Converged And solver.FailureCode = sfcInvalidConfiguration","Pending","",""
"tests/modTestSectionSolver.bas","1592","For i = 0 To UBound(keys)","Pending","",""
"tests/modTestSectionSolver.bas","1597","Not solver.Converged And solver.FailureCode = sfcInvalidConfiguration","Pending","",""
"tests/modTestSectionSolver.bas","1636","AssertTrue stats, ""audit03.effect.Solver.MinLineSearchAlpha.one"", Not first.Converged And first.FailureCode = sfcNumericalFailure","Pending","",""
"tests/modTestSectionSolver.bas","1663","AssertTrue stats, ""audit03.linear.typed.large.residual"", system.RelativeResidual >= 0# And system.RelativeResidual <= 1E-8","Pending","",""
"tests/modTestSectionSolver.bas","1669","AssertTrue stats, ""audit03.linear.typed.overflow.vector"", system.X1 = 0# And system.X2 = 0# And system.X3 = 0# And Not system.Solved","Pending","",""
"tests/modTestSectionSolver.bas","1729","AssertTrue stats, label & "".solved"", solved And system.Solved","Pending","",""
"tests/modTestSectionSolver.bas","1730","If code = 0 And solved Then","Pending","",""
"tests/modTestSectionSolver.bas","1750","AssertTrue stats, label & "".solved"", solved And system.Solved","Pending","",""
"tests/modTestSectionSolver.bas","1751","If code = 0 And solved Then","Pending","",""
"tests/modTestSectionSolver.bas","1752","AssertTrue stats, label & "".vector"", system.X1 = value And system.X2 = value And system.X3 = value","Pending","",""
"tests/modTestSectionSolver.bas","1763","AssertTrue stats, ""audit03.linear.unrepresentable.failed"", Not solved And Not system.Solved","Pending","",""
"tests/modTestSectionSolver.bas","1772","AssertTrue stats, ""audit03.linear.elimination.failed"", Not solved And Not system.Solved","Pending","",""
"tests/modTestSectionSolver.bas","1775","AssertTrue stats, ""audit03.linear.recovery"", system.Solve(3#, 2#, -1#, 2#, -2#, 4#, -1#, 0.5, -1#, 1#, -2#, 0#) And system.Solved","Pending","",""
"tests/modTestWorkbookInterface.bas","270","AssertTrue stats, ""ui.loads.layout.position"", loads.Row = 3 And loads.Column = 15","Pending","",""
"tests/modTestWorkbookInterface.bas","308","AssertTrue stats, ""ui.buttons.outsidePrint"", runButton.Left > calc.Range(""AJ1"").Left And importButton.Left > calc.Range(""AJ1"").Left And clearButton.Left > calc.Range(""AJ1"").Left And acadButton.Left > calc.Range(""AJ1"").Left And plotButton.Left > calc.Range(""AJ1"").Left","Pending","",""
"tests/modTestWorkbookInterface.bas","309","AssertTrue stats, ""ui.buttons.textCentered"", ButtonTextIsCentered(runButton) And ButtonTextIsCentered(importButton) And _","Pending","",""
"tests/modTestWorkbookInterface.bas","310","ButtonTextIsCentered(clearButton) And ButtonTextIsCentered(acadButton) And ButtonTextIsCentered(plotButton)","Pending","",""
"tests/modTestWorkbookInterface.bas","315","ButtonTextIsCentered = (buttonShape.TextFrame.HorizontalAlignment = -4108 And _","Pending","",""
"tests/modTestWorkbookInterface.bas","405","AssertTrue stats, ""ui.executionReport.content"", InStr(1, reportText, ""ОТЧЕТ ВЫПОЛНЕНИЯ RC SECTION NDM"", vbTextCompare) > 0 And _","Pending","",""
"tests/modTestWorkbookInterface.bas","406","InStr(1, reportText, ""Старт расчета"", vbTextCompare) > 0 And _","Pending","",""
"tests/modTestWorkbookInterface.bas","407","InStr(1, reportText, ""Итерации прямого CSectionSolver"", vbTextCompare) > 0 And _","Pending","",""
"tests/modTestWorkbookInterface.bas","491","AssertTrue stats, ""ui.autocad.reference.point"", Abs(batch.LoadReferenceX) > 0.000001 Or Abs(batch.LoadReferenceY) > 0.000001","Pending","",""
"tests/modTestWorkbookInterface.bas","559","AssertTrue stats, ""ui.loads.minRows.headerOnlyRejected"", errorNumber <> 0 And _","Pending","",""
"tests/modTestWorkbookInterface.bas","596","AssertTrue stats, ""ui.loads.partial.message"", InStr(1, message, ""ошиб"", vbTextCompare) > 0 And _","Pending","",""
"tests/modTestWorkbookInterface.bas","614","InStr(1, message, ""InputErr"", vbTextCompare) > 0 And _","Pending","",""
"tests/modTestWorkbookInterface.bas","637","InStr(1, description, ""предварительно импортированной"", vbTextCompare) > 0 And _","Pending","",""
"tests/modTestWorkbookInterface.bas","888","AssertTrue stats, ""ui.plot.overlay.shapes"", CountGeneratedPlotShapes(""Principal1"") > 0 And _","Pending","",""
"tests/modTestWorkbookInterface.bas","889","CountGeneratedPlotShapes(""Principal2"") > 0 And Not loadPoint Is Nothing","Pending","",""
"tests/modTestWorkbookInterface.bas","890","If CountGeneratedPlotShapes(""Principal1"") <= 0 Or CountGeneratedPlotShapes(""Principal2"") <= 0 Or loadPoint Is Nothing Then","Pending","",""
"tests/modTestWorkbookInterface.bas","895","AssertTrue stats, ""ui.plot.overlay.chartLayer"", CountPlotShapes(""Principal1"") > 0 And _","Pending","",""
"tests/modTestWorkbookInterface.bas","896","CountPlotShapes(""Principal2"") > 0 And CountPlotShapes(""LoadPoint"") > 0 And _","Pending","",""
"tests/modTestWorkbookInterface.bas","897","CountWorksheetPlotShapes(""Principal1"") = 0 And CountWorksheetPlotShapes(""Principal2"") = 0 And _","Pending","",""
"tests/modTestWorkbookInterface.bas","899","AssertTrue stats, ""ui.plot.axisLabels.exists"", CountPlotShapes(""AxisLabelX"") = 1 And CountPlotShapes(""AxisLabelY"") = 1","Pending","",""
"tests/modTestWorkbookInterface.bas","900","AssertTrue stats, ""ui.plot.axisLabels.text"", PlotShapeTextContains(""Ось X"") And PlotShapeTextContains(""Ось Y"")","Pending","",""
"tests/modTestWorkbookInterface.bas","901","AssertTrue stats, ""ui.plot.axisLabels.italic"", PlotShapeTextItalic(""AxisLabelX"") And PlotShapeTextItalic(""AxisLabelY"")","Pending","",""
"tests/modTestWorkbookInterface.bas","903","AssertTrue stats, ""ui.plot.axisLabels.insideFrame"", PlotShapesInsideStableFrame(""AxisLabelX"", 0.5) And _","Pending","",""
"tests/modTestWorkbookInterface.bas","912","AssertTrue stats, ""ui.plot.overlay.clippedAxes"", PlotShapesInsideStableFrame(""Principal1"", 1#) And _","Pending","",""
"tests/modTestWorkbookInterface.bas","1037","Len(ResultsPropertyValue(""ALL"", ""LoadReferenceX"")) > 0 And Len(ResultsPropertyValue(""ALL"", ""LoadReferenceY"")) > 0","Pending","",""
"tests/modTestWorkbookInterface.bas","1186","AssertTrue stats, ""ui.run.strainPlane"", IsNumeric(strengthAnchor.Worksheet.Cells.Item(strengthAnchor.Row, 15).Value2) And _","Pending","",""
"tests/modTestWorkbookInterface.bas","1187","IsNumeric(strengthAnchor.Worksheet.Cells.Item(strengthAnchor.Row, 16).Value2) And _","Pending","",""
"tests/modTestWorkbookInterface.bas","1191","AssertTrue stats, ""ui.run.crack"", Len(CStr(crackAnchor.Worksheet.Cells.Item(crackAnchor.Row, 3).Value2)) > 0 And _","Pending","",""
"tests/modTestWorkbookInterface.bas","1200","AssertTrue stats, ""ui.strengthSummary.currentDepths"", IsNumeric(resultsSheet.Cells.Item(strengthAnchor.Row, 26).Value2) And IsNumeric(resultsSheet.Cells.Item(strengthAnchor.Row, 27).Value2)","Pending","",""
"tests/modTestWorkbookInterface.bas","1201","AssertTrue stats, ""ui.strengthSummary.direct.noCapacityDepths"", Len(CStr(resultsSheet.Cells.Item(strengthAnchor.Row, 46).Value2)) = 0 And Len(CStr(resultsSheet.Cells.Item(strengthAnchor.Row, 47).Value2)) = 0","Pending","",""
"tests/modTestWorkbookInterface.bas","1205","AssertTrue stats, ""ui.results.elements.rows"", UBound(elementResults, 1) > 1","Pending","",""
"tests/modTestWorkbookInterface.bas","1216","AssertTrue stats, ""ui.results.geometry.rows"", UBound(geometryResults, 1) > 1","Pending","",""
"tests/modTestWorkbookInterface.bas","1217","AssertTrue stats, ""ui.results.strength.anchor"", ThisWorkbook.Names.Item(""rngStrengthSummaryAnchor"").RefersToRange.Row = 49 And ThisWorkbook.Names.Item(""rngStrengthSummaryAnchor"").RefersToRange.Column = 1","Pending","",""
"tests/modTestWorkbookInterface.bas","1218","AssertTrue stats, ""ui.results.crack.anchor"", ThisWorkbook.Names.Item(""rngCrackSummaryAnchor"").RefersToRange.Row = 85 And ThisWorkbook.Names.Item(""rngCrackSummaryAnchor"").RefersToRange.Column = 1","Pending","",""
"tests/modTestWorkbookInterface.bas","1219","AssertTrue stats, ""ui.results.stability.anchor"", ThisWorkbook.Names.Item(""rngStabilitySummaryAnchor"").RefersToRange.Row = 122 And ThisWorkbook.Names.Item(""rngStabilitySummaryAnchor"").RefersToRange.Column = 1","Pending","",""
"tests/modTestWorkbookInterface.bas","1220","AssertTrue stats, ""ui.results.geometry.position"", ThisWorkbook.Names.Item(""rngNDMSectionGeometry"").RefersToRange.Row = 156 And ThisWorkbook.Names.Item(""rngNDMSectionGeometry"").RefersToRange.Column = 12","Pending","",""
"tests/modTestWorkbookInterface.bas","1221","AssertTrue stats, ""ui.results.properties.position"", ThisWorkbook.Names.Item(""rngNDMSectionProperties"").RefersToRange.Row = 156 And ThisWorkbook.Names.Item(""rngNDMSectionProperties"").RefersToRange.Column = 29","Pending","",""
"tests/modTestWorkbookInterface.bas","1222","AssertTrue stats, ""ui.results.materialDiagrams.position"", ThisWorkbook.Names.Item(""rngNDMMaterialDiagrams"").RefersToRange.Row = 156 And ThisWorkbook.Names.Item(""rngNDMMaterialDiagrams"").RefersToRange.Column = 37","Pending","",""
"tests/modTestWorkbookInterface.bas","1223","AssertTrue stats, ""ui.results.annotations.position"", ThisWorkbook.Names.Item(""rngNDMSectionAnnotations"").RefersToRange.Row = 156 And ThisWorkbook.Names.Item(""rngNDMSectionAnnotations"").RefersToRange.Column = 50","Pending","",""
"tests/modTestWorkbookInterface.bas","1229","ResultsPropertyExists(""LC1"", ""State.CrackedState.NeutralLine.Angle"") And _","Pending","",""
"tests/modTestWorkbookInterface.bas","1232","Not ResultsPropertyExists(""LC1"", ""Epsilon0"") And _","Pending","",""
"tests/modTestWorkbookInterface.bas","1233","Not ResultsPropertyExists(""LC1"", ""KappaX"") And _","Pending","",""
"tests/modTestWorkbookInterface.bas","1237","ResultsPropertyExists(""ALL"", ""LoadReferenceX"") And ResultsPropertyExists(""ALL"", ""LoadReferenceY"")","Pending","",""
"tests/modTestWorkbookInterface.bas","1239","ResultsPropertyExists(""ALL"", ""Transformed.CentroidX"") And _","Pending","",""
"tests/modTestWorkbookInterface.bas","1240","ResultsPropertyExists(""ALL"", ""Transformed.CentroidY"") And _","Pending","",""
"tests/modTestWorkbookInterface.bas","1241","ResultsPropertyExists(""ALL"", ""Transformed.PrincipalAngle"") And _","Pending","",""
"tests/modTestWorkbookInterface.bas","1242","ResultsPropertyExists(""ALL"", ""Transformed.PrincipalI1"") And _","Pending","",""
"tests/modTestWorkbookInterface.bas","1245","Not ResultsPropertyExists(""ALL"", ""CentroidX"") And _","Pending","",""
"tests/modTestWorkbookInterface.bas","1246","Not ResultsPropertyExists(""ALL"", ""CentroidY"") And _","Pending","",""
"tests/modTestWorkbookInterface.bas","1247","Not ResultsPropertyExists(""ALL"", ""PrincipalAngle"") And _","Pending","",""
"tests/modTestWorkbookInterface.bas","1248","Not ResultsPropertyExists(""ALL"", ""PrincipalI1"") And _","Pending","",""
"tests/modTestWorkbookInterface.bas","1251","Not ResultsPropertyExists(""LC1"", ""LoadReferenceX"") And Not ResultsPropertyExists(""LC1"", ""LoadReferenceY"")","Pending","",""
"tests/modTestWorkbookInterface.bas","1258","AssertTrue stats, ""ui.results.materialDiagrams.rows"", UBound(materialDiagrams, 1) > 1","Pending","",""
"tests/modTestWorkbookInterface.bas","1271","PlotShapeTextContains(""Схема сечения"") And PlotShapeTextContains(""(ui test)"")","Pending","",""
"tests/modTestWorkbookInterface.bas","1278","Len(ProfileSettingValue(""PR3"", ""Profile.DisplayName"")) > 0 And _","Pending","",""
"tests/modTestWorkbookInterface.bas","1279","ProfileSettingValue(""PR3"", ""Calculation.Strength.DirectState"") = ""Yes"" And _","Pending","",""
"tests/modTestWorkbookInterface.bas","1282","Len(ProfileSettingValue(""PR4"", ""Profile.DisplayName"")) > 0 And _","Pending","",""
"tests/modTestWorkbookInterface.bas","1283","ProfileSettingValue(""PR4"", ""Visualization.Quantity"") = ""Strain"" And _","Pending","",""
"tests/modTestWorkbookInterface.bas","1331","UBound(elementResults, 1) = expectedElementRows","Pending","",""
"tests/modTestWorkbookInterface.bas","1400","InStr(1, errorText, ""не помещаются"", vbTextCompare) > 0 And _","Pending","",""
"tests/modTestWorkbookInterface.bas","1401","InStr(1, errorText, ""Расчет не запущен"", vbTextCompare) > 0 And _","Pending","",""
"tests/modTestWorkbookInterface.bas","1402","InStr(1, errorText, ""Что сделать"", vbTextCompare) > 0 And _","Pending","",""
"tests/modTestWorkbookInterface.bas","1403","InStr(1, errorText, ""Вставьте"", vbTextCompare) > 0 And _","Pending","",""
"tests/modTestWorkbookInterface.bas","1404","InStr(1, errorText, ""на листе Results"", vbTextCompare) > 0 And _","Pending","",""
"tests/modTestWorkbookInterface.bas","1405","InStr(1, errorText, ""над строкой"", vbTextCompare) > 0 And _","Pending","",""
"tests/modTestWorkbookInterface.bas","1406","InStr(1, errorText, ""над строкой 44"", vbTextCompare) > 0 And _","Pending","",""
"tests/modTestWorkbookInterface.bas","1407","InStr(1, errorText, ""над строкой 80"", vbTextCompare) > 0 And _","Pending","",""
"tests/modTestWorkbookInterface.bas","1408","InStr(1, errorText, ""над строкой 116"", vbTextCompare) > 0 And _","Pending","",""
"tests/modTestWorkbookInterface.bas","1409","InStr(1, errorText, ""над строкой 45"", vbTextCompare) = 0 And _","Pending","",""
"tests/modTestWorkbookInterface.bas","1410","InStr(1, errorText, ""над строкой 81"", vbTextCompare) = 0 And _","Pending","",""
"tests/modTestWorkbookInterface.bas","1411","InStr(1, errorText, ""над строкой 117"", vbTextCompare) = 0 And _","Pending","",""
"tests/modTestWorkbookInterface.bas","1412","InStr(1, errorText, ""на листе Config"", vbTextCompare) > 0 And _","Pending","",""
"tests/modTestWorkbookInterface.bas","1413","InStr(1, errorText, vbCrLf & ""1)"", vbBinaryCompare) > 0 And _","Pending","",""
"tests/modTestWorkbookInterface.bas","1414","InStr(1, errorText, vbCrLf & ""2)"", vbBinaryCompare) > 0 And _","Pending","",""
"tests/modTestWorkbookInterface.bas","1415","InStr(1, errorText, ""rngStrengthSummaryAnchor"", vbTextCompare) > 0 And _","Pending","",""
"tests/modTestWorkbookInterface.bas","1416","InStr(1, errorText, ""rngCrackSummaryAnchor"", vbTextCompare) > 0 And _","Pending","",""
"tests/modTestWorkbookInterface.bas","1417","InStr(1, errorText, ""rngStabilitySummaryAnchor"", vbTextCompare) > 0 And _","Pending","",""
"tests/modTestWorkbookInterface.bas","1505","""; elementResultRows="" & CStr(UBound(elementResults, 1)) & _","Pending","",""
"tests/modTestWorkbookInterface.bas","1513","UBound(elementResults, 1) = 1 + 20 * 5 * geometryRowCount","Pending","",""
"tests/modTestWorkbookInterface.bas","1745","safeOverall = ""OK"" Or safeOverall = ""FAIL""","Pending","",""
"tests/modTestWorkbookInterface.bas","1747","safeCrack = ""OK"" Or safeCrack = ""FAIL""","Pending","",""
"tests/modTestWorkbookInterface.bas","1750","overOverall = ""FAIL"" Or overOverall = ""NumFail""","Pending","",""
"tests/modTestWorkbookInterface.bas","1752","overCrack <> ""NumFail"" And overCrack <> ""InputErr""","Pending","",""
"tests/modTestWorkbookInterface.bas","1828","If safetyValue > 0# And (bestSafety = 0# Or safetyValue < bestSafety) Then","Pending","",""
"tests/modTestWorkbookInterface.bas","1920","For colIndex = 1 To UBound(data, 2)","Pending","",""
"tests/modTestWorkbookInterface.bas","1944","If loadCaseColumn = 0 Or stateTypeColumn = 0 Then Exit Function","Pending","",""
"tests/modTestWorkbookInterface.bas","1947","For rowIndex = 2 To UBound(data, 1)","Pending","",""
"tests/modTestWorkbookInterface.bas","1948","If StrComp(CStr(data(rowIndex, loadCaseColumn)), loadCase, vbTextCompare) = 0 And _","Pending","",""
"tests/modTestWorkbookInterface.bas","1966","If loadCaseColumn = 0 Or stateTypeColumn = 0 Or stressColumn = 0 Then Exit Function","Pending","",""
"tests/modTestWorkbookInterface.bas","1970","For rowIndex = 2 To UBound(data, 1)","Pending","",""
"tests/modTestWorkbookInterface.bas","1971","If StrComp(CStr(data(rowIndex, loadCaseColumn)), loadCase, vbTextCompare) = 0 And _","Pending","",""
"tests/modTestWorkbookInterface.bas","1989","If stateCol = 0 Or modeCol = 0 Then Exit Function","Pending","",""
"tests/modTestWorkbookInterface.bas","1992","For rowIndex = 2 To UBound(materialDiagrams, 1)","Pending","",""
"tests/modTestWorkbookInterface.bas","1993","If StrComp(CStr(materialDiagrams(rowIndex, stateCol)), stateTypeText, vbTextCompare) = 0 And _","Pending","",""
"tests/modTestWorkbookInterface.bas","2017","If diagramCol = 0 Or pointCol = 0 Then Exit Function","Pending","",""
"tests/modTestWorkbookInterface.bas","2020","For rowIndex = 2 To UBound(materialDiagrams, 1)","Pending","",""
"tests/modTestWorkbookInterface.bas","2042","If parameterCol = 0 Or valueCol = 0 Then Exit Function","Pending","",""
"tests/modTestWorkbookInterface.bas","2044","For rowIndex = 2 To UBound(props, 1)","Pending","",""
"tests/modTestWorkbookInterface.bas","2047","If Right$(parameterName, Len(""ConcreteDiagramId"")) = ""ConcreteDiagramId"" Or _","Pending","",""
"tests/modTestWorkbookInterface.bas","2172","AutoCADCombinationValidationIsDynamic = (CStr(listRange.Cells.Item(1, 1).Value2) = ""Worst"" And _","Pending","",""
"tests/modTestWorkbookInterface.bas","2173","CStr(listRange.Cells.Item(2, 1).Value2) = ""LC1"" And listRange.Cells.Item(2, 1).HasFormula)","Pending","",""
"tests/modTestWorkbookInterface.bas","2202","LoadCaseValidationIsDynamicForSetting = (CStr(listRange.Cells.Item(1, 1).Value2) = ""Worst"" And _","Pending","",""
"tests/modTestWorkbookInterface.bas","2203","CStr(listRange.Cells.Item(2, 1).Value2) = ""LC1"" And listRange.Cells.Item(2, 1).HasFormula)","Pending","",""
"tests/modTestWorkbookInterface.bas","2219","For rowIndex = 2 To UBound(data, 1)","Pending","",""
"tests/modTestWorkbookInterface.bas","2220","If StrComp(CStr(data(rowIndex, colLC)), loadCase, vbTextCompare) = 0 And _","Pending","",""
"tests/modTestWorkbookInterface.bas","2240","For rowIndex = 2 To UBound(data, 1)","Pending","",""
"tests/modTestWorkbookInterface.bas","2241","If StrComp(CStr(data(rowIndex, colLC)), loadCase, vbTextCompare) = 0 And _","Pending","",""
"tests/modTestWorkbookInterface.bas","2284","If colID = 0 Or colValue = 0 Then Err.Raise vbObjectError + 4850, ""GeometryResultValue"", _","Pending","",""
"tests/modTestWorkbookInterface.bas","2288","For rowIndex = 2 To UBound(data, 1)","Pending","",""
"tests/modTestWorkbookInterface.bas","2302","For colIndex = 1 To UBound(data, 2)","Pending","",""
"tests/modTestWorkbookInterface.bas","2350","r1Plus > 0# And r1Minus > 0# And r2Plus > 0# And r2Minus > 0#","Pending","",""
"tests/modTestWorkbookInterface.bas","2360","xPlus > 0# And xMinus > 0# And yPlus > 0# And yMinus > 0#","Pending","",""
"tests/modTestWorkbookInterface.bas","2362","Len(ResultsPropertyValue(""ALL"", ""Concrete.CoreDistanceXPlus"")) > 0 And _","Pending","",""
"tests/modTestWorkbookInterface.bas","2534","If pointX >= leftValue And pointX <= rightValue And _","Pending","",""
"tests/modTestWorkbookInterface.bas","2535","pointY >= topValue And pointY <= bottomValue Then","Pending","",""
"tests/modTestWorkbookInterface.bas","2553","If Left$(sheet.Shapes.Item(shapeIndex).Name, Len(""NDMPlot_"")) = ""NDMPlot_"" And _","Pending","",""
"tests/modTestWorkbookInterface.bas","2675","For rowIndex = 2 To UBound(annotationData, 1)","Pending","",""
"tests/modTestWorkbookInterface.bas","2693","For rowIndex = 2 To UBound(annotationData, 1)","Pending","",""
"tests/modTestWorkbookInterface.bas","2713","For rowIndex = 2 To UBound(annotationData, 1)","Pending","",""
"tests/modTestWorkbookInterface.bas","2751","For rangeIndex = LBound(ranges) To UBound(ranges)","Pending","",""
"tests/modTestWorkbookInterface.bas","3242","For rangeIndex = LBound(ranges) To UBound(ranges)","Pending","",""
"tests/modTestWorkbookInterface.bas","3264","WorkbookNameExists = (Err.Number = 0 And Not nm Is Nothing)","Pending","",""
"tests/modTestWorkbookInterface.bas","3339","If cell.Validation.Type <> xlValidateList Or Not cell.Validation.IgnoreBlank Then Exit Function","Pending","",""
"tests/modTestWorkbookInterface.bas","3344","If options.Cells.Count <> UBound(expected) + 1 Then Exit Function","Pending","",""
"tests/modTestWorkbookInterface.bas","3345","For index = 0 To UBound(expected)","Pending","",""
"tests/modTestWorkbookInterface.bas","3370","InStr(1, formulaText, ""rngUnitSettings"", vbTextCompare) > 0 And _","Pending","",""
"tests/modTestWorkbookInterface.bas","3441","InStr(1, formulaText, ""rngUnitSettings"", vbTextCompare) > 0 And _","Pending","",""
"tests/modTestWorkbookInterface.bas","3442","InStr(1, formulaText, """""""" & quantity1 & """""""", vbTextCompare) > 0 And _","Pending","",""
"tests/modTestWorkbookInterface.bas","3470","If candidate.Worksheet.Name = anchor.Worksheet.Name And candidate.Row = anchor.Row Then","Pending","",""
"tests/modTestWorkbookInterface.bas","3474","If bestDelta = 0 Or delta < bestDelta Then bestDelta = delta","Pending","",""
"tests/modTestWorkbookInterface.bas","3490","For rangeIndex = LBound(ranges) To UBound(ranges)","Pending","",""
"tests/modTestWorkbookInterface.bas","3513","If listRange.Cells.Count <> (UBound(expectedOptions) - LBound(expectedOptions) + 1) Then Exit Function","Pending","",""
"tests/modTestWorkbookInterface.bas","3514","For i = LBound(expectedOptions) To UBound(expectedOptions)","Pending","",""
"tests/modTestWorkbookInterface.bas","3515","If CStr(listRange.Cells.Item(i - LBound(expectedOptions) + 1, 1).Value2) <> CStr(expectedOptions(i)) Then Exit Function","Pending","",""
"tests/modTestWorkbookInterface.bas","3542","If listRange.Cells.Count <> (UBound(expectedOptions) - LBound(expectedOptions) + 1) Then Exit Function","Pending","",""
"tests/modTestWorkbookInterface.bas","3543","For i = LBound(expectedOptions) To UBound(expectedOptions)","Pending","",""
"tests/modTestWorkbookInterface.bas","3544","If CStr(listRange.Cells.Item(i - LBound(expectedOptions) + 1, 1).Value2) <> CStr(expectedOptions(i)) Then Exit Function","Pending","",""
"tests/modTestWorkbookInterface.bas","3584","If StrComp(CStr(settings.Cells.Item(rowIndex, 1).Value2), ""Грань"", vbTextCompare) = 0 And _","Pending","",""
"tests/modTestWorkbookInterface.bas","3684","If listRange.Cells.Count <> (UBound(expectedOptions) - LBound(expectedOptions) + 1) Then Exit Function","Pending","",""
"tests/modTestWorkbookInterface.bas","3685","For i = LBound(expectedOptions) To UBound(expectedOptions)","Pending","",""
"tests/modTestWorkbookInterface.bas","3686","If CStr(listRange.Cells.Item(i - LBound(expectedOptions) + 1, 1).Value2) <> CStr(expectedOptions(i)) Then Exit Function","Pending","",""
"tests/modTestWorkbookInterface.bas","4006","For i = LBound(faces) To UBound(faces)","Pending","",""
"tests/modTestWorkbookInterface.bas","4097","If textUnitsRow = 0 Or targetRow = 0 Then Exit Function","Pending","",""
"tests/modTestWorkbookInterface.bas","4398","For i = 0 To UBound(materialKeys)","Pending","",""
"tests/modTestWorkbookInterface.bas","4412","For i = 0 To UBound(tables)","Pending","",""
"tests/modTestWorkbookInterface.bas","4437","For i = 1 To UBound(materialKeys)","Pending","",""
"tests/modTestWorkbookInterface.bas","4457","For i = 0 To UBound(tables)","Pending","",""
"tests/modTestWorkbookInterface.bas","4468","For i = 0 To UBound(materialKeys)","Pending","",""
"tests/modTestWorkbookInterface.bas","4499","If UBound(beforeTable, 1) <> UBound(afterTable, 1) Then Exit Function","Pending","",""
"tests/modTestWorkbookInterface.bas","4500","If UBound(beforeTable, 2) <> UBound(afterTable, 2) Then Exit Function","Pending","",""
"tests/modTestWorkbookInterface.bas","4503","For r = 1 To UBound(beforeTable, 1)","Pending","",""
"tests/modTestWorkbookInterface.bas","4504","For c = 1 To UBound(beforeTable, 2)","Pending","",""
"tests/modTestWorkbookInterface.bas","4674","sheet.Range(""K2"").Value2 = ""Units.Force.Input"": sheet.Range(""L2"").Value2 = IIf(mode = 0, ""N"", ""kN"")","Pending","",""
"tests/modTestWorkbookInterface.bas","4675","sheet.Range(""K3"").Value2 = ""Units.Moment.Input"": sheet.Range(""L3"").Value2 = IIf(mode = 0, ""N*mm"", ""kN*m"")","Pending","",""
"tests/modTestWorkbookInterface.bas","4733","settings.GetBoolean(""Audit03.Test"") = (value = ""Yes"" Or value = ""True"" Or value = ""1"" Or value = ""Да"")","Pending","",""
"tests/modTestWorkbookInterface.bas","4877","For row = 1 To UBound(data, 1)","Pending","",""
"tests/modTestWorkbookInterface.bas","4878","For column = 3 To UBound(data, 2)","Pending","",""
"tests/modTestWorkbookInterface.bas","4887","For row = 1 To UBound(data, 1)","Pending","",""
"tests/modTestWorkbookInterface.bas","4898","Audit03ProfileFlag(profile, CStr(key)) = (value = ""Yes"" Or value = ""True"" Or value = ""1"" Or value = ""Да"")","Pending","",""
"tests/modTestWorkbookInterface.bas","4909","InStr(1, description, CStr(key), vbBinaryCompare) > 0 And InStr(1, description, ""PR1"", vbBinaryCompare) > 0","Pending","",""
"tests/modTestWorkbookInterface.bas","4981","ElseIf Len(CStr(value)) = 0 Or CStr(value) = ""TODO"" Then","Pending","",""
"tests/modTestWorkbookInterface.bas","5233","AssertTrue stats, prefix & "".readerError"", VarType(value) = vbError And errorNumber = vbObjectError + 4309","Pending","",""
"tests/modTestWorkbookInterface.bas","5273","If CLng(column) = 3 Or CLng(column) = 6 Then","Pending","",""
"tests/modTestWorkbookInterface.bas","5301","InStr(1, description, CStr(face), vbTextCompare) > 0 And _","Pending","",""
"tests/modTestWorkbookInterface.bas","5346","AssertTrue stats, prefix & "".mergedPair"", first.MergeCells And _","Pending","",""
"tests/modTestWorkbookInterface.bas","5349","AssertTrue stats, prefix & "".dropdown"", first.Validation.Type = 3 And first.Validation.InCellDropdown","Pending","",""
"tests/modTestWorkbookInterface.bas","5410","If CLng(column) = 3 Or CLng(column) = 6 Then","Pending","",""
"tests/modTestWorkbookInterface.bas","5423","If CLng(column) = 3 Or CLng(column) = 6 Then","Pending","",""
"tests/modTestWorkbookInterface.bas","5428","AssertTrue stats, prefix & "".bothSidesMoved"", changedBars = 6 And changed.Count = 12","Pending","",""
"tests/modTestWorkbookInterface.bas","5496","For q = 0 To UBound(quantities)","Pending","",""
"tests/modTestWorkbookInterface.bas","5503","For optionIndex = 0 To UBound(choices(q))","Pending","",""
"tests/modTestWorkbookInterface.bas","5541","errorNumber = vbObjectError + 4530 + q Or errorNumber = vbObjectError + 4309","Pending","",""
"tests/modTestWorkbookInterface.bas","5547","InStr(1, errorDescription, ""Выберите"", vbTextCompare) > 0 Or InStr(1, errorDescription, ""Исправьте"", vbTextCompare) > 0","Pending","",""
"tests/modTestWorkbookInterface.bas","5604","errorNumber = vbObjectError + 4536 + signIndex Or errorNumber = vbObjectError + 4309","Pending","",""
"tests/modTestWorkbookInterface.bas","5609","InStr(1, errorDescription, ""Выберите"", vbTextCompare) > 0 Or InStr(1, errorDescription, ""Исправьте"", vbTextCompare) > 0","Pending","",""
"tests/modTestWorkbookInterface.bas","5754","signN = IIf((signs And 1) = 0, 1#, -1#)","Pending","",""
"tests/modTestWorkbookInterface.bas","5755","signMx = IIf((signs And 2) = 0, 1#, -1#)","Pending","",""
"tests/modTestWorkbookInterface.bas","5756","signMy = IIf((signs And 4) = 0, 1#, -1#)","Pending","",""
"tests/modTestWorkbookInterface.bas","5757","signRange.Cells(2, 2).Value2 = IIf(signN > 0#, ""Tension"", ""Compression"")","Pending","",""
"tests/modTestWorkbookInterface.bas","5758","signRange.Cells(3, 2).Value2 = IIf(signMx > 0#, ""+Y tension"", ""-Y tension"")","Pending","",""
"tests/modTestWorkbookInterface.bas","5759","signRange.Cells(4, 2).Value2 = IIf(signMy > 0#, ""+X tension"", ""-X tension"")","Pending","",""
"tests/modTestWorkbookInterface.bas","5775","loads.Cells(i + 2, 5).Value2 = IIf(i < 2, ""PR1"", ""PR2"")","Pending","",""
"tests/modTestWorkbookInterface.bas","5803","unitRange.Cells(7, 4).Value2 = IIf((caseIndex Mod 2) = 0, ""1/mm"", ""1/m"")","Pending","",""
"tests/modTestWorkbookInterface.bas","5807","curvatureFactor = IIf((caseIndex Mod 2) = 0, 1#, 0.001)","Pending","",""
"tests/modTestWorkbookInterface.bas","5921","same = (UBound(baseline, 1) = UBound(actual, 1) And UBound(baseline, 2) = UBound(actual, 2))","Pending","",""
"tests/modTestWorkbookInterface.bas","5924","For row = 2 To UBound(baseline, 1)","Pending","",""
"tests/modTestWorkbookInterface.bas","5925","For column = 2 To UBound(baseline, 2)","Pending","",""
"tests/modTestWorkbookInterface.bas","5937","If column = 5 Or column = 6 Then GoTo NextColumn","Pending","",""
"tests/modTestWorkbookInterface.bas","5953","If IsNumeric(baseline(row, column)) And IsNumeric(actual(row, column)) Then","Pending","",""
"tests/modTestWorkbookInterface.bas","5956","If compareInertiaRoundoff And column = 4 And kind = ""Properties"" Then","Pending","",""
"tests/modTestWorkbookInterface.bas","5957","If parameter = ""Transformed.Ixy"" Or parameter = ""Transformed.Ixyc"" Then","Pending","",""
"tests/modTestWorkbookInterface.bas","5991","For row = 2 To UBound(properties, 1)","Pending","",""
"tests/modTestWorkbookInterface.bas","6007","same = (actual.ConcreteCount = expected.ConcreteCount And actual.RebarCount = expected.RebarCount)","Pending","",""
"tests/modTestWorkbookInterface.bas","6024","For j = 0 To UBound(values)","Pending","",""
"tests/modTestWorkbookInterface.bas","6104","SetProfileSetting CStr(name), ""Calculation.Strength.DirectState"", IIf(CStr(name) = ""PR1"", ""Yes"", ""No"")","Pending","",""
"tests/modTestWorkbookInterface.bas","6105","SetProfileSetting CStr(name), ""Calculation.Strength.Capacity"", IIf(CStr(name) = ""PR1"", ""Yes"", ""No"")","Pending","",""
"tests/modTestWorkbookInterface.bas","6106","SetProfileSetting CStr(name), ""Calculation.Crack.Width"", IIf(CStr(name) = ""PR2"", ""Yes"", ""No"")","Pending","",""
"tests/modTestWorkbookInterface.bas","6113","loads.Cells(i + 2, 2).Value2 = IIf((i Mod 2) = 0, -100000#, 30000#)","Pending","",""
"tests/modTestWorkbookInterface.bas","6114","loads.Cells(i + 2, 3).Value2 = IIf((i Mod 2) = 0, 30000000#, -20000000#)","Pending","",""
"tests/modTestWorkbookInterface.bas","6115","loads.Cells(i + 2, 4).Value2 = IIf((i Mod 2) = 0, -20000000#, 15000000#)","Pending","",""
"tests/modTestWorkbookInterface.bas","6116","loads.Cells(i + 2, 5).Value2 = IIf(i < 2, ""PR1"", ""PR2"")","Pending","",""
"tests/modTestWorkbookInterface.bas","6130","For i = 0 To UBound(rangeNames)","Pending","",""
"tests/modTestWorkbookInterface.bas","6136","SetSystemSetting ""Units.Curvature.Input"", IIf(curvatureIndex = 0, ""1/mm"", ""1/m"")","Pending","",""
"tests/modTestWorkbookInterface.bas","6138","SetSystemSetting ""Solver.MaxDeltaKappa"", CStr(0.00005 / IIf(curvatureIndex = 0, 1#, 0.001))","Pending","",""
"tests/modTestWorkbookInterface.bas","6148","If lengthIndex = 0 And stressIndex = 0 And curvatureIndex = 0 Then","Pending","",""
"tests/modTestWorkbookInterface.bas","6248","If InStr(key, "".R"") > 0 Or key = ""Concrete.E"" Or key = ""Steel.E"" Then","Pending","",""
"tests/modTestWorkbookInterface.bas","6258","If IsNumeric(cell.Value2) And Len(CStr(cell.Value2)) > 0 Then cell.Value2 = CDbl(cell.Value2) / factor","Pending","",""
"tests/modTestWorkbookInterface.bas","6267","same = (UBound(baseline, 1) = UBound(actual, 1) And UBound(baseline, 2) = UBound(actual, 2))","Pending","",""
"tests/modTestWorkbookInterface.bas","6270","For row = 1 To UBound(baseline, 1)","Pending","",""
"tests/modTestWorkbookInterface.bas","6271","For column = firstColumn To UBound(baseline, 2)","Pending","",""
"tests/modTestWorkbookInterface.bas","6272","If IsNumeric(baseline(row, column)) And IsNumeric(actual(row, column)) Then","Pending","",""
"tests/modTestWorkbookInterface.bas","6330","For row = 0 To UBound(areas)","Pending","",""
"tests/modTestWorkbookInterface.bas","6367","AssertTrue stats, prefix & "".implicitUnitsRead"", section.ConcreteCount = expectedConcrete And section.RebarCount = expectedRebar","Pending","",""
"tests/modTestWorkbookInterface.bas","6370","AssertTrue stats, prefix & "".detectDisconnectedUnits"", disconnected.ConcreteCount <> section.ConcreteCount And _","Pending","",""
"tests/modTestWorkbookInterface.bas","6380","For invalidIndex = 0 To UBound(invalid)","Pending","",""
"tests/modTestWorkbookInterface.bas","6387","AssertTrue stats, prefix & "".action"", InStr(1, description, ""Введите"", vbTextCompare) > 0 Or _","Pending","",""
"tests/modTestWorkbookInterface.bas","6388","InStr(1, description, ""Исправьте"", vbTextCompare) > 0 Or InStr(1, description, ""Уменьшите"", vbTextCompare) > 0","Pending","",""
"tests/modTestWorkbookInterface.bas","6394","AssertTrue stats, ""audit03.inputArea.emptyRebar.reason"", InStr(1, description, ""арматурных"", vbBinaryCompare) > 0 And _","Pending","",""
"tests/modTestWorkbookInterface.bas","6399","AssertTrue stats, ""audit03.inputArea.emptyConcrete.reason"", InStr(1, description, ""бетонных"", vbBinaryCompare) > 0 And _","Pending","",""
"tests/modTestWorkbookInterface.bas","6486","For i = 0 To UBound(rangeNames)","Pending","",""
"tests/modTestWorkbookInterface.bas","6532","SetSystemSetting ""Units.Curvature.Input"", IIf(afterIndex = 0, ""1/mm"", ""1/m"")","Pending","",""
"tests/modTestWorkbookInterface.bas","6538","SetSystemSetting ""Units.Curvature.Output"", IIf(afterIndex = 0, ""1/mm"", ""1/m"")","Pending","",""
"tests/modTestWorkbookInterface.bas","6539","signN = IIf(afterIndex = 1, -1#, 1#): signMx = IIf(afterIndex = 1, -1#, 1#): signMy = IIf(afterIndex = 2, -1#, 1#)","Pending","",""
"tests/modTestWorkbookInterface.bas","6540","SetSystemSetting ""Sign.N.User"", IIf(signN > 0#, ""Tension"", ""Compression"")","Pending","",""
"tests/modTestWorkbookInterface.bas","6541","SetSystemSetting ""Sign.Mx.User"", IIf(signMx > 0#, ""+Y tension"", ""-Y tension"")","Pending","",""
"tests/modTestWorkbookInterface.bas","6542","SetSystemSetting ""Sign.My.User"", IIf(signMy > 0#, ""+X tension"", ""-X tension"")","Pending","",""
"tests/modTestWorkbookInterface.bas","6581","If beforeIndex = 0 And afterIndex = 0 Then","Pending","",""
"tests/modTestWorkbookInterface.bas","6587","lengthFactor, CDbl(areaFactors(afterIndex)), stressFactor, IIf(afterIndex = 0, 1#, 0.001), forceFactor, momentFactor, signN, signMx, signMy","Pending","",""
"tests/modTestWorkbookInterface.bas","6593","lengthFactor, CDbl(areaFactors(afterIndex)), stressFactor, IIf(afterIndex = 0, 1#, 0.001), forceFactor, momentFactor, signN, signMx, signMy, True","Pending","",""
"tests/modTestWorkbookInterface.bas","6623","AssertTrue stats, ""audit03.importUnits.rawUnchanged.compression"", smallStrain < 0# And largeStrain < 0#","Pending","",""
"tests/modTestWorkbookInterface.bas","6717","For i = 0 To UBound(keys)","Pending","",""
"tests/modTestWorkbookInterface.bas","6729","If numericValue Or IsError(invalid) Or text <> ""abc"" Then","Pending","",""
"tests/modTestWorkbookInterface.bas","6837","AssertTrue stats, prefix & "".action"", InStr(1, description, ""Введите"", vbTextCompare) > 0 Or _","Pending","",""
"tests/modTestWorkbookInterface.bas","6838","InStr(1, description, ""Заполните"", vbTextCompare) > 0 Or InStr(1, description, ""Исправьте"", vbTextCompare) > 0","Pending","",""
"tests/modTestWorkbookInterface.bas","6866","AssertTrue stats, prefix & "".action"", InStr(1, description, ""Восстановите таблицу"", vbTextCompare) > 0 And _","Pending","",""
"tests/modTestWorkbookInterface.bas","7035","For badIndex = 0 To UBound(badValues)","Pending","",""
"tests/modTestWorkbookInterface.bas","7080","AssertTrue stats, ""audit03.geometrySnapshot.optionalBlank"", model.ConcreteCount = 1 And model.RebarCount = 1","Pending","",""
"tests/modTestWorkbookInterface.bas","7278","For index = 0 To UBound(keys)","Pending","",""
"tests/modTestWorkbookInterface.bas","7336","For index = 0 To UBound(keys)","Pending","",""
"tests/modTestWorkbookInterface.bas","7339","If InStr(1, CStr(keys(index)), ""Angle"", vbTextCompare) > 0 Or index = 12 Then props(row, 4) = ""-""","Pending","",""
"tests/modTestWorkbookInterface.bas","7355","AssertTrue stats, ""audit03.readLifecycle.reader.baseline.p"" & CStr(position) & "".m"" & CStr(mode), code = 0 And reader.Count = 2","Pending","",""
"tests/modTestWorkbookInterface.bas","7356","For index = 0 To UBound(keys)","Pending","",""
"tests/modTestWorkbookInterface.bas","7357","If mode = 1 And index >= 12 Then Exit For ' AutoCAD-preview не использует плоскость выбранного State.","Pending","",""
"tests/modTestWorkbookInterface.bas","7368","AssertTrue stats, prefix & "".empty"", reader.Count = 0 And reader.AnnotationCount = 0","Pending","",""
"tests/modTestWorkbookInterface.bas","7369","AssertTrue stats, prefix & "".clearedPlane"", reader.Epsilon0 = 0# And reader.KappaX = 0# And reader.KappaY = 0#","Pending","",""
"tests/modTestWorkbookInterface.bas","7370","AssertTrue stats, prefix & "".clearedSelection"", Len(reader.LoadCase) = 0 And Len(reader.ProfileId) = 0","Pending","",""
"tests/modTestWorkbookInterface.bas","7374","AssertTrue stats, prefix & "".recovery"", code = 0 And reader.Count = 2","Pending","",""
"tests/modTestWorkbookInterface.bas","7383","AssertTrue stats, prefix & "".empty"", reader.Count = 0 And reader.AnnotationCount = 0","Pending","",""
"tests/modTestWorkbookInterface.bas","7386","AssertTrue stats, prefix & "".recovery"", code = 0 And reader.Count = 2","Pending","",""
"tests/modTestWorkbookInterface.bas","7388","For index = 0 To UBound(keys)","Pending","",""
"tests/modTestWorkbookInterface.bas","7392","AssertTrue stats, ""audit03.readLifecycle.numericText.p"" & CStr(position), code = 0 And reader.Count = 2","Pending","",""
"tests/modTestWorkbookInterface.bas","7410","AssertTrue stats, prefix & "".recovery"", code = 0 And reader.Count = 2","Pending","",""
"tests/modTestWorkbookInterface.bas","7416","AssertTrue stats, ""audit03.readLifecycle.element.numericText.p"" & CStr(position), code = 0 And reader.Count = 2","Pending","",""
"tests/modTestWorkbookInterface.bas","7492","screen = ((flags And 1) <> 0): events = ((flags And 2) <> 0): alerts = ((flags And 4) <> 0)","Pending","",""
"tests/modTestWorkbookInterface.bas","7499","AssertTrue stats, prefix & "".originalError"", code = nativeCode And source = nativeSource And reason = nativeReason","Pending","",""
"tests/modTestWorkbookInterface.bas","7504","AssertTrue stats, prefix & "".restore"", otherExcel.ScreenUpdating = screen And otherExcel.EnableEvents = events And otherExcel.DisplayAlerts = alerts","Pending","",""
"tests/modTestWorkbookInterface.bas","7512","screen = ((flags And 1) <> 0): events = ((flags And 2) <> 0): alerts = ((flags And 4) <> 0)","Pending","",""
"tests/modTestWorkbookInterface.bas","7517","AssertTrue stats, prefix & "".entered"", Not otherExcel.ScreenUpdating And Not otherExcel.EnableEvents And Not otherExcel.DisplayAlerts And otherExcel.Calculation = xlCalculationManual","Pending","",""
"tests/modTestWorkbookInterface.bas","7520","AssertTrue stats, prefix & "".restored"", otherExcel.ScreenUpdating = screen And otherExcel.EnableEvents = events And otherExcel.DisplayAlerts = alerts And otherExcel.Calculation = mode","Pending","",""
"tests/modTestWorkbookInterface.bas","7522","AssertTrue stats, prefix & "".idempotent"", otherExcel.ScreenUpdating = screen And otherExcel.EnableEvents = events And otherExcel.DisplayAlerts = alerts And otherExcel.Calculation = mode","Pending","",""
"tests/modTestWorkbookInterface.bas","7524","AssertTrue stats, prefix & "".terminate"", otherExcel.ScreenUpdating = screen And otherExcel.EnableEvents = events And otherExcel.DisplayAlerts = alerts And otherExcel.Calculation = mode","Pending","",""
