"File","SourceLine","Expression","CallPathReview","TestId","Evidence"
"src/Batch/CBatchSectionCalculator.cls","343","If Err.Number = 6 And Len(conversionKey) > 0 Then","Pending","",""
"src/Batch/CBatchSectionCalculator.cls","528","CombinationCapacity = UBound(mInputs)","Pending","",""
"src/Batch/CBatchSectionCalculator.cls","564","StabilityLoadCapacity = UBound(mStabilityLoadCombinationID)","Pending","",""
"src/Batch/CBatchSectionCalculator.cls","626","If index < 1 Or index > mCount Then Exit Sub","Pending","",""
"src/Batch/CBatchSectionCalculator.cls","859","If stability.InputValid And stability.Applicable And stability.CheckPassed Then _","Pending","",""
"src/Batch/CBatchSectionCalculator.cls","1052","ReportValue ""Путь нагрузки для несущей"", IIf(loadPath.HasPath, loadPath.DisplayName, mInputs(index).LoadPath)","Pending","",""
"src/Batch/CBatchSectionCalculator.cls","1098","effectiveDiagramExtension = (useDiagramExtension And mResults(index).DiagramExtensionEnabled)","Pending","",""
"src/Batch/CBatchSectionCalculator.cls","1127","ReportValue ""НДС "" & SectionStateTypeToText(stateType) & "" сошлось"", IIf(stateResult.Converged, ""да"", ""нет"")","Pending","",""
"src/Batch/CBatchSectionCalculator.cls","1145","If stateResult.ExtensionUsed Or Not stateResult.WithinPhysicalRange Then","Pending","",""
"src/Batch/CBatchSectionCalculator.cls","1153","ReportValue ""Использовано продолжение диаграммы"", IIf(stateResult.ExtensionUsed, ""да"", ""нет"")","Pending","",""
"src/Batch/CBatchSectionCalculator.cls","1252","ReportValue ""Трещина образована"", IIf(mResults(index).CrackResult.Formation.CrackFormed, ""да"", ""нет"")","Pending","",""
"src/Batch/CBatchSectionCalculator.cls","1295","If stateResult.ExtensionUsed Or Not stateResult.WithinPhysicalRange Then Exit Function","Pending","",""
"src/Batch/CBatchSectionCalculator.cls","1309","If stateResult.ExtensionUsed Or Not stateResult.WithinPhysicalRange Then _","Pending","",""
"src/Batch/CBatchSectionCalculator.cls","1698","IsBetterCrackGoverningCandidate = (currentSafety <= 0# Or candidateSafety < currentSafety)","Pending","",""
"src/Batch/CBatchSectionCalculator.cls","1744","IsBetterWorstCandidate = (currentSafety <= 0# Or candidateSafety < currentSafety)","Pending","",""
"src/Batch/CBatchSectionCalculator.cls","1851","If index < 1 Or index > mCount Then Err.Raise vbObjectError + 3943, _","Pending","",""
"src/Batch/CBatchSectionCalculator.cls","2152","If index < 1 Or index > mCount Then Err.Raise vbObjectError + 4270, _","Pending","",""
"src/Batch/CCalculationProfile.cls","125","IsConfigured = (Len(mDisplayName) > 0 And (mStrengthDirectState Or mStrengthCapacity Or mCrackWidth Or mStabilityEnabled))","Pending","",""
"src/Batch/CCalculationProfile.cls","141","If (mStrengthDirectState Or mStrengthCapacity) And Not mStrengthSpec.IsComplete Then","Pending","",""
"src/Batch/CCalculationProfile.cls","145","If mStabilityEnabled And Not mHasStabilityValueSet Then","Pending","",""
"src/Batch/CCalculationProfile.cls","149","If mCrackWidth And Not mCrackedStateSpec.IsComplete Then","Pending","",""
"src/Batch/CCalculationProfile.cls","153","If mCrackWidth And mCrackedStateSpec.ConcreteTension <> ctkIgnore Then","Pending","",""
"src/Batch/CCalculationProfile.cls","157","If mCrackWidth And Not mCrackInitiationSpec.IsComplete Then","Pending","",""
"src/Batch/CCalculationProfile.cls","161","If mCrackWidth And mCrackInitiationSpec.IsComplete And mCrackInitiationSpec.ConcreteTension <> ctkUseDiagram Then","Pending","",""
"src/Batch/CCalculationProfile.cls","288","If numericValue < 0# Or numericValue > 10# Then _","Pending","",""
"src/Batch/CCalculationProfileCatalog.cls","42","If UBound(data, 1) < 2 Or UBound(data, 2) < 3 Then Err.Raise vbObjectError + 3987, ""CCalculationProfileCatalog"", _","Pending","",""
"src/Batch/CCalculationProfileCatalog.cls","80","For rowIndex = 1 To UBound(data, 1)","Pending","",""
"src/Batch/CCalculationProfileCatalog.cls","153","If Len(valueSetText) = 0 And Len(concreteDiagramText) = 0 And _","Pending","",""
"src/Batch/CCalculationProfileCatalog.cls","154","Len(concreteTensionText) = 0 And Len(steelDiagramText) = 0 Then","Pending","",""
"src/Batch/CCalculationProfileCatalog.cls","215","For rowIndex = 1 To UBound(data, 1)","Pending","",""
"src/Batch/CCalculationProfileCatalog.cls","216","For colIndex = 3 To UBound(data, 2)","Pending","",""
"src/Batch/CCalculationProfileCatalog.cls","229","For colIndex = 3 To UBound(data, 2)","Pending","",""
"src/Batch/CCalculationProfileCatalog.cls","245","IsProfileIdText = (Len(value) >= 3 And Left$(value, 2) = ""PR"" And IsNumeric(Mid$(value, 3)))","Pending","",""
"src/Batch/CCalculationProfileCatalog.cls","310","If index < 1 Or index > mCount Then Err.Raise vbObjectError + 3985, ""CCalculationProfileCatalog"", ""Индекс профиля вне диапазона.""","Pending","",""
"src/Batch/CCalculationProfileCatalog.cls","317","If index < 1 Or index > mCount Then Err.Raise vbObjectError + 3986, ""CCalculationProfileCatalog"", ""Индекс профиля вне диапазона.""","Pending","",""
"src/Batch/CCombinationResult.cls","98","If mWorkflowMeta.InternalStatus = rsInvalidInput Or mWorkflowMeta.InternalStatus = rsInvalidConfiguration Then","Pending","",""
"src/Batch/CCombinationResult.cls","99","If OverallMeta.InternalStatus = mWorkflowMeta.InternalStatus And OverallMeta.ResultCode = mWorkflowMeta.ResultCode Then","Pending","",""
"src/Batch/CCombinationResult.cls","169","If firstValue > 0# And secondValue > 0# Then","Pending","",""
"src/Batch/CSectionStateResult.cls","86","mWithinPhysicalRange = (withinPhysicalRange And solver.Converged)","Pending","",""
"src/Batch/CSectionStateResult.cls","373","ElseIf extensionUsed Or Not withinPhysicalRange Then","Pending","",""
"src/Batch/CStateProvider.cls","81","If mSection Is Nothing Or mMaterialProvider Is Nothing Then","Pending","",""
"src/Batch/CStateRepository.cls","55","If section Is Nothing Or materials Is Nothing Then _","Pending","",""
"src/Batch/CStateRepository.cls","60","changed = (Not section Is mContextSection) Or (Not materials Is mContextMaterials)","Pending","",""
"src/Batch/CStateRepository.cls","61","changed = changed Or (mSectionRevision <> section.Revision) Or _","Pending","",""
"src/Batch/CStateRepository.cls","62","(mMaterialRevision <> materials.Revision) Or (mAcceptanceKey <> acceptanceKey)","Pending","",""
"src/Batch/CStateRepository.cls","121","If cached.TargetN <> request.TargetN Or cached.TargetMx <> request.TargetMx Or _","Pending","",""
"src/Batch/CStateRepository.cls","133","If index < 1 Or index > mStates.Count Then Err.Raise vbObjectError + 3985, ""CStateRepository"", ""Индекс именованного состояния вне диапазона.""","Pending","",""
"src/Batch/CStrengthResult.cls","104","If direct.InternalStatus = rsInvalidInput And capacity.InternalStatus = rsInvalidInput And _","Pending","",""
"src/Common/CLoadPathDescriptor.cls","83","If mKey = KEY_AUTO Then mHasPath = (loadState.N <> 0# Or normalizedUserMx <> 0# Or normalizedUserMy <> 0#)","Pending","",""
"src/Common/CLoadPathDescriptor.cls","139","mHasScaledLoad = (nValue <> 0# Or HasMomentVector(userMxValue, userMyValue))","Pending","",""
"src/Common/CLoadPathDescriptor.cls","141","mHasScaledLoad = (nValue <> 0# Or userMxValue <> 0# Or userMyValue <> 0#)","Pending","",""
"src/Common/CLoadPathDescriptor.cls","144","mForceOnly = (mKey = KEY_N Or mKey = KEY_NMXY) And Not HasMomentVector(userMxValue, userMyValue)","Pending","",""
"src/Common/CLoadPathDescriptor.cls","176","HasMomentVector = (mxValue <> 0# Or myValue <> 0#)","Pending","",""
"src/Common/CLoadPathMath.cls","89","If mxScore >= nScore And mxScore >= myScore And Abs(loadPath.MxBase) > mBaseTolerance Then","Pending","",""
"src/Common/CLoadPathMath.cls","91","ElseIf myScore >= nScore And myScore >= mxScore And Abs(loadPath.MyBase) > mBaseTolerance Then","Pending","",""
"src/Common/CLoadPathMath.cls","130","If residualCount < 2 And Abs(loadPath.NBase) > mBaseTolerance And anchor <> 1 Then _","Pending","",""
"src/Common/CLoadPathMath.cls","133","If residualCount < 2 And Abs(loadPath.MxBase) > mBaseTolerance And anchor <> 2 Then _","Pending","",""
"src/Common/CLoadPathMath.cls","136","If residualCount < 2 And Abs(loadPath.MyBase) > mBaseTolerance And anchor <> 3 Then _","Pending","",""
"src/Common/CMomentZeroFilter.cls","41","If mMomentPerDepth <= 0# Or concreteDepth <= 0# Then Exit Function","Pending","",""
"src/Common/CResultStatusPolicy.cls","63","If (meta.ResultKind = rkCapacity Or meta.ResultKind = rkCrackFormation) And _","Pending","",""
"src/Common/CResultStatusPolicy.cls","64","meta.InternalStatus = rsCheckFailed And _","Pending","",""
"src/Common/CResultStatusPolicy.cls","65","(meta.ResultCode = rcInitialStateBeyondLimit Or meta.ResultCode = rcCriterionNotReached) Then","Pending","",""
"src/Common/CResultStatusPolicy.cls","138","For i = LBound(metas) To UBound(metas)","Pending","",""
"src/Common/CResultStatusPolicy.cls","146","ElseIf candidate.InternalStatus = rsSuccessWithWarning And selected.InternalStatus = rsSuccess Then","Pending","",""
"src/Common/CResultStatusPolicy.cls","182","IsFinished = (statusText = STATUS_OK Or statusText = STATUS_FAIL Or statusText = STATUS_BASEFAIL)","Pending","",""
"src/Common/CResultStatusPolicy.cls","188","IsFailedOverall = (statusText = STATUS_FAIL Or statusText = STATUS_BASEFAIL Or _","Pending","",""
"src/Common/CResultStatusPolicy.cls","189","statusText = STATUS_NUMFAIL Or statusText = STATUS_INPUTERR Or statusText = STATUS_CALCERR)","Pending","",""
"src/Common/modCalculationPurpose.bas","300","IsPhysicalPurpose = (purpose = cpStrength Or purpose = cpMcrc Or purpose = cpCrackedNDS)","Pending","",""
"src/Common/modCalculationPurpose.bas","305","IsStateBasePurpose = (purpose = cpStrength Or purpose = cpCrackedNDS)","Pending","",""
"src/Common/modGeometryTypes.bas","81","If baseCount <= 0 Or baseDiameter <= 0# Then Exit Function","Pending","",""
"src/Crack/CCrackFormationCalculator.cls","224","vbNullString, True, (mSearchExecuted Or mSolverCallCount > 0 Or mFormationInternalStatus = rsSuccess Or _","Pending","",""
"src/Crack/CCrackFormationCalculator.cls","234","If Not mFormationLoadDefined Or mFormationPathFallbackPsi1 Then Exit Property","Pending","",""
"src/Crack/CCrackFormationCalculator.cls","236","HasLimitPoint = mPreCrackState.Converged And mPreCrackState.WithinPhysicalRange And _","Pending","",""
"src/Crack/CCrackFormationCalculator.cls","239","HasLimitPoint = (mFormationInternalStatus = rsSuccess Or mFormationInternalStatus = rsSuccessWithWarning)","Pending","",""
"src/Crack/CCrackFormationCalculator.cls","274","If mRequestedLoadPath = CRACK_PATH_AUTO And loadStateForClassification.N = 0# And _","Pending","",""
"src/Crack/CCrackFormationCalculator.cls","275","loadStateForClassification.LoadPointMx = 0# And loadStateForClassification.LoadPointMy = 0# Then","Pending","",""
"src/Crack/CCrackFormationCalculator.cls","286","If IsCentralTensionState(loadStateForClassification, centralReferenceX, centralReferenceY) And _","Pending","",""
"src/Crack/CCrackFormationCalculator.cls","287","UBound(paths) = LBound(paths) And _","Pending","",""
"src/Crack/CCrackFormationCalculator.cls","288","(CStr(paths(LBound(paths))) = CRACK_PATH_N Or CStr(paths(LBound(paths))) = CRACK_PATH_NMXY) Then","Pending","",""
"src/Crack/CCrackFormationCalculator.cls","289","mCrackFormationPath = CStr(paths(LBound(paths)))","Pending","",""
"src/Crack/CCrackFormationCalculator.cls","355","If mNcrc <= 0# Or targetN <= 0# Then","Pending","",""
"src/Crack/CCrackFormationCalculator.cls","461","If mFormationPathFallbackPsi1 Or mFormationLoadDefined Then","Pending","",""
"src/Crack/CCrackFormationCalculator.cls","611","LimitSearchCrackFormationHasScaledLoad = (path.NBase <> 0# Or path.MxBase <> 0# Or path.MyBase <> 0#)","Pending","",""
"src/Crack/CCrackFormationCalculator.cls","658","IsZeroLoadProbe = (Abs(nValue) <= NEAR_ZERO_FORCE And _","Pending","",""
"src/Crack/CCrackFormationCalculator.cls","659","Abs(mxValue) <= MaxDouble(mSolverToleranceMx, CRACK_DIRECTION_TOLERANCE) And _","Pending","",""
"src/Crack/CCrackFormationCalculator.cls","686","If Abs(residual) > CRACK_STRAIN_RATIO_TOLERANCE Or _","Pending","",""
"src/Crack/CCrackFormationCalculator.cls","814","LimitSearchUltimateResidualReached = (Abs(rPath1) <= CRACK_EQUILIBRIUM_TOLERANCE And _","Pending","",""
"src/Crack/CCrackFormationCalculator.cls","815","Abs(rPath2) <= CRACK_EQUILIBRIUM_TOLERANCE And _","Pending","",""
"src/Crack/CCrackFormationCalculator.cls","1030","FormationSearchStoppedTerminally = (mConverged And Not mCrackFormed) Or _","Pending","",""
"src/Crack/CCrackFormationCalculator.cls","1031","mFormationPathFallbackPsi1 Or _","Pending","",""
"src/Crack/CCrackFormationCalculator.cls","1032","(mFormationInternalStatus = rsCheckFailed) Or _","Pending","",""
"src/Crack/CCrackFormationCalculator.cls","1033","(mFormationInternalStatus = rsInvalidInput) Or _","Pending","",""
"src/Crack/CCrackFormationCalculator.cls","1034","(mFormationInternalStatus = rsInvalidConfiguration) Or _","Pending","",""
"src/Crack/CCrackFormationCalculator.cls","1107","ElseIf loadPath.NBase = 0# And loadPath.MxBase = 0# And loadPath.MyBase = 0# Then","Pending","",""
"src/Crack/CCrackFormationCalculator.cls","1302","If Not state.Converged Or Not state.WithinPhysicalRange Then","Pending","",""
"src/Crack/CCrackFormationCalculator.cls","1375","pathKey = CStr(paths(LBound(paths)))","Pending","",""
"src/Crack/CCrackFormationCalculator.cls","1524","If Abs(startSolver.Epsilon0) <= NEAR_ZERO_STRAIN And _","Pending","",""
"src/Crack/CCrackFormationCalculator.cls","1525","Abs(startSolver.KappaX) <= NEAR_ZERO_STRAIN And _","Pending","",""
"src/Crack/CCrackFormationCalculator.cls","1616","If area > 0# And mConcreteEb > 0# Then eps0 = targetN / (area * mConcreteEb)","Pending","",""
"src/Crack/CCrackFormationCalculator.cls","1625","If Abs(kx) <= NEAR_ZERO_STRAIN And Abs(ky) <= NEAR_ZERO_STRAIN And maxAbsY > 0# Then kx = epsBt2Guess / maxAbsY","Pending","",""
"src/Crack/CCrackFormationCalculator.cls","1665","If mFormationInternalStatus = rsCheckFailed Or mFormationInternalStatus = rsInvalidInput Or _","Pending","",""
"src/Crack/CCrackFormationCalculator.cls","1666","mFormationInternalStatus = rsInvalidConfiguration Or mFormationInternalStatus = rsInternalError Then Exit Sub","Pending","",""
"src/Crack/CCrackFormationCalculator.cls","1667","If mFormationInternalStatus = rsNumericalFailure And mFormationResultCode = rcSingularTangent Then","Pending","",""
"src/Crack/CCrackFormationCalculator.cls","1723","If mRequestedLoadPath <> CRACK_PATH_AUTO And Len(mRequestedLoadPath) > 0 Then","Pending","",""
"src/Crack/CCrackFormationCalculator.cls","1764","If mCrackFormationPath <> CRACK_PATH_N And mCrackFormationPath <> CRACK_PATH_NMXY Then Exit Function","Pending","",""
"src/Crack/CCrackFormationCalculator.cls","1770","Abs(mActiveSearchLoadPath.MxBase - targetN * mSearchReferenceY) <= MaxDouble(mSolverToleranceMx, 1#) And _","Pending","",""
"src/Crack/CCrackFormationCalculator.cls","1900","If mConcreteEb <= 0# Or mSteelEs <= 0# Then Exit Function","Pending","",""
"src/Crack/CCrackFormationResult.cls","136","If mMeta.InternalStatus <> rsSuccess And mMeta.InternalStatus <> rsSuccessWithWarning Then Exit Property","Pending","",""
"src/Crack/CCrackFormationResult.cls","216","Converged = (mMeta.InternalStatus = rsSuccess Or mMeta.InternalStatus = rsSuccessWithWarning)","Pending","",""
"src/Crack/CCrackResult.cls","118","If mPolicy.IsFailedOverall(mPolicy.ExternalStatus(mCurrentStateMeta)) Or _","Pending","",""
"src/Crack/CCrackResult.cls","151","HasCommonInputFailure = (mCurrentStateMeta.InternalStatus = rsBlockedByDependency And _","Pending","",""
"src/Crack/CCrackResult.cls","152","mWidth.ResultMeta.InternalStatus = rsBlockedByDependency And _","Pending","",""
"src/Crack/CCrackResult.cls","153","mLongitudinal.ResultMeta.InternalStatus = rsBlockedByDependency And _","Pending","",""
"src/Crack/CCrackResult.cls","168","If Len(sharedReason) > 0 And Len(ownText) > Len(sharedReason) Then","Pending","",""
"src/Crack/CCrackWidthCalculator.cls","161","If formation.ResultMeta.InternalStatus <> rsSuccess And _","Pending","",""
"src/Crack/CCrackWidthCalculator.cls","168","ElseIf Not postState.Converged Or Not postState.WithinPhysicalRange Then","Pending","",""
"src/Crack/CCrackWidthCalculator.cls","173","mCrackFormed = formation.CrackFormed Or mFallbackPsi1","Pending","",""
"src/Crack/CCrackWidthCalculator.cls","186","If Not mConverged Or Not mCrackFormed Then Exit Sub","Pending","",""
"src/Crack/CCrackWidthCalculator.cls","192","If Not currentSolver.Converged Or Not currentSolver.WithinPhysicalRange Then","Pending","",""
"src/Crack/CCrackWidthCalculator.cls","281","If mStopReason <> vbNullString And Not mCrackFormed Then Exit Sub","Pending","",""
"src/Crack/CCrackWidthCalculator.cls","364","If mStopReason <> vbNullString And Not mCrackFormed Then Exit Sub","Pending","",""
"src/Crack/CCrackWidthCalculator.cls","385","If mAs <= 0# Or mAbt <= 0# Or mDsEquivalent <= 0# Or mSigmaS <= 0# Then","Pending","",""
"src/Crack/CCrackWidthCalculator.cls","440","If Not mConverged Or Not mCrackFormed Then Exit Function","Pending","",""
"src/Crack/CCrackWidthCalculator.cls","442","If mAllowableCrackWidth > 0# And mCrackWidth <= mAllowableCrackWidth Then","Pending","",""
"src/Crack/CCrackWidthCalculator.cls","532","If mSigmaS <= 0# Or mLs <= 0# Then","Pending","",""
"src/Crack/CCrackWidthCalculator.cls","543","If mAllowableCrackWidth > 0# And mCrackWidth > mAllowableCrackWidth Then","Pending","",""
"src/Crack/CCrackWidthCalculator.cls","548","If mFallbackPsi1 Or Len(mSpacingLimitWarning) > 0 Then","Pending","",""
"src/Crack/CCrackWidthCalculator.cls","674","If Not FindMostTensionRebarProjection Or s > sBarMax Then sBarMax = s","Pending","",""
"src/Crack/CCrackWidthCalculator.cls","751","If Not requireTensionStrain Or ConcreteStrain(solver, section, i) > 0# Then","Pending","",""
"src/Crack/CCrackWidthCalculator.cls","810","If (Not includeCompressedStress) And stress < 0# Then stress = 0#","Pending","",""
"src/Crack/CLongitudinalCrackCalculator.cls","36","If currentState.ExtensionUsed Or Not currentState.WithinPhysicalRange Then","Pending","",""
"src/Excel/CAutoCADSectionModelImporter.cls","124","xCoord = InputLength(CDbl(centroid(LBound(centroid))), units)","Pending","",""
"src/Excel/CAutoCADSectionModelImporter.cls","125","yCoord = InputLength(CDbl(centroid(LBound(centroid) + 1)), units)","Pending","",""
"src/Excel/CAutoCADSectionModelImporter.cls","152","AddRebarRegion model, area, InputLength(CDbl(centroid(LBound(centroid))), units), _","Pending","",""
"src/Excel/CAutoCADSectionModelImporter.cls","153","InputLength(CDbl(centroid(LBound(centroid) + 1)), units), steelClass, entity.Layer, EntityHandle(entity)","Pending","",""
"src/Excel/CAutoCADSectionModelImporter.cls","163","For rowIndex = LBound(regions, 1) To UBound(regions, 1)","Pending","",""
"src/Excel/CAutoCADSectionModelImporter.cls","183","For rowIndex = LBound(regions, 1) To UBound(regions, 1)","Pending","",""
"src/Excel/CAutoCADSectionModelImporter.cls","257","localIx = InputFourthPowerLength(CDbl(moments(LBound(moments))), units) - area * yCoord * yCoord","Pending","",""
"src/Excel/CAutoCADSectionModelImporter.cls","258","localIy = InputFourthPowerLength(CDbl(moments(LBound(moments) + 1)), units) - area * xCoord * xCoord","Pending","",""
"src/Excel/CAutoCADSectionModelImporter.cls","293","firstIndex = LBound(product)","Pending","",""
"src/Excel/CAutoCADSectionModelImporter.cls","326","If Not bestFound Or scoreValue < bestScore Then","Pending","",""
"src/Excel/CAutoCADSectionModelImporter.cls","350","For i = LBound(pieces) To UBound(pieces)","Pending","",""
"src/Excel/CAutoCADSectionModelImporter.cls","382","x1 = InputLength(CDbl(startPoint(LBound(startPoint))), units)","Pending","",""
"src/Excel/CAutoCADSectionModelImporter.cls","383","y1 = InputLength(CDbl(startPoint(LBound(startPoint) + 1)), units)","Pending","",""
"src/Excel/CAutoCADSectionModelImporter.cls","384","x2 = InputLength(CDbl(endPoint(LBound(endPoint))), units)","Pending","",""
"src/Excel/CAutoCADSectionModelImporter.cls","385","y2 = InputLength(CDbl(endPoint(LBound(endPoint) + 1)), units)","Pending","",""
"src/Excel/CAutoCADSectionModelImporter.cls","411","For i = LBound(pieces) To UBound(pieces)","Pending","",""
"src/Excel/CAutoCADSectionModelImporter.cls","432","If area <= GEOM_TOLERANCE Or width <= GEOM_TOLERANCE Or height <= GEOM_TOLERANCE Then Exit Function","Pending","",""
"src/Excel/CAutoCADSectionModelImporter.cls","446","If localIx <= GEOM_TOLERANCE Or localIy <= GEOM_TOLERANCE Then Exit Function","Pending","",""
"src/Excel/CAutoCADSectionModelImporter.cls","489","firstRow = LBound(values, 1)","Pending","",""
"src/Excel/CAutoCADSectionModelImporter.cls","490","HasArrayRows = (UBound(values, 1) >= firstRow)","Pending","",""
"src/Excel/CAutoCADSectionModelImporter.cls","502","If colIndex > UBound(values, 2) Then GoTo MissingValue","Pending","",""
"src/Excel/CAutoCADSectionModelImporter.cls","516","If colIndex > UBound(values, 2) Then GoTo MissingValue","Pending","",""
"src/Excel/CBatchResultWriter.cls","202","If target.Row + requiredRows - 1 > target.Worksheet.Rows.Count Or _","Pending","",""
"src/Excel/CBatchResultWriter.cls","249","target.Resize(UBound(data, 1), TARGET_COLUMNS).Value2 = data","Pending","",""
"src/Excel/CBatchResultWriter.cls","427","If worstIndex <= 0 Or reserveValue < worstReserve Then","Pending","",""
"src/Excel/CBatchResultWriter.cls","448","If rowIndex > UBound(data, 1) Then Exit Sub","Pending","",""
"src/Excel/CBatchResultWriter.cls","568","StabilityBranchApplies = (StrComp(batch.ResultAt(index).StabilityResult.Code, ""SP35"", vbTextCompare) = 0 And _","Pending","",""
"src/Excel/CCrackSummaryWriter.cls","399","If CrackWidthStatusText(batch, index, policy) = policy.NotApplicable And _","Pending","",""
"src/Excel/CCrackSummaryWriter.cls","400","LongitudinalStatusText(batch, index, policy) = policy.NotApplicable And _","Pending","",""
"src/Excel/CCrackSummaryWriter.cls","437","If CrackFormationStatusText(batch, index, policy) = policy.NotApplicable And Not hasFormationData Then","Pending","",""
"src/Excel/CCrackSummaryWriter.cls","454","If (Not batch.ResultAt(index).CrackResult.Width.CentralTensionBranch) And hasFormationData Then","Pending","",""
"src/Excel/CCrackSummaryWriter.cls","456","ElseIf Not batch.ResultAt(index).CrackResult.Width.CentralTensionBranch And batch.ResultAt(index).CrackResult.Formation.Mcrc > SMALL_VALUE Then","Pending","",""
"src/Excel/CCrackSummaryWriter.cls","473","data(rowIndex, COL_FORMATION_STATE) = IIf(batch.ResultAt(index).CrackResult.Formation.CrackFormed, ""Cracked"", ""NotCracked"")","Pending","",""
"src/Excel/CCrackSummaryWriter.cls","495","HasCrackFormationData = batch.ResultAt(index).CrackResult.Formation.Ncrc > SMALL_VALUE Or _","Pending","",""
"src/Excel/CCrackSummaryWriter.cls","496","Abs(batch.ResultAt(index).CrackResult.Formation.FormationNcrc) > SMALL_VALUE Or _","Pending","",""
"src/Excel/CCrackSummaryWriter.cls","806","If lastRow < firstRow Or lastCol < firstCol Then Exit Sub","Pending","",""
"src/Excel/CExecutionReport.cls","357","If InStr(1, title, ""Сценарий прямого StateSolution"", vbTextCompare) > 0 Or _","Pending","",""
"src/Excel/CExecutionReport.cls","358","InStr(1, title, ""Итерации прямого CSectionSolver"", vbTextCompare) > 0 Or _","Pending","",""
"src/Excel/CExecutionReport.cls","379","For i = LBound(lines) To UBound(lines)","Pending","",""
"src/Excel/CExecutionReport.cls","411","For i = LBound(lines) To UBound(lines)","Pending","",""
"src/Excel/CExecutionReport.cls","444","For i = LBound(lines) To UBound(lines)","Pending","",""
"src/Excel/CExecutionReport.cls","463","If translated = ""ultimatePath pureAxial redirected=LoadMultiplier"" Or _","Pending","",""
"src/Excel/CLoadCombinationReader.cls","46","For rowIndex = 2 To UBound(data, 1)","Pending","",""
"src/Excel/CLoadCombinationReader.cls","67","If UBound(data, 2) >= 6 Then pathLocation = CellLocation(source, rowIndex, 6, ""LoadPath"")","Pending","",""
"src/Excel/CLoadCombinationReader.cls","70","If UBound(data, 2) >= 7 Then","Pending","",""
"src/Excel/CLoadCombinationReader.cls","73","ElseIf UBound(data, 2) = 6 Then","Pending","",""
"src/Excel/CLoadCombinationReader.cls","97","If nValue = 0# And mxValue = 0# And myValue = 0# Then Exit Sub","Pending","",""
"src/Excel/CLoadCombinationReader.cls","114","For col = 1 To UBound(data, 2)","Pending","",""
"src/Excel/CNDMResultsWriter.cls","754","If geometricLength <= 0# Or muValue <= 0# Or radiusValue <= 0# Then","Pending","",""
"src/Excel/CNDMResultsWriter.cls","944","target.Resize(UBound(data, 1), SECTION_PROPERTY_COLUMNS).Value2 = data","Pending","",""
"src/Excel/CNDMResultsWriter.cls","945","FormatResultsBlock target, UBound(data, 1), SECTION_PROPERTY_COLUMNS, ""Свойства всего сечения""","Pending","",""
"src/Excel/CNDMResultsWriter.cls","1084","(StrComp(headerBase, ""Comment"", vbTextCompare) = 0 Or _","Pending","",""
"src/Excel/CNDMResultsWriter.cls","1162","If StrComp(materialType, ""Concrete"", vbTextCompare) = 0 And strain > PHYSICAL_TOLERANCE Then","Pending","",""
"src/Excel/CNDMResultsWriter.cls","1391","If section.RebarCount > 0 And Not AnnotationExists(annotations, ""REBAR_AUTO_ALL"") Then","Pending","",""
"src/Excel/CNDMResultsWriter.cls","1513","Do While InStr(1, textValue, ""."", vbTextCompare) > 0 And Right$(textValue, 1) = ""0""","Pending","",""
"src/Excel/CNDMResultsWriter.cls","1652","Do While InStr(1, textValue, ""."", vbTextCompare) > 0 And Right$(textValue, 1) = ""0""","Pending","",""
"src/Excel/CPlotAnnotationLayout.cls","360","If UBound(parts) <> 2 Then GoTo Failed","Pending","",""
"src/Excel/CPlotAnnotationLayout.cls","506","If paddedLeft < mOccRight(i) And paddedRight > mOccLeft(i) And _","Pending","",""
"src/Excel/CPlotAnnotationLayout.cls","507","paddedTop < mOccBottom(i) And paddedBottom > mOccTop(i) Then","Pending","",""
"src/Excel/CSectionPlotDataReader.cls","221","For rowIndex = 2 To UBound(data, 1)","Pending","",""
"src/Excel/CSectionPlotDataReader.cls","243","For rowIndex = 2 To UBound(data, 1)","Pending","",""
"src/Excel/CSectionPlotDataReader.cls","244","If StrComp(Trim$(SafeText(data(rowIndex, colLoadCase))), loadCase, vbTextCompare) = 0 And _","Pending","",""
"src/Excel/CSectionPlotDataReader.cls","268","For rowIndex = 2 To UBound(data, 1)","Pending","",""
"src/Excel/CSectionPlotDataReader.cls","288","For rowIndex = 2 To UBound(data, 1)","Pending","",""
"src/Excel/CSectionPlotDataReader.cls","290","If Len(FirstLoadCaseFromSectionProperties) > 0 And _","Pending","",""
"src/Excel/CSectionPlotDataReader.cls","332","For rowIndex = 2 To UBound(data, 1)","Pending","",""
"src/Excel/CSectionPlotDataReader.cls","338","If StrComp(loadCase, ""ALL"", vbTextCompare) = 0 Or Len(loadCase) = 0 Then","Pending","",""
"src/Excel/CSectionPlotDataReader.cls","437","For rowIndex = 2 To UBound(results, 1)","Pending","",""
"src/Excel/CSectionPlotDataReader.cls","438","If StrComp(Trim$(SafeText(results(rowIndex, colResLC))), mLoadCase, vbTextCompare) = 0 And _","Pending","",""
"src/Excel/CSectionPlotDataReader.cls","462","For rowIndex = 2 To UBound(geom, 1)","Pending","",""
"src/Excel/CSectionPlotDataReader.cls","465","If Len(elementID) > 0 And resultMap.Exists(elementID) Then","Pending","",""
"src/Excel/CSectionPlotDataReader.cls","501","For rowIndex = 2 To UBound(geom, 1)","Pending","",""
"src/Excel/CSectionPlotDataReader.cls","574","For rowIndex = 2 To UBound(data, 1)","Pending","",""
"src/Excel/CSectionPlotDataReader.cls","769","If Len(normalized) > 0 And normalized <> ""-"" Then","Pending","",""
"src/Excel/CSectionPlotDataReader.cls","781","HasRows = (UBound(data, 1) >= 2 And UBound(data, 2) >= 1)","Pending","",""
"src/Excel/CSectionPlotDataReader.cls","791","For colIndex = 1 To UBound(data, 2)","Pending","",""
"src/Excel/CSectionPlotDataReader.cls","805","If Err.Number = 0 And GeometryStatusColumn > 0 Then","Pending","",""
"src/Excel/CSectionPlotDataReader.cls","976","PhysicalDiagramWarningRequired = (mExtensionUsed Or policy.ToUserStatus(mStateStatus) = policy.Fail)","Pending","",""
"src/Excel/CSectionPlotter.cls","260","If plotW <= 0# Or plotH <= 0# Then","Pending","",""
"src/Excel/CSectionPlotter.cls","340","If plotW <= 0# Or plotH <= 0# Then","Pending","",""
"src/Excel/CSectionPlotter.cls","407","If Not found Or Abs(mResultMax - mResultMin) < 0.000000000001 Then","Pending","",""
"src/Excel/CSectionPlotter.cls","448","If Not found Or absValue > maxAbs Then","Pending","",""
"src/Excel/CSectionPlotter.cls","528","If widthValue <= 0# Or heightValue <= 0# Then Exit Sub","Pending","",""
"src/Excel/CSectionPlotter.cls","596","If UBound(parts) < 4 Then _","Pending","",""
"src/Excel/CSectionPlotter.cls","818","If mPlotWidth <= 0# Or mPlotHeight <= 0# Then Exit Sub","Pending","",""
"src/Excel/CSectionPlotter.cls","911","If radius <= 0# Or Abs(sweepAngle) <= 0.000000000001 Then","Pending","",""
"src/Excel/CSectionPlotter.cls","1060","If Not found Or maxX <= minX Or maxY <= minY Then Exit Sub","Pending","",""
"src/Excel/CSectionPlotter.cls","1079","If u < -0.0000001 Or u > 1.0000001 Then Exit Sub","Pending","",""
"src/Excel/CSectionPlotter.cls","1114","If radius <= 0# Or Abs(sweepAngle) <= 0.000000000001 Then Exit Sub","Pending","",""
"src/Excel/CSectionPlotter.cls","1181","If count >= UBound(values) Then ReDim Preserve values(1 To UBound(values) + 16)","Pending","",""
"src/Excel/CSectionPlotter.cls","1229","If u < -0.0000001 Or u > 1.0000001 Then Exit Sub","Pending","",""
"src/Excel/CSectionPlotter.cls","1271","For i = 2 To UBound(starts)","Pending","",""
"src/Excel/CSectionPlotter.cls","1288","For i = LBound(starts) To UBound(starts) - 1","Pending","",""
"src/Excel/CSectionPlotter.cls","1289","For j = i + 1 To UBound(starts)","Pending","",""
"src/Excel/CSectionPlotter.cls","1336","If u < -0.0000001 Or u > 1.0000001 Then Exit Sub","Pending","",""
"src/Excel/CSectionPlotter.cls","1372","If Len(rawValue) = 0 And settings.HasKey(""Plot.PrincipalAxesEnabled"") Then","Pending","",""
"src/Excel/CSectionPlotter.cls","1408","If Not dimensionsEnabled And Not rebarLabelsEnabled Then Exit Sub","Pending","",""
"src/Excel/CSectionPlotter.cls","1532","If StrComp(data.MaterialType(i), ""Concrete"", vbTextCompare) = 0 And _","Pending","",""
"src/Excel/CSectionPlotter.cls","1635","If IsCommonLegendMode() Or StrComp(materialType, ""Rebar"", vbTextCompare) = 0 Then","Pending","",""
"src/Excel/CSectionPlotter.cls","1644","If IsCommonLegendMode() Or StrComp(materialType, ""Rebar"", vbTextCompare) = 0 Then","Pending","",""
"src/Excel/CSectionPlotter.cls","1697","If dashStyle = MSO_LINE_DASH Or dashStyle = MSO_LINE_DASH_DOT Then","Pending","",""
"src/Excel/CSectionPlotter.cls","1823","If rightBound <= leftBound Or bottomBound <= topBound Then Exit Function","Pending","",""
"src/Excel/CSectionPlotter.cls","1899","If widthValue <= 0# Or heightValue <= 0# Then Exit Function","Pending","",""
"src/Excel/CSectionPlotter.cls","1925","If widthValue <= 0# Or heightValue <= 0# Then Exit Function","Pending","",""
"src/Excel/CSectionPlotter.cls","1951","If widthValue <= 0# Or heightValue <= 0# Then Exit Function","Pending","",""
"src/Excel/CSectionPlotter.cls","2027","If useNativeVerticalText And Abs(rotation) = 90# Then orientation = MSO_TEXT_ORIENTATION_UPWARD","Pending","",""
"src/Excel/CSectionPlotter.cls","2048","If rotation <> 0# And orientation = MSO_TEXT_ORIENTATION_HORIZONTAL Then","Pending","",""
"src/Excel/CSectionPlotter.cls","2111","If mPlotWidth <= 0# Or mPlotHeight <= 0# Then","Pending","",""
"src/Excel/CSectionPlotter.cls","2118","If mPlotWidth <= 0# Or mPlotHeight <= 0# Then","Pending","",""
"src/Excel/CSectionPlotter.cls","2214","If IsEquivalentAreaFallbackElement(data, index) And Abs(ConcreteElementVisualRotation) <= 0.000000000001 Then","Pending","",""
"src/Excel/CSectionPlotter.cls","2228","If StrComp(data.MaterialType(i), ""Concrete"", vbTextCompare) = 0 And _","Pending","",""
"src/Excel/CSectionPlotter.cls","2229","Not IsEquivalentAreaFallbackElement(data, i) And _","Pending","",""
"src/Excel/CSectionPlotter.cls","2230","data.Width(i) > 0# And data.Height(i) > 0# Then","Pending","",""
"src/Excel/CSectionPlotter.cls","2237","If count > 0 And (Abs(sumCos) > 0.000000000001 Or Abs(sumSin) > 0.000000000001) Then","Pending","",""
"src/Excel/CSectionPlotter.cls","2248","IsEquivalentAreaFallbackElement = (StrComp(statusText, ""EquivalentSquare"", vbTextCompare) = 0) And _","Pending","",""
"src/Excel/CSectionPlotter.cls","2249","(data.Width(index) <= 0# Or data.Height(index) <= 0#)","Pending","",""
"src/Excel/CSectionPlotter.cls","2276","If data.Width(index) > 0# And data.Height(index) > 0# Then","Pending","",""
"src/Excel/CSectionPlotter.cls","2353","If UBound(parts) <> 2 Then","Pending","",""
"src/Excel/CSectionPlotter.cls","2363","If r < 0 Or r > 255 Or g < 0 Or g > 255 Or b < 0 Or b > 255 Then GoTo InvalidColor","Pending","",""
"src/Excel/CSectionPlotter.cls","2398","Do While InStr(1, textValue, ""."", vbTextCompare) > 0 And Right$(textValue, 1) = ""0""","Pending","",""
"src/Excel/CSectionTypeRegistry.cls","73","If sectionType <> ""Rectangle"" And sectionType <> ""LSection"" And sectionType <> ""RectSet"" Then _","Pending","",""
"src/Excel/CSectionTypeRegistry.cls","227","If Len(rawValue) = 0 Or UCase$(rawValue) = ""TODO"" Then Err.Raise vbObjectError + 4139, ""CSectionTypeRegistry"", _","Pending","",""
"src/Excel/CStabilitySummaryWriter.cls","806","If compression <= SMALL_VALUE Or limitCompression <= SMALL_VALUE Then","Pending","",""
"src/Excel/CStrengthSummaryWriter.cls","410","If Not batch.StrengthDirectStateRequested(index) And Not batch.StrengthCapacityRequested(index) Then Exit Sub","Pending","",""
"src/Excel/CStrengthSummaryWriter.cls","546","If colSbc > 0 And stateResult.HasConcreteCompression Then data(rowIndex, colSbc) = OutputStress(stateResult.MinConcreteStress, units)","Pending","",""
"src/Excel/CStrengthSummaryWriter.cls","547","If colSbt > 0 And stateResult.HasConcreteTension Then data(rowIndex, colSbt) = OutputStress(stateResult.MaxConcreteStress, units)","Pending","",""
"src/Excel/CStrengthSummaryWriter.cls","548","If colSsc > 0 And stateResult.HasSteelCompression Then data(rowIndex, colSsc) = OutputStress(stateResult.MinSteelStress, units)","Pending","",""
"src/Excel/CStrengthSummaryWriter.cls","549","If colSst > 0 And stateResult.HasSteelTension Then data(rowIndex, colSst) = OutputStress(stateResult.MaxSteelStress, units)","Pending","",""
"src/Excel/CStrengthSummaryWriter.cls","664","For i = LBound(cols) To UBound(cols)","Pending","",""
"src/Excel/CStrengthSummaryWriter.cls","718","If lastRow < firstRow Or lastCol < firstCol Then Exit Sub","Pending","",""
"src/Excel/CStrengthSummaryWriter.cls","746","If eps0 + normValue * minS < 0# And eps0 + normValue * maxS < 0# Then","Pending","",""
"src/Excel/CStrengthSummaryWriter.cls","748","ElseIf eps0 + normValue * minS >= 0# And eps0 + normValue * maxS >= 0# Then","Pending","",""
"src/Excel/CSystemSettingsReader.cls","113","If rangeError = 0 And Not settingsRange Is Nothing Then AppendSettingsRange settingsRange","Pending","",""
"src/Excel/CSystemSettingsReader.cls","134","IsInputGeometrySettingsRangeName = (Left$(key, 3) = ""rng"" And Right$(key, 8) = ""geometry"")","Pending","",""
"src/Excel/CSystemSettingsReader.cls","224","If UBound(data, 1) < 2 Or UBound(data, 2) < 3 Then Err.Raise vbObjectError + 4316, ""CSystemSettingsReader"", _","Pending","",""
"src/Excel/CSystemSettingsReader.cls","227","columnCount = UBound(data, 2)","Pending","",""
"src/Excel/CSystemSettingsReader.cls","264","For rowIndex = 2 To UBound(data, 1)","Pending","",""
"src/Excel/CSystemSettingsReader.cls","267","If Len(keyValue) > 0 And Left$(keyValue, 1) <> ""["" Then","Pending","",""
"src/Excel/CSystemSettingsReader.cls","304","If UBound(data, 1) < 2 Or UBound(data, 2) < 4 Then Exit Function","Pending","",""
"src/Excel/CSystemSettingsReader.cls","306","StrComp(Trim$(CStr(data(1, 1))), ""Параметр"", vbTextCompare) = 0 And _","Pending","",""
"src/Excel/CSystemSettingsReader.cls","307","StrComp(Trim$(CStr(data(1, 2))), ""Сжатие"", vbTextCompare) = 0 And _","Pending","",""
"src/Excel/CSystemSettingsReader.cls","308","StrComp(Trim$(CStr(data(1, 3))), ""Растяжение"", vbTextCompare) = 0 And _","Pending","",""
"src/Excel/CSystemSettingsReader.cls","315","For rowIndex = 2 To UBound(data, 1)","Pending","",""
"src/Excel/CSystemSettingsReader.cls","325","If UBound(data, 2) >= 5 Then commentValue = Trim$(CStr(data(rowIndex, 5)))","Pending","",""
"src/Excel/CSystemSettingsReader.cls","357","If UBound(data, 1) < 2 Or UBound(data, 2) < 4 Then Exit Function","Pending","",""
"src/Excel/CSystemSettingsReader.cls","359","StrComp(Trim$(CStr(data(1, 1))), ""Параметр"", vbTextCompare) = 0 And _","Pending","",""
"src/Excel/CSystemSettingsReader.cls","360","StrComp(Trim$(CStr(data(1, 2))), ""Сжатие"", vbTextCompare) = 0 And _","Pending","",""
"src/Excel/CSystemSettingsReader.cls","361","StrComp(Trim$(CStr(data(1, 3))), ""Растяжение"", vbTextCompare) = 0 And _","Pending","",""
"src/Excel/CSystemSettingsReader.cls","368","For rowIndex = 2 To UBound(data, 1)","Pending","",""
"src/Excel/CSystemSettingsReader.cls","378","If UBound(data, 2) >= 5 Then commentValue = Trim$(CStr(data(rowIndex, 5)))","Pending","",""
"src/Excel/CSystemSettingsReader.cls","405","If UBound(data, 1) < 2 Or UBound(data, 2) < 4 Then Exit Function","Pending","",""
"src/Excel/CSystemSettingsReader.cls","407","StrComp(Trim$(CStr(data(1, 1))), ""Quantity"", vbTextCompare) = 0 And _","Pending","",""
"src/Excel/CSystemSettingsReader.cls","408","StrComp(Trim$(CStr(data(1, 2))), ""INPUT"", vbTextCompare) = 0 And _","Pending","",""
"src/Excel/CSystemSettingsReader.cls","409","StrComp(Trim$(CStr(data(1, 3))), ""INTERNAL"", vbTextCompare) = 0 And _","Pending","",""
"src/Excel/CSystemSettingsReader.cls","415","If UBound(data, 1) < 2 Or UBound(data, 2) < 3 Then Exit Function","Pending","",""
"src/Excel/CSystemSettingsReader.cls","417","StrComp(Trim$(CStr(data(1, 1))), ""Quantity"", vbTextCompare) = 0 And _","Pending","",""
"src/Excel/CSystemSettingsReader.cls","418","StrComp(Trim$(CStr(data(1, 2))), ""USER"", vbTextCompare) = 0 And _","Pending","",""
"src/Excel/CSystemSettingsReader.cls","425","If UBound(data, 1) < 3 Or UBound(data, 2) < 5 Then Exit Function","Pending","",""
"src/Excel/CSystemSettingsReader.cls","427","StrComp(Trim$(CStr(data(2, 1))), ""Enabled"", vbTextCompare) = 0 And _","Pending","",""
"src/Excel/CSystemSettingsReader.cls","435","For rowIndex = 2 To UBound(data, 1)","Pending","",""
"src/Excel/CSystemSettingsReader.cls","438","If Len(settingName) > 0 And Left$(settingName, 1) <> ""["" Then","Pending","",""
"src/Excel/CSystemSettingsReader.cls","453","If Len(settingValue) = 0 Or settingValue = ""-"" Then Exit Sub","Pending","",""
"src/Excel/CSystemSettingsReader.cls","460","For rowIndex = 2 To UBound(data, 1)","Pending","",""
"src/Excel/CSystemSettingsReader.cls","478","For rowIndex = 2 To UBound(data, 1)","Pending","",""
"src/Excel/CSystemSettingsReader.cls","519","If UBound(data, 2) < 6 Then Exit Function","Pending","",""
"src/Excel/CSystemSettingsReader.cls","522","For rowIndex = 1 To UBound(data, 1) - 1","Pending","",""
"src/Excel/CSystemSettingsReader.cls","523","If StrComp(Trim$(CStr(data(rowIndex, 1))), ""H"", vbTextCompare) = 0 And _","Pending","",""
"src/Excel/CSystemSettingsReader.cls","524","StrComp(Trim$(CStr(data(rowIndex, 2))), ""B"", vbTextCompare) = 0 And _","Pending","",""
"src/Excel/CSystemSettingsReader.cls","525","StrComp(Trim$(CStr(data(rowIndex, 3))), ""R"", vbTextCompare) = 0 And _","Pending","",""
"src/Excel/CSystemSettingsReader.cls","526","StrComp(Trim$(CStr(data(rowIndex, 4))), ""H_o"", vbTextCompare) = 0 And _","Pending","",""
"src/Excel/CSystemSettingsReader.cls","527","StrComp(Trim$(CStr(data(rowIndex, 5))), ""B_o"", vbTextCompare) = 0 And _","Pending","",""
"src/Excel/CSystemSettingsReader.cls","567","If StrComp(keyValue, ""HollowRectangle.InnerOffsetX"", vbTextCompare) = 0 Or _","Pending","",""
"src/Excel/CSystemSettingsReader.cls","570","If UBound(data, 2) >= 4 Then sourceValue = Trim$(CStr(data(rowIndex, 4)))","Pending","",""
"src/Excel/CSystemSettingsReader.cls","582","For rowIndex = mainHeaderRow + 1 To UBound(data, 1)","Pending","",""
"src/Excel/CSystemSettingsReader.cls","600","For rowIndex = extraHeaderRow + 1 To UBound(data, 1)","Pending","",""
"src/Excel/CSystemSettingsReader.cls","635","If UBound(data, 2) < 3 Then Exit Function","Pending","",""
"src/Excel/CSystemSettingsReader.cls","638","For rowIndex = 1 To UBound(data, 1) - 1","Pending","",""
"src/Excel/CSystemSettingsReader.cls","639","If StrComp(Trim$(CStr(data(rowIndex, 2))), ""B"", vbTextCompare) = 0 And _","Pending","",""
"src/Excel/CSystemSettingsReader.cls","661","If sideHeaderRow > 0 And UBound(data, 1) >= sideHeaderRow + 4 Then","Pending","",""
"src/Excel/CSystemSettingsReader.cls","683","For rowIndex = startRow To UBound(data, 1)","Pending","",""
"src/Excel/CSystemSettingsReader.cls","694","For rowIndex = mainHeaderRow + 1 To UBound(data, 1)","Pending","",""
"src/Excel/CSystemSettingsReader.cls","707","For rowIndex = extraHeaderRow + 1 To UBound(data, 1)","Pending","",""
"src/Excel/CSystemSettingsReader.cls","737","If UBound(data, 1) < 12 Or UBound(data, 2) < 7 Then Exit Function","Pending","",""
"src/Excel/CSystemSettingsReader.cls","739","StrComp(Trim$(CStr(data(1, 2))), ""H1"", vbTextCompare) = 0 And _","Pending","",""
"src/Excel/CSystemSettingsReader.cls","740","StrComp(Trim$(CStr(data(1, 3))), ""B1"", vbTextCompare) = 0 And _","Pending","",""
"src/Excel/CSystemSettingsReader.cls","741","StrComp(Trim$(CStr(data(1, 4))), ""H2"", vbTextCompare) = 0 And _","Pending","",""
"src/Excel/CSystemSettingsReader.cls","747","If UBound(data, 2) < 4 Then Exit Function","Pending","",""
"src/Excel/CSystemSettingsReader.cls","750","For rowIndex = 1 To UBound(data, 1) - 1","Pending","",""
"src/Excel/CSystemSettingsReader.cls","751","If StrComp(Trim$(CStr(data(rowIndex, 1))), ""H1"", vbTextCompare) = 0 And _","Pending","",""
"src/Excel/CSystemSettingsReader.cls","752","StrComp(Trim$(CStr(data(rowIndex, 2))), ""B1"", vbTextCompare) = 0 And _","Pending","",""
"src/Excel/CSystemSettingsReader.cls","753","StrComp(Trim$(CStr(data(rowIndex, 3))), ""H2"", vbTextCompare) = 0 And _","Pending","",""
"src/Excel/CSystemSettingsReader.cls","765","If geometryHeaderRow > 0 And UBound(data, 1) >= geometryHeaderRow + 21 And UBound(data, 2) >= 9 Then","Pending","",""
"src/Excel/CSystemSettingsReader.cls","797","If UBound(data, 1) >= 19 Then","Pending","",""
"src/Excel/CSystemSettingsReader.cls","804","If UBound(data, 1) >= 21 Then","Pending","",""
"src/Excel/CSystemSettingsReader.cls","818","If StrComp(keyValue, ""RectSet.SectionType"", vbTextCompare) = 0 Or _","Pending","",""
"src/Excel/CSystemSettingsReader.cls","821","If UBound(data, 2) >= 4 Then sourceValue = Trim$(CStr(data(rowIndex, 4)))","Pending","",""
"src/Excel/CSystemSettingsReader.cls","890","If Len(secondValue) > 0 And secondValue <> ""-"" Then","Pending","",""
"src/Excel/CSystemSettingsReader.cls","942","If valueRow > 0 And valueColumn > 0 Then mLocations(mCount) = InputCellLocation(valueRow, valueColumn)","Pending","",""
"src/Excel/CSystemSettingsReader.cls","948","If Len(mLoadingSheet) = 0 Or columnIndex < 1 Then","Pending","",""
"src/Excel/CSystemSettingsReader.cls","1018","ElseIf Len(mValues(index)) = 0 Or UCase$(mValues(index)) = ""TODO"" Then","Pending","",""
"src/Excel/CSystemSettingsReader.cls","1043","If Not allowBlankValue And HasKey(key) Then","Pending","",""
"src/Excel/CSystemSettingsReader.cls","1045","If Len(textValue) = 0 Or UCase$(textValue) = ""TODO"" Then","Pending","",""
"src/Excel/CSystemSettingsReader.cls","1072","If Len(textValue) = 0 Or UCase$(textValue) = ""TODO"" Then","Pending","",""
"src/Excel/CSystemSettingsReader.cls","1092","If Len(textValue) = 0 Or UCase$(textValue) = ""TODO"" Then","Pending","",""
"src/Excel/CSystemSettingsReader.cls","1142","If value < -2147483648# Or value > 2147483647# Then Err.Raise vbObjectError + 4315, ""CSystemSettingsReader.GetLong"", _","Pending","",""
"src/Excel/CSystemSettingsReader.cls","1190","If index < 1 Or index > mCount Then Err.Raise vbObjectError + 4300, ""CSystemSettingsReader"", ""Индекс настройки вне допустимого диапазона.""","Pending","",""
"src/Excel/modAutoCADStressExport.bas","251","For rowIndex = 2 To UBound(data, 1)","Pending","",""
"src/Excel/modAutoCADStressExport.bas","289","For rowIndex = 2 To UBound(data, 1)","Pending","",""
"src/Excel/modAutoCADStressExport.bas","290","If StrComp(CStr(data(rowIndex, colLoadCase)), ""ALL"", vbTextCompare) = 0 And _","Pending","",""
"src/Excel/modAutoCADStressExport.bas","321","For rowIndex = 2 To UBound(data, 1)","Pending","",""
"src/Excel/modAutoCADStressExport.bas","343","For rowIndex = 2 To UBound(data, 1)","Pending","",""
"src/Excel/modAutoCADStressExport.bas","344","If StrComp(Trim$(SafeText(data(rowIndex, colLoadCase))), combinationID, vbTextCompare) = 0 And _","Pending","",""
"src/Excel/modAutoCADStressExport.bas","387","For rowIndex = 2 To UBound(data, 1)","Pending","",""
"src/Excel/modAutoCADStressExport.bas","388","If StrComp(Trim$(SafeText(data(rowIndex, colCombination))), combinationID, vbTextCompare) = 0 And _","Pending","",""
"src/Excel/modAutoCADStressExport.bas","430","For rowIndex = 2 To UBound(data, 1)","Pending","",""
"src/Excel/modAutoCADStressExport.bas","473","If extensionUsed Or policy.ToUserStatus(stateStatus) = policy.Fail Then","Pending","",""
"src/Excel/modAutoCADStressExport.bas","617","For rowIndex = 2 To UBound(data, 1)","Pending","",""
"src/Excel/modAutoCADStressExport.bas","619","If Len(FirstLoadCaseFromSectionProperties) > 0 And _","Pending","",""
"src/Excel/modAutoCADStressExport.bas","638","For rowIndex = 2 To UBound(data, 1)","Pending","",""
"src/Excel/modAutoCADStressExport.bas","649","HasResultTableRows = (UBound(data, 1) >= 2 And UBound(data, 2) >= 1)","Pending","",""
"src/Excel/modAutoCADStressExport.bas","659","For colIndex = 1 To UBound(data, 2)","Pending","",""
"src/Excel/modAutoCADStressExport.bas","673","If Err.Number = 0 And GeometryStatusColumn > 0 Then","Pending","",""
"src/Excel/modAutoCADStressExport.bas","923","For rowIndex = 2 To UBound(data, 1)","Pending","",""
"src/Excel/modAutoCADStressExport.bas","929","If segCount > 0 And StrComp(loopKey, currentLoopKey, vbTextCompare) <> 0 Then","Pending","",""
"src/Excel/modAutoCADStressExport.bas","1002","For rowIndex = 2 To UBound(data, 1)","Pending","",""
"src/Excel/modAutoCADStressExport.bas","1021","If Len(unitText) = 0 Or unitText = ""-"" Then unitText = defaultUnit","Pending","",""
"src/Excel/modAutoCADStressExport.bas","1022","If Len(unitText) = 0 Or unitText = ""-"" Then unitText = ""mm""","Pending","",""
"src/Excel/modAutoCADStressExport.bas","1032","If UBound(parts) >= 3 Then","Pending","",""
"src/Excel/modAutoCADStressExport.bas","1033","If parts(0) = ""CONTOUR"" And (parts(1) = ""OUTER"" Or parts(1) = ""OPENING"") Then","Pending","",""
"src/Excel/modAutoCADStressExport.bas","1146","PointsAreClose = (Abs(x1 - x2) <= CONTOUR_POINT_TOLERANCE And Abs(y1 - y2) <= CONTOUR_POINT_TOLERANCE)","Pending","",""
"src/Excel/modAutoCADStressExport.bas","1204","If includeElementName And Len(Trim$(elementID)) > 0 Then","Pending","",""
"src/Excel/modAutoCADStressExport.bas","1234","If Not principalAxesEnabled And Not loadPointEnabled Then Exit Sub","Pending","",""
"src/Excel/modAutoCADStressExport.bas","1316","If Len(rawValue) = 0 And settings.HasKey(""AutoCAD.Export.PrincipalAxesEnabled"") Then","Pending","",""
"src/Excel/modAutoCADStressExport.bas","1400","If section.IsConcreteEquivalentAreaFallback(index) And Abs(ConcreteDrawRotation) <= 0.000000000001 Then","Pending","",""
"src/Excel/modAutoCADStressExport.bas","1613","If x < minX - 0.0000001 Or x > maxX + 0.0000001 Then Exit Sub","Pending","",""
"src/Excel/modAutoCADStressExport.bas","1614","If y < minY - 0.0000001 Or y > maxY + 0.0000001 Then Exit Sub","Pending","",""
"src/Excel/modAutoCADStressExport.bas","1618","If Abs(pointX(i) - x) < 0.0000001 And Abs(pointY(i) - y) < 0.0000001 Then Exit Sub","Pending","",""
"src/Excel/modAutoCADStressExport.bas","1621","If pointCount >= UBound(pointX) Then Exit Sub","Pending","",""
"src/Excel/modAutoCADStressExport.bas","1711","Set entity = regions(LBound(regions))","Pending","",""
"src/Excel/modAutoCADStressExport.bas","1726","For i = LBound(sourceObjects) To UBound(sourceObjects)","Pending","",""
"src/Excel/modAutoCADStressExport.bas","1826","For rowIndex = 2 To UBound(data, 1)","Pending","",""
"src/Excel/modAutoCADStressExport.bas","1827","If Not IsExportEmptyRow(data, rowIndex, UBound(data, 2)) Then","Pending","",""
"src/Excel/modWorkbookCalculation.bas","21","If InStr(1, message, ""ошиб"", vbTextCompare) > 0 Or InStr(1, message, ""InputErr"", vbTextCompare) > 0 Then","Pending","",""
"src/Excel/modWorkbookCalculation.bas","130","If Err.Number = vbObjectError + 4702 Or Err.Number = vbObjectError + 4705 Or _","Pending","",""
"src/Excel/modWorkbookCalculation.bas","131","Err.Number = vbObjectError + 4706 Or Err.Number = vbObjectError + 4710 Then","Pending","",""
"src/Excel/modWorkbookCalculation.bas","372","If settings.GetBoolean(""Plot.AutoUpdateAfterCalculation"", True) And batch.StateAvailableCount > 0 Then","Pending","",""
"src/Excel/modWorkbookCalculation.bas","463","If Not (strengthAnchor.Worksheet Is ws) Or Not (crackAnchor.Worksheet Is ws) Or _","Pending","",""
"src/Excel/modWorkbookCalculation.bas","464","Not (stabilityAnchor.Worksheet Is ws) Or Not (elementAnchor.Worksheet Is ws) Then","Pending","",""
"src/Excel/modWorkbookCalculation.bas","571","For index = LBound(requiredNames) To UBound(requiredNames)","Pending","",""
"src/Excel/modWorkbookCalculation.bas","666","If firstRow < 1 Or firstColumn < 1 Then","Pending","",""
"src/Excel/modWorkbookCalculation.bas","737","If lastTwo >= 11 And lastTwo <= 14 Then","Pending","",""
"src/Excel/modWorkbookCalculation.bas","935","If range.Rows.Count < 2 Or range.Columns.Count < 4 Then","Pending","",""
"src/Excel/modWorkbookCalculation.bas","947","For rowIndex = 2 To UBound(values, 1)","Pending","",""
"src/Excel/modWorkbookCalculation.bas","948","If IsError(values(rowIndex, 1)) Or IsNull(values(rowIndex, 1)) Then","Pending","",""
"src/Excel/modWorkbookCalculation.bas","1014","If errorNumber <> 6 And errorNumber <> 13 Then Err.Raise errorNumber, ""TryReadDurationLoad"", description","Pending","",""
"src/Geometry/CFiberMeshBuilder.cls","52","If maxX <= minX + GEOM_TOLERANCE Or maxY <= minY + GEOM_TOLERANCE Then","Pending","",""
"src/Geometry/CFiberMeshBuilder.cls","62","If stepX <= (maxX - minX) / 2147483646# Or stepY <= (maxY - minY) / 2147483646# Then","Pending","",""
"src/Geometry/CFiberMeshBuilder.cls","68","If nx < 1 Or ny < 1 Then Err.Raise vbObjectError + 2104, ""CFiberMeshBuilder"", ""Габаритный прямоугольник сетки пуст.""","Pending","",""
"src/Geometry/CFiberMeshBuilder.cls","154","allInside = p1 And p2 And p3 And p4","Pending","",""
"src/Geometry/CFiberMeshBuilder.cls","155","anyInside = p1 Or p2 Or p3 Or p4","Pending","",""
"src/Geometry/CFiberMeshBuilder.cls","165","If mFiberCount > UBound(mFibers) Then","Pending","",""
"src/Geometry/CFiberMeshBuilder.cls","167","If UBound(mFibers) > 1073741823 Then","Pending","",""
"src/Geometry/CFiberMeshBuilder.cls","170","newCapacity = UBound(mFibers) * 2","Pending","",""
"src/Geometry/CFiberMeshBuilder.cls","225","If index < 1 Or index > mFiberCount Then","Pending","",""
"src/Geometry/CGeometryHollowRectangle.cls","209","target.GetHorizontalRebarLine isLeft, IIf(openingFace, -axisDistance, axisDistance), _","Pending","",""
"src/Geometry/CGeometryHollowRectangle.cls","235","target.GetSideRebarPath Not isTop, IIf(openingFace, -axisDistance, axisDistance), pointU, pointV","Pending","",""
"src/Geometry/CGeometryHollowRectangle.cls","238","ReDim pointX(LBound(pointU) To UBound(pointU))","Pending","",""
"src/Geometry/CGeometryHollowRectangle.cls","239","ReDim pointY(LBound(pointU) To UBound(pointU))","Pending","",""
"src/Geometry/CGeometryHollowRectangle.cls","240","For i = LBound(pointU) To UBound(pointU)","Pending","",""
"src/Geometry/CGeometryHollowRectangle.cls","250","ContainsPoint = (mOuter.ContainsPoint(X, Y) And Not mOpening.ContainsPoint(X, Y))","Pending","",""
"src/Geometry/CGeometryHollowRectangle.cls","279","If mB <= 0# Or mH <= 0# Then","Pending","",""
"src/Geometry/CGeometryHollowRectangle.cls","283","If mOpeningB <= 0# Or mOpeningH <= 0# Then","Pending","",""
"src/Geometry/CGeometryHollowRectangle.cls","287","If mR < 0# Or mOpeningR < 0# Then","Pending","",""
"src/Geometry/CGeometryHollowRectangle.cls","403","If Not outerAvailable Or Not openingAvailable Then Exit Sub","Pending","",""
"src/Geometry/CGeometryHollowRectangle.cls","420","For i = LBound(px) To UBound(px)","Pending","",""
"src/Geometry/CGeometryRectSet.cls","163","insideLower = (X >= mOriginX - GEOM_TOLERANCE And X <= mOriginX + mB2 + GEOM_TOLERANCE _","Pending","",""
"src/Geometry/CGeometryRectSet.cls","164","And Y >= mOriginY - GEOM_TOLERANCE And Y <= mOriginY + mH2 + GEOM_TOLERANCE)","Pending","",""
"src/Geometry/CGeometryRectSet.cls","168","insideUpper = (X >= ActiveUpperMinX() - GEOM_TOLERANCE And X <= ActiveUpperMaxX() + GEOM_TOLERANCE _","Pending","",""
"src/Geometry/CGeometryRectSet.cls","169","And Y >= ActiveUpperMinY() - GEOM_TOLERANCE And Y <= ActiveUpperMaxY() + GEOM_TOLERANCE)","Pending","",""
"src/Geometry/CGeometryRectSet.cls","170","ContainsPoint = insideLower Or insideUpper","Pending","",""
"src/Geometry/CGeometryRectSet.cls","189","ElseIf LowerRectangleActive() And mB2 <= 0# Then","Pending","",""
"src/Geometry/CGeometryRectSet.cls","191","ElseIf LowerRectangleActive() And mH2 <= 0# Then","Pending","",""
"src/Geometry/CGeometryRectSet.cls","193","ElseIf mSectionType = SECTION_LSECTION And mB1 >= mB2 Then","Pending","",""
"src/Geometry/CGeometryRectSet.cls","195","ElseIf mSectionType = SECTION_TWO_RECTANGLES And Not RectanglesOverlapByX() Then","Pending","",""
"src/Geometry/CGeometryRectSet.cls","312","And ActiveUpperMaxX() > mOriginX + GEOM_TOLERANCE)","Pending","",""
"src/Geometry/CGeometryRectSet.cls","321","ElseIf Abs(pointX(count) - X) <= GEOM_TOLERANCE And Abs(pointY(count) - Y) <= GEOM_TOLERANCE Then","Pending","",""
"src/Geometry/CGeometryRectSet.cls","323","ElseIf count >= UBound(pointX) Then","Pending","",""
"src/Geometry/CGeometryRectSet.cls","324","ReDim Preserve pointX(1 To UBound(pointX) + 4)","Pending","",""
"src/Geometry/CGeometryRectSet.cls","325","ReDim Preserve pointY(1 To UBound(pointY) + 4)","Pending","",""
"src/Geometry/CGeometryRoundedRectangle.cls","141","If radiusTLmm < 0# Or radiusBLmm < 0# Then leftR1 = -1#","Pending","",""
"src/Geometry/CGeometryRoundedRectangle.cls","142","If radiusTRmm < 0# Or radiusBRmm < 0# Then rightR1 = -1#","Pending","",""
"src/Geometry/CGeometryRoundedRectangle.cls","271","If X < mMinX - GEOM_TOLERANCE Or X > mMaxX + GEOM_TOLERANCE Then Exit Function","Pending","",""
"src/Geometry/CGeometryRoundedRectangle.cls","272","If Y < mMinY - GEOM_TOLERANCE Or Y > mMaxY + GEOM_TOLERANCE Then Exit Function","Pending","",""
"src/Geometry/CGeometryRoundedRectangle.cls","309","If Len(mLeftType) = 0 Or Len(mRightType) = 0 Then","Pending","",""
"src/Geometry/CGeometryRoundedRectangle.cls","313","If mLeftW < 0# Or mRightW < 0# Then","Pending","",""
"src/Geometry/CGeometryRoundedRectangle.cls","317","If mLeftR1 < 0# Or mRightR1 < 0# Or mLeftR2 < 0# Or mRightR2 < 0# Then","Pending","",""
"src/Geometry/CGeometryRoundedRectangle.cls","321","If mLeftType = SIDE_TAPERED And mLeftW <= GEOM_TOLERANCE Then","Pending","",""
"src/Geometry/CGeometryRoundedRectangle.cls","325","If mRightType = SIDE_TAPERED And mRightW <= GEOM_TOLERANCE Then","Pending","",""
"src/Geometry/CGeometryRoundedRectangle.cls","332","If mPointCount < 3 Or mArea <= GEOM_TOLERANCE Then","Pending","",""
"src/Geometry/CGeometryRoundedRectangle.cls","335","If mPointCount < 3 Or mArea <= GEOM_TOLERANCE Then","Pending","",""
"src/Geometry/CGeometryRoundedRectangle.cls","417","If prevLength <= GEOM_TOLERANCE Or nextLength <= GEOM_TOLERANCE Then","Pending","",""
"src/Geometry/CGeometryRoundedRectangle.cls","434","If angleValue <= GEOM_TOLERANCE Or Abs(GEOM_PI - angleValue) <= GEOM_TOLERANCE Then","Pending","",""
"src/Geometry/CGeometryRoundedRectangle.cls","464","If firstIndex = 1 Or firstIndex = 4 Then","Pending","",""
"src/Geometry/CGeometryRoundedRectangle.cls","693","ElseIf rawCount > UBound(raw) Then","Pending","",""
"src/Geometry/CGeometryRoundedRectangle.cls","694","ReDim Preserve raw(1 To UBound(raw) + 8)","Pending","",""
"src/Geometry/CGeometryRoundedRectangle.cls","841","If prevLength <= GEOM_TOLERANCE Or nextLength <= GEOM_TOLERANCE Or inputRadius <= GEOM_TOLERANCE Then","Pending","",""
"src/Geometry/CGeometryRoundedRectangle.cls","858","If angleValue <= GEOM_TOLERANCE Or Abs(GEOM_PI - angleValue) <= GEOM_TOLERANCE Then","Pending","",""
"src/Geometry/CGeometryRoundedRectangle.cls","873","If tangentDistance <= GEOM_TOLERANCE Or inputRadius <= GEOM_TOLERANCE Then","Pending","",""
"src/Geometry/CGeometryRoundedRectangle.cls","926","If Abs(sx - ex) <= GEOM_TOLERANCE And Abs(sy - ey) <= GEOM_TOLERANCE Then Exit Sub","Pending","",""
"src/Geometry/CGeometryRoundedRectangle.cls","938","ElseIf segmentCount > UBound(segmentType) Then","Pending","",""
"src/Geometry/CGeometryRoundedRectangle.cls","939","ReDim Preserve segmentType(1 To UBound(segmentType) + 16)","Pending","",""
"src/Geometry/CGeometryRoundedRectangle.cls","940","ReDim Preserve startX(1 To UBound(startX) + 16)","Pending","",""
"src/Geometry/CGeometryRoundedRectangle.cls","941","ReDim Preserve startY(1 To UBound(startY) + 16)","Pending","",""
"src/Geometry/CGeometryRoundedRectangle.cls","942","ReDim Preserve endX(1 To UBound(endX) + 16)","Pending","",""
"src/Geometry/CGeometryRoundedRectangle.cls","943","ReDim Preserve endY(1 To UBound(endY) + 16)","Pending","",""
"src/Geometry/CGeometryRoundedRectangle.cls","944","ReDim Preserve centerX(1 To UBound(centerX) + 16)","Pending","",""
"src/Geometry/CGeometryRoundedRectangle.cls","945","ReDim Preserve centerY(1 To UBound(centerY) + 16)","Pending","",""
"src/Geometry/CGeometryRoundedRectangle.cls","946","ReDim Preserve radiusValue(1 To UBound(radiusValue) + 16)","Pending","",""
"src/Geometry/CGeometryRoundedRectangle.cls","947","ReDim Preserve sweepAngle(1 To UBound(sweepAngle) + 16)","Pending","",""
"src/Geometry/CGeometryRoundedRectangle.cls","1011","If prevLength <= GEOM_TOLERANCE Or nextLength <= GEOM_TOLERANCE Or radius <= GEOM_TOLERANCE Then","Pending","",""
"src/Geometry/CGeometryRoundedRectangle.cls","1027","If angleValue <= GEOM_TOLERANCE Or Abs(GEOM_PI - angleValue) <= GEOM_TOLERANCE Then","Pending","",""
"src/Geometry/CGeometryRoundedRectangle.cls","1076","If Abs(outX(outCount) - X) <= GEOM_TOLERANCE And Abs(outY(outCount) - Y) <= GEOM_TOLERANCE Then Exit Sub","Pending","",""
"src/Geometry/CGeometryRoundedRectangle.cls","1082","ElseIf outCount > UBound(outX) Then","Pending","",""
"src/Geometry/CGeometryRoundedRectangle.cls","1083","ReDim Preserve outX(1 To UBound(outX) + 16)","Pending","",""
"src/Geometry/CGeometryRoundedRectangle.cls","1084","ReDim Preserve outY(1 To UBound(outY) + 16)","Pending","",""
"src/Geometry/CGeometryRoundedRectangle.cls","1093","If Abs(outX(1) - outX(outCount)) <= GEOM_TOLERANCE And Abs(outY(1) - outY(outCount)) <= GEOM_TOLERANCE Then","Pending","",""
"src/Geometry/CGeometryRoundedRectangle.cls","1125","If Abs(mPointX(1) - mPointX(mPointCount)) <= GEOM_TOLERANCE And _","Pending","",""
"src/Materials/CMaterialDiagram.cls","77","mPhysicalTensionStrain = IIf(mStrains(mPointCount) > 0#, mStrains(mPointCount), 0#)","Pending","",""
"src/Materials/CMaterialDiagram.cls","114","If LBound(values) > 1 Then GoTo InvalidArray","Pending","",""
"src/Materials/CMaterialDiagram.cls","115","If UBound(values) < pointCount Then GoTo InvalidArray","Pending","",""
"src/Materials/CMaterialDiagram.cls","188","If mHasCompressionExtension And strain < mPhysicalCompressionStrain - RANGE_TOLERANCE Then","Pending","",""
"src/Materials/CMaterialDiagram.cls","190","ElseIf mHasTensionExtension And mHasPhysicalTensionLimit And _","Pending","",""
"src/Materials/CMaterialDiagram.cls","224","If strain < mStrains(1) Or strain > mStrains(mPointCount) Then Exit Function","Pending","",""
"src/Materials/CMaterialDiagram.cls","282","If strain >= mStrains(i) And strain <= mStrains(i + 1) Then","Pending","",""
"src/Materials/CMaterialDiagram.cls","285","If mHasCompressionExtension And strain = mCompressionExtensionStartStrain Then","Pending","",""
"src/Materials/CMaterialDiagram.cls","286","If strain = mStrains(i + 1) And i + 1 < mPointCount Then","Pending","",""
"src/Materials/CMaterialDiagram.cls","302","For i = 1 To UBound(mStrains) - 1","Pending","",""
"src/Materials/CMaterialDiagram.cls","303","For j = i + 1 To UBound(mStrains)","Pending","",""
"src/Materials/CMaterialDiagram.cls","324","For i = 1 To UBound(mStrains) - 1","Pending","",""
"src/Materials/CMaterialDiagram.cls","348","If eps1 >= 0# Or eps2 >= 0# Then Err.Raise vbObjectError + 3101, ""CMaterialDiagram"", ""Сжатые деформации должны быть отрицательными.""","Pending","",""
"src/Materials/CMaterialDiagram.cls","349","If stress1 >= 0# Or stress2 >= 0# Then Err.Raise vbObjectError + 3102, ""CMaterialDiagram"", ""Сжатые напряжения должны быть отрицательными.""","Pending","",""
"src/Materials/CMaterialDiagram.cls","363","If eps1 >= 0# Or eps2 >= 0# Or eps3 >= 0# Then Err.Raise vbObjectError + 3103, ""CMaterialDiagram"", ""Сжатые деформации должны быть отрицательными.""","Pending","",""
"src/Materials/CMaterialDiagram.cls","364","If stress1 >= 0# Or stress2 >= 0# Or stress3 >= 0# Then Err.Raise vbObjectError + 3104, ""CMaterialDiagram"", ""Сжатые напряжения должны быть отрицательными.""","Pending","",""
"src/Materials/CMaterialDiagram.cls","379","If eps1 <= 0# Or eps2 <= eps1 Then Err.Raise vbObjectError + 3105, ""CMaterialDiagram"", ""Растянутые деформации должны возрастать и быть положительными.""","Pending","",""
"src/Materials/CMaterialDiagram.cls","380","If stress1 <= 0# Or stress2 <= 0# Then Err.Raise vbObjectError + 3106, ""CMaterialDiagram"", ""Растянутые напряжения должны быть положительными.""","Pending","",""
"src/Materials/CMaterialDiagram.cls","396","If eps1 <= 0# Or eps2 <= eps1 Or eps3 <= eps2 Then Err.Raise vbObjectError + 3107, ""CMaterialDiagram"", ""Растянутые деформации должны возрастать и быть положительными.""","Pending","",""
"src/Materials/CMaterialDiagram.cls","397","If stress1 <= 0# Or stress2 <= 0# Or stress3 <= 0# Then Err.Raise vbObjectError + 3108, ""CMaterialDiagram"", ""Растянутые напряжения должны быть положительными.""","Pending","",""
"src/Materials/CMaterialDiagram.cls","427","If index < 1 Or index > mPointCount Then Err.Raise vbObjectError + 3109, ""CMaterialDiagram"", ""Индекс точки диаграммы вне диапазона.""","Pending","",""
"src/Materials/CMaterialDiagram.cls","434","If index < 1 Or index > mPointCount Then Err.Raise vbObjectError + 3110, ""CMaterialDiagram"", ""Индекс точки диаграммы вне диапазона.""","Pending","",""
"src/Materials/CMaterialModelProvider.cls","140","mConcreteTensionLimitEnabled(slot) = (mConcreteDiagram(slot).HasPhysicalTensionLimit And _","Pending","",""
"src/Materials/CMaterialModelProvider.cls","303","extraTension = extendTension And baseDiagram.HasPhysicalTensionLimit","Pending","",""
"src/Materials/CMaterialModelProvider.cls","596","ConcreteTensionLimitEnabledFromSpec = (diagram.HasPhysicalTensionLimit And spec.ConcreteTension = ctkUseDiagram)","Pending","",""
"src/Section/CCircleRebarLayoutBuilder.cls","60","If Len(rawValue) = 0 Or UCase$(rawValue) = ""TODO"" Then","Pending","",""
"src/Section/CCircleRebarLayoutBuilder.cls","92","If barCount = 0 Or barDiameter = 0# Then","Pending","",""
"src/Section/CCircleRebarLayoutBuilder.cls","142","If Abs(mCentroidX - centerX) > 0.000001 Or Abs(mCentroidY - centerY) > 0.000001 Then","Pending","",""
"src/Section/CCircleRebarLayoutBuilder.cls","188","If row2Diameter > 0# And StrComp(Trim$(row2Location), Trim$(row3Location), vbTextCompare) = 0 Then","Pending","",""
"src/Section/CCircleRebarLayoutBuilder.cls","207","If barCount = 0 Or barDiameter = 0# Then Exit Sub","Pending","",""
"src/Section/CCircleRebarLayoutBuilder.cls","210","If row2Diameter > 0# And Not IsSupportedRowLocation(row2Location) Then Err.Raise vbObjectError + 3157, ""CCircleRebarLayoutBuilder"", ""Rebar.Loc2row должен быть SideBySide или Stacked.""","Pending","",""
"src/Section/CCircleRebarLayoutBuilder.cls","211","If row3Diameter > 0# And Not IsSupportedRowLocation(row3Location) Then Err.Raise vbObjectError + 3158, ""CCircleRebarLayoutBuilder"", ""Rebar.Loc3row должен быть SideBySide или Stacked.""","Pending","",""
"src/Section/CCircleRebarLayoutBuilder.cls","234","IsSupportedRowLocation = IsStackedLocation(value) Or StrComp(Trim$(value), ""SideBySide"", vbTextCompare) = 0","Pending","",""
"src/Section/CHollowRectRebarLayoutBuilder.cls","152","If Len(rawValue) = 0 Or UCase$(rawValue) = ""TODO"" Or rawValue = ""-"" Then","Pending","",""
"src/Section/CHollowRectRebarLayoutBuilder.cls","172","If barCount = 0 Or diameter = 0# Then Exit Sub","Pending","",""
"src/Section/CHollowRectRebarLayoutBuilder.cls","226","If barCount = 0 Or diameter = 0# Then Exit Sub","Pending","",""
"src/Section/CHollowRectRebarLayoutBuilder.cls","276","If sourceCount = 0 Or diameter = 0# Then Exit Sub","Pending","",""
"src/Section/CHollowRectRebarLayoutBuilder.cls","353","If sourceCount = 0 Or diameter = 0# Then Exit Sub","Pending","",""
"src/Section/CHollowRectRebarLayoutBuilder.cls","395","If row2Diameter > 0# And ShouldAddAdditionalRow(baseBarOrdinal, FaceRow2Binding(settings)) Then","Pending","",""
"src/Section/CHollowRectRebarLayoutBuilder.cls","402","If row3Diameter > 0# And ShouldAddAdditionalRow(baseBarOrdinal, FaceRow3Binding(settings)) Then","Pending","",""
"src/Section/CHollowRectRebarLayoutBuilder.cls","405","If row2Diameter > 0# And StrComp(FaceRow2Location(settings), FaceRow3Location(settings), vbTextCompare) = 0 Then skippedDiameter = row2Diameter","Pending","",""
"src/Section/CHollowRectRebarLayoutBuilder.cls","453","If barCount = 0 Or diameter = 0# Then Exit Sub","Pending","",""
"src/Section/CHollowRectRebarLayoutBuilder.cls","463","If FaceRow2Diameter(settings) < 0# Or FaceRow3Diameter(settings) < 0# Then Err.Raise vbObjectError + 3253, ""CHollowRectRebarLayoutBuilder"", HollowFaceDisplayName(faceName) & "": диаметры дополнительных рядов d2 и d3 должны быть неотрицательными.""","Pending","",""
"src/Section/CHollowRectRebarLayoutBuilder.cls","464","If FaceRow2Diameter(settings) > 0# And Not IsSupportedRowLocation(FaceRow2Location(settings)) Then Err.Raise vbObjectError + 3254, ""CHollowRectRebarLayoutBuilder"", HollowFaceDisplayName(faceName) & "": положение второго ряда должно быть SideBySide или Stacked.""","Pending","",""
"src/Section/CHollowRectRebarLayoutBuilder.cls","465","If FaceRow3Diameter(settings) > 0# And Not IsSupportedRowLocation(FaceRow3Location(settings)) Then Err.Raise vbObjectError + 3255, ""CHollowRectRebarLayoutBuilder"", HollowFaceDisplayName(faceName) & "": положение третьего ряда должно быть SideBySide или Stacked.""","Pending","",""
"src/Section/CHollowRectRebarLayoutBuilder.cls","466","If FaceRow2Diameter(settings) > 0# And Not IsSupportedRowBinding(FaceRow2Binding(settings)) Then Err.Raise vbObjectError + 3256, ""CHollowRectRebarLayoutBuilder"", HollowFaceDisplayName(faceName) & "": привязка второго ряда должна быть EachBar или EverySecondBar.""","Pending","",""
"src/Section/CHollowRectRebarLayoutBuilder.cls","467","If FaceRow3Diameter(settings) > 0# And Not IsSupportedRowBinding(FaceRow3Binding(settings)) Then Err.Raise vbObjectError + 3257, ""CHollowRectRebarLayoutBuilder"", HollowFaceDisplayName(faceName) & "": привязка третьего ряда должна быть EachBar или EverySecondBar.""","Pending","",""
"src/Section/CHollowRectRebarLayoutBuilder.cls","473","IsSupportedRowLocation = (StrComp(value, ""SideBySide"", vbTextCompare) = 0 Or StrComp(value, ""Stacked"", vbTextCompare) = 0)","Pending","",""
"src/Section/CHollowRectRebarLayoutBuilder.cls","479","IsSupportedRowBinding = (StrComp(value, ""EachBar"", vbTextCompare) = 0 Or StrComp(value, ""EverySecondBar"", vbTextCompare) = 0)","Pending","",""
"src/Section/CHollowRectRebarLayoutBuilder.cls","562","If Not initialized Or projection > bestProjection + GEOM_TOLERANCE Then","Pending","",""
"src/Section/CHollowRectRebarLayoutBuilder.cls","590","For i = LBound(px) To UBound(px) - 1","Pending","",""
"src/Section/CHollowRectRebarLayoutBuilder.cls","593","If Not ProjectRayToPolyline Or hitT < bestRayT Then","Pending","",""
"src/Section/CHollowRectRebarLayoutBuilder.cls","638","If segmentT < -GEOM_TOLERANCE Or segmentT > 1# + GEOM_TOLERANCE Then Exit Function","Pending","",""
"src/Section/CHollowRectRebarLayoutBuilder.cls","691","For i = LBound(px) To UBound(px) - 1","Pending","",""
"src/Section/CHollowRectRebarLayoutBuilder.cls","703","For i = LBound(px) To UBound(px) - 1","Pending","",""
"src/Section/CHollowRectRebarLayoutBuilder.cls","721","xCoord = px(UBound(px))","Pending","",""
"src/Section/CHollowRectRebarLayoutBuilder.cls","722","yCoord = py(UBound(py))","Pending","",""
"src/Section/CHollowRectRebarLayoutBuilder.cls","743","If Abs(layout.X(i) - xCoord) <= GEOM_TOLERANCE And Abs(layout.Y(i) - yCoord) <= GEOM_TOLERANCE Then","Pending","",""
"src/Section/CHollowRectRebarLayoutBuilder.cls","752","FaceAs = CDbl(settings(LBound(settings)))","Pending","",""
"src/Section/CHollowRectRebarLayoutBuilder.cls","757","FaceDiameter = CDbl(settings(LBound(settings) + 1))","Pending","",""
"src/Section/CHollowRectRebarLayoutBuilder.cls","762","FaceCount = CLng(settings(LBound(settings) + 2))","Pending","",""
"src/Section/CHollowRectRebarLayoutBuilder.cls","767","FaceRow2Diameter = CDbl(settings(LBound(settings) + 3))","Pending","",""
"src/Section/CHollowRectRebarLayoutBuilder.cls","772","FaceRow3Diameter = CDbl(settings(LBound(settings) + 4))","Pending","",""
"src/Section/CHollowRectRebarLayoutBuilder.cls","777","FaceRow2Location = CStr(settings(LBound(settings) + 5))","Pending","",""
"src/Section/CHollowRectRebarLayoutBuilder.cls","782","FaceRow3Location = CStr(settings(LBound(settings) + 6))","Pending","",""
"src/Section/CHollowRectRebarLayoutBuilder.cls","787","FaceRow2Binding = CStr(settings(LBound(settings) + 7))","Pending","",""
"src/Section/CHollowRectRebarLayoutBuilder.cls","792","FaceRow3Binding = CStr(settings(LBound(settings) + 8))","Pending","",""
"src/Section/CRebarGroupAnnotationBuilder.cls","22","If rebars.Count <= 0 Or rebars.AnnotationCount <= 0 Then Exit Sub","Pending","",""
"src/Section/CRebarGroupAnnotationBuilder.cls","80","Do While InStr(1, textValue, ""."", vbTextCompare) > 0 And Right$(textValue, 1) = ""0""","Pending","",""
"src/Section/CRebarLayout.cls","88","If Abs(mX(i) - xCoord) <= GEOM_TOLERANCE And Abs(mY(i) - yCoord) <= GEOM_TOLERANCE Then","Pending","",""
"src/Section/CRebarLayout.cls","233","If index < 1 Or index > mCount Then Err.Raise vbObjectError + 3106, ""CRebarLayout"", ""Индекс стержня вне допустимого диапазона.""","Pending","",""
"src/Section/CRebarLayout.cls","238","If index < 1 Or index > mAnnotationCount Then Err.Raise vbObjectError + 3107, ""CRebarLayout"", ""Индекс аннотации арматуры вне допустимого диапазона.""","Pending","",""
"src/Section/CRectSetAnnotationBuilder.cls","44","For i = LBound(px) To UBound(px)","Pending","",""
"src/Section/CRectSetAnnotationBuilder.cls","45","If i = UBound(px) Then","Pending","",""
"src/Section/CRectSetAnnotationBuilder.cls","46","nextIndex = LBound(px)","Pending","",""
"src/Section/CRectSetAnnotationBuilder.cls","81","If StrComp(rectSet.SectionType, ""TwoRectangles"", vbTextCompare) = 0 And Abs(rectSet.EffectiveUpperOffsetX) > GEOM_TOLERANCE Then","Pending","",""
"src/Section/CRectSetRebarLayoutBuilder.cls","45","If sectionType <> ""Rectangle"" And sectionType <> ""LSection"" And sectionType <> ""RectSet"" Then _","Pending","",""
"src/Section/CRectSetRebarLayoutBuilder.cls","101","If Len(rawValue) = 0 Or UCase$(rawValue) = ""TODO"" Then","Pending","",""
"src/Section/CRectSetRebarLayoutBuilder.cls","212","For i = LBound(px) To UBound(px)","Pending","",""
"src/Section/CRectSetRebarLayoutBuilder.cls","213","If i = UBound(px) Then","Pending","",""
"src/Section/CRectSetRebarLayoutBuilder.cls","214","nextIndex = LBound(px)","Pending","",""
"src/Section/CRectSetRebarLayoutBuilder.cls","300","If barCount = 0 Or barDiameter = 0# Then Exit Sub","Pending","",""
"src/Section/CRectSetRebarLayoutBuilder.cls","302","If startOffset < 0# Or endOffset < 0# Then Err.Raise vbObjectError + 3174, ""CRectSetRebarLayoutBuilder"", lineLabel & "": отступы t нач. и t кон. должны быть неотрицательными.""","Pending","",""
"src/Section/CRectSetRebarLayoutBuilder.cls","390","If row2Diameter > 0# And ShouldAddAdditionalRow(baseBarOrdinal, row2Binding) Then","Pending","",""
"src/Section/CRectSetRebarLayoutBuilder.cls","398","If row3Diameter > 0# And ShouldAddAdditionalRow(baseBarOrdinal, row3Binding) Then","Pending","",""
"src/Section/CRectSetRebarLayoutBuilder.cls","401","If row2Diameter > 0# And StrComp(row2Location, row3Location, vbTextCompare) = 0 Then skippedDiameter = row2Diameter","Pending","",""
"src/Section/CRectSetRebarLayoutBuilder.cls","457","LineAxisDistance = CDbl(lineSettings(LBound(lineSettings)))","Pending","",""
"src/Section/CRectSetRebarLayoutBuilder.cls","462","LineBarCount = CLng(lineSettings(LBound(lineSettings) + 1))","Pending","",""
"src/Section/CRectSetRebarLayoutBuilder.cls","467","LineBarDiameter = CDbl(lineSettings(LBound(lineSettings) + 2))","Pending","",""
"src/Section/CRectSetRebarLayoutBuilder.cls","472","LineStartOffset = CDbl(lineSettings(LBound(lineSettings) + 3))","Pending","",""
"src/Section/CRectSetRebarLayoutBuilder.cls","477","LineEndOffset = CDbl(lineSettings(LBound(lineSettings) + 4))","Pending","",""
"src/Section/CRectSetRebarLayoutBuilder.cls","482","If UBound(lineSettings) - LBound(lineSettings) < 5 Then Exit Function","Pending","",""
"src/Section/CRectSetRebarLayoutBuilder.cls","483","LineRow2Diameter = CDbl(lineSettings(LBound(lineSettings) + 5))","Pending","",""
"src/Section/CRectSetRebarLayoutBuilder.cls","488","If UBound(lineSettings) - LBound(lineSettings) < 6 Then Exit Function","Pending","",""
"src/Section/CRectSetRebarLayoutBuilder.cls","489","LineRow3Diameter = CDbl(lineSettings(LBound(lineSettings) + 6))","Pending","",""
"src/Section/CRectSetRebarLayoutBuilder.cls","495","If UBound(lineSettings) - LBound(lineSettings) < 7 Then Exit Function","Pending","",""
"src/Section/CRectSetRebarLayoutBuilder.cls","496","If Len(Trim$(CStr(lineSettings(LBound(lineSettings) + 7)))) > 0 Then LineRow2Location = Trim$(CStr(lineSettings(LBound(lineSettings) + 7)))","Pending","",""
"src/Section/CRectSetRebarLayoutBuilder.cls","502","If UBound(lineSettings) - LBound(lineSettings) < 8 Then Exit Function","Pending","",""
"src/Section/CRectSetRebarLayoutBuilder.cls","503","If Len(Trim$(CStr(lineSettings(LBound(lineSettings) + 8)))) > 0 Then LineRow3Location = Trim$(CStr(lineSettings(LBound(lineSettings) + 8)))","Pending","",""
"src/Section/CRectSetRebarLayoutBuilder.cls","509","If UBound(lineSettings) - LBound(lineSettings) < 9 Then Exit Function","Pending","",""
"src/Section/CRectSetRebarLayoutBuilder.cls","510","If Len(Trim$(CStr(lineSettings(LBound(lineSettings) + 9)))) > 0 Then LineRow2Binding = Trim$(CStr(lineSettings(LBound(lineSettings) + 9)))","Pending","",""
"src/Section/CRectSetRebarLayoutBuilder.cls","516","If UBound(lineSettings) - LBound(lineSettings) < 10 Then Exit Function","Pending","",""
"src/Section/CRectSetRebarLayoutBuilder.cls","517","If Len(Trim$(CStr(lineSettings(LBound(lineSettings) + 10)))) > 0 Then LineRow3Binding = Trim$(CStr(lineSettings(LBound(lineSettings) + 10)))","Pending","",""
"src/Section/CRectSetRebarLayoutBuilder.cls","567","If row2Diameter < 0# Or row3Diameter < 0# Then Err.Raise vbObjectError + 3180, ""CRectSetRebarLayoutBuilder"", faceName & "": диаметры дополнительных рядов d_2row и d_3row должны быть неотрицательными.""","Pending","",""
"src/Section/CRectSetRebarLayoutBuilder.cls","568","If row2Diameter > 0# And Not IsSupportedRowLocation(row2Location) Then Err.Raise vbObjectError + 3182, ""CRectSetRebarLayoutBuilder"", faceName & "": loc_2row должен быть SideBySide или Stacked.""","Pending","",""
"src/Section/CRectSetRebarLayoutBuilder.cls","569","If row3Diameter > 0# And Not IsSupportedRowLocation(row3Location) Then Err.Raise vbObjectError + 3183, ""CRectSetRebarLayoutBuilder"", faceName & "": loc_3row должен быть SideBySide или Stacked.""","Pending","",""
"src/Section/CRectSetRebarLayoutBuilder.cls","570","If row2Diameter > 0# And Not IsSupportedRowBinding(row2Binding) Then Err.Raise vbObjectError + 3184, ""CRectSetRebarLayoutBuilder"", faceName & "": bind_2row должен быть EachBar или EverySecondBar.""","Pending","",""
"src/Section/CRectSetRebarLayoutBuilder.cls","571","If row3Diameter > 0# And Not IsSupportedRowBinding(row3Binding) Then Err.Raise vbObjectError + 3185, ""CRectSetRebarLayoutBuilder"", faceName & "": bind_3row должен быть EachBar или EverySecondBar.""","Pending","",""
"src/Section/CRectSetRebarLayoutBuilder.cls","576","IsSupportedRowLocation = (StrComp(value, ""SideBySide"", vbTextCompare) = 0 Or StrComp(value, ""Stacked"", vbTextCompare) = 0)","Pending","",""
"src/Section/CRectSetRebarLayoutBuilder.cls","581","IsSupportedRowBinding = (StrComp(value, ""EachBar"", vbTextCompare) = 0 Or StrComp(value, ""EverySecondBar"", vbTextCompare) = 0)","Pending","",""
"src/Section/CRectSetRebarLayoutBuilder.cls","602","FaceAs1 = CDbl(faceSettings(LBound(faceSettings)))","Pending","",""
"src/Section/CRectSetRebarLayoutBuilder.cls","607","FaceAs2 = CDbl(faceSettings(LBound(faceSettings) + 1))","Pending","",""
"src/Section/CRectSetRebarLayoutBuilder.cls","612","FaceDiameter1 = CDbl(faceSettings(LBound(faceSettings) + 2))","Pending","",""
"src/Section/CRectSetRebarLayoutBuilder.cls","617","FaceDiameter2 = CDbl(faceSettings(LBound(faceSettings) + 3))","Pending","",""
"src/Section/CRectSetRebarLayoutBuilder.cls","622","FaceCount1 = CLng(faceSettings(LBound(faceSettings) + 4))","Pending","",""
"src/Section/CRectSetRebarLayoutBuilder.cls","627","FaceCount2 = CLng(faceSettings(LBound(faceSettings) + 5))","Pending","",""
"src/Section/CRectSetRebarLayoutBuilder.cls","632","FaceStartOffset1 = CDbl(faceSettings(LBound(faceSettings) + 6))","Pending","",""
"src/Section/CRectSetRebarLayoutBuilder.cls","637","FaceEndOffset1 = CDbl(faceSettings(LBound(faceSettings) + 7))","Pending","",""
"src/Section/CRectSetRebarLayoutBuilder.cls","642","FaceStartOffset2 = CDbl(faceSettings(LBound(faceSettings) + 8))","Pending","",""
"src/Section/CRectSetRebarLayoutBuilder.cls","647","FaceEndOffset2 = CDbl(faceSettings(LBound(faceSettings) + 9))","Pending","",""
"src/Section/CRectSetRebarLayoutBuilder.cls","652","If UBound(faceSettings) - LBound(faceSettings) < 10 Then Exit Function","Pending","",""
"src/Section/CRectSetRebarLayoutBuilder.cls","653","FaceRow2Diameter1 = CDbl(faceSettings(LBound(faceSettings) + 10))","Pending","",""
"src/Section/CRectSetRebarLayoutBuilder.cls","658","If UBound(faceSettings) - LBound(faceSettings) < 11 Then Exit Function","Pending","",""
"src/Section/CRectSetRebarLayoutBuilder.cls","659","FaceRow2Diameter2 = CDbl(faceSettings(LBound(faceSettings) + 11))","Pending","",""
"src/Section/CRectSetRebarLayoutBuilder.cls","664","If UBound(faceSettings) - LBound(faceSettings) < 12 Then Exit Function","Pending","",""
"src/Section/CRectSetRebarLayoutBuilder.cls","665","FaceRow3Diameter1 = CDbl(faceSettings(LBound(faceSettings) + 12))","Pending","",""
"src/Section/CRectSetRebarLayoutBuilder.cls","670","If UBound(faceSettings) - LBound(faceSettings) < 13 Then Exit Function","Pending","",""
"src/Section/CRectSetRebarLayoutBuilder.cls","671","FaceRow3Diameter2 = CDbl(faceSettings(LBound(faceSettings) + 13))","Pending","",""
"src/Section/CRectSetRebarLayoutBuilder.cls","677","If UBound(faceSettings) - LBound(faceSettings) < 14 Then Exit Function","Pending","",""
"src/Section/CRectSetRebarLayoutBuilder.cls","678","If Len(Trim$(CStr(faceSettings(LBound(faceSettings) + 14)))) > 0 Then FaceRow2Location = Trim$(CStr(faceSettings(LBound(faceSettings) + 14)))","Pending","",""
"src/Section/CRectSetRebarLayoutBuilder.cls","684","If UBound(faceSettings) - LBound(faceSettings) < 15 Then Exit Function","Pending","",""
"src/Section/CRectSetRebarLayoutBuilder.cls","685","If Len(Trim$(CStr(faceSettings(LBound(faceSettings) + 15)))) > 0 Then FaceRow3Location = Trim$(CStr(faceSettings(LBound(faceSettings) + 15)))","Pending","",""
"src/Section/CRectSetRebarLayoutBuilder.cls","691","If UBound(faceSettings) - LBound(faceSettings) < 16 Then Exit Function","Pending","",""
"src/Section/CRectSetRebarLayoutBuilder.cls","692","If Len(Trim$(CStr(faceSettings(LBound(faceSettings) + 16)))) > 0 Then FaceRow2Binding = Trim$(CStr(faceSettings(LBound(faceSettings) + 16)))","Pending","",""
"src/Section/CRectSetRebarLayoutBuilder.cls","698","If UBound(faceSettings) - LBound(faceSettings) < 17 Then Exit Function","Pending","",""
"src/Section/CRectSetRebarLayoutBuilder.cls","699","If Len(Trim$(CStr(faceSettings(LBound(faceSettings) + 17)))) > 0 Then FaceRow3Binding = Trim$(CStr(faceSettings(LBound(faceSettings) + 17)))","Pending","",""
"src/Section/CRectSetRebarLayoutBuilder.cls","709","For i = LBound(distances) To UBound(distances)","Pending","",""
"src/Section/CRectSetRebarLayoutBuilder.cls","725","If Abs(layout.X(i) - xCoord) <= GEOM_TOLERANCE And Abs(layout.Y(i) - yCoord) <= GEOM_TOLERANCE Then","Pending","",""
"src/Section/CRoundedRectAnnotationBuilder.cls","53","For i = LBound(px) To UBound(px)","Pending","",""
"src/Section/CRoundedRectAnnotationBuilder.cls","54","If i = UBound(px) Then","Pending","",""
"src/Section/CRoundedRectAnnotationBuilder.cls","55","nextIndex = LBound(px)","Pending","",""
"src/Section/CRoundedRectAnnotationBuilder.cls","110","If StrComp(rounded.LeftType, ""Tapered"", vbTextCompare) = 0 And actualLeftW > GEOM_TOLERANCE Then","Pending","",""
"src/Section/CRoundedRectAnnotationBuilder.cls","117","If StrComp(rounded.RightType, ""Tapered"", vbTextCompare) = 0 And actualRightW > GEOM_TOLERANCE Then","Pending","",""
"src/Section/CRoundedRectRebarLayoutBuilder.cls","125","If Len(rawValue) = 0 Or UCase$(rawValue) = ""TODO"" Then","Pending","",""
"src/Section/CRoundedRectRebarLayoutBuilder.cls","148","If barCount = 0 Or diameter = 0# Then Exit Sub","Pending","",""
"src/Section/CRoundedRectRebarLayoutBuilder.cls","206","If barCount = 0 Or diameter = 0# Then Exit Sub","Pending","",""
"src/Section/CRoundedRectRebarLayoutBuilder.cls","286","If row2Diameter > 0# And ShouldAddAdditionalRow(baseBarOrdinal, FaceRow2Binding(settings)) Then","Pending","",""
"src/Section/CRoundedRectRebarLayoutBuilder.cls","293","If row3Diameter > 0# And ShouldAddAdditionalRow(baseBarOrdinal, FaceRow3Binding(settings)) Then","Pending","",""
"src/Section/CRoundedRectRebarLayoutBuilder.cls","296","If row2Diameter > 0# And StrComp(FaceRow2Location(settings), FaceRow3Location(settings), vbTextCompare) = 0 Then skippedDiameter = row2Diameter","Pending","",""
"src/Section/CRoundedRectRebarLayoutBuilder.cls","359","If barCount = 0 Or diameter = 0# Then Exit Sub","Pending","",""
"src/Section/CRoundedRectRebarLayoutBuilder.cls","361","If row2Diameter < 0# Or row3Diameter < 0# Then Err.Raise vbObjectError + 3233, ""CRoundedRectRebarLayoutBuilder"", RoundedFaceDisplayName(faceName) & "": диаметры дополнительных рядов d2 и d3 должны быть неотрицательными.""","Pending","",""
"src/Section/CRoundedRectRebarLayoutBuilder.cls","362","If row2Diameter > 0# And Not IsSupportedRowLocation(row2Location) Then Err.Raise vbObjectError + 3234, ""CRoundedRectRebarLayoutBuilder"", RoundedFaceDisplayName(faceName) & "": положение второго ряда должно быть SideBySide или Stacked.""","Pending","",""
"src/Section/CRoundedRectRebarLayoutBuilder.cls","363","If row3Diameter > 0# And Not IsSupportedRowLocation(row3Location) Then Err.Raise vbObjectError + 3235, ""CRoundedRectRebarLayoutBuilder"", RoundedFaceDisplayName(faceName) & "": положение третьего ряда должно быть SideBySide или Stacked.""","Pending","",""
"src/Section/CRoundedRectRebarLayoutBuilder.cls","364","If row2Diameter > 0# And Not IsSupportedRowBinding(row2Binding) Then Err.Raise vbObjectError + 3236, ""CRoundedRectRebarLayoutBuilder"", RoundedFaceDisplayName(faceName) & "": привязка второго ряда должна быть EachBar или EverySecondBar.""","Pending","",""
"src/Section/CRoundedRectRebarLayoutBuilder.cls","365","If row3Diameter > 0# And Not IsSupportedRowBinding(row3Binding) Then Err.Raise vbObjectError + 3237, ""CRoundedRectRebarLayoutBuilder"", RoundedFaceDisplayName(faceName) & "": привязка третьего ряда должна быть EachBar или EverySecondBar.""","Pending","",""
"src/Section/CRoundedRectRebarLayoutBuilder.cls","370","IsSupportedRowLocation = (StrComp(value, ""SideBySide"", vbTextCompare) = 0 Or StrComp(value, ""Stacked"", vbTextCompare) = 0)","Pending","",""
"src/Section/CRoundedRectRebarLayoutBuilder.cls","375","IsSupportedRowBinding = (StrComp(value, ""EachBar"", vbTextCompare) = 0 Or StrComp(value, ""EverySecondBar"", vbTextCompare) = 0)","Pending","",""
"src/Section/CRoundedRectRebarLayoutBuilder.cls","383","For i = LBound(px) To UBound(px) - 1","Pending","",""
"src/Section/CRoundedRectRebarLayoutBuilder.cls","395","For i = LBound(px) To UBound(px) - 1","Pending","",""
"src/Section/CRoundedRectRebarLayoutBuilder.cls","413","xCoord = px(UBound(px))","Pending","",""
"src/Section/CRoundedRectRebarLayoutBuilder.cls","414","yCoord = py(UBound(py))","Pending","",""
"src/Section/CRoundedRectRebarLayoutBuilder.cls","434","If Abs(layout.X(i) - xCoord) <= GEOM_TOLERANCE And Abs(layout.Y(i) - yCoord) <= GEOM_TOLERANCE Then","Pending","",""
"src/Section/CRoundedRectRebarLayoutBuilder.cls","443","FaceAs = CDbl(settings(LBound(settings)))","Pending","",""
"src/Section/CRoundedRectRebarLayoutBuilder.cls","448","FaceDiameter = CDbl(settings(LBound(settings) + 1))","Pending","",""
"src/Section/CRoundedRectRebarLayoutBuilder.cls","453","FaceCount = CLng(settings(LBound(settings) + 2))","Pending","",""
"src/Section/CRoundedRectRebarLayoutBuilder.cls","458","FaceRow2Diameter = CDbl(settings(LBound(settings) + 3))","Pending","",""
"src/Section/CRoundedRectRebarLayoutBuilder.cls","463","FaceRow3Diameter = CDbl(settings(LBound(settings) + 4))","Pending","",""
"src/Section/CRoundedRectRebarLayoutBuilder.cls","468","FaceRow2Location = CStr(settings(LBound(settings) + 5))","Pending","",""
"src/Section/CRoundedRectRebarLayoutBuilder.cls","473","FaceRow3Location = CStr(settings(LBound(settings) + 6))","Pending","",""
"src/Section/CRoundedRectRebarLayoutBuilder.cls","478","FaceRow2Binding = CStr(settings(LBound(settings) + 7))","Pending","",""
"src/Section/CRoundedRectRebarLayoutBuilder.cls","483","FaceRow3Binding = CStr(settings(LBound(settings) + 8))","Pending","",""
"src/Section/CSectionAnnotations.cls","191","If index < 1 Or index > mCount Then Err.Raise vbObjectError + 5282, ""CSectionAnnotations"", ""Индекс аннотации вне допустимого диапазона.""","Pending","",""
"src/Section/CSectionModel.cls","197","If IsConcreteEquivalentAreaFallback(i) And Abs(mConcreteRotation(i)) <= GEOM_TOLERANCE Then","Pending","",""
"src/Section/CSectionModel.cls","231","If count > 0 And (Abs(sumCos) > GEOM_TOLERANCE Or Abs(sumSin) > GEOM_TOLERANCE) Then","Pending","",""
"src/Section/CSectionModel.cls","242","If widthValue <= GEOM_TOLERANCE Or heightValue <= GEOM_TOLERANCE Then Exit Function","Pending","",""
"src/Section/CSectionModel.cls","267","ConcreteBoundaryRectangle = (widthValue > GEOM_TOLERANCE And heightValue > GEOM_TOLERANCE)","Pending","",""
"src/Section/CSectionModel.cls","392","If index < 1 Or index > mConcreteCount Then Exit Sub","Pending","",""
"src/Section/CSectionModel.cls","422","If i1 <= GEOM_TOLERANCE Or i2 <= GEOM_TOLERANCE Then Exit Function","Pending","",""
"src/Section/CSectionModel.cls","429","If rectangleWidth > GEOM_TOLERANCE And rectangleHeight > GEOM_TOLERANCE Then","Pending","",""
"src/Section/CSectionModel.cls","445","TryInterpretAnisotropicBoundary = (widthValue > GEOM_TOLERANCE And heightValue > GEOM_TOLERANCE)","Pending","",""
"src/Section/CSectionModel.cls","472","StrComp(Trim$(mConcreteShapeType(index)), ""Rectangle"", vbTextCompare) = 0 And _","Pending","",""
"src/Section/CSectionModel.cls","473","mConcreteWidth(index) > GEOM_TOLERANCE And _","Pending","",""
"src/Section/CSectionModel.cls","474","mConcreteHeight(index) > GEOM_TOLERANCE And _","Pending","",""
"src/Section/CSectionModel.cls","475","mConcreteArea(index) > GEOM_TOLERANCE And _","Pending","",""
"src/Section/CSectionModel.cls","526","If localIx <= GEOM_TOLERANCE Or localIy <= GEOM_TOLERANCE Then Exit Function","Pending","",""
"src/Section/CSectionModel.cls","539","Abs(localIx - localIy) / scaleValue <= LOCAL_INERTIA_SQUARE_REL_TOLERANCE And _","Pending","",""
"src/Section/CSectionModel.cls","794","If index < 1 Or index > mConcreteCount Then Err.Raise vbObjectError + 5220, ""CSectionModel"", ""Индекс бетонного элемента вне допустимого диапазона.""","Pending","",""
"src/Section/CSectionModel.cls","799","If index < 1 Or index > mRebarCount Then Err.Raise vbObjectError + 5221, ""CSectionModel"", ""Индекс арматурного элемента вне допустимого диапазона.""","Pending","",""
"src/Section/CSectionPropertiesCalculator.cls","199","If includeRebar And section.RebarCount > 0 Then","Pending","",""
"src/Section/CSectionPropertiesCalculator.cls","265","If intervalStart(i) <= PROJECTION_INTERVAL_TOLERANCE And _","Pending","",""
"src/Section/CSectionPropertiesCalculator.cls","267","If Not hasSeed Or intervalEnd(i) > currentEnd Then currentEnd = intervalEnd(i)","Pending","",""
"src/Section/CSectionPropertiesCalculator.cls","284","If intervalStart(i) <= currentEnd + PROJECTION_INTERVAL_TOLERANCE And _","Pending","",""
"src/Section/CSectionPropertiesCalculator.cls","511","If Abs(axisX) <= 0# And Abs(axisY) <= 0# Then Err.Raise vbObjectError + 2225, _","Pending","",""
"src/Section/CSectionPropertiesCalculator.cls","522","If includeRebar And section.RebarCount > 0 Then","Pending","",""
"src/Section/CSectionPropertiesCalculator.cls","670","If Abs(mIxyc) / inertiaRef <= PRINCIPAL_AXIS_ISOTROPIC_RELATIVE_TOLERANCE And _","Pending","",""
"src/Solver/CCapacityCalculator.cls","263","momentFilter, concreteDepthForMx) And _","Pending","",""
"src/Solver/CCapacityCalculator.cls","291","cap.ConcreteTensionLimitEnabled = (concreteMaterial.HasPhysicalTensionLimit And _","Pending","",""
"src/Solver/CCapacityLimitSearchProblem.cls","132","If request.PureAxialForMethod And lambdaValue > 0# Then","Pending","",""
"src/Solver/CCapacityLimitSearchProblem.cls","271","If Not request.ForceOnly And Not request.PureAxialForMethod Then","Pending","",""
"src/Solver/CCapacityLimitSearchProblem.cls","274","If request.SelectedLoadPath.ScalesMx Or request.SelectedLoadPath.ScalesMy Then Exit Sub","Pending","",""
"src/Solver/CCapacityLimitSearchProblem.cls","311","ElseIf mCapacity.LimitSearchInitialLambdaRejected And _","Pending","",""
"src/Solver/CCapacityLimitSearchProblem.cls","334","hasPoint = mCapacity.Converged And mCapacity.LambdaUltimate > 0#","Pending","",""
"src/Solver/CCapacityLimitSearchProblem.cls","344","If hasPoint And Not materialSpec Is Nothing Then","Pending","",""
"src/Solver/CCapacityLimitSearchProblem.cls","471","ILimitSearchProblem_StoppedTerminally = mCapacity.Converged Or mCapacity.LimitSearchHasTerminalFailure","Pending","",""
"src/Solver/CCapacityResult.cls","82","If searchResult.Succeeded And searchResult.Converged Then","Pending","",""
"src/Solver/CCapacityResult.cls","83","If searchResult.LambdaUltimate > 0# And searchResult.LambdaUltimate < 1# Then","Pending","",""
"src/Solver/CCapacityResult.cls","296","ElseIf StrComp(solutionStrategy, ""UltimateStrain"", vbTextCompare) = 0 And _","Pending","",""
"src/Solver/CCapacitySolver.cls","207","If allowPureAxialRedirect And IsPureAxialLoadPath(nOffset, nBase, mxOffset, mxBase, myOffset, myBase) Then","Pending","",""
"src/Solver/CCapacitySolver.cls","262","If mConverged Or LimitSearchHasTerminalFailure Then Exit Sub","Pending","",""
"src/Solver/CCapacitySolver.cls","275","mSearchExecuted = mSearchExecuted Or firstSearchExecuted","Pending","",""
"src/Solver/CCapacitySolver.cls","297","IsPureAxialLoadPath = Abs(nBase) > 0.000000001 And _","Pending","",""
"src/Solver/CCapacitySolver.cls","298","Abs(nOffset) <= 0.000000001 And _","Pending","",""
"src/Solver/CCapacitySolver.cls","299","Abs(mxOffset) <= 0.000000001 And Abs(mxBase) <= 0.000000001 And _","Pending","",""
"src/Solver/CCapacitySolver.cls","300","Abs(myOffset) <= 0.000000001 And Abs(myBase) <= 0.000000001","Pending","",""
"src/Solver/CCapacitySolver.cls","308","IsMomentOnlyLoadPath = Abs(nBase) <= 0.000000001 And _","Pending","",""
"src/Solver/CCapacitySolver.cls","342","If boundaryLambda <= 0# Or boundaryLambda > mMaxLambda Then Exit Sub","Pending","",""
"src/Solver/CCapacitySolver.cls","364","If section.RebarCount > 0 And Abs(edgeStrain - anchorStrain) > 0.000000000001 Then","Pending","",""
"src/Solver/CCapacitySolver.cls","516","If maxAbsY > 0# And baseNorm > 0# Then kx = Sgn(mxBase) * strainLimit / maxAbsY * Abs(mxBase) / baseNorm","Pending","",""
"src/Solver/CCapacitySolver.cls","517","If maxAbsX > 0# And baseNorm > 0# Then ky = Sgn(myBase) * strainLimit / maxAbsX * Abs(myBase) / baseNorm","Pending","",""
"src/Solver/CCapacitySolver.cls","518","If Abs(kx) <= 0.000000000001 And Abs(ky) <= 0.000000000001 Then kx = strainLimit / MaxDouble(maxAbsY, 1#)","Pending","",""
"src/Solver/CCapacitySolver.cls","916","LimitSearchUltimateResidualReached = (Abs(rPath1) <= 1# And _","Pending","",""
"src/Solver/CCapacitySolver.cls","917","Abs(rPath2) <= MOMENT_DIRECTION_TOLERANCE And _","Pending","",""
"src/Solver/CCapacitySolver.cls","920","LimitSearchUltimateResidualReached = (Abs(rPath1) <= 1# And _","Pending","",""
"src/Solver/CCapacitySolver.cls","921","Abs(rPath2) <= 1# And Abs(rLimit) <= UltimateStrainRatioTolerance())","Pending","",""
"src/Solver/CCapacitySolver.cls","1191","ElseIf Abs(nBase) <= 0.000000001 And Abs(mxBase) <= 0.000000001 And Abs(myBase) <= 0.000000001 Then","Pending","",""
"src/Solver/CCapacitySolver.cls","1228","ElseIf StrComp(Trim$(mSolverMethod), ""Newton"", vbTextCompare) <> 0 And _","Pending","",""
"src/Solver/CCapacitySolver.cls","1426","IsPureBendingProbe = (Abs(nSpecified) <= 0.000000001 And _","Pending","",""
"src/Solver/CCapacitySolver.cls","1434","IsZeroLoadProbe = (Abs(nSpecified) <= 0.000000001 And _","Pending","",""
"src/Solver/CCapacitySolver.cls","1435","Abs(mx) <= 0.000000001 And Abs(my) <= 0.000000001)","Pending","",""
"src/Solver/CCapacitySolver.cls","1526","If mProbeCacheNextSlot < 1 Or mProbeCacheNextSlot > PROBE_CACHE_SIZE Then mProbeCacheNextSlot = 1","Pending","",""
"src/Solver/CCapacitySolver.cls","1575","If strain < 0# And mConcreteCompressionLimit < 0# Then","Pending","",""
"src/Solver/CCapacitySolver.cls","1578","ElseIf strain > 0# And mConcreteTensionLimitEnabled And mConcreteTensionLimit > 0# Then","Pending","",""
"src/Solver/CCapacitySolver.cls","1678","IsPhysicalLimit = (state = STATE_CONCRETE_LIMIT Or state = STATE_CONCRETE_TENSION_LIMIT Or _","Pending","",""
"src/Solver/CCapacitySolver.cls","1685","IsNumericalFailure = (state = STATE_NUMERICAL_FAILURE Or state = STATE_SINGULAR_TANGENT)","Pending","",""
"src/Solver/CCapacitySolver.cls","1808","LimitSearchHasTerminalFailure = (mFailureCode = sfcInvalidInput Or _","Pending","",""
"src/Solver/CCapacitySolver.cls","1809","mFailureCode = sfcInvalidConfiguration Or mFailureCode = sfcInternalError)","Pending","",""
"src/Solver/CCapacitySolver.cls","1843","mSearchExecuted = mSearchExecuted Or firstSearchExecuted","Pending","",""
"src/Solver/CCapacitySolver.cls","1853","If mConverged And Len(Trim$(successMessage)) > 0 Then _","Pending","",""
"src/Solver/CLimitSearchCoordinator.cls","87","If loadState.LoadPointMx <> 0# And loadState.LoadPointMy <> 0# Then","Pending","",""
"src/Solver/CLimitSearchCoordinator.cls","114","For i = LBound(paths) To UBound(paths)","Pending","",""
"src/Solver/CLimitSearchCoordinator.cls","123","request.Problem.AppendDiagnostic ""LoadPath: попытка "" & CStr(i - LBound(paths) + 1) & _","Pending","",""
"src/Solver/CLimitSearchCoordinator.cls","124",""" из "" & CStr(UBound(paths) - LBound(paths) + 1) & "" - "" & request.SelectedLoadPath.DisplayName & "".""","Pending","",""
"src/Solver/CLimitSearchCoordinator.cls","134","If result.Succeeded And result.HasLimitPoint Then Exit For","Pending","",""
"src/Solver/CLimitSearchCoordinator.cls","135","If meta.InternalStatus = rsInvalidInput Or meta.InternalStatus = rsInvalidConfiguration Or _","Pending","",""
"src/Solver/CLimitSearchCoordinator.cls","137","If i < UBound(paths) Then","Pending","",""
"src/Solver/CLimitSearchCoordinator.cls","273","If Not secondResult.Succeeded And Len(request.Problem.StopReason) = 0 Then _","Pending","",""
"src/Solver/CLimitSearchRequest.cls","287","mPureAxialForMethod = mForceOnly And mPureAxialLoad","Pending","",""
"src/Solver/CLimitSearchResult.cls","155","Succeeded = (mMeta.InternalStatus = rsSuccess Or mMeta.InternalStatus = rsSuccessWithWarning)","Pending","",""
"src/Solver/CLoadMultiplierSearch.cls","99","If Not IsFiniteNumber(request.Problem.InitialLambdaStep) Or _","Pending","",""
"src/Solver/CLoadMultiplierSearch.cls","100","Not IsFiniteNumber(request.Problem.MaxLambda) Or _","Pending","",""
"src/Solver/CLoadMultiplierSearch.cls","103","ElseIf request.Problem.InitialLambdaStep <= 0# Or request.Problem.MaxLambda <= 0# Or _","Pending","",""
"src/Solver/CLoadMultiplierSearch.cls","124","If Not evaluated Or request.Problem.IsNumericalFailureState(probeState) Then","Pending","",""
"src/Solver/CLoadMultiplierSearch.cls","127","If Not IsFiniteNumber(reducedLambda) Or reducedLambda <= lowLambda Or reducedLambda >= highLambda Then","Pending","",""
"src/Solver/CLoadMultiplierSearch.cls","214","If maxIterations > 0 And iterations >= maxIterations Then Exit Do","Pending","",""
"src/Solver/CLoadMultiplierSearch.cls","223","If midLambda <= lowLambda Or midLambda >= highLambda Then","Pending","",""
"src/Solver/CLoadMultiplierSearch.cls","276","If fb = 0# And IsLimitState(request, stateB) Then","Pending","",""
"src/Solver/CLoadMultiplierSearch.cls","280","If fa >= 0# Or fb <= 0# Then","Pending","",""
"src/Solver/CLoadMultiplierSearch.cls","313","If fb = 0# And IsLimitState(request, stateB) Then","Pending","",""
"src/Solver/CLoadMultiplierSearch.cls","331","If Abs(e) >= tol And Abs(fa) > Abs(fb) Then","Pending","",""
"src/Solver/CLoadMultiplierSearch.cls","370","If fa = 0# Or fc = 0# Then Exit Function","Pending","",""
"src/Solver/CLoadMultiplierSearch.cls","402","If candidate > MinDouble(current, opposite) And candidate < MaxDouble(current, opposite) Then","Pending","",""
"src/Solver/CLoadMultiplierSearch.cls","409","TryBrentCandidate = candidate > MinDouble(current, opposite) And candidate < MaxDouble(current, opposite)","Pending","",""
"src/Solver/CLoadMultiplierSearch.cls","433","If Abs(f1) <= tolerance And CanFinalizeSecantProbe(request, state1, solver1) Then","Pending","",""
"src/Solver/CLoadMultiplierSearch.cls","437","If f0 >= 0# Or f1 <= 0# Then","Pending","",""
"src/Solver/CLoadMultiplierSearch.cls","448","If Abs(f1) <= tolerance And CanFinalizeSecantProbe(request, state1, solver1) Then","Pending","",""
"src/Solver/CLoadMultiplierSearch.cls","460","If x2 <= bracketLow Or x2 >= bracketHigh Or Not IsFiniteNumber(x2) Then","Pending","",""
"src/Solver/CLoadMultiplierSearch.cls","469","If Abs(f2) <= tolerance And CanFinalizeSecantProbe(request, state2, solver2) Then","Pending","",""
"src/Solver/CLoadMultiplierSearch.cls","641","If rawCandidate > bracketLow And rawCandidate < bracketHigh Then Exit Function","Pending","",""
"src/Solver/CLoadMultiplierSearch.cls","644","If currentLambda > bracketLow And currentLambda < bracketHigh Then","Pending","",""
"src/Solver/CLoadMultiplierSearch.cls","650","If currentLambda > bracketLow And currentLambda < bracketHigh Then","Pending","",""
"src/Solver/CLoadMultiplierSearch.cls","698","If value <> 0# And (Abs(value) < 0.000000001 Or Abs(value) > 1000000000000#) Then","Pending","",""
"src/Solver/CSectionSolver.cls","414","If Not IsFiniteNumber(mLastStepNorm) Or mLastStepNorm <= mSecantMinStepNorm Then","Pending","",""
"src/Solver/CSectionSolver.cls","562","SolveSecantCorrection = IsFiniteNumber(deltaEps) And IsFiniteNumber(deltaKx) And IsFiniteNumber(deltaKy)","Pending","",""
"src/Solver/CSectionSolver.cls","672","If Abs(b(i, j)) > 0# And Abs(b(i, j)) < minAbs Then minAbs = Abs(b(i, j))","Pending","",""
"src/Solver/CSectionSolver.cls","675","If maxAbs <= 0# Or minAbs >= 1E+99 Then","Pending","",""
"src/Solver/CSectionSolver.cls","705","If trialEps = mEpsilon0 And trialKx = mKappaX And trialKy = mKappaY Then","Pending","",""
"src/Solver/CSectionSolver.cls","717","If (Not mLineSearchEnabled) Or trialNorm <= baseNorm Or baseNorm <= 0.000000000001 Then","Pending","",""
"src/Solver/CSectionSolver.cls","728","If nextAlpha <= 0# Or nextAlpha >= alpha Then","Pending","",""
"src/Solver/CSectionSolver.cls","744","If mMaxDeltaEpsilon0 > 0# And Abs(deltaEps) > mMaxDeltaEpsilon0 Then","Pending","",""
"src/Solver/CSectionSolver.cls","747","If mMaxDeltaKappa > 0# And Abs(deltaKx) > mMaxDeltaKappa Then","Pending","",""
"src/Solver/CSectionSolver.cls","750","If mMaxDeltaKappa > 0# And Abs(deltaKy) > mMaxDeltaKappa Then","Pending","",""
"src/Solver/CSectionSolver.cls","838","If stress < 0# And Abs(stress) > mMaxConcreteCompressionStress Then","Pending","",""
"src/Solver/CSectionSolver.cls","941","IsConverged = Abs(mResidualN) <= mToleranceN And _","Pending","",""
"src/Solver/CSectionSolver.cls","942","Abs(mResidualMx) <= mToleranceMx And _","Pending","",""
"src/Solver/CSectionSolver.cls","1014","ElseIf mToleranceN <= 0# Or mToleranceMx <= 0# Or mToleranceMy <= 0# Then","Pending","",""
"src/Solver/CSectionSolver.cls","1016","ElseIf Not IsFiniteNumber(mDampingInitial) Or mDampingInitial <= 0# Or mDampingInitial > 1# Then","Pending","",""
"src/Solver/CSectionSolver.cls","1018","ElseIf Not IsFiniteNumber(mMinLineSearchAlpha) Or mMinLineSearchAlpha <= 0# Or _","Pending","",""
"src/Solver/CSectionSolver.cls","1021","ElseIf Not IsFiniteNumber(mMaxDeltaEpsilon0) Or Not IsFiniteNumber(mMaxDeltaKappa) Or _","Pending","",""
"src/Solver/CSectionSolver.cls","1022","mMaxDeltaEpsilon0 < 0# Or mMaxDeltaKappa < 0# Then","Pending","",""
"src/Solver/CSectionSolver.cls","1132","IsFiniteNumber = (value = value And Abs(value) < 1E+100)","Pending","",""
"src/Solver/CStateGuessBuilder.cls","176","If targetN <= 0# Or section.ConcreteCount <= 0 Then Exit Function","Pending","",""
"src/Solver/CStateGuessBuilder.cls","291","If requireStable And Not stable Then Exit Function","Pending","",""
"src/Solver/CStateGuessBuilder.cls","451","If targetN > 0# And steelMaterial.HasTensionExtension And _","Pending","",""
"src/Solver/CStateGuessBuilder.cls","454","ElseIf targetN < 0# And concreteMaterial.HasCompressionExtension And _","Pending","",""
"src/Solver/CStateGuessBuilder.cls","457","ElseIf targetN < 0# And steelMaterial.HasCompressionExtension And _","Pending","",""
"src/Solver/CStateGuessBuilder.cls","487","If targetN > 0# And steelMaterial.HasTensionExtension Then","Pending","",""
"src/Solver/CStateGuessBuilder.cls","490","ElseIf targetN < 0# And concreteMaterial.HasCompressionExtension Then","Pending","",""
"src/Solver/CStateGuessBuilder.cls","568","If stress >= stress1 And stress <= stress2 Then","Pending","",""
"src/Solver/CStateGuessBuilder.cls","799","If steelMaterial.HasTensionExtension And _","Pending","",""
"src/Solver/CStateGuessBuilder.cls","804","If steelMaterial.HasCompressionExtension And _","Pending","",""
"src/Solver/CStateGuessBuilder.cls","809","If concreteMaterial.HasCompressionExtension And _","Pending","",""
"src/Solver/CStateGuessBuilder.cls","818","If physicalLimit <= 0# Or currentStrain <= STATE_NEAR_ZERO Then Exit Function","Pending","",""
"src/Solver/CStateGuessBuilder.cls","826","If physicalLimit >= 0# Or currentStrain >= -STATE_NEAR_ZERO Then Exit Function","Pending","",""
"src/Solver/CStateGuessBuilder.cls","842","ExtensionPlaneClose = Abs(newEps0 - oldEps0) <= ACTIVE_SET_EPSILON_TOLERANCE And _","Pending","",""
"src/Solver/CStateGuessBuilder.cls","843","Abs(newKx - oldKx) <= ACTIVE_SET_KAPPA_TOLERANCE And _","Pending","",""
"src/Solver/CStateSolutionRunner.cls","154","If CanRetrySolver(service) And allowExtensionWarmStart Then","Pending","",""
"src/Solver/CStateSolutionRunner.cls","208","If CanRetrySolver(service) And allowExtensionWarmStart Then","Pending","",""
"src/Solver/CStateSolutionRunner.cls","271","If CanRetrySolver(service) And allowExtensionWarmStart Then","Pending","",""
"src/Solver/CStateSolutionRunner.cls","504","(mLineSearchEnabled And Not disableLineSearch), mDampingInitial, mMinLineSearchAlpha, _","Pending","",""
"src/Solver/CStateSolutionRunner.cls","547","If Not RetryResidualIsComparable(candidate.ResidualN) Or Not RetryResidualIsComparable(candidate.ResidualMx) Or _","Pending","",""
"src/Solver/CStateSolutionRunner.cls","549","If Not RetryResidualIsComparable(previous.ResidualN) Or Not RetryResidualIsComparable(previous.ResidualMx) Or _","Pending","",""
"src/Solver/CStateSolutionRunner.cls","554","FailedRetryImprovesAllResiduals = Abs(candidate.ResidualN) < Abs(previous.ResidualN) Or _","Pending","",""
"src/Solver/CStateSolutionRunner.cls","555","Abs(candidate.ResidualMx) < Abs(previous.ResidualMx) Or Abs(candidate.ResidualMy) < Abs(previous.ResidualMy)","Pending","",""
"src/Solver/CStateSolutionRunner.cls","561","RetryResidualIsComparable = (value = value And Abs(value) < 1E+100)","Pending","",""
"src/Solver/CStateSolutionRunner.cls","569","If Not section Is mRetryContextSection Or Not concreteMaterial Is mRetryContextConcrete Or _","Pending","",""
"src/Solver/CStateSolutionRunner.cls","588","For index = LBound(attemptKey) To UBound(attemptKey)","Pending","",""
"src/Solver/CStateSolutionRunner.cls","606","If retry.FailureCode <> sfcNumericalFailure And retry.FailureCode <> sfcSingularTangent Then Exit Sub","Pending","",""
"src/Solver/CStateSolutionRunner.cls","692","MaterialsHaveExtension = concreteDiagram.HasCompressionExtension Or concreteDiagram.HasTensionExtension","Pending","",""
"src/Solver/CStateSolutionRunner.cls","696","MaterialsHaveExtension = MaterialsHaveExtension Or _","Pending","",""
"src/Solver/CStateSolutionRunner.cls","697","steelDiagram.HasCompressionExtension Or steelDiagram.HasTensionExtension","Pending","",""
"src/Solver/CStateSolutionRunner.cls","707","If concreteMaterial Is Nothing Or steelMaterial Is Nothing Then Exit Function","Pending","",""
"src/Solver/CUltimateStrainSearch.cls","38","If request.ForceOnly And _","Pending","",""
"src/Solver/CUltimateStrainSearch.cls","39","StrComp(request.SolutionStrategy, ""UltimateStrain"", vbTextCompare) = 0 And _","Pending","",""
"src/Solver/CUltimateStrainSearch.cls","40","Not request.Problem.Converged And _","Pending","",""
"src/Solver/CUltimateStrainSearch.cls","138","If Not IsFiniteNumber(eps0) Or Not IsFiniteNumber(kx) Or Not IsFiniteNumber(ky) Then","Pending","",""
"src/Solver/CUltimateStrainSearch.cls","188","ElseIf Not IsFiniteNumber(damping) Or damping <= 0# Or damping > 1# Then","Pending","",""
"src/Solver/CUltimateStrainSearch.cls","190","ElseIf Not IsFiniteNumber(minAlpha) Or minAlpha <= 0# Or minAlpha > damping Then","Pending","",""
"src/Solver/CUltimateStrainSearch.cls","192","ElseIf Not IsFiniteNumber(maxDeltaEps) Or Not IsFiniteNumber(maxDeltaKappa) Or _","Pending","",""
"src/Solver/CUltimateStrainSearch.cls","193","maxDeltaEps < 0# Or maxDeltaKappa < 0# Then","Pending","",""
"src/Solver/CUltimateStrainSearch.cls","226","If eps0 + hEps = eps0 Or kx + hKx = kx Or ky + hKy = ky Then","Pending","",""
"src/Solver/CUltimateStrainSearch.cls","277","If trialEps = eps0 And trialKx = kx And trialKy = ky Then","Pending","",""
"src/Solver/CUltimateStrainSearch.cls","291","If context.LimitSearchUltimateResidualReached(trialR1, trialR2, trialRLimit) Or _","Pending","",""
"src/Solver/CUltimateStrainSearch.cls","292","(Not context.LimitSearchUltimateLineSearchEnabled) Or _","Pending","",""
"src/Solver/CUltimateStrainSearch.cls","304","If nextAlpha <= 0# Or nextAlpha >= alpha Then","Pending","",""
"src/Solver/CUltimateStrainSearch.cls","342","If context.LimitSearchUltimateMaxDeltaEpsilon0 > 0# And _","Pending","",""
"src/Solver/CUltimateStrainSearch.cls","346","If context.LimitSearchUltimateMaxDeltaKappa > 0# And _","Pending","",""
"src/Solver/CUltimateStrainSearch.cls","350","If context.LimitSearchUltimateMaxDeltaKappa > 0# And _","Pending","",""
"src/Stability/CStabilityCalculator.cls","196","If mu1 <= 0# Or mu2 <= 0# Then RaiseInput ""На листе Config в строках Stability.Mu1 и Stability.Mu2 задайте положительные коэффициенты расчетной длины для обеих плоскостей.""","Pending","",""
"src/Stability/CStabilityCalculator.cls","197","If mCode <> CODE_SP63 And mCode <> CODE_SP35 Then RaiseInput ""На листе Config в строке Stability.Code выберите SP63 или SP35.""","Pending","",""
"src/Stability/CStabilityCalculator.cls","212","If ebForGeometry <= 0# Or esForGeometry <= 0# Then RaiseInput ""Для расчета устойчивости нужны положительные Eb и Es.""","Pending","",""
"src/Stability/CStabilityCalculator.cls","245","If Err.Number <> 0 And Err.Number <> vbObjectError + 7600 Then mInternalError = True","Pending","",""
"src/Stability/CStabilityCalculator.cls","358","hasMomentVector = (Abs(plane1.Moment) > SMALL_VALUE Or Abs(plane2.Moment) > SMALL_VALUE)","Pending","",""
"src/Stability/CStabilityCalculator.cls","362","(applyBothPlanes Or Not hasMomentVector Or Abs(plane1.Moment) > SMALL_VALUE)","Pending","",""
"src/Stability/CStabilityCalculator.cls","365","(applyBothPlanes Or Not hasMomentVector Or Abs(plane2.Moment) > SMALL_VALUE)","Pending","",""
"src/Stability/CStabilityCalculator.cls","386","If Abs(plane.Moment) <= SMALL_VALUE And Not allowZeroMomentAccidental Then","Pending","",""
"src/Stability/CStabilityCalculator.cls","491","If eb <= 0# Or es <= 0# Then RaiseInput ""Для расчета устойчивости СП 63 нужны положительные Eb и Es.""","Pending","",""
"src/Stability/CStabilityCalculator.cls","493","If deltaEMin < 0# Or deltaEMax < 0# Then RaiseInput ""На листе Config в строках Stability.SP63.DeltaEMin и Stability.SP63.DeltaEMax введите неотрицательные границы относительного эксцентриситета.""","Pending","",""
"src/Stability/CStabilityCalculator.cls","494","If deltaEMin > 0# And deltaEMax > 0# And deltaEMin > deltaEMax Then _","Pending","",""
"src/Stability/CStabilityCalculator.cls","536","plane.CheckPassed = (plane.ReserveFactor > 1# And plane.Eta > 0#)","Pending","",""
"src/Stability/CStabilityCalculator.cls","559","If eb <= 0# Or es <= 0# Or rb <= 0# Or rsc <= 0# Then RaiseInput ""Для расчета устойчивости СП 35 нужны положительные Eb, Es, Rb и Rsc.""","Pending","",""
"src/Stability/CStabilityCalculator.cls","579","If Len(branch1) = 0 And Len(branch2) = 0 Then","Pending","",""
"src/Stability/CStabilityCalculator.cls","597","If plane.EffectiveLength > 0# And plane.InertiaConcrete > 0# And _","Pending","",""
"src/Stability/CStabilityCalculator.cls","598","plane.Depth > 0# And plane.Radius > 0# Then Exit Sub","Pending","",""
"src/Stability/CStabilityCalculator.cls","724","plane.CheckPassed = (plane.ReserveFactor + PASS_TOLERANCE >= 1# And plane.Eta > 0#)","Pending","",""
"src/Stability/CStabilityCalculator.cls","779","If Abs(totalMoment) > SMALL_VALUE And Abs(sustainedMoment) > SMALL_VALUE Then","Pending","",""
"src/Stability/CStabilityCalculator.cls","780","If Sgn(totalMoment) <> Sgn(sustainedMoment) And depthValue > SMALL_VALUE Then","Pending","",""
"src/Stability/CStabilityCalculator.cls","797","mApplicable = (plane1.Applicable Or plane2.Applicable)","Pending","",""
"src/Stability/CStabilityCalculator.cls","858","mCheckPassed = PlanePassedOrInactive(plane1) And PlanePassedOrInactive(plane2)","Pending","",""
"src/Stability/CStabilityCalculator.cls","966","If criticalForce > 0# And nCompression > SMALL_FORCE Then ReserveByCriticalForce = criticalForce / nCompression","Pending","",""
"src/Stability/CStabilityCalculator.cls","999","rowCount = UBound(table721, 1)","Pending","",""
"src/Stability/CStabilityCalculator.cls","1000","columnCount = UBound(table721, 2)","Pending","",""
"src/Stability/CStabilityCalculator.cls","1001","If rowCount < 2 Or columnCount < 8 Then GoTo InvalidTable","Pending","",""
"src/Stability/CStabilityCalculator.cls","1063","If q >= qValues(i) And q <= qValues(i + 1) Then","Pending","",""
"src/Stability/CStabilityCalculator.cls","1075","If firstValue > 0# And secondValue > 0# Then","Pending","",""
"src/Stability/CStabilityCalculator.cls","1087","PlanePassedOrInactive = (Not plane.Applicable Or plane.CheckPassed)","Pending","",""
"src/Stability/CStabilityCalculator.cls","1180","If mPlaneApplicable1 And Not mPlanePassed1 Then","Pending","",""
"src/Stability/CStabilityCalculator.cls","1184","If mPlaneApplicable2 And Not mPlanePassed2 Then","Pending","",""
"src/Stability/CStabilityResult.cls","312","If mPlaneApplicable1 And mReserve1 > 0# Then SummaryReserve = mReserve1","Pending","",""
"src/Stability/CStabilityResult.cls","313","If mPlaneApplicable2 And mReserve2 > 0# Then","Pending","",""
"src/Stability/CStabilityResult.cls","314","If SummaryReserve <= 0# Or mReserve2 < SummaryReserve Then SummaryReserve = mReserve2","Pending","",""
"src/Stability/CStabilityResult.cls","316","If SummaryReserve <= 0# And mReserveFactor > 0# Then SummaryReserve = mReserveFactor","Pending","",""
"tests/CTestLimitSearchProblem.cls","291","Abs(rPath1) <= mTolerance And Abs(rPath2) <= mTolerance And Abs(rLimit) <= mTolerance","Pending","",""
"tests/CTestLimitSearchProblem.cls","396","If lambdaValue > 1# And lambdaValue < 2# Then","Pending","",""
"tests/CTestLimitSearchProblem.cls","405","If mFailureAbove > 0# And lambdaValue > mFailureAbove Then","Pending","",""
"tests/CTestLimitSearchProblem.cls","583","ILimitSearchProblem_StoppedTerminally = (mFailureCode = sfcInvalidConfiguration Or _","Pending","",""
"tests/CTestLimitSearchProblem.cls","584","mFailureCode = sfcInvalidInput Or mFailureCode = sfcInternalError)","Pending","",""
"tests/CTestLimitSearchProblem.cls","606","mSearchExecuted = mSearchExecuted Or firstSearchExecuted","Pending","",""
"tests/CTestLimitSearchProblem.cls","629","If failureCode = sfcInvalidConfiguration Or failureCode = sfcInvalidInput Then mLimitState = PROBE_INPUTERR","Pending","",""
"tests/modTestBatchCalculation.bas","413","AssertTrue stats, ""batch.five.governing.index"", batch.GoverningCombinationIndex >= 1 And batch.GoverningCombinationIndex <= 5","Pending","",""
"tests/modTestBatchCalculation.bas","426","AssertTrue stats, ""batch.governing.lambda.order"", batch.ResultAt(2).StrengthResult.Capacity.LambdaCapacity > 0# And batch.ResultAt(2).StrengthResult.Capacity.LambdaCapacity < batch.ResultAt(1).StrengthResult.Capacity.LambdaCapacity","Pending","",""
"tests/modTestBatchCalculation.bas","430","batch.ResultAt(2).StrengthResult.Capacity.Status = ""OK"" Or batch.ResultAt(2).StrengthResult.Capacity.Status = ""FAIL"" Or batch.ResultAt(2).StrengthResult.Capacity.Status = ""NumFail""","Pending","",""
"tests/modTestBatchCalculation.bas","449","AssertTrue stats, ""batch.nult.status"", batch.ResultAt(1).StrengthResult.Capacity.Status = ""OK"" Or batch.ResultAt(1).StrengthResult.Capacity.Status = ""FAIL""","Pending","",""
"tests/modTestBatchCalculation.bas","466","AssertTrue stats, ""batch.nEcc.status"", batch.ResultAt(1).StrengthResult.Capacity.Status = ""OK"" Or batch.ResultAt(1).StrengthResult.Capacity.Status = ""FAIL""","Pending","",""
"tests/modTestBatchCalculation.bas","469","Abs(batch.ResultAt(1).StrengthResult.Capacity.MxUltimate) < 100000# And Abs(batch.ResultAt(1).StrengthResult.Capacity.MyUltimate) < 100000#","Pending","",""
"tests/modTestBatchCalculation.bas","546","batch.ResultAt(1).StrengthResult.Capacity.Status = ""OK"" Or batch.ResultAt(1).StrengthResult.Capacity.Status = ""FAIL""","Pending","",""
"tests/modTestBatchCalculation.bas","579","AssertTrue stats, ""batch.capacityPath.n.status"", batch.ResultAt(1).StrengthResult.Capacity.Status = ""OK"" Or batch.ResultAt(1).StrengthResult.Capacity.Status = ""FAIL"" Or batch.ResultAt(1).StrengthResult.Capacity.Status = ""NumFail""","Pending","",""
"tests/modTestBatchCalculation.bas","594","batch.ResultAt(1).StrengthResult.Capacity.Status = ""OK"" Or batch.ResultAt(1).StrengthResult.Capacity.Status = ""FAIL""","Pending","",""
"tests/modTestBatchCalculation.bas","622","batch.ResultAt(1).StrengthResult.Capacity.Status <> ""InputErr"" And batch.ResultAt(2).StrengthResult.Capacity.Status <> ""InputErr"" And _","Pending","",""
"tests/modTestBatchCalculation.bas","623","batch.ResultAt(3).StrengthResult.Capacity.Status <> ""InputErr"" And batch.ResultAt(4).StrengthResult.Capacity.Status <> ""InputErr"" And _","Pending","",""
"tests/modTestBatchCalculation.bas","821","AssertTrue stats, ""batch.zeroMoment.stability.status"", batch.ResultAt(1).StabilityResult.Status = ""OK"" Or batch.ResultAt(1).StabilityResult.Status = ""FAIL""","Pending","",""
"tests/modTestBatchCalculation.bas","897","batch.ResultAt(1).CrackResult.Longitudinal.Status <> ""N/A"" Or Not crackedState Is Nothing","Pending","",""
"tests/modTestBatchCalculation.bas","974","batch.ResultAt(1).NormalCrackStatus = ""OK"" Or batch.ResultAt(1).NormalCrackStatus = ""FAIL""","Pending","",""
"tests/modTestBatchCalculation.bas","1023","batch.ResultAt(1).NormalCrackStatus = ""OK"" Or batch.ResultAt(1).NormalCrackStatus = ""FAIL""","Pending","",""
"tests/modTestBatchCalculation.bas","1067","batch.ResultAt(1).NormalCrackStatus = ""OK"" Or batch.ResultAt(1).NormalCrackStatus = ""FAIL""","Pending","",""
"tests/modTestBatchCalculation.bas","1182","If batch.ResultAt(1).CrackResult.Formation.FormationMethod <> expectedMethod Or batch.ResultAt(1).NormalCrackStatus = ""NumFail"" Then _","Pending","",""
"tests/modTestBatchCalculation.bas","1187","AssertTrue stats, prefix & "".lambda"", batch.ResultAt(1).CrackResult.Formation.LambdaCrc > 0# And batch.ResultAt(1).CrackResult.Formation.LambdaCrc <= 1#","Pending","",""
"tests/modTestBatchCalculation.bas","1225","If batch.ResultAt(1).NormalCrackStatus = ""NumFail"" Or _","Pending","",""
"tests/modTestBatchCalculation.bas","1226","(expectNcrc And batch.ResultAt(1).CrackResult.Formation.FormationNcrc = 0#) Or _","Pending","",""
"tests/modTestBatchCalculation.bas","1227","(expectMcrc And batch.ResultAt(1).CrackResult.Formation.Mcrc = 0#) Then","Pending","",""
"tests/modTestBatchCalculation.bas","1269","CellHasDisplayedResult(resultsSheet.Cells.Item(detailRow, baseColumn + IIf(isCentralAxial, 13, 16) - 1).Value2)","Pending","",""
"tests/modTestBatchCalculation.bas","1277","Len(CStr(resultsSheet.Cells.Item(detailRow, baseColumn + 24 - 1).Value2)) = 0 And _","Pending","",""
"tests/modTestBatchCalculation.bas","1278","Len(CStr(resultsSheet.Cells.Item(detailRow, baseColumn + 25 - 1).Value2)) = 0 And _","Pending","",""
"tests/modTestBatchCalculation.bas","1279","Len(CStr(resultsSheet.Cells.Item(detailRow, baseColumn + 26 - 1).Value2)) = 0 And _","Pending","",""
"tests/modTestBatchCalculation.bas","1288","CellHasDisplayedResult = Len(text) > 0 And StrComp(text, ""N/A"", vbTextCompare) <> 0","Pending","",""
"tests/modTestBatchCalculation.bas","1453","For i = LBound(loads) To UBound(loads)","Pending","",""
"tests/modTestBatchCalculation.bas","1460","For i = 1 To UBound(loads) - LBound(loads) + 1","Pending","",""
"tests/modTestBatchCalculation.bas","1469","batch.ResultAt(i).StrengthResult.DirectState.Status = ""OK"" Or batch.ResultAt(i).StrengthResult.DirectState.Status = ""FAIL""","Pending","",""
"tests/modTestBatchCalculation.bas","1528","For i = LBound(loads) To UBound(loads)","Pending","",""
"tests/modTestBatchCalculation.bas","1535","For i = 1 To UBound(loads) - LBound(loads) + 1","Pending","",""
"tests/modTestBatchCalculation.bas","1544","batch.ResultAt(i).StrengthResult.DirectState.Status = ""OK"" Or batch.ResultAt(i).StrengthResult.DirectState.Status = ""FAIL""","Pending","",""
"tests/modTestBatchCalculation.bas","1622","For i = LBound(loads) To UBound(loads)","Pending","",""
"tests/modTestBatchCalculation.bas","1634","For i = 1 To UBound(loads) - LBound(loads) + 1","Pending","",""
"tests/modTestBatchCalculation.bas","1642","batch.ResultAt(i).StrengthResult.DirectState.Status = ""OK"" And Not batch.ResultAt(i).ExtensionUsed","Pending","",""
"tests/modTestBatchCalculation.bas","1811","batch.ResultAt(2).StrengthResult.Capacity.LambdaCapacity > 0# And batch.ResultAt(2).StrengthResult.Capacity.LambdaCapacity < batch.ResultAt(1).StrengthResult.Capacity.LambdaCapacity","Pending","",""
"tests/modTestBatchCalculation.bas","1987","Abs(concreteX - transformedX) > 0.000001 Or Abs(concreteY - transformedY) > 0.000001","Pending","",""
"tests/modTestBatchCalculation.bas","2037","Abs(eccentricSolver.KappaX) > tolerance Or Abs(eccentricSolver.KappaY) > tolerance","Pending","",""
"tests/modTestBatchCalculation.bas","2059","AssertTrue stats, ""batch.direct.lambda.positive"", batch.ResultAt(1).StrengthResult.Capacity.LambdaCapacity > 0# And batch.ResultAt(2).StrengthResult.Capacity.LambdaCapacity > 0#","Pending","",""
"tests/modTestBatchCalculation.bas","2060","AssertTrue stats, ""batch.direct.capacity.ok"", batch.ResultAt(1).StrengthResult.Capacity.Status = ""OK"" And batch.ResultAt(2).StrengthResult.Capacity.Status = ""OK""","Pending","",""
"tests/modTestBatchCalculation.bas","2062","AssertTrue stats, ""batch.direct.state.status"", Len(batch.ResultAt(1).StrengthResult.DirectState.Status) > 0 And Len(batch.ResultAt(2).StrengthResult.DirectState.Status) > 0","Pending","",""
"tests/modTestBatchCalculation.bas","2112","""PR1"", ""user N=-9 tf and Mx=50 tf*m""","Pending","",""
"tests/modTestBatchCalculation.bas","2124","batch.ResultAt(1).StrengthResult.DirectState.Status = ""OK"" Or batch.ResultAt(1).StrengthResult.DirectState.Status = ""FAIL""","Pending","",""
"tests/modTestBatchCalculation.bas","2126","batch.ResultAt(1).StrengthResult.Capacity.Status = ""OK"" Or batch.ResultAt(1).StrengthResult.Capacity.Status = ""FAIL""","Pending","",""
"tests/modTestBatchCalculation.bas","2159","AssertTrue stats, ""batch.pr1.hasState"", batch.ResultAt(1).StrengthResult.DirectState.StateAvailable And batch.StateAvailableCount > 0","Pending","",""
"tests/modTestBatchCalculation.bas","2191","AssertTrue stats, ""batch.direct.failure.status"", batch.ResultAt(1).Status = ""NumFail"" Or batch.ResultAt(1).Status = ""FAIL""","Pending","",""
"tests/modTestBatchCalculation.bas","2192","AssertTrue stats, ""batch.direct.failure.directStatus"", batch.ResultAt(1).StrengthResult.DirectState.Status = ""NumFail"" Or batch.ResultAt(1).StrengthResult.DirectState.Status = ""FAIL""","Pending","",""
"tests/modTestBatchCalculation.bas","2215","batch.ResultAt(1).CrackResult.Longitudinal.Status = ""OK"" Or batch.ResultAt(1).CrackResult.Longitudinal.Status = ""FAIL""","Pending","",""
"tests/modTestBatchCalculation.bas","2265","AssertTrue stats, ""batch.stability.sp63.status"", batch.ResultAt(1).StabilityResult.Status = ""OK"" Or batch.ResultAt(1).StabilityResult.Status = ""FAIL""","Pending","",""
"tests/modTestBatchCalculation.bas","2267","AssertTrue stats, ""batch.stability.sp63.eta"", batch.ResultAt(1).StabilityResult.Eta1 > 0# Or batch.ResultAt(1).StabilityResult.Eta2 > 0#","Pending","",""
"tests/modTestBatchCalculation.bas","2409","batch.ResultAt(1).StabilityResult.Status = ""OK"" Or batch.ResultAt(1).StabilityResult.Status = ""FAIL""","Pending","",""
"tests/modTestBatchCalculation.bas","2473","batch.ResultAt(1).StabilityResult.PlaneBranch1 = ""SP35-table"" Or batch.ResultAt(1).StabilityResult.PlaneBranch2 = ""SP35-table""","Pending","",""
"tests/modTestBatchCalculation.bas","2819","AssertTrue stats, ""batch.stability.sp63.short.status"", batch.ResultAt(1).StabilityResult.Status = ""OK"" Or batch.ResultAt(1).StabilityResult.Status = ""FAIL""","Pending","",""
"tests/modTestBatchCalculation.bas","2820","AssertTrue stats, ""batch.stability.sp63.short.slenderness1"", batch.ResultAt(1).StabilityResult.Slenderness1 > 0# And batch.ResultAt(1).StabilityResult.Slenderness1 <= 14#","Pending","",""
"tests/modTestBatchCalculation.bas","2821","AssertTrue stats, ""batch.stability.sp63.short.slenderness2"", batch.ResultAt(1).StabilityResult.Slenderness2 > 0# And batch.ResultAt(1).StabilityResult.Slenderness2 <= 14#","Pending","",""
"tests/modTestBatchCalculation.bas","2824","AssertTrue stats, ""batch.stability.sp63.short.ncr"", batch.ResultAt(1).StabilityResult.Ncr1 > 0# And batch.ResultAt(1).StabilityResult.Ncr2 > 0#","Pending","",""
"tests/modTestBatchCalculation.bas","3018","batch.ResultAt(1).StabilityResult.Status = ""OK"" Or batch.ResultAt(1).StabilityResult.Status = ""FAIL""","Pending","",""
"tests/modTestBatchCalculation.bas","3083","AssertTrue stats, ""batch.stability.circleMx.status"", batch.ResultAt(1).StabilityResult.Status = ""OK"" Or batch.ResultAt(1).StabilityResult.Status = ""FAIL""","Pending","",""
"tests/modTestBatchCalculation.bas","3216","AssertTrue stats, ""batch.stability.centroid.status"", batch.ResultAt(1).StabilityResult.Status = ""OK"" Or batch.ResultAt(1).StabilityResult.Status = ""FAIL""","Pending","",""
"tests/modTestBatchCalculation.bas","3395","AssertTrue stats, ""batch.stability.sp35.core.positive"", coreDistance > 0# And radiusValue > 0#","Pending","",""
"tests/modTestBatchCalculation.bas","3456","batch.ResultAt(1).StabilityResult.Depth1 > 190# And batch.ResultAt(1).StabilityResult.Depth1 < 310#","Pending","",""
"tests/modTestBatchCalculation.bas","3458","batch.ResultAt(1).StabilityResult.Depth2 > 190# And batch.ResultAt(1).StabilityResult.Depth2 < 310#","Pending","",""
"tests/modTestBatchCalculation.bas","3575","AssertTrue stats, ""batch.stability.sp35.opposite.phi"", phiValue = 1# Or phiValue = 1.05","Pending","",""
"tests/modTestBatchCalculation.bas","3623","AssertTrue stats, ""batch.writer.stability.anchor"", stabilityAnchor.Row = 122 And stabilityAnchor.Column = 1","Pending","",""
"tests/modTestBatchCalculation.bas","3624","AssertTrue stats, ""batch.writer.stability.sp35.empty"", Len(CStr(resultsSheet.Cells.Item(stabilityAnchor.Row, 29).Value2)) = 0 And _","Pending","",""
"tests/modTestBatchCalculation.bas","3625","Len(CStr(resultsSheet.Cells.Item(stabilityAnchor.Row, 30).Value2)) = 0 And _","Pending","",""
"tests/modTestBatchCalculation.bas","3628","CStr(resultsSheet.Cells.Item(stabilityAnchor.Row, 38).Value2) = ""N/A"" And _","Pending","",""
"tests/modTestBatchCalculation.bas","3629","CStr(resultsSheet.Cells.Item(stabilityAnchor.Row, 44).Value2) = ""N/A"" And _","Pending","",""
"tests/modTestBatchCalculation.bas","3630","CStr(resultsSheet.Cells.Item(stabilityAnchor.Row, 53).Value2) = ""N/A"" And _","Pending","",""
"tests/modTestBatchCalculation.bas","3631","CStr(resultsSheet.Cells.Item(stabilityAnchor.Row, 59).Value2) = ""N/A"" And _","Pending","",""
"tests/modTestBatchCalculation.bas","3632","StatusCellHasExpectedFill(resultsSheet, stabilityAnchor.Row, 38) And _","Pending","",""
"tests/modTestBatchCalculation.bas","3634","AssertTrue stats, ""batch.writer.stability.sp63.filled"", Len(CStr(resultsSheet.Cells.Item(stabilityAnchor.Row, 61).Value2)) > 0 Or _","Pending","",""
"tests/modTestBatchCalculation.bas","3637","StatusCellHasExpectedFill(resultsSheet, stabilityAnchor.Row, 72) And _","Pending","",""
"tests/modTestBatchCalculation.bas","3638","StatusCellHasExpectedFill(resultsSheet, stabilityAnchor.Row, 84) And _","Pending","",""
"tests/modTestBatchCalculation.bas","3667","AssertTrue stats, ""batch.dynamic.governing.index"", batch.GoverningCombinationIndex >= 1 And batch.GoverningCombinationIndex <= 24","Pending","",""
"tests/modTestBatchCalculation.bas","3805","AssertTrue stats, ""batch.writer.rangeSize"", ThisWorkbook.Names.Item(""rngBatchSummary"").RefersToRange.Rows.Count = 1 And ThisWorkbook.Names.Item(""rngBatchSummary"").RefersToRange.Columns.Count = 1","Pending","",""
"tests/modTestBatchCalculation.bas","3808","AssertTrue stats, ""batch.writer.stabilityBlockPosition"", ThisWorkbook.Names.Item(""rngStabilitySummaryAnchor"").RefersToRange.Row = 122 And _","Pending","",""
"tests/modTestBatchCalculation.bas","3813","AssertTrue stats, ""batch.writer.meta.valuesCentered"", resultsSheet.Cells.Item(summaryRow, 1).HorizontalAlignment = -4108 And _","Pending","",""
"tests/modTestBatchCalculation.bas","3819","AssertTrue stats, ""batch.writer.header.centered"", resultsSheet.Cells.Item(summaryRow + 5, 6).HorizontalAlignment = -4108 And _","Pending","",""
"tests/modTestBatchCalculation.bas","3825","CStr(resultsSheet.Cells.Item(summaryRow + 7, 14).MergeArea.Cells.Item(1, 1).Value2) = ""Плоскость 1"" And _","Pending","",""
"tests/modTestBatchCalculation.bas","3826","resultsSheet.Cells.Item(summaryRow + 7, 14).MergeArea.Rows.Count = 2 And _","Pending","",""
"tests/modTestBatchCalculation.bas","3827","resultsSheet.Cells.Item(summaryRow + 7, 14).MergeArea.Columns.Count = 1 And _","Pending","",""
"tests/modTestBatchCalculation.bas","3828","CStr(resultsSheet.Cells.Item(summaryRow + 9, 14).Value2) = ""Ncr/N"" And _","Pending","",""
"tests/modTestBatchCalculation.bas","3831","CStr(resultsSheet.Cells.Item(summaryRow + 7, 25).MergeArea.Cells.Item(1, 1).Value2) = ""Плоскость 1"" And _","Pending","",""
"tests/modTestBatchCalculation.bas","3832","resultsSheet.Cells.Item(summaryRow + 7, 25).MergeArea.Rows.Count = 2 And _","Pending","",""
"tests/modTestBatchCalculation.bas","3833","resultsSheet.Cells.Item(summaryRow + 7, 25).MergeArea.Columns.Count = 1 And _","Pending","",""
"tests/modTestBatchCalculation.bas","3834","CStr(resultsSheet.Cells.Item(summaryRow + 9, 25).Value2) = ""Ncr/N"" And _","Pending","",""
"tests/modTestBatchCalculation.bas","3845","AssertTrue stats, ""batch.writer.worst.bold"", resultsSheet.Cells.Item(summaryRow + 11, 1).Font.Bold And _","Pending","",""
"tests/modTestBatchCalculation.bas","3849","BatchSummaryCellText(resultsSheet, summaryRow + 6, 28) = ""Статус"" And _","Pending","",""
"tests/modTestBatchCalculation.bas","3852","BatchSummaryCellText(resultsSheet, summaryRow + 7, 28) = ""OK"" And _","Pending","",""
"tests/modTestBatchCalculation.bas","3853","BatchSummaryCellText(resultsSheet, summaryRow + 9, 28) = ""BaseFail"" And _","Pending","",""
"tests/modTestBatchCalculation.bas","3854","BatchSummaryCellText(resultsSheet, summaryRow + 11, 28) = ""InputErr"" And _","Pending","",""
"tests/modTestBatchCalculation.bas","3857","resultsSheet.Cells.Item(summaryRow + 5, 28).MergeArea.Columns.Count = 2 And _","Pending","",""
"tests/modTestBatchCalculation.bas","3858","Not resultsSheet.Cells.Item(summaryRow + 6, 28).MergeCells And _","Pending","",""
"tests/modTestBatchCalculation.bas","3863","resultsSheet.Cells.Item(summaryRow + 7, 28).Font.Italic And _","Pending","",""
"tests/modTestBatchCalculation.bas","3866","StatusCellHasExpectedFill(resultsSheet, summaryRow + 7, 28) And _","Pending","",""
"tests/modTestBatchCalculation.bas","3867","StatusCellHasExpectedFill(resultsSheet, summaryRow + 8, 28) And _","Pending","",""
"tests/modTestBatchCalculation.bas","3868","StatusCellHasExpectedFill(resultsSheet, summaryRow + 9, 28) And _","Pending","",""
"tests/modTestBatchCalculation.bas","3869","StatusCellHasExpectedFill(resultsSheet, summaryRow + 10, 28) And _","Pending","",""
"tests/modTestBatchCalculation.bas","3870","StatusCellHasExpectedFill(resultsSheet, summaryRow + 11, 28) And _","Pending","",""
"tests/modTestBatchCalculation.bas","3871","StatusCellHasExpectedFill(resultsSheet, summaryRow + 12, 28) And _","Pending","",""
"tests/modTestBatchCalculation.bas","3880","StatusCellHasExpectedFill(resultsSheet, summaryRow + 12, 4) And _","Pending","",""
"tests/modTestBatchCalculation.bas","3881","StatusCellHasExpectedFill(resultsSheet, summaryRow + 12, 6) And _","Pending","",""
"tests/modTestBatchCalculation.bas","3882","StatusCellHasExpectedFill(resultsSheet, summaryRow + 12, 7) And _","Pending","",""
"tests/modTestBatchCalculation.bas","3883","StatusCellHasExpectedFill(resultsSheet, summaryRow + 12, 8) And _","Pending","",""
"tests/modTestBatchCalculation.bas","3884","StatusCellHasExpectedFill(resultsSheet, summaryRow + 12, 9) And _","Pending","",""
"tests/modTestBatchCalculation.bas","3885","StatusCellHasExpectedFill(resultsSheet, summaryRow + 12, 10) And _","Pending","",""
"tests/modTestBatchCalculation.bas","3886","StatusCellHasExpectedFill(resultsSheet, summaryRow + 12, 11) And _","Pending","",""
"tests/modTestBatchCalculation.bas","3887","StatusCellHasExpectedFill(resultsSheet, summaryRow + 12, 12) And _","Pending","",""
"tests/modTestBatchCalculation.bas","3888","StatusCellHasExpectedFill(resultsSheet, summaryRow + 12, 13) And _","Pending","",""
"tests/modTestBatchCalculation.bas","3889","StatusCellHasExpectedFill(resultsSheet, summaryRow + 12, 14) And _","Pending","",""
"tests/modTestBatchCalculation.bas","3894","StatusCellHasExpectedFill(resultsSheet, strengthAnchor.Row, 3) And _","Pending","",""
"tests/modTestBatchCalculation.bas","3895","StatusCellHasExpectedFill(resultsSheet, strengthAnchor.Row, 30) And _","Pending","",""
"tests/modTestBatchCalculation.bas","3896","StatusCellHasExpectedFill(resultsSheet, strengthAnchor.Row, 49) And _","Pending","",""
"tests/modTestBatchCalculation.bas","3897","CellHasNoFill(resultsSheet, strengthAnchor.Row, 1) And _","Pending","",""
"tests/modTestBatchCalculation.bas","3898","CellHasNoFill(resultsSheet, strengthAnchor.Row, 10) And _","Pending","",""
"tests/modTestBatchCalculation.bas","3901","Len(CStr(resultsSheet.Cells.Item(strengthAnchor.Row + 2, 18).Value2)) = 0 And _","Pending","",""
"tests/modTestBatchCalculation.bas","3902","Len(CStr(resultsSheet.Cells.Item(strengthAnchor.Row + 2, 19).Value2)) = 0 And _","Pending","",""
"tests/modTestBatchCalculation.bas","3903","Len(CStr(resultsSheet.Cells.Item(strengthAnchor.Row + 2, 20).Value2)) = 0 And _","Pending","",""
"tests/modTestBatchCalculation.bas","3904","Len(CStr(resultsSheet.Cells.Item(strengthAnchor.Row + 2, 22).Value2)) = 0 And _","Pending","",""
"tests/modTestBatchCalculation.bas","3905","Len(CStr(resultsSheet.Cells.Item(strengthAnchor.Row + 2, 23).Value2)) = 0 And _","Pending","",""
"tests/modTestBatchCalculation.bas","3908","Len(CStr(resultsSheet.Cells.Item(strengthAnchor.Row + 2, 21).Value2)) > 0 And _","Pending","",""
"tests/modTestBatchCalculation.bas","3913","StatusCellHasExpectedFill(resultsSheet, crackAnchor.Row, 3) And _","Pending","",""
"tests/modTestBatchCalculation.bas","3914","StatusCellHasExpectedFill(resultsSheet, crackAnchor.Row, 19) And _","Pending","",""
"tests/modTestBatchCalculation.bas","3915","StatusCellHasExpectedFill(resultsSheet, crackAnchor.Row, 20) And _","Pending","",""
"tests/modTestBatchCalculation.bas","3916","StatusCellHasExpectedFill(resultsSheet, crackAnchor.Row, 23) And _","Pending","",""
"tests/modTestBatchCalculation.bas","3917","StatusCellHasExpectedFill(resultsSheet, crackAnchor.Row, 45) And _","Pending","",""
"tests/modTestBatchCalculation.bas","3918","StatusCellHasExpectedFill(resultsSheet, crackAnchor.Row, 49) And _","Pending","",""
"tests/modTestBatchCalculation.bas","3919","CellHasNoFill(resultsSheet, crackAnchor.Row, 1) And _","Pending","",""
"tests/modTestBatchCalculation.bas","3920","CellHasNoFill(resultsSheet, crackAnchor.Row, 10) And _","Pending","",""
"tests/modTestBatchCalculation.bas","3928","CStr(resultsSheet.Cells.Item(crackAnchor.Row - 3, 19).Value2) = ""статус трещин"" And _","Pending","",""
"tests/modTestBatchCalculation.bas","3938","AssertTrue stats, ""batch.writer.crack.header.notesPlain"", Not resultsSheet.Cells.Item(crackAnchor.Row - 2, 15).Font.Bold And _","Pending","",""
"tests/modTestBatchCalculation.bas","3942","Len(CStr(resultsSheet.Cells.Item(crackAnchor.Row + 19, 1).Value2)) = 0 And _","Pending","",""
"tests/modTestBatchCalculation.bas","3947","StatusCellHasExpectedFill(resultsSheet, stabilityAnchor.Row, 3) And _","Pending","",""
"tests/modTestBatchCalculation.bas","3948","StatusCellHasExpectedFill(resultsSheet, stabilityAnchor.Row, 38) And _","Pending","",""
"tests/modTestBatchCalculation.bas","3949","StatusCellHasExpectedFill(resultsSheet, stabilityAnchor.Row, 44) And _","Pending","",""
"tests/modTestBatchCalculation.bas","3950","StatusCellHasExpectedFill(resultsSheet, stabilityAnchor.Row, 53) And _","Pending","",""
"tests/modTestBatchCalculation.bas","3951","StatusCellHasExpectedFill(resultsSheet, stabilityAnchor.Row, 59) And _","Pending","",""
"tests/modTestBatchCalculation.bas","3952","StatusCellHasExpectedFill(resultsSheet, stabilityAnchor.Row, 72) And _","Pending","",""
"tests/modTestBatchCalculation.bas","3953","StatusCellHasExpectedFill(resultsSheet, stabilityAnchor.Row, 84) And _","Pending","",""
"tests/modTestBatchCalculation.bas","3960","AssertTrue stats, ""batch.writer.stability.header.noExtraTier"", Len(CStr(resultsSheet.Cells.Item(stabilityAnchor.Row - 3, 4).Value2)) = 0 And _","Pending","",""
"tests/modTestBatchCalculation.bas","3964","AssertTrue stats, ""batch.writer.stability.header.notes"", Len(CStr(resultsSheet.Cells.Item(stabilityAnchor.Row - 2, 4).Value2)) > 0 And _","Pending","",""
"tests/modTestBatchCalculation.bas","3966","AssertTrue stats, ""batch.writer.stability.header.notesPlain"", Not resultsSheet.Cells.Item(stabilityAnchor.Row - 2, 4).Font.Bold And _","Pending","",""
"tests/modTestBatchCalculation.bas","3981","Len(CStr(resultsSheet.Cells.Item(stabilityAnchor.Row + 19, 1).Value2)) = 0 And _","Pending","",""
"tests/modTestBatchCalculation.bas","4020","Len(CStr(resultsSheet.Cells.Item(summaryRow + 13, 1).Value2)) = 0 And _","Pending","",""
"tests/modTestBatchCalculation.bas","4021","Len(CStr(resultsSheet.Cells.Item(summaryRow + 13, 4).Value2)) = 0 And _","Pending","",""
"tests/modTestBatchCalculation.bas","4024","Len(CStr(resultsSheet.Cells.Item(summaryRow + 14, 1).Value2)) = 0 And _","Pending","",""
"tests/modTestBatchCalculation.bas","4025","Len(CStr(resultsSheet.Cells.Item(summaryRow + 14, 4).Value2)) = 0 And _","Pending","",""
"tests/modTestBatchCalculation.bas","4038","CStr(resultsSheet.Cells.Item(strengthAnchor.Row, 1).Value2) = ""GAP1"" And _","Pending","",""
"tests/modTestBatchCalculation.bas","4039","Len(CStr(resultsSheet.Cells.Item(strengthAnchor.Row + 1, 1).Value2)) = 0 And _","Pending","",""
"tests/modTestBatchCalculation.bas","4040","Len(CStr(resultsSheet.Cells.Item(strengthAnchor.Row + 2, 1).Value2)) = 0 And _","Pending","",""
"tests/modTestBatchCalculation.bas","4043","CStr(resultsSheet.Cells.Item(crackAnchor.Row, 1).Value2) = ""GAP1"" And _","Pending","",""
"tests/modTestBatchCalculation.bas","4044","Len(CStr(resultsSheet.Cells.Item(crackAnchor.Row + 1, 1).Value2)) = 0 And _","Pending","",""
"tests/modTestBatchCalculation.bas","4045","Len(CStr(resultsSheet.Cells.Item(crackAnchor.Row + 2, 1).Value2)) = 0 And _","Pending","",""
"tests/modTestBatchCalculation.bas","4048","CStr(resultsSheet.Cells.Item(stabilityAnchor.Row, 1).Value2) = ""GAP1"" And _","Pending","",""
"tests/modTestBatchCalculation.bas","4049","Len(CStr(resultsSheet.Cells.Item(stabilityAnchor.Row + 1, 1).Value2)) = 0 And _","Pending","",""
"tests/modTestBatchCalculation.bas","4050","Len(CStr(resultsSheet.Cells.Item(stabilityAnchor.Row + 2, 1).Value2)) = 0 And _","Pending","",""
"tests/modTestBatchCalculation.bas","4084","If checkStrength And strengthRow > 0 Then","Pending","",""
"tests/modTestBatchCalculation.bas","4092","If checkCrack And crackRow > 0 Then","Pending","",""
"tests/modTestBatchCalculation.bas","4100","If checkStability And stabilityRow > 0 Then","Pending","",""
"tests/modTestBatchCalculation.bas","4197","StatusCellHasExpectedFill = (CLng(resultsSheet.Cells.Item(rowIndex, columnIndex).Interior.Color) = StatusFillColor(statusText) And _","Pending","",""
"tests/modTestBatchCalculation.bas","4216","If Len(worstCombination) = 0 Or StrComp(worstCombination, ""N/A"", vbTextCompare) = 0 Then","Pending","",""
"tests/modTestBatchCalculation.bas","4220","Len(reserveText) = 0 Or Not IsNumeric(reserveText)","Pending","",""
"tests/modTestBatchCalculation.bas","4242","If Not hasSummary And Not hasDetailed Then","Pending","",""
"tests/modTestBatchCalculation.bas","4247","AssertTrue stats, name & "".bothNumeric"", hasSummary And hasDetailed","Pending","",""
"tests/modTestBatchCalculation.bas","4248","If hasSummary And hasDetailed Then _","Pending","",""
"tests/modTestBatchCalculation.bas","4486","If batch.ResultAt(1).StabilityResult.Status <> ""OK"" And batch.ResultAt(1).StabilityResult.Status <> ""FAIL"" Then","Pending","",""
"tests/modTestBatchCalculation.bas","4774","InStr(1, baseResult.StrengthMeta.ResultComment, ""НДС: Проверка не проходит."", vbTextCompare) > 0 And _","Pending","",""
"tests/modTestBatchCalculation.bas","5131","AssertTrue stats, ""audit02.canonical.stabilityFlagsPopulated"", stability.PlaneApplicable2 And stability.PlanePassed2","Pending","",""
"tests/modTestBatchCalculation.bas","5137","AssertTrue stats, ""audit02.canonical.stabilityFlagsReset"", Not stability.PlaneApplicable2 And Not stability.PlanePassed2","Pending","",""
"tests/modTestBatchCalculation.bas","5351","If mAudit03ResourceTrace And Left$(text, 5) = ""RUN: "" Then _","Pending","",""
"tests/modTestBatchCalculation.bas","5513","AssertTrue stats, ""audit02.cache.mode.physical"", state.Converged And state.WithinPhysicalRange","Pending","",""
"tests/modTestBatchCalculation.bas","5582","AssertTrue stats, ""audit02.cache.post.physical"", state.Converged And state.WithinPhysicalRange","Pending","",""
"tests/modTestBatchCalculation.bas","5687","offResult.Status <> ""NumFail"" And offResult.Status <> ""CalcErr"" And offResult.Status <> ""InputErr""","Pending","",""
"tests/modTestBatchCalculation.bas","5708","For metric = LBound(offNumbers) To UBound(offNumbers)","Pending","",""
"tests/modTestBatchCalculation.bas","5809","AssertTrue stats, prefix & "".comments"", Len(offResult.ResultMeta.ResultComment) > 0 And Len(onResult.ResultMeta.ResultComment) > 0","Pending","",""
"tests/modTestBatchCalculation.bas","5856","AssertTrue stats, prefix & ""."" & key & "".converged"", onState.Converged And offState.Converged","Pending","",""
"tests/modTestBatchCalculation.bas","5857","AssertTrue stats, prefix & ""."" & key & "".physical"", onState.WithinPhysicalRange And offState.WithinPhysicalRange","Pending","",""
"tests/modTestBatchCalculation.bas","5858","AssertTrue stats, prefix & ""."" & key & "".noFinalExtension"", Not onState.ExtensionUsed And Not offState.ExtensionUsed","Pending","",""
"tests/modTestBatchCalculation.bas","5864","For i = LBound(first) To UBound(first)","Pending","",""
"tests/modTestBatchCalculation.bas","5957","expectedApplies = (value <> rsNotApplicable And value <> rsNotRequested)","Pending","",""
"tests/modTestBatchCalculation.bas","6093","For pathIndex = LBound(formationPaths) To UBound(formationPaths)","Pending","",""
"tests/modTestBatchCalculation.bas","6137","If CDbl(load(1)) <> 0# And CDbl(load(2)) <> 0# Then","Pending","",""
"tests/modTestBatchCalculation.bas","6148","If component <> ""None"" And component <> ""N"" And CDbl(load(0)) <> 0# Then","Pending","",""
"tests/modTestBatchCalculation.bas","6152","AssertTrue stats, prefix & "".autoAllowedPath"", resolvedComponent = firstMomentPath Or _","Pending","",""
"tests/modTestBatchCalculation.bas","6153","resolvedComponent = ""N"" Or resolvedComponent = ""NMxy""","Pending","",""
"tests/modTestBatchCalculation.bas","6154","If resolvedComponent = ""N"" Or resolvedComponent = ""NMxy"" Then","Pending","",""
"tests/modTestBatchCalculation.bas","6169","AssertTrue stats, prefix & "".autoNoLoad"", capacity.ResultMeta.InternalStatus = rsNotApplicable And _","Pending","",""
"tests/modTestBatchCalculation.bas","6170","capacity.ResultMeta.ResultCode = rcNotApplicable And Not capacity.ResultMeta.Calculated","Pending","",""
"tests/modTestBatchCalculation.bas","6184","Case ""Mxy"": hasScaledLoad = (mxInput <> 0# Or myInput <> 0#)","Pending","",""
"tests/modTestBatchCalculation.bas","6186","Case ""NMxy"", ""Auto"": hasScaledLoad = (nInput <> 0# Or mxInput <> 0# Or myInput <> 0#)","Pending","",""
"tests/modTestBatchCalculation.bas","6189","AssertTrue stats, prefix & "".unscaledInput"", capacity.ResultMeta.InternalStatus = rsInvalidInput And _","Pending","",""
"tests/modTestBatchCalculation.bas","6190","capacity.ResultMeta.ResultCode = rcInvalidInput And Not capacity.ResultMeta.Calculated","Pending","",""
"tests/modTestBatchCalculation.bas","6198","AssertTrue stats, prefix & "".validInput"", capacity.Status <> ""InputErr"" And capacity.Status <> ""CalcErr""","Pending","",""
"tests/modTestBatchCalculation.bas","6204","If component = ""N"" Or component = ""NMxy"" Then n = lambda * n","Pending","",""
"tests/modTestBatchCalculation.bas","6205","If component = ""Mx"" Or component = ""Mxy"" Or component = ""NMxy"" Then mx = lambda * mx","Pending","",""
"tests/modTestBatchCalculation.bas","6206","If component = ""My"" Or component = ""Mxy"" Or component = ""NMxy"" Then my = lambda * my","Pending","",""
"tests/modTestBatchCalculation.bas","6233","Case ""Mxy"": hasScaledLoad = (CDbl(load(1)) <> 0# Or CDbl(load(2)) <> 0#)","Pending","",""
"tests/modTestBatchCalculation.bas","6235","Case ""NMxy"", ""Auto"": hasScaledLoad = (CDbl(load(0)) <> 0# Or CDbl(load(1)) <> 0# Or CDbl(load(2)) <> 0#)","Pending","",""
"tests/modTestBatchCalculation.bas","6241","AssertTrue stats, prefix & "".unscaledInput"", formation.ResultMeta.InternalStatus = rsInvalidInput And _","Pending","",""
"tests/modTestBatchCalculation.bas","6245","AssertTrue stats, prefix & "".unscaledNoStates"", formation.PreCrackState Is Nothing And formation.PostCrackState Is Nothing","Pending","",""
"tests/modTestBatchCalculation.bas","6249","AssertTrue stats, prefix & "".validInput"", policy.ExternalStatus(formation.ResultMeta) <> ""InputErr"" And _","Pending","",""
"tests/modTestBatchCalculation.bas","6253","AssertTrue stats, prefix & "".autoPath"", formation.FormationMethod = ChrW$(&H3BB) & ""*Mxy"" Or _","Pending","",""
"tests/modTestBatchCalculation.bas","6254","formation.FormationMethod = ChrW$(&H3BB) & ""*Mx"" Or formation.FormationMethod = ChrW$(&H3BB) & ""*My"" Or _","Pending","",""
"tests/modTestBatchCalculation.bas","6255","formation.FormationMethod = ChrW$(&H3BB) & ""*N"" Or formation.FormationMethod = ChrW$(&H3BB) & ""*NMxy""","Pending","",""
"tests/modTestBatchCalculation.bas","6271","formation.ResultMeta.InternalStatus = formation.PreCrackState.ResultMeta.InternalStatus And _","Pending","",""
"tests/modTestBatchCalculation.bas","6283","formation.ResultMeta.InternalStatus = formation.PostCrackState.ResultMeta.InternalStatus And _","Pending","",""
"tests/modTestBatchCalculation.bas","6298","If result.WorkflowMeta.InternalStatus = rsInvalidInput Or result.WorkflowMeta.InternalStatus = rsInvalidConfiguration Then _","Pending","",""
"tests/modTestBatchCalculation.bas","6324","If Not result.CrackResult.Formation.HasLimitPoint And result.CrackWidthMeta.Calculated Then","Pending","",""
"tests/modTestBatchCalculation.bas","6333","AssertTrue stats, prefix & "".formulaNoNumFail"", result.CrackWidthMeta.InternalStatus <> rsNumericalFailure And _","Pending","",""
"tests/modTestBatchCalculation.bas","6334","result.LongitudinalCrackMeta.InternalStatus <> rsNumericalFailure And result.StabilityMeta.InternalStatus <> rsNumericalFailure","Pending","",""
"tests/modTestBatchCalculation.bas","6335","If result.CrackFormationMeta.InternalStatus = rsSuccessWithWarning And policy.ExternalStatus(result.CrackMeta) = ""OK"" Then","Pending","",""
"tests/modTestBatchCalculation.bas","6338","AssertTrue stats, prefix & "".strengthNoCrack"", InStr(1, result.StrengthMeta.ResultComment, ""Трещинообразование:"") = 0 And _","Pending","",""
"tests/modTestBatchCalculation.bas","6340","AssertTrue stats, prefix & "".crackNoCapacity"", InStr(1, result.CrackSummaryMeta.ResultComment, ""Несущая:"") = 0 And _","Pending","",""
"tests/modTestBatchCalculation.bas","6387","If charCode >= &H410 And charCode <= &H44F Then hasRussian = True","Pending","",""
"tests/modTestBatchCalculation.bas","6390","AssertTrue stats, prefix & "".readable"", InStr(1, meta.ResultComment, "".."") = 0 And _","Pending","",""
"tests/modTestBatchCalculation.bas","6391","InStr(1, meta.ResultComment, ""?"") = 0 And InStr(1, meta.ResultComment, ""SP35-mixed"") = 0","Pending","",""
"tests/modTestBatchCalculation.bas","6407","If meta.InternalStatus = rsBlockedByDependency And Len(sharedDependencyReason) > 0 Then _","Pending","",""
"tests/modTestBatchCalculation.bas","6461","If i >= 8 And i <= 11 Then Set result = batch.ResultAt(2) Else Set result = batch.ResultAt(1)","Pending","",""
"tests/modTestBatchCalculation.bas","6471","If i = 2 Or i = 3 Or i = 12 Then","Pending","",""
"tests/modTestBatchCalculation.bas","6472","AssertTrue stats, prefix & "".noPublicField"", errorNumber = 438 Or errorNumber = 451","Pending","",""
"tests/modTestBatchCalculation.bas","6482","AssertEquals stats, prefix & "".profileUnchanged"", result.ProfileId, batch.InputProfileId(1 + Abs(i >= 8 And i <= 11))","Pending","",""
"tests/modTestBatchCalculation.bas","6608","For pathIndex = LBound(paths) To UBound(paths)","Pending","",""
"tests/modTestBatchCalculation.bas","6662","AssertTrue stats, ""audit03.matrix.allRequestedPaths"", independentCases = loads.Count * (UBound(paths) - LBound(paths) + 1)","Pending","",""
"tests/modTestBatchCalculation.bas","6697","If shapeName = ""CircleSym"" Or (i <> 1 And i <> 2) Then","Pending","",""
"tests/modTestBatchCalculation.bas","6774","If i = 1 Or section.ConcreteX(i) - halfX < minX Then minX = section.ConcreteX(i) - halfX","Pending","",""
"tests/modTestBatchCalculation.bas","6775","If i = 1 Or section.ConcreteX(i) + halfX > maxX Then maxX = section.ConcreteX(i) + halfX","Pending","",""
"tests/modTestBatchCalculation.bas","6776","If i = 1 Or section.ConcreteY(i) - halfY < minY Then minY = section.ConcreteY(i) - halfY","Pending","",""
"tests/modTestBatchCalculation.bas","6777","If i = 1 Or section.ConcreteY(i) + halfY > maxY Then maxY = section.ConcreteY(i) + halfY","Pending","",""
"tests/modTestBatchCalculation.bas","6857","state.ResultMeta.InternalStatus = rsNumericalFailure Or state.ResultMeta.InternalStatus = rsInvalidInput Or _","Pending","",""
"tests/modTestBatchCalculation.bas","6858","state.ResultMeta.InternalStatus = rsInvalidConfiguration Or state.ResultMeta.InternalStatus = rsInternalError","Pending","",""
"tests/modTestBatchCalculation.bas","6862","If state.StateType = sstCapacityState Or state.StateType = sstPreCrackState Or state.StateType = sstPostCrackState Then","Pending","",""
"tests/modTestBatchCalculation.bas","6864","AssertTrue stats, prefix & "".state.finalPhysical."" & CStr(i), state.Converged And state.WithinPhysicalRange And Not state.ExtensionUsed","Pending","",""
"tests/modTestBatchCalculation.bas","6870","result.CrackFormationMeta.InternalStatus = state.ResultMeta.InternalStatus And _","Pending","",""
"tests/modTestBatchCalculation.bas","6937","For i = LBound(statuses) To UBound(statuses)","Pending","",""
"tests/modTestBatchCalculation.bas","6955","AssertTrue stats, ""audit03.palette.clearedCell"", cell.Interior.ColorIndex = -4142 And cell.DisplayFormat.Interior.ColorIndex = -4142","Pending","",""
"tests/modTestBatchCalculation.bas","7009","If Not clearedRows Or rowIndex > 1 Then","Pending","",""
"tests/modTestBatchCalculation.bas","7015","cell.Interior.ColorIndex = -4142 And cell.DisplayFormat.Interior.ColorIndex = -4142","Pending","",""
"tests/modTestBatchCalculation.bas","7229","AssertTrue stats, prefix & "".insideTechnicalEndpoints"", state.MinConcreteStrain >= -10# And _","Pending","",""
"tests/modTestBatchCalculation.bas","7230","state.MaxConcreteStrain <= 10# And state.MinSteelStrain >= -10# And state.MaxSteelStrain <= 10#","Pending","",""
"tests/modTestBatchCalculation.bas","7231","AssertTrue stats, prefix & "".physicalFail"", Not state.WithinPhysicalRange And state.InternalStatus = rsCheckFailed","Pending","",""
"tests/modTestBatchCalculation.bas","7234","If mode <= 2 And magnitude = 0.5 Then","Pending","",""
"tests/modTestBatchCalculation.bas","7333","If state.MinConcreteStrain < -10# Or state.MaxConcreteStrain > 10# Or _","Pending","",""
"tests/modTestBatchCalculation.bas","7334","state.MinSteelStrain < -10# Or state.MaxSteelStrain > 10# Then","Pending","",""
"tests/modTestBatchCalculation.bas","7338","Not state.WithinPhysicalRange And state.InternalStatus = rsCheckFailed","Pending","",""
"tests/modTestBatchCalculation.bas","7534","ElseIf angleIndex >= 16 And candidate = candidateCount Then","Pending","",""
"tests/modTestBatchCalculation.bas","7684","If expectedIndex = 0 Or reserve < minimum Then","Pending","",""
"tests/modTestBatchCalculation.bas","7729","AssertTrue stats, prefix & "".recovery"", batch.SolverCallCount > 0 And batch.ResultAt(1).Status <> ""InputErr""","Pending","",""
"tests/modTestBatchCalculation.bas","7754","If first > 0# And second > 0# Then","Pending","",""
"tests/modTestBatchCalculation.bas","7795","SetSystemSetting ""Stability.Code"", IIf(CStr(mode) = ""SP63"", ""SP63"", ""SP35"")","Pending","",""
"tests/modTestBatchCalculation.bas","7796","SetSystemSetting ""Stability.AccidentalEccentricityUser1"", IIf(CStr(mode) = ""SP35-eta"", ""200"", ""5"")","Pending","",""
"tests/modTestBatchCalculation.bas","7797","SetSystemSetting ""Stability.AccidentalEccentricityUser2"", IIf(CStr(mode) = ""SP35-table"" Or CStr(mode) = ""SP63"", ""5"", ""200"")","Pending","",""
"tests/modTestBatchCalculation.bas","7882","AssertTrue stats, ""audit03.crackConfig.baseline.positive"", baseWidth.CrackWidth > 0# And baseWidth.SigmaS > 0#","Pending","",""
"tests/modTestBatchCalculation.bas","7887","For i = 0 To UBound(keys)","Pending","",""
"tests/modTestBatchCalculation.bas","7974","For i = 0 To UBound(keys)","Pending","",""
"tests/modTestBatchCalculation.bas","7992","If Len(invalidText) = 0 Or invalidText = ""TODO"" Then","Pending","",""
"tests/modTestBatchCalculation.bas","7998","If CStr(keys(i)) = ""SLS.Crack.Allowable"" Or CStr(keys(i)) = ""SLS.Crack.Phi1"" Or _","Pending","",""
"tests/modTestBatchCalculation.bas","7999","CStr(keys(i)) = ""SLS.Crack.Phi2"" Or CStr(keys(i)) = ""SLS.Crack.Phi3"" Or _","Pending","",""
"tests/modTestBatchCalculation.bas","8144","If Application.EnableEvents <> oldEvents Or Application.Calculation <> oldCalculation Or _","Pending","",""
"tests/modTestBatchCalculation.bas","8175","For row = 1 To UBound(data, 1)","Pending","",""
"tests/modTestBatchCalculation.bas","8176","For column = 1 To UBound(data, 2)","Pending","",""
"tests/modTestBatchCalculation.bas","8222","For i = 0 To UBound(keys)","Pending","",""
"tests/modTestBatchCalculation.bas","8342","If groupName <> ""All"" And groupName <> ""Writers"" And groupName <> ""Meta"" And groupName <> ""Repository"" And groupName <> ""None"" And _","Pending","",""
"tests/modTestBatchCalculation.bas","8343","groupName <> ""Summary"" And groupName <> ""Gaps"" And groupName <> ""Rows"" And groupName <> ""Settings"" And groupName <> ""Invalid"" And _","Pending","",""
"tests/modTestBatchCalculation.bas","8344","groupName <> ""Summaries"" And groupName <> ""OtherWriters"" And groupName <> ""SummaryRows"" And groupName <> ""WritersNoRows"" Then _","Pending","",""
"tests/modTestBatchCalculation.bas","8346","If groupName = ""All"" Or groupName = ""Writers"" Or groupName = ""Summary"" Or groupName = ""Summaries"" Or _","Pending","",""
"tests/modTestBatchCalculation.bas","8347","groupName = ""SummaryRows"" Or groupName = ""WritersNoRows"" Then TestBatchSummaryWriter stats","Pending","",""
"tests/modTestBatchCalculation.bas","8348","If groupName = ""All"" Or groupName = ""Writers"" Or groupName = ""Gaps"" Or groupName = ""Summaries"" Or _","Pending","",""
"tests/modTestBatchCalculation.bas","8350","If groupName = ""All"" Or groupName = ""Writers"" Or groupName = ""Rows"" Or groupName = ""OtherWriters"" Or _","Pending","",""
"tests/modTestBatchCalculation.bas","8352","If groupName = ""All"" Or groupName = ""Writers"" Or groupName = ""Settings"" Or groupName = ""OtherWriters"" Or _","Pending","",""
"tests/modTestBatchCalculation.bas","8354","If groupName = ""All"" Or groupName = ""Writers"" Or groupName = ""Invalid"" Or groupName = ""OtherWriters"" Or _","Pending","",""
"tests/modTestBatchCalculation.bas","8356","If groupName = ""All"" Or groupName = ""Writers"" Or groupName = ""Summary"" Or groupName = ""Gaps"" Or groupName = ""Rows"" Or _","Pending","",""
"tests/modTestBatchCalculation.bas","8357","groupName = ""Settings"" Or groupName = ""Invalid"" Or groupName = ""Summaries"" Or groupName = ""OtherWriters"" Or _","Pending","",""
"tests/modTestBatchCalculation.bas","8358","groupName = ""SummaryRows"" Or groupName = ""WritersNoRows"" Then","Pending","",""
"tests/modTestBatchCalculation.bas","8361","If groupName = ""All"" Or groupName = ""Meta"" Then","Pending","",""
"tests/modTestBatchCalculation.bas","8370","If groupName = ""All"" Or groupName = ""Repository"" Then","Pending","",""
"tests/modTestBatchCalculation.bas","8635","AssertTrue stats, prefix & "".noPsiWarning"", InStr(1, result.CrackWidthMeta.ResultComment, ""psi"", vbTextCompare) = 0 And _","Pending","",""
"tests/modTestBatchCalculation.bas","8637","AssertTrue stats, prefix & "".noSummaryPsiWarning"", InStr(1, result.CrackSummaryMeta.ResultComment, ""psi"", vbTextCompare) = 0 And _","Pending","",""
"tests/modTestBatchCalculation.bas","8753","AssertTrue stats, prefix & "".boundExplanation"", InStr(1, result.CrackWidthMeta.ResultComment, ""500"", vbBinaryCompare) > 0 And _","Pending","",""
"tests/modTestBatchCalculation.bas","8783","calculator.ResultMeta.InternalStatus = rsSuccess And InStr(1, calculator.ResultMeta.ResultComment, warningText, vbTextCompare) = 0","Pending","",""
"tests/modTestCapacitySolver.bas","134","AssertTrue stats, ""capacity.mx.limit.physical"", IsPhysicalLimitState(capNeg.LimitState) And IsPhysicalLimitState(capPos.LimitState)","Pending","",""
"tests/modTestCapacitySolver.bas","205","AssertTrue stats, ""tensionMode.solver.affectsState"", Abs(solverIgnore.KappaX - solverUse.KappaX) > 0.000000001 Or Abs(solverIgnore.KappaY - solverUse.KappaY) > 0.000000001","Pending","",""
"tests/modTestCapacitySolver.bas","236","AssertTrue stats, prefix & "".stateDiffers"", Abs(solverIgnore.KappaX - solverUse.KappaX) > 0.000000001 Or _","Pending","",""
"tests/modTestCapacitySolver.bas","237","Abs(solverIgnore.KappaY - solverUse.KappaY) > 0.000000001 Or Abs(solverIgnore.Epsilon0 - solverUse.Epsilon0) > 0.000000001","Pending","",""
"tests/modTestCapacitySolver.bas","292","AssertTrue stats, ""capacity.my.limit.physical"", IsPhysicalLimitState(capNeg.LimitState) And IsPhysicalLimitState(capPos.LimitState)","Pending","",""
"tests/modTestCapacitySolver.bas","740","AssertTrue stats, ""method.numericalFailure.state"", cap.LimitState = ""NumericalFailure"" Or cap.LimitState = ""SingularTangent""","Pending","",""
"tests/modTestCapacitySolver.bas","820","AssertTrue stats, ""capacity.tfDefaults.ultimate.lambda"", reference.LambdaUltimate > 0# And reference.LambdaUltimate < 10#","Pending","",""
"tests/modTestCapacitySolver.bas","1164","For i = LBound(steps) To UBound(steps)","Pending","",""
"tests/modTestCapacitySolver.bas","1288","isPureAxial = Abs(nBase) > 0.000000001 And _","Pending","",""
"tests/modTestCapacitySolver.bas","1289","Abs(nOffset) <= 0.000000001 And _","Pending","",""
"tests/modTestCapacitySolver.bas","1290","Abs(mxOffset) <= 0.000000001 And Abs(mxBase) <= 0.000000001 And _","Pending","",""
"tests/modTestCapacitySolver.bas","1291","Abs(myOffset) <= 0.000000001 And Abs(myBase) <= 0.000000001","Pending","",""
"tests/modTestCapacitySolver.bas","1302","AssertTrue stats, name, cap.SolutionMethod = ""UltimateStrain"" Or cap.SolutionMethod = ""LoadMultiplier""","Pending","",""
"tests/modTestCapacitySolver.bas","1358","AssertTrue stats, ""search.empty.inputError"", Not emptyMethod.Converged And emptyMethod.LimitState = ""InvalidInput""","Pending","",""
"tests/modTestCapacitySolver.bas","1359","AssertTrue stats, ""search.invalid.inputError"", Not invalidMethod.Converged And invalidMethod.LimitState = ""InvalidInput""","Pending","",""
"tests/modTestCapacitySolver.bas","1360","AssertTrue stats, ""search.secant.controlledFailure"", Not secantFail.Converged And _","Pending","",""
"tests/modTestCapacitySolver.bas","1361","(secantFail.LimitState = ""NumericalFailure"" Or secantFail.LimitState = ""InvalidInput"")","Pending","",""
"tests/modTestCapacitySolver.bas","1587","IsPhysicalLimitState = (state = ""ConcreteStrainLimit"" Or state = ""ConcreteTensionStrainLimit"" Or _","Pending","",""
"tests/modTestCapacitySolver.bas","2085","AssertTrue stats, ""audit03.capacity.realPrecision.finiteWork"", cap.Iterations > 40 And cap.Iterations < 100","Pending","",""
"tests/modTestCapacitySolver.bas","2244","If scenario <= 5 Or scenario = 13 Then AssertTrue stats, prefix & "".noNumericalAttempt"", problem.UltimateCalls = 0","Pending","",""
"tests/modTestCapacitySolver.bas","2246","If scenario >= 7 And scenario <= 11 Then AssertTrue stats, prefix & "".failedProbeNotOverwritten"", problem.UltimateCalls = 2","Pending","",""
"tests/modTestCapacitySolver.bas","2298","AssertTrue stats, prefix & "".adjacentDistinct"", adjacent > 1# And adjacent - 1# < 0.000000000000001","Pending","",""
"tests/modTestCapacitySolver.bas","2318","If scenario = 1 Or scenario = 3 Then","Pending","",""
"tests/modTestCapacitySolver.bas","2326","AssertTrue stats, prefix & "".success"", result.Succeeded And result.HasLimitPoint","Pending","",""
"tests/modTestCapacitySolver.bas","2410","AssertTrue stats, prefix & "".priorSnapshot"", retained.SearchExecuted And retained.HasLimitPoint","Pending","",""
"tests/modTestCapacitySolver.bas","2527","AssertTrue stats, prefix & "".noSearch"", Not result.SearchExecuted And cap.Iterations = 0","Pending","",""
"tests/modTestCapacitySolver.bas","2587","AssertTrue stats, prefix & "".noPoint"", Not result.HasLimitPoint And Not fake.Converged","Pending","",""
"tests/modTestCapacitySolver.bas","2591","If scenario = 13 Or scenario = 14 Then","Pending","",""
"tests/modTestCapacitySolver.bas","2592","AssertTrue stats, prefix & "".notCalculated"", Not result.Meta.Calculated And Not result.SearchExecuted","Pending","",""
"tests/modTestCapacitySolver.bas","2593","ElseIf expectedStatus = rsInvalidInput Or expectedStatus = rsInvalidConfiguration Then","Pending","",""
"tests/modTestCapacitySolver.bas","2594","AssertTrue stats, prefix & "".validationLifecycle"", Not result.Meta.Calculated And result.SearchExecuted","Pending","",""
"tests/modTestCapacitySolver.bas","2596","AssertTrue stats, prefix & "".calculated"", result.Meta.Calculated And result.SearchExecuted","Pending","",""
"tests/modTestCapacitySolver.bas","2601","If expectedStatus <> rsNumericalFailure And scenario <> 15 Then","Pending","",""
"tests/modTestCapacitySolver.bas","2607","AssertTrue stats, prefix & "".recoverySuccess"", result.Meta.InternalStatus = rsSuccess And result.HasLimitPoint","Pending","",""
"tests/modTestConfiguration.bas","182","Check stats, prefix & "".actual"", cap.SolutionMethod = ""UltimateStrain"" Or cap.SolutionMethod = ""LoadMultiplier""","Pending","",""
"tests/modTestConfiguration.bas","186","Check stats, prefix & "".point"", cap.SearchResult.HasLimitPoint And cap.LambdaCapacity > 0#","Pending","",""
"tests/modTestConfiguration.bas","244","If CStr(path) = ""Mx"" Or CStr(path) = ""My"" Then loadFactor = 0.5","Pending","",""
"tests/modTestConfiguration.bas","250","Check stats, prefix & "".point"", formation.HasLimitPoint And formation.LambdaCrc > 0#","Pending","",""
"tests/modTestConfiguration.bas","267","If point.MinConcreteStrain > 0# And point.MaxConcreteStrain > 0# Then _","Pending","",""
"tests/modTestConfiguration.bas","272","If actualPath = LambdaPath(""N"") Or actualPath = LambdaPath(""NMxy"") Then nExpected = nExpected * formation.LambdaCrc","Pending","",""
"tests/modTestConfiguration.bas","273","If actualPath = LambdaPath(""Mx"") Or actualPath = LambdaPath(""Mxy"") Or actualPath = LambdaPath(""NMxy"") Then _","Pending","",""
"tests/modTestConfiguration.bas","275","If actualPath = LambdaPath(""My"") Or actualPath = LambdaPath(""Mxy"") Or actualPath = LambdaPath(""NMxy"") Then _","Pending","",""
"tests/modTestConfiguration.bas","284","Check stats, prefix & "".noPostAboveCurrent"", formation.PostCrackState Is Nothing And formation.LambdaCrc > 1#","Pending","",""
"tests/modTestConfiguration.bas","334","Check stats, prefix & "".action"", InStr(1, message, ""Введите"", vbTextCompare) > 0 Or _","Pending","",""
"tests/modTestConfiguration.bas","335","InStr(1, message, ""Выберите"", vbTextCompare) > 0 Or InStr(1, message, ""Восстановите"", vbTextCompare) > 0","Pending","",""
"tests/modTestConfiguration.bas","340","Check stats, ""searchConfig.recovery."" & CStr(key), batch.ResultAt(1).Status <> ""InputErr"" And batch.SolverCallCount > 0","Pending","",""
"tests/modTestConfiguration.bas","409","Check stats, prefix & "".noInputError"", result.Status <> ""InputErr"" And result.Status <> ""CalcErr""","Pending","",""
"tests/modTestConfiguration.bas","424","If CStr(path) = ""Auto"" Or Len(CStr(path)) = 0 Then","Pending","",""
"tests/modTestConfiguration.bas","425","Check stats, prefix & "".autoFirst"", actualPath = ""LambdaMxy"" Or actualPath = LambdaPath(""Mxy"")","Pending","",""
"tests/modTestConfiguration.bas","443","result.CrackResult.Formation.ResultMeta.InternalStatus = rsCheckFailed And _","Pending","",""
"tests/modTestConfiguration.bas","454","result.CrackResult.Longitudinal.ResultMeta.Calculated Or _","Pending","",""
"tests/modTestConfiguration.bas","539","If (i - 1) Mod 5 = 2 Or (i - 1) Mod 5 = 3 Then","Pending","",""
"tests/modTestConfiguration.bas","546","Check stats, prefix & "".valid"", batch.ResultAt(i).Status <> ""InputErr"" And batch.ResultAt(i).Status <> ""CalcErr""","Pending","",""
"tests/modTestConfiguration.bas","600","scaleN = (CStr(path) = ""LambdaN"" Or CStr(path) = ""LambdaNMxy"")","Pending","",""
"tests/modTestConfiguration.bas","601","scaleMx = (CStr(path) = ""LambdaMx"" Or CStr(path) = ""LambdaMxy"" Or CStr(path) = ""LambdaNMxy"")","Pending","",""
"tests/modTestConfiguration.bas","602","scaleMy = (CStr(path) = ""LambdaMy"" Or CStr(path) = ""LambdaMxy"" Or CStr(path) = ""LambdaNMxy"")","Pending","",""
"tests/modTestConfiguration.bas","604","Check stats, ""universalPath.math.fixed."" & CStr(path), UBound(keys) = LBound(keys) And CStr(keys(0)) = CStr(path)","Pending","",""
"tests/modTestConfiguration.bas","606","nExpected = 20# * IIf(scaleN, CDbl(lambdaValue), 1#)","Pending","",""
"tests/modTestConfiguration.bas","607","mxExpected = 80# * IIf(scaleMx, CDbl(lambdaValue), 1#) - 2# * nExpected","Pending","",""
"tests/modTestConfiguration.bas","608","myExpected = 40# * IIf(scaleMy, CDbl(lambdaValue), 1#) + 3# * nExpected","Pending","",""
"tests/modTestConfiguration.bas","637","Check stats, ""universalPath.history.keepsTypedCause"", search.Meta.InternalStatus = rsNumericalFailure And _","Pending","",""
"tests/modTestConfiguration.bas","652","Check stats, ""universalPath.history.capacityFailed"", capacity.ResultMeta.InternalStatus = rsCheckFailed And _","Pending","",""
"tests/modTestConfiguration.bas","657","Check stats, ""universalPath.history.searchUnchanged"", search.Meta.InternalStatus = rsSuccessWithWarning And _","Pending","",""
"tests/modTestConfiguration.bas","716","If targetRow = 0 Or targetColumn = 0 Then Err.Raise vbObjectError + 4499, ""SetProfileValue"", _","Pending","",""
"tests/modTestCrackWidth.bas","148","AssertTrue stats, ""crack.user.coeffs.lambda"", crack.FormationResult.LambdaCrc > 0# And crack.FormationResult.LambdaCrc <= 1#","Pending","",""
"tests/modTestCrackWidth.bas","211","AssertTrue stats, ""crack.auto.pass.lambda"", crack.FormationResult.LambdaCrc > 0# And crack.FormationResult.LambdaCrc <= 1#","Pending","",""
"tests/modTestCrackWidth.bas","263","AssertTrue stats, ""crack.auto.fail.lambda"", crack.FormationResult.LambdaCrc > 0# And crack.FormationResult.LambdaCrc <= 1#","Pending","",""
"tests/modTestCrackWidth.bas","264","AssertTrue stats, ""crack.auto.fail.psiRange"", crack.PsiS >= 0# And crack.PsiS <= 1#","Pending","",""
"tests/modTestCrackWidth.bas","311","AssertTrue stats, prefix & "".lambda"", crack.FormationResult.LambdaCrc > 0# And crack.FormationResult.LambdaCrc <= 1#","Pending","",""
"tests/modTestCrackWidth.bas","371","AssertTrue stats, ""crack.path.mxy.lambda"", crackMxy.FormationResult.LambdaCrc > 0# And crackMxy.FormationResult.LambdaCrc <= 1#","Pending","",""
"tests/modTestCrackWidth.bas","401","AssertTrue stats, ""crack.path.nmxy.lambda"", crackNMxy.FormationResult.LambdaCrc > 0# And crackNMxy.FormationResult.LambdaCrc <= 1#","Pending","",""
"tests/modTestCrackWidth.bas","411","crackNFixedMomentFallback.FormationResult.ResultMeta.InternalStatus = rsCheckFailed And _","Pending","",""
"tests/modTestCrackWidth.bas","427","crackFallback.FormationResult.ResultMeta.InternalStatus = rsInvalidInput And _","Pending","",""
"tests/modTestCrackWidth.bas","479","width.CrackWidthInternalStatus = rsBlockedByDependency And Not width.ResultMeta.Calculated","Pending","",""
"tests/modTestCrackWidth.bas","649","AssertTrue stats, prefix & "".lambda"", crack.FormationResult.LambdaCrc > 0# And crack.FormationResult.LambdaCrc <= 1#","Pending","",""
"tests/modTestCrackWidth.bas","699","AssertTrue stats, ""crack.central.lambda"", crack.FormationResult.LambdaCrc > 0# And crack.FormationResult.LambdaCrc <= 1#","Pending","",""
"tests/modTestCrackWidth.bas","830","If runner.ResultSolver Is Nothing Or Not runner.Converged Then","Pending","",""
"tests/modTestCrackWidth.bas","1142","second.ResultMeta.InternalStatus = rsInvalidInput And second.ResultMeta.ResultCode = rcInvalidInput","Pending","",""
"tests/modTestCrackWidth.bas","1338","expectedExecuted = (scenario = 3 Or scenario = 5)","Pending","",""
"tests/modTestCrackWidth.bas","1346","If scenario = 0 Or scenario = 4 Then","Pending","",""
"tests/modTestCrackWidth.bas","1369","If scenario >= 4 Then AssertTrue stats, prefix & "".priorSnapshot"", retained.SearchExecuted And retained.HasLimitPoint","Pending","",""
"tests/modTestCrackWidth.bas","1421","If runner.Converged And runner.WithinPhysicalRange Then","Pending","",""
"tests/modTestCrackWidth.bas","1437","If crack.FormationResult.HasLimitPoint And crack.ResultMeta.Calculated Then","Pending","",""
"tests/modTestCrackWidth.bas","1438","AssertTrue stats, prefix & "".psiRange"", crack.PsiS >= 0# And crack.PsiS <= 1#","Pending","",""
"tests/modTestCrackWidth.bas","1611","AssertTrue stats, prefix & "".noPoint"", Not search.HasLimitPoint And Not calculator.HasLimitPoint","Pending","",""
"tests/modTestCrackWidth.bas","1623","AssertTrue stats, prefix & "".recoverySuccess"", recovery.ResultMeta.InternalStatus = rsSuccess Or _","Pending","",""
"tests/modTestGeometry.bas","913","AssertTrue stats, ""rectset.rectangle.rebarSkipsLower"", CountBarsWithSource(rectangleBars, ""H2"") = 0 And CountBarsWithSource(rectangleBars, ""B2"") = 0","Pending","",""
"tests/modTestGeometry.bas","1463","If Not initialized Or candidate < minValue Then minValue = candidate","Pending","",""
"tests/modTestGeometry.bas","1568","geom.MaxX > geom.RightBaseX And geom.MaxX < geom.RightBaseX + geom.RightW","Pending","",""
"tests/modTestGeometry.bas","1650","For i = LBound(px) To UBound(px) - 1","Pending","",""
"tests/modTestGeometry.bas","1660","For i = LBound(px) To UBound(px) - 1","Pending","",""
"tests/modTestGeometry.bas","1676","xCoord = px(UBound(px))","Pending","",""
"tests/modTestGeometry.bas","1677","yCoord = py(UBound(py))","Pending","",""
"tests/modTestGeometry.bas","1711","AssertTrue stats, ""rounded.rebar.top.lastX.followsTaperAngle"", layout.X(5) > 360# And layout.X(5) < 400#","Pending","",""
"tests/modTestGeometry.bas","1723","AssertClose stats, ""rounded.rebar.hLeft.pathStartX"", leftPathX(LBound(leftPathX)), topX1, 0.000001","Pending","",""
"tests/modTestGeometry.bas","1724","AssertClose stats, ""rounded.rebar.hLeft.pathStartY"", leftPathY(LBound(leftPathY)), topY1, 0.000001","Pending","",""
"tests/modTestGeometry.bas","1725","AssertClose stats, ""rounded.rebar.hLeft.pathEndX"", leftPathX(UBound(leftPathX)), bottomX1, 0.000001","Pending","",""
"tests/modTestGeometry.bas","1726","AssertClose stats, ""rounded.rebar.hLeft.pathEndY"", leftPathY(UBound(leftPathY)), bottomY1, 0.000001","Pending","",""
"tests/modTestGeometry.bas","1742","AssertClose stats, ""rounded.rebar.hRight.pathStartX"", rightPathX(LBound(rightPathX)), topX2, 0.000001","Pending","",""
"tests/modTestGeometry.bas","1743","AssertClose stats, ""rounded.rebar.hRight.pathStartY"", rightPathY(LBound(rightPathY)), topY2, 0.000001","Pending","",""
"tests/modTestGeometry.bas","1744","AssertClose stats, ""rounded.rebar.hRight.pathEndX"", rightPathX(UBound(rightPathX)), bottomX2, 0.000001","Pending","",""
"tests/modTestGeometry.bas","1745","AssertClose stats, ""rounded.rebar.hRight.pathEndY"", rightPathY(UBound(rightPathY)), bottomY2, 0.000001","Pending","",""
"tests/modTestGeometry.bas","1770","AssertClose stats, ""rounded.rebar.simpleLeft.pathStartX"", simpleLeftPathX(LBound(simpleLeftPathX)), simpleTopX1, 0.000001","Pending","",""
"tests/modTestGeometry.bas","1771","AssertClose stats, ""rounded.rebar.simpleLeft.pathStartY"", simpleLeftPathY(LBound(simpleLeftPathY)), simpleTopY1, 0.000001","Pending","",""
"tests/modTestGeometry.bas","1772","AssertClose stats, ""rounded.rebar.simpleLeft.pathEndX"", simpleLeftPathX(UBound(simpleLeftPathX)), simpleBottomX1, 0.000001","Pending","",""
"tests/modTestGeometry.bas","1773","AssertClose stats, ""rounded.rebar.simpleLeft.pathEndY"", simpleLeftPathY(UBound(simpleLeftPathY)), simpleBottomY1, 0.000001","Pending","",""
"tests/modTestGeometry.bas","1778","AssertClose stats, ""rounded.rebar.simpleRight.pathStartX"", simpleRightPathX(LBound(simpleRightPathX)), simpleTopX2, 0.000001","Pending","",""
"tests/modTestGeometry.bas","1779","AssertClose stats, ""rounded.rebar.simpleRight.pathStartY"", simpleRightPathY(LBound(simpleRightPathY)), simpleTopY2, 0.000001","Pending","",""
"tests/modTestGeometry.bas","1780","AssertClose stats, ""rounded.rebar.simpleRight.pathEndX"", simpleRightPathX(UBound(simpleRightPathX)), simpleBottomX2, 0.000001","Pending","",""
"tests/modTestGeometry.bas","1781","AssertClose stats, ""rounded.rebar.simpleRight.pathEndY"", simpleRightPathY(UBound(simpleRightPathY)), simpleBottomY2, 0.000001","Pending","",""
"tests/modTestGeometry.bas","2106","If mesh.FiberWidth(i) < baseStep Or mesh.FiberHeight(i) < baseStep Then","Pending","",""
"tests/modTestGeometry.bas","2264","If StrComp(annotations.AnnotationType(i), annotationType, vbTextCompare) = 0 And _","Pending","",""
"tests/modTestGeometry.bas","2323","ElseIf findMax And layout.Y(i) > ExtremeYInAnnotationGroup Then","Pending","",""
"tests/modTestGeometry.bas","2325","ElseIf Not findMax And layout.Y(i) < ExtremeYInAnnotationGroup Then","Pending","",""
"tests/modTestGeometry.bas","2532","AssertTrue stats, ""audit03.geometry.rounded.stableReason"", message = repeatedMessage And Len(message) > 0","Pending","",""
"tests/modTestGeometry.bas","2537","AssertTrue stats, ""audit03.geometry.rounded.revalidated"", rounded.IsValid(message) And Len(message) = 0","Pending","",""
"tests/modTestGeometry.bas","2541","For contourIndex = LBound(contourX) To UBound(contourX)","Pending","",""
"tests/modTestGeometry.bas","2554","AssertTrue stats, ""audit03.geometry.hollow.stableReason"", message = repeatedMessage And Len(message) > 0","Pending","",""
"tests/modTestGeometry.bas","2559","AssertTrue stats, ""audit03.geometry.hollow.revalidated"", hollow.IsValid(message) And Len(message) = 0","Pending","",""
"tests/modTestGeometry.bas","2583","AssertTrue stats, ""audit03.geometry.rounded.areaAvailable"", available And freshAvailable","Pending","",""
"tests/modTestGeometry.bas","2585","AssertTrue stats, ""audit03.geometry.hollow.areaAvailable"", available And freshAvailable","Pending","",""
"tests/modTestGeometryConfig.bas","41","InStr(1, description, ""Config"", vbTextCompare) > 0 And InStr(1, description, ""счетчиков"", vbTextCompare) > 0","Pending","",""
"tests/modTestGeometryConfig.bas","330","Check stats, prefix & "".invalid"", Not valid And Len(description) > 0","Pending","",""
"tests/modTestGeometryConfig.bas","451","Check stats, prefix & "".location"", InStr(1, description, ""Config"", vbTextCompare) > 0 And _","Pending","",""
"tests/modTestGeometryConfig.bas","558","Check stats, ""circleConfig.invalid."" & CStr(key), errorNumber <> 0 And Len(description) > 0","Pending","",""
"tests/modTestGeometryConfig.bas","600","equal = geom.MinX = originalGeom.MinX And geom.MaxX = originalGeom.MaxX And _","Pending","",""
"tests/modTestGeometryConfig.bas","601","geom.MinY = originalGeom.MinY And geom.MaxY = originalGeom.MaxY And bars.Count = originalBars.Count","Pending","",""
"tests/modTestGeometryConfig.bas","604","If bars.X(index) <> originalBars.X(index) Or bars.Y(index) <> originalBars.Y(index) Or _","Pending","",""
"tests/modTestGeometryConfig.bas","640","For rowIndex = LBound(expected, 1) To UBound(expected, 1)","Pending","",""
"tests/modTestGeometryConfig.bas","641","For columnIndex = LBound(expected, 2) To UBound(expected, 2)","Pending","",""
"tests/modTestGeometryConfig.bas","720","Check stats, prefix & "".address"", InStr(1, description, ""Config"", vbTextCompare) > 0 And _","Pending","",""
"tests/modTestGeometryConfig.bas","817","If UBound(first) <> UBound(second) Then Exit Function","Pending","",""
"tests/modTestGeometryConfig.bas","819","For i = LBound(first) To UBound(first)","Pending","",""
"tests/modTestGeometryConfig.bas","924","Check stats, prefix & "".recovery"", model.ConcreteCount > 0 And model.RebarCount = 24","Pending","",""
"tests/modTestLoadTableConfig.bas","85","For row = 2 To UBound(data, 1)","Pending","",""
"tests/modTestLoadTableConfig.bas","86","For column = 1 To UBound(data, 2)","Pending","",""
"tests/modTestLoadTableConfig.bas","99","Check stats, prefix & "".workflowTyped"", result.WorkflowMeta.InternalStatus = rsInvalidInput And _","Pending","",""
"tests/modTestLoadTableConfig.bas","100","result.WorkflowMeta.ResultCode = rcInvalidInput And Not result.WorkflowMeta.Calculated","Pending","",""
"tests/modTestLoadTableConfig.bas","104","If (mask And 3) <> 0 Then Check stats, prefix & "".singleStrengthReason"", TextOccurrences(result.StrengthMeta.ResultComment, reason) = 1","Pending","",""
"tests/modTestLoadTableConfig.bas","105","If (mask And 4) <> 0 Then Check stats, prefix & "".singleCrackReason"", TextOccurrences(result.CrackSummaryMeta.ResultComment, reason) = 1","Pending","",""
"tests/modTestLoadTableConfig.bas","106","If (mask And 8) <> 0 Then Check stats, prefix & "".singleStabilityReason"", TextOccurrences(result.StabilityMeta.ResultComment, reason) = 1","Pending","",""
"tests/modTestLoadTableConfig.bas","107","CheckProfileFailureMeta stats, prefix & "".direct"", result.DirectStateMeta, (mask And 1) <> 0, False, reason","Pending","",""
"tests/modTestLoadTableConfig.bas","108","CheckProfileFailureMeta stats, prefix & "".capacity"", result.CapacityMeta, (mask And 2) <> 0, False, reason","Pending","",""
"tests/modTestLoadTableConfig.bas","109","CheckProfileFailureMeta stats, prefix & "".stability"", result.StabilityMeta, (mask And 8) <> 0, False, reason","Pending","",""
"tests/modTestLoadTableConfig.bas","110","CheckProfileFailureMeta stats, prefix & "".formation"", result.CrackFormationMeta, (mask And 4) <> 0, False, reason","Pending","",""
"tests/modTestLoadTableConfig.bas","111","CheckProfileFailureMeta stats, prefix & "".current"", result.CrackCurrentStateMeta, (mask And 4) <> 0, True, reason","Pending","",""
"tests/modTestLoadTableConfig.bas","112","CheckProfileFailureMeta stats, prefix & "".width"", result.CrackWidthMeta, (mask And 4) <> 0, True, reason","Pending","",""
"tests/modTestLoadTableConfig.bas","113","CheckProfileFailureMeta stats, prefix & "".longitudinal"", result.LongitudinalCrackMeta, (mask And 4) <> 0, True, reason","Pending","",""
"tests/modTestLoadTableConfig.bas","142","If (mask And 1) <> 0 Then","Pending","",""
"tests/modTestLoadTableConfig.bas","143","Check stats, prefix & "".directExecuted"", result.DirectStateMeta.Calculated And result.StrengthResult.DirectState.StateAvailable","Pending","",""
"tests/modTestLoadTableConfig.bas","147","If (mask And 2) <> 0 Then","Pending","",""
"tests/modTestLoadTableConfig.bas","148","Check stats, prefix & "".capacityExecuted"", result.CapacityMeta.Calculated And result.StrengthResult.Capacity.LambdaCapacity > 0#","Pending","",""
"tests/modTestLoadTableConfig.bas","152","If (mask And 4) <> 0 Then","Pending","",""
"tests/modTestLoadTableConfig.bas","158","If (mask And 8) <> 0 Then","Pending","",""
"tests/modTestLoadTableConfig.bas","159","Check stats, prefix & "".stabilityExecuted"", Len(result.StabilityResult.Code) > 0 And result.StabilityMeta.InternalStatus = rsNotApplicable","Pending","",""
"tests/modTestLoadTableConfig.bas","174","Check stats, ""profileScope.aggregate.typedPriority"", standalone.Status = ""CalcErr"" And standalone.OverallMeta.ResultCode = rcInternalError","Pending","",""
"tests/modTestLoadTableConfig.bas","207","If (mask And bit) <> 0 Then cell.Value2 = ""Yes"" Else cell.Value2 = ""No""","Pending","",""
"tests/modTestLoadTableConfig.bas","235","If Len(fragment) > 0 Then TextOccurrences = UBound(Split(text, fragment, -1, vbBinaryCompare))","Pending","",""
"tests/modTestLoadTableConfig.bas","257","If loads.Rows.Count <> ROW_COUNT + 1 Or loads.Columns.Count <> 7 Then _","Pending","",""
"tests/modTestLoadTableConfig.bas","463","If caseIndex = 3 And (column < 2 Or column > 4) Then Exit For","Pending","",""
"tests/modTestLoadTableConfig.bas","464","If caseIndex = 2 And column = 7 Then Exit For","Pending","",""
"tests/modTestLoadTableConfig.bas","470","If column = 1 Or column = 5 Then data(slot + 1, column) = vbNullString Else data(slot + 1, column) = ""unknown""","Pending","",""
"tests/modTestLoadTableConfig.bas","580","If mDiagnosticRun And batch.ResultAt(slot).CapacityMeta.InternalStatus = rsNumericalFailure Then _","Pending","",""
"tests/modTestLoadTableConfig.bas","710","If writerName = ""GuardedBatch"" Or writerName = ""OriginalWidthsGuardedBatch"" Then","Pending","",""
"tests/modTestLoadTableConfig.bas","750","If i <= 3 And writerName <> ""OriginalWidthsBatch"" And writerName <> ""OriginalWidthsGuardedBatch"" And _","Pending","",""
"tests/modTestLoadTableConfig.bas","792","If writerName = ""OriginalWidthsBatch"" Or writerName = ""OriginalWidthsGuardedBatch"" Or _","Pending","",""
"tests/modTestMaterialDiagrams.bas","619","For i = 0 To UBound(values)","Pending","",""
"tests/modTestMaterialDiagrams.bas","624","For i = 0 To UBound(values)","Pending","",""
"tests/modTestMaterialDiagrams.bas","675","errorCode <> 0 And errorCode <> 6 And errorCode <> 13","Pending","",""
"tests/modTestMaterialDiagrams.bas","766","affected = useTension And ((index = 1) = (valueSet = ""ULS(I)""))","Pending","",""
"tests/modTestMaterialDiagrams.bas","782","affected = three And useTension","Pending","",""
"tests/modTestMaterialDiagrams.bas","793","affected = useTension And ((index = 10) = three)","Pending","",""
"tests/modTestProfileConfig.bas","35","For i = 0 To UBound(names)","Pending","",""
"tests/modTestProfileConfig.bas","81","For i = 0 To UBound(names)","Pending","",""
"tests/modTestProfileConfig.bas","108","ReDim refs(0 To UBound(names))","Pending","",""
"tests/modTestProfileConfig.bas","109","For index = 0 To UBound(names): refs(index) = ThisWorkbook.Names.Item(CStr(names(index))).RefersTo: Next index","Pending","",""
"tests/modTestProfileConfig.bas","120","For index = 0 To UBound(names)","Pending","",""
"tests/modTestProfileConfig.bas","149","code = IIf(batch.ResultAt(1).Status = ""InputErr"", 1, 0)","Pending","",""
"tests/modTestProfileConfig.bas","160","If index = 0 And key = ""Solver.ToleranceN"" Then","Pending","",""
"tests/modTestProfileConfig.bas","188","For index = 0 To UBound(names)","Pending","",""
"tests/modTestProfileConfig.bas","402","Check stats, prefix & "".Profile.DisplayName.consumer"", batch.ResultAt(1).ProfileId = ""PR"" & CStr(profile) And Not state Is Nothing","Pending","",""
"tests/modTestProfileConfig.bas","472","Check stats, prefix & "".controlled"", code <> 6 And code <> 13","Pending","",""
"tests/modTestProfileConfig.bas","509","If provider.DiagramExtensionEnabled And (state.StateType = sstStrengthState Or state.StateType = sstCrackedState) Then","Pending","",""
"tests/modTestProfileConfig.bas","544","For i = 0 To UBound(names)","Pending","",""
"tests/modTestProfileConfig.bas","584","If referenceX <> 0# Or referenceY <> 0# Then batch.ApplyLoadReference referenceX, referenceY, 0#, 0#","Pending","",""
"tests/modTestProfileConfig.bas","627","For i = 0 To UBound(names): saved(i) = ThisWorkbook.Names.Item(CStr(names(i))).RefersToRange.Formula: Next i","Pending","",""
"tests/modTestProfileConfig.bas","670","For i = 0 To UBound(names)","Pending","",""
"tests/modTestProfileConfig.bas","808","Check stats, prefix & "".recovery"", batch.Count = 2 And batch.ResultAt(2).StabilityMeta.InternalStatus = rsSuccess","Pending","",""
"tests/modTestProfileConfig.bas","956","For row = 2 To UBound(data, 1)","Pending","",""
"tests/modTestProfileConfig.bas","1035","Check stats, prefix & "".typed"", meta.InternalStatus = rsInvalidInput And meta.ResultCode = rcInvalidInput","Pending","",""
"tests/modTestProfileConfig.bas","1039","Check stats, prefix & "".repair"", InStr(1, meta.ResultComment, ""исправ"", vbTextCompare) > 0 Or InStr(1, meta.ResultComment, ""восстанов"", vbTextCompare) > 0","Pending","",""
"tests/modTestProfileConfig.bas","1066","For row = 2 To UBound(data, 1)","Pending","",""
"tests/modTestProfileConfig.bas","1067","For column = 1 To UBound(data, 2): data(row, column) = vbNullString: Next column","Pending","",""
"tests/modTestProfileConfig.bas","1142","If UBound(before, 1) <> UBound(after, 1) Or UBound(before, 2) <> UBound(after, 2) Then Exit Function","Pending","",""
"tests/modTestProfileConfig.bas","1143","For row = 1 To UBound(before, 1)","Pending","",""
"tests/modTestProfileConfig.bas","1144","For column = 1 To UBound(before, 2)","Pending","",""
"tests/modTestRegressionBaseline.bas","136","AssertTrue stats, ""geometry_change.state_changed"", Abs(smallSolver.KappaX - largeSolver.KappaX) > 0.000000000001 Or _","Pending","",""
"tests/modTestRegressionBaseline.bas","137","Abs(smallSolver.KappaY - largeSolver.KappaY) > 0.000000000001 Or _","Pending","",""
"tests/modTestSectionSolver.bas","262","For i = LBound(removedKeys) To UBound(removedKeys)","Pending","",""
"tests/modTestSectionSolver.bas","271","For i = LBound(rangeNames) To UBound(rangeNames)","Pending","",""
"tests/modTestSectionSolver.bas","280","For i = LBound(removedRanges) To UBound(removedRanges)","Pending","",""
"tests/modTestSectionSolver.bas","293","For i = LBound(requiredKeys) To UBound(requiredKeys)","Pending","",""
"tests/modTestSectionSolver.bas","523","AssertTrue stats, ""section.systemMethod.newtonBranch"", solver.Converged And solver.InternalNewtonCallCount > 0","Pending","",""
"tests/modTestSectionSolver.bas","549","If newton.Converged And secant.Converged Then","Pending","",""
"tests/modTestSectionSolver.bas","800","AssertTrue stats, prefix & "".referenceConverged"", freeSolver.Converged And referenceSolver.Converged","Pending","",""
"tests/modTestSectionSolver.bas","855","If Not unitRange Is Nothing And IsArray(savedUnits) Then","Pending","",""
"tests/modTestSectionSolver.bas","926","If scenario = 2 Or scenario = 3 Then expectedExternal = ""NumFail""","Pending","",""
"tests/modTestSectionSolver.bas","933","If scenario = 1 Or scenario = 5 Or scenario >= 6 Then","Pending","",""
"tests/modTestSectionSolver.bas","1368","AssertTrue stats, prefix & "".numericCause"", solver.FailureCode = sfcNumericalFailure Or solver.FailureCode = sfcSingularTangent","Pending","",""
"tests/modTestSectionSolver.bas","1386","AssertTrue stats, prefix & "".normalRecovers"", solver.Converged And solver.FailureCode = sfcNone","Pending","",""
"tests/modTestSectionSolver.bas","1431","AssertTrue stats, ""audit03.effect.Solver.LoadSteps.one"", first.Converged And first.LoadStepsCompleted = 1","Pending","",""
"tests/modTestSectionSolver.bas","1432","AssertTrue stats, ""audit03.effect.Solver.LoadSteps.four"", second.Converged And second.LoadStepsCompleted = 4","Pending","",""
"tests/modTestSectionSolver.bas","1433","AssertTrue stats, ""audit03.effect.Solver.LoadSteps.work"", second.InternalNewtonCallCount = 4 And first.InternalNewtonCallCount = 1","Pending","",""
"tests/modTestSectionSolver.bas","1439","AssertTrue stats, ""audit03.effect.Solver.MaxIterations.one"", Not first.Converged And first.Iterations = 1","Pending","",""
"tests/modTestSectionSolver.bas","1440","AssertTrue stats, ""audit03.effect.Solver.MaxIterations.four"", second.Converged And second.Iterations <= 4","Pending","",""
"tests/modTestSectionSolver.bas","1453","AssertTrue stats, ""audit03.effect."" & CStr(key) & "".loose"", first.Converged And first.Iterations = 1","Pending","",""
"tests/modTestSectionSolver.bas","1454","AssertTrue stats, ""audit03.effect."" & CStr(key) & "".strict"", second.Converged And second.Iterations > first.Iterations","Pending","",""
"tests/modTestSectionSolver.bas","1477","AssertTrue stats, ""audit03.effect."" & CStr(key) & "".converged"", first.Converged And second.Converged","Pending","",""
"tests/modTestSectionSolver.bas","1487","AssertTrue stats, ""audit03.effect.Solver.Method.Newton"", first.Converged And first.InternalNewtonCallCount = 1","Pending","",""
"tests/modTestSectionSolver.bas","1488","AssertTrue stats, ""audit03.effect.Solver.Method.Secant"", second.Converged And second.InternalNewtonCallCount = 0","Pending","",""
"tests/modTestSectionSolver.bas","1495","AssertTrue stats, ""audit03.effect.Solver.SecantMinStepNorm.large"", Not second.Converged And second.MatrixRestartCount = 2","Pending","",""
"tests/modTestSectionSolver.bas","1501","AssertTrue stats, ""audit03.effect.Solver.SecantMaxRestarts.zero"", Not first.Converged And first.MatrixRestartCount = 0","Pending","",""
"tests/modTestSectionSolver.bas","1502","AssertTrue stats, ""audit03.effect.Solver.SecantMaxRestarts.three"", Not second.Converged And second.MatrixRestartCount = 3","Pending","",""
"tests/modTestSectionSolver.bas","1506","AssertTrue stats, ""audit03.effect.SecantOptions.inactiveInNewton"", first.Converged And first.MatrixRestartCount = 0","Pending","",""
"tests/modTestSectionSolver.bas","1536","For i = 0 To UBound(keys)","Pending","",""
"tests/modTestSectionSolver.bas","1538","If forceSmallSecantStep And CStr(keys(i)) = ""Solver.SecantMinStepNorm"" Then data(i + 2, 2) = 1#","Pending","",""
"tests/modTestSectionSolver.bas","1565","Not solver.Converged And solver.FailureCode = sfcInvalidConfiguration","Pending","",""
"tests/modTestSectionSolver.bas","1589","For i = 0 To UBound(keys)","Pending","",""
"tests/modTestSectionSolver.bas","1594","Not solver.Converged And solver.FailureCode = sfcInvalidConfiguration","Pending","",""
"tests/modTestSectionSolver.bas","1633","AssertTrue stats, ""audit03.effect.Solver.MinLineSearchAlpha.one"", Not first.Converged And first.FailureCode = sfcNumericalFailure","Pending","",""
"tests/modTestWorkbookInterface.bas","213","AssertTrue stats, ""ui.loads.layout.position"", loads.Row = 3 And loads.Column = 15","Pending","",""
"tests/modTestWorkbookInterface.bas","251","AssertTrue stats, ""ui.buttons.outsidePrint"", runButton.Left > calc.Range(""AJ1"").Left And importButton.Left > calc.Range(""AJ1"").Left And clearButton.Left > calc.Range(""AJ1"").Left And acadButton.Left > calc.Range(""AJ1"").Left And plotButton.Left > calc.Range(""AJ1"").Left","Pending","",""
"tests/modTestWorkbookInterface.bas","252","AssertTrue stats, ""ui.buttons.textCentered"", ButtonTextIsCentered(runButton) And ButtonTextIsCentered(importButton) And _","Pending","",""
"tests/modTestWorkbookInterface.bas","253","ButtonTextIsCentered(clearButton) And ButtonTextIsCentered(acadButton) And ButtonTextIsCentered(plotButton)","Pending","",""
"tests/modTestWorkbookInterface.bas","258","ButtonTextIsCentered = (buttonShape.TextFrame.HorizontalAlignment = -4108 And _","Pending","",""
"tests/modTestWorkbookInterface.bas","348","AssertTrue stats, ""ui.executionReport.content"", InStr(1, reportText, ""ОТЧЕТ ВЫПОЛНЕНИЯ RC SECTION NDM"", vbTextCompare) > 0 And _","Pending","",""
"tests/modTestWorkbookInterface.bas","349","InStr(1, reportText, ""Старт расчета"", vbTextCompare) > 0 And _","Pending","",""
"tests/modTestWorkbookInterface.bas","350","InStr(1, reportText, ""Итерации прямого CSectionSolver"", vbTextCompare) > 0 And _","Pending","",""
"tests/modTestWorkbookInterface.bas","434","AssertTrue stats, ""ui.autocad.reference.point"", Abs(batch.LoadReferenceX) > 0.000001 Or Abs(batch.LoadReferenceY) > 0.000001","Pending","",""
"tests/modTestWorkbookInterface.bas","502","AssertTrue stats, ""ui.loads.minRows.headerOnlyRejected"", errorNumber <> 0 And _","Pending","",""
"tests/modTestWorkbookInterface.bas","539","AssertTrue stats, ""ui.loads.partial.message"", InStr(1, message, ""ошиб"", vbTextCompare) > 0 And _","Pending","",""
"tests/modTestWorkbookInterface.bas","557","InStr(1, message, ""InputErr"", vbTextCompare) > 0 And _","Pending","",""
"tests/modTestWorkbookInterface.bas","580","InStr(1, description, ""предварительно импортированной"", vbTextCompare) > 0 And _","Pending","",""
"tests/modTestWorkbookInterface.bas","831","AssertTrue stats, ""ui.plot.overlay.shapes"", CountGeneratedPlotShapes(""Principal1"") > 0 And _","Pending","",""
"tests/modTestWorkbookInterface.bas","832","CountGeneratedPlotShapes(""Principal2"") > 0 And Not loadPoint Is Nothing","Pending","",""
"tests/modTestWorkbookInterface.bas","833","If CountGeneratedPlotShapes(""Principal1"") <= 0 Or CountGeneratedPlotShapes(""Principal2"") <= 0 Or loadPoint Is Nothing Then","Pending","",""
"tests/modTestWorkbookInterface.bas","838","AssertTrue stats, ""ui.plot.overlay.chartLayer"", CountPlotShapes(""Principal1"") > 0 And _","Pending","",""
"tests/modTestWorkbookInterface.bas","839","CountPlotShapes(""Principal2"") > 0 And CountPlotShapes(""LoadPoint"") > 0 And _","Pending","",""
"tests/modTestWorkbookInterface.bas","840","CountWorksheetPlotShapes(""Principal1"") = 0 And CountWorksheetPlotShapes(""Principal2"") = 0 And _","Pending","",""
"tests/modTestWorkbookInterface.bas","842","AssertTrue stats, ""ui.plot.axisLabels.exists"", CountPlotShapes(""AxisLabelX"") = 1 And CountPlotShapes(""AxisLabelY"") = 1","Pending","",""
"tests/modTestWorkbookInterface.bas","843","AssertTrue stats, ""ui.plot.axisLabels.text"", PlotShapeTextContains(""Ось X"") And PlotShapeTextContains(""Ось Y"")","Pending","",""
"tests/modTestWorkbookInterface.bas","844","AssertTrue stats, ""ui.plot.axisLabels.italic"", PlotShapeTextItalic(""AxisLabelX"") And PlotShapeTextItalic(""AxisLabelY"")","Pending","",""
"tests/modTestWorkbookInterface.bas","846","AssertTrue stats, ""ui.plot.axisLabels.insideFrame"", PlotShapesInsideStableFrame(""AxisLabelX"", 0.5) And _","Pending","",""
"tests/modTestWorkbookInterface.bas","855","AssertTrue stats, ""ui.plot.overlay.clippedAxes"", PlotShapesInsideStableFrame(""Principal1"", 1#) And _","Pending","",""
"tests/modTestWorkbookInterface.bas","980","Len(ResultsPropertyValue(""ALL"", ""LoadReferenceX"")) > 0 And Len(ResultsPropertyValue(""ALL"", ""LoadReferenceY"")) > 0","Pending","",""
"tests/modTestWorkbookInterface.bas","1129","AssertTrue stats, ""ui.run.strainPlane"", IsNumeric(strengthAnchor.Worksheet.Cells.Item(strengthAnchor.Row, 15).Value2) And _","Pending","",""
"tests/modTestWorkbookInterface.bas","1130","IsNumeric(strengthAnchor.Worksheet.Cells.Item(strengthAnchor.Row, 16).Value2) And _","Pending","",""
"tests/modTestWorkbookInterface.bas","1134","AssertTrue stats, ""ui.run.crack"", Len(CStr(crackAnchor.Worksheet.Cells.Item(crackAnchor.Row, 3).Value2)) > 0 And _","Pending","",""
"tests/modTestWorkbookInterface.bas","1143","AssertTrue stats, ""ui.strengthSummary.currentDepths"", IsNumeric(resultsSheet.Cells.Item(strengthAnchor.Row, 26).Value2) And IsNumeric(resultsSheet.Cells.Item(strengthAnchor.Row, 27).Value2)","Pending","",""
"tests/modTestWorkbookInterface.bas","1144","AssertTrue stats, ""ui.strengthSummary.direct.noCapacityDepths"", Len(CStr(resultsSheet.Cells.Item(strengthAnchor.Row, 46).Value2)) = 0 And Len(CStr(resultsSheet.Cells.Item(strengthAnchor.Row, 47).Value2)) = 0","Pending","",""
"tests/modTestWorkbookInterface.bas","1148","AssertTrue stats, ""ui.results.elements.rows"", UBound(elementResults, 1) > 1","Pending","",""
"tests/modTestWorkbookInterface.bas","1159","AssertTrue stats, ""ui.results.geometry.rows"", UBound(geometryResults, 1) > 1","Pending","",""
"tests/modTestWorkbookInterface.bas","1160","AssertTrue stats, ""ui.results.strength.anchor"", ThisWorkbook.Names.Item(""rngStrengthSummaryAnchor"").RefersToRange.Row = 49 And ThisWorkbook.Names.Item(""rngStrengthSummaryAnchor"").RefersToRange.Column = 1","Pending","",""
"tests/modTestWorkbookInterface.bas","1161","AssertTrue stats, ""ui.results.crack.anchor"", ThisWorkbook.Names.Item(""rngCrackSummaryAnchor"").RefersToRange.Row = 85 And ThisWorkbook.Names.Item(""rngCrackSummaryAnchor"").RefersToRange.Column = 1","Pending","",""
"tests/modTestWorkbookInterface.bas","1162","AssertTrue stats, ""ui.results.stability.anchor"", ThisWorkbook.Names.Item(""rngStabilitySummaryAnchor"").RefersToRange.Row = 122 And ThisWorkbook.Names.Item(""rngStabilitySummaryAnchor"").RefersToRange.Column = 1","Pending","",""
"tests/modTestWorkbookInterface.bas","1163","AssertTrue stats, ""ui.results.geometry.position"", ThisWorkbook.Names.Item(""rngNDMSectionGeometry"").RefersToRange.Row = 156 And ThisWorkbook.Names.Item(""rngNDMSectionGeometry"").RefersToRange.Column = 12","Pending","",""
"tests/modTestWorkbookInterface.bas","1164","AssertTrue stats, ""ui.results.properties.position"", ThisWorkbook.Names.Item(""rngNDMSectionProperties"").RefersToRange.Row = 156 And ThisWorkbook.Names.Item(""rngNDMSectionProperties"").RefersToRange.Column = 29","Pending","",""
"tests/modTestWorkbookInterface.bas","1165","AssertTrue stats, ""ui.results.materialDiagrams.position"", ThisWorkbook.Names.Item(""rngNDMMaterialDiagrams"").RefersToRange.Row = 156 And ThisWorkbook.Names.Item(""rngNDMMaterialDiagrams"").RefersToRange.Column = 37","Pending","",""
"tests/modTestWorkbookInterface.bas","1166","AssertTrue stats, ""ui.results.annotations.position"", ThisWorkbook.Names.Item(""rngNDMSectionAnnotations"").RefersToRange.Row = 156 And ThisWorkbook.Names.Item(""rngNDMSectionAnnotations"").RefersToRange.Column = 50","Pending","",""
"tests/modTestWorkbookInterface.bas","1172","ResultsPropertyExists(""LC1"", ""State.CrackedState.NeutralLine.Angle"") And _","Pending","",""
"tests/modTestWorkbookInterface.bas","1175","Not ResultsPropertyExists(""LC1"", ""Epsilon0"") And _","Pending","",""
"tests/modTestWorkbookInterface.bas","1176","Not ResultsPropertyExists(""LC1"", ""KappaX"") And _","Pending","",""
"tests/modTestWorkbookInterface.bas","1180","ResultsPropertyExists(""ALL"", ""LoadReferenceX"") And ResultsPropertyExists(""ALL"", ""LoadReferenceY"")","Pending","",""
"tests/modTestWorkbookInterface.bas","1182","ResultsPropertyExists(""ALL"", ""Transformed.CentroidX"") And _","Pending","",""
"tests/modTestWorkbookInterface.bas","1183","ResultsPropertyExists(""ALL"", ""Transformed.CentroidY"") And _","Pending","",""
"tests/modTestWorkbookInterface.bas","1184","ResultsPropertyExists(""ALL"", ""Transformed.PrincipalAngle"") And _","Pending","",""
"tests/modTestWorkbookInterface.bas","1185","ResultsPropertyExists(""ALL"", ""Transformed.PrincipalI1"") And _","Pending","",""
"tests/modTestWorkbookInterface.bas","1188","Not ResultsPropertyExists(""ALL"", ""CentroidX"") And _","Pending","",""
"tests/modTestWorkbookInterface.bas","1189","Not ResultsPropertyExists(""ALL"", ""CentroidY"") And _","Pending","",""
"tests/modTestWorkbookInterface.bas","1190","Not ResultsPropertyExists(""ALL"", ""PrincipalAngle"") And _","Pending","",""
"tests/modTestWorkbookInterface.bas","1191","Not ResultsPropertyExists(""ALL"", ""PrincipalI1"") And _","Pending","",""
"tests/modTestWorkbookInterface.bas","1194","Not ResultsPropertyExists(""LC1"", ""LoadReferenceX"") And Not ResultsPropertyExists(""LC1"", ""LoadReferenceY"")","Pending","",""
"tests/modTestWorkbookInterface.bas","1201","AssertTrue stats, ""ui.results.materialDiagrams.rows"", UBound(materialDiagrams, 1) > 1","Pending","",""
"tests/modTestWorkbookInterface.bas","1214","PlotShapeTextContains(""Схема сечения"") And PlotShapeTextContains(""(ui test)"")","Pending","",""
"tests/modTestWorkbookInterface.bas","1221","Len(ProfileSettingValue(""PR3"", ""Profile.DisplayName"")) > 0 And _","Pending","",""
"tests/modTestWorkbookInterface.bas","1222","ProfileSettingValue(""PR3"", ""Calculation.Strength.DirectState"") = ""Yes"" And _","Pending","",""
"tests/modTestWorkbookInterface.bas","1225","Len(ProfileSettingValue(""PR4"", ""Profile.DisplayName"")) > 0 And _","Pending","",""
"tests/modTestWorkbookInterface.bas","1226","ProfileSettingValue(""PR4"", ""Visualization.Quantity"") = ""Strain"" And _","Pending","",""
"tests/modTestWorkbookInterface.bas","1274","UBound(elementResults, 1) = expectedElementRows","Pending","",""
"tests/modTestWorkbookInterface.bas","1343","InStr(1, errorText, ""не помещаются"", vbTextCompare) > 0 And _","Pending","",""
"tests/modTestWorkbookInterface.bas","1344","InStr(1, errorText, ""Расчет не запущен"", vbTextCompare) > 0 And _","Pending","",""
"tests/modTestWorkbookInterface.bas","1345","InStr(1, errorText, ""Что сделать"", vbTextCompare) > 0 And _","Pending","",""
"tests/modTestWorkbookInterface.bas","1346","InStr(1, errorText, ""Вставьте"", vbTextCompare) > 0 And _","Pending","",""
"tests/modTestWorkbookInterface.bas","1347","InStr(1, errorText, ""на листе Results"", vbTextCompare) > 0 And _","Pending","",""
"tests/modTestWorkbookInterface.bas","1348","InStr(1, errorText, ""над строкой"", vbTextCompare) > 0 And _","Pending","",""
"tests/modTestWorkbookInterface.bas","1349","InStr(1, errorText, ""над строкой 44"", vbTextCompare) > 0 And _","Pending","",""
"tests/modTestWorkbookInterface.bas","1350","InStr(1, errorText, ""над строкой 80"", vbTextCompare) > 0 And _","Pending","",""
"tests/modTestWorkbookInterface.bas","1351","InStr(1, errorText, ""над строкой 116"", vbTextCompare) > 0 And _","Pending","",""
"tests/modTestWorkbookInterface.bas","1352","InStr(1, errorText, ""над строкой 45"", vbTextCompare) = 0 And _","Pending","",""
"tests/modTestWorkbookInterface.bas","1353","InStr(1, errorText, ""над строкой 81"", vbTextCompare) = 0 And _","Pending","",""
"tests/modTestWorkbookInterface.bas","1354","InStr(1, errorText, ""над строкой 117"", vbTextCompare) = 0 And _","Pending","",""
"tests/modTestWorkbookInterface.bas","1355","InStr(1, errorText, ""на листе Config"", vbTextCompare) > 0 And _","Pending","",""
"tests/modTestWorkbookInterface.bas","1356","InStr(1, errorText, vbCrLf & ""1)"", vbBinaryCompare) > 0 And _","Pending","",""
"tests/modTestWorkbookInterface.bas","1357","InStr(1, errorText, vbCrLf & ""2)"", vbBinaryCompare) > 0 And _","Pending","",""
"tests/modTestWorkbookInterface.bas","1358","InStr(1, errorText, ""rngStrengthSummaryAnchor"", vbTextCompare) > 0 And _","Pending","",""
"tests/modTestWorkbookInterface.bas","1359","InStr(1, errorText, ""rngCrackSummaryAnchor"", vbTextCompare) > 0 And _","Pending","",""
"tests/modTestWorkbookInterface.bas","1360","InStr(1, errorText, ""rngStabilitySummaryAnchor"", vbTextCompare) > 0 And _","Pending","",""
"tests/modTestWorkbookInterface.bas","1448","""; elementResultRows="" & CStr(UBound(elementResults, 1)) & _","Pending","",""
"tests/modTestWorkbookInterface.bas","1456","UBound(elementResults, 1) = 1 + 20 * 5 * geometryRowCount","Pending","",""
"tests/modTestWorkbookInterface.bas","1688","safeOverall = ""OK"" Or safeOverall = ""FAIL""","Pending","",""
"tests/modTestWorkbookInterface.bas","1690","safeCrack = ""OK"" Or safeCrack = ""FAIL""","Pending","",""
"tests/modTestWorkbookInterface.bas","1693","overOverall = ""FAIL"" Or overOverall = ""NumFail""","Pending","",""
"tests/modTestWorkbookInterface.bas","1695","overCrack <> ""NumFail"" And overCrack <> ""InputErr""","Pending","",""
"tests/modTestWorkbookInterface.bas","1771","If safetyValue > 0# And (bestSafety = 0# Or safetyValue < bestSafety) Then","Pending","",""
"tests/modTestWorkbookInterface.bas","1863","For colIndex = 1 To UBound(data, 2)","Pending","",""
"tests/modTestWorkbookInterface.bas","1887","If loadCaseColumn = 0 Or stateTypeColumn = 0 Then Exit Function","Pending","",""
"tests/modTestWorkbookInterface.bas","1890","For rowIndex = 2 To UBound(data, 1)","Pending","",""
"tests/modTestWorkbookInterface.bas","1891","If StrComp(CStr(data(rowIndex, loadCaseColumn)), loadCase, vbTextCompare) = 0 And _","Pending","",""
"tests/modTestWorkbookInterface.bas","1909","If loadCaseColumn = 0 Or stateTypeColumn = 0 Or stressColumn = 0 Then Exit Function","Pending","",""
"tests/modTestWorkbookInterface.bas","1913","For rowIndex = 2 To UBound(data, 1)","Pending","",""
"tests/modTestWorkbookInterface.bas","1914","If StrComp(CStr(data(rowIndex, loadCaseColumn)), loadCase, vbTextCompare) = 0 And _","Pending","",""
"tests/modTestWorkbookInterface.bas","1932","If stateCol = 0 Or modeCol = 0 Then Exit Function","Pending","",""
"tests/modTestWorkbookInterface.bas","1935","For rowIndex = 2 To UBound(materialDiagrams, 1)","Pending","",""
"tests/modTestWorkbookInterface.bas","1936","If StrComp(CStr(materialDiagrams(rowIndex, stateCol)), stateTypeText, vbTextCompare) = 0 And _","Pending","",""
"tests/modTestWorkbookInterface.bas","1960","If diagramCol = 0 Or pointCol = 0 Then Exit Function","Pending","",""
"tests/modTestWorkbookInterface.bas","1963","For rowIndex = 2 To UBound(materialDiagrams, 1)","Pending","",""
"tests/modTestWorkbookInterface.bas","1985","If parameterCol = 0 Or valueCol = 0 Then Exit Function","Pending","",""
"tests/modTestWorkbookInterface.bas","1987","For rowIndex = 2 To UBound(props, 1)","Pending","",""
"tests/modTestWorkbookInterface.bas","1990","If Right$(parameterName, Len(""ConcreteDiagramId"")) = ""ConcreteDiagramId"" Or _","Pending","",""
"tests/modTestWorkbookInterface.bas","2115","AutoCADCombinationValidationIsDynamic = (CStr(listRange.Cells.Item(1, 1).Value2) = ""Worst"" And _","Pending","",""
"tests/modTestWorkbookInterface.bas","2116","CStr(listRange.Cells.Item(2, 1).Value2) = ""LC1"" And listRange.Cells.Item(2, 1).HasFormula)","Pending","",""
"tests/modTestWorkbookInterface.bas","2145","LoadCaseValidationIsDynamicForSetting = (CStr(listRange.Cells.Item(1, 1).Value2) = ""Worst"" And _","Pending","",""
"tests/modTestWorkbookInterface.bas","2146","CStr(listRange.Cells.Item(2, 1).Value2) = ""LC1"" And listRange.Cells.Item(2, 1).HasFormula)","Pending","",""
"tests/modTestWorkbookInterface.bas","2162","For rowIndex = 2 To UBound(data, 1)","Pending","",""
"tests/modTestWorkbookInterface.bas","2163","If StrComp(CStr(data(rowIndex, colLC)), loadCase, vbTextCompare) = 0 And _","Pending","",""
"tests/modTestWorkbookInterface.bas","2183","For rowIndex = 2 To UBound(data, 1)","Pending","",""
"tests/modTestWorkbookInterface.bas","2184","If StrComp(CStr(data(rowIndex, colLC)), loadCase, vbTextCompare) = 0 And _","Pending","",""
"tests/modTestWorkbookInterface.bas","2227","If colID = 0 Or colValue = 0 Then Err.Raise vbObjectError + 4850, ""GeometryResultValue"", _","Pending","",""
"tests/modTestWorkbookInterface.bas","2231","For rowIndex = 2 To UBound(data, 1)","Pending","",""
"tests/modTestWorkbookInterface.bas","2245","For colIndex = 1 To UBound(data, 2)","Pending","",""
"tests/modTestWorkbookInterface.bas","2293","r1Plus > 0# And r1Minus > 0# And r2Plus > 0# And r2Minus > 0#","Pending","",""
"tests/modTestWorkbookInterface.bas","2303","xPlus > 0# And xMinus > 0# And yPlus > 0# And yMinus > 0#","Pending","",""
"tests/modTestWorkbookInterface.bas","2305","Len(ResultsPropertyValue(""ALL"", ""Concrete.CoreDistanceXPlus"")) > 0 And _","Pending","",""
"tests/modTestWorkbookInterface.bas","2477","If pointX >= leftValue And pointX <= rightValue And _","Pending","",""
"tests/modTestWorkbookInterface.bas","2478","pointY >= topValue And pointY <= bottomValue Then","Pending","",""
"tests/modTestWorkbookInterface.bas","2496","If Left$(sheet.Shapes.Item(shapeIndex).Name, Len(""NDMPlot_"")) = ""NDMPlot_"" And _","Pending","",""
"tests/modTestWorkbookInterface.bas","2618","For rowIndex = 2 To UBound(annotationData, 1)","Pending","",""
"tests/modTestWorkbookInterface.bas","2636","For rowIndex = 2 To UBound(annotationData, 1)","Pending","",""
"tests/modTestWorkbookInterface.bas","2656","For rowIndex = 2 To UBound(annotationData, 1)","Pending","",""
"tests/modTestWorkbookInterface.bas","2694","For rangeIndex = LBound(ranges) To UBound(ranges)","Pending","",""
"tests/modTestWorkbookInterface.bas","3185","For rangeIndex = LBound(ranges) To UBound(ranges)","Pending","",""
"tests/modTestWorkbookInterface.bas","3207","WorkbookNameExists = (Err.Number = 0 And Not nm Is Nothing)","Pending","",""
"tests/modTestWorkbookInterface.bas","3282","If cell.Validation.Type <> xlValidateList Or Not cell.Validation.IgnoreBlank Then Exit Function","Pending","",""
"tests/modTestWorkbookInterface.bas","3287","If options.Cells.Count <> UBound(expected) + 1 Then Exit Function","Pending","",""
"tests/modTestWorkbookInterface.bas","3288","For index = 0 To UBound(expected)","Pending","",""
"tests/modTestWorkbookInterface.bas","3313","InStr(1, formulaText, ""rngUnitSettings"", vbTextCompare) > 0 And _","Pending","",""
"tests/modTestWorkbookInterface.bas","3384","InStr(1, formulaText, ""rngUnitSettings"", vbTextCompare) > 0 And _","Pending","",""
"tests/modTestWorkbookInterface.bas","3385","InStr(1, formulaText, """""""" & quantity1 & """""""", vbTextCompare) > 0 And _","Pending","",""
"tests/modTestWorkbookInterface.bas","3413","If candidate.Worksheet.Name = anchor.Worksheet.Name And candidate.Row = anchor.Row Then","Pending","",""
"tests/modTestWorkbookInterface.bas","3417","If bestDelta = 0 Or delta < bestDelta Then bestDelta = delta","Pending","",""
"tests/modTestWorkbookInterface.bas","3433","For rangeIndex = LBound(ranges) To UBound(ranges)","Pending","",""
"tests/modTestWorkbookInterface.bas","3456","If listRange.Cells.Count <> (UBound(expectedOptions) - LBound(expectedOptions) + 1) Then Exit Function","Pending","",""
"tests/modTestWorkbookInterface.bas","3457","For i = LBound(expectedOptions) To UBound(expectedOptions)","Pending","",""
"tests/modTestWorkbookInterface.bas","3458","If CStr(listRange.Cells.Item(i - LBound(expectedOptions) + 1, 1).Value2) <> CStr(expectedOptions(i)) Then Exit Function","Pending","",""
"tests/modTestWorkbookInterface.bas","3485","If listRange.Cells.Count <> (UBound(expectedOptions) - LBound(expectedOptions) + 1) Then Exit Function","Pending","",""
"tests/modTestWorkbookInterface.bas","3486","For i = LBound(expectedOptions) To UBound(expectedOptions)","Pending","",""
"tests/modTestWorkbookInterface.bas","3487","If CStr(listRange.Cells.Item(i - LBound(expectedOptions) + 1, 1).Value2) <> CStr(expectedOptions(i)) Then Exit Function","Pending","",""
"tests/modTestWorkbookInterface.bas","3527","If StrComp(CStr(settings.Cells.Item(rowIndex, 1).Value2), ""Грань"", vbTextCompare) = 0 And _","Pending","",""
"tests/modTestWorkbookInterface.bas","3627","If listRange.Cells.Count <> (UBound(expectedOptions) - LBound(expectedOptions) + 1) Then Exit Function","Pending","",""
"tests/modTestWorkbookInterface.bas","3628","For i = LBound(expectedOptions) To UBound(expectedOptions)","Pending","",""
"tests/modTestWorkbookInterface.bas","3629","If CStr(listRange.Cells.Item(i - LBound(expectedOptions) + 1, 1).Value2) <> CStr(expectedOptions(i)) Then Exit Function","Pending","",""
"tests/modTestWorkbookInterface.bas","3949","For i = LBound(faces) To UBound(faces)","Pending","",""
"tests/modTestWorkbookInterface.bas","4040","If textUnitsRow = 0 Or targetRow = 0 Then Exit Function","Pending","",""
"tests/modTestWorkbookInterface.bas","4341","For i = 0 To UBound(materialKeys)","Pending","",""
"tests/modTestWorkbookInterface.bas","4355","For i = 0 To UBound(tables)","Pending","",""
"tests/modTestWorkbookInterface.bas","4380","For i = 1 To UBound(materialKeys)","Pending","",""
"tests/modTestWorkbookInterface.bas","4400","For i = 0 To UBound(tables)","Pending","",""
"tests/modTestWorkbookInterface.bas","4411","For i = 0 To UBound(materialKeys)","Pending","",""
"tests/modTestWorkbookInterface.bas","4442","If UBound(beforeTable, 1) <> UBound(afterTable, 1) Then Exit Function","Pending","",""
"tests/modTestWorkbookInterface.bas","4443","If UBound(beforeTable, 2) <> UBound(afterTable, 2) Then Exit Function","Pending","",""
"tests/modTestWorkbookInterface.bas","4446","For r = 1 To UBound(beforeTable, 1)","Pending","",""
"tests/modTestWorkbookInterface.bas","4447","For c = 1 To UBound(beforeTable, 2)","Pending","",""
"tests/modTestWorkbookInterface.bas","4617","sheet.Range(""K2"").Value2 = ""Units.Force.Input"": sheet.Range(""L2"").Value2 = IIf(mode = 0, ""N"", ""kN"")","Pending","",""
"tests/modTestWorkbookInterface.bas","4618","sheet.Range(""K3"").Value2 = ""Units.Moment.Input"": sheet.Range(""L3"").Value2 = IIf(mode = 0, ""N*mm"", ""kN*m"")","Pending","",""
"tests/modTestWorkbookInterface.bas","4676","settings.GetBoolean(""Audit03.Test"") = (value = ""Yes"" Or value = ""True"" Or value = ""1"" Or value = ""Да"")","Pending","",""
"tests/modTestWorkbookInterface.bas","4820","For row = 1 To UBound(data, 1)","Pending","",""
"tests/modTestWorkbookInterface.bas","4821","For column = 3 To UBound(data, 2)","Pending","",""
"tests/modTestWorkbookInterface.bas","4830","For row = 1 To UBound(data, 1)","Pending","",""
"tests/modTestWorkbookInterface.bas","4841","Audit03ProfileFlag(profile, CStr(key)) = (value = ""Yes"" Or value = ""True"" Or value = ""1"" Or value = ""Да"")","Pending","",""
"tests/modTestWorkbookInterface.bas","4852","InStr(1, description, CStr(key), vbBinaryCompare) > 0 And InStr(1, description, ""PR1"", vbBinaryCompare) > 0","Pending","",""
"tests/modTestWorkbookInterface.bas","4924","ElseIf Len(CStr(value)) = 0 Or CStr(value) = ""TODO"" Then","Pending","",""
"tests/modTestWorkbookInterface.bas","5176","AssertTrue stats, prefix & "".readerError"", VarType(value) = vbError And errorNumber = vbObjectError + 4309","Pending","",""
"tests/modTestWorkbookInterface.bas","5216","If CLng(column) = 3 Or CLng(column) = 6 Then","Pending","",""
"tests/modTestWorkbookInterface.bas","5244","InStr(1, description, CStr(face), vbTextCompare) > 0 And _","Pending","",""
"tests/modTestWorkbookInterface.bas","5289","AssertTrue stats, prefix & "".mergedPair"", first.MergeCells And _","Pending","",""
"tests/modTestWorkbookInterface.bas","5292","AssertTrue stats, prefix & "".dropdown"", first.Validation.Type = 3 And first.Validation.InCellDropdown","Pending","",""
"tests/modTestWorkbookInterface.bas","5353","If CLng(column) = 3 Or CLng(column) = 6 Then","Pending","",""
"tests/modTestWorkbookInterface.bas","5366","If CLng(column) = 3 Or CLng(column) = 6 Then","Pending","",""
"tests/modTestWorkbookInterface.bas","5371","AssertTrue stats, prefix & "".bothSidesMoved"", changedBars = 6 And changed.Count = 12","Pending","",""
"tests/modTestWorkbookInterface.bas","5439","For q = 0 To UBound(quantities)","Pending","",""
"tests/modTestWorkbookInterface.bas","5446","For optionIndex = 0 To UBound(choices(q))","Pending","",""
"tests/modTestWorkbookInterface.bas","5484","errorNumber = vbObjectError + 4530 + q Or errorNumber = vbObjectError + 4309","Pending","",""
"tests/modTestWorkbookInterface.bas","5490","InStr(1, errorDescription, ""Выберите"", vbTextCompare) > 0 Or InStr(1, errorDescription, ""Исправьте"", vbTextCompare) > 0","Pending","",""
"tests/modTestWorkbookInterface.bas","5547","errorNumber = vbObjectError + 4536 + signIndex Or errorNumber = vbObjectError + 4309","Pending","",""
"tests/modTestWorkbookInterface.bas","5552","InStr(1, errorDescription, ""Выберите"", vbTextCompare) > 0 Or InStr(1, errorDescription, ""Исправьте"", vbTextCompare) > 0","Pending","",""
"tests/modTestWorkbookInterface.bas","5692","signN = IIf((signs And 1) = 0, 1#, -1#)","Pending","",""
"tests/modTestWorkbookInterface.bas","5693","signMx = IIf((signs And 2) = 0, 1#, -1#)","Pending","",""
"tests/modTestWorkbookInterface.bas","5694","signMy = IIf((signs And 4) = 0, 1#, -1#)","Pending","",""
"tests/modTestWorkbookInterface.bas","5695","signRange.Cells(2, 2).Value2 = IIf(signN > 0#, ""Tension"", ""Compression"")","Pending","",""
"tests/modTestWorkbookInterface.bas","5696","signRange.Cells(3, 2).Value2 = IIf(signMx > 0#, ""+Y tension"", ""-Y tension"")","Pending","",""
"tests/modTestWorkbookInterface.bas","5697","signRange.Cells(4, 2).Value2 = IIf(signMy > 0#, ""+X tension"", ""-X tension"")","Pending","",""
"tests/modTestWorkbookInterface.bas","5712","loads.Cells(i + 2, 5).Value2 = IIf(i < 2, ""PR1"", ""PR2"")","Pending","",""
"tests/modTestWorkbookInterface.bas","5739","unitRange.Cells(7, 4).Value2 = IIf((caseIndex Mod 2) = 0, ""1/mm"", ""1/m"")","Pending","",""
"tests/modTestWorkbookInterface.bas","5743","curvatureFactor = IIf((caseIndex Mod 2) = 0, 1#, 0.001)","Pending","",""
"tests/modTestWorkbookInterface.bas","5802","same = (UBound(baseline, 1) = UBound(actual, 1) And UBound(baseline, 2) = UBound(actual, 2))","Pending","",""
"tests/modTestWorkbookInterface.bas","5805","For row = 2 To UBound(baseline, 1)","Pending","",""
"tests/modTestWorkbookInterface.bas","5806","For column = 2 To UBound(baseline, 2)","Pending","",""
"tests/modTestWorkbookInterface.bas","5818","If column = 5 Or column = 6 Then GoTo NextColumn","Pending","",""
"tests/modTestWorkbookInterface.bas","5834","If IsNumeric(baseline(row, column)) And IsNumeric(actual(row, column)) Then","Pending","",""
"tests/modTestWorkbookInterface.bas","5837","If compareInertiaRoundoff And column = 4 And kind = ""Properties"" Then","Pending","",""
"tests/modTestWorkbookInterface.bas","5838","If parameter = ""Transformed.Ixy"" Or parameter = ""Transformed.Ixyc"" Then","Pending","",""
"tests/modTestWorkbookInterface.bas","5872","For row = 2 To UBound(properties, 1)","Pending","",""
"tests/modTestWorkbookInterface.bas","5888","same = (actual.ConcreteCount = expected.ConcreteCount And actual.RebarCount = expected.RebarCount)","Pending","",""
"tests/modTestWorkbookInterface.bas","5905","For j = 0 To UBound(values)","Pending","",""
"tests/modTestWorkbookInterface.bas","5982","SetProfileSetting CStr(name), ""Calculation.Strength.DirectState"", IIf(CStr(name) = ""PR1"", ""Yes"", ""No"")","Pending","",""
"tests/modTestWorkbookInterface.bas","5983","SetProfileSetting CStr(name), ""Calculation.Strength.Capacity"", IIf(CStr(name) = ""PR1"", ""Yes"", ""No"")","Pending","",""
"tests/modTestWorkbookInterface.bas","5984","SetProfileSetting CStr(name), ""Calculation.Crack.Width"", IIf(CStr(name) = ""PR2"", ""Yes"", ""No"")","Pending","",""
"tests/modTestWorkbookInterface.bas","5991","loads.Cells(i + 2, 2).Value2 = IIf((i Mod 2) = 0, -100000#, 30000#)","Pending","",""
"tests/modTestWorkbookInterface.bas","5992","loads.Cells(i + 2, 3).Value2 = IIf((i Mod 2) = 0, 30000000#, -20000000#)","Pending","",""
"tests/modTestWorkbookInterface.bas","5993","loads.Cells(i + 2, 4).Value2 = IIf((i Mod 2) = 0, -20000000#, 15000000#)","Pending","",""
"tests/modTestWorkbookInterface.bas","5994","loads.Cells(i + 2, 5).Value2 = IIf(i < 2, ""PR1"", ""PR2"")","Pending","",""
"tests/modTestWorkbookInterface.bas","6008","For i = 0 To UBound(rangeNames)","Pending","",""
"tests/modTestWorkbookInterface.bas","6014","SetSystemSetting ""Units.Curvature.Input"", IIf(curvatureIndex = 0, ""1/mm"", ""1/m"")","Pending","",""
"tests/modTestWorkbookInterface.bas","6016","SetSystemSetting ""Solver.MaxDeltaKappa"", CStr(0.00005 / IIf(curvatureIndex = 0, 1#, 0.001))","Pending","",""
"tests/modTestWorkbookInterface.bas","6026","If lengthIndex = 0 And stressIndex = 0 And curvatureIndex = 0 Then","Pending","",""
"tests/modTestWorkbookInterface.bas","6124","If InStr(key, "".R"") > 0 Or key = ""Concrete.E"" Or key = ""Steel.E"" Then","Pending","",""
"tests/modTestWorkbookInterface.bas","6134","If IsNumeric(cell.Value2) And Len(CStr(cell.Value2)) > 0 Then cell.Value2 = CDbl(cell.Value2) / factor","Pending","",""
"tests/modTestWorkbookInterface.bas","6143","same = (UBound(baseline, 1) = UBound(actual, 1) And UBound(baseline, 2) = UBound(actual, 2))","Pending","",""
"tests/modTestWorkbookInterface.bas","6146","For row = 1 To UBound(baseline, 1)","Pending","",""
"tests/modTestWorkbookInterface.bas","6147","For column = firstColumn To UBound(baseline, 2)","Pending","",""
"tests/modTestWorkbookInterface.bas","6148","If IsNumeric(baseline(row, column)) And IsNumeric(actual(row, column)) Then","Pending","",""
"tests/modTestWorkbookInterface.bas","6206","For row = 0 To UBound(areas)","Pending","",""
"tests/modTestWorkbookInterface.bas","6243","AssertTrue stats, prefix & "".implicitUnitsRead"", section.ConcreteCount = expectedConcrete And section.RebarCount = expectedRebar","Pending","",""
"tests/modTestWorkbookInterface.bas","6246","AssertTrue stats, prefix & "".detectDisconnectedUnits"", disconnected.ConcreteCount <> section.ConcreteCount And _","Pending","",""
"tests/modTestWorkbookInterface.bas","6256","For invalidIndex = 0 To UBound(invalid)","Pending","",""
"tests/modTestWorkbookInterface.bas","6263","AssertTrue stats, prefix & "".action"", InStr(1, description, ""Введите"", vbTextCompare) > 0 Or _","Pending","",""
"tests/modTestWorkbookInterface.bas","6264","InStr(1, description, ""Исправьте"", vbTextCompare) > 0 Or InStr(1, description, ""Уменьшите"", vbTextCompare) > 0","Pending","",""
"tests/modTestWorkbookInterface.bas","6270","AssertTrue stats, ""audit03.inputArea.emptyRebar.reason"", InStr(1, description, ""арматурных"", vbBinaryCompare) > 0 And _","Pending","",""
"tests/modTestWorkbookInterface.bas","6275","AssertTrue stats, ""audit03.inputArea.emptyConcrete.reason"", InStr(1, description, ""бетонных"", vbBinaryCompare) > 0 And _","Pending","",""
"tests/modTestWorkbookInterface.bas","6362","For i = 0 To UBound(rangeNames)","Pending","",""
"tests/modTestWorkbookInterface.bas","6408","SetSystemSetting ""Units.Curvature.Input"", IIf(afterIndex = 0, ""1/mm"", ""1/m"")","Pending","",""
"tests/modTestWorkbookInterface.bas","6414","SetSystemSetting ""Units.Curvature.Output"", IIf(afterIndex = 0, ""1/mm"", ""1/m"")","Pending","",""
"tests/modTestWorkbookInterface.bas","6415","signN = IIf(afterIndex = 1, -1#, 1#): signMx = IIf(afterIndex = 1, -1#, 1#): signMy = IIf(afterIndex = 2, -1#, 1#)","Pending","",""
"tests/modTestWorkbookInterface.bas","6416","SetSystemSetting ""Sign.N.User"", IIf(signN > 0#, ""Tension"", ""Compression"")","Pending","",""
"tests/modTestWorkbookInterface.bas","6417","SetSystemSetting ""Sign.Mx.User"", IIf(signMx > 0#, ""+Y tension"", ""-Y tension"")","Pending","",""
"tests/modTestWorkbookInterface.bas","6418","SetSystemSetting ""Sign.My.User"", IIf(signMy > 0#, ""+X tension"", ""-X tension"")","Pending","",""
"tests/modTestWorkbookInterface.bas","6457","If beforeIndex = 0 And afterIndex = 0 Then","Pending","",""
"tests/modTestWorkbookInterface.bas","6463","lengthFactor, CDbl(areaFactors(afterIndex)), stressFactor, IIf(afterIndex = 0, 1#, 0.001), forceFactor, momentFactor, signN, signMx, signMy","Pending","",""
"tests/modTestWorkbookInterface.bas","6469","lengthFactor, CDbl(areaFactors(afterIndex)), stressFactor, IIf(afterIndex = 0, 1#, 0.001), forceFactor, momentFactor, signN, signMx, signMy, True","Pending","",""
"tests/modTestWorkbookInterface.bas","6499","AssertTrue stats, ""audit03.importUnits.rawUnchanged.compression"", smallStrain < 0# And largeStrain < 0#","Pending","",""
"tests/modTestWorkbookInterface.bas","6593","For i = 0 To UBound(keys)","Pending","",""
"tests/modTestWorkbookInterface.bas","6605","If numericValue Or IsError(invalid) Or text <> ""abc"" Then","Pending","",""
"tests/modTestWorkbookInterface.bas","6713","AssertTrue stats, prefix & "".action"", InStr(1, description, ""Введите"", vbTextCompare) > 0 Or _","Pending","",""
"tests/modTestWorkbookInterface.bas","6714","InStr(1, description, ""Заполните"", vbTextCompare) > 0 Or InStr(1, description, ""Исправьте"", vbTextCompare) > 0","Pending","",""
"tests/modTestWorkbookInterface.bas","6742","AssertTrue stats, prefix & "".action"", InStr(1, description, ""Восстановите таблицу"", vbTextCompare) > 0 And _","Pending","",""
