"File","Module","SourceLine","Visibility","Kind","Method","CommentLines","Comment","TemplateSuspected","SemanticReview"
"src/Batch/CBatchSectionCalculator.cls","CBatchSectionCalculator","136","Private","Sub","Class_Initialize","1","Инициализирует внутреннее состояние объекта значениями по умолчанию, безопасными для последующей настройки.","False","Pending"
"src/Batch/CBatchSectionCalculator.cls","CBatchSectionCalculator","204","Public","Sub","Initialize","3","Принимает готовую модель и материалы перед добавлением/расчетом LC. После этого класс не обращается к геометрическим генераторам: все сочетания считаются на одной и той же CSectionModel.","False","Pending"
"src/Batch/CBatchSectionCalculator.cls","CBatchSectionCalculator","216","Public","Property Set","ProfileCatalog","2","Подключает каталог профилей, прочитанный Excel-слоем из rngCalculationProfiles. Batch дальше выбирает профиль только по ProfileId строки LC.","False","Pending"
"src/Batch/CBatchSectionCalculator.cls","CBatchSectionCalculator","222","Public","Property Set","ExecutionReport","2","Подключает внешний отчет выполнения. Batch только добавляет события, но не открывает и не сохраняет файл: жизненным циклом отчета управляет Excel-макрос.","False","Pending"
"src/Batch/CBatchSectionCalculator.cls","CBatchSectionCalculator","231","Public","Sub","ApplySettings","3","Считывает численные настройки solver-ов и трещин из уже загруженного reader-а. Если передан CUnitSystem, пользовательские допуски в силе/моменте/длине сразу переводятся во внутренние единицы ядра.","False","Pending"
"src/Batch/CBatchSectionCalculator.cls","CBatchSectionCalculator","329","Private","Function","StabilityNumericSetting","3","Читает обязательную числовую настройку устойчивости без скрытой подстановки default. Если строка Config не прочиталась, пуста или содержит не число, расчет останавливается как ошибка исходных данных.","False","Pending"
"src/Batch/CBatchSectionCalculator.cls","CBatchSectionCalculator","336","Private","Function","StabilityTextSetting","2","Читает обязательный текстовый переключатель устойчивости без подмены пустого значения. Допустимые варианты проверяются внутри CStabilityCalculator.","False","Pending"
"src/Batch/CBatchSectionCalculator.cls","CBatchSectionCalculator","344","Public","Sub","ClearCombinations","3","Очищает список LC и накопленные результаты. Используется перед чтением новой таблицы сочетаний, чтобы предыдущие статусы не попали в новый batch summary.","False","Pending"
"src/Batch/CBatchSectionCalculator.cls","CBatchSectionCalculator","360","Public","Sub","ClearStabilityDurationLoads","1","Очищает таблицу постоянных/длительных нагрузок для расчета устойчивости.","False","Pending"
"src/Batch/CBatchSectionCalculator.cls","CBatchSectionCalculator","375","Public","Sub","AddStabilityDurationLoad","4","Добавляет строку постоянных или постоянных+длительных нагрузок для LC. Какие именно длительные нагрузки вводит пользователь, зависит от выбранного нормативного блока и описано на листе ""Справка""; ядро получает уже готовые значения во внутренних единицах.","False","Pending"
"src/Batch/CBatchSectionCalculator.cls","CBatchSectionCalculator","387","Public","Sub","SetSP35Table721","2","Принимает таблицу 7.21 СП 35 из Config. Таблица нужна только при выборе Stability.Code = SP35 и не должна быть зашита константами в код класса.","False","Pending"
"src/Batch/CBatchSectionCalculator.cls","CBatchSectionCalculator","393","Public","Sub","AddCombination","2","Добавляет корректно прочитанное сочетание нагрузок. Усилия уже должны быть во внутренних единицах и в INTERNAL-системе знаков.","False","Pending"
"src/Batch/CBatchSectionCalculator.cls","CBatchSectionCalculator","401","Public","Sub","AddInvalidCombination","2","Сохраняет строку LC с ошибкой ввода, чтобы пользователь увидел ее в отчете. Такие сочетания не передаются в solver, но отображаются как InvalidInput.","False","Pending"
"src/Batch/CBatchSectionCalculator.cls","CBatchSectionCalculator","411","Private","Sub","AddCombinationInternal","4","Единая точка добавления строки сочетания. Через нее проходят и корректные LC, и строки с ошибкой ввода; это гарантирует одинаковую нумерацию, сохранение комментариев и нормализацию малых моментов только для валидных нагрузок.","False","Pending"
"src/Batch/CBatchSectionCalculator.cls","CBatchSectionCalculator","434","Private","Sub","EnsureCombinationCapacity","1","Расширяет хранилище LC без изменения уже прочитанных нагрузок и результатов.","False","Pending"
"src/Batch/CBatchSectionCalculator.cls","CBatchSectionCalculator","462","Private","Function","CombinationCapacity","1","Возвращает текущую емкость массива LC; неинициализированный массив дает 0.","False","Pending"
"src/Batch/CBatchSectionCalculator.cls","CBatchSectionCalculator","470","Private","Sub","EnsureStabilityLoadCapacity","1","Расширяет таблицу длительных нагрузок устойчивости вместе с фактическим числом строк Config.","False","Pending"
"src/Batch/CBatchSectionCalculator.cls","CBatchSectionCalculator","496","Private","Function","StabilityLoadCapacity","1","Возвращает текущую емкость массива длительных нагрузок; неинициализированный массив дает 0.","False","Pending"
"src/Batch/CBatchSectionCalculator.cls","CBatchSectionCalculator","506","Public","Sub","ApplyLoadReference","3","Переносит пользовательские моменты из точки приложения нагрузки к координатам элементов. Пользователь задает Mx/My относительно выбранной точки нагрузки, а solver должен получить моменты относительно внутренней системы координат CSectionModel.","False","Pending"
"src/Batch/CBatchSectionCalculator.cls","CBatchSectionCalculator","522","Private","Sub","ConfigureConcreteMomentDepths","2","Обновляет бетонные габариты, по которым общий фильтр решает, считать ли Mx/My практически нулевыми. Для Mx нужен размер по Y, для My - по X.","False","Pending"
"src/Batch/CBatchSectionCalculator.cls","CBatchSectionCalculator","533","Private","Sub","ConfigureMomentZeroFilter","2","Применяет пользовательский порог к общему фильтру. Отрицательное значение считается ошибкой настройки, потому что порог является модулем момента.","False","Pending"
"src/Batch/CBatchSectionCalculator.cls","CBatchSectionCalculator","539","Private","Function","NormalizeMomentMx","1","Зануляет Mx, если он меньше инженерного порога для бетонного габарита по Y.","False","Pending"
"src/Batch/CBatchSectionCalculator.cls","CBatchSectionCalculator","548","Private","Function","NormalizeMomentMy","1","Зануляет My, если он меньше инженерного порога для бетонного габарита по X.","False","Pending"
"src/Batch/CBatchSectionCalculator.cls","CBatchSectionCalculator","558","Private","Sub","NormalizeCombinationMoments","2","Нормализует пару пользовательских моментов и заново переносит их к системе координат модели. Это единая точка для исходных LC и усилий после Stability.","False","Pending"
"src/Batch/CBatchSectionCalculator.cls","CBatchSectionCalculator","572","Private","Sub","NormalizeAllCombinationMoments","2","Применяет текущую настройку фильтра к уже загруженным сочетаниям. Метод нужен, если ApplySettings вызывается после чтения строк LC.","False","Pending"
"src/Batch/CBatchSectionCalculator.cls","CBatchSectionCalculator","582","Public","Sub","Execute","3","Последовательно считает все добавленные LC и выбирает определяющее сочетание. Порядок один для всех геометрий: capacity при необходимости, прямое НДС, затем трещины для сочетаний второй группы.","False","Pending"
"src/Batch/CBatchSectionCalculator.cls","CBatchSectionCalculator","642","Private","Sub","RunCombination","3","Считает одно сочетание нагрузок и собирает итоговый статус. Внутри сохраняется разделение: capacity отвечает за запас по несущей, прямой solve дает фактическое НДС, crack запускается только для 2 группы.","False","Pending"
"src/Batch/CBatchSectionCalculator.cls","CBatchSectionCalculator","728","Private","Sub","RunStabilityFilter","4","Применяет расчет продольного изгиба как изолированный фильтр усилий. CStabilityCalculator не знает о batch и профилях: он возвращает только расчетные N/Mx/My и диагностические величины, а batch решает, что делать дальше с пользовательскими статусами и последующими проверками НДМ.","False","Pending"
"src/Batch/CBatchSectionCalculator.cls","CBatchSectionCalculator","790","Private","Sub","StabilityDurationLoadForCombination","2","Берет длительную часть нагрузки для LC. Если пользователь не заполнил строку, принимаются нули: это допустимый ввод и не блокирует основной расчет.","False","Pending"
"src/Batch/CBatchSectionCalculator.cls","CBatchSectionCalculator","812","Private","Sub","ApplyStabilityDesignLoads","4","Подменяет усилия LC расчетными усилиями после фильтра устойчивости. Сам CStabilityCalculator работает с моментами относительно центра тяжести приведенного сечения, как требуют СП 35/63. Перед НДМ моменты снова переносятся к внутренней системе координат элементов.","False","Pending"
"src/Batch/CBatchSectionCalculator.cls","CBatchSectionCalculator","838","Private","Function","LoadStateForCombination","2","Возвращает объект нагрузки LC: он единолично переносит моменты между пользовательской точкой, произвольным центром и внутренним началом модели.","False","Pending"
"src/Batch/CBatchSectionCalculator.cls","CBatchSectionCalculator","850","Private","Sub","TransformedReferencePoint","4","Возвращает центр приведенного сечения для проверки относительно выбранного набора характеристик. Stability и центральная ветка трещин используют один и тот же расчетный смысл: моменты проверяются относительно приведенного сечения бетон + арматура, а не только бетонного центра.","False","Pending"
"src/Batch/CBatchSectionCalculator.cls","CBatchSectionCalculator","875","Private","Sub","ClearTransformedReferenceCache","3","Очищает кэш центров приведенного сечения, когда batch получает новую геометрию или новый provider материалов. Сами значения зависят только от CSectionModel и модулей Es/Eb выбранного набора характеристик.","False","Pending"
"src/Batch/CBatchSectionCalculator.cls","CBatchSectionCalculator","885","Private","Function","TransformedReferenceSlot","1","Переводит набор характеристик материалов в маленький индекс кэша.","False","Pending"
"src/Batch/CBatchSectionCalculator.cls","CBatchSectionCalculator","898","Private","Sub","CrackCentralReferencePoint","5","Возвращает центр приведенного сечения для распознавания истинного центрального растяжения в расчете трещин. Если задана модель CrackInitiation, берем ее ValueSet, потому что Ncrc считается через Ared и Rbt этой модели; иначе используем модель CrackedState, с которой работает текущий расчет трещин.","False","Pending"
"src/Batch/CBatchSectionCalculator.cls","CBatchSectionCalculator","912","Private","Sub","CrackReferencePointForCombination","4","Возвращает расчетный центр для табличного вывода трещин по конкретному LC. Это тот же центр приведенного сечения, относительно которого crack-калькулятор распознает центральное растяжение и ищет точку образования нормальной трещины.","False","Pending"
"src/Batch/CBatchSectionCalculator.cls","CBatchSectionCalculator","922","Private","Sub","StrengthReferencePointForCombination","3","Возвращает центр приведенного сечения для расчетов по модели прочности. Именно относительно этой точки новый strength summary показывает N/Mx/My в группе ""относительно центральных осей приведенного сечения"".","False","Pending"
"src/Batch/CBatchSectionCalculator.cls","CBatchSectionCalculator","934","Private","Sub","RunCapacity","4","Запускает поиск несущей способности для LC. Пользовательский столбец CapacityLoadPath задает, какие компоненты нагрузки умножаются на lambda. Все варианты дальше сводятся к одной математике: Target = Offset + lambda*Base для N, Mx и My.","False","Pending"
"src/Batch/CBatchSectionCalculator.cls","CBatchSectionCalculator","984","Private","Function","RunProfileState","3","Выполняет один прямой StateSolution для заданного named-state профиля. Материальная модель строится по спецификации профиля, а управление retry и extension остается внутри CStateSolutionRunner.","False","Pending"
"src/Batch/CBatchSectionCalculator.cls","CBatchSectionCalculator","1055","Private","Sub","RunCrackWidth","6","Выполняет весь расчет раскрытия трещин как один запрошенный расчет профиля. Сначала обязательно проверяется факт образования нормальной трещины и сохраняется найденная пороговая точка, если она определима. Текущее CrackedState полного LC считается всегда: по нему выполняется проверка продольных трещин и записывается snapshot. Формула ширины раскрытия запускается только если нормальная трещина образована.","False","Pending"
"src/Batch/CBatchSectionCalculator.cls","CBatchSectionCalculator","1159","Private","Sub","StoreCrackAggregateSnapshot","3","Упаковывает окончательный result-tree один раз после всех доступных стадий. Промежуточная диагностика записывается непосредственно из результатов этапа; ни числа, ни meta прошлой упаковки не используются как резервные данные.","False","Pending"
"src/Batch/CBatchSectionCalculator.cls","CBatchSectionCalculator","1180","Private","Function","CurrentCrackedStateReady","3","Проверяет, можно ли использовать CurrentCrackedState как исходные данные для ширины нормальных трещин и продольных трещин. Если нельзя, возвращает meta фактической причины отказа именно state-этапа, а зависимые формулы блокируются отдельно.","False","Pending"
"src/Batch/CBatchSectionCalculator.cls","CBatchSectionCalculator","1193","Private","Function","CurrentCrackedStateMeta","3","Возвращает meta состояния CrackedState даже тогда, когда CStateProvider не смог создать готовый CSectionStateResult. Это позволяет сохранить причину отказа в result-tree и не подменять ее статусом формульного расчета ширины трещины.","False","Pending"
"src/Batch/CBatchSectionCalculator.cls","CBatchSectionCalculator","1220","Private","Function","MissingCurrentCrackedStateMeta","4","Формирует meta для случая, когда CurrentCrackedState не был создан вообще. Статус не выводится из текста blockReason: если typed-state не создан, runner может дать только факт отсутствия физического НДС, а подробная строка остается комментарием/diagnostic.","False","Pending"
"src/Batch/CBatchSectionCalculator.cls","CBatchSectionCalculator","1246","Private","Sub","AppendCrackDiagnostic","3","Добавляет в компактный batch-журнал причину несходимости трещин. Подробный txt-отчет пишет тот же DiagnosticLog отдельно, а здесь строка нужна unit/regression-тестам и пользователю, когда общий статус только NumFail.","False","Pending"
"src/Batch/CBatchSectionCalculator.cls","CBatchSectionCalculator","1258","Private","Sub","MergeDirectStateMeta","2","Объединяет meta нескольких прямых StateSolution одного LC. N/A не ухудшает итог, а FAIL/NumFail/InputErr сохраняют общий смысл строки.","False","Pending"
"src/Batch/CBatchSectionCalculator.cls","CBatchSectionCalculator","1264","Private","Sub","StoreNotCalculatedCapacity","2","Заполняет capacity-поля нейтральным статусом, когда эта проверка не должна выполняться для выбранной группы/режима.","False","Pending"
"src/Batch/CBatchSectionCalculator.cls","CBatchSectionCalculator","1274","Private","Sub","StoreInvalidCapacity","3","Сохраняет ошибку входных данных в capacity-блок через общий CCapacityResult. Даже когда общий LC отбрасывается до solver-а, capacity-часть Results должна проходить тем же result/meta-контрактом, что и штатный поиск несущей.","False","Pending"
"src/Batch/CBatchSectionCalculator.cls","CBatchSectionCalculator","1282","Private","Function","NotApplicableMeta","1","Создает meta для отключенной или неприменимой ветки расчета.","False","Pending"
"src/Batch/CBatchSectionCalculator.cls","CBatchSectionCalculator","1291","Private","Function","InvalidInputMeta","1","Создает meta для ошибки пользовательских данных или настроек.","False","Pending"
"src/Batch/CBatchSectionCalculator.cls","CBatchSectionCalculator","1300","Private","Function","NumericalFailureMeta","1","Создает meta для настоящей численной несходимости state-solve/search.","False","Pending"
"src/Batch/CBatchSectionCalculator.cls","CBatchSectionCalculator","1310","Private","Sub","MarkInvalid","2","Фиксирует InvalidInput по конкретному LC и не дает этому сочетанию пройти в solver. Так пользователь видит причину в таблице, а остальные LC считаются.","False","Pending"
"src/Batch/CBatchSectionCalculator.cls","CBatchSectionCalculator","1327","Private","Sub","ConfigureCapacityCalculator","3","Передает в CCapacityCalculator настройки поиска несущей и внутреннего равновесия. Материальные пределы calculator берет из построенных диаграмм для конкретного профиля, поэтому batch больше не настраивает CCapacitySolver.","False","Pending"
"src/Batch/CBatchSectionCalculator.cls","CBatchSectionCalculator","1342","Private","Sub","ConfigureStateRunner","3","Настраивает runner прямого НДС общими solver-параметрами batch-расчета. Здесь остается только передача настроек; сама логика initial guess, retry и extension живет в CStateSolutionRunner.","False","Pending"
"src/Batch/CBatchSectionCalculator.cls","CBatchSectionCalculator","1362","Private","Function","CreateStateProvider","3","Создает provider именованных НДС для одного LC и подключает к нему repository этого сочетания. Сам provider не знает о профилях и статусной политике batch: он только переиспользует либо решает физическое состояние.","False","Pending"
"src/Batch/CBatchSectionCalculator.cls","CBatchSectionCalculator","1372","Private","Sub","ConfigureStateProvider","2","Передает в StateProvider ровно те же настройки прямого НДС, которые раньше получал CStateSolutionRunner напрямую из batch-калькулятора.","False","Pending"
"src/Batch/CBatchSectionCalculator.cls","CBatchSectionCalculator","1393","Private","Sub","ConfigureCrackCalculator","4","Передает в расчет трещин те же настройки прямого равновесия, что и в сервисный solve LC. Это важно для сопоставимости: состояние с раскрытой трещиной ищется тем же CSectionSolver, только с принудительно выключенным растянутым бетоном.","False","Pending"
"src/Batch/CBatchSectionCalculator.cls","CBatchSectionCalculator","1409","Private","Sub","ConfigureCrackFormationCalculator","2","Передает formation-настройки его владельцу. Width не хранит solver-options и не участвует в поиске Pre/PostCrackState или выборе физического пути.","False","Pending"
"src/Batch/CBatchSectionCalculator.cls","CBatchSectionCalculator","1432","Private","Function","DetailedDiagnosticsEnabled","4","Проверяет, нужен ли подробный журнал внутренних итераций. Короткая batch-сводка всегда остается в памяти для тестов и диагностики, но тяжелые строки CSectionSolver/CCapacitySolver/CCrackWidthCalculator имеют смысл только тогда, когда пользователь включил txt-отчет выполнения.","False","Pending"
"src/Batch/CBatchSectionCalculator.cls","CBatchSectionCalculator","1440","Private","Sub","ValidateReady","3","Проверяет, что batch готов к расчету. Это последний защитный барьер перед запуском solver-ов: модель и хотя бы одно сочетание должны быть уже загружены.","False","Pending"
"src/Batch/CBatchSectionCalculator.cls","CBatchSectionCalculator","1449","Private","Sub","ClearResultRow","2","Сбрасывает все результаты одной строки перед повторным расчетом LC. Входные усилия и комментарий не трогаются.","False","Pending"
"src/Batch/CBatchSectionCalculator.cls","CBatchSectionCalculator","1459","Private","Sub","AppendDiagnostic","2","Добавляет одну строку в текстовую диагностику batch-расчета. Это компактная диагностическая сводка, а не подробный журнал итераций solver-а.","False","Pending"
"src/Batch/CBatchSectionCalculator.cls","CBatchSectionCalculator","1476","Private","Sub","ReportCombinationSummary","3","Добавляет в подробный txt-отчет краткий итог по текущему LC. Batch summary остается основным табличным выводом, а здесь пользователь видит ход выполнения без открытия Results и без чтения внутренних массивов.","False","Pending"
"src/Batch/CBatchSectionCalculator.cls","CBatchSectionCalculator","1492","Private","Sub","ReportSection","2","Добавляет смысловой заголовок в txt-отчет выполнения, если отчет включен пользователем. Вызов безопасен при выключенном отчете.","False","Pending"
"src/Batch/CBatchSectionCalculator.cls","CBatchSectionCalculator","1500","Private","Sub","ReportStep","2","Добавляет строку-этап в txt-отчет выполнения. Используется orchestration-ом, чтобы показать пользователю, какая расчетная ветка запускается сейчас.","False","Pending"
"src/Batch/CBatchSectionCalculator.cls","CBatchSectionCalculator","1508","Private","Sub","ReportValue","2","Добавляет пару ""параметр - значение"" в txt-отчет. Метод держит всю проверку включенности отчета в одном месте, чтобы расчетный код не дублировал guard.","False","Pending"
"src/Batch/CBatchSectionCalculator.cls","CBatchSectionCalculator","1517","Private","Sub","ReportMetaComment","3","Добавляет в txt-отчет комментарий из ResultMeta конкретного result-subtree. Writer/report не склеивает причины сам, а только показывает уже сформированный ResultComment ответственного расчетного слоя.","False","Pending"
"src/Batch/CBatchSectionCalculator.cls","CBatchSectionCalculator","1525","Private","Sub","ReportBlock","2","Добавляет многострочный диагностический блок в txt-отчет и перед записью переводит низкоуровневую диагностику solver-а в более читаемый вид.","False","Pending"
"src/Batch/CBatchSectionCalculator.cls","CBatchSectionCalculator","1532","Private","Function","MaxDouble","1","Утилитарный максимум без WorksheetFunction, чтобы не тащить Excel в hot path.","False","Pending"
"src/Batch/CBatchSectionCalculator.cls","CBatchSectionCalculator","1538","Private","Function","MinDouble","2","Утилитарный минимум без WorksheetFunction; используется в расчетном слое, где нельзя вводить лишнюю зависимость от Excel-объектов.","False","Pending"
"src/Batch/CBatchSectionCalculator.cls","CBatchSectionCalculator","1543","Private","Function","MaxLong","1","Утилитарный максимум для Long без WorksheetFunction и без неявного Variant.","False","Pending"
"src/Batch/CBatchSectionCalculator.cls","CBatchSectionCalculator","1551","Private","Function","IsBetterGoverningCandidate","4","Выбирает худшее сочетание для batch summary и режима Worst. По пользовательскому требованию Worst относится именно к прочности: после отказа от пользовательского StrainSafetyFactor выбор идет по запасу найденного предельного момента, а трещины остаются отдельной проверкой.","False","Pending"
"src/Batch/CBatchSectionCalculator.cls","CBatchSectionCalculator","1570","Private","Function","StrengthSafetyFactorForGoverning","4","Возвращает прочностной запас LC как найденный множитель lambda. Для CapacityLoadPath это единая величина для lambda*Mx, lambda*My, lambda*Mxy, lambda*N и lambda*NMxy; отдельные отношения Nult/N или Mult/Mxy больше не нужны для выбора Worst.","False","Pending"
"src/Batch/CBatchSectionCalculator.cls","CBatchSectionCalculator","1576","Private","Function","IsBetterCrackGoverningCandidate","2","Сравнивает только запасы по раскрытию трещин. Нулевой запас означает, что проверка трещин для LC не считалась или ширина раскрытия равна нулю.","False","Pending"
"src/Batch/CBatchSectionCalculator.cls","CBatchSectionCalculator","1591","Private","Function","CrackSafetyFactorForGoverning","1","Возвращает запас по трещинам как величину, обратную использованию.","False","Pending"
"src/Batch/CBatchSectionCalculator.cls","CBatchSectionCalculator","1597","Private","Sub","SelectWorstCombination","2","Выбирает Worst-сочетание по пользовательскому критерию верхней сводки. Этот же индекс затем читают Plot.LoadCase = Worst и AutoCAD.Export.CombinationID = Worst.","False","Pending"
"src/Batch/CBatchSectionCalculator.cls","CBatchSectionCalculator","1622","Private","Function","IsBetterWorstCandidate","3","Сравнивает LC по минимальному положительному запасу выбранного типа. Нулевой запас означает, что соответствующая проверка для LC не применялась или не дала физически интерпретируемого результата.","False","Pending"
"src/Batch/CBatchSectionCalculator.cls","CBatchSectionCalculator","1638","Private","Function","NormalizedWorstCombinationCriterion","2","Нормализует пользовательский критерий выбора Worst. Некорректная строка не роняет расчет, а возвращает прежний консервативный смысл по capacity.","False","Pending"
"src/Batch/CBatchSectionCalculator.cls","CBatchSectionCalculator","1652","Private","Function","FormatNumberInvariant","1","Форматирует число с точкой как десятичным разделителем для диагностической строки.","False","Pending"
"src/Batch/CBatchSectionCalculator.cls","CBatchSectionCalculator","1656","Public","Property Get","Count","0","","False","Pending"
"src/Batch/CBatchSectionCalculator.cls","CBatchSectionCalculator","1660","Public","Property Get","CombinationID","0","","False","Pending"
"src/Batch/CBatchSectionCalculator.cls","CBatchSectionCalculator","1666","Public","Property Get","SourceDataOffset","2","Возвращает 1-based позицию LC внутри data-строк rngLoadCombinations. Это служебная величина только для writer-ов Results; расчетный индекс batch остается компактным.","False","Pending"
"src/Batch/CBatchSectionCalculator.cls","CBatchSectionCalculator","1670","Public","Property Get","CombinationName","0","","False","Pending"
"src/Batch/CBatchSectionCalculator.cls","CBatchSectionCalculator","1676","Public","Property Get","InputProfileId","2","Возвращает профиль исходного сочетания до выполнения расчета. Preflight компоновки Results использует input, а не еще пустой расчетный result-tree.","False","Pending"
"src/Batch/CBatchSectionCalculator.cls","CBatchSectionCalculator","1683","Public","Property Get","N","0","","False","Pending"
"src/Batch/CBatchSectionCalculator.cls","CBatchSectionCalculator","1687","Public","Property Get","Mx","0","","False","Pending"
"src/Batch/CBatchSectionCalculator.cls","CBatchSectionCalculator","1691","Public","Property Get","My","0","","False","Pending"
"src/Batch/CBatchSectionCalculator.cls","CBatchSectionCalculator","1695","Public","Property Get","UserMx","0","","False","Pending"
"src/Batch/CBatchSectionCalculator.cls","CBatchSectionCalculator","1699","Public","Property Get","UserMy","0","","False","Pending"
"src/Batch/CBatchSectionCalculator.cls","CBatchSectionCalculator","1703","Public","Property Get","LoadReferenceX","0","","False","Pending"
"src/Batch/CBatchSectionCalculator.cls","CBatchSectionCalculator","1707","Public","Property Get","LoadReferenceY","0","","False","Pending"
"src/Batch/CBatchSectionCalculator.cls","CBatchSectionCalculator","1711","Public","Property Get","LoadReferenceOffsetX","0","","False","Pending"
"src/Batch/CBatchSectionCalculator.cls","CBatchSectionCalculator","1715","Public","Property Get","LoadReferenceOffsetY","0","","False","Pending"
"src/Batch/CBatchSectionCalculator.cls","CBatchSectionCalculator","1719","Public","Property Get","StabilityElementLength","0","","False","Pending"
"src/Batch/CBatchSectionCalculator.cls","CBatchSectionCalculator","1723","Public","Property Get","StabilityMu1","0","","False","Pending"
"src/Batch/CBatchSectionCalculator.cls","CBatchSectionCalculator","1727","Public","Property Get","StabilityMu2","0","","False","Pending"
"src/Batch/CBatchSectionCalculator.cls","CBatchSectionCalculator","1733","Public","Property Get","ResultAt","2","Возвращает каноническое дерево результата LC. Потребители читают его непосредственно, без скалярных forwarding-копий в batch-калькуляторе.","False","Pending"
"src/Batch/CBatchSectionCalculator.cls","CBatchSectionCalculator","1740","Public","Property Get","StabilityLoadPointMx","0","","False","Pending"
"src/Batch/CBatchSectionCalculator.cls","CBatchSectionCalculator","1745","Public","Property Get","StabilityLoadPointMy","1","Возвращает My после устойчивости в пользовательской точке задания нагрузки.","False","Pending"
"src/Batch/CBatchSectionCalculator.cls","CBatchSectionCalculator","1752","Public","Property Get","StabilitySP35NOverNcrLimit","3","Возвращает пользовательский лимит N/Ncr для eta-ветви СП 35. Writer-ы используют это значение в заголовках, чтобы формула запаса в Results совпадала с фактически выбранной настройкой Config.","False","Pending"
"src/Batch/CBatchSectionCalculator.cls","CBatchSectionCalculator","1756","Public","Property Get","CrackReferenceN","0","","False","Pending"
"src/Batch/CBatchSectionCalculator.cls","CBatchSectionCalculator","1760","Public","Property Get","CrackReferenceMx","0","","False","Pending"
"src/Batch/CBatchSectionCalculator.cls","CBatchSectionCalculator","1767","Public","Property Get","CrackReferenceMy","0","","False","Pending"
"src/Batch/CBatchSectionCalculator.cls","CBatchSectionCalculator","1774","Public","Property Get","CrackLoadPointN","0","","False","Pending"
"src/Batch/CBatchSectionCalculator.cls","CBatchSectionCalculator","1778","Public","Property Get","CrackLoadPointMx","0","","False","Pending"
"src/Batch/CBatchSectionCalculator.cls","CBatchSectionCalculator","1782","Public","Property Get","CrackLoadPointMy","0","","False","Pending"
"src/Batch/CBatchSectionCalculator.cls","CBatchSectionCalculator","1787","Public","Property Get","CrackSteelElasticModulus","0","","False","Pending"
"src/Batch/CBatchSectionCalculator.cls","CBatchSectionCalculator","1798","Public","Function","StrengthConcreteCompressionLimitForCombination","1","Предельная сжатая деформация бетона именно для модели прочности.","False","Pending"
"src/Batch/CBatchSectionCalculator.cls","CBatchSectionCalculator","1805","Public","Function","StrengthConcreteTensionLimitForCombination","1","Предельная растянутая деформация бетона именно для модели прочности.","False","Pending"
"src/Batch/CBatchSectionCalculator.cls","CBatchSectionCalculator","1812","Public","Function","StrengthConcreteTensionLimitEnabledForCombination","1","True, если strength-диаграмма учитывает растянутый бетон и предел нужно показывать.","False","Pending"
"src/Batch/CBatchSectionCalculator.cls","CBatchSectionCalculator","1819","Public","Function","StrengthSteelCompressionLimitForCombination","1","Предельная сжатая деформация арматуры именно для модели прочности.","False","Pending"
"src/Batch/CBatchSectionCalculator.cls","CBatchSectionCalculator","1826","Public","Function","StrengthSteelTensionLimitForCombination","1","Предельная растянутая деформация арматуры именно для модели прочности.","False","Pending"
"src/Batch/CBatchSectionCalculator.cls","CBatchSectionCalculator","1836","Private","Function","StrengthMaterialSpecForCombination","4","Возвращает спецификацию материала strength-модели для подробного блока прочности. Сначала используем сохраненный named state, потому что он фиксирует реально примененную спецификацию, а при отсутствии состояния берем профиль как fallback для лимитов в строках, где расчет не запускался или завершился ошибкой.","False","Pending"
"src/Batch/CBatchSectionCalculator.cls","CBatchSectionCalculator","1852","Public","Property Get","GoverningCombinationIndex","0","","False","Pending"
"src/Batch/CBatchSectionCalculator.cls","CBatchSectionCalculator","1856","Public","Property Get","GoverningCombinationID","0","","False","Pending"
"src/Batch/CBatchSectionCalculator.cls","CBatchSectionCalculator","1860","Public","Property Get","GoverningCombinationName","0","","False","Pending"
"src/Batch/CBatchSectionCalculator.cls","CBatchSectionCalculator","1864","Public","Property Get","CrackGoverningCombinationIndex","0","","False","Pending"
"src/Batch/CBatchSectionCalculator.cls","CBatchSectionCalculator","1868","Public","Property Get","CrackGoverningCombinationID","0","","False","Pending"
"src/Batch/CBatchSectionCalculator.cls","CBatchSectionCalculator","1872","Public","Property Get","CrackGoverningCombinationName","0","","False","Pending"
"src/Batch/CBatchSectionCalculator.cls","CBatchSectionCalculator","1876","Public","Property Get","WorstCombinationIndex","0","","False","Pending"
"src/Batch/CBatchSectionCalculator.cls","CBatchSectionCalculator","1880","Public","Property Get","WorstCombinationID","0","","False","Pending"
"src/Batch/CBatchSectionCalculator.cls","CBatchSectionCalculator","1884","Public","Property Get","WorstCombinationName","0","","False","Pending"
"src/Batch/CBatchSectionCalculator.cls","CBatchSectionCalculator","1888","Public","Property Get","WorstCombinationCriterion","0","","False","Pending"
"src/Batch/CBatchSectionCalculator.cls","CBatchSectionCalculator","1892","Public","Property Get","SolverCallCount","0","","False","Pending"
"src/Batch/CBatchSectionCalculator.cls","CBatchSectionCalculator","1896","Public","Property Get","ElapsedSeconds","0","","False","Pending"
"src/Batch/CBatchSectionCalculator.cls","CBatchSectionCalculator","1900","Public","Property Get","DiagnosticLog","0","","False","Pending"
"src/Batch/CBatchSectionCalculator.cls","CBatchSectionCalculator","1904","Public","Property Get","InvalidInputCount","0","","False","Pending"
"src/Batch/CBatchSectionCalculator.cls","CBatchSectionCalculator","1911","Public","Property Get","FirstInvalidInputMessage","0","","False","Pending"
"src/Batch/CBatchSectionCalculator.cls","CBatchSectionCalculator","1924","Private","Function","DetailedInvalidInputMessage","3","Возвращает первую человекочитаемую причину InputErr для итогового сообщения. Короткий статус остается в Results, а popup показывает, какая настройка, профиль или геометрическая величина фактически остановила расчет.","False","Pending"
"src/Batch/CBatchSectionCalculator.cls","CBatchSectionCalculator","1942","Private","Function","DisplayCombinationID","2","Формирует устойчивое имя LC для сообщения об ошибке даже при неполной строке сочетания, когда пользователь мог оставить CombinationID пустым.","False","Pending"
"src/Batch/CBatchSectionCalculator.cls","CBatchSectionCalculator","1949","Public","Property Get","StrengthReferenceN","0","","False","Pending"
"src/Batch/CBatchSectionCalculator.cls","CBatchSectionCalculator","1953","Public","Property Get","StrengthReferenceMx","0","","False","Pending"
"src/Batch/CBatchSectionCalculator.cls","CBatchSectionCalculator","1960","Public","Property Get","StrengthReferenceMy","0","","False","Pending"
"src/Batch/CBatchSectionCalculator.cls","CBatchSectionCalculator","1967","Public","Property Get","StrengthLoadPointN","0","","False","Pending"
"src/Batch/CBatchSectionCalculator.cls","CBatchSectionCalculator","1971","Public","Property Get","StrengthLoadPointMx","0","","False","Pending"
"src/Batch/CBatchSectionCalculator.cls","CBatchSectionCalculator","1975","Public","Property Get","StrengthLoadPointMy","0","","False","Pending"
"src/Batch/CBatchSectionCalculator.cls","CBatchSectionCalculator","1979","Public","Property Get","StrengthDirectStateRequested","0","","False","Pending"
"src/Batch/CBatchSectionCalculator.cls","CBatchSectionCalculator","1984","Public","Property Get","StrengthCapacityRequested","0","","False","Pending"
"src/Batch/CBatchSectionCalculator.cls","CBatchSectionCalculator","1989","Public","Property Get","CrackWidthRequested","0","","False","Pending"
"src/Batch/CBatchSectionCalculator.cls","CBatchSectionCalculator","1994","Public","Property Get","StabilityRequested","0","","False","Pending"
"src/Batch/CBatchSectionCalculator.cls","CBatchSectionCalculator","1999","Public","Property Get","StateAvailableCount","0","","False","Pending"
"src/Batch/CBatchSectionCalculator.cls","CBatchSectionCalculator","2016","Public","Function","TestRepeatCrackCalculation","3","Повторяет production-маршрут до публикации всего LC и возвращает первый неизменяемый crack-result для сравнения. Repository остается рабочим: новые formation/width-калькуляторы получают найденные состояния без solve.","False","Pending"
"src/Batch/CCalculationProfile.cls","CCalculationProfile","49","Private","Sub","Class_Initialize","1","Создает пустые спецификации материалов для трех расчетных ролей профиля.","False","Pending"
"src/Batch/CCalculationProfile.cls","CCalculationProfile","57","Public","Sub","Initialize","2","Заполняет простые поля профиля. MaterialModelSpec задаются отдельными методами, потому что профиль хранит три независимые роли материальных моделей.","False","Pending"
"src/Batch/CCalculationProfile.cls","CCalculationProfile","70","Public","Sub","SetStrengthSpec","1","Сохраняет спецификацию модели прочности.","False","Pending"
"src/Batch/CCalculationProfile.cls","CCalculationProfile","76","Public","Sub","SetCrackInitiationSpec","1","Сохраняет спецификацию модели образования трещины для обязательной предварительной проверки.","False","Pending"
"src/Batch/CCalculationProfile.cls","CCalculationProfile","82","Public","Sub","SetCrackedStateSpec","1","Сохраняет спецификацию модели НДС с раскрытой трещиной.","False","Pending"
"src/Batch/CCalculationProfile.cls","CCalculationProfile","89","Public","Sub","SetStabilityValueSet","2","Сохраняет набор характеристик для устойчивости. Диаграммы здесь не нужны: расчет D, Ncr и eta использует R/E, а не sigma-epsilon график.","False","Pending"
"src/Batch/CCalculationProfile.cls","CCalculationProfile","98","Public","Sub","SetVisualization","3","Сохраняет настройки визуализации. Их несоответствие фактически полученным состояниям не блокирует расчет: ошибка появится только при построении схемы или AutoCAD export по отсутствующему StateType.","False","Pending"
"src/Batch/CCalculationProfile.cls","CCalculationProfile","124","Public","Function","IsConfigured","3","Профиль считается настроенным только если задано имя и есть хотя бы один запрошенный расчет. Неназначенные профили не участвуют в batch, даже если в таблице профилей заполнены все их параметры.","False","Pending"
"src/Batch/CCalculationProfile.cls","CCalculationProfile","131","Public","Function","ValidateForCalculation","3","Валидирует профиль только для фактически назначенного LC. Visualization.State здесь не проверяется на наличие будущего состояния: это ошибка визуализации, а не причина блокировать batch-расчет.","False","Pending"
"src/Batch/CCalculationProfile.cls","CCalculationProfile","168","Public","Property Get","ProfileId","0","","False","Pending"
"src/Batch/CCalculationProfile.cls","CCalculationProfile","172","Public","Property Get","DisplayName","0","","False","Pending"
"src/Batch/CCalculationProfile.cls","CCalculationProfile","176","Public","Property Get","Description","0","","False","Pending"
"src/Batch/CCalculationProfile.cls","CCalculationProfile","180","Public","Property Get","StrengthDirectStateEnabled","0","","False","Pending"
"src/Batch/CCalculationProfile.cls","CCalculationProfile","184","Public","Property Get","StrengthCapacityEnabled","0","","False","Pending"
"src/Batch/CCalculationProfile.cls","CCalculationProfile","188","Public","Property Get","CrackWidthEnabled","0","","False","Pending"
"src/Batch/CCalculationProfile.cls","CCalculationProfile","192","Public","Property Get","StabilityEnabled","0","","False","Pending"
"src/Batch/CCalculationProfile.cls","CCalculationProfile","196","Public","Property Get","StabilityValueSet","0","","False","Pending"
"src/Batch/CCalculationProfile.cls","CCalculationProfile","204","Public","Property Get","StabilityValueSetText","0","","False","Pending"
"src/Batch/CCalculationProfile.cls","CCalculationProfile","208","Public","Property Get","StrengthSpec","0","","False","Pending"
"src/Batch/CCalculationProfile.cls","CCalculationProfile","212","Public","Property Get","CrackInitiationSpec","0","","False","Pending"
"src/Batch/CCalculationProfile.cls","CCalculationProfile","216","Public","Property Get","CrackedStateSpec","0","","False","Pending"
"src/Batch/CCalculationProfile.cls","CCalculationProfile","220","Public","Property Get","VisualizationState","0","","False","Pending"
"src/Batch/CCalculationProfile.cls","CCalculationProfile","228","Public","Property Get","VisualizationStateText","0","","False","Pending"
"src/Batch/CCalculationProfile.cls","CCalculationProfile","232","Public","Property Get","VisualizationQuantity","0","","False","Pending"
"src/Batch/CCalculationProfile.cls","CCalculationProfile","240","Public","Property Get","VisualizationQuantityText","0","","False","Pending"
"src/Batch/CCalculationProfile.cls","CCalculationProfile","244","Public","Property Get","VisualizationStressPrecision","0","","False","Pending"
"src/Batch/CCalculationProfile.cls","CCalculationProfile","252","Public","Property Get","VisualizationStrainPrecision","0","","False","Pending"
"src/Batch/CCalculationProfile.cls","CCalculationProfile","261","Public","Function","VisualizationPrecisionForQuantity","1","Возвращает точность числовых подписей для выбранной визуализируемой величины.","False","Pending"
"src/Batch/CCalculationProfile.cls","CCalculationProfile","271","Private","Function","ParseVisualizationPrecision","2","Читает пользовательское количество знаков после запятой для Stress/Strain. Ограничение защищает Excel-подписи от чрезмерно длинных строк.","False","Pending"
"src/Batch/CCalculationProfileCatalog.cls","CCalculationProfileCatalog","27","Public","Sub","LoadFromWorkbook","1","Загружает каталог из именованного диапазона книги.","False","Pending"
"src/Batch/CCalculationProfileCatalog.cls","CCalculationProfileCatalog","34","Public","Sub","LoadFromRange","2","Читает вертикальную таблицу профилей. Структурные строки в квадратных скобках пропускаются, а профильные столбцы остаются доступными по ProfileId.","False","Pending"
"src/Batch/CCalculationProfileCatalog.cls","CCalculationProfileCatalog","67","Private","Function","BuildProfile","1","Создает профиль по одному столбцу PR.","False","Pending"
"src/Batch/CCalculationProfileCatalog.cls","CCalculationProfileCatalog","109","Private","Function","SpecFromValues","1","Собирает MaterialModelSpec из четырех строк одного префикса.","False","Pending"
"src/Batch/CCalculationProfileCatalog.cls","CCalculationProfileCatalog","132","Private","Function","ProfileValue","1","Возвращает строковое значение параметра профиля по ключу, если такая строка есть в таблице.","False","Pending"
"src/Batch/CCalculationProfileCatalog.cls","CCalculationProfileCatalog","137","Private","Function","FindProfileHeaderRow","1","Находит строку, где после служебных колонок идут PR1/PR2/... .","False","Pending"
"src/Batch/CCalculationProfileCatalog.cls","CCalculationProfileCatalog","151","Private","Sub","CollectProfileColumns","1","Собирает все столбцы PR*, чтобы reader не был жестко привязан к PR1-PR4.","False","Pending"
"src/Batch/CCalculationProfileCatalog.cls","CCalculationProfileCatalog","168","Private","Function","IsProfileIdText","1","Проверяет, что заголовок столбца выглядит как расчетный ProfileId вида PR1, PR2 и т.п.","False","Pending"
"src/Batch/CCalculationProfileCatalog.cls","CCalculationProfileCatalog","174","Private","Function","YesNo","1","Приводит пользовательское Yes/No-значение к Boolean с учетом русской записи ""Да"".","False","Pending"
"src/Batch/CCalculationProfileCatalog.cls","CCalculationProfileCatalog","180","Private","Sub","Clear","1","Очищает ранее прочитанный каталог перед новой загрузкой из workbook.","False","Pending"
"src/Batch/CCalculationProfileCatalog.cls","CCalculationProfileCatalog","187","Public","Function","ProfileById","1","Возвращает профиль по стабильному ID столбца.","False","Pending"
"src/Batch/CCalculationProfileCatalog.cls","CCalculationProfileCatalog","196","Public","Function","HasProfile","1","Проверяет наличие профиля без выбрасывания ошибки.","False","Pending"
"src/Batch/CCalculationProfileCatalog.cls","CCalculationProfileCatalog","201","Private","Function","FindProfile","1","Ищет профиль сначала по стабильному ID столбца, затем по пользовательскому имени профиля.","False","Pending"
"src/Batch/CCalculationProfileCatalog.cls","CCalculationProfileCatalog","219","Public","Property Get","Count","0","","False","Pending"
"src/Batch/CCalculationProfileCatalog.cls","CCalculationProfileCatalog","223","Public","Property Get","ProfileId","0","","False","Pending"
"src/Batch/CCalculationProfileCatalog.cls","CCalculationProfileCatalog","228","Public","Property Get","ProfileAt","0","","False","Pending"
"src/Batch/CCapacityLoadPath.cls","CCapacityLoadPath","49","Private","Sub","Class_Initialize","1","Задает безопасное начальное состояние: путь отсутствует, объект вектора уже создан.","False","Pending"
"src/Batch/CCapacityLoadPath.cls","CCapacityLoadPath","58","Public","Sub","InitializeFromLoadState","3","Разбирает load-path через общий объект нагрузки. Так перенос от Load.ReferenceOffset и фильтр малых моментов остаются в одном классе, а CapacityLoadPath занимается только разложением Target = Offset + lambda*Base.","False","Pending"
"src/Batch/CCapacityLoadPath.cls","CCapacityLoadPath","92","Private","Function","ResolveKey","3","Нормализует текст пользователя. Auto и пустая строка получают осторожный default: если есть пользовательский момент - lambda*Mxy, если есть только N - lambda*N.","False","Pending"
"src/Batch/CCapacityLoadPath.cls","CCapacityLoadPath","134","Private","Sub","BuildFlags","3","Заполняет логические признаки выбранного пути. Нулевые компоненты не создают отдельную ветку: они просто дают нулевой Base, а CCapacitySolver дальше получает ту же универсальную формулу Target(lambda).","False","Pending"
"src/Batch/CCapacityLoadPath.cls","CCapacityLoadPath","163","Private","Sub","BuildOffsetBase","4","Строит постоянную и масштабируемую части нагрузки. Момент от смещения точки приложения N остается связанным с N: если N масштабируется, этот момент масштабируется вместе с ней; если масштабируются только Mx/My, момент от N остается в Offset.","False","Pending"
"src/Batch/CCapacityLoadPath.cls","CCapacityLoadPath","187","Private","Function","HasMomentVector","1","Проверяет наличие ненулевого пользовательского вектора момента после общего фильтра малых моментов.","False","Pending"
"src/Batch/CCapacityLoadPath.cls","CCapacityLoadPath","192","Private","Sub","Clear","1","Сбрасывает разобранный путь перед чтением новой строки сочетания нагрузок.","False","Pending"
"src/Batch/CCapacityLoadPath.cls","CCapacityLoadPath","209","Public","Function","DisplayNameForKey","3","Возвращает подпись load-path в том же виде, в каком пользователь видит ее на листе Results. Метод полезен writer-ам и batch-слою, но не участвует в расчетной математике.","False","Pending"
"src/Batch/CCapacityLoadPath.cls","CCapacityLoadPath","226","Public","Property Get","Key","0","","False","Pending"
"src/Batch/CCapacityLoadPath.cls","CCapacityLoadPath","230","Public","Property Get","DisplayName","0","","False","Pending"
"src/Batch/CCapacityLoadPath.cls","CCapacityLoadPath","234","Public","Property Get","Valid","0","","False","Pending"
"src/Batch/CCapacityLoadPath.cls","CCapacityLoadPath","238","Public","Property Get","ErrorMessage","0","","False","Pending"
"src/Batch/CCapacityLoadPath.cls","CCapacityLoadPath","242","Public","Property Get","HasPath","0","","False","Pending"
"src/Batch/CCapacityLoadPath.cls","CCapacityLoadPath","246","Public","Property Get","HasScaledLoad","0","","False","Pending"
"src/Batch/CCapacityLoadPath.cls","CCapacityLoadPath","250","Public","Property Get","ForceOnly","0","","False","Pending"
"src/Batch/CCapacityLoadPath.cls","CCapacityLoadPath","254","Public","Property Get","ScalesN","0","","False","Pending"
"src/Batch/CCapacityLoadPath.cls","CCapacityLoadPath","258","Public","Property Get","ScalesMx","0","","False","Pending"
"src/Batch/CCapacityLoadPath.cls","CCapacityLoadPath","262","Public","Property Get","ScalesMy","0","","False","Pending"
"src/Batch/CCapacityLoadPath.cls","CCapacityLoadPath","266","Public","Property Get","NOffset","0","","False","Pending"
"src/Batch/CCapacityLoadPath.cls","CCapacityLoadPath","270","Public","Property Get","NBase","0","","False","Pending"
"src/Batch/CCapacityLoadPath.cls","CCapacityLoadPath","274","Public","Property Get","MxOffset","0","","False","Pending"
"src/Batch/CCapacityLoadPath.cls","CCapacityLoadPath","278","Public","Property Get","MxBase","0","","False","Pending"
"src/Batch/CCapacityLoadPath.cls","CCapacityLoadPath","282","Public","Property Get","MyOffset","0","","False","Pending"
"src/Batch/CCapacityLoadPath.cls","CCapacityLoadPath","286","Public","Property Get","MyBase","0","","False","Pending"
"src/Batch/CCapacityLoadPath.cls","CCapacityLoadPath","292","Public","Sub","Target","2","Возвращает расчетный вектор нагрузки на выбранной lambda без дублирования формулы Offset + lambda*Base в batch-слое.","False","Pending"
"src/Batch/CCombinationResult.cls","CCombinationResult","31","Private","Sub","Class_Initialize","1","Создает нейтральное дерево результатов без фиктивных физических состояний.","False","Pending"
"src/Batch/CCombinationResult.cls","CCombinationResult","36","Public","Sub","Clear","1","Сбрасывает все ветви LC, не затрагивая исходные нагрузки и геометрию.","False","Pending"
"src/Batch/CCombinationResult.cls","CCombinationResult","48","Public","Property Get","Status","1","Display-статусы являются производными от typed meta и не имеют setter-а.","False","Pending"
"src/Batch/CCombinationResult.cls","CCombinationResult","52","Public","Property Get","NormalCrackStatus","0","","False","Pending"
"src/Batch/CCombinationResult.cls","CCombinationResult","56","Public","Property Get","CrackSummaryStatus","0","","False","Pending"
"src/Batch/CCombinationResult.cls","CCombinationResult","62","Public","Property Get","ExtensionUsed","2","Определяет использование расширения по сохраненным конечным состояниям, а не по последнему живому solver-у или промежуточным Search probes.","False","Pending"
"src/Batch/CCombinationResult.cls","CCombinationResult","73","Public","Property Get","GoverningUtil","1","Возвращает наибольшее использование по готовым применимым ветвям.","False","Pending"
"src/Batch/CCombinationResult.cls","CCombinationResult","83","Public","Property Get","OverallMeta","3","Возвращает ResultMeta итогового LC, построенный из агрегированного статуса и комментариев проблемных дочерних результатов. Writer-ы берут уже готовый текст из result-tree и не склеивают пояснения самостоятельно.","False","Pending"
"src/Batch/CCombinationResult.cls","CCombinationResult","99","Public","Property Get","StrengthMeta","3","Возвращает сводную ResultMeta блока прочности: сначала ищет проблемный direct/capacity-result, затем оставляет агрегированный статус без попытки заново интерпретировать численные результаты.","False","Pending"
"src/Batch/CCombinationResult.cls","CCombinationResult","104","Public","Property Get","DirectStateMeta","1","Возвращает meta непосредственно из канонического result-subtree.","False","Pending"
"src/Batch/CCombinationResult.cls","CCombinationResult","108","Public","Property Get","CapacityMeta","0","","False","Pending"
"src/Batch/CCombinationResult.cls","CCombinationResult","116","Public","Property Get","CapacityPathDisplayName","4","Возвращает отображаемое имя фактически принятой capacity-траектории. Это только presentation-слой результата LC: расчетный ключ остается в mStrengthResult.Capacity.PathResolved, а преобразование в lambda*... делается единообразно через CCapacityLoadPath.","False","Pending"
"src/Batch/CCombinationResult.cls","CCombinationResult","124","Public","Function","ReserveForCriterion","2","Собирает показатель для выбора определяющего LC из готовых результатов. Сам выбор строки остается у Batch; физические расчеты и поиск здесь не выполняются.","False","Pending"
"src/Batch/CCombinationResult.cls","CCombinationResult","138","Private","Function","PositiveMin","1","Объединяет только доступные положительные запасы, не выдавая отсутствие за ноль проверки.","False","Pending"
"src/Batch/CCombinationResult.cls","CCombinationResult","149","Public","Property Get","CrackMeta","1","Возвращает ResultMeta расчета нормальных трещин.","False","Pending"
"src/Batch/CCombinationResult.cls","CCombinationResult","156","Public","Property Get","CrackSummaryMeta","3","Возвращает ResultMeta всего detailed-блока трещин, который на Results показывает нормальные и продольные трещины одной таблицей. Writer получает уже готовый статус и комментарий: он не должен сам агрегировать normal/longitudinal.","False","Pending"
"src/Batch/CCombinationResult.cls","CCombinationResult","161","Public","Property Get","CrackFormationMeta","1","Возвращает meta соответствующего узла без параллельного кэша статусов.","False","Pending"
"src/Batch/CCombinationResult.cls","CCombinationResult","166","Public","Property Get","CrackCurrentStateMeta","1","Возвращает meta соответствующего узла без параллельного кэша статусов.","False","Pending"
"src/Batch/CCombinationResult.cls","CCombinationResult","171","Public","Property Get","CrackWidthMeta","1","Возвращает meta соответствующего узла без параллельного кэша статусов.","False","Pending"
"src/Batch/CCombinationResult.cls","CCombinationResult","176","Public","Property Get","LongitudinalCrackMeta","1","Возвращает meta соответствующего узла без параллельного кэша статусов.","False","Pending"
"src/Batch/CCombinationResult.cls","CCombinationResult","181","Public","Property Get","StabilityMeta","1","Возвращает meta соответствующего узла без параллельного кэша статусов.","False","Pending"
"src/Batch/CCombinationResult.cls","CCombinationResult","186","Public","Property Get","StrengthResult","1","Возвращает structured-subtree расчетов по модели прочности.","False","Pending"
"src/Batch/CCombinationResult.cls","CCombinationResult","191","Public","Property Get","CrackResult","1","Возвращает structured-subtree расчета трещин.","False","Pending"
"src/Batch/CCombinationResult.cls","CCombinationResult","196","Public","Property Get","StabilityResult","1","Возвращает structured-subtree проверки устойчивости.","False","Pending"
"src/Batch/CCombinationResult.cls","CCombinationResult","203","Private","Function","Policy","2","Лениво создает policy, чтобы CCombinationResult оставался простым контейнером и не зависел от порядка вызова Clear/Class_Initialize.","False","Pending"
"src/Batch/CCombinationResult.cls","CCombinationResult","209","Public","Sub","SetDirectStateMeta","1","Устанавливает фактическую инженерную meta прямого НДС.","False","Pending"
"src/Batch/CCombinationResult.cls","CCombinationResult","215","Public","Sub","MergeDirectStateMeta","1","Объединяет несколько причин прямого расчета в один итоговый result.","False","Pending"
"src/Batch/CCombinationResult.cls","CCombinationResult","221","Public","Sub","SetStabilityMeta","1","Устанавливает meta устойчивости, если полный calculator-result отсутствует.","False","Pending"
"src/Batch/CCombinationResult.cls","CCombinationResult","227","Public","Sub","StoreStabilityResult","1","Сохраняет единственный самостоятельный result устойчивости.","False","Pending"
"src/Batch/CCombinationResult.cls","CCombinationResult","235","Public","Sub","UpdateStabilityDesignLoads","1","Обновляет окончательные усилия после общего фильтра малых моментов.","False","Pending"
"src/Batch/CCombinationResult.cls","CCombinationResult","242","Public","Sub","ClearStabilityResult","1","Сбрасывает незапрошенную ветвь устойчивости.","False","Pending"
"src/Batch/CCombinationResult.cls","CCombinationResult","250","Public","Sub","AddState","3","Добавляет конечное named-state LC. Промежуточные итерации solver-а и lambda-точки поиска сюда не пишутся; состояния PreCrackState/PostCrackState сохраняются, если обязательная проверка образования трещины реально дошла до lambda_crc.","False","Pending"
"src/Batch/CCombinationResult.cls","CCombinationResult","262","Public","Property Get","StateRepository","2","Возвращает repository текущего LC. Его используют только слои orchestration, которые имеют право добавлять или переиспользовать конечные named-state.","False","Pending"
"src/Batch/CCombinationResult.cls","CCombinationResult","268","Public","Sub","StoreCapacityResult","1","Сохраняет готовый capacity-result и его конечное физическое состояние.","False","Pending"
"src/Batch/CCombinationResult.cls","CCombinationResult","276","Public","Sub","StoreSectionStateResult","1","Привязывает прямой result к уже сохраненному каноническому named state.","False","Pending"
"src/Batch/CCombinationResult.cls","CCombinationResult","284","Public","Sub","StoreCrackAggregateResult","1","Сохраняет самостоятельное дерево трещин без копирования численных полей.","False","Pending"
"src/Batch/CCombinationResult.cls","CCombinationResult","291","Public","Sub","ClearCrackResult","1","Полностью сбрасывает незапрошенную ветвь трещин.","False","Pending"
"src/Batch/CCombinationResult.cls","CCombinationResult","298","Public","Property Get","ProfileId","2","Контекст LC читается потребителями, а меняется только внутри workflow до публикации. Friend методы недоступны внешнему Automation-интерфейсу.","False","Pending"
"src/Batch/CCombinationResult.cls","CCombinationResult","303","Friend","Sub","SetProfileId","1","Запоминает профиль до публикации LC; внешним потребителям доступно только чтение.","False","Pending"
"src/Batch/CCombinationResult.cls","CCombinationResult","308","Public","Property Get","DiagramExtensionEnabled","0","","False","Pending"
"src/Batch/CCombinationResult.cls","CCombinationResult","313","Friend","Sub","SetDiagramExtensionEnabled","1","Запоминает effective Extension запуска, не меняя признаки уже полученных State.","False","Pending"
"src/Batch/CCombinationResult.cls","CCombinationResult","321","Friend","Sub","Freeze","3","Завершает жизненный цикл заполнения перед передачей snapshot потребителю. Повторный вызов безопасен; общие ссылки на named-state остаются теми же, но их fill/reset API больше не могут изменить опубликованный результат.","False","Pending"
"src/Batch/CCombinationResult.cls","CCombinationResult","332","Private","Sub","AssertWritable","2","Явно отклоняет изменение уже выданного результата вместо тихой порчи снимка. Для повторного расчета workflow создает новый объект, сохраняя прежние ссылки.","False","Pending"
"src/Batch/CDirectStateResult.cls","CDirectStateResult","30","Private","Sub","Class_Initialize","1","Создает нейтральный result без фиктивного физического состояния.","False","Pending"
"src/Batch/CDirectStateResult.cls","CDirectStateResult","35","Public","Sub","Clear","1","Сбрасывает состояние и meta для безопасного повторного использования.","False","Pending"
"src/Batch/CDirectStateResult.cls","CDirectStateResult","49","Public","Sub","SetMeta","1","Устанавливает итоговую meta; пустая meta является нарушением контракта.","False","Pending"
"src/Batch/CDirectStateResult.cls","CDirectStateResult","62","Public","Sub","StoreStateResult","2","Привязывает result к сохраненному State без копии численных полей. Ошибка получения State сохраняется в его meta, а не превращается в успех.","False","Pending"
"src/Batch/CDirectStateResult.cls","CDirectStateResult","86","Public","Property Get","StateResult","1","Возвращает сохраненное State. При незапрошенном расчете возвращает Nothing.","False","Pending"
"src/Batch/CDirectStateResult.cls","CDirectStateResult","91","Public","Property Get","Meta","1","Meta возвращается копией: потребитель не может изменить итог проверки.","False","Pending"
"src/Batch/CDirectStateResult.cls","CDirectStateResult","96","Public","Property Get","Status","1","Display и признаки доступности вычисляются из канонических объектов.","False","Pending"
"src/Batch/CDirectStateResult.cls","CDirectStateResult","102","Public","Property Get","StateAvailable","0","","False","Pending"
"src/Batch/CDirectStateResult.cls","CDirectStateResult","106","Public","Property Get","StateConverged","0","","False","Pending"
"src/Batch/CDirectStateResult.cls","CDirectStateResult","110","Public","Property Get","ExtensionUsed","0","","False","Pending"
"src/Batch/CDirectStateResult.cls","CDirectStateResult","114","Public","Property Get","ExtensionEnabled","0","","False","Pending"
"src/Batch/CDirectStateResult.cls","CDirectStateResult","121","Public","Property Get","StrainReserve","3","Вычисляет запас по реально присутствующим знакам деформаций и исходным физическим пределам. Численное продолжение не увеличивает этот запас. При отсутствии проверенного состояния возвращает 0 как признак недоступности.","False","Pending"
"src/Batch/CDirectStateResult.cls","CDirectStateResult","139","Private","Sub","AddStrainReserve","2","Добавляет применимый знак материала в минимум; нулевая деформация не дает искусственного бесконечного запаса и отсутствующая зона не участвует.","False","Pending"
"src/Batch/CDirectStateResult.cls","CDirectStateResult","152","Friend","Sub","Freeze","3","Завершает жизненный цикл заполнения перед передачей snapshot потребителю. Повторный вызов безопасен; общие ссылки на named-state остаются теми же, но их fill/reset API больше не могут изменить опубликованный результат.","False","Pending"
"src/Batch/CDirectStateResult.cls","CDirectStateResult","160","Private","Sub","AssertWritable","2","Явно отклоняет изменение уже выданного результата вместо тихой порчи снимка. Для повторного расчета workflow создает новый объект, сохраняя прежние ссылки.","False","Pending"
"src/Batch/CSectionStateResult.cls","CSectionStateResult","67","Public","Sub","InitializeFromSolver","1","Создает named-state по результату CSectionSolver.","False","Pending"
"src/Batch/CSectionStateResult.cls","CSectionStateResult","109","Public","Sub","InitializeFailure","2","Сохраняет диагностический результат запроса, для которого solve не мог начаться из-за отсутствующего программного контекста. Это не reusable НДС.","False","Pending"
"src/Batch/CSectionStateResult.cls","CSectionStateResult","126","Private","Sub","ClearSnapshot","2","Очищает все физические и диагностические поля перед заполнением snapshot, чтобы повторная инициализация отказом не сохраняла числа прошлого НДС.","False","Pending"
"src/Batch/CSectionStateResult.cls","CSectionStateResult","149","Private","Sub","CaptureEquilibriumData","3","Копирует из solver-а все данные равновесия, которые определяют качество найденного НДС. Target восстанавливается как Nint - residual, потому что сам CSectionSolver хранит невязку именно в виде внутреннее усилие минус цель.","False","Pending"
"src/Batch/CSectionStateResult.cls","CSectionStateResult","165","Public","Property Get","StateType","0","","False","Pending"
"src/Batch/CSectionStateResult.cls","CSectionStateResult","169","Public","Property Get","StateTypeText","0","","False","Pending"
"src/Batch/CSectionStateResult.cls","CSectionStateResult","173","Public","Property Get","MaterialModelRole","0","","False","Pending"
"src/Batch/CSectionStateResult.cls","CSectionStateResult","177","Public","Property Get","MaterialModelRoleText","0","","False","Pending"
"src/Batch/CSectionStateResult.cls","CSectionStateResult","183","Public","Property Get","MaterialSpec","2","Выдает независимую небольшую спецификацию, не копируя расчетную сетку. Внешний потребитель не может изменить модель уже сохраненного состояния.","False","Pending"
"src/Batch/CSectionStateResult.cls","CSectionStateResult","187","Public","Property Get","Epsilon0","0","","False","Pending"
"src/Batch/CSectionStateResult.cls","CSectionStateResult","191","Public","Property Get","KappaX","0","","False","Pending"
"src/Batch/CSectionStateResult.cls","CSectionStateResult","195","Public","Property Get","KappaY","0","","False","Pending"
"src/Batch/CSectionStateResult.cls","CSectionStateResult","199","Public","Property Get","ExtensionUsed","0","","False","Pending"
"src/Batch/CSectionStateResult.cls","CSectionStateResult","203","Public","Property Get","WithinPhysicalRange","0","","False","Pending"
"src/Batch/CSectionStateResult.cls","CSectionStateResult","207","Public","Property Get","Converged","0","","False","Pending"
"src/Batch/CSectionStateResult.cls","CSectionStateResult","211","Public","Property Get","StopReason","0","","False","Pending"
"src/Batch/CSectionStateResult.cls","CSectionStateResult","215","Public","Property Get","Status","0","","False","Pending"
"src/Batch/CSectionStateResult.cls","CSectionStateResult","221","Public","Property Get","ResultMeta","2","Возвращает снимок метаданных. Неинициализированный State не является успешным равновесием; его отсутствие означает внутреннюю ошибку контракта.","False","Pending"
"src/Batch/CSectionStateResult.cls","CSectionStateResult","233","Public","Property Get","InternalStatus","0","","False","Pending"
"src/Batch/CSectionStateResult.cls","CSectionStateResult","237","Public","Property Get","ResultCode","0","","False","Pending"
"src/Batch/CSectionStateResult.cls","CSectionStateResult","241","Public","Property Get","ResultComment","0","","False","Pending"
"src/Batch/CSectionStateResult.cls","CSectionStateResult","245","Public","Property Get","TargetN","0","","False","Pending"
"src/Batch/CSectionStateResult.cls","CSectionStateResult","249","Public","Property Get","TargetMx","0","","False","Pending"
"src/Batch/CSectionStateResult.cls","CSectionStateResult","253","Public","Property Get","TargetMy","0","","False","Pending"
"src/Batch/CSectionStateResult.cls","CSectionStateResult","257","Public","Property Get","Nint","0","","False","Pending"
"src/Batch/CSectionStateResult.cls","CSectionStateResult","261","Public","Property Get","Mxint","0","","False","Pending"
"src/Batch/CSectionStateResult.cls","CSectionStateResult","265","Public","Property Get","Myint","0","","False","Pending"
"src/Batch/CSectionStateResult.cls","CSectionStateResult","269","Public","Property Get","ResidualN","0","","False","Pending"
"src/Batch/CSectionStateResult.cls","CSectionStateResult","273","Public","Property Get","ResidualMx","0","","False","Pending"
"src/Batch/CSectionStateResult.cls","CSectionStateResult","277","Public","Property Get","ResidualMy","0","","False","Pending"
"src/Batch/CSectionStateResult.cls","CSectionStateResult","281","Public","Property Get","RelativeResidualN","0","","False","Pending"
"src/Batch/CSectionStateResult.cls","CSectionStateResult","285","Public","Property Get","RelativeResidualMx","0","","False","Pending"
"src/Batch/CSectionStateResult.cls","CSectionStateResult","289","Public","Property Get","RelativeResidualMy","0","","False","Pending"
"src/Batch/CSectionStateResult.cls","CSectionStateResult","293","Public","Property Get","LastResidualNorm","0","","False","Pending"
"src/Batch/CSectionStateResult.cls","CSectionStateResult","297","Public","Property Get","SolverCallCount","0","","False","Pending"
"src/Batch/CSectionStateResult.cls","CSectionStateResult","301","Public","Property Get","IterationCount","0","","False","Pending"
"src/Batch/CSectionStateResult.cls","CSectionStateResult","305","Public","Property Get","DiagnosticLog","0","","False","Pending"
"src/Batch/CSectionStateResult.cls","CSectionStateResult","309","Public","Property Get","MinConcreteStrain","0","","False","Pending"
"src/Batch/CSectionStateResult.cls","CSectionStateResult","313","Public","Property Get","MaxConcreteStrain","0","","False","Pending"
"src/Batch/CSectionStateResult.cls","CSectionStateResult","317","Public","Property Get","MinSteelStrain","0","","False","Pending"
"src/Batch/CSectionStateResult.cls","CSectionStateResult","321","Public","Property Get","MaxSteelStrain","0","","False","Pending"
"src/Batch/CSectionStateResult.cls","CSectionStateResult","325","Public","Property Get","MinConcreteStress","0","","False","Pending"
"src/Batch/CSectionStateResult.cls","CSectionStateResult","329","Public","Property Get","MaxConcreteStress","0","","False","Pending"
"src/Batch/CSectionStateResult.cls","CSectionStateResult","333","Public","Property Get","MinSteelStress","0","","False","Pending"
"src/Batch/CSectionStateResult.cls","CSectionStateResult","337","Public","Property Get","MaxSteelStress","0","","False","Pending"
"src/Batch/CSectionStateResult.cls","CSectionStateResult","341","Public","Property Get","HasConcreteCompression","0","","False","Pending"
"src/Batch/CSectionStateResult.cls","CSectionStateResult","345","Public","Property Get","HasConcreteTension","0","","False","Pending"
"src/Batch/CSectionStateResult.cls","CSectionStateResult","349","Public","Property Get","HasSteelCompression","0","","False","Pending"
"src/Batch/CSectionStateResult.cls","CSectionStateResult","353","Public","Property Get","HasSteelTension","0","","False","Pending"
"src/Batch/CSectionStateResult.cls","CSectionStateResult","360","Private","Function","BuildMetaFromSolver","3","Создает ResultMeta для named-state, построенного напрямую из CSectionSolver. Здесь не разбирается текст StopReason: результат определяется только машинными признаками solver-а и физической допустимостью диаграммы.","False","Pending"
"src/Batch/CSectionStateResult.cls","CSectionStateResult","379","Private","Function","BuildSuccessMeta","1","Создает успешную meta для готовой физической плоскости деформаций.","False","Pending"
"src/Batch/CSectionStateResult.cls","CSectionStateResult","389","Private","Function","BuildFailureMeta","2","Сохраняет точный машинный отказ solver-а. Ошибка входа/настроек до итераций не означает выполненный численный расчет; вырождение отличается от бюджета.","False","Pending"
"src/Batch/CSectionStateResult.cls","CSectionStateResult","400","Private","Function","BuildPhysicalRangeMeta","2","Создает meta для сходящегося состояния, которое найдено только за пределами физической диаграммы. Это физический FAIL, а не численная несходимость.","False","Pending"
"src/Batch/CSectionStateResult.cls","CSectionStateResult","416","Private","Function","ExternalStatus","1","Возвращает внешний статус для плоских полей Results.","False","Pending"
"src/Batch/CSectionStateResult.cls","CSectionStateResult","423","Private","Function","ResultKindFromStateType","1","Определяет инженерный контекст результата по типу named-state.","False","Pending"
"src/Batch/CSectionStateResult.cls","CSectionStateResult","439","Friend","Sub","Freeze","3","Завершает жизненный цикл заполнения перед передачей snapshot потребителю. Повторный вызов безопасен; общие ссылки на named-state остаются теми же, но их fill/reset API больше не могут изменить опубликованный результат.","False","Pending"
"src/Batch/CSectionStateResult.cls","CSectionStateResult","446","Private","Sub","AssertWritable","2","Явно отклоняет изменение уже выданного результата вместо тихой порчи снимка. Для повторного расчета workflow создает новый объект, сохраняя прежние ссылки.","False","Pending"
"src/Batch/CStateProvider.cls","CStateProvider","45","Private","Sub","Class_Initialize","2","Задает самостоятельные настройки solve для прямого использования provider-а. Excel-сценарий затем заменяет их нормализованными значениями Config.","False","Pending"
"src/Batch/CStateProvider.cls","CStateProvider","64","Public","Sub","Initialize","2","Подключает расчетный контекст. Repository может быть Nothing; тогда provider работает как простой solve-wrapper без переиспользования.","False","Pending"
"src/Batch/CStateProvider.cls","CStateProvider","75","Public","Function","GetOrSolve","2","Возвращает эквивалентный state из repository или решает новый. initialSolver является только warm-start и не входит в ключ reuse.","False","Pending"
"src/Batch/CStateProvider.cls","CStateProvider","141","Private","Function","ResultKindForRequest","2","Задает контекст диагностической meta, не меняя причин solver-а и не трактуя отсутствие программной зависимости как ошибку пользовательского LC.","False","Pending"
"src/Batch/CStateProvider.cls","CStateProvider","152","Private","Sub","BindRepositoryContext","3","Привязывает cache к фактической геометрии, материалам и допускам. Retry, warm-start, load steps и диагностика не меняют физическое состояние и не дробят reuse. Глобальный On/Off учитывается даже при одинаковом request.","False","Pending"
"src/Batch/CStateProvider.cls","CStateProvider","162","Public","Function","SolverSnapshot","3","Возвращает вычисляемый снимок для потребителя cached named-state. Живой LastRunner не требуется; восстановление и проверка плоскости общие для всех потребителей, без нового решения равновесия и записи в repository.","False","Pending"
"src/Batch/CStateProvider.cls","CStateProvider","178","Private","Sub","ConfigureRunner","1","Передает сохраненные настройки в новый runner.","False","Pending"
"src/Batch/CStateProvider.cls","CStateProvider","196","Private","Function","ConcreteMaterialForRequest","1","Выбирает бетонную диаграмму по физическому режиму request.","False","Pending"
"src/Batch/CStateProvider.cls","CStateProvider","205","Private","Function","SteelMaterialForRequest","1","Выбирает диаграмму арматуры по физическому режиму request.","False","Pending"
"src/Batch/CStateProvider.cls","CStateProvider","213","Public","Property Get","LastRunner","0","","False","Pending"
"src/Batch/CStateProvider.cls","CStateProvider","217","Public","Property Get","LastStateWasReused","0","","False","Pending"
"src/Batch/CStateProvider.cls","CStateProvider","221","Public","Property Let","SolverMethod","0","","False","Pending"
"src/Batch/CStateProvider.cls","CStateProvider","225","Public","Property Let","LoadSteps","0","","False","Pending"
"src/Batch/CStateProvider.cls","CStateProvider","229","Public","Property Let","MaxIterations","0","","False","Pending"
"src/Batch/CStateProvider.cls","CStateProvider","233","Public","Property Let","ToleranceN","0","","False","Pending"
"src/Batch/CStateProvider.cls","CStateProvider","237","Public","Property Let","ToleranceMx","0","","False","Pending"
"src/Batch/CStateProvider.cls","CStateProvider","241","Public","Property Let","ToleranceMy","0","","False","Pending"
"src/Batch/CStateProvider.cls","CStateProvider","245","Public","Property Let","LineSearchEnabled","0","","False","Pending"
"src/Batch/CStateProvider.cls","CStateProvider","249","Public","Property Let","DampingInitial","0","","False","Pending"
"src/Batch/CStateProvider.cls","CStateProvider","253","Public","Property Let","MinLineSearchAlpha","0","","False","Pending"
"src/Batch/CStateProvider.cls","CStateProvider","257","Public","Property Let","MaxDeltaEpsilon0","0","","False","Pending"
"src/Batch/CStateProvider.cls","CStateProvider","261","Public","Property Let","MaxDeltaKappa","0","","False","Pending"
"src/Batch/CStateProvider.cls","CStateProvider","265","Public","Property Let","SecantMaxRestarts","0","","False","Pending"
"src/Batch/CStateProvider.cls","CStateProvider","269","Public","Property Let","SecantMinStepNorm","0","","False","Pending"
"src/Batch/CStateProvider.cls","CStateProvider","273","Public","Property Let","DiagnosticsEnabled","0","","False","Pending"
"src/Batch/CStateRepository.cls","CStateRepository","33","Private","Sub","Class_Initialize","2","Создает раздельные коллекции итоговых named-state и доказанного reuse. До BindContext ни один вручную сохраненный state не получает ключ эквивалентности.","False","Pending"
"src/Batch/CStateRepository.cls","CStateRepository","39","Public","Sub","Clear","1","Очищает snapshot states и reusable-cache перед новым расчетом LC.","False","Pending"
"src/Batch/CStateRepository.cls","CStateRepository","52","Public","Sub","BindContext","3","Ограничивает reusable cache одним фактическим расчетным контекстом. При его смене старые состояния инвалидируются. Первый bind не удаляет unkeyed named states, уже принятые владельцем LC, например CapacityState.","False","Pending"
"src/Batch/CStateRepository.cls","CStateRepository","78","Public","Sub","StoreState","2","Сохраняет state без ключа переиспользования. Такой путь нужен для уже найденных capacity-точек и других физических states без CStateRequest.","False","Pending"
"src/Batch/CStateRepository.cls","CStateRepository","94","Public","Sub","StoreForRequest","3","Сохраняет state, связанный с физическим request. В общий reusable cache попадают только сошедшиеся состояния, то есть состояния с реально полученной плоскостью деформаций. NumFail/InputErr/CalcErr не блокируют будущие попытки.","False","Pending"
"src/Batch/CStateRepository.cls","CStateRepository","112","Public","Function","FindEquivalent","2","Ищет ранее полученное эквивалентное физическое состояние. Метод никогда не возвращает неуспешные попытки solve.","False","Pending"
"src/Batch/CStateRepository.cls","CStateRepository","127","Public","Property Get","StateCount","1","Возвращает количество states, которые должны попасть в Results snapshot.","False","Pending"
"src/Batch/CStateRepository.cls","CStateRepository","132","Public","Property Get","StateAt","1","Возвращает state по порядку записи в snapshot.","False","Pending"
"src/Batch/CStateRepository.cls","CStateRepository","138","Public","Function","FindState","1","Ищет state по типу среди конечных states LC.","False","Pending"
"src/Batch/CStateRepository.cls","CStateRepository","152","Private","Function","StateIndex","2","Возвращает позицию named-state в snapshot. В этой позиции хранится последний запрос данного типа, включая новое усилие, повтор solve или cache-hit.","False","Pending"
"src/Batch/CStateRepository.cls","CStateRepository","165","Private","Sub","ReplaceStateAt","1","Заменяет элемент Collection с сохранением его позиции в Results snapshot.","False","Pending"
"src/Batch/CStateRepository.cls","CStateRepository","173","Private","Function","IsReusablePhysicalState","3","Определяет, можно ли отдавать state через FindEquivalent. Физический FAIL из-за выхода за пределы диаграммы остается reusable, потому что равновесие найдено; численная неудача без найденного НДС reusable не является.","False","Pending"
"src/Batch/CStateRepository.cls","CStateRepository","185","Friend","Sub","Freeze","3","Завершает жизненный цикл заполнения перед передачей snapshot потребителю. Повторный вызов безопасен; общие ссылки на named-state остаются теми же, но их fill/reset API больше не могут изменить опубликованный результат.","False","Pending"
"src/Batch/CStateRepository.cls","CStateRepository","196","Private","Sub","AssertWritable","2","Явно отклоняет изменение уже выданного результата вместо тихой порчи снимка. Для повторного расчета workflow создает новый объект, сохраняя прежние ссылки.","False","Pending"
"src/Batch/CStateRequest.cls","CStateRequest","34","Public","Sub","Initialize","3","Заполняет запрос всеми физическими параметрами state и отдельным флагом solve-options. MaterialSpec копируется, чтобы ключ не зависел от дальнейших изменений профиля.","False","Pending"
"src/Batch/CStateRequest.cls","CStateRequest","52","Public","Function","EquivalenceKey","2","Возвращает ключ эквивалентности физического state. Диагностика, комментарии, warm-start и retry-параметры сюда сознательно не входят.","False","Pending"
"src/Batch/CStateRequest.cls","CStateRequest","64","Private","Function","NumberKey","2","Форматирует число без региональных запятых, чтобы один и тот же запрос давал одинаковый ключ при разных настройках Windows/Excel.","False","Pending"
"src/Batch/CStateRequest.cls","CStateRequest","69","Private","Function","BoolKey","1","Коротко кодирует логический флаг для ключа repository.","False","Pending"
"src/Batch/CStateRequest.cls","CStateRequest","73","Public","Property Get","StateType","0","","False","Pending"
"src/Batch/CStateRequest.cls","CStateRequest","77","Public","Property Get","MaterialRole","0","","False","Pending"
"src/Batch/CStateRequest.cls","CStateRequest","83","Public","Property Get","MaterialSpec","2","Возвращает копию спецификации: изменение полученного объекта не должно менять физический ключ запроса, уже переданного repository.","False","Pending"
"src/Batch/CStateRequest.cls","CStateRequest","87","Public","Property Get","TargetN","0","","False","Pending"
"src/Batch/CStateRequest.cls","CStateRequest","91","Public","Property Get","TargetMx","0","","False","Pending"
"src/Batch/CStateRequest.cls","CStateRequest","95","Public","Property Get","TargetMy","0","","False","Pending"
"src/Batch/CStateRequest.cls","CStateRequest","99","Public","Property Get","UseDiagramExtension","0","","False","Pending"
"src/Batch/CStateRequest.cls","CStateRequest","103","Public","Property Get","AllowRetryStarts","0","","False","Pending"
"src/Batch/CStrengthResult.cls","CStrengthResult","28","Private","Sub","Class_Initialize","1","Создает пустой direct-state, чтобы StrengthResult всегда имел нейтральную meta.","False","Pending"
"src/Batch/CStrengthResult.cls","CStrengthResult","34","Public","Sub","Clear","2","Очищает оба подрезультата. Незапрошенная capacity имеет нейтральную typed meta, но не содержит фиктивной найденной точки или физического состояния.","False","Pending"
"src/Batch/CStrengthResult.cls","CStrengthResult","42","Public","Sub","SetDirectMeta","1","Сохраняет typed meta прямого НДС без изменения его численных данных.","False","Pending"
"src/Batch/CStrengthResult.cls","CStrengthResult","49","Public","Sub","StoreDirectFromStateResult","1","Привязывает прямое НДС и исходные физические пределы к strength-результату.","False","Pending"
"src/Batch/CStrengthResult.cls","CStrengthResult","58","Public","Sub","StoreCapacityResult","1","Сохраняет полный capacity-result как вторую ветвь strength-subtree.","False","Pending"
"src/Batch/CStrengthResult.cls","CStrengthResult","64","Public","Property Get","DirectState","1","Возвращает direct-state branch с численными данными и typed ResultMeta.","False","Pending"
"src/Batch/CStrengthResult.cls","CStrengthResult","69","Public","Property Get","Capacity","1","Возвращает capacity branch, если он был сформирован.","False","Pending"
"src/Batch/CStrengthResult.cls","CStrengthResult","74","Public","Property Get","DirectMeta","1","Возвращает meta прямого НДС из structured result.","False","Pending"
"src/Batch/CStrengthResult.cls","CStrengthResult","86","Public","Property Get","CapacityMeta","1","Возвращает meta capacity или N/A, если capacity не запускалась.","False","Pending"
"src/Batch/CStrengthResult.cls","CStrengthResult","99","Public","Property Get","ResultMeta","2","Собирает итог только собственного поддерева DirectState/Capacity. Writer получает готовую причину, а Combination не повторяет strength-агрегацию.","False","Pending"
"src/Batch/CStrengthResult.cls","CStrengthResult","112","Public","Sub","MergeDirectMeta","2","Объединяет причины последовательных прямых State одного workflow, сохраняя комментарий выбранной причины и не стирая его пустым аргументом агрегации.","False","Pending"
"src/Batch/CStrengthResult.cls","CStrengthResult","122","Friend","Sub","Freeze","3","Завершает жизненный цикл заполнения перед передачей snapshot потребителю. Повторный вызов безопасен; общие ссылки на named-state остаются теми же, но их fill/reset API больше не могут изменить опубликованный результат.","False","Pending"
"src/Batch/CStrengthResult.cls","CStrengthResult","131","Private","Sub","AssertWritable","2","Явно отклоняет изменение уже выданного результата вместо тихой порчи снимка. Для повторного расчета workflow создает новый объект, сохраняя прежние ссылки.","False","Pending"
"src/Common/CLoadPathMath.cls","CLoadPathMath","35","Private","Sub","Class_Initialize","1","Инициализирует расчетные допуски равновесия значениями, совместимыми с default solver.","False","Pending"
"src/Common/CLoadPathMath.cls","CLoadPathMath","45","Public","Sub","Configure","3","Передает допуски того solver-а, для которого будут строиться безразмерные невязки load-path. Разные расчетные ветки могут иметь разные настройки, но формула нормировки остается общей.","False","Pending"
"src/Common/CLoadPathMath.cls","CLoadPathMath","60","Public","Function","Lambda","3","Возвращает lambda по опорной масштабируемой компоненте. Опорная компонента выбирается не по абсолютной величине, а по отношению к допуску своей размерности, чтобы N и моменты сравнивались корректно.","False","Pending"
"src/Common/CLoadPathMath.cls","CLoadPathMath","81","Public","Function","AnchorComponent","3","Возвращает номер опорной компоненты траектории: 1 - N, 2 - Mx, 3 - My. Через эту компоненту вычисляется lambda; две остальные компоненты дают независимые уравнения попадания на прямую нагрузки.","False","Pending"
"src/Common/CLoadPathMath.cls","CLoadPathMath","102","Public","Sub","BuildResiduals","4","Собирает две безразмерные невязки, которые удерживают внутренние усилия solver-а на прямой Target = Offset + lambda*Base. Ненулевые компоненты сверяются со своим target при том же lambda, нулевые Base-компоненты контролируются как постоянная часть Offset.","False","Pending"
"src/Common/CLoadPathMath.cls","CLoadPathMath","144","Public","Function","ResidualNorm","3","Возвращает норму системы load-path + limit. Последний множитель сохраняет принятую в capacity/crack практику: предельный критерий важнее мелкой балансировки пути, но не должен скрывать грубую потерю направления нагрузки.","False","Pending"
"src/Common/CLoadPathMath.cls","CLoadPathMath","151","Public","Function","ComponentTolerance","2","Возвращает размерный допуск компоненты как максимум абсолютного допуска solver-а и маленькой относительной доли от масштаба текущей компоненты.","False","Pending"
"src/Common/CLoadPathMath.cls","CLoadPathMath","164","Private","Sub","AddResidual","1","Добавляет очередную независимую невязку в компактную пару rPath1/rPath2.","False","Pending"
"src/Common/CLoadPathMath.cls","CLoadPathMath","178","Private","Function","MaxDouble","3","Возвращает большее из двух чисел. Локальный helper нужен, потому что этот класс находится в общем слое и не должен зависеть от одноименных приватных функций расчетных классов.","False","Pending"
"src/Common/CLoadPathVector.cls","CLoadPathVector","32","Public","Sub","Initialize","1","Задает траекторию напрямую через постоянные и масштабируемые компоненты.","False","Pending"
"src/Common/CLoadPathVector.cls","CLoadPathVector","46","Public","Sub","InitializeFixedNAndMomentAboutPoint","3","Задает траекторию с постоянной продольной силой и масштабируемым моментом относительно произвольной расчетной точки. Solver работает относительно начала CSectionModel, поэтому момент от N до этой точки входит в Offset.","False","Pending"
"src/Common/CLoadPathVector.cls","CLoadPathVector","55","Public","Sub","Target","1","Возвращает полный расчетный вектор для заданного lambda.","False","Pending"
"src/Common/CLoadPathVector.cls","CLoadPathVector","63","Public","Function","TargetN","1","Возвращает N(lambda).","False","Pending"
"src/Common/CLoadPathVector.cls","CLoadPathVector","68","Public","Function","TargetMx","1","Возвращает Mx(lambda).","False","Pending"
"src/Common/CLoadPathVector.cls","CLoadPathVector","73","Public","Function","TargetMy","1","Возвращает My(lambda).","False","Pending"
"src/Common/CLoadPathVector.cls","CLoadPathVector","77","Public","Property Get","NOffset","0","","False","Pending"
"src/Common/CLoadPathVector.cls","CLoadPathVector","81","Public","Property Get","NBase","0","","False","Pending"
"src/Common/CLoadPathVector.cls","CLoadPathVector","85","Public","Property Get","MxOffset","0","","False","Pending"
"src/Common/CLoadPathVector.cls","CLoadPathVector","89","Public","Property Get","MxBase","0","","False","Pending"
"src/Common/CLoadPathVector.cls","CLoadPathVector","93","Public","Property Get","MyOffset","0","","False","Pending"
"src/Common/CLoadPathVector.cls","CLoadPathVector","97","Public","Property Get","MyBase","0","","False","Pending"
"src/Common/CMomentZeroFilter.cls","CMomentZeroFilter","33","Public","Sub","Initialize","1","Принимает порог момента на единицу габарита во внутренних единицах.","False","Pending"
"src/Common/CMomentZeroFilter.cls","CMomentZeroFilter","40","Public","Function","MomentTolerance","1","Возвращает порог момента для конкретного бетонного габарита h.","False","Pending"
"src/Common/CMomentZeroFilter.cls","CMomentZeroFilter","46","Public","Function","IsMomentEffectivelyZero","1","Проверяет инженерный ноль момента для заданной плоскости.","False","Pending"
"src/Common/CMomentZeroFilter.cls","CMomentZeroFilter","57","Public","Function","NormalizeMoment","1","Зануляет момент, если он меньше инженерного порога для данной плоскости.","False","Pending"
"src/Common/CMomentZeroFilter.cls","CMomentZeroFilter","65","Public","Property Get","MomentPerDepth","0","","False","Pending"
"src/Common/CResultMeta.cls","CResultMeta","33","Private","Sub","Class_Initialize","1","Инициализирует объект нейтральным ""не сформировано"" состоянием.","False","Pending"
"src/Common/CResultMeta.cls","CResultMeta","38","Public","Sub","Clear","1","Сбрасывает meta к безопасному начальному состоянию.","False","Pending"
"src/Common/CResultMeta.cls","CResultMeta","52","Public","Sub","SetResult","4","Заполняет поля результата. Не запрошенная, неприменимая, заблокированная ветка и ошибка валидации не объявляют собственный расчет выполненным. Для внутренней ошибки после запуска вызывающий слой передает фактический calculated; для отсутствующего результата он обязан передать False.","False","Pending"
"src/Common/CResultMeta.cls","CResultMeta","74","Public","Sub","SetNotRequested","1","Заполняет meta как отключенный профилем расчет.","False","Pending"
"src/Common/CResultMeta.cls","CResultMeta","79","Public","Sub","SetNotApplicable","1","Заполняет meta как неприменимую расчетную ветку.","False","Pending"
"src/Common/CResultMeta.cls","CResultMeta","85","Public","Sub","SetBlockedByDependency","2","Отмечает применимый этап, который не запускался из-за отсутствующего обязательного результата. Причина зависимости дополняет сообщение этапа.","False","Pending"
"src/Common/CResultMeta.cls","CResultMeta","96","Public","Sub","SetSolverFailure","3","Сохраняет машинную причину неуспешного solve без разбора текста сообщения. Вызывающий слой передает факт численной попытки отдельно от причины отказа; отсутствие обязательного solver-а является внутренней ошибкой контракта.","False","Pending"
"src/Common/CResultMeta.cls","CResultMeta","117","Public","Function","Clone","1","Создает независимую копию meta для хранения внутри result-объекта.","False","Pending"
"src/Common/CResultMeta.cls","CResultMeta","129","Public","Sub","AppendCommentTo","4","Добавляет собственную причину в комментарий родительского result без дублей. Обычные успешные и неприменимые ветви не загромождают сводку; blocked и warning сохраняются. Для уже собранного subtree передается prepared=True: его текст не размечается повторно и не теряется при итоговом внешнем OK.","False","Pending"
"src/Common/CResultMeta.cls","CResultMeta","149","Private","Function","ResultKindLabel","2","Дает короткую инженерную метку владельца причины при сборке result-subtree. Это подпись готовых данных, а не правило выбора расчетной ветви или статуса.","False","Pending"
"src/Common/CResultMeta.cls","CResultMeta","161","Public","Property Get","InternalStatus","0","","False","Pending"
"src/Common/CResultMeta.cls","CResultMeta","165","Public","Property Get","ResultCode","0","","False","Pending"
"src/Common/CResultMeta.cls","CResultMeta","169","Public","Property Get","ResultKind","0","","False","Pending"
"src/Common/CResultMeta.cls","CResultMeta","173","Public","Property Get","ResultComment","0","","False","Pending"
"src/Common/CResultMeta.cls","CResultMeta","177","Public","Property Let","ResultComment","0","","False","Pending"
"src/Common/CResultMeta.cls","CResultMeta","181","Public","Property Get","DiagnosticDetails","0","","False","Pending"
"src/Common/CResultMeta.cls","CResultMeta","185","Public","Property Let","DiagnosticDetails","0","","False","Pending"
"src/Common/CResultMeta.cls","CResultMeta","189","Public","Property Get","Applies","0","","False","Pending"
"src/Common/CResultMeta.cls","CResultMeta","193","Public","Property Get","Calculated","0","","False","Pending"
"src/Common/CResultMeta.cls","CResultMeta","198","Public","Property Get","DiagnosticText","1","Возвращает компактную строку для diagnostics без влияния на пользовательский статус.","False","Pending"
"src/Common/CResultStatusPolicy.cls","CResultStatusPolicy","28","Public","Property Get","OK","0","","False","Pending"
"src/Common/CResultStatusPolicy.cls","CResultStatusPolicy","32","Public","Property Get","Fail","0","","False","Pending"
"src/Common/CResultStatusPolicy.cls","CResultStatusPolicy","36","Public","Property Get","BaseFail","0","","False","Pending"
"src/Common/CResultStatusPolicy.cls","CResultStatusPolicy","40","Public","Property Get","NumFail","0","","False","Pending"
"src/Common/CResultStatusPolicy.cls","CResultStatusPolicy","44","Public","Property Get","InputErr","0","","False","Pending"
"src/Common/CResultStatusPolicy.cls","CResultStatusPolicy","48","Public","Property Get","CalcErr","0","","False","Pending"
"src/Common/CResultStatusPolicy.cls","CResultStatusPolicy","52","Public","Property Get","NotApplicable","0","","False","Pending"
"src/Common/CResultStatusPolicy.cls","CResultStatusPolicy","57","Public","Function","ExternalStatus","1","Возвращает внешний статус по полной meta-структуре результата.","False","Pending"
"src/Common/CResultStatusPolicy.cls","CResultStatusPolicy","92","Public","Function","ToUserStatus","3","Нормализует уже внешний display-статус. Метод не создает CResultMeta и не анализирует StopReason/ResultComment: смысл результата должен приходить через InternalStatus + ResultCode, а неизвестная строка считается CalcErr.","False","Pending"
"src/Common/CResultStatusPolicy.cls","CResultStatusPolicy","117","Public","Function","AggregateMeta","2","Агрегирует несколько meta-результатов в худший внешний статус LC. N/A не ухудшает итог и не перебивает реальные результаты.","False","Pending"
"src/Common/CResultStatusPolicy.cls","CResultStatusPolicy","133","Public","Function","WorstResultMeta","3","Выбирает худший готовый typed результат тем же единственным приоритетом, что и display-агрегация. Сохраняет точный код/диагностику выбранной причины и независимый snapshot; комментарий уже подготовлен владельцем поддерева.","False","Pending"
"src/Common/CResultStatusPolicy.cls","CResultStatusPolicy","165","Public","Function","AggregateExternalStatus","3","Агрегирует уже внешние display-статусы там, где формат Results хранит их плоскими строковыми полями. Этот метод не выводит внутренний смысл из текста, а только выбирает худший из утвержденных внешних статусов.","False","Pending"
"src/Common/CResultStatusPolicy.cls","CResultStatusPolicy","179","Public","Function","IsFinished","1","True для расчетов, которые дали физически интерпретируемый результат.","False","Pending"
"src/Common/CResultStatusPolicy.cls","CResultStatusPolicy","185","Public","Function","IsFailedOverall","1","True для итогового статуса, который должен считаться проблемным.","False","Pending"
"src/Common/CResultStatusPolicy.cls","CResultStatusPolicy","194","Public","Function","IsNumerical","3","Распознает только утвержденные внешние статусы численной несходимости. Текстовые причины solver-а не анализируются, чтобы статус не зависел от формулировки комментария или языка diagnostic-сообщения.","False","Pending"
"src/Common/CResultStatusPolicy.cls","CResultStatusPolicy","201","Public","Function","IsInvalid","3","Распознает только утвержденные внешние статусы ошибки ввода/Config. Подстроки StopReason вроде InputError/InvalidConfiguration не являются источником статуса; для этого используется CResultMeta.","False","Pending"
"src/Common/CResultStatusPolicy.cls","CResultStatusPolicy","206","Private","Function","Merge","1","Объединяет два внешних статуса по единому приоритету.","False","Pending"
"src/Common/CResultStatusPolicy.cls","CResultStatusPolicy","221","Public","Function","StatusPriority","1","Численный приоритет нужен только для выбора худшего OverallStatus.","False","Pending"
"src/Common/CSectionLoadState.cls","CSectionLoadState","35","Public","Sub","Initialize","1","Инициализирует нагрузку по моментам, заданным относительно точки приложения.","False","Pending"
"src/Common/CSectionLoadState.cls","CSectionLoadState","53","Public","Sub","InitializeFromPointMoments","4","Инициализирует нагрузку по моментам, известным относительно произвольной расчетной точки. Это нужно, когда Stability вернул DesignMx/DesignMy относительно центра приведенного сечения, а дальше требуется восстановить моменты в пользовательской точке приложения нагрузки.","False","Pending"
"src/Common/CSectionLoadState.cls","CSectionLoadState","65","Public","Function","MxAboutPoint","1","Возвращает Mx относительно точки с координатой Y = pointY.","False","Pending"
"src/Common/CSectionLoadState.cls","CSectionLoadState","70","Public","Function","MyAboutPoint","1","Возвращает My относительно точки с координатой X = pointX.","False","Pending"
"src/Common/CSectionLoadState.cls","CSectionLoadState","76","Public","Function","AxialMxAboutPoint","2","Возвращает часть Mx, создаваемую только продольной силой относительно заданной точки. Пользовательские моменты в это значение не входят.","False","Pending"
"src/Common/CSectionLoadState.cls","CSectionLoadState","83","Public","Function","AxialMyAboutPoint","3","Возвращает часть My, создаваемую только продольной силой относительно заданной точки. Метод нужен CapacityLoadPath, где момент от N масштабируется вместе с N, а пользовательские Mx/My могут масштабироваться отдельно.","False","Pending"
"src/Common/CSectionLoadState.cls","CSectionLoadState","90","Public","Function","IsCentralTensionAbout","3","Проверяет, является ли растягивающая сила центральной относительно заданной точки. Допуски передает вызывающий расчетный слой, потому что у разных solver-ов могут быть разные физические масштабы невязок.","False","Pending"
"src/Common/CSectionLoadState.cls","CSectionLoadState","102","Public","Function","IsTension","3","True, если продольная сила является растягивающей во внутренней системе знаков расчетного ядра. Пользовательские знаки к этому моменту уже должны быть преобразованы CUnitSystem.","False","Pending"
"src/Common/CSectionLoadState.cls","CSectionLoadState","107","Public","Function","IsCompression","1","True, если продольная сила является сжимающей во внутренней системе знаков.","False","Pending"
"src/Common/CSectionLoadState.cls","CSectionLoadState","113","Public","Function","CompressionMagnitude","2","Возвращает сжимающую продольную силу положительным числом. Если сила растягивает сечение или практически равна нулю, возвращается 0.","False","Pending"
"src/Common/CSectionLoadState.cls","CSectionLoadState","120","Public","Function","SignedCompression","3","Возвращает продольную силу в знаковой форме для формул длительности: сжатие положительно, растяжение отрицательно. Значение не обнуляется, потому что нормативная формула сама должна видеть знак длительной части.","False","Pending"
"src/Common/CSectionLoadState.cls","CSectionLoadState","125","Public","Property Get","InternalMx","1","Внутренний Mx относительно начала координат CSectionModel.","False","Pending"
"src/Common/CSectionLoadState.cls","CSectionLoadState","130","Public","Property Get","InternalMy","1","Внутренний My относительно начала координат CSectionModel.","False","Pending"
"src/Common/CSectionLoadState.cls","CSectionLoadState","134","Public","Property Get","N","0","","False","Pending"
"src/Common/CSectionLoadState.cls","CSectionLoadState","138","Public","Property Get","LoadPointMx","0","","False","Pending"
"src/Common/CSectionLoadState.cls","CSectionLoadState","142","Public","Property Get","LoadPointMy","0","","False","Pending"
"src/Common/CSectionLoadState.cls","CSectionLoadState","146","Public","Property Get","LoadReferenceX","0","","False","Pending"
"src/Common/CSectionLoadState.cls","CSectionLoadState","150","Public","Property Get","LoadReferenceY","0","","False","Pending"
"src/Common/CSectionLoadState.cls","CSectionLoadState","155","Private","Function","NormalizeMx","1","Применяет общий фильтр к Mx.","False","Pending"
"src/Common/CSectionLoadState.cls","CSectionLoadState","164","Private","Function","NormalizeMy","1","Применяет общий фильтр к My.","False","Pending"
"src/Common/modCalculationPurpose.bas","modCalculationPurpose","53","Public","Function","PurposeFromText","1","Преобразует пользовательский или snapshot-текст в роль материальной модели.","False","Pending"
"src/Common/modCalculationPurpose.bas","modCalculationPurpose","70","Public","Function","PurposeToText","1","Возвращает канонический текст для Results, диагностики и справки.","False","Pending"
"src/Common/modCalculationPurpose.bas","modCalculationPurpose","87","Public","Function","MaterialModelRoleToText","1","Возвращает смысловую метку material model role для профильной архитектуры.","False","Pending"
"src/Common/modCalculationPurpose.bas","modCalculationPurpose","102","Public","Function","MaterialValueSetFromText","1","Преобразует ValueSet из профиля в enum.","False","Pending"
"src/Common/modCalculationPurpose.bas","modCalculationPurpose","118","Public","Function","MaterialValueSetToText","2","Возвращает каноническую подпись группы предельных состояний для профиля и snapshot. Неизвестный enum отклоняется, а не подменяется ULS или SLS.","False","Pending"
"src/Common/modCalculationPurpose.bas","modCalculationPurpose","132","Public","Function","ConcreteDiagramKindFromText","2","Разбирает выбранную двух-/трехлинейную диаграмму бетона. Не строит узлы материала; неизвестное значение является ошибкой настройки профиля.","False","Pending"
"src/Common/modCalculationPurpose.bas","modCalculationPurpose","146","Public","Function","ConcreteDiagramKindToText","2","Сохраняет вид бетонной диаграммы каноническим именем в spec/snapshot. Неизвестный enum не получает произвольный вариант по умолчанию.","False","Pending"
"src/Common/modCalculationPurpose.bas","modCalculationPurpose","160","Public","Function","ConcreteTensionKindFromText","2","Разбирает работу растянутого бетона: Ignore либо UseDiagram. Этот выбор не зависит от пользовательского знака N; неизвестный текст запрещен.","False","Pending"
"src/Common/modCalculationPurpose.bas","modCalculationPurpose","174","Public","Function","ConcreteTensionKindToText","2","Возвращает каноническую подпись учета растянутого бетона для material spec. Не вычисляет напряжение и не определяет наличие трещины.","False","Pending"
"src/Common/modCalculationPurpose.bas","modCalculationPurpose","188","Public","Function","SteelDiagramKindFromText","2","Разбирает вид диаграммы арматуры отдельно от вида диаграммы бетона. Неизвестное значение отклоняется до передачи материала в решатель.","False","Pending"
"src/Common/modCalculationPurpose.bas","modCalculationPurpose","202","Public","Function","SteelDiagramKindToText","2","Возвращает каноническое имя стальной диаграммы для spec и сохраненного вывода. Неизвестный enum не меняет физическую модель молчаливым выбором TwoLine.","False","Pending"
"src/Common/modCalculationPurpose.bas","modCalculationPurpose","216","Public","Function","SectionStateTypeFromText","2","Разбирает выбираемое именованное НДС для визуализации/экспорта. Проверяет только имя state, не обещает его наличие у конкретного сочетания.","False","Pending"
"src/Common/modCalculationPurpose.bas","modCalculationPurpose","236","Public","Function","SectionStateTypeToText","2","Возвращает единое имя named-state для repository, Results и диагностики. Пороговые Before/After состояния сохраняются как PreCrackState/PostCrackState.","False","Pending"
"src/Common/modCalculationPurpose.bas","modCalculationPurpose","256","Public","Function","MaterialRoleFromStateType","3","Связывает named-state с физической ролью материала: Strength для прочности, CrackInitiation перед трещиной, CrackedState после нее и для текущего НДС. Разрешение numerical extension здесь не назначается.","False","Pending"
"src/Common/modCalculationPurpose.bas","modCalculationPurpose","272","Public","Function","VisualizationQuantityFromText","2","Разбирает выбор напряжений либо деформаций для схемы и AutoCAD. Неизвестная величина запрещена, чтобы подпись и масштаб не расходились с данными.","False","Pending"
"src/Common/modCalculationPurpose.bas","modCalculationPurpose","286","Public","Function","VisualizationQuantityToText","2","Возвращает каноническое имя отображаемой величины в профильном snapshot. Значение не меняет рассчитанные напряжения и деформации.","False","Pending"
"src/Common/modCalculationPurpose.bas","modCalculationPurpose","299","Public","Function","IsPhysicalPurpose","1","Проверяет, что цель является физической material model без numerical extension.","False","Pending"
"src/Common/modCalculationPurpose.bas","modCalculationPurpose","304","Public","Function","IsStateBasePurpose","1","Проверяет, что цель может быть базой для прямого StateSolution.","False","Pending"
"src/Common/modGeometryTypes.bas","modGeometryTypes","53","Public","Function","GeomMax","0","","False","Pending"
"src/Common/modGeometryTypes.bas","modGeometryTypes","61","Public","Function","GeomMin","0","","False","Pending"
"src/Common/modGeometryTypes.bas","modGeometryTypes","72","Public","Function","BuildGeneratedSectionModel","3","Создает CSectionModel коротким путем для тестов и небольших расчетных примеров. Рабочий Excel-pipeline собирает модель через CSectionModelBuilder напрямую, чтобы каноническая точка сборки сечения была видна в production-коде.","False","Pending"
"src/Common/modResultStatus.bas","modResultStatus","71","Public","Function","ResultInternalStatusToText","1","Возвращает каноническое имя внутреннего статуса для diagnostic/report.","False","Pending"
"src/Common/modResultStatus.bas","modResultStatus","89","Public","Function","ResultCodeToText","1","Возвращает каноническое имя машинного кода результата.","False","Pending"
"src/Common/modResultStatus.bas","modResultStatus","116","Public","Function","ResultKindToText","1","Возвращает каноническое имя вида результата для отчета и отладки.","False","Pending"
"src/Common/modSolverWorkStats.bas","modSolverWorkStats","15","Public","Sub","ResetSectionEquilibriumSolveCount","1","Сбрасывает счетчик перед новым пакетным расчетом.","False","Pending"
"src/Common/modSolverWorkStats.bas","modSolverWorkStats","20","Public","Sub","RecordSectionEquilibriumSolve","1","Регистрирует одну реальную попытку CSectionSolver подобрать равновесие.","False","Pending"
"src/Common/modSolverWorkStats.bas","modSolverWorkStats","25","Public","Function","SectionEquilibriumSolveCount","1","Возвращает число запусков CSectionSolver.Solve с последнего сброса.","False","Pending"
"src/Crack/CCrackFormationCalculator.cls","CCrackFormationCalculator","91","Private","Sub","Class_Initialize","5","------------------------------ Настройки по умолчанию ------------------------------ Задает default пути, стратегии и внутренних solver-options. Параметры материалов перед расчетом берутся из фактического material provider/spec.","False","Pending"
"src/Crack/CCrackFormationCalculator.cls","CCrackFormationCalculator","121","Public","Sub","ApplySettings","6","------------------------------ Чтение настроек Config ------------------------------ Загружает только те настройки, которые нужны расчету трещин и внутренним прямым solve. Все пользовательские единицы сразу переводятся во внутренние мм, Н, Н*мм и МПа; дальше класс работает как часть расчетного ядра.","False","Pending"
"src/Crack/CCrackFormationCalculator.cls","CCrackFormationCalculator","151","Private","Sub","ClearResult","1","Сбрасывает весь итог предыдущего LC, сохраняя только настройки.","False","Pending"
"src/Crack/CCrackFormationCalculator.cls","CCrackFormationCalculator","183","Public","Function","CheckFormation","3","Выполняет самостоятельный formation-сценарий без Width-калькулятора. Выбирает физическую постановку, получает Pre/Post через общий State pipeline и возвращает неизменяемый результат для последующих формул и вывода.","False","Pending"
"src/Crack/CCrackFormationCalculator.cls","CCrackFormationCalculator","198","Public","Property Get","ResultMeta","1","Возвращает фактический машинный исход formation, не выводя его из строк.","False","Pending"
"src/Crack/CCrackFormationCalculator.cls","CCrackFormationCalculator","215","Public","Property Get","HasLimitPoint","3","Подтверждает физическую точку, а не только сохраненную нагрузку кандидата. Неуспешное PreCrackState остается диагностикой отказа и не дает limit point; аналитический Ncrc без State допустим только при успешном исходе проверки.","False","Pending"
"src/Crack/CCrackFormationCalculator.cls","CCrackFormationCalculator","226","Public","Sub","PointLoads","1","Передает исходный полный вектор найденной точки, до переноса моментов.","False","Pending"
"src/Crack/CCrackFormationCalculator.cls","CCrackFormationCalculator","231","Public","Property Get","FallbackPsi1","1","Fallback сохраняет факт трещины, но не придумывает PostState для psi.","False","Pending"
"src/Crack/CCrackFormationCalculator.cls","CCrackFormationCalculator","236","Private","Sub","CheckFormationCore","1","Выполняет проверку и сохраняет рабочий контекст одной formation-задачи.","False","Pending"
"src/Crack/CCrackFormationCalculator.cls","CCrackFormationCalculator","260","Private","Sub","NormalizeSettings","2","Проверяет только настройки образования трещины и физические параметры его модели; коэффициенты и предел ширины принадлежат Width.","False","Pending"
"src/Crack/CCrackFormationCalculator.cls","CCrackFormationCalculator","277","Private","Sub","ValidateFormationInputs","5","Проверяет минимальный набор данных для предварительной проверки образования нормальной трещины. В отличие от основного Calculate здесь еще нет полного CrackedState solver-а, поэтому проверяется только геометрия, поставщик материалов и модель CrackInitiation.","False","Pending"
"src/Crack/CCrackFormationCalculator.cls","CCrackFormationCalculator","300","Private","Sub","CheckCentralTensionFormation","3","Проверяет центральное растяжение по Ncrc. Для единого snapshot-а состояния до и после трещины сохраняются так же, как в общей ветке образования трещины.","False","Pending"
"src/Crack/CCrackFormationCalculator.cls","CCrackFormationCalculator","368","Private","Sub","CheckGeneralFormation","3","Проверяет общую изгибную/внецентренную ветку по предельной растягивающей деформации бетона. Состояние PostCrackState решается сразу, чтобы затем не пересчитывать его при уточнении psi_s.","False","Pending"
"src/Crack/CCrackFormationCalculator.cls","CCrackFormationCalculator","415","Private","Function","FindGeneralFormationLambda","4","Передает поиск стадии образования нормальной трещины в общий LimitSearch. CCrackFormationCalculator остается владельцем crack-критерия, диагностического журнала и сохранения PreCrackState/PostCrackState. Физический путь выбирается здесь, численная стратегия выполняется общим поисковым слоем.","False","Pending"
"src/Crack/CCrackFormationCalculator.cls","CCrackFormationCalculator","457","Public","Sub","LimitSearchBeginCrackFormationAttempt","3","Готовит одну попытку поиска образования трещины для общего LimitSearch. Диагностика сохраняется общей для всего Auto-перебора, а расчетные поля конкретной попытки очищаются.","False","Pending"
"src/Crack/CCrackFormationCalculator.cls","CCrackFormationCalculator","466","Public","Sub","LimitSearchSetCurrentFormationPath","2","Временно задает текущий путь трещинообразования. Координатор использует это при восстановлении пользовательского Auto/фиксированного пути после попытки.","False","Pending"
"src/Crack/CCrackFormationCalculator.cls","CCrackFormationCalculator","473","Public","Sub","LimitSearchSetResolvedCrackFormationPath","1","Сохраняет фактически выбранный путь образования трещины для Results и отчета.","False","Pending"
"src/Crack/CCrackFormationCalculator.cls","CCrackFormationCalculator","481","Public","Property Get","LimitSearchFormationFallbackOnly","2","Возвращает True, если текущая попытка дала только резервный psi_s=1 без честной точки образования трещины.","False","Pending"
"src/Crack/CCrackFormationCalculator.cls","CCrackFormationCalculator","489","Public","Function","LimitSearchStoppedTerminally","2","Сообщает координатору, что текущий результат окончательный и переключаться с UltimateStrain на LoadMultiplier уже не нужно.","False","Pending"
"src/Crack/CCrackFormationCalculator.cls","CCrackFormationCalculator","496","Public","Function","LimitSearchCrackFormationPathDisplayName","1","Возвращает отображаемое имя текущего пути lambda для диагностического отчета.","False","Pending"
"src/Crack/CCrackFormationCalculator.cls","CCrackFormationCalculator","503","Public","Function","LimitSearchCrackFormationPathDisplayNameForKey","1","Возвращает отображаемое имя указанного пути lambda для Auto-диагностики.","False","Pending"
"src/Crack/CCrackFormationCalculator.cls","CCrackFormationCalculator","510","Public","Sub","LimitSearchAppendDiagnostic","1","Добавляет строку в crack-диагностику из общего LimitSearch.","False","Pending"
"src/Crack/CCrackFormationCalculator.cls","CCrackFormationCalculator","517","Public","Sub","LimitSearchClearStopReason","1","Очищает текущую причину остановки перед fallback-веткой того же пути.","False","Pending"
"src/Crack/CCrackFormationCalculator.cls","CCrackFormationCalculator","526","Public","Sub","LimitSearchSetStopReasonIfEmpty","1","Возвращает предыдущую причину, если fallback-ветка не сформировала своей.","False","Pending"
"src/Crack/CCrackFormationCalculator.cls","CCrackFormationCalculator","535","Public","Function","LimitSearchRunCrackFormationUltimate","3","Запускает низкоуровневый UltimateStrain-критерий образования трещины. Метод публичен только для общего LimitSearch; инженерная логика crack-расчета вызывается через самостоятельный CheckFormation.","False","Pending"
"src/Crack/CCrackFormationCalculator.cls","CCrackFormationCalculator","551","Public","Function","LimitSearchCrackFormationLoadPath","3","Создает load-path для общей ветки LoadMultiplier трещинообразования. Метод нужен общему CLoadMultiplierSearch, чтобы не восстанавливать в нем crack-специфическую связь моментов относительно расчетной точки.","False","Pending"
"src/Crack/CCrackFormationCalculator.cls","CCrackFormationCalculator","560","Public","Function","LimitSearchAcceptFormationInitialPoint","3","Оценивает физический смысл начальной точки LoadMultiplier после решения НДС. Постоянная трещина и отсутствие активной нагрузки являются исходами задачи, а не правилами общего расширения lambda-скобки.","False","Pending"
"src/Crack/CCrackFormationCalculator.cls","CCrackFormationCalculator","591","Public","Function","LimitSearchCrackFormationHasScaledLoad","3","Проверяет, содержит ли выбранный crack-path ненулевую масштабируемую часть. Если Base отсутствует, общий LoadMultiplier-search не запускает бессмысленную скобку и оставляет физическое решение за crack-слоем.","False","Pending"
"src/Crack/CCrackFormationCalculator.cls","CCrackFormationCalculator","601","Public","Function","LimitSearchEvaluateCrackFormationLoadMultiplier","3","Выполняет одну lambda-точку LoadMultiplier для образования трещины. Возвращаемая функция отрицательна до eps_bt,ult и неотрицательна после достижения порога; это тот же контракт, который использует capacity-search.","False","Pending"
"src/Crack/CCrackFormationCalculator.cls","CCrackFormationCalculator","637","Private","Function","IsZeroLoadProbe","2","Отличает нулевую начальную нагрузку от обычной пробы равновесия. Моменты сравниваются с фактическими размерными допусками решателя.","False","Pending"
"src/Crack/CCrackFormationCalculator.cls","CCrackFormationCalculator","647","Public","Function","LimitSearchFinalizeCrackFormationLoadMultiplier","3","Финализирует найденную LoadMultiplier-точку образования трещины. В CCrackFormationCalculator остается только смысл результата: сохранение Ncrc/Mcrc и состояния PreCrackState; сам одномерный поиск уже завершен выше.","False","Pending"
"src/Crack/CCrackFormationCalculator.cls","CCrackFormationCalculator","705","Public","Sub","LimitSearchMarkFormationPathFallback","2","Фиксирует физический fallback выбранного crack-path: трещина уже есть в постоянной части траектории, поэтому отдельная sigma_s,crc-точка не определяется.","False","Pending"
"src/Crack/CCrackFormationCalculator.cls","CCrackFormationCalculator","712","Public","Sub","LimitSearchFinishNoCrack","1","Фиксирует результат ""трещина не образована"" для выбранного crack-path.","False","Pending"
"src/Crack/CCrackFormationCalculator.cls","CCrackFormationCalculator","719","Public","Sub","LimitSearchSetCrackFormationStopReason","1","Записывает причину численной остановки LoadMultiplier-поиска трещины.","False","Pending"
"src/Crack/CCrackFormationCalculator.cls","CCrackFormationCalculator","727","Public","Sub","LimitSearchSetCrackFormationSearchBoundReached","2","Фиксирует техническое достижение границы crack-search без доказанного физического результата. Для Auto-пути это сигнал перейти к следующей траектории, для фиксированного пути - численная ошибка поиска.","False","Pending"
"src/Crack/CCrackFormationCalculator.cls","CCrackFormationCalculator","737","Public","Property Get","LimitSearchCrackLambdaTolerance","1","Возвращает допуск бисекции для точки образования трещины.","False","Pending"
"src/Crack/CCrackFormationCalculator.cls","CCrackFormationCalculator","744","Public","Property Get","LimitSearchCrackBracketLimit","1","Возвращает верхнюю границу расширения скобки трещинообразования.","False","Pending"
"src/Crack/CCrackFormationCalculator.cls","CCrackFormationCalculator","751","Public","Property Get","LimitSearchCrackMaxIterations","1","Возвращает максимум итераций для LoadMultiplier-ветки трещинообразования.","False","Pending"
"src/Crack/CCrackFormationCalculator.cls","CCrackFormationCalculator","758","Public","Sub","LimitSearchInitializeUltimateGuess","1","Строит стартовую плоскость для общего UltimateStrain-поиска трещинообразования.","False","Pending"
"src/Crack/CCrackFormationCalculator.cls","CCrackFormationCalculator","773","Public","Function","LimitSearchEvaluateUltimateResidual","1","Возвращает невязки UltimateStrain для критерия образования трещины.","False","Pending"
"src/Crack/CCrackFormationCalculator.cls","CCrackFormationCalculator","790","Public","Function","LimitSearchUltimateResidualReached","1","Проверяет, что общий UltimateStrain дошел до точки eps_bt,ult.","False","Pending"
"src/Crack/CCrackFormationCalculator.cls","CCrackFormationCalculator","802","Public","Function","LimitSearchUltimateResidualNorm","3","Возвращает норму невязок для общего UltimateStrain line-search при поиске трещинообразования. Масштабы rPath1/rPath2 задает CLoadPathMath, а rLimit отвечает за достижение предельной растягивающей деформации бетона.","False","Pending"
"src/Crack/CCrackFormationCalculator.cls","CCrackFormationCalculator","812","Public","Function","LimitSearchFinalizeUltimateResult","1","Сохраняет найденное состояние образования трещины после общего UltimateStrain.","False","Pending"
"src/Crack/CCrackFormationCalculator.cls","CCrackFormationCalculator","865","Public","Sub","LimitSearchSetUltimateNumericalFailure","1","Переводит UltimateStrain-поиск трещины в численную остановку.","False","Pending"
"src/Crack/CCrackFormationCalculator.cls","CCrackFormationCalculator","871","Public","Sub","LimitSearchSetFailure","2","Переводит typed-причину общего Search в Formation meta единым механизмом. Отсутствие объекта и ошибка настройки остаются терминальными, не NumFail.","False","Pending"
"src/Crack/CCrackFormationCalculator.cls","CCrackFormationCalculator","883","Public","Property Get","LimitSearchUltimateMaxIterations","1","Настройки общего UltimateStrain-цикла для трещинообразования.","False","Pending"
"src/Crack/CCrackFormationCalculator.cls","CCrackFormationCalculator","889","Public","Property Get","LimitSearchUltimateDampingInitial","0","","False","Pending"
"src/Crack/CCrackFormationCalculator.cls","CCrackFormationCalculator","895","Public","Property Get","LimitSearchUltimateMinLineSearchAlpha","0","","False","Pending"
"src/Crack/CCrackFormationCalculator.cls","CCrackFormationCalculator","901","Public","Property Get","LimitSearchUltimateLineSearchEnabled","0","","False","Pending"
"src/Crack/CCrackFormationCalculator.cls","CCrackFormationCalculator","907","Public","Property Get","LimitSearchUltimateMaxDeltaEpsilon0","0","","False","Pending"
"src/Crack/CCrackFormationCalculator.cls","CCrackFormationCalculator","913","Public","Property Get","LimitSearchUltimateMaxDeltaKappa","0","","False","Pending"
"src/Crack/CCrackFormationCalculator.cls","CCrackFormationCalculator","924","Private","Function","CalculateLambdaCrcByUltimateStrain","5","Пытается найти lambda_crc прямым решением по предельной растягивающей деформации бетона. Для lambda*Mxy используется специализированная система с фиксированным N и направлением момента; для остальных путей - общая load-path система Offset + lambda*Base. Обе ветки являются одним и тем же методом UltimateStrain с разной формой траектории нагрузки.","False","Pending"
"src/Crack/CCrackFormationCalculator.cls","CCrackFormationCalculator","981","Private","Function","TryUltimateStrainFormation","1","Выполняет одну попытку UltimateStrain на выбранном пути нагрузки.","False","Pending"
"src/Crack/CCrackFormationCalculator.cls","CCrackFormationCalculator","1003","Private","Function","FormationSearchStoppedTerminally","3","Возвращает True, когда результат прямого поиска уже окончательный и Auto не должен переходить к LoadMultiplier: это физическое отсутствие трещины, fallback с psi_s=1 или ошибка входных данных.","False","Pending"
"src/Crack/CCrackFormationCalculator.cls","CCrackFormationCalculator","1017","Private","Sub","InitializeCrcLoadPathGuess","3","Старт для прямого поиска по общей lambda-траектории. Явно переданная плоскость имеет приоритет: это warm-start соседней точки или точки найденной скобки. Без нее используем общий CStateGuessBuilder, затем геометрическую оценку.","False","Pending"
"src/Crack/CCrackFormationCalculator.cls","CCrackFormationCalculator","1044","Private","Function","TryMarkConstantPartFormationFallback","3","Проверяет найденную точку около lambda=0 отдельным равновесием постоянной части. Если она уже треснула, выбранный путь не дает отдельной sigma_s,crc: фиксируется доменный fallback, а Auto может попробовать следующий путь.","False","Pending"
"src/Crack/CCrackFormationCalculator.cls","CCrackFormationCalculator","1077","Private","Function","EvaluateCrcLoadPathResidual","2","Оценивает невязки для прямого UltimateStrain-поиска lambda_crc на общей линии нагрузки Offset + lambda*Base.","False","Pending"
"src/Crack/CCrackFormationCalculator.cls","CCrackFormationCalculator","1126","Private","Function","NewLoadPathMath","1","Создает общий helper lambda-траектории с текущими допусками crack solver-а.","False","Pending"
"src/Crack/CCrackFormationCalculator.cls","CCrackFormationCalculator","1137","Private","Function","BuildPreCrackState","2","Получает физическое состояние на найденном пороге через общий provider или runner. Готовый cache-hit восстанавливается без нового поиска равновесия.","False","Pending"
"src/Crack/CCrackFormationCalculator.cls","CCrackFormationCalculator","1191","Private","Function","EnsurePostCrackState","3","Возвращает PostCrackState для уже найденного lambda_crc. Предварительная проверка создает это состояние заранее, а Width затем читает напряжения из неизменяемого State без повторного решения.","False","Pending"
"src/Crack/CCrackFormationCalculator.cls","CCrackFormationCalculator","1244","Private","Function","AcceptFormationState","2","Сохраняет фактическую причину неуспеха State; численная несходимость не подменяет ошибку входа, конфигурации, внутреннюю ошибку или физический отказ.","False","Pending"
"src/Crack/CCrackFormationCalculator.cls","CCrackFormationCalculator","1267","Private","Sub","StoreFormationLoad","4","Сохраняет внутренние усилия, соответствующие уже найденной стадии трещинообразования. Дальше PreCrackState/PostCrackState решаются именно по ним, чтобы повторные вызовы не пересчитывали lambda и не масштабировали не ту часть нагрузки.","False","Pending"
"src/Crack/CCrackFormationCalculator.cls","CCrackFormationCalculator","1279","Private","Sub","StoreMomentFormationLoad","3","Для общей N+M ветки переводит моментный множитель lambda обратно во внутренние усилия solver-а: N остается постоянной, а масштабируется только момент относительно расчетного центра образования трещины.","False","Pending"
"src/Crack/CCrackFormationCalculator.cls","CCrackFormationCalculator","1290","Private","Sub","StoreFormationLoadFromPath","1","Сохраняет точку выбранной lambda-траектории как внутренние усилия solver-а.","False","Pending"
"src/Crack/CCrackFormationCalculator.cls","CCrackFormationCalculator","1302","Private","Sub","FormationLoads","2","Возвращает сохраненные усилия трещинообразования. Они должны быть определены в той же ветке, которая нашла lambda_crc.","False","Pending"
"src/Crack/CCrackFormationCalculator.cls","CCrackFormationCalculator","1317","Private","Function","MomentFormationLoadPath","5","Создает общую lambda-траекторию для общей ветки образования трещины: продольная сила остается постоянной, а моментный вектор относительно расчетного центра масштабируется. Сама формула Offset + lambda*Base живет в CLoadPathVector, поэтому трещины и Capacity не держат две разные реализации load-path.","False","Pending"
"src/Crack/CCrackFormationCalculator.cls","CCrackFormationCalculator","1333","Private","Function","FormationLoadPath","5","Создает lambda-траекторию образования трещины по выбранной настройке SLS.Crack.InitiationLoadPath. Моменты targetMomentMx/My передаются относительно расчетного центра трещин, а CSectionSolver получает моменты относительно начала модели, поэтому вклад масштабируемой N переносится в Base, когда путь масштабирует продольную силу.","False","Pending"
"src/Crack/CCrackFormationCalculator.cls","CCrackFormationCalculator","1358","Private","Function","FormationPathHasScaledLoad","2","Проверяет, есть ли у выбранного пути ненулевая часть Base. Если Base нет, нижняя точка lambda=0 уже является единственной проверяемой нагрузкой.","False","Pending"
"src/Crack/CCrackFormationCalculator.cls","CCrackFormationCalculator","1376","Private","Function","CrackFormationPathDisplayName","1","Возвращает пользовательское имя пути для диагностики.","False","Pending"
"src/Crack/CCrackFormationCalculator.cls","CCrackFormationCalculator","1393","Private","Function","CrackFormationPathDisplayNameForKey","2","Возвращает имя фактически использованного пути. Для Auto это уже не Auto, а конкретный lambda-путь, на котором была принята стадия образования.","False","Pending"
"src/Crack/CCrackFormationCalculator.cls","CCrackFormationCalculator","1413","Private","Sub","ApplyMaterialProviderProperties","3","Берет Rbt,ser, Eb, eps_bt0, eps_bt2 и Es из поставщика материалов. Эти значения больше не являются отдельными настройками crack-класса: они должны совпадать с диаграммами, которыми реально решается НДС.","False","Pending"
"src/Crack/CCrackFormationCalculator.cls","CCrackFormationCalculator","1433","Private","Function","ProbeLoadScalingFormation","3","Решает одну lambda-точку общего LoadMultiplier через единый state pipeline. Подбирает полезный warm-start, при его неудаче пробует самостоятельный старт и возвращает formation residual только после подтвержденного равновесия.","False","Pending"
"src/Crack/CCrackFormationCalculator.cls","CCrackFormationCalculator","1511","Private","Sub","AppendLoadScalingProbeDiagnostic","3","Записывает одну lambda-точку fallback-метода LoadMultiplier. В отличие от строк UltimateStrain, здесь lambda проверяется обычным НДС CrackInitiation, поэтому отдельная подпись метода важна для читаемой хронологии отчета.","False","Pending"
"src/Crack/CCrackFormationCalculator.cls","CCrackFormationCalculator","1528","Private","Function","EffectiveLoadScalingWarmStart","3","Возвращает warm-start для решения НДС только если в нем действительно есть ненулевая плоскость деформаций. Это защищает lambda*NMxy от плохого старта из полностью нулевого НДС при lambda=0.","False","Pending"
"src/Crack/CCrackFormationCalculator.cls","CCrackFormationCalculator","1543","Private","Function","LoadScalingProbeGuess","4","Строит активную стартовую плоскость для отдельной lambda-точки. Используется тем же CStateGuessBuilder, что и общий runner прямого НДС: это помогает lambda*N/lambda*NMxy начинать не с нулевой плоскости и не зависеть от плохой соседней точки bracket-а.","False","Pending"
"src/Crack/CCrackFormationCalculator.cls","CCrackFormationCalculator","1568","Private","Function","SolverFormationResidual","2","Возвращает безразмерную невязку образования трещины для уже решенного НДС: отрицательная - eps_bt,ult еще не достигнута, положительная - порог пройден.","False","Pending"
"src/Crack/CCrackFormationCalculator.cls","CCrackFormationCalculator","1592","Private","Sub","InitializeCrcStrainGuess","4","Строит стартовое приближение для прямого состояния образования трещины. Если текущий service-solver уже содержит растяжение бетона, его плоскость просто масштабируется до eps_bt2 как устойчивой начальной оценки. Иначе используется грубая геометрическая оценка по направлению заданного вектора Mx/My.","False","Pending"
"src/Crack/CCrackFormationCalculator.cls","CCrackFormationCalculator","1639","Private","Sub","SetFormationResult","2","Записывает машинный результат этапа образования трещины. StopReason остается только пользовательским комментарием и больше не используется для классификации.","False","Pending"
"src/Crack/CCrackFormationCalculator.cls","CCrackFormationCalculator","1649","Private","Sub","SetFormationSuccess","1","Помечает успешное нахождение точки образования нормальной трещины.","False","Pending"
"src/Crack/CCrackFormationCalculator.cls","CCrackFormationCalculator","1660","Private","Sub","SetFormationInvalidInput","1","Помечает ошибку пользовательских данных или обязательных входов crack-этапа.","False","Pending"
"src/Crack/CCrackFormationCalculator.cls","CCrackFormationCalculator","1669","Private","Sub","SetFormationNumericalFailure","1","Помечает именно численную неудачу поиска состояния/предела.","False","Pending"
"src/Crack/CCrackFormationCalculator.cls","CCrackFormationCalculator","1686","Private","Function","FormationProbeBlockedByPhysicalLimit","3","Проба с равновесием, вышедшая за другой физический предел до критерия трещины, не является допустимой нижней стороной crack-скобки. Причина остается инженерным отказом, а не численной несходимостью следующей пробы.","False","Pending"
"src/Crack/CCrackFormationCalculator.cls","CCrackFormationCalculator","1707","Private","Function","UserStopReason","3","Готовит короткий пользовательский комментарий из внутренней причины. Машинная классификация уже сохранена в InternalStatus/ResultCode, поэтому технические префиксы NumericalFailure/InputError на лист выводить не нужно.","False","Pending"
"src/Crack/CCrackFormationCalculator.cls","CCrackFormationCalculator","1726","Private","Sub","FinishNoCrack","3","Помечает расчет как корректно завершенный без раскрытой трещины. Это не численная ошибка: заданное состояние либо не растягивает арматуру, либо еще не достигло момента образования трещины.","False","Pending"
"src/Crack/CCrackFormationCalculator.cls","CCrackFormationCalculator","1742","Private","Sub","FinishFormationNotReached","5","Завершает именно этап проверки образования трещины как корректный результат ""порог найден, но текущая нагрузка его еще не достигла"". В отличие от общего FinishNoCrack здесь сохраняется успех нахождения порога. Критерий достигнут на выбранном пути, но текущий LC до него еще не дошел; это не доказанная недостижимость критерия. PostCrackState для текущей ширины не требуется.","False","Pending"
"src/Crack/CCrackFormationCalculator.cls","CCrackFormationCalculator","1757","Private","Sub","MarkFormationPathFallback","6","Завершает проверку как ""трещина есть"", но без расчетной точки sigma_s,crc. Такой fallback нужен, когда выбранный путь lambda не управляет причиной, которая уже вызвала трещину: например lambda*Mxy при трещине от одной N или lambda*N при трещине от уже приложенного момента. В этих случаях Auto-режим не имеет честного состояния сразу после образования трещины по выбранному пути, поэтому дальше остается консервативное psi_s = 1.","False","Pending"
"src/Crack/CCrackFormationCalculator.cls","CCrackFormationCalculator","1771","Private","Function","SolveState","3","Запускает служебное НДС через общий CStateSolutionRunner. Так состояния PreCrackState/PostCrackState получают тот же централизованный подбор стартовой плоскости, настройки solver-а и диагностику, что и Strength/CrackedState.","False","Pending"
"src/Crack/CCrackFormationCalculator.cls","CCrackFormationCalculator","1804","Private","Sub","CaptureFormationSolverFailure","3","Сохраняет машинную причину неуспешной state-пробы. Вызов после исчерпания численных стартов сохраняет singular tangent отдельно; terminal ошибки фиксируются сразу и не заменяются последующими generic сообщениями Search.","False","Pending"
"src/Crack/CCrackFormationCalculator.cls","CCrackFormationCalculator","1820","Private","Sub","ConfigureStateRunner","1","Передает crack-настройки в общий runner прямого НДС.","False","Pending"
"src/Crack/CCrackFormationCalculator.cls","CCrackFormationCalculator","1850","Private","Function","IsCentralTensionState","11","Центральное растяжение для трещин определяется по моментному вектору относительно центра тяжести приведенного сечения. Перенос от Load.ReferenceOffset и обнуление практически нулевых моментов выполняет CSectionLoadState; crack-калькулятор только спрашивает у него моменты относительно нужного расчетного центра и не повторяет геометрию приложения нагрузки.  Кривизны solver-а здесь сознательно не используются. Если при таком LC появляется заметная кривизна, это уже ошибка в переносе нагрузок, сетке или тестовом сценарии; она должна ловиться регрессионными проверками, а не менять расчетную ветку в рабочей книге.","False","Pending"
"src/Crack/CCrackFormationCalculator.cls","CCrackFormationCalculator","1863","Private","Function","HasNormalCrackDrivingAction","4","Проверяет, есть ли в LC растяжение или изгиб относительно расчетного центра. Если после централизованного переноса и ZeroMoment-фильтра нет ни растягивающей силы, ни момента, нормальная трещина не может образоваться и прямой поиск точки образования трещины запускать не нужно.","False","Pending"
"src/Crack/CCrackFormationCalculator.cls","CCrackFormationCalculator","1883","Private","Function","FormationNValue","3","Возвращает N в найденной общей N+M точке трещинообразования. Для пути lambda*Mxy это просто текущая N, а для lambda*N/lambda*NMxy - масштабированная продольная сила на пороге.","False","Pending"
"src/Crack/CCrackFormationCalculator.cls","CCrackFormationCalculator","1892","Private","Function","CrackMomentFromFormationLoad","2","Возвращает модуль моментного вектора в найденной общей N+M точке трещинообразования относительно расчетного центра трещин.","False","Pending"
"src/Crack/CCrackFormationCalculator.cls","CCrackFormationCalculator","1908","Private","Function","CentralTensionCrackForce","4","Возвращает усилие образования трещины при истинном центральном растяжении. Ared считаем через общий калькулятор приведенного сечения, чтобы ветка трещин использовала ту же модель Ab + (Es/Eb - 1)As, что устойчивость, свойства Results и остальные проверки, работающие с приведенной геометрией.","False","Pending"
"src/Crack/CCrackFormationCalculator.cls","CCrackFormationCalculator","1921","Private","Function","TotalConcreteArea","1","Суммарная площадь бетона модели.","False","Pending"
"src/Crack/CCrackFormationCalculator.cls","CCrackFormationCalculator","1931","Private","Function","TotalRebarArea","1","Суммарная площадь арматуры модели.","False","Pending"
"src/Crack/CCrackFormationCalculator.cls","CCrackFormationCalculator","1941","Private","Function","MaxConcreteStrain","1","Максимальная растягивающая деформация бетонных КЭ по сохраненной плоскости.","False","Pending"
"src/Crack/CCrackFormationCalculator.cls","CCrackFormationCalculator","1951","Private","Function","ConcreteStrain","1","Деформация бетонного КЭ.","False","Pending"
"src/Crack/CCrackFormationCalculator.cls","CCrackFormationCalculator","1961","Private","Sub","ConcreteStrainBounds","4","Определяет минимальную и максимальную деформацию бетонных КЭ для пробной плоскости образования трещины. Эти две величины нужны, чтобы отличить двузначную эпюру от однозначно растянутой и выбрать нормативный eps_bt,ult по СП 63 п. 8.1.30.","False","Pending"
"src/Crack/CCrackFormationCalculator.cls","CCrackFormationCalculator","1985","Private","Function","ConcreteTensionUltimateStrain","6","Возвращает eps_bt,ult для критерия образования трещины по СП 63 п. 8.1.30. При двузначной эпюре используется eps_bt2. При однозначном растяжении с ненулевой кривизной применяется формула (8.54): eps_bt,ult = eps_bt2 - (eps_bt2 - eps_bt0) * eps1 / eps2. Истинное центральное растяжение сюда не попадает: для него выше работает отдельная ветка Ncrc по п. 8.2.13.","False","Pending"
"src/Crack/CCrackFormationCalculator.cls","CCrackFormationCalculator","2010","Private","Function","IsTensionLoad","3","Определяет растягивающий характер продольной силы только через единый объект нагрузки. Так central tension и phi3 используют ту же интерпретацию Load.ReferenceOffset и фильтра малых моментов, что batch/stability/capacity.","False","Pending"
"src/Crack/CCrackFormationCalculator.cls","CCrackFormationCalculator","2019","Private","Function","NormalizeCrackFormationPath","3","Приводит пользовательский выбор пути трещинообразования к внутреннему ключу. Поддерживаются те же обозначения lambda, что и в CapacityLoadPath, но без одноосных Mx/My: для трещин пользователь выбирает Mxy, N или весь N+Mxy.","False","Pending"
"src/Crack/CCrackFormationCalculator.cls","CCrackFormationCalculator","2044","Private","Function","NormalizeCrackFormationSolutionStrategy","2","Приводит численную стратегию поиска трещинообразования к той же логике, что используется для capacity: Auto, UltimateStrain или LoadMultiplier.","False","Pending"
"src/Crack/CCrackFormationCalculator.cls","CCrackFormationCalculator","2063","Private","Sub","ClearFormationAttemptState","3","Сбрасывает только данные одной попытки поиска точки образования трещины. Диагностический журнал и выбранные материальные модели сохраняются, чтобы Auto мог показать всю цепочку переключения путей.","False","Pending"
"src/Crack/CCrackFormationCalculator.cls","CCrackFormationCalculator","2088","Private","Sub","AppendDiagnostic","1","Добавляет строку в диагностический журнал.","False","Pending"
"src/Crack/CCrackFormationCalculator.cls","CCrackFormationCalculator","2096","Private","Function","FormatNumberInvariant","1","Форматирует числа диагностического журнала через точку.","False","Pending"
"src/Crack/CCrackFormationCalculator.cls","CCrackFormationCalculator","2103","Private","Function","MinDouble","1","Утилитарный минимум без WorksheetFunction в расчетном ядре трещин.","False","Pending"
"src/Crack/CCrackFormationCalculator.cls","CCrackFormationCalculator","2110","Private","Function","MaxDouble","1","Утилитарный максимум без WorksheetFunction в расчетном ядре трещин.","False","Pending"
"src/Crack/CCrackFormationCalculator.cls","CCrackFormationCalculator","2122","Public","Function","BuildSearchSnapshot","6","-------------------------------------------------------------------------- Свойства результатов -------------------------------------------------------------------------- Сохраняет машинный исход и подтвержденное НДС в общий численный результат. Search-result не трактует отсутствие трещины при текущем LC и не читает рабочий Formation-контекст после создания этого снимка.","False","Pending"
"src/Crack/CCrackFormationCalculator.cls","CCrackFormationCalculator","2137","Public","Property Get","Converged","2","Writer-ы и тесты читают эти значения после Calculate. Свойства ничего не пересчитывают и не обращаются к solver-у повторно.","False","Pending"
"src/Crack/CCrackFormationCalculator.cls","CCrackFormationCalculator","2143","Public","Property Get","StopReason","0","","False","Pending"
"src/Crack/CCrackFormationCalculator.cls","CCrackFormationCalculator","2149","Public","Property Get","CrackFormationInternalStatus","0","","False","Pending"
"src/Crack/CCrackFormationCalculator.cls","CCrackFormationCalculator","2154","Public","Property Get","FormationSolutionMethod","1","Отличает выбранную Auto-стратегию от фактически выполненного метода поиска.","False","Pending"
"src/Crack/CCrackFormationCalculator.cls","CCrackFormationCalculator","2160","Public","Property Get","CrackFormationResultCode","0","","False","Pending"
"src/Crack/CCrackFormationCalculator.cls","CCrackFormationCalculator","2166","Public","Property Get","CrackFormed","0","","False","Pending"
"src/Crack/CCrackFormationCalculator.cls","CCrackFormationCalculator","2172","Public","Property Get","DiagnosticLog","0","","False","Pending"
"src/Crack/CCrackFormationCalculator.cls","CCrackFormationCalculator","2181","Public","Property Get","SolverCallCount","3","Возвращает число внутренних запусков/оценок solver-а, выполненных именно этим расчетом трещин. Batch использует его для общей диагностической сводки, чтобы не терять служебные solve при поиске Ncrc/Mcrc.","False","Pending"
"src/Crack/CCrackFormationCalculator.cls","CCrackFormationCalculator","2187","Public","Property Get","CrackFormationPath","0","","False","Pending"
"src/Crack/CCrackFormationCalculator.cls","CCrackFormationCalculator","2193","Public","Property Get","CrackFormationMethod","0","","False","Pending"
"src/Crack/CCrackFormationCalculator.cls","CCrackFormationCalculator","2203","Public","Property Get","CrackFormationSolutionStrategy","0","","False","Pending"
"src/Crack/CCrackFormationCalculator.cls","CCrackFormationCalculator","2209","Public","Property Get","LambdaCrc","0","","False","Pending"
"src/Crack/CCrackFormationCalculator.cls","CCrackFormationCalculator","2215","Public","Property Get","Ncrc","0","","False","Pending"
"src/Crack/CCrackFormationCalculator.cls","CCrackFormationCalculator","2221","Public","Property Get","FormationNcrc","0","","False","Pending"
"src/Crack/CCrackFormationCalculator.cls","CCrackFormationCalculator","2227","Public","Property Get","Mcrc","0","","False","Pending"
"src/Crack/CCrackFormationCalculator.cls","CCrackFormationCalculator","2233","Public","Property Get","Ared","0","","False","Pending"
"src/Crack/CCrackFormationCalculator.cls","CCrackFormationCalculator","2239","Public","Property Get","RbtSer","0","","False","Pending"
"src/Crack/CCrackFormationCalculator.cls","CCrackFormationCalculator","2245","Public","Property Get","CentralTensionBranch","0","","False","Pending"
"src/Crack/CCrackFormationCalculator.cls","CCrackFormationCalculator","2252","Public","Property Get","PreCrackState","1","Возвращает состояние на пороге образования трещины с работающим растянутым бетоном.","False","Pending"
"src/Crack/CCrackFormationCalculator.cls","CCrackFormationCalculator","2259","Public","Property Get","PostCrackState","1","Возвращает состояние на том же уровне нагрузки сразу после выключения растянутого бетона.","False","Pending"
"src/Crack/CCrackFormationCalculator.cls","CCrackFormationCalculator","2268","Public","Property Set","StateProvider","3","Подключает общий provider конечных named-state. Если свойство не задано, калькулятор остается пригодным для изолированных тестов и решает состояния собственным локальным CStateSolutionRunner.","False","Pending"
"src/Crack/CCrackFormationCalculator.cls","CCrackFormationCalculator","2274","Public","Property Let","CrackFormationPath","0","","False","Pending"
"src/Crack/CCrackFormationCalculator.cls","CCrackFormationCalculator","2280","Public","Property Let","CrackFormationSolutionStrategy","0","","False","Pending"
"src/Crack/CCrackFormationCalculator.cls","CCrackFormationCalculator","2286","Public","Property Let","SolverMethod","0","","False","Pending"
"src/Crack/CCrackFormationCalculator.cls","CCrackFormationCalculator","2292","Public","Property Let","SolverLoadSteps","0","","False","Pending"
"src/Crack/CCrackFormationCalculator.cls","CCrackFormationCalculator","2298","Public","Property Let","SolverMaxIterations","0","","False","Pending"
"src/Crack/CCrackFormationCalculator.cls","CCrackFormationCalculator","2304","Public","Property Let","SolverToleranceN","0","","False","Pending"
"src/Crack/CCrackFormationCalculator.cls","CCrackFormationCalculator","2310","Public","Property Let","SolverToleranceMx","0","","False","Pending"
"src/Crack/CCrackFormationCalculator.cls","CCrackFormationCalculator","2316","Public","Property Let","SolverToleranceMy","0","","False","Pending"
"src/Crack/CCrackFormationCalculator.cls","CCrackFormationCalculator","2322","Public","Property Let","SolverLineSearchEnabled","0","","False","Pending"
"src/Crack/CCrackFormationCalculator.cls","CCrackFormationCalculator","2328","Public","Property Let","SolverDampingInitial","0","","False","Pending"
"src/Crack/CCrackFormationCalculator.cls","CCrackFormationCalculator","2334","Public","Property Let","SolverMinLineSearchAlpha","0","","False","Pending"
"src/Crack/CCrackFormationCalculator.cls","CCrackFormationCalculator","2340","Public","Property Let","SolverMaxDeltaEpsilon0","0","","False","Pending"
"src/Crack/CCrackFormationCalculator.cls","CCrackFormationCalculator","2346","Public","Property Let","SolverMaxDeltaKappa","0","","False","Pending"
"src/Crack/CCrackFormationCalculator.cls","CCrackFormationCalculator","2352","Public","Property Let","SolverSecantMaxRestarts","0","","False","Pending"
"src/Crack/CCrackFormationCalculator.cls","CCrackFormationCalculator","2358","Public","Property Let","SolverSecantMinStepNorm","0","","False","Pending"
"src/Crack/CCrackFormationCalculator.cls","CCrackFormationCalculator","2364","Public","Property Let","DiagnosticsEnabled","0","","False","Pending"
"src/Crack/CCrackFormationCalculator.cls","CCrackFormationCalculator","2369","Private","Function","ExecuteFormationSearch","1","Выбирает физический crack-path; Search выбирает только численный метод.","False","Pending"
"src/Crack/CCrackFormationCalculator.cls","CCrackFormationCalculator","2389","Private","Function","ExecuteAutoCrackFormation","1","Сохраняет инженерную Auto-политику и причины смены путей в результате.","False","Pending"
"src/Crack/CCrackFormationCalculator.cls","CCrackFormationCalculator","2458","Private","Function","NormalizeCrackPath","1","Нормализует внутренний ключ физического пути для инженерного выбора.","False","Pending"
"src/Crack/CCrackFormationResult.cls","CCrackFormationResult","44","Private","Sub","Class_Initialize","1","Создает нейтральный not-applicable результат до фактического заполнения.","False","Pending"
"src/Crack/CCrackFormationResult.cls","CCrackFormationResult","51","Public","Sub","InitializeFromCalculator","2","Заполняет результат по calculator-у образования трещины. Calculator отвечает за физику поиска, а этот объект фиксирует итоговые величины и typed status для batch.","False","Pending"
"src/Crack/CCrackFormationResult.cls","CCrackFormationResult","87","Private","Sub","ResetResult","2","Удаляет все данные предыдущего заполнения; неуспешный повтор не оставляет старую точку, состояния или диагностический журнал доступными потребителям.","False","Pending"
"src/Crack/CCrackFormationResult.cls","CCrackFormationResult","108","Public","Property Get","ResultMeta","0","","False","Pending"
"src/Crack/CCrackFormationResult.cls","CCrackFormationResult","112","Public","Property Get","CrackFormed","0","","False","Pending"
"src/Crack/CCrackFormationResult.cls","CCrackFormationResult","116","Public","Property Get","FormationMethod","0","","False","Pending"
"src/Crack/CCrackFormationResult.cls","CCrackFormationResult","120","Public","Property Get","LambdaCrc","0","","False","Pending"
"src/Crack/CCrackFormationResult.cls","CCrackFormationResult","124","Public","Property Get","Ncrc","0","","False","Pending"
"src/Crack/CCrackFormationResult.cls","CCrackFormationResult","128","Public","Property Get","FormationNcrc","0","","False","Pending"
"src/Crack/CCrackFormationResult.cls","CCrackFormationResult","132","Public","Property Get","Mcrc","0","","False","Pending"
"src/Crack/CCrackFormationResult.cls","CCrackFormationResult","136","Public","Property Get","Ared","0","","False","Pending"
"src/Crack/CCrackFormationResult.cls","CCrackFormationResult","140","Public","Property Get","RbtSer","0","","False","Pending"
"src/Crack/CCrackFormationResult.cls","CCrackFormationResult","144","Public","Property Get","PreCrackState","0","","False","Pending"
"src/Crack/CCrackFormationResult.cls","CCrackFormationResult","148","Public","Property Get","PostCrackState","0","","False","Pending"
"src/Crack/CCrackFormationResult.cls","CCrackFormationResult","152","Public","Property Get","StopReason","0","","False","Pending"
"src/Crack/CCrackFormationResult.cls","CCrackFormationResult","156","Public","Property Get","DiagnosticLog","0","","False","Pending"
"src/Crack/CCrackFormationResult.cls","CCrackFormationResult","161","Public","Property Get","HasLimitPoint","1","Доступность точки и fallback хранятся отдельно от статуса процедуры.","False","Pending"
"src/Crack/CCrackFormationResult.cls","CCrackFormationResult","165","Public","Property Get","FallbackPsi1","0","","False","Pending"
"src/Crack/CCrackFormationResult.cls","CCrackFormationResult","169","Public","Property Get","CentralTensionBranch","0","","False","Pending"
"src/Crack/CCrackFormationResult.cls","CCrackFormationResult","173","Public","Property Get","SolverCallCount","0","","False","Pending"
"src/Crack/CCrackFormationResult.cls","CCrackFormationResult","177","Public","Property Get","SearchResult","0","","False","Pending"
"src/Crack/CCrackFormationResult.cls","CCrackFormationResult","182","Public","Property Get","Converged","1","Успех formation включает корректный warning-fallback без фиктивной точки.","False","Pending"
"src/Crack/CCrackFormationResult.cls","CCrackFormationResult","189","Friend","Sub","Freeze","3","Завершает жизненный цикл заполнения перед передачей snapshot потребителю. Повторный вызов безопасен; общие ссылки на named-state остаются теми же, но их fill/reset API больше не могут изменить опубликованный результат.","False","Pending"
"src/Crack/CCrackFormationResult.cls","CCrackFormationResult","198","Private","Sub","AssertWritable","2","Явно отклоняет изменение уже выданного результата вместо тихой порчи снимка. Для повторного расчета workflow создает новый объект, сохраняя прежние ссылки.","False","Pending"
"src/Crack/CCrackResult.cls","CCrackResult","28","Private","Sub","Class_Initialize","1","Создает нейтральные ветви, не создавая физические State при отсутствии расчета.","False","Pending"
"src/Crack/CCrackResult.cls","CCrackResult","34","Public","Sub","Initialize","2","Заполняет все доступные ветви расчета трещин. Любая ветвь может быть Nothing, если расчет еще не дошел до нее или она не нужна для выбранного профиля.","False","Pending"
"src/Crack/CCrackResult.cls","CCrackResult","52","Public","Property Get","Formation","0","","False","Pending"
"src/Crack/CCrackResult.cls","CCrackResult","56","Public","Property Get","Width","0","","False","Pending"
"src/Crack/CCrackResult.cls","CCrackResult","60","Public","Property Get","CurrentStateMeta","0","","False","Pending"
"src/Crack/CCrackResult.cls","CCrackResult","64","Public","Property Get","Longitudinal","0","","False","Pending"
"src/Crack/CCrackResult.cls","CCrackResult","71","Public","Property Get","NormalMeta","3","Собирает итог нормальных трещин из готовых Formation/CurrentState/Width. Недостижение образования делает ширину неприменимой, но не скрывает отказ обязательного текущего НДС. Новые solve или инженерные формулы здесь не выполняются.","False","Pending"
"src/Crack/CCrackResult.cls","CCrackResult","99","Public","Property Get","ResultMeta","3","Возвращает итог всей подробной таблицы трещин, включая независимую проверку продольных трещин. Комментарии собираются в порядке расчетных стадий, только из этого subtree; writer не добавляет чужие причины и не склеивает строки.","False","Pending"
"src/Crack/CCrackResult.cls","CCrackResult","113","Friend","Sub","Freeze","3","Завершает жизненный цикл заполнения перед передачей snapshot потребителю. Повторный вызов безопасен; общие ссылки на named-state остаются теми же, но их fill/reset API больше не могут изменить опубликованный результат.","False","Pending"
"src/Crack/CCrackResult.cls","CCrackResult","123","Private","Sub","AssertWritable","2","Явно отклоняет изменение уже выданного результата вместо тихой порчи снимка. Для повторного расчета workflow создает новый объект, сохраняя прежние ссылки.","False","Pending"
"src/Crack/CCrackWidthCalculator.cls","CCrackWidthCalculator","86","Private","Sub","Class_Initialize","5","------------------------------ Настройки по умолчанию ------------------------------ Значения соответствуют текущей принятой постановке: длительное раскрытие, эффективная зона СП и пользовательские коэффициенты с нормативными defaults.","False","Pending"
"src/Crack/CCrackWidthCalculator.cls","CCrackWidthCalculator","103","Private","Sub","ClearResult","1","Сбрасывает данные подготовки формулы предыдущего сочетания.","False","Pending"
"src/Crack/CCrackWidthCalculator.cls","CCrackWidthCalculator","140","Public","Sub","InitializeForFormation","2","Принимает готовый результат formation без поиска НДС. Этот вход позволяет orchestrator-у хранить ширину как зависимую, еще не выполненную ветвь.","False","Pending"
"src/Crack/CCrackWidthCalculator.cls","CCrackWidthCalculator","162","Public","Sub","Calculate","3","Готовит зону, арматуру и коэффициенты по готовым состояниям. Сам поиск образования трещины и Pre/Post НДС здесь не выполняется; чистая формула получает только подготовленные числа и не знает о State/status.","False","Pending"
"src/Crack/CCrackWidthCalculator.cls","CCrackWidthCalculator","201","Public","Property Get","FormationResult","1","Дает доступ к единственному готовому formation-узлу, не копируя его поля.","False","Pending"
"src/Crack/CCrackWidthCalculator.cls","CCrackWidthCalculator","212","Public","Sub","ApplySettings","6","------------------------------ Чтение настроек Config ------------------------------ Загружает настройки подготовки формулы ширины. Поиск НДС и параметры трещинообразования настраиваются у соответствующих владельцев; допустимая ширина здесь переводится в миллиметры внутренней системы единиц.","False","Pending"
"src/Crack/CCrackWidthCalculator.cls","CCrackWidthCalculator","241","Private","Sub","CalculateCentralTension","3","Выполняет отдельную ветку СП для истинного центрального растяжения. Здесь нет нейтральной линии, поэтому Abt принимается равной всей площади бетона, а As - всей продольной арматуре, которая растянута в текущем НДС.","False","Pending"
"src/Crack/CCrackWidthCalculator.cls","CCrackWidthCalculator","274","Private","Sub","CalculateGeneralBending","3","Выполняет общий расчет для N + Mx + My при существующей нейтральной линии. Все геометрические величины строятся в координате s вдоль нормали к нейтральной линии, направленной в сторону растяжения.","False","Pending"
"src/Crack/CCrackWidthCalculator.cls","CCrackWidthCalculator","347","Private","Sub","CompleteCrackFormula","3","Завершает подготовку нормативной формулы раскрытия трещин после выбора растянутой зоны и арматуры. Метод собирает As, Abt, d_s,eq, sigma_s и расстояние между трещинами l_s; сам коэффициент psi_s уточняется ниже.","False","Pending"
"src/Crack/CCrackWidthCalculator.cls","CCrackWidthCalculator","376","Private","Function","FinalizeWithPsiMode","7","Завершает расчет раскрытия с учетом режима psi_s. User заканчивает расчет после первой формулы с пользовательским psi_s. Auto сначала делает проверку с psi_s = 1 и уточняет коэффициент только при непрохождении. AlwaysCalc сразу пытается применить уточненный psi_s. Точка lambda_crc и состояния PreCrackState/PostCrackState уже найдены обязательной предварительной проверкой образования трещины, поэтому повторный поиск точки образования здесь не выполняется.","False","Pending"
"src/Crack/CCrackWidthCalculator.cls","CCrackWidthCalculator","434","Private","Function","ResolveAutoPsiIfPossible","4","Готовит и применяет автоматическое значение psi_s по sigma_s,crc. Метод не запускает solve и не достраивает PostCrackState: на этом этапе используются только данные, уже подготовленные проверкой образования трещины. Если sigma_s,crc получить нельзя, psi_s остается равным 1 с диагностикой.","False","Pending"
"src/Crack/CCrackWidthCalculator.cls","CCrackWidthCalculator","467","Private","Sub","CaptureSigmaSCrcIfAvailable","4","Заполняет справочное sigma_s,crc без дополнительных solve-вызовов. Если состояние PostCrackState уже найдено предварительной проверкой образования трещины, берем среднее напряжение выбранной арматуры из сохраненного solver-а. Для fallback-путей честной точки sigma_s,crc нет.","False","Pending"
"src/Crack/CCrackWidthCalculator.cls","CCrackWidthCalculator","484","Private","Sub","FinalizeWidth","1","Завершает расчет по формуле СП 63 п. 8.2.15 для продолжительного раскрытия.","False","Pending"
"src/Crack/CCrackWidthCalculator.cls","CCrackWidthCalculator","514","Public","Function","CrackWidthFromData","3","Выполняет только численную формулу a_crc по готовым коэффициентам, напряжению, модулю и расстоянию между трещинами. Не получает State, не выбирает арматуру и не меняет статус либо рабочий результат calculator-а.","False","Pending"
"src/Crack/CCrackWidthCalculator.cls","CCrackWidthCalculator","524","Public","Function","UtilizationFromData","3","Возвращает численное отношение готового раскрытия к допускаемому. При нулевом пределе отношение не определено; решение о применимости проверки принимается до вызова этой чистой операции.","False","Pending"
"src/Crack/CCrackWidthCalculator.cls","CCrackWidthCalculator","532","Public","Property Get","ResultMeta","3","Публикует машинный итог только формульного этапа. Получение Formation/State не объявляет формулу выполненной; отсутствующий итог является внутренней ошибкой, а не повторной численной несходимостью или успешным fallback.","False","Pending"
"src/Crack/CCrackWidthCalculator.cls","CCrackWidthCalculator","548","Private","Sub","SetWidthResult","1","Записывает машинный результат формульной части ширины раскрытия.","False","Pending"
"src/Crack/CCrackWidthCalculator.cls","CCrackWidthCalculator","560","Private","Function","UserStopReason","3","Готовит короткий пользовательский комментарий из внутренней причины. Машинная классификация уже сохранена в InternalStatus/ResultCode, поэтому технические префиксы NumericalFailure/InputError на лист выводить не нужно.","False","Pending"
"src/Crack/CCrackWidthCalculator.cls","CCrackWidthCalculator","577","Private","Sub","SetWidthInvalidInput","1","Помечает ошибку входных данных, найденную уже при подготовке данных формулы.","False","Pending"
"src/Crack/CCrackWidthCalculator.cls","CCrackWidthCalculator","588","Private","Sub","FinishNoCrack","3","Помечает расчет как корректно завершенный без раскрытой трещины. Это не численная ошибка: заданное состояние либо не растягивает арматуру, либо еще не достигло момента образования трещины.","False","Pending"
"src/Crack/CCrackWidthCalculator.cls","CCrackWidthCalculator","602","Private","Sub","SelectAllTensionRebars","1","Выбирает все растянутые стержни для центрального растяжения.","False","Pending"
"src/Crack/CCrackWidthCalculator.cls","CCrackWidthCalculator","615","Private","Function","FindMostTensionRebarProjection","1","Находит крайнюю растянутую арматуру по нормали к нейтральной линии.","False","Pending"
"src/Crack/CCrackWidthCalculator.cls","CCrackWidthCalculator","635","Private","Function","CoverDistanceForRebar","4","Выбирает пользовательский смысл расстояния a_s. В обычном режиме берется локальный выход луча из выбранного стержня к ближайшему бетонному контуру. Режим GlobalExtreme оставлен для проверки старой глобальной трактовки, когда расстояние считается до дальней опорной линии всего сечения.","False","Pending"
"src/Crack/CCrackWidthCalculator.cls","CCrackWidthCalculator","652","Private","Function","LocalConcreteCoverForRebar","4","Для a_s нужна не глобальная крайняя проекция всего сечения, а расстояние от оси выбранного растянутого стержня до ближайшего бетонного контура по нормали к нейтральной линии. Это особенно важно для Г-сечений и импортированных повернутых сеток, где глобальная опорная линия может лежать на другом выступе.","False","Pending"
"src/Crack/CCrackWidthCalculator.cls","CCrackWidthCalculator","675","Private","Function","TensionZoneLowerBound","8","Определяет нижнюю границу расчетной зоны в координате s. FullTension берет всю фактически растянутую часть до нейтральной линии. Effective задает нормативную глубину h_bt = min(max(x_t, 2a), 0.5h). Если фактическая растянутая зона x_t меньше 2a, полоса может геометрически зайти за нейтральную линию. Для Abt это намеренно учитывается: бетонные КЭ выбираются по попаданию центра в полосу h_bt, а не по знаку текущей деформации. Арматура As остается только растянутой, потому что sigma_s в формуле раскрытия относится к работающей растянутой арматуре между трещинами.","False","Pending"
"src/Crack/CCrackWidthCalculator.cls","CCrackWidthCalculator","694","Private","Function","ConcreteAreaInZone","3","Суммирует площадь бетонных КЭ, чьи центры попали в расчетную растянутую зону. Частичные площади намеренно не считаются: это принятое дискретное приближение текущей НДМ-модели.","False","Pending"
"src/Crack/CCrackWidthCalculator.cls","CCrackWidthCalculator","713","Private","Sub","SelectRebarsInZone","4","Формирует набор стержней As по той же полосе, которая принята для Abt, но с обязательным физическим фильтром по растяжению стержня. Поэтому при Effective и срабатывании ограничения 2a бетонная полоса может зайти за нейтральную линию, однако сжатые стержни в As, sigma_s и d_s,eq не попадают.","False","Pending"
"src/Crack/CCrackWidthCalculator.cls","CCrackWidthCalculator","733","Private","Sub","ProjectionBoundsByConcreteContour","5","Внешняя растянутая поверхность берется через общий геометрический калькулятор. Для сгенерированной сетки используются реальные размеры бетонных КЭ, а для импортированных Region без габаритов сохраняется общий fallback: сначала эквивалентный прямоугольник по A/I, затем квадрат той же площади. Та же логика используется устойчивостью.","False","Pending"
"src/Crack/CCrackWidthCalculator.cls","CCrackWidthCalculator","744","Private","Function","AverageSelectedSteelStress","2","Считает средневзвешенное напряжение выбранной арматуры. В формулу раскрытия идет одно глобальное sigma_s, а не локальные значения по отдельным зонам.","False","Pending"
"src/Crack/CCrackWidthCalculator.cls","CCrackWidthCalculator","773","Private","Function","IncludeCompressedStressForSigmaSCrc","4","Возвращает режим усреднения именно для sigma_s,crc. Текущее sigma_s основной формулы раскрытия по-прежнему считается только по растягивающей части выбранной группы; этот переключатель нужен для состояния PostCrackState, где часть той же группы может перейти в сжатие сразу после образования трещины.","False","Pending"
"src/Crack/CCrackWidthCalculator.cls","CCrackWidthCalculator","781","Private","Function","SelectedRebarArea","1","Считает площадь выбранной арматуры.","False","Pending"
"src/Crack/CCrackWidthCalculator.cls","CCrackWidthCalculator","791","Private","Function","SelectedRebarIds","1","Перечисляет имена выбранных стержней для контрольной таблицы напряжений.","False","Pending"
"src/Crack/CCrackWidthCalculator.cls","CCrackWidthCalculator","808","Private","Function","EquivalentDiameter","3","Для разных диаметров используется эквивалентный диаметр Eurocode: ds,eq = sum(n_i*d_i^2) / sum(n_i*d_i). В дискретной модели каждый стержень считается отдельным i, поэтому n_i фактически равен количеству совпадающих d.","False","Pending"
"src/Crack/CCrackWidthCalculator.cls","CCrackWidthCalculator","827","Private","Function","LimitedCrackSpacing","1","Применяет ограничения СП 63 к расстоянию между трещинами.","False","Pending"
"src/Crack/CCrackWidthCalculator.cls","CCrackWidthCalculator","845","Private","Function","AutoPsi","3","Формула psi_s = 1 - 0.8*sigma_s,crc/sigma_s. Ограничение 0...1 является численной защитой от отрицательного psi_s при почти равных напряжениях или случайных малых несоответствиях solve-ов.","False","Pending"
"src/Crack/CCrackWidthCalculator.cls","CCrackWidthCalculator","858","Private","Function","TotalConcreteArea","1","Суммарная площадь бетона модели.","False","Pending"
"src/Crack/CCrackWidthCalculator.cls","CCrackWidthCalculator","868","Private","Function","ConcreteStrain","1","Деформация бетонного КЭ.","False","Pending"
"src/Crack/CCrackWidthCalculator.cls","CCrackWidthCalculator","875","Private","Function","RebarStrain","1","Деформация стержня арматуры.","False","Pending"
"src/Crack/CCrackWidthCalculator.cls","CCrackWidthCalculator","882","Private","Function","Projection","1","Проекция точки на нормаль к нейтральной линии.","False","Pending"
"src/Crack/CCrackWidthCalculator.cls","CCrackWidthCalculator","889","Private","Sub","TrackMaxSteel","1","Обновляет максимум деформации и напряжения арматуры для диагностики.","False","Pending"
"src/Crack/CCrackWidthCalculator.cls","CCrackWidthCalculator","904","Private","Function","ResolvePhi3","3","Возвращает phi3 для текущего LC. В Auto используется принятое правило СП: при растягивающей продольной силе принимается 1.2, иначе 1.0. В User программа не выводит характер нагрузки из НДС, а берет введенное значение.","False","Pending"
"src/Crack/CCrackWidthCalculator.cls","CCrackWidthCalculator","919","Private","Function","IsTensionLoad","3","Определяет растягивающий характер продольной силы только через единый объект нагрузки. Так central tension и phi3 используют ту же интерпретацию Load.ReferenceOffset и фильтра малых моментов, что batch/stability/capacity.","False","Pending"
"src/Crack/CCrackWidthCalculator.cls","CCrackWidthCalculator","927","Private","Sub","NormalizeSettings","2","Нормализует текстовые режимы и проверяет численные параметры до запуска внутренних solve, чтобы ошибки Config были понятны пользователю.","False","Pending"
"src/Crack/CCrackWidthCalculator.cls","CCrackWidthCalculator","985","Private","Sub","ValidateInputs","1","Проверяет расчетный контракт класса.","False","Pending"
"src/Crack/CCrackWidthCalculator.cls","CCrackWidthCalculator","998","Private","Sub","AppendDiagnostic","1","Добавляет строку в диагностический журнал.","False","Pending"
"src/Crack/CCrackWidthCalculator.cls","CCrackWidthCalculator","1006","Private","Function","FormatNumberInvariant","1","Форматирует числа диагностического журнала через точку.","False","Pending"
"src/Crack/CCrackWidthCalculator.cls","CCrackWidthCalculator","1013","Private","Function","MinDouble","1","Утилитарный минимум без WorksheetFunction в расчетном ядре трещин.","False","Pending"
"src/Crack/CCrackWidthCalculator.cls","CCrackWidthCalculator","1020","Private","Function","MaxDouble","1","Утилитарный максимум без WorksheetFunction в расчетном ядре трещин.","False","Pending"
"src/Crack/CCrackWidthCalculator.cls","CCrackWidthCalculator","1032","Public","Property Get","Converged","5","-------------------------------------------------------------------------- Свойства результатов -------------------------------------------------------------------------- Writer-ы и тесты читают эти значения после Calculate. Свойства ничего не пересчитывают и не обращаются к solver-у повторно.","False","Pending"
"src/Crack/CCrackWidthCalculator.cls","CCrackWidthCalculator","1038","Public","Property Get","StopReason","0","","False","Pending"
"src/Crack/CCrackWidthCalculator.cls","CCrackWidthCalculator","1044","Public","Property Get","CrackWidthInternalStatus","0","","False","Pending"
"src/Crack/CCrackWidthCalculator.cls","CCrackWidthCalculator","1050","Public","Property Get","CrackWidthResultCode","0","","False","Pending"
"src/Crack/CCrackWidthCalculator.cls","CCrackWidthCalculator","1056","Public","Property Get","CrackFormed","0","","False","Pending"
"src/Crack/CCrackWidthCalculator.cls","CCrackWidthCalculator","1062","Public","Property Get","TensionRebarCount","0","","False","Pending"
"src/Crack/CCrackWidthCalculator.cls","CCrackWidthCalculator","1068","Public","Property Get","MaxSteelStrain","0","","False","Pending"
"src/Crack/CCrackWidthCalculator.cls","CCrackWidthCalculator","1074","Public","Property Get","MaxSteelStress","0","","False","Pending"
"src/Crack/CCrackWidthCalculator.cls","CCrackWidthCalculator","1080","Public","Property Get","CrackWidth","0","","False","Pending"
"src/Crack/CCrackWidthCalculator.cls","CCrackWidthCalculator","1086","Public","Property Get","AllowableCrackWidth","0","","False","Pending"
"src/Crack/CCrackWidthCalculator.cls","CCrackWidthCalculator","1092","Public","Property Get","Utilization","0","","False","Pending"
"src/Crack/CCrackWidthCalculator.cls","CCrackWidthCalculator","1098","Public","Property Get","DiagnosticLog","0","","False","Pending"
"src/Crack/CCrackWidthCalculator.cls","CCrackWidthCalculator","1104","Public","Property Get","PsiMode","0","","False","Pending"
"src/Crack/CCrackWidthCalculator.cls","CCrackWidthCalculator","1110","Public","Property Get","SigmaSCrcAveragingMode","0","","False","Pending"
"src/Crack/CCrackWidthCalculator.cls","CCrackWidthCalculator","1116","Public","Property Get","TensionZoneMode","0","","False","Pending"
"src/Crack/CCrackWidthCalculator.cls","CCrackWidthCalculator","1122","Public","Property Get","CoverMode","0","","False","Pending"
"src/Crack/CCrackWidthCalculator.cls","CCrackWidthCalculator","1128","Public","Property Get","Phi1","0","","False","Pending"
"src/Crack/CCrackWidthCalculator.cls","CCrackWidthCalculator","1134","Public","Property Get","Phi2","0","","False","Pending"
"src/Crack/CCrackWidthCalculator.cls","CCrackWidthCalculator","1140","Public","Property Get","Phi3","0","","False","Pending"
"src/Crack/CCrackWidthCalculator.cls","CCrackWidthCalculator","1146","Public","Property Get","PsiS","0","","False","Pending"
"src/Crack/CCrackWidthCalculator.cls","CCrackWidthCalculator","1152","Public","Property Get","SigmaS","0","","False","Pending"
"src/Crack/CCrackWidthCalculator.cls","CCrackWidthCalculator","1158","Public","Property Get","SigmaSCrc","0","","False","Pending"
"src/Crack/CCrackWidthCalculator.cls","CCrackWidthCalculator","1164","Public","Property Get","SteelEs","0","","False","Pending"
"src/Crack/CCrackWidthCalculator.cls","CCrackWidthCalculator","1170","Public","Property Get","AsTension","0","","False","Pending"
"src/Crack/CCrackWidthCalculator.cls","CCrackWidthCalculator","1176","Public","Property Get","Abt","0","","False","Pending"
"src/Crack/CCrackWidthCalculator.cls","CCrackWidthCalculator","1182","Public","Property Get","DsEquivalent","0","","False","Pending"
"src/Crack/CCrackWidthCalculator.cls","CCrackWidthCalculator","1188","Public","Property Get","CrackSpacingRaw","0","","False","Pending"
"src/Crack/CCrackWidthCalculator.cls","CCrackWidthCalculator","1194","Public","Property Get","CrackSpacing","0","","False","Pending"
"src/Crack/CCrackWidthCalculator.cls","CCrackWidthCalculator","1200","Public","Property Get","TensionRebarIds","0","","False","Pending"
"src/Crack/CCrackWidthCalculator.cls","CCrackWidthCalculator","1206","Public","Property Get","SectionDepthH","0","","False","Pending"
"src/Crack/CCrackWidthCalculator.cls","CCrackWidthCalculator","1212","Public","Property Get","CoverA","0","","False","Pending"
"src/Crack/CCrackWidthCalculator.cls","CCrackWidthCalculator","1218","Public","Property Get","TensionDepth","0","","False","Pending"
"src/Crack/CCrackWidthCalculator.cls","CCrackWidthCalculator","1224","Public","Property Get","EffectiveZoneDepth","0","","False","Pending"
"src/Crack/CCrackWidthCalculator.cls","CCrackWidthCalculator","1230","Public","Property Get","CentralTensionBranch","0","","False","Pending"
"src/Crack/CCrackWidthCalculator.cls","CCrackWidthCalculator","1236","Public","Property Let","AllowableCrackWidth","0","","False","Pending"
"src/Crack/CCrackWidthCalculator.cls","CCrackWidthCalculator","1242","Public","Property Let","PsiMode","0","","False","Pending"
"src/Crack/CCrackWidthCalculator.cls","CCrackWidthCalculator","1248","Public","Property Let","SigmaSCrcAveragingMode","0","","False","Pending"
"src/Crack/CCrackWidthCalculator.cls","CCrackWidthCalculator","1254","Public","Property Let","Phi1","0","","False","Pending"
"src/Crack/CCrackWidthCalculator.cls","CCrackWidthCalculator","1260","Public","Property Let","Phi2","0","","False","Pending"
"src/Crack/CCrackWidthCalculator.cls","CCrackWidthCalculator","1266","Public","Property Let","Phi3Mode","0","","False","Pending"
"src/Crack/CCrackWidthCalculator.cls","CCrackWidthCalculator","1272","Public","Property Let","Phi3","0","","False","Pending"
"src/Crack/CCrackWidthCalculator.cls","CCrackWidthCalculator","1278","Public","Property Let","PsiS","0","","False","Pending"
"src/Crack/CCrackWidthCalculator.cls","CCrackWidthCalculator","1284","Public","Property Let","TensionZoneMode","0","","False","Pending"
"src/Crack/CCrackWidthCalculator.cls","CCrackWidthCalculator","1290","Public","Property Let","CoverMode","0","","False","Pending"
"src/Crack/CCrackWidthCalculator.cls","CCrackWidthCalculator","1296","Public","Property Let","DiagnosticsEnabled","0","","False","Pending"
"src/Crack/CCrackWidthCalculator.cls","CCrackWidthCalculator","1304","Public","Function","Audit02AutoPsiForTests","2","Проверяет подписанные входы действующей формулы psi без подмены найденных НДС и напряжений. Пользовательский режим User этот расчет не использует.","False","Pending"
"src/Crack/CCrackWidthResult.cls","CCrackWidthResult","49","Private","Sub","Class_Initialize","1","Создает нейтральный not-applicable результат до заполнения.","False","Pending"
"src/Crack/CCrackWidthResult.cls","CCrackWidthResult","57","Public","Sub","InitializeFromCalculator","3","Копирует все подготовленные crack-width величины из calculator-а. Downstream-слой работает с отдельным result-объектом и ResultMeta, не обращаясь к внутренним временным полям calculator-а.","False","Pending"
"src/Crack/CCrackWidthResult.cls","CCrackWidthResult","94","Public","Property Get","ResultMeta","0","","False","Pending"
"src/Crack/CCrackWidthResult.cls","CCrackWidthResult","98","Public","Property Get","CrackWidth","0","","False","Pending"
"src/Crack/CCrackWidthResult.cls","CCrackWidthResult","102","Public","Property Get","AllowableCrackWidth","0","","False","Pending"
"src/Crack/CCrackWidthResult.cls","CCrackWidthResult","106","Public","Property Get","Utilization","0","","False","Pending"
"src/Crack/CCrackWidthResult.cls","CCrackWidthResult","110","Public","Property Get","Phi1","0","","False","Pending"
"src/Crack/CCrackWidthResult.cls","CCrackWidthResult","114","Public","Property Get","Phi2","0","","False","Pending"
"src/Crack/CCrackWidthResult.cls","CCrackWidthResult","118","Public","Property Get","Phi3","0","","False","Pending"
"src/Crack/CCrackWidthResult.cls","CCrackWidthResult","122","Public","Property Get","PsiS","0","","False","Pending"
"src/Crack/CCrackWidthResult.cls","CCrackWidthResult","126","Public","Property Get","SigmaS","0","","False","Pending"
"src/Crack/CCrackWidthResult.cls","CCrackWidthResult","130","Public","Property Get","SigmaSCrc","0","","False","Pending"
"src/Crack/CCrackWidthResult.cls","CCrackWidthResult","134","Public","Property Get","SteelEs","0","","False","Pending"
"src/Crack/CCrackWidthResult.cls","CCrackWidthResult","138","Public","Property Get","AsTension","0","","False","Pending"
"src/Crack/CCrackWidthResult.cls","CCrackWidthResult","142","Public","Property Get","Abt","0","","False","Pending"
"src/Crack/CCrackWidthResult.cls","CCrackWidthResult","146","Public","Property Get","DsEquivalent","0","","False","Pending"
"src/Crack/CCrackWidthResult.cls","CCrackWidthResult","150","Public","Property Get","CrackSpacingRaw","0","","False","Pending"
"src/Crack/CCrackWidthResult.cls","CCrackWidthResult","154","Public","Property Get","CrackSpacing","0","","False","Pending"
"src/Crack/CCrackWidthResult.cls","CCrackWidthResult","158","Public","Property Get","TensionRebarCount","0","","False","Pending"
"src/Crack/CCrackWidthResult.cls","CCrackWidthResult","162","Public","Property Get","TensionRebarIds","0","","False","Pending"
"src/Crack/CCrackWidthResult.cls","CCrackWidthResult","166","Public","Property Get","SectionDepthH","0","","False","Pending"
"src/Crack/CCrackWidthResult.cls","CCrackWidthResult","170","Public","Property Get","CoverA","0","","False","Pending"
"src/Crack/CCrackWidthResult.cls","CCrackWidthResult","174","Public","Property Get","TensionDepth","0","","False","Pending"
"src/Crack/CCrackWidthResult.cls","CCrackWidthResult","178","Public","Property Get","EffectiveZoneDepth","0","","False","Pending"
"src/Crack/CCrackWidthResult.cls","CCrackWidthResult","182","Public","Property Get","CentralTensionBranch","0","","False","Pending"
"src/Crack/CCrackWidthResult.cls","CCrackWidthResult","186","Public","Property Get","StopReason","0","","False","Pending"
"src/Crack/CCrackWidthResult.cls","CCrackWidthResult","190","Public","Property Get","DiagnosticLog","0","","False","Pending"
"src/Crack/CCrackWidthResult.cls","CCrackWidthResult","196","Public","Property Get","ReserveFactor","2","Возвращает запас только завершенной проверки с ненулевой шириной. Неприменимый или заблокированный расчет не получает вымышленный запас.","False","Pending"
"src/Crack/CCrackWidthResult.cls","CCrackWidthResult","206","Private","Sub","ResetData","2","Сбрасывает численный снимок, чтобы повторная инициализация без calculator-а не оставляла ширину, коэффициенты и выбранные стержни прошлого сочетания.","False","Pending"
"src/Crack/CCrackWidthResult.cls","CCrackWidthResult","236","Friend","Sub","Freeze","3","Завершает жизненный цикл заполнения перед передачей snapshot потребителю. Повторный вызов безопасен; общие ссылки на named-state остаются теми же, но их fill/reset API больше не могут изменить опубликованный результат.","False","Pending"
"src/Crack/CCrackWidthResult.cls","CCrackWidthResult","243","Private","Sub","AssertWritable","2","Явно отклоняет изменение уже выданного результата вместо тихой порчи снимка. Для повторного расчета workflow создает новый объект, сохраняя прежние ссылки.","False","Pending"
"src/Crack/CLongitudinalCrackCalculator.cls","CLongitudinalCrackCalculator","25","Public","Function","Calculate","1","Выполняет проверку продольных трещин по сохраненному named-state CrackedState.","False","Pending"
"src/Crack/CLongitudinalCrackCalculator.cls","CLongitudinalCrackCalculator","51","Public","Function","CalculateFromStress","3","Проверяет подготовленное максимальное сжатие без повторного НДС. Числа заданы в МПа; инженерный итог и его причина принадлежат этому calculator-у, а не общей display-policy. Метод также применим к независимой сверке напряжений.","False","Pending"
"src/Crack/CLongitudinalCrackCalculator.cls","CLongitudinalCrackCalculator","79","Private","Function","FormatStress","2","Форматирует напряжение во внутренних единицах для самостоятельного инженерного комментария, не обращаясь к Excel или пользовательской палитре.","False","Pending"
"src/Crack/CLongitudinalCrackCalculator.cls","CLongitudinalCrackCalculator","84","Public","Function","BlockedByDependency","1","Возвращает result продольных трещин для случая, когда обязательное НДС отсутствует.","False","Pending"
"src/Crack/CLongitudinalCrackResult.cls","CLongitudinalCrackResult","27","Private","Sub","Class_Initialize","1","Создает нейтральный not-applicable результат до фактического расчета.","False","Pending"
"src/Crack/CLongitudinalCrackResult.cls","CLongitudinalCrackResult","33","Public","Sub","Initialize","1","Заполняет результат уже выполненной проверки без запуска solver-а.","False","Pending"
"src/Crack/CLongitudinalCrackResult.cls","CLongitudinalCrackResult","48","Public","Property Get","ResultMeta","0","","False","Pending"
"src/Crack/CLongitudinalCrackResult.cls","CLongitudinalCrackResult","53","Public","Property Get","Status","1","Преобразует typed итог проверки в display, не храня вторую строку статуса.","False","Pending"
"src/Crack/CLongitudinalCrackResult.cls","CLongitudinalCrackResult","59","Public","Property Get","MaxCompressionStress","0","","False","Pending"
"src/Crack/CLongitudinalCrackResult.cls","CLongitudinalCrackResult","63","Public","Property Get","RbMc2","0","","False","Pending"
"src/Crack/CLongitudinalCrackResult.cls","CLongitudinalCrackResult","67","Public","Property Get","Utilization","0","","False","Pending"
"src/Crack/CLongitudinalCrackResult.cls","CLongitudinalCrackResult","73","Public","Property Get","ReserveFactor","2","Возвращает запас завершенной проверки сжатого бетона; отсутствие результата или нулевая проверяемая величина не превращаются в бесконечный запас.","False","Pending"
"src/Crack/CLongitudinalCrackResult.cls","CLongitudinalCrackResult","84","Friend","Sub","Freeze","3","Завершает жизненный цикл заполнения перед передачей snapshot потребителю. Повторный вызов безопасен; общие ссылки на named-state остаются теми же, но их fill/reset API больше не могут изменить опубликованный результат.","False","Pending"
"src/Crack/CLongitudinalCrackResult.cls","CLongitudinalCrackResult","91","Private","Sub","AssertWritable","2","Явно отклоняет изменение уже выданного результата вместо тихой порчи снимка. Для повторного расчета workflow создает новый объект, сохраняя прежние ссылки.","False","Pending"
"src/Excel/CAutoCADSectionModelImporter.cls","CAutoCADSectionModelImporter","32","Public","Function","ImportFromActiveDocument","3","Читает активный документ AutoCAD через COM и запускает общий импорт ModelSpace. Метод остается тонкой оболочкой: проверяет доступность AutoCAD, берет слои из Config и не выполняет расчетную интерпретацию сечения.","False","Pending"
"src/Excel/CAutoCADSectionModelImporter.cls","CAutoCADSectionModelImporter","66","Public","Function","ImportFromModelSpace","3","Проходит по ModelSpace и отбирает только Region на пользовательских слоях бетона и арматуры. На выходе возвращает полностью заполненный CSectionModel, пригодный для того же расчетного pipeline, что и встроенные генераторы.","False","Pending"
"src/Excel/CAutoCADSectionModelImporter.cls","CAutoCADSectionModelImporter","93","Private","Sub","AddConcreteRegionEntity","3","Читает один бетонный Region из AutoCAD: площадь, центр тяжести, реальные центральные инерции и, только для почти изотропного случая, подсказку угла по первой прямой грани. Width/Height здесь не восстанавливаются.","False","Pending"
"src/Excel/CAutoCADSectionModelImporter.cls","CAutoCADSectionModelImporter","123","Private","Sub","AddRebarRegionEntity","3","Читает один арматурный Region. Для арматуры программа хранит площадь и эквивалентный круговой диаметр, потому что механика стержня задается As, а визуальная оболочка стержня должна оставаться круглой.","False","Pending"
"src/Excel/CAutoCADSectionModelImporter.cls","CAutoCADSectionModelImporter","138","Private","Sub","AddConcreteRegionArray","3","Тестовый/подготовленный путь импорта бетонных Region из массива значений. Он повторяет контракт живого импорта, но позволяет regression-тестам проверять CSectionModel без запуска AutoCAD.","False","Pending"
"src/Excel/CAutoCADSectionModelImporter.cls","CAutoCADSectionModelImporter","157","Private","Sub","AddRebarRegionArray","2","Тестовый/подготовленный путь импорта арматурных Region из массива значений. Используется только для локальных проверок чтения snapshot-подобных данных.","False","Pending"
"src/Excel/CAutoCADSectionModelImporter.cls","CAutoCADSectionModelImporter","175","Private","Sub","AddConcreteRegion","3","Передает бетонный элемент в CSectionModel, сохраняя реальные A/I отдельно от подсказок геометрической оболочки. Именно CSectionModel решает, будет ли оболочка Rectangle, Equivalent rectangle или Equivalent square.","False","Pending"
"src/Excel/CAutoCADSectionModelImporter.cls","CAutoCADSectionModelImporter","212","Private","Sub","AddRebarRegion","3","Добавляет арматурный Region как расчетный стержень с площадью AutoCAD. Диаметр нужен для схемы и AutoCAD export; расчетная площадь не выводится обратно из диаметра, а берется из исходной площади Region.","False","Pending"
"src/Excel/CAutoCADSectionModelImporter.cls","CAutoCADSectionModelImporter","225","Private","Sub","ReadCentralRegionInertia","4","Приводит инерции AutoCAD Region к центральным локальным характеристикам элемента. Если AutoCAD не отдал пригодные A/I или матрица физически невозможна, значения сбрасываются, а CSectionModel применит последний fallback только для такого элемента.","False","Pending"
"src/Excel/CAutoCADSectionModelImporter.cls","CAutoCADSectionModelImporter","259","Private","Function","BestCentralProductOfInertia","4","Выбирает физически пригодный центральный Ixy из вариантов AutoCAD. В разных версиях COM ProductOfInertia может приходить со знаком или уже в центральном виде, поэтому проверяем несколько кандидатов и оставляем тот, который дает положительно определенную локальную матрицу.","False","Pending"
"src/Excel/CAutoCADSectionModelImporter.cls","CAutoCADSectionModelImporter","298","Private","Sub","TestProductCandidate","3","Кандидат Ixy пригоден, только если вся локальная матрица инерций физически положительно определена. Минимальный по модулю Ixy обычно соответствует центральной системе AutoCAD Region без паразитного переноса.","False","Pending"
"src/Excel/CAutoCADSectionModelImporter.cls","CAutoCADSectionModelImporter","315","Private","Function","TryReadFirstStraightEdgeRotation","3","Для почти изотропного Region тензор инерции не задает направления. В этом единственном случае importer дешево берет угол первой прямой грани: без проверки прямоугольности, без BoundingBox и без анализа всего контура.","False","Pending"
"src/Excel/CAutoCADSectionModelImporter.cls","CAutoCADSectionModelImporter","350","Private","Function","TryReadLineDirection","2","Читает направление одной прямой AutoCAD-линии. Длина нужна только как фильтр от вырожденных сегментов; форму Region по этой линии не выводим.","False","Pending"
"src/Excel/CAutoCADSectionModelImporter.cls","CAutoCADSectionModelImporter","379","Private","Function","IsLineEntity","3","Проверяет, является ли фрагмент Explode простой прямой линией. Это вспомогательная COM-проверка для изотропных Region, где тензор инерции не задает ориентацию оболочки.","False","Pending"
"src/Excel/CAutoCADSectionModelImporter.cls","CAutoCADSectionModelImporter","386","Private","Sub","DeleteExplodedPiecesQuietly","1","Удаляет временные объекты AutoCAD, созданные при разложении копии Region.","False","Pending"
"src/Excel/CAutoCADSectionModelImporter.cls","CAutoCADSectionModelImporter","400","Private","Sub","DeleteAcadObjectQuietly","3","Безопасно удаляет временный AutoCAD-объект. Ошибки удаления намеренно подавляются, чтобы диагностика импорта не ломалась из-за мусорной копии Region или уже удаленного фрагмента Explode.","False","Pending"
"src/Excel/CAutoCADSectionModelImporter.cls","CAutoCADSectionModelImporter","409","Private","Function","HasExplicitRectangleGeometry","3","Проверяет явно переданную прямоугольную оболочку в тестовых/подготовленных массивах. Live AutoCAD import не использует BoundingBox и не попадает сюда с вычисленными Width/Height.","False","Pending"
"src/Excel/CAutoCADSectionModelImporter.cls","CAutoCADSectionModelImporter","423","Private","Function","IsPositiveDefiniteInertia","2","Матрица собственных инерций должна быть положительно определенной, иначе эквивалентный прямоугольник по A/I физически не восстанавливается надежно.","False","Pending"
"src/Excel/CAutoCADSectionModelImporter.cls","CAutoCADSectionModelImporter","432","Private","Function","IsRegionEntity","3","Проверяет тип AutoCAD-сущности по ObjectName. Импорт сознательно работает только с Region, чтобы не смешивать реальные массовые характеристики с произвольной графикой чертежа.","False","Pending"
"src/Excel/CAutoCADSectionModelImporter.cls","CAutoCADSectionModelImporter","440","Private","Function","SameLayer","2","Сравнивает имена слоев без учета регистра и лишних пробелов, чтобы пользовательский ввод Config был устойчив к обычным опечаткам форматирования.","False","Pending"
"src/Excel/CAutoCADSectionModelImporter.cls","CAutoCADSectionModelImporter","446","Private","Function","EntityHandle","2","Возвращает AutoCAD handle исходной сущности для трассировки. Если COM не отдал handle, импорт продолжается без него.","False","Pending"
"src/Excel/CAutoCADSectionModelImporter.cls","CAutoCADSectionModelImporter","453","Private","Sub","ValidateImportedModel","1","Проверяет входные данные и прерывает выполнение понятной ошибкой, если расчетный контракт нарушен.","False","Pending"
"src/Excel/CAutoCADSectionModelImporter.cls","CAutoCADSectionModelImporter","463","Private","Function","HasArrayRows","3","Проверяет, что двумерный Variant действительно содержит хотя бы одну строку. Нужен тестовому импорту из массивов, где пустой массив не должен падать на LBound/UBound до валидации модели.","False","Pending"
"src/Excel/CAutoCADSectionModelImporter.cls","CAutoCADSectionModelImporter","476","Private","Function","OptionalRegionDouble","3","Безопасно читает числовую ячейку подготовленного массива Region. Отсутствующая, пустая или выходящая за границы колонка трактуется как 0, чтобы тестовые массивы могли задавать только нужные поля.","False","Pending"
"src/Excel/CAutoCADSectionModelImporter.cls","CAutoCADSectionModelImporter","490","Private","Function","OptionalRegionString","3","Безопасно читает текстовую ячейку подготовленного массива Region. Отсутствующие поля превращаются в пустую строку, например когда source handle не нужен конкретному regression-тесту.","False","Pending"
"src/Excel/CAutoCADSectionModelImporter.cls","CAutoCADSectionModelImporter","502","Private","Function","InputLength","2","Возвращает AutoCAD-длину во внутренних миллиметрах. Параметр units оставлен в сигнатуре для единообразия, но импорт DWG уже работает в мм по контракту.","False","Pending"
"src/Excel/CAutoCADSectionModelImporter.cls","CAutoCADSectionModelImporter","511","Private","Function","InputArea","2","Возвращает AutoCAD-площадь во внутренних мм2. Пользовательские Input-единицы не должны масштабировать геометрию, считанную из чертежа.","False","Pending"
"src/Excel/CAutoCADSectionModelImporter.cls","CAutoCADSectionModelImporter","518","Private","Function","InputFourthPowerLength","2","Возвращает AutoCAD-момент инерции во внутренних мм4. Это сохраняет координатную совместимость импорта и обратного AutoCAD export.","False","Pending"
"src/Excel/CAutoCADSectionModelImporter.cls","CAutoCADSectionModelImporter","526","Private","Function","Atn2Local","2","Локальная реализация atan2 для VBA. Нужна, чтобы получить устойчивый угол прямой грани во всех квадрантах без зависимости от внешних библиотек.","False","Pending"
"src/Excel/CAutoCADSectionModelImporter.cls","CAutoCADSectionModelImporter","556","Public","Function","BuildFromRegionArrays","3","ДЛЯ ТЕСТОВ Создает импортированную модель по двум массивам Region и прогоняет ту же валидацию, что живой импорт из ModelSpace.","False","Pending"
"src/Excel/CAutoCADSectionModelImporter.cls","CAutoCADSectionModelImporter","574","Public","Property Get","DebugEdgeProbeCount","3","ДЛЯ ТЕСТОВ Возвращает число обращений к Explode за направлением простой грани. Производственный расчет это значение не использует.","False","Pending"
"src/Excel/CBatchResultWriter.cls","CBatchResultWriter","67","Public","Function","RequiredSummaryRows","1","Возвращает высоту основной таблицы Summary для фактического количества LC.","False","Pending"
"src/Excel/CBatchResultWriter.cls","CBatchResultWriter","77","Public","Function","RequiredDataRowsForWorkbook","3","Возвращает число строк LC по высоте rngLoadCombinations. Это нужно для пустой сетки summary: пользователь видит все доступные строки сочетаний, даже если часть из них сейчас не заполнена.","False","Pending"
"src/Excel/CBatchResultWriter.cls","CBatchResultWriter","94","Public","Function","RequiredSummaryRowsForWorkbook","1","Возвращает высоту summary для фактической книги с учетом доступных строк rngLoadCombinations.","False","Pending"
"src/Excel/CBatchResultWriter.cls","CBatchResultWriter","99","Public","Function","RequiredSummaryColumns","1","Возвращает ширину собственно rngBatchSummary.","False","Pending"
"src/Excel/CBatchResultWriter.cls","CBatchResultWriter","104","Public","Function","RequiredSummaryOutputColumns","1","Возвращает полную ширину, которую writer затрагивает на Results.","False","Pending"
"src/Excel/CBatchResultWriter.cls","CBatchResultWriter","109","Public","Function","RequiredSummaryOutputRows","1","Возвращает полную высоту, которую занимает компактная сводка.","False","Pending"
"src/Excel/CBatchResultWriter.cls","CBatchResultWriter","114","Public","Function","RequiredSummaryOutputRowsForWorkbook","1","Возвращает полную высоту summary для проверки раскладки Results в фактической книге.","False","Pending"
"src/Excel/CBatchResultWriter.cls","CBatchResultWriter","122","Public","Sub","WriteSummary","4","Записывает rngBatchSummary одним массивом и оформляет блоки. section нужен для геометрических величин h/x: в блоке деформаций они относятся к фактическому LC, а в блоке предельного момента - только к найденному capacity-состоянию. Если section не передан, эти поля пустые.","False","Pending"
"src/Excel/CBatchResultWriter.cls","CBatchResultWriter","179","Public","Sub","ClearSummary","1","Очищает текущую сводку перед новым расчетом или ручной очисткой Results.","False","Pending"
"src/Excel/CBatchResultWriter.cls","CBatchResultWriter","190","Public","Sub","UpdateElapsedSeconds","3","Обновляет итоговое время уже после завершения записи Results и схемы. Сводка формируется перед детальным Results, потому что Plot.LoadCase = Worst читает из нее определяющее сочетание; поэтому общий elapsed time дозаписывается в конце.","False","Pending"
"src/Excel/CBatchResultWriter.cls","CBatchResultWriter","199","Private","Function","SummaryTargetRange","1","Возвращает область rngBatchSummary нужного размера и сразу проверяет, хватает ли листа Results.","False","Pending"
"src/Excel/CBatchResultWriter.cls","CBatchResultWriter","213","Private","Function","SummaryClearRange","2","Возвращает область безопасной очистки Summary до шапки следующего блока. Так старые строки от большего числа LC не остаются после уменьшения rngLoadCombinations.","False","Pending"
"src/Excel/CBatchResultWriter.cls","CBatchResultWriter","238","Private","Sub","PrepareSummaryTarget","4","Снимает объединения и очищает текущую сводку до блочной записи массива. Это важно при повторном расчете: предыдущий запуск объединяет строки заголовков, и Excel не позволяет записывать двумерный массив поверх частично объединенного диапазона.","False","Pending"
"src/Excel/CBatchResultWriter.cls","CBatchResultWriter","243","Private","Sub","ClearSummaryBody","1","Полностью очищает область summary, включая старые объединения и форматы.","False","Pending"
"src/Excel/CBatchResultWriter.cls","CBatchResultWriter","249","Private","Sub","WriteSummaryBody","1","Записывает уже подготовленный двумерный массив в Excel одним присваиванием.","False","Pending"
"src/Excel/CBatchResultWriter.cls","CBatchResultWriter","254","Private","Sub","WriteStabilitySummary","1","Обновляет отдельную детальную таблицу устойчивости рядом с расчетным snapshot.","False","Pending"
"src/Excel/CBatchResultWriter.cls","CBatchResultWriter","261","Private","Sub","WriteStrengthSummary","1","Обновляет отдельную детальную таблицу НДС и capacity по модели прочности.","False","Pending"
"src/Excel/CBatchResultWriter.cls","CBatchResultWriter","269","Private","Sub","WriteCrackSummary","1","Обновляет отдельную детальную таблицу нормальных и продольных трещин.","False","Pending"
"src/Excel/CBatchResultWriter.cls","CBatchResultWriter","276","Private","Sub","ClearStrengthSummary","1","Очищает отдельный блок прочности при общей очистке Results.","False","Pending"
"src/Excel/CBatchResultWriter.cls","CBatchResultWriter","283","Private","Sub","ClearStabilitySummary","1","Очищает отдельный блок устойчивости при общей очистке Results.","False","Pending"
"src/Excel/CBatchResultWriter.cls","CBatchResultWriter","290","Private","Sub","ClearCrackSummary","1","Очищает отдельный блок трещин при общей очистке Results.","False","Pending"
"src/Excel/CBatchResultWriter.cls","CBatchResultWriter","298","Private","Sub","PutMetaRows","2","Заполняет четыре верхние строки summary: worst-сочетание, комментарий, число вызовов CSectionSolver и общее время расчета.","False","Pending"
"src/Excel/CBatchResultWriter.cls","CBatchResultWriter","311","Private","Sub","PutGroupHeaders","2","Заполняет верхний уровень шапки compact summary: статусы и коэффициенты запаса как два независимых смысловых блока.","False","Pending"
"src/Excel/CBatchResultWriter.cls","CBatchResultWriter","317","Private","Sub","PutSubgroupHeaders","1","Заполняет второй уровень шапки: прочность, трещины и устойчивость.","False","Pending"
"src/Excel/CBatchResultWriter.cls","CBatchResultWriter","329","Private","Sub","PutColumnHeaders","1","Заполняет строки обозначений и комментариев к каждому столбцу summary.","False","Pending"
"src/Excel/CBatchResultWriter.cls","CBatchResultWriter","377","Private","Sub","PutStabilityColumnHeaders","3","Заполняет трехстрочную часть шапки для устойчивости: плоскость, ветвь и проверяемый коэффициент запаса. Для СП35 eta-ветви показывается именно пользовательский лимит N/Ncr, а не условное обозначение k.","False","Pending"
"src/Excel/CBatchResultWriter.cls","CBatchResultWriter","400","Private","Sub","PutWorstRow","4","Заполняет строку ""worst LC"" отдельно по каждой проверке. В левом блоке выводится номер сочетания, где запас минимален, а в правом блоке - сам этот минимальный запас. Так сводка сразу показывает, какое LC управляет каждой конкретной проверкой.","False","Pending"
"src/Excel/CBatchResultWriter.cls","CBatchResultWriter","419","Private","Sub","PutWorstCheck","2","Выбирает худшее LC для одного столбца проверки по минимальному положительному запасу. Неприменимые ветви и пустые запасы не участвуют в выборе.","False","Pending"
"src/Excel/CBatchResultWriter.cls","CBatchResultWriter","444","Private","Sub","PutCombination","3","Записывает одну строку сочетания в compact summary. Все статусы идут через CResultStatusPolicy, а коэффициенты берутся из подробных расчетных результатов batch, чтобы summary совпадала с детальными таблицами ниже.","False","Pending"
"src/Excel/CBatchResultWriter.cls","CBatchResultWriter","485","Private","Function","OutputDataOffset","2","Возвращает строку данных Results, соответствующую строке LC в rngLoadCombinations. Если batch был создан старым тестовым кодом без source-offset, writer сохраняет прежнюю компактную раскладку.","False","Pending"
"src/Excel/CBatchResultWriter.cls","CBatchResultWriter","494","Private","Function","SummaryReserveByKey","2","Возвращает запас для одного столбца компактной сводки. Для устойчивости ключ задает одновременно СП, главную плоскость и расчетную ветвь.","False","Pending"
"src/Excel/CBatchResultWriter.cls","CBatchResultWriter","522","Private","Sub","PutStabilityBranchStatus","2","Записывает статус одной плоскости/ветви устойчивости или N/A, если эта ветвь для текущего LC не применялась.","False","Pending"
"src/Excel/CBatchResultWriter.cls","CBatchResultWriter","538","Private","Function","StabilityBranchReserve","1","Возвращает расчетный запас одной плоскости/ветви устойчивости.","False","Pending"
"src/Excel/CBatchResultWriter.cls","CBatchResultWriter","550","Private","Function","StabilityBranchApplies","2","Проверяет, относится ли расчет устойчивости LC к конкретному столбцу compact summary: СП 35/СП 63, номер плоскости и ветвь table/eta.","False","Pending"
"src/Excel/CBatchResultWriter.cls","CBatchResultWriter","574","Private","Function","StabilityPlanePassed","1","Возвращает PASS/FAIL признак для одной плоскости устойчивости.","False","Pending"
"src/Excel/CBatchResultWriter.cls","CBatchResultWriter","584","Private","Sub","PutStatusCell","1","Записывает статус проверки или N/A, если расчетная ветка не была включена профилем.","False","Pending"
"src/Excel/CBatchResultWriter.cls","CBatchResultWriter","595","Private","Function","MetaStatus","2","Возвращает display только через общую policy. Отсутствие обязательной meta является CalcErr, а не поводом угадывать статус по другому результату.","False","Pending"
"src/Excel/CBatchResultWriter.cls","CBatchResultWriter","600","Private","Function","MetaComment","1","Возвращает пользовательское пояснение из typed-meta без анализа StopReason в writer-е.","False","Pending"
"src/Excel/CBatchResultWriter.cls","CBatchResultWriter","606","Private","Sub","PutReserveCell","1","Записывает только положительные расчетные коэффициенты запаса.","False","Pending"
"src/Excel/CBatchResultWriter.cls","CBatchResultWriter","613","Private","Sub","FormatSummary","2","Применяет визуальное оформление compact summary: объединения, серые шапки, статусную палитру, единые шрифты и рамки.","False","Pending"
"src/Excel/CBatchResultWriter.cls","CBatchResultWriter","711","Private","Sub","WriteStatusLegend","3","Пишет справа от rngBatchSummary небольшой словарь пользовательских статусов. Положение считается от якоря summary, поэтому при переносе rngBatchSummary поясняющий блок переезжает вместе с основной сводкой.","False","Pending"
"src/Excel/CBatchResultWriter.cls","CBatchResultWriter","761","Private","Sub","MergeSummaryHeader","1","Объединяет горизонтальный заголовок одной строки.","False","Pending"
"src/Excel/CBatchResultWriter.cls","CBatchResultWriter","769","Private","Sub","MergeSummaryBlock","1","Объединяет прямоугольный блок шапки summary.","False","Pending"
"src/Excel/CBatchResultWriter.cls","CBatchResultWriter","778","Private","Sub","MergeColumnLabels","1","Объединяет вертикальные ячейки обозначений в шапке для группы соседних столбцов.","False","Pending"
"src/Excel/CBatchResultWriter.cls","CBatchResultWriter","787","Private","Sub","ApplySummaryBorders","1","Наносит стандартные черные рамки для компактных блоков Results.","False","Pending"
"src/Excel/CBatchResultWriter.cls","CBatchResultWriter","794","Private","Sub","FormatStatusCells","1","Красит статусные ячейки compact summary по единой палитре OK/FAIL/BaseFail/NumFail/InputErr/CalcErr/N/A.","False","Pending"
"src/Excel/CBatchResultWriter.cls","CBatchResultWriter","817","Private","Sub","ApplyStatusCell","1","Красит одну статусную ячейку строки LC, не затрагивая соседние коэффициенты запаса.","False","Pending"
"src/Excel/CBatchResultWriter.cls","CBatchResultWriter","825","Private","Function","StatusPolicy","1","Возвращает общий объект политики статусов для writer-а.","False","Pending"
"src/Excel/CBatchResultWriter.cls","CBatchResultWriter","832","Private","Function","FormatCoefficientInvariant","1","Формирует коэффициент в заголовке с точкой как десятичным разделителем.","False","Pending"
"src/Excel/CBatchResultWriter.cls","CBatchResultWriter","837","Private","Function","SP35EtaReserveLabel","1","Возвращает подпись запаса для eta-ветви СП35 с фактическим лимитом из Config.","False","Pending"
"src/Excel/CBatchResultWriter.cls","CBatchResultWriter","847","Private","Function","MaxLong","1","Утилитарный максимум для размеров диапазонов Results.","False","Pending"
"src/Excel/CCrackSummaryWriter.cls","CCrackSummaryWriter","90","Public","Function","HeaderRowsAboveAnchor","1","Возвращает число строк шапки, расположенных выше rngCrackSummaryAnchor.","False","Pending"
"src/Excel/CCrackSummaryWriter.cls","CCrackSummaryWriter","95","Public","Function","RequiredRows","1","Возвращает полную высоту блока трещин с учетом шапки и строк сочетаний.","False","Pending"
"src/Excel/CCrackSummaryWriter.cls","CCrackSummaryWriter","102","Public","Function","RequiredDataRowsForWorkbook","2","Возвращает число строк данных, которое нужно оформить по текущему диапазону сочетаний. Пустые доступные строки тоже получают рамки, как в batch summary.","False","Pending"
"src/Excel/CCrackSummaryWriter.cls","CCrackSummaryWriter","119","Public","Function","RequiredRowsForWorkbook","1","Возвращает полную высоту блока для фактической книги.","False","Pending"
"src/Excel/CCrackSummaryWriter.cls","CCrackSummaryWriter","124","Public","Function","RequiredColumns","1","Возвращает ширину блока вместе с пустым разделительным столбцом.","False","Pending"
"src/Excel/CCrackSummaryWriter.cls","CCrackSummaryWriter","129","Public","Sub","WriteSummary","1","Записывает детальную таблицу трещин от rngCrackSummaryAnchor.","False","Pending"
"src/Excel/CCrackSummaryWriter.cls","CCrackSummaryWriter","149","Public","Sub","ClearSummary","1","Полностью очищает старый блок трещин вместе с объединениями и форматами.","False","Pending"
"src/Excel/CCrackSummaryWriter.cls","CCrackSummaryWriter","155","Private","Function","TargetRange","1","Возвращает полный диапазон текущей таблицы: шапка над якорем и строки LC.","False","Pending"
"src/Excel/CCrackSummaryWriter.cls","CCrackSummaryWriter","164","Private","Function","ClearTargetRange","1","Возвращает диапазон безопасной очистки до следующего нижнего блока Results.","False","Pending"
"src/Excel/CCrackSummaryWriter.cls","CCrackSummaryWriter","190","Private","Sub","PrepareTarget","1","Снимает старые объединения и очищает значения/форматы перед новой записью.","False","Pending"
"src/Excel/CCrackSummaryWriter.cls","CCrackSummaryWriter","197","Private","Sub","WriteBlockTitle","1","Записывает отдельную строку-название над detailed-блоком трещин.","False","Pending"
"src/Excel/CCrackSummaryWriter.cls","CCrackSummaryWriter","217","Private","Sub","ClearBlockTitleRow","1","Очищает старую строку-название, чтобы при переносе якоря не оставались старые форматы.","False","Pending"
"src/Excel/CCrackSummaryWriter.cls","CCrackSummaryWriter","224","Private","Sub","WriteHeaders","1","Записывает многоуровневую шапку таблицы.","False","Pending"
"src/Excel/CCrackSummaryWriter.cls","CCrackSummaryWriter","254","Private","Sub","PutHeaderNotes","1","Заполняет строку пояснений над нижним ярусом заголовков.","False","Pending"
"src/Excel/CCrackSummaryWriter.cls","CCrackSummaryWriter","304","Private","Sub","PutColumnLabels","1","Заполняет нижний ярус заголовков с единицами пользователя.","False","Pending"
"src/Excel/CCrackSummaryWriter.cls","CCrackSummaryWriter","353","Private","Sub","MergeHeaders","1","Объединяет ячейки многоуровневой шапки.","False","Pending"
"src/Excel/CCrackSummaryWriter.cls","CCrackSummaryWriter","374","Private","Sub","WriteData","1","Записывает строки сочетаний одним массивом.","False","Pending"
"src/Excel/CCrackSummaryWriter.cls","CCrackSummaryWriter","390","Private","Sub","PutCombination","1","Заполняет одну строку сочетания фактически рассчитанными величинами трещин.","False","Pending"
"src/Excel/CCrackSummaryWriter.cls","CCrackSummaryWriter","421","Private","Function","OutputDataOffset","3","Записывает данные проверки стадии образования нормальной трещины. Возвращает позицию LC внутри data-части подробной таблицы. Основной поток читает offset из rngLoadCombinations; прямые тесты без offset продолжают выводиться компактно.","False","Pending"
"src/Excel/CCrackSummaryWriter.cls","CCrackSummaryWriter","431","Private","Sub","PutFormationData","3","Выводит доступные результаты образования трещины и статусы Pre/Post НДС. При отсутствии точки не создает нулевые Ncrc/Mcrc; общий исход берется из Formation result, а не восстанавливается из чисел writer-ом.","False","Pending"
"src/Excel/CCrackSummaryWriter.cls","CCrackSummaryWriter","479","Private","Function","NamedStateStatus","2","Возвращает статус сохраненного named-state. Если состояние штатно не создавалось, detailed-таблица показывает N/A, а не общий статус всей проверки трещин.","False","Pending"
"src/Excel/CCrackSummaryWriter.cls","CCrackSummaryWriter","492","Private","Function","HasCrackFormationData","2","Определяет наличие ненулевых сохраненных усилий пороговой точки для вывода. Это доступность числовых полей, не отдельная проверка сходимости или физики.","False","Pending"
"src/Excel/CCrackSummaryWriter.cls","CCrackSummaryWriter","507","Private","Sub","PutCrackedStateData","9","Записывает контроль пригодности текущего CrackedState для дальнейшего расчета трещин. Это не проверка факта образования нормальной трещины: трещинообразование уже проверено отдельным блоком Mcrc/Ncrc. Здесь фиксируется, удалось ли найти равновесное НДС полного заданного сочетания по модели раскрытой трещины и осталось ли это состояние в физической части диаграмм материалов. Если равновесие найдено только через продолжение диаграммы или solver не сошелся, значения ls, sigma_s, a_crc и проверка продольных трещин не рассчитываются, потому что опираться на такое НДС как на физическое состояние сечения нельзя.","False","Pending"
"src/Excel/CCrackSummaryWriter.cls","CCrackSummaryWriter","525","Private","Function","ExtensionUsedText","3","Показывает, использовало ли текущее CrackedState продолжение диаграммы. Значение ""-"" означает, что General.DiagramExtension был выключен для этого LC, поэтому extension в принципе не мог применяться.","False","Pending"
"src/Excel/CCrackSummaryWriter.cls","CCrackSummaryWriter","539","Private","Function","CrackedStateAllowsCrackChecks","3","Разрешает вывод подготовленных формульных данных только при физическом сошедшемся CrackedState. При отказе зависимости downstream-ячейки остаются N/A; собственный расчет ширины/продольных трещин здесь не выполняется.","False","Pending"
"src/Excel/CCrackSummaryWriter.cls","CCrackSummaryWriter","552","Private","Sub","PutCrackWidthData","1","Записывает ширину раскрытия нормальных трещин и величины ее формулы.","False","Pending"
"src/Excel/CCrackSummaryWriter.cls","CCrackSummaryWriter","598","Private","Sub","PutLongitudinalData","1","Записывает проверку продольных трещин по сжатому бетону.","False","Pending"
"src/Excel/CCrackSummaryWriter.cls","CCrackSummaryWriter","619","Private","Sub","FormatTable","1","Оформляет шапки, границы, числовые форматы и подсветку статусов.","False","Pending"
"src/Excel/CCrackSummaryWriter.cls","CCrackSummaryWriter","660","Private","Sub","SetColumnWidths","1","Задает одинаковую стандартную ширину всем столбцам блока Results.","False","Pending"
"src/Excel/CCrackSummaryWriter.cls","CCrackSummaryWriter","665","Private","Sub","FormatBlock","1","Оформляет один непрерывный блок таблицы, не затрагивая пустые разделители.","False","Pending"
"src/Excel/CCrackSummaryWriter.cls","CCrackSummaryWriter","675","Private","Sub","ApplyStatusCells","1","Красит блоки строки по статусу общей проверки, нормальных и продольных трещин.","False","Pending"
"src/Excel/CCrackSummaryWriter.cls","CCrackSummaryWriter","692","Private","Sub","ApplyStatusCell","1","Красит одну статусную ячейку detailed-блока, оставляя числовые поля без статусной заливки.","False","Pending"
"src/Excel/CCrackSummaryWriter.cls","CCrackSummaryWriter","699","Private","Sub","ApplyHeaderSubscripts","1","Выставляет нижние индексы в обозначениях нижнего яруса заголовков.","False","Pending"
"src/Excel/CCrackSummaryWriter.cls","CCrackSummaryWriter","746","Private","Sub","ApplySubscriptToken","1","Ставит нижний индекс найденному текстовому токену внутри одной ячейки.","False","Pending"
"src/Excel/CCrackSummaryWriter.cls","CCrackSummaryWriter","758","Private","Function","CrackFormationStatusText","1","Возвращает внешний статус поиска образования нормальной трещины.","False","Pending"
"src/Excel/CCrackSummaryWriter.cls","CCrackSummaryWriter","766","Private","Function","CrackCurrentStateStatusText","1","Возвращает внешний статус прямого CrackedState от заданного сочетания.","False","Pending"
"src/Excel/CCrackSummaryWriter.cls","CCrackSummaryWriter","774","Private","Function","CrackWidthStatusText","1","Возвращает внешний статус формульной проверки ширины нормальной трещины.","False","Pending"
"src/Excel/CCrackSummaryWriter.cls","CCrackSummaryWriter","782","Private","Function","LongitudinalStatusText","1","Возвращает внешний статус проверки продольных трещин.","False","Pending"
"src/Excel/CCrackSummaryWriter.cls","CCrackSummaryWriter","791","Private","Function","MetaComment","2","Возвращает готовое пользовательское пояснение из ResultMeta блока. Writer не анализирует технические StopReason и не собирает комментарий заново.","False","Pending"
"src/Excel/CCrackSummaryWriter.cls","CCrackSummaryWriter","797","Private","Function","OptionalStress","1","Возвращает напряжение или N/A для величин, которые расчетно могут отсутствовать.","False","Pending"
"src/Excel/CCrackSummaryWriter.cls","CCrackSummaryWriter","806","Private","Sub","MergeRange","1","Объединяет прямоугольный участок шапки.","False","Pending"
"src/Excel/CCrackSummaryWriter.cls","CCrackSummaryWriter","814","Private","Function","OutputLength","2","Ниже собраны маленькие адаптеры единиц для crack-блока: они оставляют внутренние единицы, если CUnitSystem не передан, и применяют пользовательские выходные единицы в штатном расчете.","False","Pending"
"src/Excel/CCrackSummaryWriter.cls","CCrackSummaryWriter","819","Private","Function","OutputLengthUnit","1","Возвращает подпись выходной единицы длины для заголовков crack-таблицы.","False","Pending"
"src/Excel/CCrackSummaryWriter.cls","CCrackSummaryWriter","824","Private","Function","OutputArea","1","Переводит площадь из внутренних мм2 в выбранную пользователем единицу площади.","False","Pending"
"src/Excel/CCrackSummaryWriter.cls","CCrackSummaryWriter","829","Private","Function","OutputAreaUnit","1","Возвращает подпись выходной единицы площади для заголовков crack-таблицы.","False","Pending"
"src/Excel/CCrackSummaryWriter.cls","CCrackSummaryWriter","834","Private","Function","OutputForce","1","Переводит продольную силу из внутренних Н в пользовательскую выходную систему знаков и единиц.","False","Pending"
"src/Excel/CCrackSummaryWriter.cls","CCrackSummaryWriter","839","Private","Function","OutputForceUnit","1","Возвращает подпись выходной единицы силы для заголовков crack-таблицы.","False","Pending"
"src/Excel/CCrackSummaryWriter.cls","CCrackSummaryWriter","844","Private","Function","OutputMx","1","Переводит момент Mx с учетом пользовательской системы знаков.","False","Pending"
"src/Excel/CCrackSummaryWriter.cls","CCrackSummaryWriter","849","Private","Function","OutputMy","1","Переводит момент My с учетом пользовательской системы знаков.","False","Pending"
"src/Excel/CCrackSummaryWriter.cls","CCrackSummaryWriter","854","Private","Function","OutputMomentMagnitude","1","Переводит модуль момента; знак здесь не применяется, потому что величина скалярная.","False","Pending"
"src/Excel/CCrackSummaryWriter.cls","CCrackSummaryWriter","859","Private","Function","OutputMomentUnit","1","Возвращает подпись выходной единицы момента для заголовков crack-таблицы.","False","Pending"
"src/Excel/CCrackSummaryWriter.cls","CCrackSummaryWriter","864","Private","Function","OutputStress","1","Переводит напряжение из внутренних МПа в пользовательскую выходную единицу.","False","Pending"
"src/Excel/CCrackSummaryWriter.cls","CCrackSummaryWriter","869","Private","Function","OutputStressUnit","1","Возвращает подпись выходной единицы напряжения для заголовков crack-таблицы.","False","Pending"
"src/Excel/CCrackSummaryWriter.cls","CCrackSummaryWriter","874","Private","Function","StatusPolicy","1","Возвращает единый словарь статусов для подробного crack-блока.","False","Pending"
"src/Excel/CExcelAppStateGuard.cls","CExcelAppStateGuard","30","Public","Sub","Enter","4","Включает быстрый режим для переданного Excel.Application. Метод сохраняет исходные настройки до первого изменения, чтобы Restore мог вернуть пользователю ровно то состояние Excel, которое было до запуска расчета NDM.","False","Pending"
"src/Excel/CExcelAppStateGuard.cls","CExcelAppStateGuard","53","Public","Sub","Restore","4","Возвращает Excel.Application в состояние, которое было перед Enter. Восстановление сделано максимально терпимым к ошибкам COM: если Excel уже закрывается или недоступен, guard не должен маскировать исходную ошибку расчета новой ошибкой восстановления интерфейса.","False","Pending"
"src/Excel/CExcelAppStateGuard.cls","CExcelAppStateGuard","75","Private","Sub","Class_Terminate","4","Подстраховка на случай неожиданного выхода из процедуры. Основной код все равно вызывает Restore явно, но деструктор помогает не оставить Excel в ручном пересчете или с выключенными событиями при нестандартном завершении объекта.","False","Pending"
"src/Excel/CExecutionReport.cls","CExecutionReport","35","Public","Sub","Initialize","2","Готовит объект к работе по настройке General.ExecutionReportEnabled. Если флаг выключен, остальные методы остаются безопасными пустыми операциями.","False","Pending"
"src/Excel/CExecutionReport.cls","CExecutionReport","61","Public","Sub","AddSection","2","Добавляет визуальный раздел, чтобы txt-файл читался как небольшой протокол, а не как сплошной поток строк.","False","Pending"
"src/Excel/CExecutionReport.cls","CExecutionReport","70","Public","Sub","AddStep","1","Записывает обычный шаг выполнения с отметкой времени от начала запуска.","False","Pending"
"src/Excel/CExecutionReport.cls","CExecutionReport","77","Public","Sub","AddValue","2","Записывает пару ""параметр - значение"". Метод удобен для краткой фиксации исходных режимов, числа элементов и итоговых статусов.","False","Pending"
"src/Excel/CExecutionReport.cls","CExecutionReport","86","Public","Sub","AddBlock","4","Добавляет многострочный диагностический блок, например журнал итераций CSectionSolver или одномерного поиска несущей способности. Метод не анализирует текст журнала: он только аккуратно вкладывает готовую трассировку в общий отчет запуска.","False","Pending"
"src/Excel/CExecutionReport.cls","CExecutionReport","96","Public","Sub","AddError","2","Фиксирует ошибку перед сохранением отчета. Ошибка не подавляется: вызывающий код по-прежнему показывает пользователю обычное сообщение Excel.","False","Pending"
"src/Excel/CExecutionReport.cls","CExecutionReport","104","Public","Sub","Save","2","Записывает накопленный отчет в txt-файл. Файл последнего запуска намеренно перезаписывается, чтобы в папке книги не копились устаревшие протоколы.","False","Pending"
"src/Excel/CExecutionReport.cls","CExecutionReport","125","Public","Property Get","Enabled","2","Сообщает вызывающему коду, нужно ли дописывать путь к отчету в итоговое пользовательское сообщение.","False","Pending"
"src/Excel/CExecutionReport.cls","CExecutionReport","130","Public","Property Get","FilePath","1","Полный путь к последнему отчету.","False","Pending"
"src/Excel/CExecutionReport.cls","CExecutionReport","135","Private","Sub","AddRawLine","1","Добавляет строку без форматирования во внутренний буфер отчета.","False","Pending"
"src/Excel/CExecutionReport.cls","CExecutionReport","141","Private","Function","JoinLines","1","Собирает коллекцию строк в один текст с Windows-переносами строк.","False","Pending"
"src/Excel/CExecutionReport.cls","CExecutionReport","153","Private","Function","TimePrefix","1","Возвращает префикс вида [0.123 с] для строк пошагового отчета.","False","Pending"
"src/Excel/CExecutionReport.cls","CExecutionReport","158","Private","Function","ElapsedSeconds","1","Считает прошедшее время с учетом перехода Timer через полночь.","False","Pending"
"src/Excel/CExecutionReport.cls","CExecutionReport","164","Private","Function","WorkbookFolder","1","Возвращает папку книги или текущую папку, если книга еще не сохранена.","False","Pending"
"src/Excel/CExecutionReport.cls","CExecutionReport","170","Private","Function","SafeWorkbookName","1","Безопасно читает имя книги для отчета выполнения.","False","Pending"
"src/Excel/CExecutionReport.cls","CExecutionReport","180","Public","Property Set","UnitSystem","2","Подключает централизованный адаптер единиц для форматирования отчета. Это не меняет численные результаты и не включает запись отчета.","False","Pending"
"src/Excel/CExecutionReport.cls","CExecutionReport","185","Private","Function","FormatNumberInvariant","1","Форматирует число независимо от регионального десятичного разделителя.","False","Pending"
"src/Excel/CExecutionReport.cls","CExecutionReport","191","Public","Sub","AddDiagnosticBlock","2","Добавляет человекочитаемую диагностику, сохраняя сырой журнал в result. Только presentation-слой сжимает повторяющиеся строки и переводит подписи.","False","Pending"
"src/Excel/CExecutionReport.cls","CExecutionReport","198","Public","Function","FormatLength","2","Форматирует длину для execution_report в той же выходной единице, что и табличный Results. Внутри batch все еще хранит миллиметры.","False","Pending"
"src/Excel/CExecutionReport.cls","CExecutionReport","207","Public","Function","FormatArea","1","Форматирует площадь в пользовательской выходной единице площади.","False","Pending"
"src/Excel/CExecutionReport.cls","CExecutionReport","216","Public","Function","FormatForce","1","Форматирует обычную знаковую продольную силу N с учетом Output.SignConvention.N.","False","Pending"
"src/Excel/CExecutionReport.cls","CExecutionReport","227","Public","Function","FormatCompressionForce","3","Форматирует положительную величину сжимающей силы, например Ncr или Nult. Внутренний знак восстанавливается как сжатие, чтобы пользователь видел тот же знак, что в таблице устойчивости.","False","Pending"
"src/Excel/CExecutionReport.cls","CExecutionReport","238","Public","Function","FormatSignedCompressionForce","2","Форматирует уже подписанную сжимающую силу, где положительное значение означает сжатие в локальной нормативной формуле устойчивости.","False","Pending"
"src/Excel/CExecutionReport.cls","CExecutionReport","248","Public","Function","FormatMx","1","Форматирует Mx с пользовательским знаком Output.SignConvention.Mx.","False","Pending"
"src/Excel/CExecutionReport.cls","CExecutionReport","257","Public","Function","FormatMy","1","Форматирует My с пользовательским знаком Output.SignConvention.My.","False","Pending"
"src/Excel/CExecutionReport.cls","CExecutionReport","267","Public","Function","FormatMomentMagnitude","2","Форматирует скалярный момент без смены знака: используется для M1/M2, Mxy,crc и других величин, где в отчете нужен модуль, а не глобальный Mx/My.","False","Pending"
"src/Excel/CExecutionReport.cls","CExecutionReport","277","Public","Function","FormatStress","1","Форматирует напряжение/модуль в пользовательской выходной единице напряжений.","False","Pending"
"src/Excel/CExecutionReport.cls","CExecutionReport","287","Public","Function","FormatStiffness","2","Форматирует жесткость D устойчивости. Размерность задается как сила*длина2 и использует ту же пару output-единиц силы и длины, что Results.","False","Pending"
"src/Excel/CExecutionReport.cls","CExecutionReport","297","Public","Function","YesNoRu","1","Единая короткая русская запись булевых значений для отчета.","False","Pending"
"src/Excel/CExecutionReport.cls","CExecutionReport","306","Public","Function","StabilityCodeDisplayName","1","Русское название нормативного блока устойчивости для txt-отчета.","False","Pending"
"src/Excel/CExecutionReport.cls","CExecutionReport","319","Public","Function","StabilityBranchDisplayName","2","Русское описание внутренней ветви устойчивости. Расчетные идентификаторы остаются в коде, но отчет должен читаться без знания этих имен.","False","Pending"
"src/Excel/CExecutionReport.cls","CExecutionReport","337","Public","Function","StabilityPassDisplayName","1","Делает PASS/FAIL в отчете понятным русским текстом.","False","Pending"
"src/Excel/CExecutionReport.cls","CExecutionReport","349","Private","Function","HumanReadableReportBlock","4","Преобразует низкоуровневую диагностику solver-ов в форму, пригодную для пользовательского txt-отчета. Внутренние DiagnosticLog остаются подробными и машинно-проверяемыми, но отчет не должен забиваться сотнями строк initialGuess/lambda_crc_iter без пояснений.","False","Pending"
"src/Excel/CExecutionReport.cls","CExecutionReport","372","Private","Function","CompactCrackDiagnosticText","3","Приводит подробный журнал трещин к читаемому виду: смысловые строки и итерации lambda_crc оставляет по порядку, а повторяющиеся warm-start сообщения заменяет короткой сводкой.","False","Pending"
"src/Excel/CExecutionReport.cls","CExecutionReport","403","Private","Function","CompactStateSolutionDiagnosticText","2","Сжимает diagnostic CStateSolutionRunner. Особенно важно убрать десятки одинаковых warm-start строк: они полезны разработчику, но не пользователю.","False","Pending"
"src/Excel/CExecutionReport.cls","CExecutionReport","438","Private","Function","CompactCapacityDiagnosticText","3","Сжимает диагностический блок поиска несущей способности. Полный список lambda-точек может быть большим, но для инженерной диагностики полезно видеть каждую проверенную точку и возможный retry НДС.","False","Pending"
"src/Excel/CExecutionReport.cls","CExecutionReport","460","Private","Function","TranslateDiagnosticLine","1","Переводит короткие машинные diagnostic-строки в более понятные фразы.","False","Pending"
"src/Excel/CExecutionReport.cls","CExecutionReport","526","Public","Sub","ReportStabilityDetails","3","Пишет в txt-отчет подробные данные фильтра устойчивости по двум главным плоскостям. Таблица Results остается основным машинным выводом, а этот блок нужен для быстрой трассировки того, какая ветвь СП сработала в сценарии LC.","False","Pending"
"src/Excel/CExecutionReport.cls","CExecutionReport","579","Public","Sub","ReportCrackFormationSearchStart","3","Поясняет в txt-отчете стартовую логику поиска образования нормальной трещины. Низкоуровневый DiagnosticLog ниже сохраняет точные попытки, а эта строка нужна пользователю как быстрый ответ, что именно программа собирается делать.","False","Pending"
"src/Excel/CExecutionReport.cls","CExecutionReport","595","Public","Sub","ReportCrackFormationChoice","3","Поясняет итог выбора пути образования трещины для текущего LC. Это не заменяет DiagnosticLog solver-а, а переводит ключевой результат Auto/резервного нормальный инженерный язык прямо в отчете.","False","Pending"
"src/Excel/CExecutionReport.cls","CExecutionReport","615","Public","Sub","ReportLongitudinalCrackResult","3","Записывает в txt-отчет результат проверки продольных трещин, уже полученный отдельным CLongitudinalCrackCalculator. Здесь не запускается solver и не пересчитываются напряжения: отчет только поясняет готовый result-объект.","False","Pending"
"src/Excel/CExecutionReport.cls","CExecutionReport","643","Private","Sub","AppendReportLine","1","Аккуратно добавляет строку в собираемый многострочный блок отчета.","False","Pending"
"src/Excel/CLoadCombinationReader.cls","CLoadCombinationReader","24","Public","Sub","LoadFromWorkbook","1","Загружает сочетания из именованного диапазона книги.","False","Pending"
"src/Excel/CLoadCombinationReader.cls","CLoadCombinationReader","33","Public","Sub","LoadFromRange","3","Загружает сочетания из уже переданного диапазона. Это используется и рабочей книгой, и тестами, чтобы проверять reader без ручного запуска Excel-интерфейса.","False","Pending"
"src/Excel/CLoadCombinationReader.cls","CLoadCombinationReader","58","Private","Sub","AddRow","3","Читает одну строку LC и добавляет ее в batch. Ошибки ввода не прерывают весь расчет: строка попадает в отчет как InvalidInput, остальные сочетания продолжают считаться.","False","Pending"
"src/Excel/CLoadCombinationReader.cls","CLoadCombinationReader","100","Private","Function","IsEmptyCombinationRow","1","Проверяет, что пользователь действительно ничего не ввел в строке LC.","False","Pending"
"src/Excel/CLoadCombinationReader.cls","CLoadCombinationReader","110","Private","Function","ReadOptionalLoadDouble","2","Читает нагрузку, где пустая ячейка означает 0. Это позволяет задавать одноосный изгиб как N + Mx при пустом My.","False","Pending"
"src/Excel/CLoadCombinationReader.cls","CLoadCombinationReader","130","Private","Function","IsBlankCell","2","Отличает пустую ячейку/пробелы от нуля, ошибки Excel и Null. Ошибочная ячейка не делает строку свободной для следующего сочетания.","False","Pending"
"src/Excel/CLoadCombinationReader.cls","CLoadCombinationReader","140","Private","Function","ReadCellText","2","Читает текстовые поля строки, сохраняя ошибки формул как ошибки LC. Null недопустим, тогда как пустой optional-комментарий разрешен.","False","Pending"
"src/Excel/CLoadCombinationReader.cls","CLoadCombinationReader","152","Private","Sub","ConvertLoadsToInternal","2","Переводит успешно прочитанные нагрузки через единый адаптер единиц. Переполнение конкретной компоненты является ошибкой строки, не всего пакета.","False","Pending"
"src/Excel/CLoadCombinationReader.cls","CLoadCombinationReader","166","Private","Sub","AppendError","1","Добавляет текст ошибки в одну строку через точку с запятой.","False","Pending"
"src/Excel/CNDMResultsWriter.cls","CNDMResultsWriter","42","Public","Function","OutputColumnCount","1","Возвращает фактическую ширину одного из блоков Results, которые пишет этот writer.","False","Pending"
"src/Excel/CNDMResultsWriter.cls","CNDMResultsWriter","61","Public","Function","EstimatedElementResultRows","1","Оценивает максимальную высоту rngNDMElementResults до запуска solver-а.","False","Pending"
"src/Excel/CNDMResultsWriter.cls","CNDMResultsWriter","68","Public","Function","EstimatedSectionPropertyRows","1","Оценивает высоту rngNDMSectionProperties до расчета по максимальному числу named-state.","False","Pending"
"src/Excel/CNDMResultsWriter.cls","CNDMResultsWriter","80","Public","Sub","WriteResults","5","------------------------------ Полная запись Results ------------------------------ Очищает текущий снимок и заново пишет согласованные блоки: geometry, element results, section properties, material diagrams и annotations.","False","Pending"
"src/Excel/CNDMResultsWriter.cls","CNDMResultsWriter","105","Public","Sub","WriteGeometryPreview","3","Записывает на Results только импортированную геометрию без расчетных LC. Такой снимок нужен после кнопки AutoCAD import: пользователь сразу видит элементы на схеме, а последующий расчет берет эту же геометрию из Results.","False","Pending"
"src/Excel/CNDMResultsWriter.cls","CNDMResultsWriter","124","Public","Sub","ClearResults","1","Очищает только расчетные блоки Results перед новым снимком.","False","Pending"
"src/Excel/CNDMResultsWriter.cls","CNDMResultsWriter","139","Private","Sub","ClearNamedRegion","4","Безопасно чистит только фактический прямоугольник одной snapshot-таблицы. Ширина берется из схемы writer-а, а высота - по заполненному первому столбцу старой таблицы. CurrentRegion здесь не используется: он может захватить соседние Results-блоки из-за старого форматирования листа.","False","Pending"
"src/Excel/CNDMResultsWriter.cls","CNDMResultsWriter","168","Private","Function","ExistingAnchoredRowCount","3","Определяет высоту уже записанной anchored-таблицы по первому столбцу. Все нижние Results-таблицы имеют непустой первый столбец в строке шапки и в каждой строке данных, поэтому первая пустая ячейка завершает блок.","False","Pending"
"src/Excel/CNDMResultsWriter.cls","CNDMResultsWriter","180","Private","Sub","WriteSnapshotTitle","1","Записывает общий заголовок над нижними snapshot-таблицами Results.","False","Pending"
"src/Excel/CNDMResultsWriter.cls","CNDMResultsWriter","204","Private","Sub","ClearSnapshotTitle","1","Очищает общую строку-заголовок snapshot-блоков перед новой записью.","False","Pending"
"src/Excel/CNDMResultsWriter.cls","CNDMResultsWriter","219","Private","Sub","WriteElementResults","5","------------------------------ LC-зависимые результаты элементов ------------------------------ В этот блок не пишутся координаты и площади: они уже есть в rngNDMSectionGeometry и связываются по ElementID.","False","Pending"
"src/Excel/CNDMResultsWriter.cls","CNDMResultsWriter","265","Private","Sub","WriteSectionGeometry","5","------------------------------ Геометрия расчетных элементов ------------------------------ Геометрия не зависит от LoadCase, поэтому записывается один раз. Схема и AutoCAD export затем объединяют эту таблицу с нужным LC из ElementResults.","False","Pending"
"src/Excel/CNDMResultsWriter.cls","CNDMResultsWriter","335","Private","Sub","WriteSectionProperties","8","------------------------------ Свойства сечения и LC-состояния ------------------------------ Здесь лежат свойства уровня всей модели: Bounds, бетонные и приведенные геометрические характеристики, сохраненные единицы вывода и плоскости деформаций named-state каждого LC. Нагрузки пользователя задаются от бетонного центра, а главные оси схемы и AutoCAD читаются из блока Transformed.* расчетного snapshot.","False","Pending"
"src/Excel/CNDMResultsWriter.cls","CNDMResultsWriter","441","Private","Function","BooleanText","3","Возвращает английскую запись логического флага для Results snapshot. Так файл не зависит от локали Excel, где Boolean может отображаться как ИСТИНА/ЛОЖЬ, TRUE/FALSE или в другом переводе интерфейса.","False","Pending"
"src/Excel/CNDMResultsWriter.cls","CNDMResultsWriter","456","Private","Sub","WriteMaterialDiagrams","7","------------------------------ Диагностический вывод фактических диаграмм ------------------------------ Пишет уникальный каталог CMaterialDiagram, которые solver/provider использовали для конечных named-state текущего snapshot. Диаграммы зависят от профиля, StateType, MaterialModelSpec и режима extension, но не от номера LC, поэтому одинаковые сочетания не дублируются.","False","Pending"
"src/Excel/CNDMResultsWriter.cls","CNDMResultsWriter","489","Private","Sub","PutCombinationMaterialDiagrams","3","Собирает материальные диаграммы одного сочетания по фактически сохраненным named states, но пишет только новые DiagramId. Это важно для профилей: один и тот же StateType у разных профилей может иметь разную MaterialModelSpec.","False","Pending"
"src/Excel/CNDMResultsWriter.cls","CNDMResultsWriter","513","Private","Function","ConcreteDiagramForState","3","Возвращает бетонную диаграмму именно в том виде, в котором ее мог получить solver для named-state. Признак extension берется из самого stateResult: так snapshot не зависит от старых предположений о конкретном типе состояния.","False","Pending"
"src/Excel/CNDMResultsWriter.cls","CNDMResultsWriter","524","Private","Function","SteelDiagramForState","2","Возвращает диаграмму арматуры для диагностического snapshot-а по тем же правилам, по которым расчетный orchestrator отдавал материал solver-у.","False","Pending"
"src/Excel/CNDMResultsWriter.cls","CNDMResultsWriter","536","Private","Function","MaterialDiagramId","3","Формирует стабильный идентификатор уникальной диаграммы текущего snapshot. LoadCase намеренно не входит в ключ: если разные сочетания используют один профиль и одно named-state, материал для solver-а у них одинаковый.","False","Pending"
"src/Excel/CNDMResultsWriter.cls","CNDMResultsWriter","546","Private","Function","MaterialDiagramModeText","2","Показывает, была ли в точках диаграммы записана физическая модель или техническое продолжение активной диаграммы равновесия.","False","Pending"
"src/Excel/CNDMResultsWriter.cls","CNDMResultsWriter","557","Private","Sub","AppendMaterialDiagramPoints","2","Добавляет все точки одной диаграммы. Напряжения пишутся в OUTPUT stress unit, деформации остаются безразмерными, как их получает solver.","False","Pending"
"src/Excel/CNDMResultsWriter.cls","CNDMResultsWriter","586","Private","Sub","PutMaterialDiagramHeaders","1","Шапка диагностической таблицы диаграмм материалов.","False","Pending"
"src/Excel/CNDMResultsWriter.cls","CNDMResultsWriter","603","Private","Sub","PutConcreteSectionProperties","3","Записывает справочные свойства бетонной части сечения. Координаты бетонного центра нужны для трассировки пользовательского Load.ReferenceOffset и для вывода бетонных главных осей на схему/AutoCAD.","False","Pending"
"src/Excel/CNDMResultsWriter.cls","CNDMResultsWriter","631","Private","Sub","PutTransformedSectionProperties","3","Записывает свойства приведенного сечения бетон + арматура. Они остаются отдельным набором справочных данных и совместимы с уже существующей логикой главных осей на схеме и в AutoCAD export.","False","Pending"
"src/Excel/CNDMResultsWriter.cls","CNDMResultsWriter","661","Private","Sub","PutAxisCoreDistanceProperties","5","Записывает ядровые расстояния по глобальным центральным осям X/Y. Расчет идет через тот же CoreDistanceAlong, что и устойчивость СП 35: A/I берутся из переданного калькулятора, а крайняя точка c - по бетонной оболочке section, без расширения контура арматурой. Plus/Minus относятся к направлению эксцентриситета, а не к стороне крайнего волокна.","False","Pending"
"src/Excel/CNDMResultsWriter.cls","CNDMResultsWriter","683","Private","Sub","PutPrincipalCoreDistanceProperties","4","Записывает справочные ядровые расстояния именно по главным центральным осям 1 и 2. Это не то же самое, что ""главная плоскость"" в расчете устойчивости: плоскость 1 изгибается вокруг оси 1, а ее габарит и r берутся по нормали, то есть по оси 2. Здесь же имя CoreDistance1Plus означает направление +оси 1.","False","Pending"
"src/Excel/CNDMResultsWriter.cls","CNDMResultsWriter","711","Private","Sub","PutGeneralSectionCheckProperties","3","Записывает общие расчетные характеристики, которые полезны не только в подробном блоке устойчивости: процент продольного армирования и гибкость l0/i по СП 35 для двух главных плоскостей приведенного сечения.","False","Pending"
"src/Excel/CNDMResultsWriter.cls","CNDMResultsWriter","736","Private","Function","SlendernessValue","2","Возвращает безразмерную гибкость l0/i, если расчетная длина и радиус инерции заданы корректно; иначе оставляет справочное поле пустым.","False","Pending"
"src/Excel/CNDMResultsWriter.cls","CNDMResultsWriter","749","Private","Sub","PutNamedStateProperties","4","Записывает компактную metadata по каждому конечному named-state LC. Поэлементная таблица хранит Stress/Strain, а здесь лежит то, что не нужно повторять для каждого волокна: плоскость деформаций и фактическая спецификация материальной модели.","False","Pending"
"src/Excel/CNDMResultsWriter.cls","CNDMResultsWriter","795","Private","Function","NeutralLineAngleValue","2","Возвращает угол нейтральной линии для поля eps = eps0 + kx*y + ky*x. Если кривизны равны нулю, нейтральной линии нет и поле Results остается пустым.","False","Pending"
"src/Excel/CNDMResultsWriter.cls","CNDMResultsWriter","805","Private","Function","NeutralLineSignedDistanceValue","2","Возвращает знаковое расстояние c/sqrt(a^2+b^2) для линии kappaY*x + kappaX*y + epsilon0 = 0. Знак привязан к нормали (kappaY, kappaX).","False","Pending"
"src/Excel/CNDMResultsWriter.cls","CNDMResultsWriter","818","Private","Function","NeutralCurvatureNorm","2","Норма вектора нормали нейтральной линии. Она же показывает, существует ли линия: при нулевых kappa все сечение имеет постоянную деформацию.","False","Pending"
"src/Excel/CNDMResultsWriter.cls","CNDMResultsWriter","823","Private","Function","OutputLengthVariant","1","Переводит длину, которая может быть пустой Variant, в OUTPUT-единицы.","False","Pending"
"src/Excel/CNDMResultsWriter.cls","CNDMResultsWriter","832","Private","Function","Atn2Local","1","Локальный atan2 нужен writer-у для справочного угла нейтральной линии.","False","Pending"
"src/Excel/CNDMResultsWriter.cls","CNDMResultsWriter","856","Private","Function","SectionPropertyRowCount","3","Считает точную высоту rngNDMSectionProperties до выделения массива. Это важно для полного snapshot-а: при динамическом числе LC и нескольких named-state на LC фиксированного запаса может не хватить, и VBA падает с Subscript out of range.","False","Pending"
"src/Excel/CNDMResultsWriter.cls","CNDMResultsWriter","871","Private","Function","MaterialDiagramRowCount","3","Считает точную высоту диагностической таблицы фактических диаграмм. В расчетах с профилями одно сочетание может иметь несколько material spec, поэтому размер зависит от фактических states и количества точек диаграмм.","False","Pending"
"src/Excel/CNDMResultsWriter.cls","CNDMResultsWriter","896","Private","Sub","WriteSectionPropertiesPreview","2","Записывает минимальные свойства imported-preview: Bounds, количество элементов и единицы, достаточные для проверки геометрии на схеме.","False","Pending"
"src/Excel/CNDMResultsWriter.cls","CNDMResultsWriter","937","Private","Sub","WriteSectionAnnotations","5","------------------------------ Semantic-аннотации схемы ------------------------------ Эти строки отвечают не за расчет, а за оформление последнего рассчитанного сечения: контуры, размеры и групповые подписи арматуры.","False","Pending"
"src/Excel/CNDMResultsWriter.cls","CNDMResultsWriter","967","Private","Sub","WriteEmptyElementResults","2","Оставляет таблицу результатов элементов с одной шапкой. Для preview нет LC, поэтому записывать Stress/Strain нельзя.","False","Pending"
"src/Excel/CNDMResultsWriter.cls","CNDMResultsWriter","982","Private","Sub","WriteEmptySectionAnnotations","3","Оставляет таблицу аннотаций с одной шапкой. У импортированной AutoCAD-сетки semantic-граней обычно нет, поэтому preview не должен наследовать старые размеры и подписи.","False","Pending"
"src/Excel/CNDMResultsWriter.cls","CNDMResultsWriter","997","Private","Sub","FormatResultsBlock","3","Оформляет один Results-диапазон как самостоятельную таблицу. Заголовок ставится прямо над якорем, а чтение Results ниже выполняется явным anchored-reader-ом, поэтому внешний вид больше не зависит от CurrentRegion.","False","Pending"
"src/Excel/CNDMResultsWriter.cls","CNDMResultsWriter","1036","Private","Sub","ApplyResultNumberFormats","1","Применяет точность к общим числовым столбцам Results, которые должны читаться одинаково во всех snapshot-таблицах.","False","Pending"
"src/Excel/CNDMResultsWriter.cls","CNDMResultsWriter","1051","Private","Sub","AlignCommentColumns","3","Ищет текстовые диагностические столбцы и выравнивает их вправо. Comment и PhysicalState читаются удобнее как текстовые признаки, поэтому они не центрируются вместе с числовыми данными таблиц Results.","False","Pending"
"src/Excel/CNDMResultsWriter.cls","CNDMResultsWriter","1068","Private","Function","ShouldRightAlignResultColumn","3","Определяет текстовые столбцы Results, которые должны читаться как подпись, а не как числовой параметр. Пока это комментарии и физическое состояние элемента в rngNDMElementResults.","False","Pending"
"src/Excel/CNDMResultsWriter.cls","CNDMResultsWriter","1078","Private","Function","ResultHeaderBase","4","Возвращает имя столбца без единицы измерения. Например, заголовок ""Stress, MPa"" для служебных проверок считается просто ""Stress""; это позволяет одинаково находить Comment и другие столбцы при разных пользовательских единицах вывода.","False","Pending"
"src/Excel/CNDMResultsWriter.cls","CNDMResultsWriter","1091","Private","Sub","PutCombinationElementResults","3","Записывает LC-зависимые напряжения/деформации по всем бетонным и арматурным элементам для одного сохраненного состояния НДС. Используется только уже найденное состояние, solver здесь не запускается.","False","Pending"
"src/Excel/CNDMResultsWriter.cls","CNDMResultsWriter","1131","Private","Sub","PutElementRow","1","Кладет одну строку rngNDMElementResults в общий массив перед блочной записью на лист.","False","Pending"
"src/Excel/CNDMResultsWriter.cls","CNDMResultsWriter","1146","Private","Function","PhysicalState","1","Классифицирует физическое состояние элемента для визуализации и диагностики Results.","False","Pending"
"src/Excel/CNDMResultsWriter.cls","CNDMResultsWriter","1161","Private","Sub","PutElementResultHeaders","1","Формирует заголовки таблицы LC-зависимых результатов элементов.","False","Pending"
"src/Excel/CNDMResultsWriter.cls","CNDMResultsWriter","1174","Private","Sub","PutGeometryHeaders","1","Формирует заголовки геометрического snapshot: реальные A/I и геометрическая оболочка идут рядом.","False","Pending"
"src/Excel/CNDMResultsWriter.cls","CNDMResultsWriter","1193","Private","Sub","PutSectionPropertyHeaders","1","Формирует заголовки таблицы общих и LC-зависимых свойств сечения.","False","Pending"
"src/Excel/CNDMResultsWriter.cls","CNDMResultsWriter","1203","Private","Sub","PutAnnotationHeaders","1","Формирует заголовки semantic-аннотаций для схемы и AutoCAD export.","False","Pending"
"src/Excel/CNDMResultsWriter.cls","CNDMResultsWriter","1220","Private","Sub","PutProperty","1","Добавляет одну строку свойства сечения в массив rngNDMSectionProperties.","False","Pending"
"src/Excel/CNDMResultsWriter.cls","CNDMResultsWriter","1233","Private","Sub","PutAnnotationRow","1","Добавляет одну semantic-аннотацию в массив rngNDMSectionAnnotations с переводом координат в output units.","False","Pending"
"src/Excel/CNDMResultsWriter.cls","CNDMResultsWriter","1257","Private","Function","OutputAnnotationNormalX","3","Для обычных dimension/rebar-аннотаций NormalX/NormalY - безразмерная нормаль. Для CONTOUR_ARC в этих полях хранится центр дуги, поэтому его нужно выводить в тех же единицах длины, что Start/End.","False","Pending"
"src/Excel/CNDMResultsWriter.cls","CNDMResultsWriter","1268","Private","Function","OutputAnnotationNormalY","2","Смотри OutputAnnotationNormalX: для дуги это координата центра, а для остальных annotation - безразмерная нормаль.","False","Pending"
"src/Excel/CNDMResultsWriter.cls","CNDMResultsWriter","1281","Private","Function","OutputAnnotationText","4","Готовит видимый текст аннотации: для размеров пересобирает подпись уже в пользовательских единицах. На схему выводятся целые миллиметры, поэтому текст размера округляется, а числовое поле Value ниже остается точным для проверок и диагностического snapshot-а Results.","False","Pending"
"src/Excel/CNDMResultsWriter.cls","CNDMResultsWriter","1308","Private","Function","FormatRoundedAnnotationLength","5","Округляет видимую подпись размерной линии до ближайшего целого миллиметра, а затем переводит округленное значение в выбранные пользователем единицы. Поэтому 500 мм при выводе в метрах пишется как 0.5 m, а не как 1 m или 0 m. VBA.Round использует банковское округление, поэтому здесь явно применено инженерно ожидаемое правило: половина миллиметра округляется от нуля.","False","Pending"
"src/Excel/CNDMResultsWriter.cls","CNDMResultsWriter","1320","Private","Function","OutputAnnotationComment","1","Переводит технические комментарии builders в понятные пользователю строки Results.","False","Pending"
"src/Excel/CNDMResultsWriter.cls","CNDMResultsWriter","1354","Private","Sub","EnsureAutoCADImportAnnotations","7","Для AutoCAD-сетки у программы нет смысловых граней, но есть согласованная прямоугольная оболочка бетонных элементов. Ее строит CSectionModel: фактический прямоугольник, эквивалентный прямоугольник по A/I или последний эквивалентный квадрат по площади. Реальные A/I при этом остаются расчетными характеристиками элемента. Здесь добавляются только общие semantic-аннотации импортированной сетки: приблизительные габариты и сводная подпись всей распознанной арматуры.","False","Pending"
"src/Excel/CNDMResultsWriter.cls","CNDMResultsWriter","1391","Private","Function","AnnotationExists","2","Проверяет, есть ли semantic-аннотация с таким ID. Это защищает повторную запись одного и того же CSectionModel от дублирования размеров и подписей.","False","Pending"
"src/Excel/CNDMResultsWriter.cls","CNDMResultsWriter","1406","Private","Function","AutoCADRebarSummaryText","3","Собирает одну подпись для всей арматуры AutoCAD import. Диаметры группируются по видимому инженерному значению, сортируются по убыванию и выводятся без пробелов вокруг плюса: ALL: 3∅32+23∅16.","False","Pending"
"src/Excel/CNDMResultsWriter.cls","CNDMResultsWriter","1440","Private","Sub","AddRebarDiameterGroup","3","Добавляет диаметр в существующую группу или создает новую группу. Группировка идет по уже отформатированному тексту, чтобы 32 и 32.0000001 попали в одну пользовательскую запись ∅32.","False","Pending"
"src/Excel/CNDMResultsWriter.cls","CNDMResultsWriter","1461","Private","Sub","SortRebarDiameterGroupsDescending","2","Стабилизирует порядок сводной подписи: сначала идут стержни большего диаметра. Для типичного импорта это дает привычный вид 3∅32+23∅16.","False","Pending"
"src/Excel/CNDMResultsWriter.cls","CNDMResultsWriter","1475","Private","Sub","SwapRebarDiameterGroups","1","Меняет местами две группы диаметров при простой сортировке сводной подписи.","False","Pending"
"src/Excel/CNDMResultsWriter.cls","CNDMResultsWriter","1496","Private","Function","FormatRebarDiameterForAnnotation","2","Форматирует диаметр для подписи арматуры без зависимости от десятичной запятой Windows и без незначащих хвостовых нулей.","False","Pending"
"src/Excel/CNDMResultsWriter.cls","CNDMResultsWriter","1508","Private","Function","RebarDiameterSymbol","2","Возвращает символ диаметра для AutoCAD-сводки через ChrW$, чтобы модуль не зависел от кодировки исходного .cls-файла.","False","Pending"
"src/Excel/CNDMResultsWriter.cls","CNDMResultsWriter","1514","Private","Function","ApproxSign","2","Возвращает знак приблизительного равенства без литерала в исходнике. Так VBA-модуль не зависит от кодировки файла, а на лист Results попадает настоящий знак приблизительного равенства.","False","Pending"
"src/Excel/CNDMResultsWriter.cls","CNDMResultsWriter","1519","Private","Function","OutputAnnotationValue","1","Переводит численное значение аннотации, если оно задано как длина.","False","Pending"
"src/Excel/CNDMResultsWriter.cls","CNDMResultsWriter","1531","Private","Function","OutputAnnotationUnit","1","Возвращает пользовательскую единицу для длиновых аннотаций и исходную подпись для прочих типов.","False","Pending"
"src/Excel/CNDMResultsWriter.cls","CNDMResultsWriter","1541","Private","Sub","GetConcreteBounds","1","Получает внешние границы бетона через общую проекционную геометрию CSectionPropertiesCalculator.","False","Pending"
"src/Excel/CNDMResultsWriter.cls","CNDMResultsWriter","1550","Private","Function","OutputLength","1","Ниже собраны адаптеры output units для полного снимка Results.","False","Pending"
"src/Excel/CNDMResultsWriter.cls","CNDMResultsWriter","1555","Private","Function","OutputArea","1","Переводит площадь из внутренних мм2 в пользовательскую единицу.","False","Pending"
"src/Excel/CNDMResultsWriter.cls","CNDMResultsWriter","1560","Private","Function","OutputFourthPowerLength","1","Переводит момент инерции из внутренних мм4 в пользовательскую единицу длины в четвертой степени.","False","Pending"
"src/Excel/CNDMResultsWriter.cls","CNDMResultsWriter","1565","Private","Function","OutputForce","1","Переводит продольную силу из внутренних Н в пользовательскую систему вывода.","False","Pending"
"src/Excel/CNDMResultsWriter.cls","CNDMResultsWriter","1570","Private","Function","OutputMx","1","Переводит Mx с учетом пользовательской системы знаков.","False","Pending"
"src/Excel/CNDMResultsWriter.cls","CNDMResultsWriter","1575","Private","Function","OutputMy","1","Переводит My с учетом пользовательской системы знаков.","False","Pending"
"src/Excel/CNDMResultsWriter.cls","CNDMResultsWriter","1580","Private","Function","OutputStress","1","Переводит напряжение из внутренних МПа в пользовательскую единицу.","False","Pending"
"src/Excel/CNDMResultsWriter.cls","CNDMResultsWriter","1585","Private","Function","OutputCurvature","1","Переводит кривизну из внутренних 1/мм в пользовательскую единицу.","False","Pending"
"src/Excel/CNDMResultsWriter.cls","CNDMResultsWriter","1590","Private","Function","OutputLengthUnit","1","Возвращает подпись выходной единицы длины для заголовков Results.","False","Pending"
"src/Excel/CNDMResultsWriter.cls","CNDMResultsWriter","1595","Private","Function","OutputAreaUnit","1","Возвращает подпись выходной единицы площади для заголовков Results.","False","Pending"
"src/Excel/CNDMResultsWriter.cls","CNDMResultsWriter","1600","Private","Function","OutputForceUnit","1","Возвращает подпись выходной единицы силы для заголовков Results.","False","Pending"
"src/Excel/CNDMResultsWriter.cls","CNDMResultsWriter","1605","Private","Function","OutputMomentUnit","1","Возвращает подпись выходной единицы момента для заголовков Results.","False","Pending"
"src/Excel/CNDMResultsWriter.cls","CNDMResultsWriter","1610","Private","Function","OutputStressUnit","1","Возвращает подпись выходной единицы напряжения для заголовков Results.","False","Pending"
"src/Excel/CNDMResultsWriter.cls","CNDMResultsWriter","1615","Private","Function","OutputCurvatureUnit","1","Возвращает подпись выходной единицы кривизны для заголовков Results.","False","Pending"
"src/Excel/CNDMResultsWriter.cls","CNDMResultsWriter","1620","Private","Function","OutputSignN","1","Возвращает пользовательское соглашение знаков для N справочной строкой в Results.","False","Pending"
"src/Excel/CNDMResultsWriter.cls","CNDMResultsWriter","1625","Private","Function","OutputSignMx","1","Возвращает пользовательское соглашение знаков для Mx справочной строкой в Results.","False","Pending"
"src/Excel/CNDMResultsWriter.cls","CNDMResultsWriter","1630","Private","Function","OutputSignMy","1","Возвращает пользовательское соглашение знаков для My справочной строкой в Results.","False","Pending"
"src/Excel/CNDMResultsWriter.cls","CNDMResultsWriter","1635","Private","Function","FormatNumberInvariant","1","Форматирует числа для подписей размеров с точкой как десятичным разделителем.","False","Pending"
"src/Excel/CNDMResultsWriter.cls","CNDMResultsWriter","1646","Private","Function","MaxDouble","1","Локальный максимум нужен для компактного расчета границ и значений snapshot.","False","Pending"
"src/Excel/CNDMResultsWriter.cls","CNDMResultsWriter","1651","Private","Function","MinDouble","1","Локальный минимум нужен для компактного расчета границ и значений snapshot.","False","Pending"
"src/Excel/CPlotAnnotationLayout.cls","CPlotAnnotationLayout","91","Public","Sub","ConfigureFromSettings","5","------------------------------ Настройки оформления ------------------------------ Читает только визуальные параметры схемы. Смысл аннотаций уже должен быть сформирован выше: геометрией и rebar builders.","False","Pending"
"src/Excel/CPlotAnnotationLayout.cls","CPlotAnnotationLayout","117","Public","Sub","Initialize","6","------------------------------ Геометрия Chart ------------------------------ Фиксирует границы модели и фактическую PlotArea. После этого offset всегда переводится из модельных мм, а TextGap/TextHeight - из выбранных единиц mm или pt в реальные points Chart.","False","Pending"
"src/Excel/CPlotAnnotationLayout.cls","CPlotAnnotationLayout","138","Private","Sub","InitializeVisualMetrics","2","Рассчитывает итоговые размеры оформления. Текст и зазоры масштабируются от реального размера Chart, а не от текущих размеров сечения.","False","Pending"
"src/Excel/CPlotAnnotationLayout.cls","CPlotAnnotationLayout","176","Public","Sub","AddDimension","5","------------------------------ Размерная аннотация ------------------------------ На вход приходят две точки размера и наружная нормаль в координатах модели. Layout сам ставит выносные линии, основную линию со стрелками и текст.","False","Pending"
"src/Excel/CPlotAnnotationLayout.cls","CPlotAnnotationLayout","219","Public","Sub","AddRebarLabel","5","------------------------------ Групповая подпись арматуры ------------------------------ AnchorStart/AnchorEnd описывают реальную линию раскладки стержней. Поэтому подпись центрируется относительно группы арматуры, а не относительно Bounds.","False","Pending"
"src/Excel/CPlotAnnotationLayout.cls","CPlotAnnotationLayout","267","Private","Sub","DimensionTextBox","4","Определяет bbox текста размера вокруг середины размерной линии. TextGap задает отступ центра подписи от размерной линии по выбранной нормали. Для вертикальных размеров bbox сразу узкий и высокий: Excel затем создает вертикальный текстовый Shape без поворота широкого горизонтального блока.","False","Pending"
"src/Excel/CPlotAnnotationLayout.cls","CPlotAnnotationLayout","292","Private","Sub","RebarTextBox","3","Определяет bbox групповой подписи арматуры. Положение считается от середины anchor-линии, а не от крайних фактических стержней. Вертикальные подписи получают узкий высокий bbox по той же причине, что и размерные подписи.","False","Pending"
"src/Excel/CPlotAnnotationLayout.cls","CPlotAnnotationLayout","317","Private","Function","AnnotationRotation","3","Для текущей схемы достаточно горизонтального текста и поворота на 90 градусов. Наклонные грани сохраняют направление anchor-линии, но текст не вращается на произвольный угол, чтобы он оставался читаемым в Excel.","False","Pending"
"src/Excel/CPlotAnnotationLayout.cls","CPlotAnnotationLayout","322","Private","Function","NormalizePlacement","1","Приводит пользовательское Placement к двум поддерживаемым вариантам.","False","Pending"
"src/Excel/CPlotAnnotationLayout.cls","CPlotAnnotationLayout","335","Private","Function","NormalizeTextUnits","5","Приводит настройку единиц текста к двум понятным режимам. mm сохраняет старое поведение: TextHeight/TextGap задаются в реальных миллиметрах сечения и зависят от масштаба модели. pt задает обычные Excel points и удобен, когда нужен одинаковый визуальный размер текста для сечений разных габаритов.","False","Pending"
"src/Excel/CPlotAnnotationLayout.cls","CPlotAnnotationLayout","347","Private","Sub","ApplyPlacement","2","При Inside разворачивает наружную нормаль внутрь сечения. Так одна и та же semantic-аннотация может рисоваться по обе стороны своей anchor-линии.","False","Pending"
"src/Excel/CPlotAnnotationLayout.cls","CPlotAnnotationLayout","356","Private","Function","ParseRgb","2","Читает цвет из строки вида ""R,G,B"". При ошибке возвращается fallback, чтобы неверная настройка оформления не останавливала расчет.","False","Pending"
"src/Excel/CPlotAnnotationLayout.cls","CPlotAnnotationLayout","369","Private","Sub","NormalizeModelVector","2","Нормализует модельный вектор. Если annotation пришла с нулевой нормалью или нулевым направлением, используется fallback, чтобы layout не делил на ноль.","False","Pending"
"src/Excel/CPlotAnnotationLayout.cls","CPlotAnnotationLayout","388","Private","Sub","PixelUnitVector","2","Переводит направление из координат модели в единичный вектор Chart. По Y знак меняется, потому что в Chart координата вниз увеличивается.","False","Pending"
"src/Excel/CPlotAnnotationLayout.cls","CPlotAnnotationLayout","403","Private","Function","ModelToChartX","1","X модели -> X внутри Chart.PlotArea.","False","Pending"
"src/Excel/CPlotAnnotationLayout.cls","CPlotAnnotationLayout","408","Private","Function","ModelToChartY","1","Y модели -> Y внутри Chart.PlotArea с переворотом вертикальной оси Excel.","False","Pending"
"src/Excel/CPlotAnnotationLayout.cls","CPlotAnnotationLayout","414","Private","Function","ModelScale","2","Берем меньший масштаб из X/Y, чтобы модельные миллиметры оформления не растягивались при прямоугольной области построения.","False","Pending"
"src/Excel/CPlotAnnotationLayout.cls","CPlotAnnotationLayout","420","Private","Function","ModelMmToChartPoints","2","Переводит модельную миллиметровую величину оформления в экранные points текущей PlotArea. TextUnits=pt идет через TextMetricToChartPoints ниже.","False","Pending"
"src/Excel/CPlotAnnotationLayout.cls","CPlotAnnotationLayout","427","Private","Function","TextMetricToChartPoints","2","Переводит TextHeight/TextGap в points Chart. В режиме pt значение уже является экранной величиной Excel, поэтому не зависит от размера сечения.","False","Pending"
"src/Excel/CPlotAnnotationLayout.cls","CPlotAnnotationLayout","437","Private","Function","LengthFactorToMm","2","Показывает, сколько мм содержится в одной output-единице длины Results. Это нужно, если Results был записан не в мм, а например в метрах.","False","Pending"
"src/Excel/CPlotAnnotationLayout.cls","CPlotAnnotationLayout","447","Private","Sub","AddLine","1","Добавляет линию в список layout-элементов; фактический Shape создаст plotter.","False","Pending"
"src/Excel/CPlotAnnotationLayout.cls","CPlotAnnotationLayout","454","Private","Sub","AddText","2","Добавляет текстовую подпись в список layout-элементов; фактический Shape создаст plotter внутри нужного Chart.","False","Pending"
"src/Excel/CPlotAnnotationLayout.cls","CPlotAnnotationLayout","462","Private","Sub","AppendItem","2","Складывает готовый layout-элемент в параллельные массивы. Это простой VBA- формат без классов на каждый Shape, чтобы обновление схемы оставалось легким.","False","Pending"
"src/Excel/CPlotAnnotationLayout.cls","CPlotAnnotationLayout","496","Private","Function","Collides","3","Проверяет пересечение нового текстового bbox с уже занятыми подписями. Алгоритм намеренно простой: он защищает от очевидных наложений, но не пытается быть полноценным CAD-layout engine.","False","Pending"
"src/Excel/CPlotAnnotationLayout.cls","CPlotAnnotationLayout","516","Private","Sub","AddOccupied","2","Запоминает bbox уже поставленной подписи, чтобы следующие подписи могли сдвинуться на свободный lane.","False","Pending"
"src/Excel/CPlotAnnotationLayout.cls","CPlotAnnotationLayout","530","Private","Function","ClampDouble","1","Ограничивает визуальные величины диапазоном, в котором они остаются читаемыми.","False","Pending"
"src/Excel/CPlotAnnotationLayout.cls","CPlotAnnotationLayout","541","Private","Function","MaxDouble","1","Небольшая локальная функция, чтобы не тянуть WorksheetFunction в горячий слой.","False","Pending"
"src/Excel/CPlotAnnotationLayout.cls","CPlotAnnotationLayout","546","Private","Function","MinDouble","1","Небольшая локальная функция, чтобы не тянуть WorksheetFunction в горячий слой.","False","Pending"
"src/Excel/CPlotAnnotationLayout.cls","CPlotAnnotationLayout","555","Public","Property Get","Count","5","------------------------------ Готовые элементы для Plotter ------------------------------ Ниже только чтение уже рассчитанного layout. Plotter проходит по этим массивам и создает Chart.Shapes с нужными координатами, цветами и стрелками.","False","Pending"
"src/Excel/CPlotAnnotationLayout.cls","CPlotAnnotationLayout","556","Public","Property Get","ItemKind","0","","False","Pending"
"src/Excel/CPlotAnnotationLayout.cls","CPlotAnnotationLayout","557","Public","Property Get","X1","0","","False","Pending"
"src/Excel/CPlotAnnotationLayout.cls","CPlotAnnotationLayout","558","Public","Property Get","Y1","0","","False","Pending"
"src/Excel/CPlotAnnotationLayout.cls","CPlotAnnotationLayout","559","Public","Property Get","X2","0","","False","Pending"
"src/Excel/CPlotAnnotationLayout.cls","CPlotAnnotationLayout","560","Public","Property Get","Y2","0","","False","Pending"
"src/Excel/CPlotAnnotationLayout.cls","CPlotAnnotationLayout","561","Public","Property Get","Text","0","","False","Pending"
"src/Excel/CPlotAnnotationLayout.cls","CPlotAnnotationLayout","562","Public","Property Get","Rotation","0","","False","Pending"
"src/Excel/CPlotAnnotationLayout.cls","CPlotAnnotationLayout","563","Public","Property Get","Color","0","","False","Pending"
"src/Excel/CPlotAnnotationLayout.cls","CPlotAnnotationLayout","564","Public","Property Get","Weight","0","","False","Pending"
"src/Excel/CPlotAnnotationLayout.cls","CPlotAnnotationLayout","565","Public","Property Get","Bold","0","","False","Pending"
"src/Excel/CPlotAnnotationLayout.cls","CPlotAnnotationLayout","566","Public","Property Get","Arrowheads","0","","False","Pending"
"src/Excel/CPlotAnnotationLayout.cls","CPlotAnnotationLayout","567","Public","Property Get","FontSize","0","","False","Pending"
"src/Excel/CPlotAnnotationLayout.cls","CPlotAnnotationLayout","568","Public","Property Get","VisualScale","0","","False","Pending"
"src/Excel/CSectionPlotDataReader.cls","CSectionPlotDataReader","87","Public","Sub","LoadFromWorkbook","3","Загружает все данные, необходимые для Excel-схемы. Метод намеренно читает расчетные значения только из Results. Из Config используется только выбор LC и текущие настройки визуализации профиля.","False","Pending"
"src/Excel/CSectionPlotDataReader.cls","CSectionPlotDataReader","103","Public","Sub","LoadGeometryPreviewFromWorkbook","3","Загружает геометрию последнего AutoCAD import для визуального контроля. Расчетные результаты и нейтральная линия не читаются, но сохраненные габаритные аннотации по Bounds можно показать сразу после импорта.","False","Pending"
"src/Excel/CSectionPlotDataReader.cls","CSectionPlotDataReader","124","Public","Sub","LoadGeometryOnlyForMissingState","4","Загружает расчетную геометрию из Results, когда выбранное состояние НДС отсутствует в snapshot. Это не AutoCAD-preview и не повторный расчет: пользователь видит актуальную геометрию последнего запуска и понятную подпись, почему цветовая раскраска Stress/Strain недоступна.","False","Pending"
"src/Excel/CSectionPlotDataReader.cls","CSectionPlotDataReader","150","Private","Function","ResolveLoadCase","4","Определяет, какой LC показывать на схеме. Значение Worst разворачивается в LC из верхней строки batch summary ""Определяющее сочетание"". Критерий выбора задает General.WorstCombinationCriterion, а схема только читает сохраненный результат.","False","Pending"
"src/Excel/CSectionPlotDataReader.cls","CSectionPlotDataReader","170","Private","Function","ReadWorstCombinationID","1","Читает верхнее поле ""Определяющее сочетание"" из новой якорной сводки.","False","Pending"
"src/Excel/CSectionPlotDataReader.cls","CSectionPlotDataReader","181","Private","Sub","ApplyVisualizationProfile","3","Применяет настройки визуализации профиля, назначенного выбранному LC. ProfileId читается из snapshot Results, а не из текущей строки сочетаний: схема должна показывать ровно тот расчетный запуск, который сохранен.","False","Pending"
"src/Excel/CSectionPlotDataReader.cls","CSectionPlotDataReader","202","Private","Function","ReadProfileIdForLoadCase","4","Находит ProfileId выбранного LC в Results. Поэлементная таблица является основным snapshot-источником; если в выбранном LC нет элементов нужного состояния, fallback на свойства сечения нужен только для более понятной ошибки визуализации.","False","Pending"
"src/Excel/CSectionPlotDataReader.cls","CSectionPlotDataReader","211","Private","Function","ReadProfileIdFromElementResults","2","Ищет ProfileId в LC-зависимой таблице элементов Results. Это основной путь, потому что именно в ней каждое состояние связано с расчетным профилем.","False","Pending"
"src/Excel/CSectionPlotDataReader.cls","CSectionPlotDataReader","232","Private","Function","ReadLoadCasePropertyText","2","Ищет текстовое свойство конкретного LC в rngNDMSectionProperties. Используется как fallback, если для состояния нет строк элементов.","False","Pending"
"src/Excel/CSectionPlotDataReader.cls","CSectionPlotDataReader","258","Private","Function","FirstCalculatedLoadCaseFromResults","5","Возвращает первый LC, для которого на Results реально есть результаты элементов. Это запасной путь только для режимов, где Plot.LoadCase = Worst не может быть развернут в прочностное определяющее сочетание, например DirectState без расчета несущей способности. AutoCAD-preview этим путем не выбирается, потому что geometry-only snapshot не содержит rngNDMElementResults.","False","Pending"
"src/Excel/CSectionPlotDataReader.cls","CSectionPlotDataReader","278","Private","Function","FirstLoadCaseFromSectionProperties","3","Возвращает первый LC из таблицы свойств сечения. В некоторых профилях может не быть состояния для визуализации, но свойства LC все равно помогают показать пользователю, что сохранено в snapshot.","False","Pending"
"src/Excel/CSectionPlotDataReader.cls","CSectionPlotDataReader","299","Private","Function","ReadBatchSummaryComment","3","Находит комментарий выбранного LC для заголовка схемы. Если комментария нет или batch summary еще пустой, возвращается пустая строка без ошибки: сама схема может строиться и без комментария.","False","Pending"
"src/Excel/CSectionPlotDataReader.cls","CSectionPlotDataReader","319","Private","Sub","ReadSectionProperties","3","Читает свойства уровня всего сечения и выбранного LC. Здесь находятся Bounds, центр тяжести, главные оси, единицы Results и сохраненная плоскость деформаций epsilon0/kappaX/kappaY.","False","Pending"
"src/Excel/CSectionPlotDataReader.cls","CSectionPlotDataReader","364","Private","Sub","ReadCommonProperty","2","Запоминает общие свойства расчетного снимка Results. Эти данные одинаково подходят для Generated и AutoCAD-геометрии.","False","Pending"
"src/Excel/CSectionPlotDataReader.cls","CSectionPlotDataReader","390","Private","Sub","ReadLoadCaseProperty","3","Запоминает свойства выбранного LC: плоскость деформаций и признаки допустимости найденного состояния. Точка приложения нагрузки читается из общего блока ALL, потому что она задается один раз для всего snapshot.","False","Pending"
"src/Excel/CSectionPlotDataReader.cls","CSectionPlotDataReader","411","Private","Sub","ReadGeometryAndResults","3","Соединяет постоянную геометрию с LC-зависимыми результатами. rngNDMSectionGeometry хранит координаты и площади один раз, а rngNDMElementResults хранит Stress/Strain/PhysicalState по LoadCase.","False","Pending"
"src/Excel/CSectionPlotDataReader.cls","CSectionPlotDataReader","478","Private","Sub","ReadGeometryPreview","3","Читает только постоянную геометрию элементов и добавляет ее в модель схемы с нейтральным состоянием. Этот режим используется для AutoCAD-preview и для схемы без выбранного StateType, если геометрия уже есть в Results.","False","Pending"
"src/Excel/CSectionPlotDataReader.cls","CSectionPlotDataReader","516","Private","Sub","AppendElement","2","Добавляет элемент схемы во внутренние массивы reader-а. Значение результата выбирается по текущему режиму визуализации: Stress или Strain.","False","Pending"
"src/Excel/CSectionPlotDataReader.cls","CSectionPlotDataReader","557","Private","Sub","ReadAnnotations","3","Читает semantic-аннотации схемы. Если таблица отсутствует или пуста, схема все равно строится: для AutoCAD import это нормальный сценарий, потому что характерные грани могут быть неизвестны.","False","Pending"
"src/Excel/CSectionPlotDataReader.cls","CSectionPlotDataReader","610","Private","Sub","ResetReaderState","3","Сбрасывает внутренние массивы перед новым чтением Results. Reader может переиспользоваться тестами, поэтому нельзя оставлять элементы и аннотации от предыдущей загрузки.","False","Pending"
"src/Excel/CSectionPlotDataReader.cls","CSectionPlotDataReader","665","Private","Function","ReadAnchoredResultTable","3","Читает таблицу Results от именованного якоря, не полагаясь на CurrentRegion. Это позволяет размещать человекочитаемый заголовок прямо над таблицей и не включать его в массив данных.","False","Pending"
"src/Excel/CSectionPlotDataReader.cls","CSectionPlotDataReader","681","Private","Function","AnchoredColumnCount","1","Определяет ширину таблицы по непрерывной строке заголовков от якоря.","False","Pending"
"src/Excel/CSectionPlotDataReader.cls","CSectionPlotDataReader","691","Private","Function","AnchoredRowCount","2","Определяет высоту таблицы по первому столбцу. Пустой первый столбец означает конец данных; это соответствует формату всех Results-диапазонов.","False","Pending"
"src/Excel/CSectionPlotDataReader.cls","CSectionPlotDataReader","701","Private","Function","MissingStateMessage","2","Формирует понятное сообщение, если пользователь запросил состояние, которого нет в snapshot Results для выбранного сочетания и профиля.","False","Pending"
"src/Excel/CSectionPlotDataReader.cls","CSectionPlotDataReader","719","Private","Function","IsCrackVisualizationState","2","Проверяет, относится ли запрошенный StateType к расчету трещин. Для таких состояний можно дать пользователю более точную причину отсутствия snapshot.","False","Pending"
"src/Excel/CSectionPlotDataReader.cls","CSectionPlotDataReader","730","Private","Function","SafeDouble","2","Безопасно читает числовое поле Results, где часть колонок может быть пустой. Например Diameter у бетонных элементов не заполняется.","False","Pending"
"src/Excel/CSectionPlotDataReader.cls","CSectionPlotDataReader","738","Private","Function","SafeBoolean","2","Читает логический флаг из Results. Snapshot может хранить True/False как настоящий Boolean или как текст после ручного просмотра/копирования.","False","Pending"
"src/Excel/CSectionPlotDataReader.cls","CSectionPlotDataReader","751","Private","Function","SafeText","1","Превращает значение ячейки в строку без падения на Excel-ошибках.","False","Pending"
"src/Excel/CSectionPlotDataReader.cls","CSectionPlotDataReader","758","Private","Function","AnnotationLengthUnit","2","Возвращает единицу измерения из строки аннотации. Если строка не содержит единицу или хранит служебный ""-"", используется единица длины всего snapshot.","False","Pending"
"src/Excel/CSectionPlotDataReader.cls","CSectionPlotDataReader","765","Private","Function","UnitOrDefault","2","Выбирает рабочую единицу для числового поля Results. Пустые и служебные значения не должны ломать старые snapshots, где часть Unit-колонки пустая.","False","Pending"
"src/Excel/CSectionPlotDataReader.cls","CSectionPlotDataReader","779","Private","Function","HasRows","1","Проверяет, что табличный массив содержит хотя бы заголовок и одну строку данных.","False","Pending"
"src/Excel/CSectionPlotDataReader.cls","CSectionPlotDataReader","789","Private","Function","ResultColumn","3","Находит индекс столбца по имени заголовка. Единицы в заголовке после запятой отбрасываются, поэтому ""Stress, MPa"" корректно сопоставляется с базовым именем ""Stress"".","False","Pending"
"src/Excel/CSectionPlotDataReader.cls","CSectionPlotDataReader","802","Private","Function","GeometryStatusColumn","2","Новый snapshot пишет статус интерпретации оболочки явно. ShapeType оставлен как совместимость со старыми файлами Results, созданными до переименования.","False","Pending"
"src/Excel/CSectionPlotDataReader.cls","CSectionPlotDataReader","815","Private","Function","ResultHeaderBase","1","Возвращает имя столбца без единицы измерения.","False","Pending"
"src/Excel/CSectionPlotDataReader.cls","CSectionPlotDataReader","827","Private","Function","ResultHeaderUnit","2","Достает единицу из заголовка Results вида ""X, mm"". Если заголовок без запятой, берется единица, сохраненная в Output.*Unit.","False","Pending"
"src/Excel/CSectionPlotDataReader.cls","CSectionPlotDataReader","848","Private","Function","OutputLengthToInternalByUnit","1","Переводит длину из единицы, сохраненной в Results, во внутренние мм.","False","Pending"
"src/Excel/CSectionPlotDataReader.cls","CSectionPlotDataReader","853","Private","Function","OutputAreaToInternalByUnit","1","Переводит площадь из единицы, сохраненной в Results, во внутренние мм2.","False","Pending"
"src/Excel/CSectionPlotDataReader.cls","CSectionPlotDataReader","859","Private","Function","OutputCurvatureToInternalByUnit","2","Переводит кривизну из единицы Results во внутренние 1/мм, чтобы нейтральная линия строилась в той же системе, что и координаты схемы.","False","Pending"
"src/Excel/CSectionPlotDataReader.cls","CSectionPlotDataReader","872","Private","Function","LengthFactorToMmByUnit","1","Возвращает множитель перевода длины в мм.","False","Pending"
"src/Excel/CSectionPlotDataReader.cls","CSectionPlotDataReader","887","Private","Function","AreaFactorToMm2ByUnit","1","Возвращает множитель перевода площади в мм2.","False","Pending"
"src/Excel/CSectionPlotDataReader.cls","CSectionPlotDataReader","901","Public","Property Get","Count","0","","False","Pending"
"src/Excel/CSectionPlotDataReader.cls","CSectionPlotDataReader","902","Public","Property Get","ElementID","0","","False","Pending"
"src/Excel/CSectionPlotDataReader.cls","CSectionPlotDataReader","903","Public","Property Get","MaterialType","0","","False","Pending"
"src/Excel/CSectionPlotDataReader.cls","CSectionPlotDataReader","904","Public","Property Get","X","0","","False","Pending"
"src/Excel/CSectionPlotDataReader.cls","CSectionPlotDataReader","905","Public","Property Get","Y","0","","False","Pending"
"src/Excel/CSectionPlotDataReader.cls","CSectionPlotDataReader","906","Public","Property Get","Area","0","","False","Pending"
"src/Excel/CSectionPlotDataReader.cls","CSectionPlotDataReader","907","Public","Property Get","Diameter","0","","False","Pending"
"src/Excel/CSectionPlotDataReader.cls","CSectionPlotDataReader","908","Public","Property Get","ShapeType","0","","False","Pending"
"src/Excel/CSectionPlotDataReader.cls","CSectionPlotDataReader","909","Public","Property Get","Width","0","","False","Pending"
"src/Excel/CSectionPlotDataReader.cls","CSectionPlotDataReader","910","Public","Property Get","Height","0","","False","Pending"
"src/Excel/CSectionPlotDataReader.cls","CSectionPlotDataReader","911","Public","Property Get","Rotation","0","","False","Pending"
"src/Excel/CSectionPlotDataReader.cls","CSectionPlotDataReader","912","Public","Property Get","ResultValue","0","","False","Pending"
"src/Excel/CSectionPlotDataReader.cls","CSectionPlotDataReader","913","Public","Property Get","PhysicalState","0","","False","Pending"
"src/Excel/CSectionPlotDataReader.cls","CSectionPlotDataReader","914","Public","Property Get","LoadCase","0","","False","Pending"
"src/Excel/CSectionPlotDataReader.cls","CSectionPlotDataReader","915","Public","Property Get","LoadCaseComment","0","","False","Pending"
"src/Excel/CSectionPlotDataReader.cls","CSectionPlotDataReader","916","Public","Property Get","ProfileId","0","","False","Pending"
"src/Excel/CSectionPlotDataReader.cls","CSectionPlotDataReader","917","Public","Property Get","StateType","0","","False","Pending"
"src/Excel/CSectionPlotDataReader.cls","CSectionPlotDataReader","918","Public","Property Get","GeometryOnly","0","","False","Pending"
"src/Excel/CSectionPlotDataReader.cls","CSectionPlotDataReader","919","Public","Property Get","GeometryOnlyTitle","0","","False","Pending"
"src/Excel/CSectionPlotDataReader.cls","CSectionPlotDataReader","920","Public","Property Get","GeometryOnlyNote","0","","False","Pending"
"src/Excel/CSectionPlotDataReader.cls","CSectionPlotDataReader","921","Public","Property Get","GeometryReferenceItemsEnabled","0","","False","Pending"
"src/Excel/CSectionPlotDataReader.cls","CSectionPlotDataReader","922","Public","Property Get","VisualizationQuantity","0","","False","Pending"
"src/Excel/CSectionPlotDataReader.cls","CSectionPlotDataReader","923","Public","Property Get","ResultUnit","0","","False","Pending"
"src/Excel/CSectionPlotDataReader.cls","CSectionPlotDataReader","924","Public","Property Get","ResultCaption","0","","False","Pending"
"src/Excel/CSectionPlotDataReader.cls","CSectionPlotDataReader","925","Public","Property Get","ResultPrecision","0","","False","Pending"
"src/Excel/CSectionPlotDataReader.cls","CSectionPlotDataReader","926","Public","Property Get","LengthUnit","0","","False","Pending"
"src/Excel/CSectionPlotDataReader.cls","CSectionPlotDataReader","927","Public","Property Get","AreaUnit","0","","False","Pending"
"src/Excel/CSectionPlotDataReader.cls","CSectionPlotDataReader","928","Public","Property Get","MinX","0","","False","Pending"
"src/Excel/CSectionPlotDataReader.cls","CSectionPlotDataReader","929","Public","Property Get","MaxX","0","","False","Pending"
"src/Excel/CSectionPlotDataReader.cls","CSectionPlotDataReader","930","Public","Property Get","MinY","0","","False","Pending"
"src/Excel/CSectionPlotDataReader.cls","CSectionPlotDataReader","931","Public","Property Get","MaxY","0","","False","Pending"
"src/Excel/CSectionPlotDataReader.cls","CSectionPlotDataReader","932","Public","Property Get","CentroidX","0","","False","Pending"
"src/Excel/CSectionPlotDataReader.cls","CSectionPlotDataReader","933","Public","Property Get","CentroidY","0","","False","Pending"
"src/Excel/CSectionPlotDataReader.cls","CSectionPlotDataReader","934","Public","Property Get","PrincipalAngle","0","","False","Pending"
"src/Excel/CSectionPlotDataReader.cls","CSectionPlotDataReader","938","Public","Function","PrincipalAxesCentroidX","2","Возвращает X центра для выбранного набора главных осей. Transformed - приведенное сечение бетон + арматура, Concrete - только бетон.","False","Pending"
"src/Excel/CSectionPlotDataReader.cls","CSectionPlotDataReader","947","Public","Function","PrincipalAxesCentroidY","1","Возвращает Y центра для выбранного набора главных осей.","False","Pending"
"src/Excel/CSectionPlotDataReader.cls","CSectionPlotDataReader","956","Public","Function","PrincipalAxesAngle","1","Возвращает угол главной оси 1 для выбранного набора осей.","False","Pending"
"src/Excel/CSectionPlotDataReader.cls","CSectionPlotDataReader","963","Public","Property Get","Epsilon0","0","","False","Pending"
"src/Excel/CSectionPlotDataReader.cls","CSectionPlotDataReader","964","Public","Property Get","KappaX","0","","False","Pending"
"src/Excel/CSectionPlotDataReader.cls","CSectionPlotDataReader","965","Public","Property Get","KappaY","0","","False","Pending"
"src/Excel/CSectionPlotDataReader.cls","CSectionPlotDataReader","966","Public","Property Get","LoadReferenceX","0","","False","Pending"
"src/Excel/CSectionPlotDataReader.cls","CSectionPlotDataReader","967","Public","Property Get","LoadReferenceY","0","","False","Pending"
"src/Excel/CSectionPlotDataReader.cls","CSectionPlotDataReader","968","Public","Property Get","ExtensionUsed","0","","False","Pending"
"src/Excel/CSectionPlotDataReader.cls","CSectionPlotDataReader","969","Public","Property Get","DirectStateStatus","0","","False","Pending"
"src/Excel/CSectionPlotDataReader.cls","CSectionPlotDataReader","970","Public","Property Get","PhysicalDiagramWarningRequired","0","","False","Pending"
"src/Excel/CSectionPlotDataReader.cls","CSectionPlotDataReader","975","Public","Property Get","AnnotationCount","0","","False","Pending"
"src/Excel/CSectionPlotDataReader.cls","CSectionPlotDataReader","976","Public","Property Get","AnnotationType","0","","False","Pending"
"src/Excel/CSectionPlotDataReader.cls","CSectionPlotDataReader","977","Public","Property Get","AnnotationStartX","0","","False","Pending"
"src/Excel/CSectionPlotDataReader.cls","CSectionPlotDataReader","978","Public","Property Get","AnnotationStartY","0","","False","Pending"
"src/Excel/CSectionPlotDataReader.cls","CSectionPlotDataReader","979","Public","Property Get","AnnotationEndX","0","","False","Pending"
"src/Excel/CSectionPlotDataReader.cls","CSectionPlotDataReader","980","Public","Property Get","AnnotationEndY","0","","False","Pending"
"src/Excel/CSectionPlotDataReader.cls","CSectionPlotDataReader","981","Public","Property Get","AnnotationNormalX","0","","False","Pending"
"src/Excel/CSectionPlotDataReader.cls","CSectionPlotDataReader","982","Public","Property Get","AnnotationNormalY","0","","False","Pending"
"src/Excel/CSectionPlotDataReader.cls","CSectionPlotDataReader","983","Public","Property Get","AnnotationText","0","","False","Pending"
"src/Excel/CSectionPlotter.cls","CSectionPlotter","127","Public","Sub","Draw","3","Перестраивает схему по данным последнего расчета. Метод управляет порядком операций: подготовка chart, равный масштаб X/Y, расчетные элементы, Shape-аннотации и верхний служебный Shape-оверлей.","False","Pending"
"src/Excel/CSectionPlotter.cls","CSectionPlotter","169","Public","Sub","ClearExisting","3","Очищает существующую схему до нейтрального состояния без удаления ChartObject. Положение и размер окна схемы сохраняются, но старые расчетные series, аннотации и заголовок больше не могут выглядеть как актуальный snapshot.","False","Pending"
"src/Excel/CSectionPlotter.cls","CSectionPlotter","191","Private","Function","EnsureChart","3","Возвращает существующий ChartObject или создает его при первом запуске. При последующих обновлениях контейнер не пересоздается, чтобы пользователь мог вручную перемещать и менять размер схемы на листе.","False","Pending"
"src/Excel/CSectionPlotter.cls","CSectionPlotter","208","Private","Sub","PrepareChart","2","Подготавливает Chart к новой отрисовке, сохраняя сам ChartObject. Старые series удаляются, но размеры и положение окна схемы остаются как у пользователя.","False","Pending"
"src/Excel/CSectionPlotter.cls","CSectionPlotter","236","Private","Sub","ConfigureEqualScale","3","Настраивает одинаковый физический масштаб X и Y. Одна единица модели должна занимать одинаковое расстояние по горизонтали и вертикали, иначе круг станет эллипсом, а расположение арматуры исказится.","False","Pending"
"src/Excel/CSectionPlotter.cls","CSectionPlotter","296","Private","Function","AnnotationMarginModel","3","Оценивает запас координатной области под размерные линии и подписи арматуры. Значение считается в единицах модели, чтобы оси графика сразу оставляли место для внешних аннотаций.","False","Pending"
"src/Excel/CSectionPlotter.cls","CSectionPlotter","323","Private","Function","LengthMmToModel","2","Переводит геометрический offset из миллиметров сечения в output-единицы сохраненного Results. Offset специально остается модельной величиной.","False","Pending"
"src/Excel/CSectionPlotter.cls","CSectionPlotter","330","Private","Function","AnnotationTextMetricModel","3","Оценивает TextHeight/TextGap в координатах модели только для расширения области графика. В самом layout точное значение еще раз переводится в points по фактической PlotArea; здесь нужна лишь разумная предварительная рамка.","False","Pending"
"src/Excel/CSectionPlotter.cls","CSectionPlotter","353","Private","Sub","HideChartAxes","2","Прячет штатные оси Excel-графика: схема использует собственные осевые линии, размерные аннотации и подписи.","False","Pending"
"src/Excel/CSectionPlotter.cls","CSectionPlotter","376","Private","Sub","CalculateResultRange","2","Определяет диапазон значений Stress/Strain для окраски элементов и легенды. Неактивный растянутый бетон исключается, чтобы ""нет"" не расширяло шкалу.","False","Pending"
"src/Excel/CSectionPlotter.cls","CSectionPlotter","414","Private","Sub","ResetMaterialLegendRanges","1","Очищает накопленные пределы раздельной легенды бетона и арматуры.","False","Pending"
"src/Excel/CSectionPlotter.cls","CSectionPlotter","427","Private","Sub","RegisterMaterialLegendMagnitude","2","Добавляет значение элемента в соответствующую подшкалу легенды материала: бетон/арматура и сжатие/растяжение хранятся отдельно.","False","Pending"
"src/Excel/CSectionPlotter.cls","CSectionPlotter","444","Private","Sub","RegisterResultMagnitude","1","Запоминает значение с максимальным модулем для одной группы легенды.","False","Pending"
"src/Excel/CSectionPlotter.cls","CSectionPlotter","458","Private","Sub","AddElementSeries","3","Добавляет расчетные элементы на схему. Основной путь - Shape-слой с точной геометрией каждого элемента; bucket-series включаются только для очень больших сеток, где тысячи отдельных Shapes заметно перегружают Excel.","False","Pending"
"src/Excel/CSectionPlotter.cls","CSectionPlotter","497","Private","Function","ShouldDrawElementShapeLayer","4","Проверяет, можно ли рисовать расчетные элементы отдельными Shapes. Это обход лимита Excel Chart по числу series: геометрия остается поэлементной на средних сетках, а укрупнение включается только при действительно тяжелом количестве объектов.","False","Pending"
"src/Excel/CSectionPlotter.cls","CSectionPlotter","504","Private","Sub","AddElementShapes","3","Рисует бетонные волокна и стержни поэлементно как Shapes. В этом режиме размеры не усредняются, а цвет берется из того же правила, что и для grouped-series fallback-а.","False","Pending"
"src/Excel/CSectionPlotter.cls","CSectionPlotter","522","Private","Sub","AddConcreteElementShape","4","Рисует бетонный конечный элемент с фактической шириной, высотой и поворотом из Results. Если импортированный Region дошел до последнего fallback-а по площади, он рисуется квадратом с углом средней ориентации распознанной сетки.","False","Pending"
"src/Excel/CSectionPlotter.cls","CSectionPlotter","540","Private","Sub","AddRebarElementShape","2","Рисует арматурный стержень по диаметру из Results; если диаметр не сохранен, используется эквивалентный круг по площади.","False","Pending"
"src/Excel/CSectionPlotter.cls","CSectionPlotter","556","Private","Function","ElementBucketKey","3","Формирует ключ группировки точек диаграммы: элементы с одинаковым маркером, размером, цветом, материалом и физическим состоянием можно рисовать одной chart-серией, что сильно уменьшает число Excel-объектов.","False","Pending"
"src/Excel/CSectionPlotter.cls","CSectionPlotter","570","Private","Function","ElementMarkerStyle","1","Возвращает тип маркера Excel Chart для бетонного волокна или стержня.","False","Pending"
"src/Excel/CSectionPlotter.cls","CSectionPlotter","579","Private","Function","ElementMarkerSize","1","Возвращает размер маркера grouped-series в points.","False","Pending"
"src/Excel/CSectionPlotter.cls","CSectionPlotter","590","Private","Sub","AddBucketSeriesByIndexes","3","Создает одну XY-series для группы одинаково оформленных элементов. Координаты элементов остаются model/output-координатами, а Excel сам размещает маркеры по настроенным осям.","False","Pending"
"src/Excel/CSectionPlotter.cls","CSectionPlotter","633","Private","Function","ElementColor","3","Выбирает цвет одного расчетного элемента. Цвет берется из PhysicalState и выбранной легенды, а не из пользовательского знака Stress/Strain, потому что знак вывода может быть настроен пользователем.","False","Pending"
"src/Excel/CSectionPlotter.cls","CSectionPlotter","656","Private","Function","MaterialResultColor","3","Возвращает градиентный цвет внутри отдельного состояния материала. Ноль идет к нейтральному серому, максимум по модулю - к цвету сжатия или растяжения для бетона/арматуры.","False","Pending"
"src/Excel/CSectionPlotter.cls","CSectionPlotter","678","Private","Function","BucketConcreteMarkerSize","2","Укрупняет бетонные маркеры до нескольких близких размеров. На мелкой сетке это визуально почти не меняет схему, но резко снижает число Excel series.","False","Pending"
"src/Excel/CSectionPlotter.cls","CSectionPlotter","690","Private","Function","BucketResultColorRatio","3","Переводит непрерывный градиент в ограниченное число цветовых ступеней. Численное значение элемента остается точным в Results; дискретизация нужна только для устойчивой отрисовки большой расчетной сетки средствами Excel Chart.","False","Pending"
"src/Excel/CSectionPlotter.cls","CSectionPlotter","703","Private","Function","MaterialStateMaxAbs","3","Возвращает максимум по модулю для выбранного материала и физического состояния. При общей легенде используется общий диапазон, при раздельной - свой диапазон для бетона и арматуры.","False","Pending"
"src/Excel/CSectionPlotter.cls","CSectionPlotter","731","Private","Function","BlendColor","1","Линейно смешивает два RGB-цвета.","False","Pending"
"src/Excel/CSectionPlotter.cls","CSectionPlotter","747","Private","Sub","DrawAnalysisOverlay","4","Добавляет верхний служебный оверлей поверх элементов и аннотаций. Нейтральная линия, главные оси и точка нагрузки рисуются Chart.Shape-ами через тот же model-to-chart mapper, что и элементы, поэтому их координаты остаются согласованы, а слой можно поднять поверх сетки.","False","Pending"
"src/Excel/CSectionPlotter.cls","CSectionPlotter","759","Private","Sub","DrawGeometryReferenceOverlay","4","Добавляет к geometry-only схеме только те ориентиры, которые не требуют найденной плоскости деформаций. Этот режим используется для preview после AutoCAD-import: можно показать геометрию, главные оси и точку нагрузки, но нельзя рисовать нейтральную линию, легенду и подписи Stress/Strain.","False","Pending"
"src/Excel/CSectionPlotter.cls","CSectionPlotter","770","Private","Sub","DrawShapeDecorations","3","Рисует Shape-слой схемы: контур, размеры, групповые подписи и легенды. Shapes используются для оформления и служебного оверлея; расчетные значения читаются только из snapshot Results.","False","Pending"
"src/Excel/CSectionPlotter.cls","CSectionPlotter","785","Private","Sub","DrawGeometryOnlyNote","2","Пишет под схемой короткое пояснение, почему у geometry-only схемы нет цветовой шкалы, нейтральной линии и поэлементных Stress/Strain.","False","Pending"
"src/Excel/CSectionPlotter.cls","CSectionPlotter","800","Private","Sub","DrawPlotTitleOverlay","2","Рисует единственный заголовок схемы как Chart.Shape. Shape-заголовок живет в той же системе координат Chart, что и элементы, оси и аннотации.","False","Pending"
"src/Excel/CSectionPlotter.cls","CSectionPlotter","816","Private","Sub","DrawAxisNameLabels","3","Добавляет маленькие курсивные подписи глобальных осей X/Y внутри рабочей области схемы. Подписи живут в Chart.Shapes, поэтому двигаются вместе с окном схемы и не попадают в правую область легенд.","False","Pending"
"src/Excel/CSectionPlotter.cls","CSectionPlotter","856","Private","Sub","DrawStateWarning","4","Показывает под схемой короткое красное предупреждение по сохраненному DirectStateStatus. Для FAIL сохраняется прежний смысл: состояние найдено вне физической диаграммы. Для NumFail отдельно предупреждаем, что на схеме может быть последняя итерация, а не корректное равновесное состояние.","False","Pending"
"src/Excel/CSectionPlotter.cls","CSectionPlotter","883","Private","Sub","DrawConcreteContour","3","Рисует контур бетона из semantic-аннотаций Results. Generated-геометрия обычно передает точный контур; AutoCAD import может не иметь таких аннотаций, и тогда контур не угадывается насильно.","False","Pending"
"src/Excel/CSectionPlotter.cls","CSectionPlotter","906","Private","Sub","DrawContourArcAsLines","3","Рисует дугу контура обычными линейными Shape-сегментами. Это самый устойчивый вариант для Excel: каждая малая хорда является отдельной линией, поэтому программа не дорисовывает большую фаску между концами дуги.","False","Pending"
"src/Excel/CSectionPlotter.cls","CSectionPlotter","948","Private","Sub","AddBoundaryEdge","3","Добавляет ребро прямоугольного элемента в набор границ. Если соседний элемент уже добавил обратное ребро, оно удаляется: внутренние границы сетки не должны становиться наружным контуром.","False","Pending"
"src/Excel/CSectionPlotter.cls","CSectionPlotter","961","Private","Function","EdgeKey","1","Формирует устойчивый текстовый ключ ребра с округлением координат.","False","Pending"
"src/Excel/CSectionPlotter.cls","CSectionPlotter","969","Private","Sub","DrawNeutralLine","3","Строит нейтральную линию по сохраненной плоскости деформаций LC. Линия обрезается по semantic-контуру, а если контура нет - по условному контуру бетонных элементов.","False","Pending"
"src/Excel/CSectionPlotter.cls","CSectionPlotter","1019","Private","Sub","CollectContourIntersections","2","Собирает пересечения нейтральной линии с semantic-контуром. Для Generated-сечений это основной и наиболее точный путь обрезки линии.","False","Pending"
"src/Excel/CSectionPlotter.cls","CSectionPlotter","1040","Private","Sub","CollectConcreteCenterBoundsIntersections","2","Резервно обрезает линию по габариту центров бетонных элементов. Используется, когда точного semantic-контура нет, например после AutoCAD import.","False","Pending"
"src/Excel/CSectionPlotter.cls","CSectionPlotter","1069","Private","Sub","AddSegmentLineIntersectionT","1","Добавляет параметр пересечения бесконечной расчетной линии с одним отрезком контура.","False","Pending"
"src/Excel/CSectionPlotter.cls","CSectionPlotter","1088","Private","Sub","AddCircleLineIntersectionT","1","Добавляет две точки пересечения расчетной линии с круговым контуром.","False","Pending"
"src/Excel/CSectionPlotter.cls","CSectionPlotter","1108","Private","Sub","AddArcLineIntersectionT","3","Добавляет пересечения расчетной линии с дуговым сегментом контура. Сначала решается пересечение с полной окружностью, затем точки фильтруются по signed sweep дуги от ее начальной точки.","False","Pending"
"src/Excel/CSectionPlotter.cls","CSectionPlotter","1132","Private","Sub","AddArcIntersectionCandidate","2","Проверяет одну кандидатную точку пересечения с окружностью и добавляет ее только если точка лежит на нужном участке дуги.","False","Pending"
"src/Excel/CSectionPlotter.cls","CSectionPlotter","1145","Private","Function","IsPointOnArcSweep","1","True, если точка находится на signed sweep дуги от ее начального радиуса.","False","Pending"
"src/Excel/CSectionPlotter.cls","CSectionPlotter","1164","Private","Function","NormalizePositiveAngle","1","Нормализует угол к диапазону [0; 2*pi).","False","Pending"
"src/Excel/CSectionPlotter.cls","CSectionPlotter","1176","Private","Sub","AddUniqueLineT","2","Добавляет параметр t без дублей, чтобы вершины контура не создавали нулевые или повторные участки линии.","False","Pending"
"src/Excel/CSectionPlotter.cls","CSectionPlotter","1188","Private","Sub","CollectRectLineInterval","2","Находит интервал прохождения линии через эквивалентный прямоугольник элемента. Этот путь нужен только для приближенной обрезки по сетке.","False","Pending"
"src/Excel/CSectionPlotter.cls","CSectionPlotter","1220","Private","Sub","AddRectLineIntersectionValue","1","Добавляет одну координату пересечения линии со стороной прямоугольника элемента.","False","Pending"
"src/Excel/CSectionPlotter.cls","CSectionPlotter","1246","Private","Sub","DrawLineIntervals","2","Рисует заранее найденные интервалы расчетной линии. Близкие интервалы объединяются, чтобы линия выглядела цельной на грубой сетке.","False","Pending"
"src/Excel/CSectionPlotter.cls","CSectionPlotter","1286","Private","Sub","SortIntervals","1","Сортирует интервалы по начальной координате вдоль расчетной линии.","False","Pending"
"src/Excel/CSectionPlotter.cls","CSectionPlotter","1299","Private","Sub","SwapDouble","1","Меняет местами два числа при сортировке интервалов.","False","Pending"
"src/Excel/CSectionPlotter.cls","CSectionPlotter","1307","Private","Sub","CollectRectLineIntersections","1","Собирает min/max параметр линии внутри прямоугольного элемента.","False","Pending"
"src/Excel/CSectionPlotter.cls","CSectionPlotter","1327","Private","Sub","AddRectLineIntersection","1","Обновляет min/max параметр линии по пересечению с одной стороной прямоугольника.","False","Pending"
"src/Excel/CSectionPlotter.cls","CSectionPlotter","1348","Private","Sub","DrawPrincipalAxes","1","Рисует выбранные главные центральные оси: бетонного или приведенного сечения.","False","Pending"
"src/Excel/CSectionPlotter.cls","CSectionPlotter","1369","Private","Function","PlotPrincipalAxesMode","2","Читает режим осей схемы. Старый Yes/No-ключ поддержан только как fallback для уже открытых старых книг, но новый Config использует PrincipalAxesMode.","False","Pending"
"src/Excel/CSectionPlotter.cls","CSectionPlotter","1384","Private","Function","NormalizePrincipalAxesMode","1","Приводит пользовательское значение режима осей к одному из трех вариантов.","False","Pending"
"src/Excel/CSectionPlotter.cls","CSectionPlotter","1399","Private","Function","PrincipalAxesModeDraws","1","True, если выбранный режим требует вывода осей.","False","Pending"
"src/Excel/CSectionPlotter.cls","CSectionPlotter","1406","Private","Sub","DrawShapeAnnotations","3","Передает semantic-аннотации Results в CPlotAnnotationLayout. Здесь нет логики конкретной формы: если аннотация есть, layout размещает ее; если import не дал semantic-данных, Plotter ничего не угадывает.","False","Pending"
"src/Excel/CSectionPlotter.cls","CSectionPlotter","1444","Private","Sub","RenderAnnotationLayout","3","Создает Chart.Shapes по готовому layout. Dimension lines получают стрелки, тексты и выносные линии уже с рассчитанными координатами внутри Chart.","False","Pending"
"src/Excel/CSectionPlotter.cls","CSectionPlotter","1469","Private","Function","NormalizeArrowType","1","Нормализует пользовательский тип стрелки размерной линии.","False","Pending"
"src/Excel/CSectionPlotter.cls","CSectionPlotter","1480","Private","Function","NormalizeArrowSize","1","Нормализует пользовательский размер стрелки размерной линии.","False","Pending"
"src/Excel/CSectionPlotter.cls","CSectionPlotter","1489","Private","Function","DimensionArrowStyle","1","Преобразует текстовую настройку стрелки в константу Office.","False","Pending"
"src/Excel/CSectionPlotter.cls","CSectionPlotter","1500","Private","Function","DimensionArrowLength","1","Преобразует размер стрелки в длину наконечника Office.","False","Pending"
"src/Excel/CSectionPlotter.cls","CSectionPlotter","1509","Private","Function","DimensionArrowWidth","1","Преобразует размер стрелки в ширину наконечника Office.","False","Pending"
"src/Excel/CSectionPlotter.cls","CSectionPlotter","1520","Private","Sub","DrawResultLabels","3","Расставляет пространственные численные подписи Stress/Strain по бетонным элементам. Подписи не ставятся на неработающий растянутый бетон и выбираются по сетке spacing, а не по порядковому ElementID.","False","Pending"
"src/Excel/CSectionPlotter.cls","CSectionPlotter","1571","Private","Sub","DrawLegend","3","Рисует одну общую или две раздельные легенды результата. Раздельный режим считает диапазоны бетона и арматуры независимо, поэтому цвета материалов не “слипаются” из-за разных уровней напряжений.","False","Pending"
"src/Excel/CSectionPlotter.cls","CSectionPlotter","1593","Private","Sub","DrawChartLegendScale","2","Рисует вертикальную цветовую шкалу для одного материала. Верх шкалы соответствует сжатию, середина - нулю/серому цвету, низ - растяжению.","False","Pending"
"src/Excel/CSectionPlotter.cls","CSectionPlotter","1613","Private","Function","LegendCompressionText","1","Возвращает русскую подпись ""Сжатие"" без зависимости от кодировки VBE.","False","Pending"
"src/Excel/CSectionPlotter.cls","CSectionPlotter","1618","Private","Function","LegendTensionText","1","Возвращает русскую подпись ""Растяжение"" без зависимости от кодировки VBE.","False","Pending"
"src/Excel/CSectionPlotter.cls","CSectionPlotter","1623","Private","Function","MaterialLegendColor","1","Возвращает цвет легенды в относительной точке шкалы 0..1.","False","Pending"
"src/Excel/CSectionPlotter.cls","CSectionPlotter","1634","Private","Function","LegendCompressionColor","1","Выбирает цвет максимального сжатия для материала или общей легенды.","False","Pending"
"src/Excel/CSectionPlotter.cls","CSectionPlotter","1643","Private","Function","LegendTensionColor","1","Выбирает цвет максимального растяжения для материала или общей легенды.","False","Pending"
"src/Excel/CSectionPlotter.cls","CSectionPlotter","1652","Private","Function","IsCommonLegendMode","1","True, если пользователь выбрал одну общую легенду вместо отдельных шкал.","False","Pending"
"src/Excel/CSectionPlotter.cls","CSectionPlotter","1657","Private","Function","LegendValueText","1","Формирует подпись min/max легенды; если состояния нет, показывает ""нет"".","False","Pending"
"src/Excel/CSectionPlotter.cls","CSectionPlotter","1666","Private","Sub","AddLegendRect","1","Добавляет один цветной прямоугольник вертикальной легенды.","False","Pending"
"src/Excel/CSectionPlotter.cls","CSectionPlotter","1677","Private","Function","DrawModelLine","2","Рисует Shape-линию по координатам модели. Используется для контуров и аннотационных линий, когда нужен именно Chart.Shape.","False","Pending"
"src/Excel/CSectionPlotter.cls","CSectionPlotter","1686","Private","Sub","DrawModelReferenceLine","3","Рисует расчетную опорную линию поверх сетки устойчивыми Shape-полосами. Для главных осей и нейтральной линии не используем Excel Line/Connector: у диагональных линий Excel может нестабильно трактовать рамку объекта.","False","Pending"
"src/Excel/CSectionPlotter.cls","CSectionPlotter","1707","Private","Function","DrawChartLine","2","Рисует линию в координатах Chart/PlotArea. Все model-to-chart преобразования должны быть сделаны до вызова этого метода.","False","Pending"
"src/Excel/CSectionPlotter.cls","CSectionPlotter","1720","Private","Function","DrawChartReferenceBand","3","Рисует служебную линию внутри ChartObject как тонкую Freeform-полосу. Такая форма движется вместе с окном схемы, но не страдает от геометрии стандартного Excel Line/Connector на диагональных направлениях.","False","Pending"
"src/Excel/CSectionPlotter.cls","CSectionPlotter","1755","Private","Sub","DrawChartDashedReferenceBand","2","Рисует пунктирную расчетную линию короткими Freeform-сегментами. Объектов немного: пунктир нужен только для опорных осей, а не для сетки.","False","Pending"
"src/Excel/CSectionPlotter.cls","CSectionPlotter","1811","Private","Function","ClipChartLineToPlotFrame","3","Обрезает линию по текущей координатной рамке схемы. Это не меняет расчетную геометрию, а только не дает опорным осям выходить за видимую область построения.","False","Pending"
"src/Excel/CSectionPlotter.cls","CSectionPlotter","1852","Private","Function","ClipLineParameter","1","Обновляет параметры отсечения Liang-Barsky для одной стороны рамки.","False","Pending"
"src/Excel/CSectionPlotter.cls","CSectionPlotter","1875","Private","Sub","SetShapeCenter","3","Возвращает Shape в заданный центр после поворота. Excel может пересчитать рамку повернутого прямоугольника, поэтому центр фиксируем после установки Rotation, а не только при создании объекта.","False","Pending"
"src/Excel/CSectionPlotter.cls","CSectionPlotter","1884","Private","Sub","BringShapeToFront","3","Поднимает служебные Shape-объекты поверх сетки и аннотаций. Если конкретная версия Excel не поддержит ZOrder для объекта, отрисовка остается рабочей, просто без дополнительного изменения слоя.","False","Pending"
"src/Excel/CSectionPlotter.cls","CSectionPlotter","1892","Private","Function","DrawModelRectangle","1","Рисует прямоугольный элемент в координатах модели как Shape.","False","Pending"
"src/Excel/CSectionPlotter.cls","CSectionPlotter","1913","Private","Function","DrawModelRectangleCentered","3","Рисует прямоугольник с центром и поворотом в координатах модели. Excel Shape вращается уже в координатах экрана, поэтому знак угла меняется: в расчетной модели Y направлена вверх, а в координатах листа Excel - вниз.","False","Pending"
"src/Excel/CSectionPlotter.cls","CSectionPlotter","1943","Private","Function","DrawModelOval","2","Рисует овал/круг в координатах модели как Shape. Нужен для semantic-контура круга; сами арматурные стержни рисуются series.","False","Pending"
"src/Excel/CSectionPlotter.cls","CSectionPlotter","1970","Private","Sub","DrawPoint","3","Рисует одиночную Shape-точку. Сейчас расчетные точки предпочтительно рисуются series; метод оставлен для специальных декоративных объектов, если им нужен Shape-контракт.","False","Pending"
"src/Excel/CSectionPlotter.cls","CSectionPlotter","1985","Private","Sub","DrawPointMarker","2","Рисует одиночный служебный маркер как Shape поверх сетки. Положение считается централизованно через ModelToChartX/Y.","False","Pending"
"src/Excel/CSectionPlotter.cls","CSectionPlotter","2002","Private","Sub","DrawTextAt","2","Размещает короткую подпись около точки модели. Используется для численных подписей результатов внутри бетонных элементов.","False","Pending"
"src/Excel/CSectionPlotter.cls","CSectionPlotter","2015","Private","Function","AddChartText","3","Создает текстовый Shape внутри Chart. Важно: это не Worksheet.Shape, поэтому при перемещении Chart все подписи остаются внутри единого графического объекта.","False","Pending"
"src/Excel/CSectionPlotter.cls","CSectionPlotter","2059","Private","Function","ModelToChartX","1","Переводит X-координату модели в координату Shape внутри ChartObject.","False","Pending"
"src/Excel/CSectionPlotter.cls","CSectionPlotter","2066","Private","Function","ModelToChartY","2","Переводит Y-координату модели в координату Shape внутри ChartObject. Направление Y в Excel идет вниз, поэтому формула инвертирует вертикаль.","False","Pending"
"src/Excel/CSectionPlotter.cls","CSectionPlotter","2073","Private","Function","ChartScale","1","Возвращает единый масштаб модели в points для текущей области построения.","False","Pending"
"src/Excel/CSectionPlotter.cls","CSectionPlotter","2092","Private","Sub","CapturePlotAreaMetrics","4","Сохраняет координатную область PlotArea для текущего прохода отрисовки. Excel может слегка пересчитать PlotArea после добавления Shapes и подписей, поэтому все Shape-элементы, оси, нейтральная линия и точка нагрузки должны использовать один и тот же снимок размеров.","False","Pending"
"src/Excel/CSectionPlotter.cls","CSectionPlotter","2130","Private","Sub","EnsurePlotAreaMetrics","2","Гарантирует, что model-to-chart преобразование не читает PlotArea повторно в середине построения схемы.","False","Pending"
"src/Excel/CSectionPlotter.cls","CSectionPlotter","2136","Private","Function","StablePlotFrameWidth","2","Возвращает ширину рабочей рамки Shape-схемы. Значение намеренно зависит только от ChartObject, а не от живого Excel PlotArea.","False","Pending"
"src/Excel/CSectionPlotter.cls","CSectionPlotter","2142","Private","Function","StablePlotFrameHeight","1","Возвращает высоту рабочей рамки Shape-схемы.","False","Pending"
"src/Excel/CSectionPlotter.cls","CSectionPlotter","2149","Private","Function","PlotCoordinateWidth","2","Выбирает ширину координатной области: стабильную рамку для Shape-схемы или фактическую PlotArea для fallback-а на XY-series.","False","Pending"
"src/Excel/CSectionPlotter.cls","CSectionPlotter","2158","Private","Function","PlotCoordinateHeight","1","Выбирает высоту координатной области с той же логикой, что и ширина.","False","Pending"
"src/Excel/CSectionPlotter.cls","CSectionPlotter","2168","Private","Sub","ClearGeneratedShapes","2","Очищает накопленное состояние перед новым расчетом или повторным формированием вывода. Удаляет все Shape-объекты, созданные текущим plotter-ом внутри графика.","False","Pending"
"src/Excel/CSectionPlotter.cls","CSectionPlotter","2180","Private","Sub","ClearLegacyWorksheetGeneratedShapes","3","Удаляет служебные Shape-объекты схемы, созданные прямо на листе Расчет. Актуальная схема хранит опорные линии и точку внутри ChartObject, но остатки старых версий могли остаться на листе и должны очищаться перед перерисовкой.","False","Pending"
"src/Excel/CSectionPlotter.cls","CSectionPlotter","2197","Private","Function","ConcreteElementWidth","2","Возвращает визуальную ширину бетонного элемента. Если snapshot не хранит размеры оболочки, используется fallback по площади.","False","Pending"
"src/Excel/CSectionPlotter.cls","CSectionPlotter","2203","Private","Function","ConcreteElementHeight","1","Возвращает визуальную высоту бетонного элемента с тем же fallback, что и ширина.","False","Pending"
"src/Excel/CSectionPlotter.cls","CSectionPlotter","2211","Private","Function","ConcreteElementVisualRotation","3","Возвращает визуальный угол бетонного элемента. Для реальных прямоугольников используется их собственный Rotation, а последний fallback по площади получает средний угол импортированной сетки.","False","Pending"
"src/Excel/CSectionPlotter.cls","CSectionPlotter","2222","Private","Function","AverageKnownConcreteElementRotation","3","Находит среднюю ориентацию бетонных элементов с известными Width/Height. Угол прямоугольника усредняется через 2*angle, потому что поворот на 180 градусов описывает ту же самую ячейку.","False","Pending"
"src/Excel/CSectionPlotter.cls","CSectionPlotter","2245","Private","Function","IsEquivalentAreaFallbackElement","3","Определяет последний fallback бетонного Region по площади. Новый snapshot пишет Equivalent square, старое EquivalentSquare оставлено только для просмотра ранее записанных Results.","False","Pending"
"src/Excel/CSectionPlotter.cls","CSectionPlotter","2253","Private","Function","Atn2Local","1","Локальный atan2 для среднего угла визуальной сетки.","False","Pending"
"src/Excel/CSectionPlotter.cls","CSectionPlotter","2275","Private","Function","ConcreteMarkerLength","1","Возвращает характерный размер маркера для fallback-отрисовки через series.","False","Pending"
"src/Excel/CSectionPlotter.cls","CSectionPlotter","2288","Private","Function","EquivalentLengthFromArea","1","Восстанавливает сторону эквивалентного квадрата по площади элемента.","False","Pending"
"src/Excel/CSectionPlotter.cls","CSectionPlotter","2297","Private","Function","LengthFactorToMm","1","Возвращает множитель перевода указанной единицы длины в миллиметры.","False","Pending"
"src/Excel/CSectionPlotter.cls","CSectionPlotter","2307","Private","Function","AreaFactorToMm2","1","Возвращает множитель перевода указанной единицы площади в мм2.","False","Pending"
"src/Excel/CSectionPlotter.cls","CSectionPlotter","2318","Private","Function","PlotTitlePrefix","2","Возвращает русскую приставку заголовка схемы без зависимости от кодировки исходного VBA-файла.","False","Pending"
"src/Excel/CSectionPlotter.cls","CSectionPlotter","2326","Private","Function","PlotTitleText","1","Формирует заголовок схемы для выбранного LC или режима просмотра геометрии.","False","Pending"
"src/Excel/CSectionPlotter.cls","CSectionPlotter","2340","Private","Function","NormalizeLegendMode","1","Нормализует режим легенды: Common или Separate.","False","Pending"
"src/Excel/CSectionPlotter.cls","CSectionPlotter","2350","Private","Function","ParseRgb","2","Читает RGB-цвет из строки Config вида ""r,g,b"". При ошибке возвращает безопасный default.","False","Pending"
"src/Excel/CSectionPlotter.cls","CSectionPlotter","2372","Private","Function","FormatPlotValue","1","Форматирует значение Stress/Strain с профильной точностью выбранной величины.","False","Pending"
"src/Excel/CSectionPlotter.cls","CSectionPlotter","2386","Private","Function","ParseInvariantDouble","1","Читает число с точкой как десятичным разделителем независимо от локали Excel.","False","Pending"
"src/Excel/CSectionPlotter.cls","CSectionPlotter","2395","Private","Function","FormatNumberInvariant","1","Форматирует число компактно и независимо от локали для подписей схемы.","False","Pending"
"src/Excel/CSectionPlotter.cls","CSectionPlotter","2406","Private","Function","RoundTo","1","Округляет значение для подписей и вспомогательных размеров.","False","Pending"
"src/Excel/CSectionPlotter.cls","CSectionPlotter","2411","Private","Function","RoundToLong","1","Округляет положительное значение до ближайшего Long для количества делений.","False","Pending"
"src/Excel/CSectionPlotter.cls","CSectionPlotter","2416","Private","Function","ClampDouble","1","Ограничивает значение заданным диапазоном.","False","Pending"
"src/Excel/CSectionPlotter.cls","CSectionPlotter","2423","Private","Function","MaxDouble","1","Утилитарный максимум без WorksheetFunction в коде схемы.","False","Pending"
"src/Excel/CSectionPlotter.cls","CSectionPlotter","2428","Private","Function","MinDouble","1","Утилитарный минимум без WorksheetFunction в коде схемы.","False","Pending"
"src/Excel/CSectionTypeRegistry.cls","CSectionTypeRegistry","31","Private","Function","ActiveGeometryType","3","Возвращает нормализованный тип встроенной геометрии из Config. Все публичные методы registry пользуются одним и тем же значением, поэтому новая форма регистрируется в одном месте и не расползается по workbook-коду.","False","Pending"
"src/Excel/CSectionTypeRegistry.cls","CSectionTypeRegistry","51","Public","Function","CreateGeometry","3","Создает математическую форму сечения для Geometry.Source = Generated. Здесь допустим shape-specific Select Case: это единственная точка регистрации встроенных форм. Ниже по цепочке расчетное ядро видит только ISectionGeometry.","False","Pending"
"src/Excel/CSectionTypeRegistry.cls","CSectionTypeRegistry","107","Public","Function","CreateRebars","4","Создает раскладку арматуры для активной встроенной формы. Registry выбирает нужный builder, а чтение shape-specific ключей Config выполняет сам builder. Так таблица граней RectSet и правила дополнительных рядов не размазываются по общему registry.","False","Pending"
"src/Excel/CSectionTypeRegistry.cls","CSectionTypeRegistry","139","Public","Sub","BuildAnnotations","6","Добавляет semantic-аннотации формы в готовую CSectionModel. AnnotationBuilder получает модельные координаты и смысловые группы арматуры; Excel/Chart-координаты по-прежнему рассчитывает только layout/plot layer. Если для будущего типа сечения annotation builder еще не создан, это не считается ошибкой: модель просто останется без размеров/подписей граней, а общие подписи схемы CSectionPlotter продолжит выводить сам.","False","Pending"
"src/Excel/CSectionTypeRegistry.cls","CSectionTypeRegistry","173","Public","Function","BuildGeneratedModel","3","Собирает Generated-модель целиком: форму, бетонную сетку, арматуру и semantic-аннотации. При добавлении нового типа меняется только registry и три специализированных класса формы; writer/reader/layout/plotter не трогаются.","False","Pending"
"src/Excel/CSectionTypeRegistry.cls","CSectionTypeRegistry","209","Public","Function","MeshBoundarySubdivisions","3","Возвращает число подъячеек для уточнения границы бетонной сетки. Настройка общая для всех встроенных форм и не относится к конкретной geometry/rebar/annotation реализации.","False","Pending"
"src/Excel/CStabilitySummaryWriter.cls","CStabilitySummaryWriter","44","Public","Function","HeaderRowsAboveAnchor","1","Возвращает количество строк шапки, которые writer строит выше rngStabilitySummaryAnchor.","False","Pending"
"src/Excel/CStabilitySummaryWriter.cls","CStabilitySummaryWriter","49","Public","Function","RequiredRows","1","Возвращает полную высоту таблицы устойчивости с учетом шапки над якорем.","False","Pending"
"src/Excel/CStabilitySummaryWriter.cls","CStabilitySummaryWriter","56","Public","Function","RequiredDataRowsForWorkbook","2","Возвращает число строк данных, которое нужно оформить под доступные LC. Заполненные сочетания берутся из batch, а пустая сетка - из высоты rngLoadCombinations.","False","Pending"
"src/Excel/CStabilitySummaryWriter.cls","CStabilitySummaryWriter","74","Public","Function","RequiredRowsForWorkbook","2","Возвращает полную высоту таблицы для фактической книги, включая пустые доступные строки сочетаний, которые тоже должны иметь рамки.","False","Pending"
"src/Excel/CStabilitySummaryWriter.cls","CStabilitySummaryWriter","79","Public","Function","RequiredColumns","1","Возвращает полную ширину таблицы устойчивости, включая пустые столбцы-разделители.","False","Pending"
"src/Excel/CStabilitySummaryWriter.cls","CStabilitySummaryWriter","84","Public","Sub","WriteSummary","1","Записывает детальную таблицу устойчивости от якоря rngStabilitySummaryAnchor.","False","Pending"
"src/Excel/CStabilitySummaryWriter.cls","CStabilitySummaryWriter","104","Public","Sub","ClearSummary","1","Полностью очищает старый блок устойчивости вместе с объединениями и форматами.","False","Pending"
"src/Excel/CStabilitySummaryWriter.cls","CStabilitySummaryWriter","110","Private","Function","TargetRange","1","Возвращает полный диапазон таблицы: пять строк шапки над якорем и фактические строки LC.","False","Pending"
"src/Excel/CStabilitySummaryWriter.cls","CStabilitySummaryWriter","119","Private","Function","ClearTargetRange","1","Возвращает область очистки старой таблицы до следующего нижнего якоря Results.","False","Pending"
"src/Excel/CStabilitySummaryWriter.cls","CStabilitySummaryWriter","143","Private","Sub","PrepareTarget","1","Снимает старые объединения и чистит область, чтобы при переносе якоря не осталось старой верстки.","False","Pending"
"src/Excel/CStabilitySummaryWriter.cls","CStabilitySummaryWriter","150","Private","Sub","WriteBlockTitle","1","Записывает отдельную строку-название над detailed-блоком устойчивости.","False","Pending"
"src/Excel/CStabilitySummaryWriter.cls","CStabilitySummaryWriter","170","Private","Sub","ClearBlockTitleRow","1","Очищает строку-название вместе со старой заливкой, если якорь блока был перенесен.","False","Pending"
"src/Excel/CStabilitySummaryWriter.cls","CStabilitySummaryWriter","177","Private","Sub","WriteHeaders","1","Формирует многоуровневую шапку таблицы. Разделительные столбцы остаются пустыми.","False","Pending"
"src/Excel/CStabilitySummaryWriter.cls","CStabilitySummaryWriter","209","Private","Sub","WriteSP35PlaneHeaders","1","Записывает верхние подписи для одной плоскости СП 35.","False","Pending"
"src/Excel/CStabilitySummaryWriter.cls","CStabilitySummaryWriter","217","Private","Sub","WriteSP63PlaneHeaders","1","Записывает верхние подписи для одной плоскости СП 63.","False","Pending"
"src/Excel/CStabilitySummaryWriter.cls","CStabilitySummaryWriter","223","Private","Sub","PutHeaderNotes","2","Заполняет строку примечаний над обозначениями. Это обычный текст без переноса: если он не помещается, Excel просто обрезает его по ширине ячейки.","False","Pending"
"src/Excel/CStabilitySummaryWriter.cls","CStabilitySummaryWriter","261","Private","Sub","PutSP35PlaneNotes","1","Заполняет примечания одной плоскости СП 35.","False","Pending"
"src/Excel/CStabilitySummaryWriter.cls","CStabilitySummaryWriter","280","Private","Sub","PutSP63PlaneNotes","1","Заполняет примечания одной плоскости СП 63.","False","Pending"
"src/Excel/CStabilitySummaryWriter.cls","CStabilitySummaryWriter","296","Private","Sub","PutHeaderRowLabels","1","Заполняет строку обозначений под многоуровневой шапкой.","False","Pending"
"src/Excel/CStabilitySummaryWriter.cls","CStabilitySummaryWriter","341","Private","Function","SP35EtaReserveLabel","4","Заполняет обозначения одной плоскости СП 35. Формирует заголовок запаса для ветви СП 35 ec > r. В нем показывается не условное k, а фактический лимит N/Ncr, заданный пользователем в Stability.SP35.NOverNcrLimit.","False","Pending"
"src/Excel/CStabilitySummaryWriter.cls","CStabilitySummaryWriter","352","Private","Function","FormatCoefficientInvariant","1","Пишет коэффициент в заголовок с точкой в качестве десятичного разделителя.","False","Pending"
"src/Excel/CStabilitySummaryWriter.cls","CStabilitySummaryWriter","358","Private","Sub","PutSP35PlaneLabels","2","Заполняет подписи одной плоскости СП 35, сохраняя раздельные колонки для ветвей ec > r и ec <= r.","False","Pending"
"src/Excel/CStabilitySummaryWriter.cls","CStabilitySummaryWriter","378","Private","Sub","PutSP63PlaneLabels","1","Заполняет обозначения одной плоскости СП 63.","False","Pending"
"src/Excel/CStabilitySummaryWriter.cls","CStabilitySummaryWriter","394","Private","Sub","WriteData","1","Записывает строки LC одним массивом.","False","Pending"
"src/Excel/CStabilitySummaryWriter.cls","CStabilitySummaryWriter","412","Private","Function","OutputDataOffset","3","Заполняет одну строку LC: общий итог, общие исходные величины и выбранный блок СП. Возвращает позицию LC внутри data-части подробной таблицы. Основной поток читает offset из rngLoadCombinations; прямые тесты без offset продолжают выводиться компактно.","False","Pending"
"src/Excel/CStabilitySummaryWriter.cls","CStabilitySummaryWriter","420","Private","Function","StabilityStatusText","1","Возвращает внешний статус канонической устойчивости через общую policy.","False","Pending"
"src/Excel/CStabilitySummaryWriter.cls","CStabilitySummaryWriter","429","Private","Function","MetaComment","2","Возвращает готовое пользовательское пояснение из ResultMeta блока. Writer не анализирует технические StopReason и не собирает комментарий заново.","False","Pending"
"src/Excel/CStabilitySummaryWriter.cls","CStabilitySummaryWriter","437","Private","Sub","PutCombination","3","Заполняет одну строку устойчивости готовыми результатами и своим комментарием. Подробные числовые поля доступны только завершенной проверке; активная ветвь СП 35/СП 63 выбирается по сохраненному результату, без повторения формул.","False","Pending"
"src/Excel/CStabilitySummaryWriter.cls","CStabilitySummaryWriter","487","Private","Sub","PutSP35PlaneValues","1","Заполняет одну плоскость СП 35. В строке активна только ветвь ec > r или ec <= r.","False","Pending"
"src/Excel/CStabilitySummaryWriter.cls","CStabilitySummaryWriter","517","Private","Sub","PutSP63PlaneValues","1","Заполняет одну плоскость СП 63.","False","Pending"
"src/Excel/CStabilitySummaryWriter.cls","CStabilitySummaryWriter","535","Private","Sub","FormatTable","1","Применяет общее оформление, границы блоков и независимую красную подсветку.","False","Pending"
"src/Excel/CStabilitySummaryWriter.cls","CStabilitySummaryWriter","566","Private","Sub","FormatHeaderNotes","1","Оформляет строку примечаний как обычный текст, а не как дополнительный заголовок.","False","Pending"
"src/Excel/CStabilitySummaryWriter.cls","CStabilitySummaryWriter","578","Private","Sub","SetColumnWidths","1","Задает рабочие ширины столбцов Results для детального блока устойчивости.","False","Pending"
"src/Excel/CStabilitySummaryWriter.cls","CStabilitySummaryWriter","583","Private","Sub","FormatBlock","1","Оформляет один смысловой блок и не трогает пустой столбец-разделитель рядом.","False","Pending"
"src/Excel/CStabilitySummaryWriter.cls","CStabilitySummaryWriter","595","Private","Sub","FormatStatusCells","1","Красит блоки строки LC по итоговому статусу расчета устойчивости.","False","Pending"
"src/Excel/CStabilitySummaryWriter.cls","CStabilitySummaryWriter","615","Private","Sub","PutDefaultStatusCells","1","Заполняет все статусные колонки нормативных ветвей значением N/A до записи выбранной методики.","False","Pending"
"src/Excel/CStabilitySummaryWriter.cls","CStabilitySummaryWriter","625","Private","Sub","ApplyStatusCell","1","Красит одну статусную ячейку detailed-блока устойчивости по единой палитре Results.","False","Pending"
"src/Excel/CStabilitySummaryWriter.cls","CStabilitySummaryWriter","632","Private","Sub","MergeCells","1","Объединяет ячейки шапки и записывает текст.","False","Pending"
"src/Excel/CStabilitySummaryWriter.cls","CStabilitySummaryWriter","641","Private","Function","BlockWidth","1","Возвращает ширину блока по его первой и последней колонке.","False","Pending"
"src/Excel/CStabilitySummaryWriter.cls","CStabilitySummaryWriter","646","Private","Sub","ApplyHeaderSubscripts","1","Делает нижние индексы в обозначениях без изменения самого текста заголовка.","False","Pending"
"src/Excel/CStabilitySummaryWriter.cls","CStabilitySummaryWriter","673","Private","Sub","ApplySubscriptToken","1","Применяет нижний индекс к найденному техническому обозначению.","False","Pending"
"src/Excel/CStabilitySummaryWriter.cls","CStabilitySummaryWriter","688","Private","Function","PlaneStatus","1","Возвращает статус одной расчетной плоскости по общему пользовательскому словарю.","False","Pending"
"src/Excel/CStabilitySummaryWriter.cls","CStabilitySummaryWriter","703","Private","Function","PlaneApplicable","3","Однотипные accessors ниже выбирают данные первой или второй главной плоскости из batch-результата. Они держат разметку таблицы независимой от конкретных имен свойств Stability...1/Stability...2.","False","Pending"
"src/Excel/CStabilitySummaryWriter.cls","CStabilitySummaryWriter","708","Private","Function","PlanePassed","1","Возвращает итог PASS/FAIL одной плоскости устойчивости.","False","Pending"
"src/Excel/CStabilitySummaryWriter.cls","CStabilitySummaryWriter","713","Private","Function","PlaneBranch","1","Возвращает расчетную ветвь одной плоскости: SP35-table, SP35-eta или SP63.","False","Pending"
"src/Excel/CStabilitySummaryWriter.cls","CStabilitySummaryWriter","718","Private","Function","PlaneNcr","1","Возвращает критическую силу Ncr одной плоскости.","False","Pending"
"src/Excel/CStabilitySummaryWriter.cls","CStabilitySummaryWriter","723","Private","Function","PlaneNultimate","1","Возвращает табличную несущую силу Nult для ветви СП 35 ec <= r.","False","Pending"
"src/Excel/CStabilitySummaryWriter.cls","CStabilitySummaryWriter","728","Private","Function","PlaneEta","1","Возвращает коэффициент eta одной плоскости.","False","Pending"
"src/Excel/CStabilitySummaryWriter.cls","CStabilitySummaryWriter","733","Private","Function","PlanePhiL","1","Возвращает коэффициент длительности phi_l одной плоскости.","False","Pending"
"src/Excel/CStabilitySummaryWriter.cls","CStabilitySummaryWriter","738","Private","Function","PlanePhiLTable","1","Возвращает табличный phi_l для ветви СП 35 ec <= r.","False","Pending"
"src/Excel/CStabilitySummaryWriter.cls","CStabilitySummaryWriter","743","Private","Function","PlanePhiM","1","Возвращает табличный phi_m для ветви СП 35 ec <= r.","False","Pending"
"src/Excel/CStabilitySummaryWriter.cls","CStabilitySummaryWriter","748","Private","Function","PlanePhiValue","1","Возвращает итоговый phi для табличной ветви СП 35.","False","Pending"
"src/Excel/CStabilitySummaryWriter.cls","CStabilitySummaryWriter","753","Private","Function","PlaneEccentricity","1","Возвращает полный эксцентриситет ec/e0 одной плоскости.","False","Pending"
"src/Excel/CStabilitySummaryWriter.cls","CStabilitySummaryWriter","758","Private","Function","PlaneAccidentalEccentricity","1","Возвращает случайный эксцентриситет ec,sl/ea одной плоскости.","False","Pending"
"src/Excel/CStabilitySummaryWriter.cls","CStabilitySummaryWriter","763","Private","Function","PlaneSlenderness","1","Возвращает гибкость l0/i одной плоскости.","False","Pending"
"src/Excel/CStabilitySummaryWriter.cls","CStabilitySummaryWriter","768","Private","Function","PlaneCoreDistance","1","Возвращает ядровое расстояние r в направлении эксцентриситета.","False","Pending"
"src/Excel/CStabilitySummaryWriter.cls","CStabilitySummaryWriter","773","Private","Function","PlaneDelta","1","Возвращает расчетную delta одной плоскости.","False","Pending"
"src/Excel/CStabilitySummaryWriter.cls","CStabilitySummaryWriter","778","Private","Function","PlaneKb","1","Возвращает коэффициент kb для ветви СП 63.","False","Pending"
"src/Excel/CStabilitySummaryWriter.cls","CStabilitySummaryWriter","783","Private","Function","PlaneKs","1","Возвращает коэффициент ks для ветви СП 63.","False","Pending"
"src/Excel/CStabilitySummaryWriter.cls","CStabilitySummaryWriter","788","Private","Function","PlaneStiffnessD","1","Возвращает жесткость D одной плоскости.","False","Pending"
"src/Excel/CStabilitySummaryWriter.cls","CStabilitySummaryWriter","793","Private","Function","PlaneReserve","1","Возвращает проверочный запас одной плоскости.","False","Pending"
"src/Excel/CStabilitySummaryWriter.cls","CStabilitySummaryWriter","799","Private","Function","OptionalValue","2","Возвращает пустую ячейку для численного нуля, чтобы summary не шумела несущественными расчетными величинами.","False","Pending"
"src/Excel/CStabilitySummaryWriter.cls","CStabilitySummaryWriter","805","Private","Function","OptionalCompressionForce","2","Выводит сжимающую силу только когда она физически есть; иначе возвращает стандартный N/A из политики статусов.","False","Pending"
"src/Excel/CStabilitySummaryWriter.cls","CStabilitySummaryWriter","810","Private","Function","RatioLimitToCompression","1","Возвращает коэффициент запаса limit/Ncompression для ограничения СП 35.","False","Pending"
"src/Excel/CStabilitySummaryWriter.cls","CStabilitySummaryWriter","821","Private","Function","CompressionMagnitude","1","Преобразует signed N во внутреннюю положительную величину сжатия.","False","Pending"
"src/Excel/CStabilitySummaryWriter.cls","CStabilitySummaryWriter","830","Private","Function","OutputCompressionForce","2","Переводит положительную величину сжатия в пользовательские единицы силы с учетом принятого знака Output.SignConvention.N.","False","Pending"
"src/Excel/CStabilitySummaryWriter.cls","CStabilitySummaryWriter","836","Private","Function","OutputSignedCompressionForce","1","Выводит подписанную сжимающую силу как пользовательское значение N.","False","Pending"
"src/Excel/CStabilitySummaryWriter.cls","CStabilitySummaryWriter","842","Private","Function","OutputLength","2","Группа функций Output... ниже только переводит внутренние единицы устойчивости в пользовательские выходные единицы для Results.","False","Pending"
"src/Excel/CStabilitySummaryWriter.cls","CStabilitySummaryWriter","847","Private","Function","OutputLengthUnit","1","Возвращает подпись выходной единицы длины.","False","Pending"
"src/Excel/CStabilitySummaryWriter.cls","CStabilitySummaryWriter","852","Private","Function","OutputForce","1","Переводит внутреннюю силу в пользовательские выходные единицы.","False","Pending"
"src/Excel/CStabilitySummaryWriter.cls","CStabilitySummaryWriter","857","Private","Function","OutputForceUnit","1","Возвращает подпись выходной единицы силы.","False","Pending"
"src/Excel/CStabilitySummaryWriter.cls","CStabilitySummaryWriter","862","Private","Function","OutputMx","1","Переводит внутренний Mx в пользовательские выходные единицы и знак.","False","Pending"
"src/Excel/CStabilitySummaryWriter.cls","CStabilitySummaryWriter","867","Private","Function","OutputMy","1","Переводит внутренний My в пользовательские выходные единицы и знак.","False","Pending"
"src/Excel/CStabilitySummaryWriter.cls","CStabilitySummaryWriter","872","Private","Function","OutputMomentMagnitude","1","Переводит модуль момента без назначения знака конкретной оси.","False","Pending"
"src/Excel/CStabilitySummaryWriter.cls","CStabilitySummaryWriter","877","Private","Function","OutputMomentUnit","1","Возвращает подпись выходной единицы момента.","False","Pending"
"src/Excel/CStabilitySummaryWriter.cls","CStabilitySummaryWriter","882","Private","Function","OutputStiffness","1","Переводит жесткость D из Н*мм2 в выбранные выходные единицы.","False","Pending"
"src/Excel/CStabilitySummaryWriter.cls","CStabilitySummaryWriter","887","Private","Function","OutputStiffnessUnit","1","Возвращает подпись выходной единицы жесткости.","False","Pending"
"src/Excel/CStabilitySummaryWriter.cls","CStabilitySummaryWriter","892","Private","Function","MaxDouble","1","Утилитарный максимум без WorksheetFunction для форматирования таблицы.","False","Pending"
"src/Excel/CStabilitySummaryWriter.cls","CStabilitySummaryWriter","897","Private","Function","StatusPolicy","1","Возвращает общую политику отображения статусов PASS/FAIL/N/A.","False","Pending"
"src/Excel/CStrengthSummaryWriter.cls","CStrengthSummaryWriter","97","Public","Function","HeaderRowsAboveAnchor","1","Возвращает число строк шапки над rngStrengthSummaryAnchor.","False","Pending"
"src/Excel/CStrengthSummaryWriter.cls","CStrengthSummaryWriter","102","Public","Function","RequiredRows","1","Возвращает полную высоту блока: шапка плюс строки сочетаний.","False","Pending"
"src/Excel/CStrengthSummaryWriter.cls","CStrengthSummaryWriter","109","Public","Function","RequiredDataRowsForWorkbook","2","Возвращает число строк данных по высоте rngLoadCombinations, чтобы пустые доступные строки тоже получили рамки и не выглядели как остаток старого вывода.","False","Pending"
"src/Excel/CStrengthSummaryWriter.cls","CStrengthSummaryWriter","126","Public","Function","RequiredRowsForWorkbook","1","Возвращает полную высоту блока для фактической книги.","False","Pending"
"src/Excel/CStrengthSummaryWriter.cls","CStrengthSummaryWriter","131","Public","Function","RequiredColumns","1","Возвращает ширину блока вместе с пустыми разделителями.","False","Pending"
"src/Excel/CStrengthSummaryWriter.cls","CStrengthSummaryWriter","136","Public","Sub","WriteSummary","1","Записывает подробную таблицу НДС/Capacity по модели прочности.","False","Pending"
"src/Excel/CStrengthSummaryWriter.cls","CStrengthSummaryWriter","156","Public","Sub","ClearSummary","1","Очищает старый detailed-блок прочности вместе с объединениями и форматами.","False","Pending"
"src/Excel/CStrengthSummaryWriter.cls","CStrengthSummaryWriter","162","Private","Function","TargetRange","1","Возвращает текущий диапазон таблицы: шапка над якорем и строки LC.","False","Pending"
"src/Excel/CStrengthSummaryWriter.cls","CStrengthSummaryWriter","171","Private","Function","ClearTargetRange","1","Возвращает область безопасной очистки до следующего detailed-блока Results.","False","Pending"
"src/Excel/CStrengthSummaryWriter.cls","CStrengthSummaryWriter","197","Private","Sub","PrepareTarget","1","Снимает старые объединения и очищает значения/форматы перед новой записью.","False","Pending"
"src/Excel/CStrengthSummaryWriter.cls","CStrengthSummaryWriter","204","Private","Sub","WriteBlockTitle","1","Записывает отдельную строку-название над detailed-блоком, не вмешиваясь в многоуровневую шапку таблицы.","False","Pending"
"src/Excel/CStrengthSummaryWriter.cls","CStrengthSummaryWriter","224","Private","Sub","ClearBlockTitleRow","1","Очищает строку-название вместе со старой заливкой, чтобы при переносе якоря не оставалось старых следов.","False","Pending"
"src/Excel/CStrengthSummaryWriter.cls","CStrengthSummaryWriter","231","Private","Sub","WriteHeaders","1","Формирует многоуровневую шапку таблицы.","False","Pending"
"src/Excel/CStrengthSummaryWriter.cls","CStrengthSummaryWriter","261","Private","Sub","PutHeaderNotes","1","Заполняет строку обычных пояснений над нижним ярусом обозначений.","False","Pending"
"src/Excel/CStrengthSummaryWriter.cls","CStrengthSummaryWriter","310","Private","Sub","PutColumnLabels","1","Заполняет нижний ярус обозначений с единицами пользователя.","False","Pending"
"src/Excel/CStrengthSummaryWriter.cls","CStrengthSummaryWriter","360","Private","Sub","MergeHeaders","1","Объединяет прямоугольные участки шапки.","False","Pending"
"src/Excel/CStrengthSummaryWriter.cls","CStrengthSummaryWriter","381","Private","Sub","WriteData","1","Записывает строки сочетаний одним массивом.","False","Pending"
"src/Excel/CStrengthSummaryWriter.cls","CStrengthSummaryWriter","398","Private","Sub","PutCombination","1","Заполняет одну строку detailed-блока прочности.","False","Pending"
"src/Excel/CStrengthSummaryWriter.cls","CStrengthSummaryWriter","427","Private","Function","OutputDataOffset","3","Пишет предельные деформации модели прочности. Возвращает позицию LC внутри data-части подробной таблицы. Основной поток читает offset из rngLoadCombinations; прямые тесты без offset продолжают выводиться компактно.","False","Pending"
"src/Excel/CStrengthSummaryWriter.cls","CStrengthSummaryWriter","436","Private","Sub","PutStrengthLimits","2","Записывает физические предельные деформации effective strength-модели LC. Растянутый предел бетона выводится только при включенной растянутой ветви.","False","Pending"
"src/Excel/CStrengthSummaryWriter.cls","CStrengthSummaryWriter","446","Private","Sub","PutStrengthState","1","Пишет фактический StrengthState, если он действительно был рассчитан.","False","Pending"
"src/Excel/CStrengthSummaryWriter.cls","CStrengthSummaryWriter","476","Private","Function","ExtensionUsedText","4","Показывает использование продолжения диаграммы только тогда, когда само продолжение разрешено настройкой General.DiagramExtension. При выключенной настройке выводится ""-"", потому что extension не мог применяться и обычная пара yes/no здесь не несет полезного смысла.","False","Pending"
"src/Excel/CStrengthSummaryWriter.cls","CStrengthSummaryWriter","490","Private","Sub","PutCapacityState","3","Выводит путь, метод, статус несущей и найденное физическое CapacityState. Если конечного НДС нет, writer не создает плоскость или усилия из последней диагностической пробы; числовые поля заполняются только сохраненной точкой.","False","Pending"
"src/Excel/CStrengthSummaryWriter.cls","CStrengthSummaryWriter","519","Private","Sub","PutCapacityLoadPointComponents","1","Выводит полный предельный вектор CapacityState в точке приложения нагрузки.","False","Pending"
"src/Excel/CStrengthSummaryWriter.cls","CStrengthSummaryWriter","528","Private","Sub","PutStatePlane","2","Пишет параметры плоскости деформаций saved-state: epsilon0 в начале внутренней системы координат модели и две кривизны в OUTPUT-единицах.","False","Pending"
"src/Excel/CStrengthSummaryWriter.cls","CStrengthSummaryWriter","537","Private","Sub","PutStateExtremes","1","Пишет экстремумы состояния по флагам наличия физической зоны.","False","Pending"
"src/Excel/CStrengthSummaryWriter.cls","CStrengthSummaryWriter","553","Private","Sub","PutStateGeometry","1","Пишет h и x для плоскости деформаций named state.","False","Pending"
"src/Excel/CStrengthSummaryWriter.cls","CStrengthSummaryWriter","567","Private","Sub","FormatTable","1","Оформляет шапку, рамки, число и подсветку статусов.","False","Pending"
"src/Excel/CStrengthSummaryWriter.cls","CStrengthSummaryWriter","609","Private","Sub","ApplyStrainNumberFormat","1","Форматирует относительные деформации и кривизны плоскости НДС с нужной точностью вывода.","False","Pending"
"src/Excel/CStrengthSummaryWriter.cls","CStrengthSummaryWriter","620","Private","Sub","SetColumnWidths","1","Задает одинаковую стандартную ширину всем столбцам Results, затронутым блоком.","False","Pending"
"src/Excel/CStrengthSummaryWriter.cls","CStrengthSummaryWriter","625","Private","Sub","FormatBlock","1","Оформляет непрерывный блок таблицы, не затрагивая пустые разделители.","False","Pending"
"src/Excel/CStrengthSummaryWriter.cls","CStrengthSummaryWriter","635","Private","Sub","ApplyStatusCells","1","Красит строковые блоки подробной таблицы по фактическому статусу каждой проверки.","False","Pending"
"src/Excel/CStrengthSummaryWriter.cls","CStrengthSummaryWriter","649","Private","Sub","ApplyStatusCell","1","Красит одну статусную ячейку detailed-блока, не затрагивая соседние расчетные значения строки.","False","Pending"
"src/Excel/CStrengthSummaryWriter.cls","CStrengthSummaryWriter","656","Private","Sub","ApplyHeaderSubscripts","1","Проставляет нижние индексы в обозначениях нижнего яруса шапки.","False","Pending"
"src/Excel/CStrengthSummaryWriter.cls","CStrengthSummaryWriter","687","Private","Sub","ApplySubscriptToken","1","Ставит нижний индекс найденному текстовому токену внутри одной ячейки.","False","Pending"
"src/Excel/CStrengthSummaryWriter.cls","CStrengthSummaryWriter","699","Private","Function","DirectStatusText","1","Возвращает внешний статус канонического прямого НДС через общую policy.","False","Pending"
"src/Excel/CStrengthSummaryWriter.cls","CStrengthSummaryWriter","707","Private","Function","CapacityStatusText","1","Возвращает внешний статус несущей способности по ResultMeta.","False","Pending"
"src/Excel/CStrengthSummaryWriter.cls","CStrengthSummaryWriter","716","Private","Function","MetaComment","2","Возвращает готовое пользовательское пояснение из ResultMeta блока. Writer не анализирует технические StopReason и не собирает комментарий заново.","False","Pending"
"src/Excel/CStrengthSummaryWriter.cls","CStrengthSummaryWriter","722","Private","Sub","MergeRange","1","Объединяет прямоугольный участок шапки.","False","Pending"
"src/Excel/CStrengthSummaryWriter.cls","CStrengthSummaryWriter","729","Private","Sub","CalculateDepthsPerpendicularToNeutral","1","Определяет габарит h и глубину сжатой зоны x вдоль нормали к нейтральной линии.","False","Pending"
"src/Excel/CStrengthSummaryWriter.cls","CStrengthSummaryWriter","763","Private","Function","OutputLength","2","Ниже собраны адаптеры единиц для strength-блока, чтобы все значения в таблице выводились теми же единицами и знаками, что и остальная программа.","False","Pending"
"src/Excel/CStrengthSummaryWriter.cls","CStrengthSummaryWriter","768","Private","Function","OutputLengthUnit","1","Возвращает подпись выходной единицы длины для заголовков strength-таблицы.","False","Pending"
"src/Excel/CStrengthSummaryWriter.cls","CStrengthSummaryWriter","773","Private","Function","OutputStress","1","Переводит напряжение из внутренних МПа в выбранную пользователем единицу.","False","Pending"
"src/Excel/CStrengthSummaryWriter.cls","CStrengthSummaryWriter","779","Private","Function","OutputCurvature","2","Переводит кривизну плоскости деформаций из внутренних 1/мм в пользовательскую единицу вывода.","False","Pending"
"src/Excel/CStrengthSummaryWriter.cls","CStrengthSummaryWriter","784","Private","Function","OutputCurvatureUnit","1","Возвращает подпись выходной единицы кривизны для kx/ky.","False","Pending"
"src/Excel/CStrengthSummaryWriter.cls","CStrengthSummaryWriter","789","Private","Function","OutputForce","1","Переводит продольную силу из внутренних Н в пользовательскую систему вывода.","False","Pending"
"src/Excel/CStrengthSummaryWriter.cls","CStrengthSummaryWriter","794","Private","Function","OutputForceUnit","1","Возвращает подпись выходной единицы силы для заголовков strength-таблицы.","False","Pending"
"src/Excel/CStrengthSummaryWriter.cls","CStrengthSummaryWriter","799","Private","Function","OutputMx","1","Переводит Mx с учетом пользовательской системы знаков.","False","Pending"
"src/Excel/CStrengthSummaryWriter.cls","CStrengthSummaryWriter","804","Private","Function","OutputMy","1","Переводит My с учетом пользовательской системы знаков.","False","Pending"
"src/Excel/CStrengthSummaryWriter.cls","CStrengthSummaryWriter","809","Private","Function","OutputMomentUnit","1","Возвращает подпись выходной единицы момента для заголовков strength-таблицы.","False","Pending"
"src/Excel/CStrengthSummaryWriter.cls","CStrengthSummaryWriter","814","Private","Function","StatusPolicy","1","Возвращает единый словарь пользовательских статусов для подробного блока прочности.","False","Pending"
"src/Excel/CStrengthSummaryWriter.cls","CStrengthSummaryWriter","821","Private","Function","MaxDouble","1","Локальный максимум нужен для компактных геометрических расчетов внутри writer-а.","False","Pending"
"src/Excel/CStrengthSummaryWriter.cls","CStrengthSummaryWriter","826","Private","Function","MinDouble","1","Локальный минимум нужен для компактных геометрических расчетов внутри writer-а.","False","Pending"
"src/Excel/CSystemSettingsReader.cls","CSystemSettingsReader","35","Public","Sub","LoadFromWorkbook","4","Загружает все настройки книги, нужные расчету и выводу. Метод объединяет разные именованные диапазоны Config в один внутренний словарь. Новые таблицы материалов имеют человекочитаемую форму, поэтому перед попаданием в словарь разворачиваются в ключи Concrete.* / Steel.*.","False","Pending"
"src/Excel/CSystemSettingsReader.cls","CSystemSettingsReader","50","Private","Sub","AppendNamedSettingsRangeIfExists","3","Подключает дополнительный именованный диапазон, если он уже есть в книге. Это позволяет старым тестовым книгам открываться с расчетными defaults, но новая сборка книги все равно создает эти диапазоны явно на Config.","False","Pending"
"src/Excel/CSystemSettingsReader.cls","CSystemSettingsReader","62","Private","Sub","AppendGeometrySettingsRanges","1","Находит все входные geometry-диапазоны Config и добавляет их настройки в общий словарь.","False","Pending"
"src/Excel/CSystemSettingsReader.cls","CSystemSettingsReader","82","Private","Function","LocalName","1","Убирает префикс имени книги/листа у именованного диапазона, оставляя локальное имя.","False","Pending"
"src/Excel/CSystemSettingsReader.cls","CSystemSettingsReader","93","Private","Function","IsInputGeometrySettingsRangeName","1","Определяет, является ли имя входной таблицей геометрии.","False","Pending"
"src/Excel/CSystemSettingsReader.cls","CSystemSettingsReader","102","Public","Sub","LoadFromRange","2","Загружает настройки из одного диапазона. Этот короткий путь используют тесты и вспомогательные сценарии без полной книги.","False","Pending"
"src/Excel/CSystemSettingsReader.cls","CSystemSettingsReader","111","Private","Sub","NormalizeDiagramExtensionSetting","3","Читает старый формат только на границе Excel. До любых defaults сохраняет явно введенное значение, затем удаляет старый ключ из runtime-настроек. Конфликт не скрывается: новый ключ имеет приоритет, причина доступна отчету.","False","Pending"
"src/Excel/CSystemSettingsReader.cls","CSystemSettingsReader","148","Private","Function","DiagramExtensionValue","2","Возвращает каноническое Yes/No, сохраняя поддержанные логические формы. Пустое или неизвестное явно введенное значение является ошибкой Config.","False","Pending"
"src/Excel/CSystemSettingsReader.cls","CSystemSettingsReader","160","Private","Sub","RemoveSettingAt","2","Убирает мигрированный старый ключ из уже прочитанных массивов. Остальные настройки сохраняют порядок и значения; runtime не видит двух переключателей.","False","Pending"
"src/Excel/CSystemSettingsReader.cls","CSystemSettingsReader","171","Public","Property Get","MigrationWarning","0","","False","Pending"
"src/Excel/CSystemSettingsReader.cls","CSystemSettingsReader","176","Private","Sub","AppendSettingsRange","1","Добавляет один диапазон настроек; специальные геометрические таблицы сначала распознаются по шапке.","False","Pending"
"src/Excel/CSystemSettingsReader.cls","CSystemSettingsReader","246","Private","Function","ConfigCellText","3","Возвращает видимый текст ячейки Config и отдельно перехватывает ошибки формул. Без этой проверки Excel-ошибка в формульной ячейке превращалась в малопонятный VBA Type mismatch при CStr(...), без указания проблемной настройки.","False","Pending"
"src/Excel/CSystemSettingsReader.cls","CSystemSettingsReader","261","Private","Function","IsConcreteMaterialParametersRange","2","Распознает компактную таблицу параметров бетона: Параметр | Сжатие | Растяжение | Ед. | Комментарий | Справка.","False","Pending"
"src/Excel/CSystemSettingsReader.cls","CSystemSettingsReader","271","Private","Sub","AppendConcreteMaterialParameters","1","Разворачивает симметричную таблицу бетона в конкретные ключи Rb/Rbt/Eb/Ebt.","False","Pending"
"src/Excel/CSystemSettingsReader.cls","CSystemSettingsReader","314","Private","Function","IsSteelMaterialParametersRange","1","Распознает таблицу параметров арматуры с аналогичной структурой.","False","Pending"
"src/Excel/CSystemSettingsReader.cls","CSystemSettingsReader","324","Private","Sub","AppendSteelMaterialParameters","1","Разворачивает симметричную таблицу арматуры в конкретные ключи Rsc/Rs/Esc/Es.","False","Pending"
"src/Excel/CSystemSettingsReader.cls","CSystemSettingsReader","362","Private","Function","IsUnitSettingsRange","1","Распознает таблицу единиц по строке заголовков Quantity/INPUT/INTERNAL/OUTPUT.","False","Pending"
"src/Excel/CSystemSettingsReader.cls","CSystemSettingsReader","372","Private","Function","IsSignConventionSettingsRange","1","Распознает таблицу пользовательской системы знаков.","False","Pending"
"src/Excel/CSystemSettingsReader.cls","CSystemSettingsReader","382","Private","Function","IsPlotAnnotationSettingsRange","2","Распознает компактный блок настроек аннотаций схемы. В нем одна строка параметра задает значения сразу для RebarLabels и Dimensions.","False","Pending"
"src/Excel/CSystemSettingsReader.cls","CSystemSettingsReader","391","Private","Sub","AppendPlotAnnotationSettings","2","Разворачивает таблицу аннотаций в обычные ключи Plot.RebarLabels.* и Plot.Dimensions.*, чтобы остальной код читал настройки единообразно.","False","Pending"
"src/Excel/CSystemSettingsReader.cls","CSystemSettingsReader","404","Private","Sub","AppendPlotAnnotationValue","1","Добавляет настройку аннотации, пропуская пустые значения и ""-"".","False","Pending"
"src/Excel/CSystemSettingsReader.cls","CSystemSettingsReader","410","Private","Sub","AppendUnitSettings","1","Загружает INPUT/INTERNAL/OUTPUT единицы в общий словарь настроек.","False","Pending"
"src/Excel/CSystemSettingsReader.cls","CSystemSettingsReader","424","Private","Sub","AppendSignConventionSettings","1","Загружает выбранные пользователем правила знаков N, Mx и My.","False","Pending"
"src/Excel/CSystemSettingsReader.cls","CSystemSettingsReader","437","Private","Function","UnitQuantityKey","1","Преобразует подпись строки таблицы Units в суффикс ключа Units.*.","False","Pending"
"src/Excel/CSystemSettingsReader.cls","CSystemSettingsReader","449","Private","Function","SignQuantityKey","1","Преобразует подпись строки таблицы знаков в суффикс ключа Sign.*.","False","Pending"
"src/Excel/CSystemSettingsReader.cls","CSystemSettingsReader","458","Private","Function","IsHollowRectangleSettingsRange","1","Распознает таблицу HollowRectangle по строке H/B/R/H_o/B_o/R_o.","False","Pending"
"src/Excel/CSystemSettingsReader.cls","CSystemSettingsReader","463","Private","Function","HollowRectangleGeometryHeaderRow","1","Ищет строку основных размеров пустотелого скругленного прямоугольника.","False","Pending"
"src/Excel/CSystemSettingsReader.cls","CSystemSettingsReader","482","Private","Sub","AppendHollowRectangleSettings","2","Читает таблицу HollowRectangle: общие смещения Opening, геометрию, наружную арматуру и строки Opening с автоматическим числом стержней.","False","Pending"
"src/Excel/CSystemSettingsReader.cls","CSystemSettingsReader","507","Private","Sub","AppendHollowRectangleCommonSettings","1","Читает строки смещения отверстия над блоком геометрии.","False","Pending"
"src/Excel/CSystemSettingsReader.cls","CSystemSettingsReader","522","Private","Sub","AppendHollowRectangleMainRebars","1","Читает основной ряд арматуры HollowRectangle по видимым пользователю граням H/B и Opening.","False","Pending"
"src/Excel/CSystemSettingsReader.cls","CSystemSettingsReader","537","Private","Sub","AppendHollowRectangleExtraRebars","1","Читает дополнительные ряды HollowRectangle и сохраняет их в единый набор ключей по граням.","False","Pending"
"src/Excel/CSystemSettingsReader.cls","CSystemSettingsReader","553","Private","Function","HollowRectangleFaceKey","1","Переводит подпись строки HollowRectangle в устойчивый внутренний ключ грани.","False","Pending"
"src/Excel/CSystemSettingsReader.cls","CSystemSettingsReader","567","Private","Function","IsNumericSettingText","1","Проверяет, можно ли строку настройки трактовать как число, не считая прочерки активными значениями.","False","Pending"
"src/Excel/CSystemSettingsReader.cls","CSystemSettingsReader","576","Private","Function","IsRoundedRectangleFaceSettingsRange","2","Распознает новую табличную компоновку RoundedRectangle: B/H, левая/правая сторона и строки арматуры H/B.","False","Pending"
"src/Excel/CSystemSettingsReader.cls","CSystemSettingsReader","581","Private","Function","RoundedRectangleGeometryHeaderRow","1","Ищет строку заголовков B/H в таблице скругленного прямоугольника.","False","Pending"
"src/Excel/CSystemSettingsReader.cls","CSystemSettingsReader","596","Private","Sub","AppendRoundedRectangleFaceSettings","2","Читает текущую таблицу RoundedRectangle и разворачивает видимые подписи граней в устойчивые ключи настроек.","False","Pending"
"src/Excel/CSystemSettingsReader.cls","CSystemSettingsReader","628","Private","Function","FindRowWithCaption","1","Ищет служебную строку шапки внутри табличной геометрии, начиная ниже уже найденного блока размеров.","False","Pending"
"src/Excel/CSystemSettingsReader.cls","CSystemSettingsReader","639","Private","Sub","AppendRoundedRectangleMainRebars","1","Читает основной ряд арматуры RoundedRectangle по четырем смысловым граням H/B.","False","Pending"
"src/Excel/CSystemSettingsReader.cls","CSystemSettingsReader","652","Private","Sub","AppendRoundedRectangleExtraRebars","1","Читает дополнительные ряды RoundedRectangle и сохраняет привязку каждого ряда к своей грани.","False","Pending"
"src/Excel/CSystemSettingsReader.cls","CSystemSettingsReader","668","Private","Function","RoundedRectangleFaceKey","1","Переводит подпись строки RoundedRectangle в устойчивый внутренний ключ грани.","False","Pending"
"src/Excel/CSystemSettingsReader.cls","CSystemSettingsReader","678","Private","Function","IsRectSetFaceSettingsRange","1","Распознает табличную компоновку rngRectSetGeometry по заголовкам H1/B1/H2/B2.","False","Pending"
"src/Excel/CSystemSettingsReader.cls","CSystemSettingsReader","693","Private","Function","RectSetGeometryHeaderRow","1","Ищет строку заголовков H1/B1/H2/B2 в секционной таблице RectSet.","False","Pending"
"src/Excel/CSystemSettingsReader.cls","CSystemSettingsReader","709","Private","Sub","AppendRectSetFaceSettings","1","Читает табличную компоновку RectSet и разворачивает ее в ключи настроек.","False","Pending"
"src/Excel/CSystemSettingsReader.cls","CSystemSettingsReader","760","Private","Sub","AppendRectSetCommonSettings","1","Читает общие настройки RectSet над блоком H1/B1/H2/B2.","False","Pending"
"src/Excel/CSystemSettingsReader.cls","CSystemSettingsReader","776","Private","Sub","AppendRectSetSectionedSettings","2","Читает текущую табличную компоновку RectSet-сечения: отдельный блок геометрии, блок основного армирования и блок дополнительных рядов.","False","Pending"
"src/Excel/CSystemSettingsReader.cls","CSystemSettingsReader","814","Private","Sub","FillRectSetSectionedFaceOrder","2","Задает порядок строк в секционной таблице RectSet. _1 означает левую/верхнюю грань, _2 - правую/нижнюю.","False","Pending"
"src/Excel/CSystemSettingsReader.cls","CSystemSettingsReader","828","Private","Sub","AppendSetting","3","Добавляет одну пару ключ-значение в reader. Массивы параллельные: это проще и быстрее для VBA, чем словарь с Variant-объектами, а поиск по ключу остается достаточно дешевым для числа настроек Config.","False","Pending"
"src/Excel/CSystemSettingsReader.cls","CSystemSettingsReader","842","Public","Sub","Clear","1","Сбрасывает все прочитанные настройки и точки диаграмм.","False","Pending"
"src/Excel/CSystemSettingsReader.cls","CSystemSettingsReader","854","Public","Function","GetString","3","Возвращает строковое значение настройки. Пустая строка и TODO трактуются как отсутствие пользовательского значения, поэтому вызывающий код получает свой defaultValue.","False","Pending"
"src/Excel/CSystemSettingsReader.cls","CSystemSettingsReader","868","Public","Function","GetRawString","2","Возвращает сырую строку без подстановки default при пустом значении. Это нужно для настроек, где пустое значение является ошибкой ввода.","False","Pending"
"src/Excel/CSystemSettingsReader.cls","CSystemSettingsReader","879","Public","Function","GetDouble","1","Возвращает настройку как Double, учитывая десятичный разделитель Excel.","False","Pending"
"src/Excel/CSystemSettingsReader.cls","CSystemSettingsReader","899","Public","Function","GetRequiredDouble","3","Читает обязательную числовую настройку без скрытой подстановки значения. Используется для характеристик материалов: если пользователь очистил ячейку или ключ не попал в Config, расчет должен остановиться как ошибка исходных данных.","False","Pending"
"src/Excel/CSystemSettingsReader.cls","CSystemSettingsReader","919","Public","Function","GetRequiredString","3","Читает обязательную текстовую настройку без default-значения. Нужна для пользовательских переключателей, которые являются частью расчетной материальной модели, например профиля арматуры.","False","Pending"
"src/Excel/CSystemSettingsReader.cls","CSystemSettingsReader","931","Public","Function","GetLong","2","Читает целочисленную настройку без округления дроби и без переполнения Long. Допустимость знака и диапазона конкретного параметра проверяет его consumer.","False","Pending"
"src/Excel/CSystemSettingsReader.cls","CSystemSettingsReader","943","Public","Function","GetBoolean","2","Читает Yes/No и утвержденные aliases. Default допустим только для отсутствующего optional key; явное пустое/невалидное значение не превращается в False/default.","False","Pending"
"src/Excel/CSystemSettingsReader.cls","CSystemSettingsReader","960","Public","Function","GetSource","1","Возвращает комментарий/источник настройки для диагностических сообщений.","False","Pending"
"src/Excel/CSystemSettingsReader.cls","CSystemSettingsReader","971","Public","Function","HasKey","1","Проверяет наличие ключа в загруженных настройках.","False","Pending"
"src/Excel/CSystemSettingsReader.cls","CSystemSettingsReader","976","Public","Function","KeyCount","1","Количество ключей удобно для тестов структуры Config.","False","Pending"
"src/Excel/CSystemSettingsReader.cls","CSystemSettingsReader","981","Public","Function","KeyAt","1","Возвращает имя ключа по порядковому номеру для проверок дубликатов и тестов.","False","Pending"
"src/Excel/CSystemSettingsReader.cls","CSystemSettingsReader","989","Public","Function","DuplicateCount","3","Считает повторяющиеся ключи Config. Дубликаты опасны тем, что один и тот же параметр может быть прочитан из двух таблиц с разными значениями.","False","Pending"
"src/Excel/CSystemSettingsReader.cls","CSystemSettingsReader","1006","Private","Function","FindKey","2","Ищет ключ линейным проходом по небольшому массиву настроек. Для текущего размера Config словарь не нужен, зато порядок и дубликаты легко тестировать.","False","Pending"
"src/Excel/CSystemSettingsReader.cls","CSystemSettingsReader","1019","Private","Function","ApplicationDecimalSeparator","2","Возвращает десятичный разделитель текущего Excel. Это позволяет читать точки диаграмм и настройки с точкой или запятой в разных локалях.","False","Pending"
"src/Excel/CUnitSystem.cls","CUnitSystem","44","Public","Sub","InitializeDefaults","1","Устанавливает внутренние defaults, используемые до чтения Config или в автономных тестах.","False","Pending"
"src/Excel/CUnitSystem.cls","CUnitSystem","57","Public","Sub","LoadFromSettings","1","Читает настройки единиц и знаков из общего reader-а Config с валидацией каждого значения.","False","Pending"
"src/Excel/CUnitSystem.cls","CUnitSystem","80","Public","Function","InputLengthToInternal","1","Переводит длину из пользовательских INPUT-единиц во внутренние мм.","False","Pending"
"src/Excel/CUnitSystem.cls","CUnitSystem","85","Public","Function","InternalLengthToOutput","1","Переводит внутреннюю длину в пользовательские OUTPUT-единицы.","False","Pending"
"src/Excel/CUnitSystem.cls","CUnitSystem","90","Public","Function","OutputLengthToInternal","1","Переводит длину из OUTPUT-единиц обратно во внутренние мм.","False","Pending"
"src/Excel/CUnitSystem.cls","CUnitSystem","95","Public","Function","InputAreaToInternal","1","Переводит площадь из пользовательских INPUT-единиц во внутренние мм2.","False","Pending"
"src/Excel/CUnitSystem.cls","CUnitSystem","100","Public","Function","InternalAreaToOutput","1","Переводит внутреннюю площадь в пользовательские OUTPUT-единицы.","False","Pending"
"src/Excel/CUnitSystem.cls","CUnitSystem","105","Public","Function","OutputAreaToInternal","1","Переводит площадь из OUTPUT-единиц обратно во внутренние мм2.","False","Pending"
"src/Excel/CUnitSystem.cls","CUnitSystem","110","Public","Function","InputFourthPowerLengthToInternal","1","Переводит величину размерности L4 из INPUT-единиц во внутренние мм4.","False","Pending"
"src/Excel/CUnitSystem.cls","CUnitSystem","115","Public","Function","InternalFourthPowerLengthToOutput","1","Переводит внутреннюю величину L4 в OUTPUT-единицы.","False","Pending"
"src/Excel/CUnitSystem.cls","CUnitSystem","120","Public","Function","OutputFourthPowerLengthToInternal","1","Переводит величину L4 из OUTPUT-единиц обратно во внутренние мм4.","False","Pending"
"src/Excel/CUnitSystem.cls","CUnitSystem","125","Public","Function","InputForceToInternal","1","Переводит продольную силу из INPUT-единиц во внутренние Н с учетом пользовательского знака N.","False","Pending"
"src/Excel/CUnitSystem.cls","CUnitSystem","130","Public","Function","InternalForceToOutput","1","Переводит внутреннюю силу в OUTPUT-единицы с обратным пользовательским знаком N.","False","Pending"
"src/Excel/CUnitSystem.cls","CUnitSystem","137","Public","Function","InternalForceLengthSquaredToOutput","3","Переводит жесткость размерности сила*длина^2 из внутренних Н*мм2 в выбранные пользователем OUTPUT-единицы силы и длины. Знак не применяется: D является положительной жесткостью, а не направленной силой.","False","Pending"
"src/Excel/CUnitSystem.cls","CUnitSystem","142","Public","Function","InputMomentMxToInternal","1","Переводит Mx из INPUT-единиц во внутренние Н*мм с учетом пользовательского знака Mx.","False","Pending"
"src/Excel/CUnitSystem.cls","CUnitSystem","147","Public","Function","InputMomentMyToInternal","1","Переводит My из INPUT-единиц во внутренние Н*мм с учетом пользовательского знака My.","False","Pending"
"src/Excel/CUnitSystem.cls","CUnitSystem","154","Public","Function","InputMomentPerLengthToInternal","3","Переводит пользовательскую настройку вида ""момент на единицу длины"" во внутренние Н*мм/мм. Знак момента здесь не применяется: это положительный инженерный порог, а не расчетное усилие.","False","Pending"
"src/Excel/CUnitSystem.cls","CUnitSystem","159","Public","Function","InternalMomentMxToOutput","1","Переводит внутренний Mx в OUTPUT-единицы с учетом пользовательского знака Mx.","False","Pending"
"src/Excel/CUnitSystem.cls","CUnitSystem","164","Public","Function","InternalMomentMyToOutput","1","Переводит внутренний My в OUTPUT-единицы с учетом пользовательского знака My.","False","Pending"
"src/Excel/CUnitSystem.cls","CUnitSystem","169","Public","Function","InternalMomentMagnitudeToOutput","1","Переводит модуль момента без применения знаковых соглашений.","False","Pending"
"src/Excel/CUnitSystem.cls","CUnitSystem","174","Public","Function","InputStressToInternal","1","Переводит напряжение из INPUT-единиц во внутренние МПа.","False","Pending"
"src/Excel/CUnitSystem.cls","CUnitSystem","179","Public","Function","InternalStressToOutput","1","Переводит внутреннее напряжение в OUTPUT-единицы.","False","Pending"
"src/Excel/CUnitSystem.cls","CUnitSystem","184","Public","Function","OutputStressToInternal","1","Переводит напряжение из OUTPUT-единиц обратно во внутренние МПа.","False","Pending"
"src/Excel/CUnitSystem.cls","CUnitSystem","189","Public","Function","InputCurvatureToInternal","1","Переводит кривизну из INPUT-единиц во внутренние 1/мм.","False","Pending"
"src/Excel/CUnitSystem.cls","CUnitSystem","194","Public","Function","InternalCurvatureToOutput","1","Переводит внутреннюю кривизну в OUTPUT-единицы.","False","Pending"
"src/Excel/CUnitSystem.cls","CUnitSystem","199","Public","Function","OutputCurvatureToInternal","1","Переводит кривизну из OUTPUT-единиц обратно во внутренние 1/мм.","False","Pending"
"src/Excel/CUnitSystem.cls","CUnitSystem","203","Public","Property Get","OutputLengthUnit","0","","False","Pending"
"src/Excel/CUnitSystem.cls","CUnitSystem","207","Public","Property Get","OutputAreaUnit","0","","False","Pending"
"src/Excel/CUnitSystem.cls","CUnitSystem","211","Public","Property Get","OutputMomentUnit","0","","False","Pending"
"src/Excel/CUnitSystem.cls","CUnitSystem","216","Public","Property Get","InputMomentPerLengthUnit","1","Возвращает подпись INPUT-единицы для настроек размерности момент/длина.","False","Pending"
"src/Excel/CUnitSystem.cls","CUnitSystem","220","Public","Property Get","OutputForceUnit","0","","False","Pending"
"src/Excel/CUnitSystem.cls","CUnitSystem","225","Public","Property Get","OutputForceLengthSquaredUnit","1","Возвращает подпись OUTPUT-единицы для жесткости D: сила*длина2.","False","Pending"
"src/Excel/CUnitSystem.cls","CUnitSystem","229","Public","Property Get","OutputStressUnit","0","","False","Pending"
"src/Excel/CUnitSystem.cls","CUnitSystem","233","Public","Property Get","OutputCurvatureUnit","0","","False","Pending"
"src/Excel/CUnitSystem.cls","CUnitSystem","237","Public","Property Get","OutputSignN","0","","False","Pending"
"src/Excel/CUnitSystem.cls","CUnitSystem","241","Public","Property Get","OutputSignMx","0","","False","Pending"
"src/Excel/CUnitSystem.cls","CUnitSystem","245","Public","Property Get","OutputSignMy","0","","False","Pending"
"src/Excel/CUnitSystem.cls","CUnitSystem","250","Private","Function","LengthFactorToMm","1","Возвращает множитель перевода заданной единицы длины в мм.","False","Pending"
"src/Excel/CUnitSystem.cls","CUnitSystem","260","Private","Function","AreaFactorToMm2","1","Возвращает множитель перевода заданной единицы площади в мм2.","False","Pending"
"src/Excel/CUnitSystem.cls","CUnitSystem","270","Private","Function","ForceFactorToN","1","Возвращает множитель перевода заданной единицы силы в Н.","False","Pending"
"src/Excel/CUnitSystem.cls","CUnitSystem","280","Private","Function","MomentFactorToNmm","1","Возвращает множитель перевода заданной единицы момента в Н*мм.","False","Pending"
"src/Excel/CUnitSystem.cls","CUnitSystem","290","Private","Function","StressFactorToMPa","1","Возвращает множитель перевода заданной единицы напряжения в МПа.","False","Pending"
"src/Excel/CUnitSystem.cls","CUnitSystem","302","Private","Function","CurvatureFactorToInvMm","1","Возвращает множитель перевода заданной единицы кривизны в 1/мм.","False","Pending"
"src/Excel/CUnitSystem.cls","CUnitSystem","311","Private","Function","NSignFactor","1","Возвращает знаковый множитель для N: внутри ядра сжатие отрицательно.","False","Pending"
"src/Excel/CUnitSystem.cls","CUnitSystem","316","Private","Function","MxSignFactor","1","Возвращает знаковый множитель для Mx согласно выбранному пользователем направлению растяжения.","False","Pending"
"src/Excel/CUnitSystem.cls","CUnitSystem","321","Private","Function","MySignFactor","1","Возвращает знаковый множитель для My согласно выбранному пользователем направлению растяжения.","False","Pending"
"src/Excel/CUnitSystem.cls","CUnitSystem","326","Private","Function","ValidLengthUnit","1","Валидирует строку единицы длины из Config и возвращает ее без изменения регистра пользователя.","False","Pending"
"src/Excel/CUnitSystem.cls","CUnitSystem","334","Private","Function","ValidAreaUnit","1","Валидирует строку единицы площади из Config.","False","Pending"
"src/Excel/CUnitSystem.cls","CUnitSystem","342","Private","Function","ValidForceUnit","1","Валидирует строку единицы силы из Config.","False","Pending"
"src/Excel/CUnitSystem.cls","CUnitSystem","350","Private","Function","ValidMomentUnit","1","Валидирует строку единицы момента из Config.","False","Pending"
"src/Excel/CUnitSystem.cls","CUnitSystem","358","Private","Function","ValidStressUnit","1","Валидирует строку единицы напряжения из Config.","False","Pending"
"src/Excel/CUnitSystem.cls","CUnitSystem","366","Private","Function","ValidCurvatureUnit","1","Валидирует строку единицы кривизны из Config.","False","Pending"
"src/Excel/CUnitSystem.cls","CUnitSystem","374","Private","Function","ValidNSign","1","Валидирует пользовательское соглашение знака продольной силы.","False","Pending"
"src/Excel/CUnitSystem.cls","CUnitSystem","382","Private","Function","ValidMxSign","1","Валидирует пользовательское соглашение знака Mx.","False","Pending"
"src/Excel/CUnitSystem.cls","CUnitSystem","390","Private","Function","ValidMySign","1","Валидирует пользовательское соглашение знака My.","False","Pending"
"src/Excel/modAutoCADStressExport.bas","modAutoCADStressExport","42","Public","Sub","ExportSectionStressToAutoCAD","3","Экспортирует выбранное сохраненное НДС и его оформление в активный чертеж. Читает Results, профиль отображения и единицы; решатель не вызывается, ошибки доступа или отсутствующего snapshot показываются пользователю.","False","Pending"
"src/Excel/modAutoCADStressExport.bas","modAutoCADStressExport","102","Public","Sub","ClearAutoCADDrawing","5","Очищает активный чертеж AutoCAD от объектов оформления, созданных NDM-export. Геометрические Region бетона и арматуры остаются на своих слоях. Удаляются только подписи на annotation-слоях, нейтральная линия, главные оси и точка приложения нагрузки, чтобы можно было заново выгрузить расчет поверх той же геометрии.","False","Pending"
"src/Excel/modAutoCADStressExport.bas","modAutoCADStressExport","136","Private","Function","AutoCADCleanupLayerSet","3","Собирает перечень слоев, которые относятся к оформлению, а не к геометрии. Слои подписей берутся из Config, а технические слои осей/точки/нейтральной линии совпадают с теми, которые создает экспорт.","False","Pending"
"src/Excel/modAutoCADStressExport.bas","modAutoCADStressExport","155","Private","Sub","AddCleanupLayer","1","Добавляет слой в set, пропуская пустые значения.","False","Pending"
"src/Excel/modAutoCADStressExport.bas","modAutoCADStressExport","164","Private","Function","DeleteAutoCADEntitiesOnLayers","3","Проходит ModelSpace с конца, чтобы безопасно удалять найденные объекты. Удаление идет только по слоям оформления; остальные сущности чертежа не затрагиваются, даже если они были созданы не этой программой.","False","Pending"
"src/Excel/modAutoCADStressExport.bas","modAutoCADStressExport","182","Private","Sub","ReadResultsExportState","3","Собирает контекст экспорта из последнего snapshot: геометрию, значения элементов, плоскость деформаций и предупреждение о физической допустимости. Профиль выбирает state/величину; текущий ввод геометрии не заменяет Results.","False","Pending"
"src/Excel/modAutoCADStressExport.bas","modAutoCADStressExport","219","Public","Function","ReadSectionGeometryFromResults","3","Восстанавливает CSectionModel из таблицы Results в внутренних единицах. Сохраняет реальные A/I импортированных элементов, отдельно от оболочки отображения; пустой snapshot отклоняется до чтения строк.","False","Pending"
"src/Excel/modAutoCADStressExport.bas","modAutoCADStressExport","278","Public","Function","ResultsGeometrySource","3","Возвращает диагностическую метку источника геометрии, сохраненную в rngNDMSectionProperties. Расчет с Geometry.Source = AutoCAD использует ее, чтобы не принять generated-геометрию за импортированную.","False","Pending"
"src/Excel/modAutoCADStressExport.bas","modAutoCADStressExport","302","Private","Function","ReadProfileIdForLoadCase","3","Находит профиль выбранного LC в последнем snapshot Results. Основной источник - rngNDMElementResults; свойства LC используются только для понятной ошибки, если выбранное состояние профиля не записывалось.","False","Pending"
"src/Excel/modAutoCADStressExport.bas","modAutoCADStressExport","311","Private","Function","ReadProfileIdFromElementResults","2","Ищет профиль LC в сохраненной поэлементной таблице. Пустой ответ означает, что профиль надо искать в свойствах LC; модель и расчет не создаются.","False","Pending"
"src/Excel/modAutoCADStressExport.bas","modAutoCADStressExport","332","Private","Function","ReadLoadCasePropertyText","2","Находит текстовое свойство выбранного LC в длинной таблице параметров. Не подставляет значение из текущего ввода при отсутствии свойства snapshot.","False","Pending"
"src/Excel/modAutoCADStressExport.bas","modAutoCADStressExport","356","Private","Sub","ReadElementResultsForCombination","3","Отбирает Stress/Strain и PhysicalState элементов только для выбранных LC и named-state. Отсутствие рассчитанного состояния дает адресную ошибку, а не незаметную замену результатом другого сочетания.","False","Pending"
"src/Excel/modAutoCADStressExport.bas","modAutoCADStressExport","403","Private","Sub","ReadSectionPropertiesForCombination","3","Читает сохраненную плоскость, точку нагрузки и выбранные главные оси. Переводит длины/кривизны из единиц snapshot и готовит предупреждение о несошедшемся либо вспомогательном НДС; равновесие повторно не ищется.","False","Pending"
"src/Excel/modAutoCADStressExport.bas","modAutoCADStressExport","496","Private","Function","MissingExportStateMessage","2","Объясняет отсутствие выбранного state, различая выключенный расчет трещин и отсутствие пороговой точки. Это подсказка экспорта, не назначение статуса.","False","Pending"
"src/Excel/modAutoCADStressExport.bas","modAutoCADStressExport","515","Private","Function","IsCrackExportState","2","Определяет принадлежность named-state к трещинам для сообщения экспорта. Неизвестное имя не получает ложный crack-specific совет.","False","Pending"
"src/Excel/modAutoCADStressExport.bas","modAutoCADStressExport","526","Private","Function","ExportCombinationHasCrackWidth","2","Проверяет, запрошены ли трещины профилем LC, указанным в snapshot. Используется только для объяснения отсутствующей визуализации.","False","Pending"
"src/Excel/modAutoCADStressExport.bas","modAutoCADStressExport","543","Private","Function","ReadGoverningCombinationID","2","Читает выбранное определяющее сочетание из готовой batch-сводки. При отсутствии метаданных вызывающий слой сам выбирает сохраненный fallback LC.","False","Pending"
"src/Excel/modAutoCADStressExport.bas","modAutoCADStressExport","552","Private","Function","SafeText","1","Безопасно читает текст из ячейки Results.","False","Pending"
"src/Excel/modAutoCADStressExport.bas","modAutoCADStressExport","559","Private","Function","SafeBoolean","2","Распознает сохраненный логический признак snapshot, включая текст Excel. Ошибка ячейки не трактуется как доказанное использование расширения.","False","Pending"
"src/Excel/modAutoCADStressExport.bas","modAutoCADStressExport","573","Private","Function","OutputLengthToInternal","2","Переводит три вида сохраненных геометрических величин через CUnitSystem. Без адаптера вход считается уже внутренним; это контракт вспомогательного API.","False","Pending"
"src/Excel/modAutoCADStressExport.bas","modAutoCADStressExport","577","Private","Function","OutputAreaToInternal","0","","False","Pending"
"src/Excel/modAutoCADStressExport.bas","modAutoCADStressExport","581","Private","Function","OutputFourthPowerLengthToInternal","0","","False","Pending"
"src/Excel/modAutoCADStressExport.bas","modAutoCADStressExport","587","Private","Function","ResolveExportCombinationID","2","Разрешает Worst через сохраненную сводку/таблицы либо принимает точный LC ID. Пустой выбор и отсутствие рассчитанных сочетаний отклоняются явно.","False","Pending"
"src/Excel/modAutoCADStressExport.bas","modAutoCADStressExport","607","Private","Function","FirstLoadCaseFromSectionProperties","3","Возвращает первый LC из свойств Results, если batch summary не содержит определяющего сочетания и поэлементная таблица пуста. Дальше экспорт все равно проверит, что выбранное Visualization.State реально есть в snapshot.","False","Pending"
"src/Excel/modAutoCADStressExport.bas","modAutoCADStressExport","628","Private","Function","FirstCalculatedLoadCaseFromResults","3","Возвращает первое сочетание, для которого в Results есть LC-зависимые результаты элементов. Это тот же fallback, которым пользуется Excel-схема, когда определяющее сочетание в batch summary не заполнено.","False","Pending"
"src/Excel/modAutoCADStressExport.bas","modAutoCADStressExport","647","Private","Function","HasResultTableRows","2","Проверяет, есть ли в Variant-таблице заголовок и строка данных. Локальный перехват относится только к отсутствующему/непрямоугольному массиву.","False","Pending"
"src/Excel/modAutoCADStressExport.bas","modAutoCADStressExport","657","Private","Function","ResultColumn","2","Находит обязательную колонку по смысловому имени без суффикса единиц. Отсутствующая колонка дает ошибку структуры Results до индексации данных.","False","Pending"
"src/Excel/modAutoCADStressExport.bas","modAutoCADStressExport","670","Private","Function","GeometryStatusColumn","2","Геометрический snapshot теперь явно пишет статус интерпретации оболочки. Допускает ShapeType в сохраненной таблице без GeometryInterpretationStatus.","False","Pending"
"src/Excel/modAutoCADStressExport.bas","modAutoCADStressExport","684","Private","Function","ResultHeaderBase","2","Отделяет имя колонки от единиц после запятой, чтобы смена output-единиц не меняла поиск обязательного поля в сохраненной таблице.","False","Pending"
"src/Excel/modAutoCADStressExport.bas","modAutoCADStressExport","697","Private","Function","ReadAnchoredResultTable","3","Читает таблицу Results от именованного якоря. Метод не использует CurrentRegion, чтобы человекочитаемые заголовки над таблицами не попадали в массив расчетных данных.","False","Pending"
"src/Excel/modAutoCADStressExport.bas","modAutoCADStressExport","713","Private","Function","AnchoredColumnCount","1","Определяет ширину таблицы по непрерывной строке заголовков.","False","Pending"
"src/Excel/modAutoCADStressExport.bas","modAutoCADStressExport","723","Private","Function","AnchoredRowCount","2","Определяет высоту таблицы по первому столбцу, где все Results-таблицы имеют обязательный RunID/ElementID/AnnotationID в каждой строке данных.","False","Pending"
"src/Excel/modAutoCADStressExport.bas","modAutoCADStressExport","732","Private","Function","ResultHeaderUnit","1","Достает единицу измерения из заголовка вида ""X, mm"".","False","Pending"
"src/Excel/modAutoCADStressExport.bas","modAutoCADStressExport","754","Private","Function","OutputLengthToInternalByUnit","1","Переводит длину из единицы, сохраненной в Results snapshot, во внутренние мм.","False","Pending"
"src/Excel/modAutoCADStressExport.bas","modAutoCADStressExport","759","Private","Function","OutputAreaToInternalByUnit","1","Переводит площадь из единицы, сохраненной в Results snapshot, во внутренние мм2.","False","Pending"
"src/Excel/modAutoCADStressExport.bas","modAutoCADStressExport","764","Private","Function","OutputFourthPowerLengthToInternalByUnit","1","Переводит собственные моменты инерции элемента из snapshot в мм4.","False","Pending"
"src/Excel/modAutoCADStressExport.bas","modAutoCADStressExport","773","Private","Function","LengthFactorToMmByUnit","2","Возвращает масштаб сохраненной длины к миллиметрам. Неизвестная подпись единицы прерывает экспорт, чтобы не построить чертеж с неверным размером.","False","Pending"
"src/Excel/modAutoCADStressExport.bas","modAutoCADStressExport","784","Private","Function","AreaFactorToMm2ByUnit","2","Возвращает масштаб площади snapshot к мм2; принимает только известные единицы площади и не угадывает масштаб по численному значению.","False","Pending"
"src/Excel/modAutoCADStressExport.bas","modAutoCADStressExport","794","Private","Function","OutputCurvatureToInternalByUnit","1","Переводит кривизну из единицы, сохраненной в Results snapshot, во внутренние 1/мм.","False","Pending"
"src/Excel/modAutoCADStressExport.bas","modAutoCADStressExport","805","Private","Sub","DrawResultsStressExport","3","Строит геометрию, подписи, оси и нулевую линию по готовому Results snapshot в активном документе AutoCAD. Использует сохраненные размеры элементов; экспорт не читает заново исходное сечение и не запускает решатель НДС.","False","Pending"
"src/Excel/modAutoCADStressExport.bas","modAutoCADStressExport","897","Private","Function","DrawParametricSectionContour","4","Выгружает точный параметрический контур сечения из semantic-аннотаций Results. Здесь намеренно не восстанавливается контур по бетонным волокнам: для импортированной AutoCAD-сетки такой контур неизвестен, а значит экспорт должен пропустить его, а не рисовать приближенную оболочку.","False","Pending"
"src/Excel/modAutoCADStressExport.bas","modAutoCADStressExport","992","Private","Function","ResultsOutputLengthUnit","3","Читает единицу длины последнего расчетного снимка. Для annotation-таблицы это важнее заголовков StartX/EndX: сами заголовки исторически без "", mm"", но значения уже переведены writer-ом в Output.LengthUnit.","False","Pending"
"src/Excel/modAutoCADStressExport.bas","modAutoCADStressExport","1017","Private","Function","AnnotationLengthUnit","6","Возвращает единицу длины для одной строки semantic-аннотации. В таблице rngNDMSectionAnnotations координатные заголовки не содержат "", mm"": координаты уже сохранены в пользовательских output-единицах. В новых снимках contour-строки явно несут Unit, а для старых снимков без Unit берем общий Output.LengthUnit из свойств сечения. Иначе при Output.LengthUnit = m контур получается в 1000 раз меньше бетонной и арматурной геометрии.","False","Pending"
"src/Excel/modAutoCADStressExport.bas","modAutoCADStressExport","1029","Private","Function","ContourLoopKey","3","Возвращает имя петли contour-аннотаций. Старые ID вида CONTOUR_LINE_1 попадают в одну пустую петлю; новые CONTOUR_OUTER_* и CONTOUR_OPENING_* экспортируются как независимые замкнутые полилинии.","False","Pending"
"src/Excel/modAutoCADStressExport.bas","modAutoCADStressExport","1042","Private","Sub","AppendContourSegment","3","Накопляет линейный или дуговой сегмент будущей AutoCAD LWPOLYLINE. Bulge хранится на начальной вершине сегмента: 0 для прямого участка и Tan(sweep/4) для дуги AutoCAD.","False","Pending"
"src/Excel/modAutoCADStressExport.bas","modAutoCADStressExport","1064","Private","Function","DrawContourSegmentPolyline","4","Строит одну непрерывную LWPOLYLINE по порядку contour-аннотаций. Если будущий генератор случайно запишет сегменты с разрывом, экспорт останавливается с понятной ошибкой: лучше увидеть проблему, чем получить в AutoCAD контур с паразитной перемычкой.","False","Pending"
"src/Excel/modAutoCADStressExport.bas","modAutoCADStressExport","1098","Private","Function","DrawContourCirclePolyline","2","Окружность тоже выводится LWPOLYLINE: четыре четверти с одинаковым bulge дают непрерывную замкнутую полилинию с дугами, а не отдельный объект Circle.","False","Pending"
"src/Excel/modAutoCADStressExport.bas","modAutoCADStressExport","1126","Private","Function","ContourExportStatusText","4","Формирует короткий фрагмент итогового сообщения по экспорту контура. Ноль при включенной настройке означает, что в Results не было параметрических contour-аннотаций: для импортированной сетки это штатно, для генератора - признак устаревшего расчетного снимка или ошибки записи аннотаций.","False","Pending"
"src/Excel/modAutoCADStressExport.bas","modAutoCADStressExport","1137","Private","Function","AddAcadLightWeightPolyline","1","Создает служебную полилинию AutoCAD на отдельном слое контура.","False","Pending"
"src/Excel/modAutoCADStressExport.bas","modAutoCADStressExport","1145","Private","Function","PointsAreClose","1","Сравнивает соседние вершины контура в миллиметрах.","False","Pending"
"src/Excel/modAutoCADStressExport.bas","modAutoCADStressExport","1150","Private","Function","ParseInvariantDouble","1","Читает число, сохраненное в Results с точкой как десятичным разделителем.","False","Pending"
"src/Excel/modAutoCADStressExport.bas","modAutoCADStressExport","1161","Private","Sub","DrawStateWarning","3","Добавляет в AutoCAD заметное предупреждение под сечением. Текст берется из сохраненного Results snapshot: это может быть выход за физическую диаграмму или численная несходимость прямого НДС.","False","Pending"
"src/Excel/modAutoCADStressExport.bas","modAutoCADStressExport","1178","Private","Function","LookupResultValue","2","Возвращает результат конкретного расчетного элемента из выбранного state. Отсутствующее значение является неполным snapshot, а не нулевым напряжением.","False","Pending"
"src/Excel/modAutoCADStressExport.bas","modAutoCADStressExport","1190","Private","Function","ResultPhysicalState","4","Возвращает физическое состояние элемента из snapshot Results. Цвет и слой AutoCAD выбираются по этому полю, а не по знаку Stress/Strain, потому что пользовательская SignConvention относится к N/Mx/My, а не к физическому знаку напряжений и деформаций элемента.","False","Pending"
"src/Excel/modAutoCADStressExport.bas","modAutoCADStressExport","1200","Private","Function","ResultLabelText","2","Формирует подпись Stress/Strain для AutoCAD. Само значение уже прочитано из Results в пользовательской единице, поэтому здесь меняется только формат.","False","Pending"
"src/Excel/modAutoCADStressExport.bas","modAutoCADStressExport","1212","Private","Function","FormatResultValue","1","Форматирует число с точностью визуализации профиля независимо от локали Excel.","False","Pending"
"src/Excel/modAutoCADStressExport.bas","modAutoCADStressExport","1228","Private","Sub","DrawCentroidAxesAndLoadPoint","3","Рисует выбранные главные оси через сохраненный центр и маркер точки нагрузки. Длина линий зависит от габарита только для оформления; координаты/угол берутся из Results и не пересчитывают геометрические характеристики.","False","Pending"
"src/Excel/modAutoCADStressExport.bas","modAutoCADStressExport","1263","Private","Function","ConnectToRunningAutoCAD","3","Подключается только к уже открытому AutoCAD. Если приложение не запущено, возвращаем свою русскую ошибку вместо COM-текста вроде ""ActiveX component can't create object"".","False","Pending"
"src/Excel/modAutoCADStressExport.bas","modAutoCADStressExport","1276","Private","Function","ActiveAutoCADDocument","3","Возвращает активный чертеж AutoCAD. Ситуация, когда AutoCAD открыт без документа, обрабатывается отдельно, чтобы пользователь понял, что нужно создать или открыть DWG, а не искать ошибку в расчете.","False","Pending"
"src/Excel/modAutoCADStressExport.bas","modAutoCADStressExport","1289","Private","Function","ReadAutoCADExportSettings","3","Собирает настройки слоев, цветов, подписей и главных осей для одного экспорта. Общий settings-reader проверяет типы, профиль Results выбирает величину/state; этот набор управляет только построением и не меняет расчетные материалы.","False","Pending"
"src/Excel/modAutoCADStressExport.bas","modAutoCADStressExport","1313","Private","Function","AutoCADPrincipalAxesMode","2","Читает режим осей AutoCAD export. Старый Yes/No-ключ остается только fallback-ом для старых книг; новый Config использует PrincipalAxesMode.","False","Pending"
"src/Excel/modAutoCADStressExport.bas","modAutoCADStressExport","1328","Private","Function","NormalizePrincipalAxesMode","1","Приводит пользовательский выбор осей к единому внутреннему тексту.","False","Pending"
"src/Excel/modAutoCADStressExport.bas","modAutoCADStressExport","1343","Private","Function","PrincipalAxesModeDraws","1","True, если оси нужно выгружать.","False","Pending"
"src/Excel/modAutoCADStressExport.bas","modAutoCADStressExport","1349","Private","Function","AutoCADLabelModeIncludesNames","2","Определяет, нужны ли расчетные имена элементов в выбранном режиме подписей. Режим только значений не добавляет имена, выключенные подписи не рисуются.","False","Pending"
"src/Excel/modAutoCADStressExport.bas","modAutoCADStressExport","1363","Private","Sub","GetSectionBounds","2","Определяет рамку чертежа по бетонным элементам, учитывая их поворот и размер. Пустая модель отклоняется явно; арматура не заменяет отсутствующий бетон.","False","Pending"
"src/Excel/modAutoCADStressExport.bas","modAutoCADStressExport","1381","Private","Function","ConcreteDrawWidth","3","Размеры неизвестной формы нужны только для условного изображения элемента. Если реальные ширина/высота сохранены, используются они; иначе рисуется квадрат равной площади без замены расчетных A/I импортированного элемента.","False","Pending"
"src/Excel/modAutoCADStressExport.bas","modAutoCADStressExport","1386","Private","Function","ConcreteDrawHeight","0","","False","Pending"
"src/Excel/modAutoCADStressExport.bas","modAutoCADStressExport","1394","Private","Function","ConcreteDrawRotation","3","Возвращает визуальный угол бетонного элемента для AutoCAD export. Реальные прямоугольники сохраняют свой Rotation; fallback-квадрат по площади получает средний угол импортированной сетки.","False","Pending"
"src/Excel/modAutoCADStressExport.bas","modAutoCADStressExport","1405","Private","Sub","ConcreteLabelPoint","3","Возвращает точку подписи бетонного элемента в его локальной системе осей. Для повернутых AutoCAD Region подпись остается рядом с тем же локальным углом элемента, а не уезжает в осевой прямоугольник глобальных X/Y.","False","Pending"
"src/Excel/modAutoCADStressExport.bas","modAutoCADStressExport","1421","Private","Sub","ExpandSectionBoundsByConcreteElement","4","Расширяет габарит AutoCAD export по фактическим углам бетонного элемента. Это важно для импортированных повернутых прямоугольных Region: нейтральная линия, оси и предупреждения получают рамку по той же геометрии, которая реально будет выгружена в AutoCAD.","False","Pending"
"src/Excel/modAutoCADStressExport.bas","modAutoCADStressExport","1444","Private","Sub","IncludeRotatedRectangleCorner","2","Добавляет в общий габарит один угол прямоугольного элемента с учетом локального поворота. sx/sy равны -1 или 1 и выбирают нужный угол.","False","Pending"
"src/Excel/modAutoCADStressExport.bas","modAutoCADStressExport","1477","Private","Sub","DrawLoadPointMarker","2","Ставит крест и окружность в сохраненной точке приложения усилий. Размер маркера служит читаемости чертежа и не задает эксцентриситет нагрузки.","False","Pending"
"src/Excel/modAutoCADStressExport.bas","modAutoCADStressExport","1486","Private","Sub","DrawNeutralLineByState","3","Строит прямую нулевой деформации сохраненного state по пересечениям с рамкой. Для постоянной деформации без кривизн линии нет; при далекой нулевой линии рамка расширяется ограниченно, чтобы сохранить понятный масштаб чертежа.","False","Pending"
"src/Excel/modAutoCADStressExport.bas","modAutoCADStressExport","1547","Private","Sub","ExpandNeutralBoundsByState","3","Увеличивает только рамку изображения, если нулевая линия лежит вне сечения. Расстояние берется из плоскости деформаций; ограничение двадцатью габаритами предотвращает несоразмерный чертеж и не меняет вычисленное НДС.","False","Pending"
"src/Excel/modAutoCADStressExport.bas","modAutoCADStressExport","1584","Private","Function","NeutralYAtXState","3","Координаты нулевой линии при заданной X/Y. Почти нулевой делитель означает отсутствие пересечения с соответствующей стороной рамки; большой служебный результат затем отклоняется проверкой границ, а не используется как точка.","False","Pending"
"src/Excel/modAutoCADStressExport.bas","modAutoCADStressExport","1593","Private","Function","NeutralXAtYState","0","","False","Pending"
"src/Excel/modAutoCADStressExport.bas","modAutoCADStressExport","1604","Private","Sub","AppendNeutralIntersection","2","Добавляет допустимое пересечение нулевой линии с рамкой без повторов углов. Проверяет вместимость массива до записи; из этих точек выбирается отрезок.","False","Pending"
"src/Excel/modAutoCADStressExport.bas","modAutoCADStressExport","1624","Private","Sub","AddAcadRectangleRegion","3","Строит повернутый прямоугольник четырьмя WCS-отрезками и преобразует в Region. Это сохраняет расположение элемента независимо от UCS/OCS активного чертежа; временные исходные линии удаляются после создания области.","False","Pending"
"src/Excel/modAutoCADStressExport.bas","modAutoCADStressExport","1654","Private","Function","AddAcadSourceLine","1","Создает временный отрезок по WCS-точкам для последующего AddRegion.","False","Pending"
"src/Excel/modAutoCADStressExport.bas","modAutoCADStressExport","1665","Private","Sub","AddAcadLine","2","Добавляет постоянный WCS-отрезок в ModelSpace с назначенным слоем и цветом. В отличие от source-line для Region этот объект остается на чертеже.","False","Pending"
"src/Excel/modAutoCADStressExport.bas","modAutoCADStressExport","1679","Private","Sub","AddAcadCircleRegion","2","Создает круглую Region арматуры через временную окружность; диаметр берется из сохраненной модели, а не восстанавливается из площади бетонного элемента.","False","Pending"
"src/Excel/modAutoCADStressExport.bas","modAutoCADStressExport","1690","Private","Sub","AddAcadRegionFromCurve","2","Передает одну замкнутую исходную кривую общему созданию Region. Владелец преобразования назначает оформление и удаляет временную кривую.","False","Pending"
"src/Excel/modAutoCADStressExport.bas","modAutoCADStressExport","1698","Private","Sub","AddAcadRegionFromCurves","1","Превращает временные AutoCAD-кривые в Region и удаляет исходные линии/окружности.","False","Pending"
"src/Excel/modAutoCADStressExport.bas","modAutoCADStressExport","1717","Private","Sub","DeleteAcadSourceObjects","1","Удаляет временные кривые, из которых был построен Region.","False","Pending"
"src/Excel/modAutoCADStressExport.bas","modAutoCADStressExport","1728","Private","Sub","EnsureAcadLayer","2","Гарантирует наличие слоя AutoCAD. Если слой уже есть в чертеже, его цвет и другие свойства не меняются; цвет применяется только к вновь созданному слою.","False","Pending"
"src/Excel/modAutoCADStressExport.bas","modAutoCADStressExport","1746","Private","Sub","AddAcadCircle","2","Добавляет WCS-окружность маркера с заданным слоем и цветом. Она служит оформлению, не преобразуется в расчетную область сечения.","False","Pending"
"src/Excel/modAutoCADStressExport.bas","modAutoCADStressExport","1758","Private","Sub","AddAcadText","2","Добавляет готовую подпись в WCS-точке с выбранными высотой, слоем и цветом. Текст уже сформирован из snapshot; здесь нет назначения расчетного статуса.","False","Pending"
"src/Excel/modAutoCADStressExport.bas","modAutoCADStressExport","1771","Private","Function","ResultColorByPhysicalState","3","Выбирает цвет AutoCAD по физическому состоянию, сохраненному в Results. Compression/Tension получают материал-зависимые цвета, а NearZero и InactiveTensionConcrete выводятся нейтральным серым.","False","Pending"
"src/Excel/modAutoCADStressExport.bas","modAutoCADStressExport","1793","Private","Function","ResultAnnotationLayerByPhysicalState","3","Помещает подписи в tension/compression-слои по PhysicalState. Нейтральные и выключенные растянутые бетонные элементы уходят в compression-слой материала, чтобы нулевые значения не теряли слой вывода.","False","Pending"
"src/Excel/modAutoCADStressExport.bas","modAutoCADStressExport","1813","Private","Sub","ReadFirstExportLoad","3","Читает обязательные численные N/Mx/My первой непустой строки таблицы. Возвращает исходные пользовательские числа без пересчета единиц; этот служебный вход не является повторным расчетом сохраненного Results state.","False","Pending"
"src/Excel/modAutoCADStressExport.bas","modAutoCADStressExport","1833","Private","Function","IsExportEmptyRow","2","Различает полностью пустую строку и строку с любым заданным значением. Численный ноль не пропускается как отсутствие исходной нагрузки.","False","Pending"
"src/Excel/modAutoCADStressExport.bas","modAutoCADStressExport","1843","Private","Function","ReadExportRequiredDouble","2","Возвращает обязательное число с отдельным сообщением для пустого поля и нечислового значения; не подставляет ноль при ошибке ввода.","False","Pending"
"src/Excel/modAutoCADStressExport.bas","modAutoCADStressExport","1849","Private","Function","MaxDouble","0","","False","Pending"
"src/Excel/modAutoCADStressExport.bas","modAutoCADStressExport","1853","Private","Function","MinDouble","0","","False","Pending"
"src/Excel/modAutoCADStressExport.bas","modAutoCADStressExport","1862","Public","Function","Audit02ReadExportSnapshotForTests","3","Читает ровно тот snapshot, который используется при экспорте в AutoCAD, не создавая AutoCAD application и не запуская solver. Текст нужен только для точного сравнения сохраненных значений после изменения Config.","False","Pending"
"src/Excel/modStatusFormatting.bas","modStatusFormatting","12","Public","Function","StatusFillColor","1","Возвращает утвержденный цвет фона для пользовательского статуса.","False","Pending"
"src/Excel/modStatusFormatting.bas","modStatusFormatting","37","Public","Sub","ApplyStatusFill","3","Наносит статусную заливку на одну ячейку или блок строки Results. Шрифты, границы и числовые форматы не трогает: writer-ы вызывают эту процедуру только как последний слой цветовой индикации статуса.","False","Pending"
"src/Excel/modStatusFormatting.bas","modStatusFormatting","46","Private","Function","StatusPolicy","1","Возвращает общий словарь статусов для модуля цветового оформления.","False","Pending"
"src/Excel/modWorkbookCalculation.bas","modWorkbookCalculation","17","Public","Sub","RunSectionCalculation","3","Запускает полный сценарий кнопки расчета для текущей книги и показывает итог. Чтение, расчет и запись делегируются workbook-entrypoint; ошибка выводится независимо от настройки необязательных информационных сообщений.","False","Pending"
"src/Excel/modWorkbookCalculation.bas","modWorkbookCalculation","33","Public","Sub","ClearSectionResults","1","Очищает накопленное состояние перед новым расчетом или повторным формированием вывода.","False","Pending"
"src/Excel/modWorkbookCalculation.bas","modWorkbookCalculation","47","Public","Sub","UpdateSectionPlot","2","Обновляет схему по сохраненному Results и сообщает об ошибке пользователю. Не запускает НДС и не заменяет snapshot текущими исходными параметрами.","False","Pending"
"src/Excel/modWorkbookCalculation.bas","modWorkbookCalculation","61","Public","Sub","ImportGeometryFromAutoCAD","2","Запускает импорт Region из активного AutoCAD в сохраненную модель Results. Показывает причину отказа; кнопка не выполняет расчет прочности или трещин.","False","Pending"
"src/Excel/modWorkbookCalculation.bas","modWorkbookCalculation","75","Public","Sub","UpdateSectionPlotForWorkbook","3","Читает выбранное состояние Results и перерисовывает схему указанной книги. При отсутствии state допускает только предусмотренный geometry-only preview; решатель не вызывается, сохраненные таблицы не изменяются.","False","Pending"
"src/Excel/modWorkbookCalculation.bas","modWorkbookCalculation","117","Private","Function","TryLoadFullPlotReader","4","Сначала пытаемся построить обычную схему по расчетным результатам. Если расчета еще нет, но после AutoCAD-import уже сохранена геометрия, возвращаем False: вызывающий код построит geometry-preview с текущими настройками аннотаций, не запуская solver и не меняя Results.","False","Pending"
"src/Excel/modWorkbookCalculation.bas","modWorkbookCalculation","142","Private","Function","CanUseGeometryPreview","4","Проверяет, можно ли вместо полноценной расчетной схемы показать preview импортированной AutoCAD-геометрии. Generated-сценарий сюда не допускается: иначе AutoCAD-preview может остаться на листе после переключения настроек на автоматическую генерацию сечения.","False","Pending"
"src/Excel/modWorkbookCalculation.bas","modWorkbookCalculation","157","Private","Sub","ClearSectionPlotForNoData","4","Очищает содержимое существующего ChartObject, но не удаляет само окно схемы. Это нужно, когда расчет не дал ни одного доступного состояния LC: пользователь не должен видеть подпись или AutoCAD-preview схему, ошибочно связанную с текущими Generated-настройками.","False","Pending"
"src/Excel/modWorkbookCalculation.bas","modWorkbookCalculation","167","Public","Sub","UpdateSectionGeometryPreviewForWorkbook","2","Рисует geometry-only preview сохраненной импортированной модели без НДС. Настройки оформления читаются из Config, координаты и характеристики - из Results.","False","Pending"
"src/Excel/modWorkbookCalculation.bas","modWorkbookCalculation","186","Public","Function","ImportGeometryFromAutoCADForWorkbook","3","Импортирует AutoCAD Region в CSectionModel и сохраняет geometry-only snapshot. Расчет при Geometry.Source = AutoCAD затем использует этот снимок, а не обращается к AutoCAD повторно.","False","Pending"
"src/Excel/modWorkbookCalculation.bas","modWorkbookCalculation","227","Public","Function","NonCriticalMessagesEnabled","3","Возвращает пользовательское решение о показе обычных информационных окон. Ошибки и предупреждения эта настройка не гасит: она нужна только для сообщений об успешно завершенных действиях, которые могут мешать серии запусков.","False","Pending"
"src/Excel/modWorkbookCalculation.bas","modWorkbookCalculation","245","Public","Function","RunSectionCalculationForWorkbook","3","Выполняет весь Excel-сценарий на указанной книге: один раз читает Config, строит модель/материалы, рассчитывает LC и записывает согласованный Results. Возвращает сообщение запуска; настройками Excel управляет временный guard.","False","Pending"
"src/Excel/modWorkbookCalculation.bas","modWorkbookCalculation","424","Private","Sub","ValidateResultsOutputLayout","4","Проверяет, поместятся ли все блоки Results до запуска solver-а. Учитываются шапки над якорями, фактические ширины writer-ов и нижние snapshot-блоки, между которыми по принятому правилу должны оставаться две пустые строки. Если раскладка тесная, расчет не запускается.","False","Pending"
"src/Excel/modWorkbookCalculation.bas","modWorkbookCalculation","558","Private","Function","MissingResultsAnchorMessage","2","Формирует понятное сообщение о конкретных Results-якорях, без которых невозможно заранее проверить раскладку блоков вывода.","False","Pending"
"src/Excel/modWorkbookCalculation.bas","modWorkbookCalculation","593","Private","Function","WorkbookNameHasRange","1","Проверяет, что имя существует в книге и действительно ссылается на диапазон.","False","Pending"
"src/Excel/modWorkbookCalculation.bas","modWorkbookCalculation","605","Private","Sub","ValidateSnapshotOutputLayout","1","Проверяет нижние соседние блоки Results по строкам листа и по ширине.","False","Pending"
"src/Excel/modWorkbookCalculation.bas","modWorkbookCalculation","659","Private","Sub","CheckFootprintWithinSheet","1","Проверяет, что прямоугольник вывода не выходит за пределы листа Excel.","False","Pending"
"src/Excel/modWorkbookCalculation.bas","modWorkbookCalculation","680","Private","Function","EstimatedNamedStateCountForOutput","1","Оценивает максимальное число поэлементных named-state строк до расчета.","False","Pending"
"src/Excel/modWorkbookCalculation.bas","modWorkbookCalculation","693","Private","Function","EstimatedNamedStateCountForProfile","2","Возвращает верхнюю оценку named-state для профиля: трещины дают CrackedState и две возможные Mcrc-точки, даже если в конкретном LC они могут не понадобиться.","False","Pending"
"src/Excel/modWorkbookCalculation.bas","modWorkbookCalculation","711","Private","Sub","AddLayoutIssue","2","Добавляет конкретную проблему размещения Results в общий список исправлений. Отсутствующий список допускается у служебного вызова и не создает новую коллекцию.","False","Pending"
"src/Excel/modWorkbookCalculation.bas","modWorkbookCalculation","720","Private","Sub","AddRowsGapIssue","4","Добавляет короткую практическую рекомендацию по вертикальному разрыву между соседними anchor-блоками Results. rowsToInsert считается до первой строки таблицы следующего блока, а insertBeforeRow указывает пользователю строку синего заголовка, над которой реально надо вставлять строки.","False","Pending"
"src/Excel/modWorkbookCalculation.bas","modWorkbookCalculation","732","Private","Function","RowsWord","1","Возвращает короткое русское склонение слова ""строка"" для пользовательской подсказки.","False","Pending"
"src/Excel/modWorkbookCalculation.bas","modWorkbookCalculation","752","Private","Function","ResultsOutputLayoutMessage","2","Объясняет отказ до расчета, когда блокам Results не хватает строк. Включает уже подготовленные адресные рекомендации, не теряя число сочетаний.","False","Pending"
"src/Excel/modWorkbookCalculation.bas","modWorkbookCalculation","761","Private","Function","NumberedCollectionLines","1","Собирает список действий компактным нумерованным перечнем для MsgBox.","False","Pending"
"src/Excel/modWorkbookCalculation.bas","modWorkbookCalculation","771","Private","Function","MaxLong","0","","False","Pending"
"src/Excel/modWorkbookCalculation.bas","modWorkbookCalculation","779","Private","Sub","CalculateResultsSheet","4","Пересчитывает только лист Results после блочной записи формул. Во время расчета Excel работает в ручном режиме, поэтому точечный пересчет нужен, чтобы пользователь сразу видел актуальные коэффициенты запаса, но чужие открытые книги не пересчитывались на каждом шаге вывода.","False","Pending"
"src/Excel/modWorkbookCalculation.bas","modWorkbookCalculation","787","Private","Function","BuildCalculationMessage","2","Готовит итоговое сообщение о запуске, отдельно выделяя ошибки входных строк. Не назначает инженерные статусы: они уже сохранены в результатах batch.","False","Pending"
"src/Excel/modWorkbookCalculation.bas","modWorkbookCalculation","809","Private","Function","IsAutoCADSnapshotCalculation","3","Отличает расчет обычной Generated-модели от расчета AutoCAD-snapshot. Здесь не выполняется импорт: функция только выбирает человеческий текст сообщения после того, как модель уже построена через BuildWorkbookSectionModel.","False","Pending"
"src/Excel/modWorkbookCalculation.bas","modWorkbookCalculation","820","Private","Function","CombinationListForReport","3","Собирает компактный список всех сочетаний, которые reader реально добавил в batch. В расчет batch получает внутренние усилия, но в человекочитаемый отчет они возвращаются в пользовательские OUTPUT-единицы и знаки.","False","Pending"
"src/Excel/modWorkbookCalculation.bas","modWorkbookCalculation","842","Private","Function","ReportLengthText","3","Форматирует длину для execution_report в той же выходной системе единиц, что и лист Results. Отчет должен совпадать с пользовательским выводом, а не показывать внутренние миллиметры без необходимости.","False","Pending"
"src/Excel/modWorkbookCalculation.bas","modWorkbookCalculation","851","Private","Function","ReportForceText","1","Форматирует продольную силу с учетом выбранной пользователем системы знаков.","False","Pending"
"src/Excel/modWorkbookCalculation.bas","modWorkbookCalculation","860","Private","Function","ReportMxText","1","Форматирует Mx с тем же знаком и единицей, что в подробном выводе Results.","False","Pending"
"src/Excel/modWorkbookCalculation.bas","modWorkbookCalculation","869","Private","Function","ReportMyText","1","Форматирует My с тем же знаком и единицей, что в подробном выводе Results.","False","Pending"
"src/Excel/modWorkbookCalculation.bas","modWorkbookCalculation","879","Private","Function","JoinCollectionLines","2","Склеивает строки коллекции через переносы. Это маленькая локальная утилита для текстового отчета, чтобы не плодить ручную конкатенацию с vbCrLf.","False","Pending"
"src/Excel/modWorkbookCalculation.bas","modWorkbookCalculation","896","Private","Sub","ApplyLoadReferenceFromSettings","2","Задает пользовательскую точку относительно центра бетонного сечения. Смещения переводятся через CUnitSystem; приведенный центр здесь не используется.","False","Pending"
"src/Excel/modWorkbookCalculation.bas","modWorkbookCalculation","910","Private","Sub","LoadStabilityDurationLoadsFromWorkbook","3","Читает дополнительную таблицу нагрузок для устойчивости. Excel-слой сразу приводит силы и моменты к внутренним единицам, чтобы расчетный batch не обращался к листам и не знал пользовательских единиц.","False","Pending"
"src/Excel/modWorkbookCalculation.bas","modWorkbookCalculation","943","Private","Function","ReadSP35Table721FromWorkbook","2","Возвращает таблицу 7.21 СП 35 как обычный массив Variant. Дальше она живет только в памяти и передается в CStabilityCalculator через batch.","False","Pending"
"src/Excel/modWorkbookCalculation.bas","modWorkbookCalculation","958","Private","Function","NumericCellOrZero","2","Превращает пустую ячейку дополнительной таблицы нагрузок в 0. Ошибочные значения оставляем ошибкой исходных данных Excel, чтобы они не маскировались.","False","Pending"
"src/Excel/modWorkbookCalculation.bas","modWorkbookCalculation","970","Public","Sub","CalculateConcreteSectionCentroid","4","Возвращает центр тяжести бетонной части сечения. Это базовая точка пользовательских нагрузок: Load.ReferenceOffsetX/Y откладываются именно от центра бетона, а не от приведенного сечения бетон + арматура.","False","Pending"
"src/Excel/modWorkbookCalculation.bas","modWorkbookCalculation","982","Public","Sub","CalculateTransformedSectionCentroid","3","Возвращает центр тяжести приведенного сечения бетон + арматура. Метод остается для справочных геометрических характеристик, главных осей и регрессионных проверок, но не используется как база пользовательского offset.","False","Pending"
"src/Excel/modWorkbookCalculation.bas","modWorkbookCalculation","992","Public","Sub","ClearSectionResultsForWorkbook","1","Очищает накопленное состояние перед новым расчетом или повторным формированием вывода.","False","Pending"
"src/Excel/modWorkbookCalculation.bas","modWorkbookCalculation","1004","Public","Function","ReadWorkbookGeometry","2","Создает выбранную параметрическую геометрию через registry в внутренних мм. Здесь нет импорта AutoCAD или построения расчетной сетки.","False","Pending"
"src/Excel/modWorkbookCalculation.bas","modWorkbookCalculation","1017","Public","Function","BuildWorkbookSectionModel","3","Получает единственную модель для расчета: строит Generated по Config либо читает ранее импортированный AutoCAD snapshot из Results. Повторный импорт не выполняется; отсутствие нужного сохраненного источника является ошибкой.","False","Pending"
"src/Excel/modWorkbookCalculation.bas","modWorkbookCalculation","1049","Public","Function","WorkbookMeshBoundarySubdivisions","2","Возвращает утвержденное число подъячеек границы через общий geometry registry. Тот же параметр используется при построении модели, а не только на схеме.","False","Pending"
"src/Excel/modWorkbookCalculation.bas","modWorkbookCalculation","1057","Public","Function","ReadWorkbookRebars","2","Строит автоматическую арматуру выбранной формы через registry и CUnitSystem. Возвращает раскладку до объединения с бетонной сеткой в CSectionModel.","False","Pending"
"src/Excel/modWorkbookCalculation.bas","modWorkbookCalculation","1070","Private","Function","FormatReportNumber","3","Форматирует числа для человекочитаемого txt-отчета без зависимости от десятичного разделителя Windows. Это локальная утилита Excel-слоя: она нужна только для протокола запуска и не участвует в расчетных формулах.","False","Pending"
"src/Excel/modWorkbookCalculation.bas","modWorkbookCalculation","1076","Private","Function","ElapsedSecondsFrom","2","Считает продолжительность пользовательского сценария с учетом возможного перехода Timer через полночь.","False","Pending"
"src/Geometry/CFiberMeshBuilder.cls","CFiberMeshBuilder","29","Public","Sub","BuildMesh","3","Дискретизирует бетонную область регулярной сеткой. Ячейки полностью внутри формы добавляются целиком; пограничные ячейки при необходимости дробятся на подячейки через Mesh.BoundarySubdivisions.","False","Pending"
"src/Geometry/CFiberMeshBuilder.cls","CFiberMeshBuilder","122","Private","Sub","AddSubcellFibers","2","Дробит пограничную ячейку на более мелкие прямоугольники и добавляет только те центры подъячеек, которые попали внутрь исходной геометрии.","False","Pending"
"src/Geometry/CFiberMeshBuilder.cls","CFiberMeshBuilder","144","Private","Sub","GetCornerStatus","2","Проверяет четыре угла расчетной ячейки. Это быстрый способ понять, можно ли взять всю ячейку целиком или нужно уточнять границу подъячеечным разбиением.","False","Pending"
"src/Geometry/CFiberMeshBuilder.cls","CFiberMeshBuilder","161","Private","Sub","AddFiber","3","Добавляет один бетонный волоконный элемент в память builder-а. Width/Height сохраняются как реальная прямоугольная оболочка generated-сетки и потом используются для границ, h, a_s и визуализации.","False","Pending"
"src/Geometry/CFiberMeshBuilder.cls","CFiberMeshBuilder","183","Public","Property Get","FiberCount","0","","False","Pending"
"src/Geometry/CFiberMeshBuilder.cls","CFiberMeshBuilder","187","Public","Property Get","FiberX","0","","False","Pending"
"src/Geometry/CFiberMeshBuilder.cls","CFiberMeshBuilder","192","Public","Property Get","FiberY","0","","False","Pending"
"src/Geometry/CFiberMeshBuilder.cls","CFiberMeshBuilder","197","Public","Property Get","FiberWidth","0","","False","Pending"
"src/Geometry/CFiberMeshBuilder.cls","CFiberMeshBuilder","202","Public","Property Get","FiberHeight","0","","False","Pending"
"src/Geometry/CFiberMeshBuilder.cls","CFiberMeshBuilder","207","Public","Property Get","FiberArea","0","","False","Pending"
"src/Geometry/CFiberMeshBuilder.cls","CFiberMeshBuilder","212","Public","Property Get","FiberFillFactor","0","","False","Pending"
"src/Geometry/CFiberMeshBuilder.cls","CFiberMeshBuilder","217","Public","Property Get","FiberMaterialID","0","","False","Pending"
"src/Geometry/CFiberMeshBuilder.cls","CFiberMeshBuilder","224","Private","Sub","CheckFiberIndex","2","Проверяет обращение к существующему волокну и выдает понятную ошибку, если reader/builder вышел за границы построенной сетки.","False","Pending"
"src/Geometry/CFiberMeshBuilder.cls","CFiberMeshBuilder","237","Public","Property Get","BuildSeconds","6","========================================================================== ДЛЯ ТЕСТОВ ========================================================================== Performance-тесты читают время построения сетки, чтобы ловить грубые регрессии скорости. Рабочий расчет использует уже построенные элементы и не принимает решений по этому диагностическому значению.","False","Pending"
"src/Geometry/CGeometryCircle.cls","CGeometryCircle","27","Public","Sub","InitializeByRadius","1","Инициализирует круг через радиус и центр во внутренних миллиметрах.","False","Pending"
"src/Geometry/CGeometryCircle.cls","CGeometryCircle","37","Public","Sub","InitializeByDiameter","2","Удобная оболочка для пользовательского ввода диаметра: расчетная геометрия дальше хранит только радиус.","False","Pending"
"src/Geometry/CGeometryCircle.cls","CGeometryCircle","42","Public","Property Get","Radius","0","","False","Pending"
"src/Geometry/CGeometryCircle.cls","CGeometryCircle","46","Public","Property Get","Diameter","0","","False","Pending"
"src/Geometry/CGeometryCircle.cls","CGeometryCircle","50","Public","Property Get","CenterX","0","","False","Pending"
"src/Geometry/CGeometryCircle.cls","CGeometryCircle","54","Public","Property Get","CenterY","0","","False","Pending"
"src/Geometry/CGeometryCircle.cls","CGeometryCircle","58","Public","Property Get","MinX","0","","False","Pending"
"src/Geometry/CGeometryCircle.cls","CGeometryCircle","62","Public","Property Get","MaxX","0","","False","Pending"
"src/Geometry/CGeometryCircle.cls","CGeometryCircle","66","Public","Property Get","MinY","0","","False","Pending"
"src/Geometry/CGeometryCircle.cls","CGeometryCircle","70","Public","Property Get","MaxY","0","","False","Pending"
"src/Geometry/CGeometryCircle.cls","CGeometryCircle","76","Public","Function","ContainsPoint","2","Проверяет принадлежность точки замкнутой области круга с малым геометрическим допуском на границе.","False","Pending"
"src/Geometry/CGeometryCircle.cls","CGeometryCircle","89","Public","Function","IsPointInside","2","Явный алиас для контракта ISectionGeometry: точка на контуре считается находящейся внутри расчетной бетонной области.","False","Pending"
"src/Geometry/CGeometryCircle.cls","CGeometryCircle","94","Public","Function","IsValid","1","Проверяет, что круг был инициализирован и радиус физически положителен.","False","Pending"
"src/Geometry/CGeometryCircle.cls","CGeometryCircle","106","Public","Function","AnalyticalArea","1","Возвращает аналитическую площадь круга, когда геометрия валидна.","False","Pending"
"src/Geometry/CGeometryCircle.cls","CGeometryCircle","113","Public","Sub","AnalyticalCentroid","1","Возвращает аналитический центр тяжести круга.","False","Pending"
"src/Geometry/CGeometryCircle.cls","CGeometryCircle","123","Public","Sub","GetExtremePoints","2","Возвращает четыре опорные точки контура по главным направлениям. Их достаточно для габаритов, аннотаций и первичного масштабирования схемы.","False","Pending"
"src/Geometry/CGeometryCircle.cls","CGeometryCircle","134","Private","Property Get","ISectionGeometry_MinX","2","Реализация интерфейса ISectionGeometry: свойства и методы ниже только делегируют публичной математике круга.","False","Pending"
"src/Geometry/CGeometryCircle.cls","CGeometryCircle","138","Private","Property Get","ISectionGeometry_MaxX","0","","False","Pending"
"src/Geometry/CGeometryCircle.cls","CGeometryCircle","142","Private","Property Get","ISectionGeometry_MinY","0","","False","Pending"
"src/Geometry/CGeometryCircle.cls","CGeometryCircle","146","Private","Property Get","ISectionGeometry_MaxY","0","","False","Pending"
"src/Geometry/CGeometryCircle.cls","CGeometryCircle","151","Private","Function","ISectionGeometry_ContainsPoint","1","Делегирует проверку точки в публичный ContainsPoint.","False","Pending"
"src/Geometry/CGeometryCircle.cls","CGeometryCircle","156","Private","Function","ISectionGeometry_IsPointInside","1","Делегирует проверку точки в публичный IsPointInside.","False","Pending"
"src/Geometry/CGeometryCircle.cls","CGeometryCircle","161","Private","Function","ISectionGeometry_IsValid","1","Делегирует валидацию в публичный IsValid.","False","Pending"
"src/Geometry/CGeometryCircle.cls","CGeometryCircle","166","Private","Function","ISectionGeometry_AnalyticalArea","1","Делегирует аналитическую площадь в публичный AnalyticalArea.","False","Pending"
"src/Geometry/CGeometryCircle.cls","CGeometryCircle","171","Private","Sub","ISectionGeometry_AnalyticalCentroid","1","Делегирует аналитический центр тяжести в публичный AnalyticalCentroid.","False","Pending"
"src/Geometry/CGeometryCircle.cls","CGeometryCircle","176","Private","Sub","ISectionGeometry_GetExtremePoints","1","Делегирует опорные точки контура в публичный GetExtremePoints.","False","Pending"
"src/Geometry/CGeometryHollowRectangle.cls","CGeometryHollowRectangle","49","Public","Sub","Initialize","3","Инициализирует внешний контур и Opening в одной системе координат. OffsetX/OffsetY задают смещение центра отверстия относительно центра наружного прямоугольника; положительные значения идут по положительным X/Y.","False","Pending"
"src/Geometry/CGeometryHollowRectangle.cls","CGeometryHollowRectangle","91","Public","Property Get","B","0","","False","Pending"
"src/Geometry/CGeometryHollowRectangle.cls","CGeometryHollowRectangle","95","Public","Property Get","H","0","","False","Pending"
"src/Geometry/CGeometryHollowRectangle.cls","CGeometryHollowRectangle","99","Public","Property Get","R","0","","False","Pending"
"src/Geometry/CGeometryHollowRectangle.cls","CGeometryHollowRectangle","103","Public","Property Get","OpeningB","0","","False","Pending"
"src/Geometry/CGeometryHollowRectangle.cls","CGeometryHollowRectangle","107","Public","Property Get","OpeningH","0","","False","Pending"
"src/Geometry/CGeometryHollowRectangle.cls","CGeometryHollowRectangle","111","Public","Property Get","OpeningR","0","","False","Pending"
"src/Geometry/CGeometryHollowRectangle.cls","CGeometryHollowRectangle","115","Public","Property Get","OpeningOffsetX","0","","False","Pending"
"src/Geometry/CGeometryHollowRectangle.cls","CGeometryHollowRectangle","119","Public","Property Get","OpeningOffsetY","0","","False","Pending"
"src/Geometry/CGeometryHollowRectangle.cls","CGeometryHollowRectangle","123","Public","Property Get","OpeningMinX","0","","False","Pending"
"src/Geometry/CGeometryHollowRectangle.cls","CGeometryHollowRectangle","127","Public","Property Get","OpeningMaxX","0","","False","Pending"
"src/Geometry/CGeometryHollowRectangle.cls","CGeometryHollowRectangle","131","Public","Property Get","OpeningMinY","0","","False","Pending"
"src/Geometry/CGeometryHollowRectangle.cls","CGeometryHollowRectangle","135","Public","Property Get","OpeningMaxY","0","","False","Pending"
"src/Geometry/CGeometryHollowRectangle.cls","CGeometryHollowRectangle","139","Public","Property Get","MinX","0","","False","Pending"
"src/Geometry/CGeometryHollowRectangle.cls","CGeometryHollowRectangle","143","Public","Property Get","MaxX","0","","False","Pending"
"src/Geometry/CGeometryHollowRectangle.cls","CGeometryHollowRectangle","147","Public","Property Get","MinY","0","","False","Pending"
"src/Geometry/CGeometryHollowRectangle.cls","CGeometryHollowRectangle","151","Public","Property Get","MaxY","0","","False","Pending"
"src/Geometry/CGeometryHollowRectangle.cls","CGeometryHollowRectangle","157","Public","Sub","GetContourSegments","2","Возвращает точный контур одной петли: наружной или внутренней. openingLoop=False - внешний контур, openingLoop=True - Opening.","False","Pending"
"src/Geometry/CGeometryHollowRectangle.cls","CGeometryHollowRectangle","170","Public","Sub","GetHorizontalRebarLine","2","Возвращает горизонтальную линию раскладки внешней или внутренней грани. Для Opening знак as инвертируется: линия уходит от пустоты в бетон.","False","Pending"
"src/Geometry/CGeometryHollowRectangle.cls","CGeometryHollowRectangle","185","Public","Sub","GetSideRebarPath","3","Возвращает боковую траекторию внешней или внутренней грани. Для внутренней грани используется отрицательный offset, потому что бетон находится снаружи Opening, а не внутри пустоты.","False","Pending"
"src/Geometry/CGeometryHollowRectangle.cls","CGeometryHollowRectangle","197","Public","Sub","GetVerticalRebarLine","3","Возвращает прямую вертикальную линию раскладки для H-граней HollowRectangle. Внутри используется повернутая RoundedRectangle-геометрия: вертикальная H-грань исходного сечения соответствует горизонтальной линии в системе u=Y, v=-X.","False","Pending"
"src/Geometry/CGeometryHollowRectangle.cls","CGeometryHollowRectangle","225","Public","Sub","GetHorizontalRebarPath","3","Возвращает криволинейную верхнюю или нижнюю траекторию для B-граней. Это боковая траектория повернутой RoundedRectangle-геометрии, отображенная обратно в исходные координаты HollowRectangle.","False","Pending"
"src/Geometry/CGeometryHollowRectangle.cls","CGeometryHollowRectangle","247","Public","Function","ContainsPoint","2","Проверяет попадание в бетон: точка должна быть внутри внешнего контура и одновременно вне внутреннего отверстия.","False","Pending"
"src/Geometry/CGeometryHollowRectangle.cls","CGeometryHollowRectangle","255","Public","Function","IsPointInside","2","Дублирует семантику ContainsPoint для общего интерфейса геометрий проекта: точка считается внутри, только если она попадает в бетонное кольцо, а не в пустоту.","False","Pending"
"src/Geometry/CGeometryHollowRectangle.cls","CGeometryHollowRectangle","261","Public","Function","IsValid","2","Возвращает сохраненную совместную проверку контуров. Геометрия меняется только через Initialize, поэтому массовые запросы точки не повторяют ее.","False","Pending"
"src/Geometry/CGeometryHollowRectangle.cls","CGeometryHollowRectangle","272","Private","Function","ValidateCurrentGeometry","2","Проверяет размеры, радиусы, размещение отверстия и площадь бетонного кольца. Вызывается один раз для каждого нового набора параметров геометрии.","False","Pending"
"src/Geometry/CGeometryHollowRectangle.cls","CGeometryHollowRectangle","310","Public","Function","AnalyticalArea","3","Возвращает аналитическую площадь бетонного кольца, если геометрия прошла валидацию. Для расчетной сетки это справочная точная площадь исходной формы: наружный скругленный прямоугольник минус Opening.","False","Pending"
"src/Geometry/CGeometryHollowRectangle.cls","CGeometryHollowRectangle","319","Public","Sub","AnalyticalCentroid","3","Возвращает аналитический центр тяжести бетонной части. При смещенном Opening центр смещается в сторону, противоположную отверстию; этот результат нужен для согласованной схемы, аннотаций и контрольных свойств сечения.","False","Pending"
"src/Geometry/CGeometryHollowRectangle.cls","CGeometryHollowRectangle","329","Public","Sub","GetExtremePoints","2","Для построения сетки наружный контур задает расчетные габариты и дискретизируется так же, как обычный RoundedRectangle.","False","Pending"
"src/Geometry/CGeometryHollowRectangle.cls","CGeometryHollowRectangle","339","Private","Property Get","ISectionGeometry_MinX","6","---------- Реализация интерфейса ISectionGeometry. Эти методы являются тонкими переходниками к публичной API класса, чтобы HollowRectangle мог использоваться тем же pipeline сетки и расчета, что и остальные параметрические типы сечений. ----------","False","Pending"
"src/Geometry/CGeometryHollowRectangle.cls","CGeometryHollowRectangle","343","Private","Property Get","ISectionGeometry_MaxX","0","","False","Pending"
"src/Geometry/CGeometryHollowRectangle.cls","CGeometryHollowRectangle","347","Private","Property Get","ISectionGeometry_MinY","0","","False","Pending"
"src/Geometry/CGeometryHollowRectangle.cls","CGeometryHollowRectangle","351","Private","Property Get","ISectionGeometry_MaxY","0","","False","Pending"
"src/Geometry/CGeometryHollowRectangle.cls","CGeometryHollowRectangle","356","Private","Function","ISectionGeometry_ContainsPoint","1","Передает интерфейсный запрос попадания точки в бетонную часть HollowRectangle.","False","Pending"
"src/Geometry/CGeometryHollowRectangle.cls","CGeometryHollowRectangle","361","Private","Function","ISectionGeometry_IsPointInside","1","Сохраняет совместимость со старым именем проверки точки внутри геометрии.","False","Pending"
"src/Geometry/CGeometryHollowRectangle.cls","CGeometryHollowRectangle","366","Private","Function","ISectionGeometry_IsValid","1","Передает интерфейсную валидацию в основной метод IsValid с теми же сообщениями.","False","Pending"
"src/Geometry/CGeometryHollowRectangle.cls","CGeometryHollowRectangle","371","Private","Function","ISectionGeometry_AnalyticalArea","1","Отдает аналитическую площадь через интерфейс ISectionGeometry.","False","Pending"
"src/Geometry/CGeometryHollowRectangle.cls","CGeometryHollowRectangle","376","Private","Sub","ISectionGeometry_AnalyticalCentroid","1","Отдает аналитический центр тяжести через интерфейс ISectionGeometry.","False","Pending"
"src/Geometry/CGeometryHollowRectangle.cls","CGeometryHollowRectangle","382","Private","Sub","ISectionGeometry_GetExtremePoints","2","Отдает точки внешнего контура через интерфейс. Для сетки и габаритов берется именно наружная оболочка, а отверстие учитывается проверкой ContainsPoint.","False","Pending"
"src/Geometry/CGeometryHollowRectangle.cls","CGeometryHollowRectangle","389","Private","Sub","RecalculateAnalyticalProperties","3","Пересчитывает площадь и центр тяжести как разность наружного контура и Opening. Для смещенного отверстия центр бетонного кольца закономерно смещается в противоположную сторону.","False","Pending"
"src/Geometry/CGeometryHollowRectangle.cls","CGeometryHollowRectangle","413","Private","Function","OpeningFitsInsideOuter","3","Opening считается допустимым, если все его дискретные точки лежат внутри наружного контура с небольшим допуском. Этого достаточно для axis-aligned скругленных прямоугольников и одновременно работает при смещении отверстия.","False","Pending"
"src/Geometry/CGeometryHollowRectangle.cls","CGeometryHollowRectangle","426","Private","Sub","MapFromRotated","1","Преобразует точку из повернутой системы u=Y, v=-X обратно в исходные X/Y.","False","Pending"
"src/Geometry/CGeometryHollowRectangle.cls","CGeometryHollowRectangle","433","Private","Sub","MapVectorFromRotated","1","Преобразует вектор из повернутой системы u=Y, v=-X обратно в исходные X/Y.","False","Pending"
"src/Geometry/CGeometryRectSet.cls","CGeometryRectSet","38","Public","Sub","Initialize","1","Инициализирует RectSet в одном из трех режимов: Rectangle, LSection или TwoRectangles.","False","Pending"
"src/Geometry/CGeometryRectSet.cls","CGeometryRectSet","53","Public","Property Get","B1","0","","False","Pending"
"src/Geometry/CGeometryRectSet.cls","CGeometryRectSet","57","Public","Property Get","H1","0","","False","Pending"
"src/Geometry/CGeometryRectSet.cls","CGeometryRectSet","61","Public","Property Get","B2","0","","False","Pending"
"src/Geometry/CGeometryRectSet.cls","CGeometryRectSet","65","Public","Property Get","H2","0","","False","Pending"
"src/Geometry/CGeometryRectSet.cls","CGeometryRectSet","69","Public","Property Get","OriginX","0","","False","Pending"
"src/Geometry/CGeometryRectSet.cls","CGeometryRectSet","73","Public","Property Get","OriginY","0","","False","Pending"
"src/Geometry/CGeometryRectSet.cls","CGeometryRectSet","77","Public","Property Get","SectionType","0","","False","Pending"
"src/Geometry/CGeometryRectSet.cls","CGeometryRectSet","85","Public","Property Get","UpperOffsetX","0","","False","Pending"
"src/Geometry/CGeometryRectSet.cls","CGeometryRectSet","89","Public","Property Get","EffectiveUpperOffsetX","0","","False","Pending"
"src/Geometry/CGeometryRectSet.cls","CGeometryRectSet","93","Public","Property Get","UpperMinX","0","","False","Pending"
"src/Geometry/CGeometryRectSet.cls","CGeometryRectSet","97","Public","Property Get","UpperMaxX","0","","False","Pending"
"src/Geometry/CGeometryRectSet.cls","CGeometryRectSet","101","Public","Property Get","UpperMinY","0","","False","Pending"
"src/Geometry/CGeometryRectSet.cls","CGeometryRectSet","105","Public","Property Get","UpperMaxY","0","","False","Pending"
"src/Geometry/CGeometryRectSet.cls","CGeometryRectSet","109","Public","Property Get","LowerMinX","0","","False","Pending"
"src/Geometry/CGeometryRectSet.cls","CGeometryRectSet","113","Public","Property Get","LowerMaxX","0","","False","Pending"
"src/Geometry/CGeometryRectSet.cls","CGeometryRectSet","117","Public","Property Get","LowerMinY","0","","False","Pending"
"src/Geometry/CGeometryRectSet.cls","CGeometryRectSet","121","Public","Property Get","LowerMaxY","0","","False","Pending"
"src/Geometry/CGeometryRectSet.cls","CGeometryRectSet","125","Public","Property Get","HasLowerRectangle","0","","False","Pending"
"src/Geometry/CGeometryRectSet.cls","CGeometryRectSet","129","Public","Property Get","MinX","0","","False","Pending"
"src/Geometry/CGeometryRectSet.cls","CGeometryRectSet","137","Public","Property Get","MaxX","0","","False","Pending"
"src/Geometry/CGeometryRectSet.cls","CGeometryRectSet","145","Public","Property Get","MinY","0","","False","Pending"
"src/Geometry/CGeometryRectSet.cls","CGeometryRectSet","149","Public","Property Get","MaxY","0","","False","Pending"
"src/Geometry/CGeometryRectSet.cls","CGeometryRectSet","154","Public","Function","ContainsPoint","1","Проверяет попадание точки в объединение активных прямоугольников с учетом геометрического допуска.","False","Pending"
"src/Geometry/CGeometryRectSet.cls","CGeometryRectSet","171","Public","Function","IsPointInside","1","Совместимый псевдоним для интерфейса ISectionGeometry.","False","Pending"
"src/Geometry/CGeometryRectSet.cls","CGeometryRectSet","176","Public","Function","IsValid","1","Проверяет, что выбранный режим RectSet имеет положительные размеры и связную геометрию.","False","Pending"
"src/Geometry/CGeometryRectSet.cls","CGeometryRectSet","200","Public","Function","AnalyticalArea","1","Возвращает точную аналитическую площадь активных прямоугольников.","False","Pending"
"src/Geometry/CGeometryRectSet.cls","CGeometryRectSet","210","Public","Sub","AnalyticalCentroid","1","Возвращает точный центр тяжести активных прямоугольников без обращения к дискретной сетке.","False","Pending"
"src/Geometry/CGeometryRectSet.cls","CGeometryRectSet","230","Public","Sub","GetExtremePoints","1","Возвращает внешний контур активной RectSet-геометрии для аннотаций, схемы и AutoCAD export.","False","Pending"
"src/Geometry/CGeometryRectSet.cls","CGeometryRectSet","256","Private","Function","NormalizeSectionType","1","Нормализует пользовательский тип сечения и сохраняет обратную совместимость старого RectSet.","False","Pending"
"src/Geometry/CGeometryRectSet.cls","CGeometryRectSet","272","Private","Function","LowerRectangleActive","1","Возвращает True, если нижний прямоугольник участвует в текущем режиме геометрии.","False","Pending"
"src/Geometry/CGeometryRectSet.cls","CGeometryRectSet","277","Private","Function","ActiveUpperOffsetX","1","Возвращает фактическое смещение верхнего прямоугольника: только TwoRectangles использует Offset.","False","Pending"
"src/Geometry/CGeometryRectSet.cls","CGeometryRectSet","282","Private","Function","ActiveUpperMinX","1","Возвращает левую X-границу активного верхнего прямоугольника.","False","Pending"
"src/Geometry/CGeometryRectSet.cls","CGeometryRectSet","287","Private","Function","ActiveUpperMaxX","1","Возвращает правую X-границу активного верхнего прямоугольника.","False","Pending"
"src/Geometry/CGeometryRectSet.cls","CGeometryRectSet","292","Private","Function","ActiveUpperMinY","1","Возвращает нижнюю Y-границу активного верхнего прямоугольника.","False","Pending"
"src/Geometry/CGeometryRectSet.cls","CGeometryRectSet","301","Private","Function","ActiveUpperMaxY","1","Возвращает верхнюю Y-границу активного верхнего прямоугольника.","False","Pending"
"src/Geometry/CGeometryRectSet.cls","CGeometryRectSet","306","Private","Function","RectanglesOverlapByX","1","Проверяет горизонтальное пересечение прямоугольников, чтобы TwoRectangles оставался связным сечением.","False","Pending"
"src/Geometry/CGeometryRectSet.cls","CGeometryRectSet","312","Private","Sub","AddOutlinePoint","1","Добавляет точку контура, пропуская дубли на стыках прямоугольников.","False","Pending"
"src/Geometry/CGeometryRectSet.cls","CGeometryRectSet","329","Private","Property Get","ISectionGeometry_MinX","0","","False","Pending"
"src/Geometry/CGeometryRectSet.cls","CGeometryRectSet","333","Private","Property Get","ISectionGeometry_MaxX","0","","False","Pending"
"src/Geometry/CGeometryRectSet.cls","CGeometryRectSet","337","Private","Property Get","ISectionGeometry_MinY","0","","False","Pending"
"src/Geometry/CGeometryRectSet.cls","CGeometryRectSet","341","Private","Property Get","ISectionGeometry_MaxY","0","","False","Pending"
"src/Geometry/CGeometryRectSet.cls","CGeometryRectSet","346","Private","Function","ISectionGeometry_ContainsPoint","1","Делегирует проверку точки в реализацию класса для интерфейса ISectionGeometry.","False","Pending"
"src/Geometry/CGeometryRectSet.cls","CGeometryRectSet","351","Private","Function","ISectionGeometry_IsPointInside","1","Делегирует IsPointInside в реализацию класса для интерфейса ISectionGeometry.","False","Pending"
"src/Geometry/CGeometryRectSet.cls","CGeometryRectSet","356","Private","Function","ISectionGeometry_IsValid","1","Делегирует валидацию в реализацию класса для интерфейса ISectionGeometry.","False","Pending"
"src/Geometry/CGeometryRectSet.cls","CGeometryRectSet","361","Private","Function","ISectionGeometry_AnalyticalArea","1","Делегирует аналитическую площадь в реализацию класса для интерфейса ISectionGeometry.","False","Pending"
"src/Geometry/CGeometryRectSet.cls","CGeometryRectSet","366","Private","Sub","ISectionGeometry_AnalyticalCentroid","1","Делегирует аналитический центр тяжести в реализацию класса для интерфейса ISectionGeometry.","False","Pending"
"src/Geometry/CGeometryRectSet.cls","CGeometryRectSet","371","Private","Sub","ISectionGeometry_GetExtremePoints","1","Делегирует контур в реализацию класса для интерфейса ISectionGeometry.","False","Pending"
"src/Geometry/CGeometryRoundedRectangle.cls","CGeometryRoundedRectangle","68","Public","Sub","GetContourSegments","3","Возвращает внешний контур как набор прямых и дуг. Расчет использует те же raw-точки, offset-вершины и касательные, что и дискретизированный контур, но не дробит радиусы на ломаную для визуализации схемы.","False","Pending"
"src/Geometry/CGeometryRoundedRectangle.cls","CGeometryRoundedRectangle","132","Public","Sub","Initialize","2","Краткая программная инициализация симметричного Simple/Simple-варианта. Основной путь Config использует InitializeSides и задает стороны явно.","False","Pending"
"src/Geometry/CGeometryRoundedRectangle.cls","CGeometryRoundedRectangle","151","Public","Sub","InitializeSides","2","Инициализирует новую форму RoundedRectangle. B задает длину горизонтальной базы, H - высоту, а левая/правая боковые части управляются независимо.","False","Pending"
"src/Geometry/CGeometryRoundedRectangle.cls","CGeometryRoundedRectangle","179","Public","Property Get","B","0","","False","Pending"
"src/Geometry/CGeometryRoundedRectangle.cls","CGeometryRoundedRectangle","183","Public","Property Get","H","0","","False","Pending"
"src/Geometry/CGeometryRoundedRectangle.cls","CGeometryRoundedRectangle","187","Public","Property Get","Width","0","","False","Pending"
"src/Geometry/CGeometryRoundedRectangle.cls","CGeometryRoundedRectangle","191","Public","Property Get","Height","0","","False","Pending"
"src/Geometry/CGeometryRoundedRectangle.cls","CGeometryRoundedRectangle","195","Public","Property Get","LeftType","0","","False","Pending"
"src/Geometry/CGeometryRoundedRectangle.cls","CGeometryRoundedRectangle","199","Public","Property Get","RightType","0","","False","Pending"
"src/Geometry/CGeometryRoundedRectangle.cls","CGeometryRoundedRectangle","203","Public","Property Get","LeftW","0","","False","Pending"
"src/Geometry/CGeometryRoundedRectangle.cls","CGeometryRoundedRectangle","207","Public","Property Get","RightW","0","","False","Pending"
"src/Geometry/CGeometryRoundedRectangle.cls","CGeometryRoundedRectangle","211","Public","Property Get","LeftR1","0","","False","Pending"
"src/Geometry/CGeometryRoundedRectangle.cls","CGeometryRoundedRectangle","215","Public","Property Get","RightR1","0","","False","Pending"
"src/Geometry/CGeometryRoundedRectangle.cls","CGeometryRoundedRectangle","219","Public","Property Get","LeftR2","0","","False","Pending"
"src/Geometry/CGeometryRoundedRectangle.cls","CGeometryRoundedRectangle","223","Public","Property Get","RightR2","0","","False","Pending"
"src/Geometry/CGeometryRoundedRectangle.cls","CGeometryRoundedRectangle","227","Public","Property Get","CenterX","0","","False","Pending"
"src/Geometry/CGeometryRoundedRectangle.cls","CGeometryRoundedRectangle","231","Public","Property Get","CenterY","0","","False","Pending"
"src/Geometry/CGeometryRoundedRectangle.cls","CGeometryRoundedRectangle","235","Public","Property Get","LeftBaseX","0","","False","Pending"
"src/Geometry/CGeometryRoundedRectangle.cls","CGeometryRoundedRectangle","239","Public","Property Get","RightBaseX","0","","False","Pending"
"src/Geometry/CGeometryRoundedRectangle.cls","CGeometryRoundedRectangle","243","Public","Property Get","TopY","0","","False","Pending"
"src/Geometry/CGeometryRoundedRectangle.cls","CGeometryRoundedRectangle","247","Public","Property Get","BottomY","0","","False","Pending"
"src/Geometry/CGeometryRoundedRectangle.cls","CGeometryRoundedRectangle","251","Public","Property Get","MinX","0","","False","Pending"
"src/Geometry/CGeometryRoundedRectangle.cls","CGeometryRoundedRectangle","255","Public","Property Get","MaxX","0","","False","Pending"
"src/Geometry/CGeometryRoundedRectangle.cls","CGeometryRoundedRectangle","259","Public","Property Get","MinY","0","","False","Pending"
"src/Geometry/CGeometryRoundedRectangle.cls","CGeometryRoundedRectangle","263","Public","Property Get","MaxY","0","","False","Pending"
"src/Geometry/CGeometryRoundedRectangle.cls","CGeometryRoundedRectangle","268","Public","Function","ContainsPoint","1","Проверяет точку через быстрый bounding-box и точный polygon-contour.","False","Pending"
"src/Geometry/CGeometryRoundedRectangle.cls","CGeometryRoundedRectangle","277","Public","Function","IsPointInside","1","Совместимый псевдоним для интерфейса ISectionGeometry.","False","Pending"
"src/Geometry/CGeometryRoundedRectangle.cls","CGeometryRoundedRectangle","283","Public","Function","IsValid","2","Возвращает проверку текущей неизменяемой геометрии. Initialize инвалидирует прежний результат и выполняет проверку один раз после подготовки контура.","False","Pending"
"src/Geometry/CGeometryRoundedRectangle.cls","CGeometryRoundedRectangle","294","Private","Function","ValidateCurrentGeometry","2","Проверяет размеры, сопряжения радиусов и невырожденность готового контура. Численная геометрия остается общей с ContainsPoint и построением арматуры.","False","Pending"
"src/Geometry/CGeometryRoundedRectangle.cls","CGeometryRoundedRectangle","347","Private","Function","RoundedCornersFit","4","Проверяет, что касательные участки соседних скруглений помещаются на каждом прямом или наклонном сегменте исходной ломаной. Это общее правило заменяет старое ограничение 2*R <= H: для Simple оно дает тот же результат, а для Tapered разрешает R1 больше H/2, пока дуги реально не пересекаются.","False","Pending"
"src/Geometry/CGeometryRoundedRectangle.cls","CGeometryRoundedRectangle","390","Private","Function","DistanceBetweenRawPoints","1","Возвращает длину участка исходной ломаной между двумя raw-вершинами.","False","Pending"
"src/Geometry/CGeometryRoundedRectangle.cls","CGeometryRoundedRectangle","401","Private","Function","CornerTangentDistance","3","Считает расстояние от вершины до точки касания дуги вдоль каждого соседнего сегмента без защитного clamp-а. Именно это расстояние нужно для проверки, пересекаются ли соседние скругления на общей грани.","False","Pending"
"src/Geometry/CGeometryRoundedRectangle.cls","CGeometryRoundedRectangle","442","Private","Function","RoundedEdgeLabel","1","Дает короткое пользовательское имя участка, на котором пересеклись дуги.","False","Pending"
"src/Geometry/CGeometryRoundedRectangle.cls","CGeometryRoundedRectangle","472","Public","Function","AnalyticalArea","1","Возвращает площадь расчетного polygon-представления скругленного контура.","False","Pending"
"src/Geometry/CGeometryRoundedRectangle.cls","CGeometryRoundedRectangle","479","Public","Sub","AnalyticalCentroid","1","Возвращает центр тяжести polygon-представления скругленного контура.","False","Pending"
"src/Geometry/CGeometryRoundedRectangle.cls","CGeometryRoundedRectangle","488","Public","Sub","GetExtremePoints","1","Возвращает точки внешнего polygon-контура для сетки, габаритов и визуализации.","False","Pending"
"src/Geometry/CGeometryRoundedRectangle.cls","CGeometryRoundedRectangle","502","Public","Sub","GetHorizontalRebarLine","3","Возвращает линию раскладки верхней или нижней горизонтальной грани B. Линия уже смещена внутрь на as и идет только по прямому участку между началом/концом скруглений R1.","False","Pending"
"src/Geometry/CGeometryRoundedRectangle.cls","CGeometryRoundedRectangle","537","Public","Sub","GetSideRebarPath","6","Возвращает боковую траекторию арматуры H, смещенную внутрь на as. Начальная точка берется в касательной точке верхней горизонтальной линии B, конечная - в касательной точке нижней горизонтальной линии B. Между ними путь идет по фактической боковой форме: Simple дает вертикальную вставку со скруглениями, Tapered - скругление R1, наклонную часть, носовой R2 и нижнюю наклонную часть. Builder дальше делит эту длину на n+1 равных интервалов.","False","Pending"
"src/Geometry/CGeometryRoundedRectangle.cls","CGeometryRoundedRectangle","593","Private","Property Get","ISectionGeometry_MinX","0","","False","Pending"
"src/Geometry/CGeometryRoundedRectangle.cls","CGeometryRoundedRectangle","597","Private","Property Get","ISectionGeometry_MaxX","0","","False","Pending"
"src/Geometry/CGeometryRoundedRectangle.cls","CGeometryRoundedRectangle","601","Private","Property Get","ISectionGeometry_MinY","0","","False","Pending"
"src/Geometry/CGeometryRoundedRectangle.cls","CGeometryRoundedRectangle","605","Private","Property Get","ISectionGeometry_MaxY","0","","False","Pending"
"src/Geometry/CGeometryRoundedRectangle.cls","CGeometryRoundedRectangle","610","Private","Function","ISectionGeometry_ContainsPoint","1","Делегирует проверку точки в реализацию класса для интерфейса ISectionGeometry.","False","Pending"
"src/Geometry/CGeometryRoundedRectangle.cls","CGeometryRoundedRectangle","615","Private","Function","ISectionGeometry_IsPointInside","1","Делегирует IsPointInside в реализацию класса для интерфейса ISectionGeometry.","False","Pending"
"src/Geometry/CGeometryRoundedRectangle.cls","CGeometryRoundedRectangle","620","Private","Function","ISectionGeometry_IsValid","1","Делегирует валидацию в реализацию класса для интерфейса ISectionGeometry.","False","Pending"
"src/Geometry/CGeometryRoundedRectangle.cls","CGeometryRoundedRectangle","625","Private","Function","ISectionGeometry_AnalyticalArea","1","Делегирует аналитическую площадь в реализацию класса для интерфейса ISectionGeometry.","False","Pending"
"src/Geometry/CGeometryRoundedRectangle.cls","CGeometryRoundedRectangle","630","Private","Sub","ISectionGeometry_AnalyticalCentroid","1","Делегирует аналитический центр тяжести в реализацию класса для интерфейса ISectionGeometry.","False","Pending"
"src/Geometry/CGeometryRoundedRectangle.cls","CGeometryRoundedRectangle","635","Private","Sub","ISectionGeometry_GetExtremePoints","1","Делегирует внешний контур в реализацию класса для интерфейса ISectionGeometry.","False","Pending"
"src/Geometry/CGeometryRoundedRectangle.cls","CGeometryRoundedRectangle","640","Private","Function","NormalizeSideType","1","Нормализует тип боковой стороны: Simple или Tapered.","False","Pending"
"src/Geometry/CGeometryRoundedRectangle.cls","CGeometryRoundedRectangle","652","Private","Function","DisplaySideType","1","Возвращает пользовательскую подпись нормализованного типа боковой стороны.","False","Pending"
"src/Geometry/CGeometryRoundedRectangle.cls","CGeometryRoundedRectangle","661","Private","Sub","RebuildContour","1","Полностью пересобирает расчетный контур: raw-ломаная, скругления, затем свойства polygon-а.","False","Pending"
"src/Geometry/CGeometryRoundedRectangle.cls","CGeometryRoundedRectangle","677","Private","Sub","BuildRawContour","2","Собирает исходную ломаную форму до скруглений: базовые торцы B, вершины tapered-носов и радиусы, которые затем превращаются в касательные дуги.","False","Pending"
"src/Geometry/CGeometryRoundedRectangle.cls","CGeometryRoundedRectangle","688","Private","Sub","AddRawPoint","1","Добавляет одну вершину исходной ломаной и связанный с ней радиус сопряжения.","False","Pending"
"src/Geometry/CGeometryRoundedRectangle.cls","CGeometryRoundedRectangle","704","Private","Sub","BuildRoundedPath","3","Строит дискретизированный контур по исходной ломаной с учетом внутреннего смещения. Один и тот же алгоритм используется для внешней границы и линий раскладки арматуры, чтобы их геометрия была согласованной.","False","Pending"
"src/Geometry/CGeometryRoundedRectangle.cls","CGeometryRoundedRectangle","725","Private","Sub","BuildOffsetVertices","2","Получает вершины параллельной внутренней ломаной. Для каждой стороны сдвигается несущая прямая, затем соседние прямые пересекаются в новой вершине.","False","Pending"
"src/Geometry/CGeometryRoundedRectangle.cls","CGeometryRoundedRectangle","771","Private","Function","RawSignedArea","2","Возвращает знаковую площадь исходной ломаной, чтобы определить направление обхода и выбрать внутреннюю нормаль для offset-геометрии.","False","Pending"
"src/Geometry/CGeometryRoundedRectangle.cls","CGeometryRoundedRectangle","784","Private","Sub","IntersectOffsetLines","2","Пересекает две сдвинутые прямые. Если прямые почти параллельны, возвращает исходную вершину как устойчивый fallback для вырожденного локального угла.","False","Pending"
"src/Geometry/CGeometryRoundedRectangle.cls","CGeometryRoundedRectangle","804","Private","Sub","AppendCornerFromOffset","3","Добавляет один скругленный угол по уже найденным вершинам offset-ломаной. Радиус уменьшается на величину offset, поэтому линии арматуры идут внутри бетонного контура на заданном расстоянии as.","False","Pending"
"src/Geometry/CGeometryRoundedRectangle.cls","CGeometryRoundedRectangle","817","Private","Sub","GetRoundedCornerGeometry","2","Возвращает точную геометрию одного скругленного угла. Если радиус вырожден, начало и конец совпадают с вершиной, а hasArc=False.","False","Pending"
"src/Geometry/CGeometryRoundedRectangle.cls","CGeometryRoundedRectangle","830","Private","Sub","GetCornerArcGeometry","2","Рассчитывает касательные точки, центр и signed sweep для произвольного сопряжения. Это единый источник геометрии радиусов для контура и схемы.","False","Pending"
"src/Geometry/CGeometryRoundedRectangle.cls","CGeometryRoundedRectangle","921","Private","Sub","AddContourSegment","1","Добавляет прямой или дуговой сегмент в выходной массив визуального контура.","False","Pending"
"src/Geometry/CGeometryRoundedRectangle.cls","CGeometryRoundedRectangle","963","Private","Sub","AppendRoundedCorner","3","Рассчитывает касательные точки произвольного угла и добавляет дугу заданного радиуса. Здесь нет фиксированного угла: наклон tapered-части получается из фактических координат соседних отрезков.","False","Pending"
"src/Geometry/CGeometryRoundedRectangle.cls","CGeometryRoundedRectangle","982","Private","Sub","AddArcPointsToOutput","1","Дискретизирует дугу в общий массив точек контура или линии раскладки.","False","Pending"
"src/Geometry/CGeometryRoundedRectangle.cls","CGeometryRoundedRectangle","997","Private","Sub","CornerTangentPoints","2","Возвращает две касательные точки конкретного скругления. Горизонтальные линии арматуры используют эти точки как начало и конец прямого участка B.","False","Pending"
"src/Geometry/CGeometryRoundedRectangle.cls","CGeometryRoundedRectangle","1046","Private","Function","RightBottomRawIndex","2","Возвращает индекс правой нижней базовой вершины в исходной ломаной: при Tapered перед ней появляется дополнительная носовая вершина.","False","Pending"
"src/Geometry/CGeometryRoundedRectangle.cls","CGeometryRoundedRectangle","1055","Private","Function","PreviousIndex","1","Циклический предыдущий индекс для замкнутого контура.","False","Pending"
"src/Geometry/CGeometryRoundedRectangle.cls","CGeometryRoundedRectangle","1064","Private","Function","NextIndex","1","Циклический следующий индекс для замкнутого контура.","False","Pending"
"src/Geometry/CGeometryRoundedRectangle.cls","CGeometryRoundedRectangle","1074","Private","Sub","AddOutputPoint","2","Добавляет точку в выходной массив и пропускает дубль предыдущей точки, чтобы контур не получал нулевых ребер на стыках прямых и дуг.","False","Pending"
"src/Geometry/CGeometryRoundedRectangle.cls","CGeometryRoundedRectangle","1091","Private","Sub","RemoveOutputClosingDuplicate","1","Убирает последнюю точку, если она совпала с первой после замыкания обхода.","False","Pending"
"src/Geometry/CGeometryRoundedRectangle.cls","CGeometryRoundedRectangle","1103","Private","Function","Atn2Local","1","Локальная версия atan2 для VBA: возвращает угол в радианах с учетом квадранта.","False","Pending"
"src/Geometry/CGeometryRoundedRectangle.cls","CGeometryRoundedRectangle","1123","Private","Sub","RemoveClosingDuplicate","1","Убирает последнюю точку, если она повторяет первую после замыкания контура.","False","Pending"
"src/Geometry/CGeometryRoundedRectangle.cls","CGeometryRoundedRectangle","1134","Private","Sub","RecalculatePolygonProperties","1","Пересчитывает площадь, центр тяжести и bounds по текущему polygon-контуру.","False","Pending"
"src/Geometry/CGeometryRoundedRectangle.cls","CGeometryRoundedRectangle","1171","Private","Function","PointInContour","1","Выполняет ray-casting проверку попадания точки внутрь расчетного polygon-контура.","False","Pending"
"src/Interfaces/ILimitSearchProblem.cls","ILimitSearchProblem","21","Public","Property Get","ResultKind","1","Возвращает тип результата, для которого выполняется search.","False","Pending"
"src/Interfaces/ILimitSearchProblem.cls","ILimitSearchProblem","25","Public","Property Get","InitialLambdaStep","1","Возвращает начальный шаг расширения lambda-скобки.","False","Pending"
"src/Interfaces/ILimitSearchProblem.cls","ILimitSearchProblem","29","Public","Property Get","MaxLambda","1","Возвращает техническую верхнюю границу lambda для поиска.","False","Pending"
"src/Interfaces/ILimitSearchProblem.cls","ILimitSearchProblem","33","Public","Property Get","LambdaTolerance","1","Возвращает требуемую точность lambda-скобки.","False","Pending"
"src/Interfaces/ILimitSearchProblem.cls","ILimitSearchProblem","37","Public","Property Get","MaxIterations","1","Возвращает предельное число итераций одномерного search.","False","Pending"
"src/Interfaces/ILimitSearchProblem.cls","ILimitSearchProblem","42","Public","Property Get","BisectionMaxIterations","2","Отдельный лимит уточнения скобки Bisection; 0 означает уточнение до допуска. Он не обязан совпадать с лимитом Newton внутренней equilibrium-пробы.","False","Pending"
"src/Interfaces/ILimitSearchProblem.cls","ILimitSearchProblem","46","Public","Property Get","SearchMethod","1","Возвращает имя одномерного метода: Bisection, Brent или Secant.","False","Pending"
"src/Interfaces/ILimitSearchProblem.cls","ILimitSearchProblem","49","Public","Property Get","Converged","0","","False","Pending"
"src/Interfaces/ILimitSearchProblem.cls","ILimitSearchProblem","52","Public","Property Get","LimitState","0","","False","Pending"
"src/Interfaces/ILimitSearchProblem.cls","ILimitSearchProblem","55","Public","Property Get","DiagnosticLog","0","","False","Pending"
"src/Interfaces/ILimitSearchProblem.cls","ILimitSearchProblem","59","Public","Function","Prepare","1","Выполняет доменную подготовку перед LoadMultiplier.","False","Pending"
"src/Interfaces/ILimitSearchProblem.cls","ILimitSearchProblem","63","Public","Function","BuildLoadPath","1","Создает lambda-траекторию для выбранной инженерной задачи.","False","Pending"
"src/Interfaces/ILimitSearchProblem.cls","ILimitSearchProblem","68","Public","Function","AcceptInitialPoint","2","Решает, можно ли продолжить поиск от подтвержденной начальной точки. Отказ или физический результат без точки оформляет владелец задачи.","False","Pending"
"src/Interfaces/ILimitSearchProblem.cls","ILimitSearchProblem","75","Public","Function","EvaluatePoint","2","Оценивает одну lambda-точку и возвращает значение функции search, код probe и, если нужно, solver найденного состояния.","False","Pending"
"src/Interfaces/ILimitSearchProblem.cls","ILimitSearchProblem","82","Public","Function","IsAcceptableState","1","Проверяет, что probe еще находится на допустимой стороне предела.","False","Pending"
"src/Interfaces/ILimitSearchProblem.cls","ILimitSearchProblem","86","Public","Function","IsLimitState","1","Проверяет, что probe достиг физического критерия предела.","False","Pending"
"src/Interfaces/ILimitSearchProblem.cls","ILimitSearchProblem","90","Public","Function","IsNumericalFailureState","1","Проверяет, что probe завершился численной неудачей.","False","Pending"
"src/Interfaces/ILimitSearchProblem.cls","ILimitSearchProblem","95","Public","Function","IsInvalidInputState","2","Отличает отказ входа от численной неудачи, которую разрешено повторять. Domain adapter классифицирует свой probe-код, общий Search не разбирает текст.","False","Pending"
"src/Interfaces/ILimitSearchProblem.cls","ILimitSearchProblem","100","Public","Function","ReduceLambdaAfterNumericalFailure","2","Предлагает промежуточную lambda после несошедшейся верхней пробы. Общий Search отдельно проверяет границы и строгий прогресс recovery.","False","Pending"
"src/Interfaces/ILimitSearchProblem.cls","ILimitSearchProblem","105","Public","Sub","RecordAcceptable","1","Запоминает последнюю допустимую lambda-точку.","False","Pending"
"src/Interfaces/ILimitSearchProblem.cls","ILimitSearchProblem","109","Public","Sub","HandleInitialFailure","1","Обрабатывает отказ начальной точки lambda = 0.","False","Pending"
"src/Interfaces/ILimitSearchProblem.cls","ILimitSearchProblem","113","Public","Sub","HandleBracketNotFound","1","Обрабатывает отсутствие верхней границы физического предела.","False","Pending"
"src/Interfaces/ILimitSearchProblem.cls","ILimitSearchProblem","117","Public","Sub","HandleBracketNumericalFailure","1","Обрабатывает численную неудачу внутри найденной скобки.","False","Pending"
"src/Interfaces/ILimitSearchProblem.cls","ILimitSearchProblem","122","Public","Sub","HandleIterationLimit","1","Обрабатывает исчерпание итераций до достижения заданной точности.","False","Pending"
"src/Interfaces/ILimitSearchProblem.cls","ILimitSearchProblem","127","Public","Sub","HandleUnexpectedState","1","Обрабатывает неизвестный probe-код как нарушение контракта callback-а.","False","Pending"
"src/Interfaces/ILimitSearchProblem.cls","ILimitSearchProblem","131","Public","Sub","SetInvalidInput","1","Фиксирует ошибку настройки или исходных данных.","False","Pending"
"src/Interfaces/ILimitSearchProblem.cls","ILimitSearchProblem","135","Public","Sub","SetNumericalFailure","1","Фиксирует численную неудачу search.","False","Pending"
"src/Interfaces/ILimitSearchProblem.cls","ILimitSearchProblem","140","Public","Sub","SetFailure","2","Сохраняет точную техническую причину общего solve/search без разбора текста. Ошибка настройки или внутреннего контракта не становится численной неудачей.","False","Pending"
"src/Interfaces/ILimitSearchProblem.cls","ILimitSearchProblem","144","Public","Sub","AppendDiagnostic","1","Добавляет строку диагностики в доменный журнал.","False","Pending"
"src/Interfaces/ILimitSearchProblem.cls","ILimitSearchProblem","148","Public","Function","FinalizeAt","1","Финализирует найденную lambda-точку.","False","Pending"
"src/Interfaces/ILimitSearchProblem.cls","ILimitSearchProblem","156","Public","Sub","FinalizeBracket","2","Принимает уточненную скобку по физическому критерию конкретной задачи. Выбор допустимой стороны и дополнительное подтверждение не принадлежат Search.","False","Pending"
"src/Interfaces/ILimitSearchProblem.cls","ILimitSearchProblem","164","Public","Sub","TryFinalizeAfterSearchFailure","2","Пробует специальный подтвержденный метод после численной неудачи поиска. Если такого метода у задачи нет, ее первичная причина сохраняется.","False","Pending"
"src/Interfaces/ILimitSearchProblem.cls","ILimitSearchProblem","168","Public","Function","BuildResult","1","Собирает общий snapshot результата search.","False","Pending"
"src/Interfaces/ILimitSearchProblem.cls","ILimitSearchProblem","174","Public","Function","PrepareUltimate","2","Проверяет постановку перед общим Newton-поиском; численный цикл здесь не реализуется, а material/criterion-настройки остаются у владельца задачи.","False","Pending"
"src/Interfaces/ILimitSearchProblem.cls","ILimitSearchProblem","180","Public","Function","RunUltimateAttempts","2","Подбирает последовательность численных стартов одного инженерного поиска. Каждая попытка должна использовать общий UltimateStrain Newton-цикл.","False","Pending"
"src/Interfaces/ILimitSearchProblem.cls","ILimitSearchProblem","184","Public","Sub","CompleteUltimate","1","Завершает принятую попытку без повторного решения найденной точки.","False","Pending"
"src/Interfaces/ILimitSearchProblem.cls","ILimitSearchProblem","188","Public","Sub","LimitSearchInitializeUltimateGuess","1","Строит стартовую плоскость для общей системы путь + физический критерий.","False","Pending"
"src/Interfaces/ILimitSearchProblem.cls","ILimitSearchProblem","196","Public","Function","LimitSearchEvaluateUltimateResidual","2","Оценивает две невязки выбранного пути и невязку физического критерия. Здесь допустима оценка плоскости, но не фиктивное подтверждение равновесия.","False","Pending"
"src/Interfaces/ILimitSearchProblem.cls","ILimitSearchProblem","205","Public","Function","LimitSearchUltimateResidualReached","1","Проверяет допуски критерия и задает согласованную норму для line search.","False","Pending"
"src/Interfaces/ILimitSearchProblem.cls","ILimitSearchProblem","211","Public","Function","LimitSearchUltimateResidualNorm","2","Нормирует те же три невязки для сравнения line-search шагов. Уменьшение нормы не заменяет отдельную проверку всех допусков и физического финала.","False","Pending"
"src/Interfaces/ILimitSearchProblem.cls","ILimitSearchProblem","216","Public","Function","LimitSearchFinalizeUltimateResult","1","Принимает точку только после проверки ее усилий, load path и критерия.","False","Pending"
"src/Interfaces/ILimitSearchProblem.cls","ILimitSearchProblem","223","Public","Sub","LimitSearchSetUltimateNumericalFailure","1","Сохраняет реальную численную неудачу общего Newton-цикла.","False","Pending"
"src/Interfaces/ILimitSearchProblem.cls","ILimitSearchProblem","227","Public","Property Get","LimitSearchUltimateMaxIterations","1","Настройки одного Newton-цикла: лимит, демпфирование и ограничения шага.","False","Pending"
"src/Interfaces/ILimitSearchProblem.cls","ILimitSearchProblem","230","Public","Property Get","LimitSearchUltimateDampingInitial","0","","False","Pending"
"src/Interfaces/ILimitSearchProblem.cls","ILimitSearchProblem","233","Public","Property Get","LimitSearchUltimateMinLineSearchAlpha","0","","False","Pending"
"src/Interfaces/ILimitSearchProblem.cls","ILimitSearchProblem","236","Public","Property Get","LimitSearchUltimateLineSearchEnabled","0","","False","Pending"
"src/Interfaces/ILimitSearchProblem.cls","ILimitSearchProblem","239","Public","Property Get","LimitSearchUltimateMaxDeltaEpsilon0","0","","False","Pending"
"src/Interfaces/ILimitSearchProblem.cls","ILimitSearchProblem","242","Public","Property Get","LimitSearchUltimateMaxDeltaKappa","0","","False","Pending"
"src/Interfaces/ILimitSearchProblem.cls","ILimitSearchProblem","247","Public","Property Get","StoppedTerminally","2","Сообщает численному слою об окончательном исходе задачи, который нельзя подменять последующей попыткой или общей численной ошибкой.","False","Pending"
"src/Interfaces/ILimitSearchProblem.cls","ILimitSearchProblem","250","Public","Property Get","StopReason","0","","False","Pending"
"src/Interfaces/ILimitSearchProblem.cls","ILimitSearchProblem","255","Public","Sub","ClearStopReason","2","Снимает причину законченной попытки перед разрешенным резервным стартом. Не должен отменять typed терминальную ошибку или принятый физический исход.","False","Pending"
"src/Interfaces/ILimitSearchProblem.cls","ILimitSearchProblem","260","Public","Sub","SetStopReasonIfEmpty","2","Добавляет контекст остановки только при отсутствии более точной причины. Первичная диагностика solver/search сохраняет приоритет.","False","Pending"
"src/Interfaces/ILimitSearchProblem.cls","ILimitSearchProblem","265","Public","Sub","MergeFallback","2","Объединяет диагностику первой и резервной попыток в результирующем контексте. Последняя принятая попытка определяет исход; история объясняет переход метода.","False","Pending"
"src/Interfaces/ISectionGeometry.cls","ISectionGeometry","20","Public","Property Get","MinX","1","Минимальная X-координата габаритного прямоугольника бетонной формы.","False","Pending"
"src/Interfaces/ISectionGeometry.cls","ISectionGeometry","24","Public","Property Get","MaxX","1","Максимальная X-координата габаритного прямоугольника бетонной формы.","False","Pending"
"src/Interfaces/ISectionGeometry.cls","ISectionGeometry","28","Public","Property Get","MinY","1","Минимальная Y-координата габаритного прямоугольника бетонной формы.","False","Pending"
"src/Interfaces/ISectionGeometry.cls","ISectionGeometry","32","Public","Property Get","MaxY","1","Максимальная Y-координата габаритного прямоугольника бетонной формы.","False","Pending"
"src/Interfaces/ISectionGeometry.cls","ISectionGeometry","36","Public","Function","ContainsPoint","1","Проверяет, принадлежит ли точка расчетной бетонной области.","False","Pending"
"src/Interfaces/ISectionGeometry.cls","ISectionGeometry","40","Public","Function","IsPointInside","1","Явное имя для проверок, где важно читать код как ""точка внутри"".","False","Pending"
"src/Interfaces/ISectionGeometry.cls","ISectionGeometry","45","Public","Function","IsValid","2","Проверяет корректность параметрической геометрии и возвращает сообщение пользователю при ошибке.","False","Pending"
"src/Interfaces/ISectionGeometry.cls","ISectionGeometry","50","Public","Function","AnalyticalArea","2","Возвращает аналитическую площадь, если конкретная форма умеет считать ее без дискретной сетки.","False","Pending"
"src/Interfaces/ISectionGeometry.cls","ISectionGeometry","54","Public","Sub","AnalyticalCentroid","1","Возвращает аналитический центр тяжести, если он доступен для формы.","False","Pending"
"src/Interfaces/ISectionGeometry.cls","ISectionGeometry","58","Public","Sub","GetExtremePoints","1","Возвращает опорные точки внешнего контура для масштабирования и аннотаций.","False","Pending"
"src/Materials/CConcreteMaterialParameters.cls","CConcreteMaterialParameters","39","Public","Sub","LoadFromSettings","1","Читает параметры из Config и сразу переводит напряжения в МПа.","False","Pending"
"src/Materials/CConcreteMaterialParameters.cls","CConcreteMaterialParameters","70","Private","Sub","Validate","1","Проверяет, что характеристики можно использовать для диаграмм.","False","Pending"
"src/Materials/CConcreteMaterialParameters.cls","CConcreteMaterialParameters","86","Public","Property Get","RbULS","0","","False","Pending"
"src/Materials/CConcreteMaterialParameters.cls","CConcreteMaterialParameters","90","Public","Property Get","RbtULS","0","","False","Pending"
"src/Materials/CConcreteMaterialParameters.cls","CConcreteMaterialParameters","94","Public","Property Get","RbSLS","0","","False","Pending"
"src/Materials/CConcreteMaterialParameters.cls","CConcreteMaterialParameters","98","Public","Property Get","RbtSLS","0","","False","Pending"
"src/Materials/CConcreteMaterialParameters.cls","CConcreteMaterialParameters","102","Public","Property Get","RbMc2","0","","False","Pending"
"src/Materials/CConcreteMaterialParameters.cls","CConcreteMaterialParameters","106","Public","Property Get","Eb","0","","False","Pending"
"src/Materials/CConcreteMaterialParameters.cls","CConcreteMaterialParameters","110","Public","Property Get","Ebt","0","","False","Pending"
"src/Materials/CConcreteMaterialParameters.cls","CConcreteMaterialParameters","114","Public","Property Get","Eb1Red","0","","False","Pending"
"src/Materials/CConcreteMaterialParameters.cls","CConcreteMaterialParameters","118","Public","Property Get","Ebt1Red","0","","False","Pending"
"src/Materials/CConcreteMaterialParameters.cls","CConcreteMaterialParameters","122","Public","Property Get","Eb0","0","","False","Pending"
"src/Materials/CConcreteMaterialParameters.cls","CConcreteMaterialParameters","126","Public","Property Get","Ebt0","0","","False","Pending"
"src/Materials/CConcreteMaterialParameters.cls","CConcreteMaterialParameters","130","Public","Property Get","Eb2","0","","False","Pending"
"src/Materials/CConcreteMaterialParameters.cls","CConcreteMaterialParameters","134","Public","Property Get","Ebt2","0","","False","Pending"
"src/Materials/CConcreteMaterialParameters.cls","CConcreteMaterialParameters","141","Public","Function","Clone","3","========================================================================== Создает независимый небольшой снимок параметров материала. Provider владеет своей копией; изменение исходного объекта не меняет уже построенные диаграммы.","False","Pending"
"src/Materials/CConcreteMaterialParameters.cls","CConcreteMaterialParameters","151","Public","Sub","Initialize","2","Заполняет параметры нормализованными числами для внутренних snapshots и тестовых сценариев. Пользовательский ввод читается через LoadFromSettings.","False","Pending"
"src/Materials/CLinearConcreteMaterial.cls","CLinearConcreteMaterial","29","Public","Sub","Initialize","1","Задает модуль упругости линейного тестового бетона.","False","Pending"
"src/Materials/CLinearConcreteMaterial.cls","CLinearConcreteMaterial","34","Public","Property Get","ElasticModulus","0","","False","Pending"
"src/Materials/CLinearConcreteMaterial.cls","CLinearConcreteMaterial","39","Public","Function","GetStress","1","Возвращает напряжение по линейному закону sigma = E * epsilon.","False","Pending"
"src/Materials/CLinearConcreteMaterial.cls","CLinearConcreteMaterial","44","Public","Function","GetTangentModulus","1","Возвращает постоянный касательный модуль для линейного тестового материала.","False","Pending"
"src/Materials/CLinearConcreteMaterial.cls","CLinearConcreteMaterial","49","Public","Function","GetSecantModulus","1","Возвращает постоянный секущий модуль для линейного тестового материала.","False","Pending"
"src/Materials/CLinearSteelMaterial.cls","CLinearSteelMaterial","29","Public","Sub","Initialize","1","Задает модуль упругости линейной тестовой арматуры.","False","Pending"
"src/Materials/CLinearSteelMaterial.cls","CLinearSteelMaterial","34","Public","Property Get","ElasticModulus","0","","False","Pending"
"src/Materials/CLinearSteelMaterial.cls","CLinearSteelMaterial","39","Public","Function","GetStress","1","Возвращает напряжение по линейному закону sigma = E * epsilon.","False","Pending"
"src/Materials/CLinearSteelMaterial.cls","CLinearSteelMaterial","44","Public","Function","GetTangentModulus","1","Возвращает постоянный касательный модуль для линейного тестового материала.","False","Pending"
"src/Materials/CLinearSteelMaterial.cls","CLinearSteelMaterial","49","Public","Function","GetSecantModulus","1","Возвращает постоянный секущий модуль для линейного тестового материала.","False","Pending"
"src/Materials/CMaterialDiagram.cls","CMaterialDiagram","46","Public","Sub","InitializeFromArrays","6","------------------------------ Инициализация ------------------------------ Загружает готовые массивы точек диаграммы. Provider передает сюда уже рассчитанные и знаково оформленные координаты: сжатие в проекте имеет отрицательную деформацию и отрицательное напряжение, растяжение - положительное.","False","Pending"
"src/Materials/CMaterialDiagram.cls","CMaterialDiagram","96","Public","Property Get","UltimateCompressionStrain","5","------------------------------ Доступ к расчетным пределам диаграммы ------------------------------ Возвращает крайнюю сжатую точку диаграммы. Capacity использует ее как предельную сжатую деформацию, потому что отдельные Capacity.*Limit удалены.","False","Pending"
"src/Materials/CMaterialDiagram.cls","CMaterialDiagram","103","Public","Property Get","UltimateTensionStrain","2","Возвращает крайнюю растянутую точку диаграммы. Если диаграмма не имеет положительной ветви, предел растяжения равен нулю и не участвует в проверке.","False","Pending"
"src/Materials/CMaterialDiagram.cls","CMaterialDiagram","110","Public","Property Get","PhysicalCompressionStrain","2","Возвращает физический сжатый предел диаграммы. Если provider добавил техническую extension-точку, это свойство все равно остается на реальном eps_ult.","False","Pending"
"src/Materials/CMaterialDiagram.cls","CMaterialDiagram","118","Public","Property Get","PhysicalTensionStrain","3","Возвращает физический растянутый предел, если он есть. Для бетона с отключенным растяжением предела нет: положительная деформация означает неработающую растянутую зону, а не автоматический выход в extension.","False","Pending"
"src/Materials/CMaterialDiagram.cls","CMaterialDiagram","123","Public","Property Get","HasPhysicalTensionLimit","0","","False","Pending"
"src/Materials/CMaterialDiagram.cls","CMaterialDiagram","128","Public","Property Get","HasCompressionExtension","0","","False","Pending"
"src/Materials/CMaterialDiagram.cls","CMaterialDiagram","133","Public","Property Get","HasTensionExtension","0","","False","Pending"
"src/Materials/CMaterialDiagram.cls","CMaterialDiagram","141","Public","Function","IsInPhysicalRange","3","Проверяет, остается ли деформация в физической области диаграммы. Отсутствие растянутого предела трактуется как неработающая растянутая зона с нулевым сопротивлением, поэтому положительные eps в этом случае допустимы.","False","Pending"
"src/Materials/CMaterialDiagram.cls","CMaterialDiagram","154","Public","Function","IsInExtensionRange","4","True означает, что деформация вышла за физический eps_ult именно в ту техническую область, которую provider добавил для равновесного solve. Горизонтальное физическое плато до eps_ult не считается extension: оно остается допустимой частью диаграммы материала и не должно давать FAIL.","False","Pending"
"src/Materials/CMaterialDiagram.cls","CMaterialDiagram","169","Public","Function","StressAtStrain","5","------------------------------ Расчетный контракт материала ------------------------------ Возвращает напряжение по заданной деформации. За пределами последнего узла напряжение удерживается на крайнем значении, что моделирует плато диаграммы.","False","Pending"
"src/Materials/CMaterialDiagram.cls","CMaterialDiagram","184","Public","Function","GetStress","1","Совместимое имя для существующего solver API.","False","Pending"
"src/Materials/CMaterialDiagram.cls","CMaterialDiagram","190","Public","Function","GetTangentModulus","2","Возвращает касательный модуль текущего отрезка диаграммы. За пределами заданной области модуль равен нулю, потому что напряжение уже на плато.","False","Pending"
"src/Materials/CMaterialDiagram.cls","CMaterialDiagram","201","Public","Sub","EvaluateAtStrain","3","Возвращает напряжение и касательный модуль за один проход по отрезкам. В горячих циклах CSectionSolver это убирает два независимых поиска одного и того же участка диаграммы для каждого бетонного волокна и стержня.","False","Pending"
"src/Materials/CMaterialDiagram.cls","CMaterialDiagram","222","Public","Function","GetSecantModulus","2","Возвращает секущий модуль stress/strain; около нуля используется касательный модуль, чтобы не делить на почти нулевую деформацию.","False","Pending"
"src/Materials/CMaterialDiagram.cls","CMaterialDiagram","232","Private","Sub","BuildSegmentCache","1","Подготавливает быстрые коэффициенты линейных участков диаграммы.","False","Pending"
"src/Materials/CMaterialDiagram.cls","CMaterialDiagram","247","Private","Function","FindSegmentIndex","1","Находит участок диаграммы, которому принадлежит заданная деформация.","False","Pending"
"src/Materials/CMaterialDiagram.cls","CMaterialDiagram","267","Private","Sub","SortPointsByStrain","2","Сортирует точки по деформации, чтобы provider мог добавлять их в удобном инженерном порядке, а расчет всегда шел по монотонной оси strain.","False","Pending"
"src/Materials/CMaterialDiagram.cls","CMaterialDiagram","278","Private","Sub","SwapPoints","1","Меняет местами две точки при сортировке.","False","Pending"
"src/Materials/CMaterialDiagram.cls","CMaterialDiagram","290","Private","Sub","ValidatePointOrder","2","Проверяет, что после сортировки нет повторяющихся деформаций. Две разные точки с одинаковым strain дали бы вертикальный участок и бесконечный модуль.","False","Pending"
"src/Materials/CMaterialDiagram.cls","CMaterialDiagram","300","Private","Sub","EnsureInitialized","1","Проверяет, что диаграмма уже получила точки.","False","Pending"
"src/Materials/CMaterialDiagram.cls","CMaterialDiagram","311","Public","Sub","InitializeFromTwoCompressionPoints","6","========================================================================== ДЛЯ ТЕСТОВ ========================================================================== Методы ниже оставлены как тестовый API. Рабочий расчет получает диаграммы через CMaterialModelProvider и основной InitializeFromArrays, а unit-тестам эти shortcut-конструкторы позволяют проверять интерполяцию без Excel и Config.","False","Pending"
"src/Materials/CMaterialDiagram.cls","CMaterialDiagram","326","Public","Sub","InitializeFromThreeCompressionPoints","1","ДЛЯ ТЕСТОВ: создает сжатую трехучастковую диаграмму с нулевой точкой.","False","Pending"
"src/Materials/CMaterialDiagram.cls","CMaterialDiagram","342","Public","Sub","InitializeFromTwoTensionPoints","1","ДЛЯ ТЕСТОВ: создает симметричную растянутую двухточечную диаграмму.","False","Pending"
"src/Materials/CMaterialDiagram.cls","CMaterialDiagram","359","Public","Sub","InitializeFromThreeTensionPoints","1","ДЛЯ ТЕСТОВ: создает симметричную растянутую трехточечную диаграмму.","False","Pending"
"src/Materials/CMaterialDiagram.cls","CMaterialDiagram","378","Public","Sub","Initialize","1","ДЛЯ ТЕСТОВ: совместимый короткий initializer для старых unit-тестов диаграммы.","False","Pending"
"src/Materials/CMaterialDiagram.cls","CMaterialDiagram","387","Public","Property Get","PointCount","0","","False","Pending"
"src/Materials/CMaterialDiagram.cls","CMaterialDiagram","392","Public","Function","PointStrain","1","ДЛЯ ТЕСТОВ: возвращает деформацию контрольной точки диаграммы по индексу.","False","Pending"
"src/Materials/CMaterialDiagram.cls","CMaterialDiagram","399","Public","Function","PointStress","1","ДЛЯ ТЕСТОВ: возвращает напряжение контрольной точки диаграммы по индексу.","False","Pending"
"src/Materials/CMaterialModelProvider.cls","CMaterialModelProvider","59","Public","Sub","Initialize","1","Читает Config, создает параметры материалов и строит физические диаграммы.","False","Pending"
"src/Materials/CMaterialModelProvider.cls","CMaterialModelProvider","93","Private","Function","ReadDiagramExtensionSetting","2","Читает единственную эффективную настройку. Миграция старого формата выполняется Excel-reader-ом до передачи настроек материальному слою.","False","Pending"
"src/Materials/CMaterialModelProvider.cls","CMaterialModelProvider","117","Private","Sub","BuildPurpose","1","Строит полный физический материальный набор одной расчетной цели.","False","Pending"
"src/Materials/CMaterialModelProvider.cls","CMaterialModelProvider","147","Private","Function","BuildConcreteDiagram","1","Выбирает формулу бетонной диаграммы.","False","Pending"
"src/Materials/CMaterialModelProvider.cls","CMaterialModelProvider","159","Private","Function","BuildConcreteTwoLine","3","Строит двухлинейную бетонную диаграмму. Параметры eps задает Config, provider добавляет знак, сопротивление выбранной ГПС и опциональную растянутую ветвь.","False","Pending"
"src/Materials/CMaterialModelProvider.cls","CMaterialModelProvider","189","Private","Function","BuildConcreteThreeLine","2","Строит трехлинейную бетонную диаграмму. Средняя точка 0.6*R/E вычисляется здесь, чтобы расчетное ядро не знало формулы построения.","False","Pending"
"src/Materials/CMaterialModelProvider.cls","CMaterialModelProvider","220","Private","Function","BuildSteelDiagram","1","Выбирает формулу диаграммы арматуры.","False","Pending"
"src/Materials/CMaterialModelProvider.cls","CMaterialModelProvider","229","Private","Function","BuildSteelTwoLine","1","Строит двухлинейную диаграмму арматуры.","False","Pending"
"src/Materials/CMaterialModelProvider.cls","CMaterialModelProvider","246","Private","Function","BuildSteelThreeLine","1","Строит трехлинейную диаграмму арматуры с расчетными точками перелома.","False","Pending"
"src/Materials/CMaterialModelProvider.cls","CMaterialModelProvider","281","Private","Function","DiagramFromArrays","1","Создает CMaterialDiagram из массивов физических точек.","False","Pending"
"src/Materials/CMaterialModelProvider.cls","CMaterialModelProvider","291","Private","Function","DiagramWithExtension","3","Создает копию физической диаграммы с дополнительными техническими точками для равновесного solve. Физические eps_ult передаются в CMaterialDiagram отдельно и поэтому не меняются.","False","Pending"
"src/Materials/CMaterialModelProvider.cls","CMaterialModelProvider","352","Private","Function","ExtensionEndStrain","3","Сохраняет техническую границу +/-10 для обычных материалов. Если физический предел уже дальше, продолжение заканчивается вдвое дальше него, а не обрезает физическую диаграмму. Переполнение явно отклоняется вызывающим построителем.","False","Pending"
"src/Materials/CMaterialModelProvider.cls","CMaterialModelProvider","360","Private","Sub","ConcreteStrengths","1","Возвращает бетонные сопротивления нужной ГПС.","False","Pending"
"src/Materials/CMaterialModelProvider.cls","CMaterialModelProvider","371","Private","Sub","SteelStrengths","1","Возвращает сопротивления арматуры нужной ГПС.","False","Pending"
"src/Materials/CMaterialModelProvider.cls","CMaterialModelProvider","382","Private","Function","PhysicalPurposeSlot","1","Возвращает индекс внутренних массивов для физической цели.","False","Pending"
"src/Materials/CMaterialModelProvider.cls","CMaterialModelProvider","397","Private","Sub","ValidateStateBasePurpose","1","Проверяет, что StateSolution питается допустимой физической базой.","False","Pending"
"src/Materials/CMaterialModelProvider.cls","CMaterialModelProvider","405","Private","Function","NormalizeLimitStateGroup","1","Нормализует группу предельных состояний.","False","Pending"
"src/Materials/CMaterialModelProvider.cls","CMaterialModelProvider","417","Private","Function","NormalizeDiagramType","1","Нормализует тип диаграммы.","False","Pending"
"src/Materials/CMaterialModelProvider.cls","CMaterialModelProvider","427","Private","Function","NormalizeTensionBehavior","1","Нормализует режим растянутого бетона.","False","Pending"
"src/Materials/CMaterialModelProvider.cls","CMaterialModelProvider","437","Public","Function","ConcreteMaterial","1","Возвращает физическую бетонную диаграмму без extension.","False","Pending"
"src/Materials/CMaterialModelProvider.cls","CMaterialModelProvider","443","Public","Function","SteelMaterial","1","Возвращает физическую диаграмму арматуры без extension.","False","Pending"
"src/Materials/CMaterialModelProvider.cls","CMaterialModelProvider","449","Public","Function","ConcreteMaterialForEquilibrium","1","Возвращает бетонную диаграмму для решения равновесия на базе заданной физической цели.","False","Pending"
"src/Materials/CMaterialModelProvider.cls","CMaterialModelProvider","461","Public","Function","SteelMaterialForEquilibrium","1","Возвращает диаграмму арматуры для решения равновесия на базе заданной физической цели.","False","Pending"
"src/Materials/CMaterialModelProvider.cls","CMaterialModelProvider","476","Public","Function","ConcreteMaterialFromSpec","4","Возвращает физическую бетонную диаграмму по спецификации профиля. Это новый основной вход provider-а: профиль уже определил ValueSet, TwoLine/ThreeLine и режим растянутого бетона, а solver получает готовую CMaterialDiagram без знания этих настроек.","False","Pending"
"src/Materials/CMaterialModelProvider.cls","CMaterialModelProvider","497","Public","Function","SteelMaterialFromSpec","1","Возвращает физическую диаграмму арматуры по спецификации профиля.","False","Pending"
"src/Materials/CMaterialModelProvider.cls","CMaterialModelProvider","519","Public","Function","ConcreteMaterialForEquilibriumFromSpec","3","Возвращает бетонную диаграмму по спецификации профиля для задач равновесия. Если General.DiagramExtension включен, добавляется только техническое продолжение активных ветвей; physical limits самого материала не меняются.","False","Pending"
"src/Materials/CMaterialModelProvider.cls","CMaterialModelProvider","546","Public","Function","SteelMaterialForEquilibriumFromSpec","1","Возвращает диаграмму арматуры по спецификации профиля для задач равновесия.","False","Pending"
"src/Materials/CMaterialModelProvider.cls","CMaterialModelProvider","573","Public","Function","ConcreteCompressionLimitFromSpec","1","Возвращает предельную сжатую деформацию бетона для заданной профильной спецификации.","False","Pending"
"src/Materials/CMaterialModelProvider.cls","CMaterialModelProvider","578","Public","Function","ConcreteTensionLimitFromSpec","1","Возвращает предельную растянутую деформацию бетона для заданной профильной спецификации.","False","Pending"
"src/Materials/CMaterialModelProvider.cls","CMaterialModelProvider","587","Public","Function","ConcreteTensionEbt0FromSpec","5","Возвращает eps_bt0 из исходных параметров бетона для нормативного критерия образования трещины по СП 63 п. 8.1.30, формула (8.54). Значение берется из той же профильной спецификации, что и CrackInitiation-диаграмма, чтобы crack-калькулятор не читал Config напрямую и не создавал параллельный источник материалов.","False","Pending"
"src/Materials/CMaterialModelProvider.cls","CMaterialModelProvider","593","Public","Function","ConcreteTensionLimitEnabledFromSpec","1","Показывает, активен ли физический предел растянутого бетона в данной спецификации.","False","Pending"
"src/Materials/CMaterialModelProvider.cls","CMaterialModelProvider","600","Public","Function","SteelCompressionLimitFromSpec","1","Возвращает предельную сжатую деформацию арматуры для заданной профильной спецификации.","False","Pending"
"src/Materials/CMaterialModelProvider.cls","CMaterialModelProvider","605","Public","Function","SteelTensionLimitFromSpec","1","Возвращает предельную растянутую деформацию арматуры для заданной профильной спецификации.","False","Pending"
"src/Materials/CMaterialModelProvider.cls","CMaterialModelProvider","610","Public","Function","ConcreteCompressionResistanceFromSpec","1","Возвращает расчетное/нормативное сопротивление бетона сжатию по ValueSet спецификации.","False","Pending"
"src/Materials/CMaterialModelProvider.cls","CMaterialModelProvider","616","Public","Function","ConcreteTensionResistanceFromSpec","1","Возвращает расчетное/нормативное сопротивление бетона растяжению по ValueSet спецификации.","False","Pending"
"src/Materials/CMaterialModelProvider.cls","CMaterialModelProvider","624","Public","Function","ConcreteCompressionResistanceFromValueSet","3","Возвращает Rb/Rb,ser по выбранному набору характеристик без привязки к диаграмме. Это нужно для проверок, где СП использует расчетные параметры материала, но не требует строить sigma-epsilon диаграмму.","False","Pending"
"src/Materials/CMaterialModelProvider.cls","CMaterialModelProvider","633","Public","Function","ConcreteTensionResistanceFromValueSet","1","Возвращает Rbt/Rbt,ser по выбранному набору характеристик.","False","Pending"
"src/Materials/CMaterialModelProvider.cls","CMaterialModelProvider","642","Public","Function","ConcreteElasticModulusFromSpec","1","Возвращает модуль бетона для приведенных характеристик, связанных с указанной спецификацией.","False","Pending"
"src/Materials/CMaterialModelProvider.cls","CMaterialModelProvider","649","Public","Function","ConcreteElasticModulusFromValueSet","2","Начальный модуль бетона хранится отдельно от R/Rser; valueSet оставлен в сигнатуре, чтобы вызывающий код явно передавал выбранную нормативную базу.","False","Pending"
"src/Materials/CMaterialModelProvider.cls","CMaterialModelProvider","655","Public","Function","SteelElasticModulusFromSpec","1","Возвращает модуль арматуры для приведенных характеристик, связанных с указанной спецификацией.","False","Pending"
"src/Materials/CMaterialModelProvider.cls","CMaterialModelProvider","662","Public","Function","SteelElasticModulusFromValueSet","2","Модуль арматуры для выбранной базы характеристик. Сейчас Es общий, но отдельный метод сохраняет явный контракт без передачи лишней диаграммы.","False","Pending"
"src/Materials/CMaterialModelProvider.cls","CMaterialModelProvider","668","Public","Function","SteelCompressionResistanceFromSpec","1","Возвращает сопротивление арматуры сжатию по ValueSet спецификации.","False","Pending"
"src/Materials/CMaterialModelProvider.cls","CMaterialModelProvider","674","Public","Function","SteelTensionResistanceFromSpec","1","Возвращает сопротивление арматуры растяжению по ValueSet спецификации.","False","Pending"
"src/Materials/CMaterialModelProvider.cls","CMaterialModelProvider","681","Public","Function","SteelCompressionResistanceFromValueSet","2","Возвращает Rsc/Rsc,ser по выбранному набору характеристик без построения диаграммы арматуры.","False","Pending"
"src/Materials/CMaterialModelProvider.cls","CMaterialModelProvider","690","Public","Function","SteelTensionResistanceFromValueSet","1","Возвращает Rs/Rs,ser по выбранному набору характеристик.","False","Pending"
"src/Materials/CMaterialModelProvider.cls","CMaterialModelProvider","699","Private","Function","LimitStateGroupFromSpec","1","ГПС определяется спецификацией профиля, а не расчетным классом.","False","Pending"
"src/Materials/CMaterialModelProvider.cls","CMaterialModelProvider","705","Private","Function","LimitStateGroupFromValueSet","1","Преобразует ValueSet в номер ГПС для общих helpers сопротивлений.","False","Pending"
"src/Materials/CMaterialModelProvider.cls","CMaterialModelProvider","714","Private","Sub","ValidateSpec","1","Общая проверка контракта профильной спецификации.","False","Pending"
"src/Materials/CMaterialModelProvider.cls","CMaterialModelProvider","720","Private","Function","CachedDiagram","1","Возвращает диаграмму из кэша, если такой MaterialModelSpec уже запрашивался.","False","Pending"
"src/Materials/CMaterialModelProvider.cls","CMaterialModelProvider","727","Private","Sub","StoreCachedDiagram","2","Сохраняет готовую диаграмму в кэш provider-а. Диаграммы используются как read-only объекты, поэтому повторная выдача одного экземпляра безопасна.","False","Pending"
"src/Materials/CMaterialModelProvider.cls","CMaterialModelProvider","735","Private","Function","MaterialDiagramCacheKey","1","Формирует ключ кэша: роль диаграммы + полный профиль material spec.","False","Pending"
"src/Materials/CMaterialModelProvider.cls","CMaterialModelProvider","740","Public","Function","LimitStateGroup","1","Возвращает группу предельных состояний для исторического API по расчетной роли.","False","Pending"
"src/Materials/CMaterialModelProvider.cls","CMaterialModelProvider","746","Public","Function","ConcreteDiagramType","1","Возвращает тип бетонной диаграммы для исторического API по расчетной роли.","False","Pending"
"src/Materials/CMaterialModelProvider.cls","CMaterialModelProvider","752","Public","Function","ConcreteTensionBehavior","1","Возвращает режим учета растянутого бетона для исторического API по расчетной роли.","False","Pending"
"src/Materials/CMaterialModelProvider.cls","CMaterialModelProvider","758","Public","Function","SteelDiagramType","1","Возвращает тип диаграммы арматуры для исторического API по расчетной роли.","False","Pending"
"src/Materials/CMaterialModelProvider.cls","CMaterialModelProvider","764","Public","Function","ConcreteCompressionLimit","1","Возвращает предельную сжатую деформацию бетона для исторического API по расчетной роли.","False","Pending"
"src/Materials/CMaterialModelProvider.cls","CMaterialModelProvider","770","Public","Function","ConcreteTensionLimit","1","Возвращает предельную растянутую деформацию бетона для исторического API по расчетной роли.","False","Pending"
"src/Materials/CMaterialModelProvider.cls","CMaterialModelProvider","776","Public","Function","ConcreteTensionLimitEnabled","1","Показывает, включен ли предел растянутого бетона для исторического API по расчетной роли.","False","Pending"
"src/Materials/CMaterialModelProvider.cls","CMaterialModelProvider","782","Public","Function","SteelCompressionLimit","1","Возвращает предельную сжатую деформацию арматуры для исторического API по расчетной роли.","False","Pending"
"src/Materials/CMaterialModelProvider.cls","CMaterialModelProvider","788","Public","Function","SteelTensionLimit","1","Возвращает предельную растянутую деформацию арматуры для исторического API по расчетной роли.","False","Pending"
"src/Materials/CMaterialModelProvider.cls","CMaterialModelProvider","794","Public","Function","ConcreteCompressionResistance","1","Возвращает сопротивление бетона сжатию для исторического API по расчетной роли.","False","Pending"
"src/Materials/CMaterialModelProvider.cls","CMaterialModelProvider","800","Public","Function","ConcreteTensionResistance","1","Возвращает сопротивление бетона растяжению для исторического API по расчетной роли.","False","Pending"
"src/Materials/CMaterialModelProvider.cls","CMaterialModelProvider","806","Public","Function","ConcreteElasticModulus","1","Возвращает модуль бетона для исторического API по расчетной роли.","False","Pending"
"src/Materials/CMaterialModelProvider.cls","CMaterialModelProvider","812","Public","Function","SteelCompressionResistance","1","Возвращает сопротивление арматуры сжатию для исторического API по расчетной роли.","False","Pending"
"src/Materials/CMaterialModelProvider.cls","CMaterialModelProvider","818","Public","Function","SteelTensionResistance","1","Возвращает сопротивление арматуры растяжению для исторического API по расчетной роли.","False","Pending"
"src/Materials/CMaterialModelProvider.cls","CMaterialModelProvider","824","Public","Function","SteelElasticModulus","1","Возвращает модуль арматуры для исторического API по расчетной роли.","False","Pending"
"src/Materials/CMaterialModelProvider.cls","CMaterialModelProvider","829","Public","Property Get","DiagramExtensionEnabled","0","","False","Pending"
"src/Materials/CMaterialModelProvider.cls","CMaterialModelProvider","836","Public","Property Get","Revision","2","Возвращает версию неизменяемого набора материалов текущего запуска. Repository использует ее вместе с identity provider-а, а не с именем профиля.","False","Pending"
"src/Materials/CMaterialModelProvider.cls","CMaterialModelProvider","843","Public","Property Get","ConcreteParameters","2","Возвращает копии исходных параметров. Consumers не могут изменить внутренний набор provider-а и оставить старые диаграммы в его material cache.","False","Pending"
"src/Materials/CMaterialModelProvider.cls","CMaterialModelProvider","848","Public","Property Get","SteelParameters","0","","False","Pending"
"src/Materials/CMaterialModelProvider.cls","CMaterialModelProvider","854","Private","Sub","EnsureInitialized","1","Проверяет, что provider уже построил диаграммы.","False","Pending"
"src/Materials/CMaterialModelProvider.cls","CMaterialModelProvider","865","Public","Sub","InitializeFromParameters","6","========================================================================== ДЛЯ ТЕСТОВ ========================================================================== Этот API нужен unit-тестам материальных диаграмм и расчетных сценариев без чтения листа Config. В рабочем пользовательском сценарии provider должен инициализироваться через Initialize(settings, units).","False","Pending"
"src/Materials/CMaterialModelSpec.cls","CMaterialModelSpec","31","Public","Sub","Initialize","1","Заполняет спецификацию по текстам из rngCalculationProfiles.","False","Pending"
"src/Materials/CMaterialModelSpec.cls","CMaterialModelSpec","41","Public","Sub","Clear","1","Сбрасывает спецификацию. Такой объект нельзя передавать provider-у.","False","Pending"
"src/Materials/CMaterialModelSpec.cls","CMaterialModelSpec","47","Public","Function","Clone","2","Возвращает независимую копию, чтобы CSectionStateResult не зависел от дальнейших изменений исходного профиля.","False","Pending"
"src/Materials/CMaterialModelSpec.cls","CMaterialModelSpec","57","Public","Function","SpecKey","1","Короткий ключ удобно писать в диагностику и сравнивать в тестах.","False","Pending"
"src/Materials/CMaterialModelSpec.cls","CMaterialModelSpec","65","Public","Property Get","IsComplete","0","","False","Pending"
"src/Materials/CMaterialModelSpec.cls","CMaterialModelSpec","69","Public","Property Get","ValueSet","0","","False","Pending"
"src/Materials/CMaterialModelSpec.cls","CMaterialModelSpec","73","Public","Property Get","ConcreteDiagram","0","","False","Pending"
"src/Materials/CMaterialModelSpec.cls","CMaterialModelSpec","77","Public","Property Get","ConcreteTension","0","","False","Pending"
"src/Materials/CMaterialModelSpec.cls","CMaterialModelSpec","81","Public","Property Get","SteelDiagram","0","","False","Pending"
"src/Materials/CMaterialModelSpec.cls","CMaterialModelSpec","85","Public","Property Get","ValueSetText","0","","False","Pending"
"src/Materials/CMaterialModelSpec.cls","CMaterialModelSpec","89","Public","Property Get","ConcreteDiagramText","0","","False","Pending"
"src/Materials/CMaterialModelSpec.cls","CMaterialModelSpec","93","Public","Property Get","ConcreteTensionText","0","","False","Pending"
"src/Materials/CMaterialModelSpec.cls","CMaterialModelSpec","97","Public","Property Get","SteelDiagramText","0","","False","Pending"
"src/Materials/CSteelMaterialParameters.cls","CSteelMaterialParameters","39","Public","Sub","LoadFromSettings","3","Читает параметры из Config и переводит прочности/модули в МПа. Коэффициенты раскрытия трещин здесь не читаются: phi2 теперь задается отдельной настройкой SLS.Crack.Phi2 и не является свойством материала.","False","Pending"
"src/Materials/CSteelMaterialParameters.cls","CSteelMaterialParameters","66","Private","Sub","Validate","1","Проверяет, что характеристики можно использовать для построения диаграмм.","False","Pending"
"src/Materials/CSteelMaterialParameters.cls","CSteelMaterialParameters","79","Public","Property Get","RsULS","0","","False","Pending"
"src/Materials/CSteelMaterialParameters.cls","CSteelMaterialParameters","83","Public","Property Get","RscULS","0","","False","Pending"
"src/Materials/CSteelMaterialParameters.cls","CSteelMaterialParameters","87","Public","Property Get","RsSLS","0","","False","Pending"
"src/Materials/CSteelMaterialParameters.cls","CSteelMaterialParameters","91","Public","Property Get","RscSLS","0","","False","Pending"
"src/Materials/CSteelMaterialParameters.cls","CSteelMaterialParameters","95","Public","Property Get","Es","0","","False","Pending"
"src/Materials/CSteelMaterialParameters.cls","CSteelMaterialParameters","99","Public","Property Get","Esc","0","","False","Pending"
"src/Materials/CSteelMaterialParameters.cls","CSteelMaterialParameters","103","Public","Property Get","TwoLineEs2","0","","False","Pending"
"src/Materials/CSteelMaterialParameters.cls","CSteelMaterialParameters","107","Public","Property Get","TwoLineEsc2","0","","False","Pending"
"src/Materials/CSteelMaterialParameters.cls","CSteelMaterialParameters","111","Public","Property Get","ThreeLineEs2","0","","False","Pending"
"src/Materials/CSteelMaterialParameters.cls","CSteelMaterialParameters","115","Public","Property Get","ThreeLineEsc2","0","","False","Pending"
"src/Materials/CSteelMaterialParameters.cls","CSteelMaterialParameters","122","Public","Function","Clone","3","========================================================================== Создает независимый небольшой снимок параметров арматуры. Provider хранит свою копию и не зависит от последующей настройки исходного объекта.","False","Pending"
"src/Materials/CSteelMaterialParameters.cls","CSteelMaterialParameters","132","Public","Sub","Initialize","2","Заполняет нормализованные параметры внутренних snapshots и тестов. Пользовательский ввод остается обязанностью LoadFromSettings.","False","Pending"
"src/Section/CCircleAnnotationBuilder.cls","CCircleAnnotationBuilder","19","Public","Sub","Build","6","========================================================================== Semantic-аннотации круглого сечения ========================================================================== Builder знает, какие размеры и подписи имеют смысл именно для Circle: внешний контур круга, диаметр и групповая подпись арматуры по окружности. Он передает только model-координаты; Excel Chart здесь не участвует.","False","Pending"
"src/Section/CCircleRebarLayoutBuilder.cls","CCircleRebarLayoutBuilder","29","Public","Function","BuildFromSettings","4","Строит круговую раскладку по таблице rngCircleGeometry. Пустой или нулевой Rebar.Diameter означает, что первый ряд отсутствует; дополнительные ряды без первого ряда не создаются, потому что их положение задается относительно стержней основного ряда.","False","Pending"
"src/Section/CCircleRebarLayoutBuilder.cls","CCircleRebarLayoutBuilder","51","Private","Function","OptionalDiameterFromSettings","3","Возвращает диаметр из Config без подстановки default-а для пустой ячейки. Такое правило важно именно для арматуры: пустое значение означает ""не создавать ряд"", а не ""взять типовой диаметр"".","False","Pending"
"src/Section/CCircleRebarLayoutBuilder.cls","CCircleRebarLayoutBuilder","70","Public","Function","Build","3","Создает раскладку из уже нормализованных чисел. Метод не читает Excel и поэтому удобен для расчетных тестов и внутренних сценариев, где параметры круга подготовлены заранее.","False","Pending"
"src/Section/CCircleRebarLayoutBuilder.cls","CCircleRebarLayoutBuilder","144","Private","Sub","AddAdditionalCircleBar","4","Добавляет второй или третий ряд относительно одного стержня первого ряда. Stacked смещает стержень к центру круга, SideBySide - по касательной по часовой стрелке. Перед записью проверяется, что новый круг целиком остается внутри бетонного контура.","False","Pending"
"src/Section/CCircleRebarLayoutBuilder.cls","CCircleRebarLayoutBuilder","178","Private","Function","RowSkipDiameter","3","Возвращает диаметр промежуточного ряда, который надо ""перепрыгнуть"" третьему ряду. Это нужно, когда второй и третий ряды имеют одинаковую схему смещения: третий ряд ставится за вторым, а не накладывается на него.","False","Pending"
"src/Section/CCircleRebarLayoutBuilder.cls","CCircleRebarLayoutBuilder","187","Private","Sub","ValidateInputs","1","Проверяет входные данные и прерывает выполнение понятной ошибкой, если расчетный контракт нарушен.","False","Pending"
"src/Section/CCircleRebarLayoutBuilder.cls","CCircleRebarLayoutBuilder","206","Private","Sub","ValidateBarInsideCircle","1","Проверяет входные данные и прерывает выполнение понятной ошибкой, если расчетный контракт нарушен.","False","Pending"
"src/Section/CCircleRebarLayoutBuilder.cls","CCircleRebarLayoutBuilder","220","Private","Function","IsSupportedRowLocation","3","Проверяет, что текстовый режим дополнительного ряда относится к известным пользовательским вариантам. Проверка отделена от Build, чтобы одинаково обслуживать второй и третий ряд.","False","Pending"
"src/Section/CCircleRebarLayoutBuilder.cls","CCircleRebarLayoutBuilder","226","Private","Function","IsStackedLocation","2","Возвращает True для режима Stacked; отдельная функция нужна, чтобы не размазывать регистронезависимое сравнение по нескольким расчетным веткам.","False","Pending"
"src/Section/CCircleRebarLayoutBuilder.cls","CCircleRebarLayoutBuilder","232","Public","Property Get","CentroidX","2","Центр тяжести первого ряда арматуры после последнего Build. Используется тестами как контроль равномерности круговой раскладки.","False","Pending"
"src/Section/CCircleRebarLayoutBuilder.cls","CCircleRebarLayoutBuilder","237","Public","Property Get","CentroidY","1","Y-координата центра первого ряда арматуры после последнего Build.","False","Pending"
"src/Section/CCircleRebarLayoutBuilder.cls","CCircleRebarLayoutBuilder","247","Public","Property Get","AngleStep","5","========================================================================== ДЛЯ ТЕСТОВ ========================================================================== Эти диагностические свойства нужны проверкам круговой раскладки: тесты сверяют угловой шаг и расчетный радиус осей стержней с ожидаемой геометрией.","False","Pending"
"src/Section/CCircleRebarLayoutBuilder.cls","CCircleRebarLayoutBuilder","252","Public","Property Get","AxisRadius","1","Радиус линии осей первого ряда после последнего построения круговой раскладки.","False","Pending"
"src/Section/CHollowRectAnnotationBuilder.cls","CHollowRectAnnotationBuilder","20","Public","Sub","Build","1","Формирует все аннотации для последнего расчетного снимка.","False","Pending"
"src/Section/CHollowRectAnnotationBuilder.cls","CHollowRectAnnotationBuilder","49","Private","Sub","AddContourLoop","2","Добавляет одну замкнутую петлю контура. Суффикс OUTER/OPENING нужен AutoCAD export, чтобы не пытаться сшить наружный контур и отверстие одной полилинией.","False","Pending"
"src/Section/CHollowRectAnnotationBuilder.cls","CHollowRectAnnotationBuilder","77","Private","Sub","AddDimensions","2","Размеры выводятся по физическим параметрам таблицы: наружные B/H и размеры Opening B_o/H_o с учетом фактического положения отверстия.","False","Pending"
"src/Section/CHollowRectRebarLayoutBuilder.cls","CHollowRectRebarLayoutBuilder","27","Public","Function","BuildFromSettings","1","Строит геометрию и раскладку по настройкам Config.","False","Pending"
"src/Section/CHollowRectRebarLayoutBuilder.cls","CHollowRectRebarLayoutBuilder","57","Public","Function","Build","2","Создает CRebarLayout для уже подготовленной HollowRectangle-геометрии. Метод открыт отдельно, чтобы тесты могли проверять геометрию без Excel.","False","Pending"
"src/Section/CHollowRectRebarLayoutBuilder.cls","CHollowRectRebarLayoutBuilder","104","Private","Function","ReadFaceSettingsFromConfig","1","Читает компактную строку параметров одной смысловой грани.","False","Pending"
"src/Section/CHollowRectRebarLayoutBuilder.cls","CHollowRectRebarLayoutBuilder","119","Private","Function","OptionalDiameterFromSettings","1","Пустой диаметр в таблице означает, что ряд выключен.","False","Pending"
"src/Section/CHollowRectRebarLayoutBuilder.cls","CHollowRectRebarLayoutBuilder","138","Private","Sub","AddHorizontalFace","3","Добавляет верхнюю или нижнюю наружную грань B. Для HollowRectangle это не только прямой горизонтальный участок: линия раскладки идет по верхней или нижней траектории с учетом радиусов сопряжения.","False","Pending"
"src/Section/CHollowRectRebarLayoutBuilder.cls","CHollowRectRebarLayoutBuilder","192","Private","Sub","AddSideFace","2","Добавляет левую или правую наружную грань H. Для HollowRectangle H-линия является прямым вертикальным участком между верхним и нижним сопряжением.","False","Pending"
"src/Section/CHollowRectRebarLayoutBuilder.cls","CHollowRectRebarLayoutBuilder","243","Private","Sub","AddProjectedHorizontalFace","2","Строит внутреннюю горизонтальную B-грань Opening по X-проекциям наружных B-стержней на криволинейную внутреннюю траекторию.","False","Pending"
"src/Section/CHollowRectRebarLayoutBuilder.cls","CHollowRectRebarLayoutBuilder","320","Private","Sub","AddProjectedSideFace","2","Строит внутреннюю вертикальную H-грань Opening по Y-проекциям наружных H-стержней на прямую внутреннюю линию.","False","Pending"
"src/Section/CHollowRectRebarLayoutBuilder.cls","CHollowRectRebarLayoutBuilder","363","Private","Sub","AddAdditionalRows","1","Добавляет второй и третий ряды относительно найденного первого ряда.","False","Pending"
"src/Section/CHollowRectRebarLayoutBuilder.cls","CHollowRectRebarLayoutBuilder","393","Private","Sub","OffsetAdditionalRow","4","Вычисляет координату стержня второго или третьего ряда относительно стержня первого ряда. Stacked уводит ряд в бетон по нормали, SideBySide - вдоль касательной к линии раскладки; skippedDiameter нужен, когда третий ряд должен ""перепрыгнуть"" уже существующий второй ряд.","False","Pending"
"src/Section/CHollowRectRebarLayoutBuilder.cls","CHollowRectRebarLayoutBuilder","411","Private","Function","AddBarIfAvailable","3","Добавляет стержень в layout только если в этой же точке еще нет стержня. Это защищает углы и пересечения проекций Opening от дублей: один и тот же физический стержень может быть достигнут из соседних смысловых граней.","False","Pending"
"src/Section/CHollowRectRebarLayoutBuilder.cls","CHollowRectRebarLayoutBuilder","425","Private","Sub","ValidateFace","3","Проверяет параметры наружной грани, где пользователь явно задает количество стержней n. Нулевая грань разрешена и просто пропускается, но отрицательное количество или некорректные диаметры/ряды считаются ошибкой ввода.","False","Pending"
"src/Section/CHollowRectRebarLayoutBuilder.cls","CHollowRectRebarLayoutBuilder","435","Private","Sub","ValidateOpeningFace","3","Проверяет общие параметры одной грани: as, диаметр первого ряда и параметры дополнительных рядов. Метод используется и для Opening, где количество стержней не задается пользователем, а получается проекцией наружной грани.","False","Pending"
"src/Section/CHollowRectRebarLayoutBuilder.cls","CHollowRectRebarLayoutBuilder","448","Private","Function","IsSupportedRowLocation","2","Возвращает True только для поддерживаемых режимов положения дополнительного ряда: рядом по касательной или внутрь бетона по нормали.","False","Pending"
"src/Section/CHollowRectRebarLayoutBuilder.cls","CHollowRectRebarLayoutBuilder","454","Private","Function","IsSupportedRowBinding","2","Возвращает True только для поддерживаемых режимов привязки дополнительного ряда к первому ряду: к каждому стержню или через один.","False","Pending"
"src/Section/CHollowRectRebarLayoutBuilder.cls","CHollowRectRebarLayoutBuilder","461","Private","Function","ShouldAddAdditionalRow","3","Решает, создавать ли дополнительный стержень для текущего стержня первого ряда. Для EverySecondBar используются не индексы layout, а порядковый номер базового стержня на этой конкретной смысловой грани.","False","Pending"
"src/Section/CHollowRectRebarLayoutBuilder.cls","CHollowRectRebarLayoutBuilder","472","Private","Sub","RecordBarProjection","3","Запоминает координаты и нормаль уже созданного наружного стержня. Позже эти массивы используются, чтобы проецировать наружную раскладку на внутренний контур Opening и автоматически получать число внутренних стержней.","False","Pending"
"src/Section/CHollowRectRebarLayoutBuilder.cls","CHollowRectRebarLayoutBuilder","490","Private","Sub","ExtendOpeningBLineBySideCover","4","Продлевает прямую B-линию Opening до углов offset-прямоугольника. При R_o=0 внутренняя горизонтальная линия смещается от отверстия на свой as_B, но ее концы должны доходить до вертикальных offset-линий Opening.H.Left/Right, то есть дополнительно уходить на соответствующие as_H влево и вправо.","False","Pending"
"src/Section/CHollowRectRebarLayoutBuilder.cls","CHollowRectRebarLayoutBuilder","509","Private","Sub","ExtendOpeningHLineByTopBottomCover","3","Продлевает прямую H-линию Opening до углов offset-прямоугольника. При R_o=0 внутренняя вертикальная линия смещается от отверстия на свой as_H, а ее концы доходят до горизонтальных offset-линий Opening.B.Top/Bottom.","False","Pending"
"src/Section/CHollowRectRebarLayoutBuilder.cls","CHollowRectRebarLayoutBuilder","528","Private","Sub","AccumulateBLabelAnchor","3","Собирает anchor подписи B-группы по стержням, наиболее удаленным от центра сечения по вертикали. Так Offset подписи отсчитывается от дальнего видимого стержня, а не от хорды всей криволинейной траектории раскладки.","False","Pending"
"src/Section/CHollowRectRebarLayoutBuilder.cls","CHollowRectRebarLayoutBuilder","560","Private","Function","ProjectRayToPolyline","3","Пересекает луч из наружного стержня по нормали к его линии раскладки с криволинейной B-траекторией Opening. Если нормаль проходит мимо offset-линии, внутренний стержень для этого наружного стержня не создается.","False","Pending"
"src/Section/CHollowRectRebarLayoutBuilder.cls","CHollowRectRebarLayoutBuilder","586","Private","Function","ProjectRayToSegment","1","Пересекает нормаль наружного H-стержня с прямой H-линией Opening.","False","Pending"
"src/Section/CHollowRectRebarLayoutBuilder.cls","CHollowRectRebarLayoutBuilder","595","Private","Function","IntersectRayWithSegment","2","Общая геометрия пересечения: луч source + t*dir, t>=0, и отрезок a+s*(b-a), 0<=s<=1. Возвращает только реальные пересечения, без ""дотягивания"" до линии.","False","Pending"
"src/Section/CHollowRectRebarLayoutBuilder.cls","CHollowRectRebarLayoutBuilder","626","Private","Sub","HorizontalAnnotationNormal","2","Возвращает нормаль для подписи B-группы. Для Opening нормаль направлена в сторону пустоты, чтобы режим Placement работал относительно внутренней грани.","False","Pending"
"src/Section/CHollowRectRebarLayoutBuilder.cls","CHollowRectRebarLayoutBuilder","639","Private","Sub","ConcreteInwardVector","3","Выбирает нормаль второго/третьего ряда в сторону бетона. Это надежнее, чем вручную угадывать знак для верхней/нижней и внутренней/наружной кривой: контрольная точка должна оставаться внутри бетонного кольца.","False","Pending"
"src/Section/CHollowRectRebarLayoutBuilder.cls","CHollowRectRebarLayoutBuilder","665","Private","Function","PolylineLength","3","Считает суммарную длину ломаной траектории раскладки. Дуги к этому моменту уже дискретизированы геометрией в последовательность точек, поэтому здесь используется обычная сумма длин соседних отрезков.","False","Pending"
"src/Section/CHollowRectRebarLayoutBuilder.cls","CHollowRectRebarLayoutBuilder","675","Private","Sub","PointAtDistance","3","Возвращает точку на ломаной на заданном расстоянии от начала и касательный единичный вектор в этой точке. Метод нужен для равномерной раскладки по криволинейным B-граням, где простой линейной интерполяции по X/Y недостаточно.","False","Pending"
"src/Section/CHollowRectRebarLayoutBuilder.cls","CHollowRectRebarLayoutBuilder","705","Private","Sub","NormalizeVector","2","Нормирует двумерный вектор на месте. Нулевой или почти нулевой вектор не меняется, чтобы не создавать деление на численный шум.","False","Pending"
"src/Section/CHollowRectRebarLayoutBuilder.cls","CHollowRectRebarLayoutBuilder","716","Private","Function","HasBarAt","3","Проверяет, есть ли уже стержень с такими координатами. Используется перед добавлением угловых и проецируемых стержней, чтобы разные грани не создавали совпадающие расчетные элементы арматуры.","False","Pending"
"src/Section/CHollowRectRebarLayoutBuilder.cls","CHollowRectRebarLayoutBuilder","727","Private","Function","FaceAs","1","Достает as из компактного массива настроек одной грани.","False","Pending"
"src/Section/CHollowRectRebarLayoutBuilder.cls","CHollowRectRebarLayoutBuilder","732","Private","Function","FaceDiameter","1","Достает диаметр первого ряда из компактного массива настроек одной грани.","False","Pending"
"src/Section/CHollowRectRebarLayoutBuilder.cls","CHollowRectRebarLayoutBuilder","737","Private","Function","FaceCount","1","Достает заданное пользователем количество стержней первого ряда.","False","Pending"
"src/Section/CHollowRectRebarLayoutBuilder.cls","CHollowRectRebarLayoutBuilder","742","Private","Function","FaceRow2Diameter","1","Достает диаметр второго ряда; ноль означает, что ряд выключен.","False","Pending"
"src/Section/CHollowRectRebarLayoutBuilder.cls","CHollowRectRebarLayoutBuilder","747","Private","Function","FaceRow3Diameter","1","Достает диаметр третьего ряда; ноль означает, что ряд выключен.","False","Pending"
"src/Section/CHollowRectRebarLayoutBuilder.cls","CHollowRectRebarLayoutBuilder","752","Private","Function","FaceRow2Location","1","Достает режим положения второго ряда относительно первого.","False","Pending"
"src/Section/CHollowRectRebarLayoutBuilder.cls","CHollowRectRebarLayoutBuilder","757","Private","Function","FaceRow3Location","1","Достает режим положения третьего ряда относительно первого.","False","Pending"
"src/Section/CHollowRectRebarLayoutBuilder.cls","CHollowRectRebarLayoutBuilder","762","Private","Function","FaceRow2Binding","1","Достает режим привязки второго ряда к стержням первого ряда.","False","Pending"
"src/Section/CHollowRectRebarLayoutBuilder.cls","CHollowRectRebarLayoutBuilder","767","Private","Function","FaceRow3Binding","1","Достает режим привязки третьего ряда к стержням первого ряда.","False","Pending"
"src/Section/CHollowRectRebarLayoutBuilder.cls","CHollowRectRebarLayoutBuilder","772","Private","Function","WorksheetMin","1","Локальный минимум без обращения к WorksheetFunction в горячей геометрии.","False","Pending"
"src/Section/CHollowRectRebarLayoutBuilder.cls","CHollowRectRebarLayoutBuilder","777","Private","Function","WorksheetMax","1","Локальный максимум без обращения к WorksheetFunction в горячей геометрии.","False","Pending"
"src/Section/CHollowRectRebarLayoutBuilder.cls","CHollowRectRebarLayoutBuilder","782","Private","Function","HollowFaceDisplayName","1","Переводит внутренний ключ грани в видимое имя для ошибок и комментариев.","False","Pending"
"src/Section/CRebarGroupAnnotationBuilder.cls","CRebarGroupAnnotationBuilder","19","Public","Sub","AddRebarLabels","6","========================================================================== Сборка групповых подписей арматуры ========================================================================== Класс объединяет стержни одной смысловой грани в компактный текст вида 6Ø32 или 6Ø32 + 3Ø20. Он не ищет стержни по координатам: принадлежность к грани должна прийти от конкретного rebar builder-а.","False","Pending"
"src/Section/CRebarGroupAnnotationBuilder.cls","CRebarGroupAnnotationBuilder","77","Private","Function","FormatNumberInvariant","2","Форматирует диаметр стержня для групповой подписи без зависимости от регионального десятичного разделителя Windows.","False","Pending"
"src/Section/CRebarLayout.cls","CRebarLayout","40","Public","Sub","Clear","1","Очищает накопленное состояние перед новым расчетом или повторным формированием вывода.","False","Pending"
"src/Section/CRebarLayout.cls","CRebarLayout","63","Public","Sub","AddBar","1","Добавляет стержень в промежуточную раскладку с проверкой ID, площади, диаметра и положения в бетоне.","False","Pending"
"src/Section/CRebarLayout.cls","CRebarLayout","111","Public","Property Get","Count","0","","False","Pending"
"src/Section/CRebarLayout.cls","CRebarLayout","115","Public","Property Get","BarID","0","","False","Pending"
"src/Section/CRebarLayout.cls","CRebarLayout","120","Public","Property Get","X","0","","False","Pending"
"src/Section/CRebarLayout.cls","CRebarLayout","125","Public","Property Get","Y","0","","False","Pending"
"src/Section/CRebarLayout.cls","CRebarLayout","130","Public","Property Get","Diameter","0","","False","Pending"
"src/Section/CRebarLayout.cls","CRebarLayout","135","Public","Property Get","Area","0","","False","Pending"
"src/Section/CRebarLayout.cls","CRebarLayout","140","Public","Property Get","SteelClass","0","","False","Pending"
"src/Section/CRebarLayout.cls","CRebarLayout","145","Public","Property Get","Comment","0","","False","Pending"
"src/Section/CRebarLayout.cls","CRebarLayout","150","Public","Property Get","BarAnnotationGroupName","0","","False","Pending"
"src/Section/CRebarLayout.cls","CRebarLayout","156","Public","Sub","AddAnnotationAnchor","1","Добавляет опорную линию группы арматуры, по которой потом строится групповая подпись на схеме.","False","Pending"
"src/Section/CRebarLayout.cls","CRebarLayout","181","Public","Property Get","AnnotationCount","0","","False","Pending"
"src/Section/CRebarLayout.cls","CRebarLayout","185","Public","Property Get","AnnotationGroupName","0","","False","Pending"
"src/Section/CRebarLayout.cls","CRebarLayout","190","Public","Property Get","AnnotationStartX","0","","False","Pending"
"src/Section/CRebarLayout.cls","CRebarLayout","195","Public","Property Get","AnnotationStartY","0","","False","Pending"
"src/Section/CRebarLayout.cls","CRebarLayout","200","Public","Property Get","AnnotationEndX","0","","False","Pending"
"src/Section/CRebarLayout.cls","CRebarLayout","205","Public","Property Get","AnnotationEndY","0","","False","Pending"
"src/Section/CRebarLayout.cls","CRebarLayout","210","Public","Property Get","AnnotationNormalX","0","","False","Pending"
"src/Section/CRebarLayout.cls","CRebarLayout","215","Public","Property Get","AnnotationNormalY","0","","False","Pending"
"src/Section/CRebarLayout.cls","CRebarLayout","220","Public","Property Get","AnnotationAxisDistance","0","","False","Pending"
"src/Section/CRebarLayout.cls","CRebarLayout","226","Private","Sub","CheckIndex","1","Проверяет индекс стержня перед доступом к массивам раскладки.","False","Pending"
"src/Section/CRebarLayout.cls","CRebarLayout","231","Private","Sub","CheckAnnotationIndex","1","Проверяет индекс аннотационной линии перед доступом к массивам раскладки.","False","Pending"
"src/Section/CRectSetAnnotationBuilder.cls","CRectSetAnnotationBuilder","20","Public","Sub","Build","7","========================================================================== Semantic-аннотации RectSet-сечения ========================================================================== Builder знает смысл верхнего и нижнего прямоугольников: общий габарит, размеры активных прямоугольников и линии арматуры. Он формирует CPlotDimension и CPlotRebarLabel, но не решает, как эти подписи будут разведены по lanes на листе.","False","Pending"
"src/Section/CRectSetAnnotationBuilder.cls","CRectSetAnnotationBuilder","37","Private","Sub","AddContour","1","Добавляет внешний контур RectSet как набор прямых semantic-сегментов.","False","Pending"
"src/Section/CRectSetAnnotationBuilder.cls","CRectSetAnnotationBuilder","55","Private","Sub","AddDimensions","1","Добавляет основные размеры RectSet и, при необходимости, смещение верхнего прямоугольника.","False","Pending"
"src/Section/CRectSetRebarLayoutBuilder.cls","CRectSetRebarLayoutBuilder","33","Public","Function","BuildFromSettings","4","Строит раскладку прямо по таблице rngRectSetGeometry. Registry только выбирает, что активна форма RectSet, а вся структура граней, строк d/n/as/t и дополнительных рядов остается здесь, рядом с логикой расстановки стержней и формирования rebar annotation anchors.","False","Pending"
"src/Section/CRectSetRebarLayoutBuilder.cls","CRectSetRebarLayoutBuilder","56","Private","Function","ReadFaceSettingsFromConfig","3","Читает параметры одной смысловой грани RectSet-сечения. Для диаметров действует особое правило ввода: если ячейка существует, но оставлена пустой, это не default, а явное отсутствие арматуры на данной линии.","False","Pending"
"src/Section/CRectSetRebarLayoutBuilder.cls","CRectSetRebarLayoutBuilder","82","Private","Function","OptionalDiameterFromSettings","3","Возвращает диаметр из Config с учетом пользовательского смысла пустой ячейки. Если ключа вообще нет, используется default для программных вызовов builder-а. Если ключ есть, но значение пустое или TODO, диаметр считается нулевым.","False","Pending"
"src/Section/CRectSetRebarLayoutBuilder.cls","CRectSetRebarLayoutBuilder","101","Public","Function","Build","3","Создает раскладку из уже нормализованных чисел. Метод оставлен как чистая расчетная точка входа для тестов и для сценариев, где геометрические параметры уже подготовлены без чтения Config.","False","Pending"
"src/Section/CRectSetRebarLayoutBuilder.cls","CRectSetRebarLayoutBuilder","154","Private","Sub","ValidateGeometry","1","Проверяет входные данные и прерывает выполнение понятной ошибкой, если расчетный контракт нарушен.","False","Pending"
"src/Section/CRectSetRebarLayoutBuilder.cls","CRectSetRebarLayoutBuilder","167","Private","Function","RebarDiagnosticPerimeter","4","Возвращает диагностическую длину контура для тестов и отчетности builder-а. Для LSection используется сумма периметров двух прямоугольников, потому что диагностическая величина описывает исходные линии раскладки арматуры, а не внешний контур объединенной фигуры. Для остальных режимов берется фактический контур.","False","Pending"
"src/Section/CRectSetRebarLayoutBuilder.cls","CRectSetRebarLayoutBuilder","194","Private","Sub","AddVerticalPair","4","Добавляет две линии арматуры на вертикальной смысловой грани H. Левая линия идет снизу вверх, правая - сверху вниз: такой порядок сохраняет единую часовую нумерацию граней и согласует t нач./t кон. с пользовательской справкой по RectSet.","False","Pending"
"src/Section/CRectSetRebarLayoutBuilder.cls","CRectSetRebarLayoutBuilder","213","Private","Sub","AddHorizontalPair","4","Добавляет две линии арматуры на горизонтальной смысловой грани B. Верхняя линия идет слева направо, нижняя - справа налево, чтобы обход прямоугольника оставался часовым и пользовательские отступы t читались одинаково для всех граней.","False","Pending"
"src/Section/CRectSetRebarLayoutBuilder.cls","CRectSetRebarLayoutBuilder","231","Private","Sub","AddFaceBars","3","Раскладывает один ряд первого уровня по прямой линии грани и сразу добавляет связанные второй/третий ряды. Линия задается начальной/конечной точками, а side/stack-направления передаются явно, потому что для H и B они различаются.","False","Pending"
"src/Section/CRectSetRebarLayoutBuilder.cls","CRectSetRebarLayoutBuilder","327","Private","Sub","AddFaceAnnotationAnchor","3","Сохраняет semantic-anchor для групповой подписи арматуры на схеме. Anchor берется не по полной бетонной грани, а между первым и последним фактически поставленным стержнем, чтобы подпись визуально относилась к ряду.","False","Pending"
"src/Section/CRectSetRebarLayoutBuilder.cls","CRectSetRebarLayoutBuilder","350","Private","Sub","AddAdditionalRows","3","Добавляет второй и третий ряды для выбранного стержня первого ряда. Если третий ряд имеет то же направление, что и второй, он ""перепрыгивает"" второй ряд на его диаметр, чтобы стержни не наложились.","False","Pending"
"src/Section/CRectSetRebarLayoutBuilder.cls","CRectSetRebarLayoutBuilder","378","Private","Function","ShouldAddAdditionalRow","2","Проверяет правило привязки дополнительного ряда к стержням первого ряда. EverySecondBar оставляет только нечетные номера, считая от начала линии.","False","Pending"
"src/Section/CRectSetRebarLayoutBuilder.cls","CRectSetRebarLayoutBuilder","389","Private","Sub","OffsetAdditionalRowFromFirst","3","Считает координаты дополнительного стержня от стержня первого ряда. SideBySide смещает вдоль линии грани, Stacked - внутрь сечения по нормали, а расстояние между осями равно сумме радиусов с учетом пропущенного ряда.","False","Pending"
"src/Section/CRectSetRebarLayoutBuilder.cls","CRectSetRebarLayoutBuilder","408","Private","Sub","AddBarIfAvailable","3","Добавляет стержень только если в этой координате еще нет арматуры. Это защищает углы и пересечения прямоугольников от двойного учета одной и той же физической позиции, когда пользователь задал соседние линии с совпадением.","False","Pending"
"src/Section/CRectSetRebarLayoutBuilder.cls","CRectSetRebarLayoutBuilder","424","Private","Function","LineAxisDistance","1","Возвращает as одной линии из компактного массива настроек линии.","False","Pending"
"src/Section/CRectSetRebarLayoutBuilder.cls","CRectSetRebarLayoutBuilder","429","Private","Function","LineBarCount","1","Возвращает n - число стержней первого ряда линии.","False","Pending"
"src/Section/CRectSetRebarLayoutBuilder.cls","CRectSetRebarLayoutBuilder","434","Private","Function","LineBarDiameter","1","Возвращает d - диаметр первого ряда линии.","False","Pending"
"src/Section/CRectSetRebarLayoutBuilder.cls","CRectSetRebarLayoutBuilder","439","Private","Function","LineStartOffset","1","Возвращает t нач. для первого стержня линии.","False","Pending"
"src/Section/CRectSetRebarLayoutBuilder.cls","CRectSetRebarLayoutBuilder","444","Private","Function","LineEndOffset","1","Возвращает t кон. для последнего стержня линии.","False","Pending"
"src/Section/CRectSetRebarLayoutBuilder.cls","CRectSetRebarLayoutBuilder","449","Private","Function","LineRow2Diameter","1","Возвращает диаметр второго ряда; для старых тестовых массивов допускает отсутствие поля.","False","Pending"
"src/Section/CRectSetRebarLayoutBuilder.cls","CRectSetRebarLayoutBuilder","455","Private","Function","LineRow3Diameter","1","Возвращает диаметр третьего ряда; для старых тестовых массивов допускает отсутствие поля.","False","Pending"
"src/Section/CRectSetRebarLayoutBuilder.cls","CRectSetRebarLayoutBuilder","461","Private","Function","LineRow2Location","1","Возвращает способ размещения второго ряда, по умолчанию Stacked.","False","Pending"
"src/Section/CRectSetRebarLayoutBuilder.cls","CRectSetRebarLayoutBuilder","468","Private","Function","LineRow3Location","1","Возвращает способ размещения третьего ряда, по умолчанию Stacked.","False","Pending"
"src/Section/CRectSetRebarLayoutBuilder.cls","CRectSetRebarLayoutBuilder","475","Private","Function","LineRow2Binding","1","Возвращает правило привязки второго ряда к стержням первого ряда.","False","Pending"
"src/Section/CRectSetRebarLayoutBuilder.cls","CRectSetRebarLayoutBuilder","482","Private","Function","LineRow3Binding","1","Возвращает правило привязки третьего ряда к стержням первого ряда.","False","Pending"
"src/Section/CRectSetRebarLayoutBuilder.cls","CRectSetRebarLayoutBuilder","491","Private","Function","RebarLineDisplayName","3","Возвращает пользовательскую подпись стороны арматуры для сообщений и Results. Техническое имя H2.as_1 сохраняется для annotation-групп, но в ошибках и комментариях показывается конкретная грань: левая/правая/верхняя/нижняя.","False","Pending"
"src/Section/CRectSetRebarLayoutBuilder.cls","CRectSetRebarLayoutBuilder","510","Private","Function","RectSetSideDisplayName","2","Переводит сторону RectSet в обычные слова пользователя. Для H-граней стороны читаются как левая/правая, для B-граней - верхняя/нижняя.","False","Pending"
"src/Section/CRectSetRebarLayoutBuilder.cls","CRectSetRebarLayoutBuilder","531","Private","Sub","ValidateAdditionalRows","1","Проверяет входные данные и прерывает выполнение понятной ошибкой, если расчетный контракт нарушен.","False","Pending"
"src/Section/CRectSetRebarLayoutBuilder.cls","CRectSetRebarLayoutBuilder","541","Private","Function","IsSupportedRowLocation","1","Проверяет пользовательское значение loc_2row/loc_3row.","False","Pending"
"src/Section/CRectSetRebarLayoutBuilder.cls","CRectSetRebarLayoutBuilder","546","Private","Function","IsSupportedRowBinding","1","Проверяет пользовательское значение bind_2row/bind_3row.","False","Pending"
"src/Section/CRectSetRebarLayoutBuilder.cls","CRectSetRebarLayoutBuilder","552","Private","Function","FaceLineSettings","2","Собирает настройки одной стороны смысловой грани в компактный массив линии. Это позволяет общей процедуре AddFaceBars одинаково работать с _1 и _2.","False","Pending"
"src/Section/CRectSetRebarLayoutBuilder.cls","CRectSetRebarLayoutBuilder","567","Private","Function","FaceAs1","1","Возвращает as для стороны _1: левая для H или верхняя для B.","False","Pending"
"src/Section/CRectSetRebarLayoutBuilder.cls","CRectSetRebarLayoutBuilder","572","Private","Function","FaceAs2","1","Возвращает as для стороны _2: правая для H или нижняя для B.","False","Pending"
"src/Section/CRectSetRebarLayoutBuilder.cls","CRectSetRebarLayoutBuilder","577","Private","Function","FaceDiameter1","1","Возвращает d первого ряда для стороны _1.","False","Pending"
"src/Section/CRectSetRebarLayoutBuilder.cls","CRectSetRebarLayoutBuilder","582","Private","Function","FaceDiameter2","1","Возвращает d первого ряда для стороны _2.","False","Pending"
"src/Section/CRectSetRebarLayoutBuilder.cls","CRectSetRebarLayoutBuilder","587","Private","Function","FaceCount1","1","Возвращает n первого ряда для стороны _1.","False","Pending"
"src/Section/CRectSetRebarLayoutBuilder.cls","CRectSetRebarLayoutBuilder","592","Private","Function","FaceCount2","1","Возвращает n первого ряда для стороны _2.","False","Pending"
"src/Section/CRectSetRebarLayoutBuilder.cls","CRectSetRebarLayoutBuilder","597","Private","Function","FaceStartOffset1","1","Возвращает t нач. для стороны _1.","False","Pending"
"src/Section/CRectSetRebarLayoutBuilder.cls","CRectSetRebarLayoutBuilder","602","Private","Function","FaceEndOffset1","1","Возвращает t кон. для стороны _1.","False","Pending"
"src/Section/CRectSetRebarLayoutBuilder.cls","CRectSetRebarLayoutBuilder","607","Private","Function","FaceStartOffset2","1","Возвращает t нач. для стороны _2.","False","Pending"
"src/Section/CRectSetRebarLayoutBuilder.cls","CRectSetRebarLayoutBuilder","612","Private","Function","FaceEndOffset2","1","Возвращает t кон. для стороны _2.","False","Pending"
"src/Section/CRectSetRebarLayoutBuilder.cls","CRectSetRebarLayoutBuilder","617","Private","Function","FaceRow2Diameter1","1","Возвращает диаметр второго ряда для стороны _1, если он задан.","False","Pending"
"src/Section/CRectSetRebarLayoutBuilder.cls","CRectSetRebarLayoutBuilder","623","Private","Function","FaceRow2Diameter2","1","Возвращает диаметр второго ряда для стороны _2, если он задан.","False","Pending"
"src/Section/CRectSetRebarLayoutBuilder.cls","CRectSetRebarLayoutBuilder","629","Private","Function","FaceRow3Diameter1","1","Возвращает диаметр третьего ряда для стороны _1, если он задан.","False","Pending"
"src/Section/CRectSetRebarLayoutBuilder.cls","CRectSetRebarLayoutBuilder","635","Private","Function","FaceRow3Diameter2","1","Возвращает диаметр третьего ряда для стороны _2, если он задан.","False","Pending"
"src/Section/CRectSetRebarLayoutBuilder.cls","CRectSetRebarLayoutBuilder","641","Private","Function","FaceRow2Location","1","Возвращает общий способ размещения второго ряда для грани.","False","Pending"
"src/Section/CRectSetRebarLayoutBuilder.cls","CRectSetRebarLayoutBuilder","648","Private","Function","FaceRow3Location","1","Возвращает общий способ размещения третьего ряда для грани.","False","Pending"
"src/Section/CRectSetRebarLayoutBuilder.cls","CRectSetRebarLayoutBuilder","655","Private","Function","FaceRow2Binding","1","Возвращает правило привязки второго ряда для грани.","False","Pending"
"src/Section/CRectSetRebarLayoutBuilder.cls","CRectSetRebarLayoutBuilder","662","Private","Function","FaceRow3Binding","1","Возвращает правило привязки третьего ряда для грани.","False","Pending"
"src/Section/CRectSetRebarLayoutBuilder.cls","CRectSetRebarLayoutBuilder","671","Private","Function","ClosestUnusedDistanceIndex","3","Выбирает следующую позицию первого ряда, начиная с ближайшей к середине линии. Такой порядок уменьшает шанс, что из-за дублей на углах сначала будут заняты только крайние точки и групповой anchor получится визуально смещенным.","False","Pending"
"src/Section/CRectSetRebarLayoutBuilder.cls","CRectSetRebarLayoutBuilder","688","Private","Function","HasBarAt","1","Проверяет, есть ли уже стержень в той же точке с геометрическим допуском.","False","Pending"
"src/Section/CRectSetRebarLayoutBuilder.cls","CRectSetRebarLayoutBuilder","699","Public","Property Get","CentroidX","1","X-координата центра тяжести созданной арматуры после последнего Build.","False","Pending"
"src/Section/CRectSetRebarLayoutBuilder.cls","CRectSetRebarLayoutBuilder","704","Public","Property Get","CentroidY","1","Y-координата центра тяжести созданной арматуры после последнего Build.","False","Pending"
"src/Section/CRectSetRebarLayoutBuilder.cls","CRectSetRebarLayoutBuilder","709","Public","Property Get","SkippedDuplicateCount","1","Количество стержней, пропущенных из-за совпадения координат.","False","Pending"
"src/Section/CRectSetRebarLayoutBuilder.cls","CRectSetRebarLayoutBuilder","721","Public","Property Get","StepAlong","1","Максимальный шаг по прямым линиям первого ряда, найденный в последнем Build.","False","Pending"
"src/Section/CRectSetRebarLayoutBuilder.cls","CRectSetRebarLayoutBuilder","726","Public","Property Get","Perimeter","1","Диагностическая длина линий раскладки, использованная в последнем Build.","False","Pending"
"src/Section/CRectSetRebarLayoutBuilder.cls","CRectSetRebarLayoutBuilder","731","Public","Property Get","RequestedCount","1","Количество стержней первого ряда, запрошенное пользователем до удаления дублей.","False","Pending"
"src/Section/CRoundedRectAnnotationBuilder.cls","CRoundedRectAnnotationBuilder","19","Public","Sub","Build","6","========================================================================== Semantic-аннотации скругленного прямоугольника ========================================================================== Builder формирует контур, размеры B/H, при необходимости W левой/правой tapered-части и групповые подписи арматуры. Он не строит расчетную сетку и не принимает решений по NDM: это только semantic-слой для Results/схемы.","False","Pending"
"src/Section/CRoundedRectAnnotationBuilder.cls","CRoundedRectAnnotationBuilder","36","Private","Sub","AddContour","1","Добавляет контур RoundedRectangle; для родного класса использует дуги, для fallback-геометрии - линии.","False","Pending"
"src/Section/CRoundedRectAnnotationBuilder.cls","CRoundedRectAnnotationBuilder","66","Private","Sub","AddRoundedContour","2","Добавляет точный semantic-контур RoundedRectangle: прямые остаются линиями, а радиусы выводятся дугами, а не ломаной дискретизацией.","False","Pending"
"src/Section/CRoundedRectAnnotationBuilder.cls","CRoundedRectAnnotationBuilder","89","Private","Sub","AddDimensions","1","Добавляет размеры B/H и фактический W' для tapered-сторон RoundedRectangle.","False","Pending"
"src/Section/CRoundedRectAnnotationBuilder.cls","CRoundedRectAnnotationBuilder","127","Private","Function","RoundedLengthForDisplay","3","Округляет справочный размер W' до целых миллиметров. Сам контур сечения остается расчетным и строится по точным координатам; округляется только числовая подпись размерной линии.","False","Pending"
"src/Section/CRoundedRectRebarLayoutBuilder.cls","CRoundedRectRebarLayoutBuilder","27","Public","Function","BuildFromSettings","1","Строит раскладку по настройкам Config, не обращаясь к Excel напрямую.","False","Pending"
"src/Section/CRoundedRectRebarLayoutBuilder.cls","CRoundedRectRebarLayoutBuilder","55","Public","Function","Build","2","Создает раскладку для уже подготовленной геометрии. Этот метод нужен тестам и сохраняет shape-specific математику внутри builder-а.","False","Pending"
"src/Section/CRoundedRectRebarLayoutBuilder.cls","CRoundedRectRebarLayoutBuilder","80","Private","Function","ReadFaceSettingsFromConfig","1","Читает параметры одной строки арматуры RoundedRectangle.","False","Pending"
"src/Section/CRoundedRectRebarLayoutBuilder.cls","CRoundedRectRebarLayoutBuilder","95","Private","Function","OptionalDiameterFromSettings","1","Пустой диаметр означает отсутствие ряда, а не значение по умолчанию.","False","Pending"
"src/Section/CRoundedRectRebarLayoutBuilder.cls","CRoundedRectRebarLayoutBuilder","116","Private","Sub","AddHorizontalFace","5","Добавляет один ряд арматуры вдоль верхней или нижней смысловой грани B. Геометрия возвращает уже смещенную внутрь линию между касательными точками соседних скруглений R1. В отличие от H-граней, B-ряд занимает весь этот прямой участок: первый и последний стержни ставятся в начальную и конечную точки линии, а промежуточные равномерно делят оставшуюся длину.","False","Pending"
"src/Section/CRoundedRectRebarLayoutBuilder.cls","CRoundedRectRebarLayoutBuilder","174","Private","Sub","AddSideFace","10","Добавляет арматуру вдоль левой или правой смысловой грани H. Путь H идет по внутренней линии, параллельной соответствующей боковой части контура: для Simple это вертикальная вставка со скругленными концами, для Tapered - верхнее скругление R1, наклонная часть, носовой радиус R2, нижняя наклонная часть и нижнее скругление R1. Начало и конец пути совпадают с точками, где горизонтальные прямые B переходят в свои скругления.  Стержни H не ставятся непосредственно в эти конечные точки: линия длиной L делится на n+1 равных интервалов, поэтому первый и последний стержни имеют одинаковый отступ от начала и конца, равный принятому шагу L/(n+1).","False","Pending"
"src/Section/CRoundedRectRebarLayoutBuilder.cls","CRoundedRectRebarLayoutBuilder","233","Private","Sub","AccumulateSideLabelAnchor","3","Собирает вертикальный anchor подписи по фактическим стержням боковой грани. Для криволинейных и tapered-граней это важнее, чем хорда между первым и последним стержнем: видимый отступ должен считаться от крайней арматуры.","False","Pending"
"src/Section/CRoundedRectRebarLayoutBuilder.cls","CRoundedRectRebarLayoutBuilder","256","Private","Sub","AddAdditionalRows","5","Добавляет второй и третий ряды для уже найденного стержня первого ряда. Stacked смещает стержень внутрь сечения по нормали к текущей линии раскладки, SideBySide - вдоль касательной к этой линии. Для криволинейной H-грани касательная и нормаль берутся в фактической точке первого ряда, поэтому дополнительные ряды следуют форме боковой траектории.","False","Pending"
"src/Section/CRoundedRectRebarLayoutBuilder.cls","CRoundedRectRebarLayoutBuilder","287","Private","Sub","OffsetAdditionalRow","4","Возвращает координату дополнительного стержня относительно базового стержня. Расстояние между осями считается по сумме радиусов стержней; если третий ряд ставится в том же направлении, что и второй, диаметр второго ряда добавляется как пропущенный промежуток между первым и третьим рядами.","False","Pending"
"src/Section/CRoundedRectRebarLayoutBuilder.cls","CRoundedRectRebarLayoutBuilder","305","Private","Function","ShouldAddAdditionalRow","3","Проверяет, нужно ли привязывать дополнительный ряд к конкретному стержню первого ряда. EachBar дублирует каждый стержень, EverySecondBar - только нечетные номера, чтобы можно было разреженно поставить второй/третий ряд.","False","Pending"
"src/Section/CRoundedRectRebarLayoutBuilder.cls","CRoundedRectRebarLayoutBuilder","317","Private","Sub","AddBarIfAvailable","4","Добавляет стержень, если в этой точке еще нет ранее созданного стержня. Такая защита нужна в местах, где линии B и H могут геометрически сблизиться: пользователь видит запрошенное число отдельно по граням, а расчетная модель не получает две арматуры с одинаковыми координатами.","False","Pending"
"src/Section/CRoundedRectRebarLayoutBuilder.cls","CRoundedRectRebarLayoutBuilder","333","Private","Sub","ValidateFace","3","Проверяет пользовательскую строку арматуры одной смысловой грани. Пустой/нулевой диаметр или n=0 означает ""линию не создавать""; ошибки выдаются только для активной линии или явно некорректных дополнительных рядов.","False","Pending"
"src/Section/CRoundedRectRebarLayoutBuilder.cls","CRoundedRectRebarLayoutBuilder","348","Private","Function","IsSupportedRowLocation","1","Поддерживаемые способы размещения дополнительного ряда относительно первого.","False","Pending"
"src/Section/CRoundedRectRebarLayoutBuilder.cls","CRoundedRectRebarLayoutBuilder","353","Private","Function","IsSupportedRowBinding","1","Поддерживаемые способы привязки дополнительного ряда к стержням первого ряда.","False","Pending"
"src/Section/CRoundedRectRebarLayoutBuilder.cls","CRoundedRectRebarLayoutBuilder","360","Private","Function","PolylineLength","3","Считает фактическую длину ломаной/дискретизированной кривой, по которой раскладывается H-арматура. Длина нужна именно по пути, а не по хорде между концами, чтобы шаг по tapered-части и дугам был равномерным.","False","Pending"
"src/Section/CRoundedRectRebarLayoutBuilder.cls","CRoundedRectRebarLayoutBuilder","370","Private","Sub","PointAtDistance","3","Находит точку и локальную касательную на заданном расстоянии от начала бокового пути. Этим методом H-арматура получает равномерный шаг по фактической траектории, а дополнительные ряды - правильное локальное направление.","False","Pending"
"src/Section/CRoundedRectRebarLayoutBuilder.cls","CRoundedRectRebarLayoutBuilder","399","Private","Sub","NormalizeVector","1","Нормирует локальную нормаль или касательную перед смещением дополнительных рядов.","False","Pending"
"src/Section/CRoundedRectRebarLayoutBuilder.cls","CRoundedRectRebarLayoutBuilder","410","Private","Function","HasBarAt","3","Проверяет совпадение координат с уже добавленными стержнями с геометрическим допуском. Используется только внутри автоматической раскладки, чтобы убрать дубли на сопряжениях граней.","False","Pending"
"src/Section/CRoundedRectRebarLayoutBuilder.cls","CRoundedRectRebarLayoutBuilder","421","Private","Function","FaceAs","1","Возвращает расстояние as из компактного массива настроек одной грани.","False","Pending"
"src/Section/CRoundedRectRebarLayoutBuilder.cls","CRoundedRectRebarLayoutBuilder","426","Private","Function","FaceDiameter","1","Возвращает диаметр первого ряда; ноль означает, что грань не армируется.","False","Pending"
"src/Section/CRoundedRectRebarLayoutBuilder.cls","CRoundedRectRebarLayoutBuilder","431","Private","Function","FaceCount","1","Возвращает количество стержней первого ряда на смысловой грани.","False","Pending"
"src/Section/CRoundedRectRebarLayoutBuilder.cls","CRoundedRectRebarLayoutBuilder","436","Private","Function","FaceRow2Diameter","1","Возвращает диаметр второго ряда, если он задан пользователем.","False","Pending"
"src/Section/CRoundedRectRebarLayoutBuilder.cls","CRoundedRectRebarLayoutBuilder","441","Private","Function","FaceRow3Diameter","1","Возвращает диаметр третьего ряда, если он задан пользователем.","False","Pending"
"src/Section/CRoundedRectRebarLayoutBuilder.cls","CRoundedRectRebarLayoutBuilder","446","Private","Function","FaceRow2Location","1","Возвращает способ размещения второго ряда относительно первого.","False","Pending"
"src/Section/CRoundedRectRebarLayoutBuilder.cls","CRoundedRectRebarLayoutBuilder","451","Private","Function","FaceRow3Location","1","Возвращает способ размещения третьего ряда относительно первого.","False","Pending"
"src/Section/CRoundedRectRebarLayoutBuilder.cls","CRoundedRectRebarLayoutBuilder","456","Private","Function","FaceRow2Binding","1","Возвращает правило привязки второго ряда к стержням первого ряда.","False","Pending"
"src/Section/CRoundedRectRebarLayoutBuilder.cls","CRoundedRectRebarLayoutBuilder","461","Private","Function","FaceRow3Binding","1","Возвращает правило привязки третьего ряда к стержням первого ряда.","False","Pending"
"src/Section/CRoundedRectRebarLayoutBuilder.cls","CRoundedRectRebarLayoutBuilder","467","Private","Function","RoundedFaceDisplayName","2","Переводит внутренний идентификатор смысловой грани RoundedRectangle в короткое пользовательское имя для ошибок и комментариев Results.","False","Pending"
"src/Section/CRoundedRectRebarLayoutBuilder.cls","CRoundedRectRebarLayoutBuilder","478","Public","Property Get","RequestedCount","1","Количество стержней первого ряда, которое пользователь запросил по всем граням.","False","Pending"
"src/Section/CRoundedRectRebarLayoutBuilder.cls","CRoundedRectRebarLayoutBuilder","483","Public","Property Get","SkippedDuplicateCount","1","Количество стержней, не добавленных из-за совпадения с уже созданной арматурой.","False","Pending"
"src/Section/CSectionAnnotations.cls","CSectionAnnotations","34","Public","Sub","Clear","1","Очищает накопленное состояние перед новым расчетом или повторным формированием вывода.","False","Pending"
"src/Section/CSectionAnnotations.cls","CSectionAnnotations","51","Public","Sub","AddAnnotation","1","Добавляет произвольную semantic-аннотацию в единый контейнер для последующей записи в Results.","False","Pending"
"src/Section/CSectionAnnotations.cls","CSectionAnnotations","88","Public","Sub","AddContourLine","1","Добавляет прямой сегмент параметрического контура сечения.","False","Pending"
"src/Section/CSectionAnnotations.cls","CSectionAnnotations","94","Public","Sub","AddContourCircle","1","Добавляет круговой контур для параметрического круглого сечения.","False","Pending"
"src/Section/CSectionAnnotations.cls","CSectionAnnotations","101","Public","Sub","AddContourArc","2","Добавляет дуговой сегмент контура. Начало/конец задают фактическую дугу, NormalX/NormalY хранят центр окружности, а Text - signed sweep в радианах.","False","Pending"
"src/Section/CSectionAnnotations.cls","CSectionAnnotations","109","Public","Sub","AddDimension","1","Добавляет размерную линию с числовым значением в единицах длины модели.","False","Pending"
"src/Section/CSectionAnnotations.cls","CSectionAnnotations","116","Public","Sub","AddRebarLabel","1","Добавляет групповую подпись арматуры; пустой текст означает, что подпись выводить не нужно.","False","Pending"
"src/Section/CSectionAnnotations.cls","CSectionAnnotations","123","Public","Property Get","Count","0","","False","Pending"
"src/Section/CSectionAnnotations.cls","CSectionAnnotations","127","Public","Property Get","AnnotationType","0","","False","Pending"
"src/Section/CSectionAnnotations.cls","CSectionAnnotations","132","Public","Property Get","AnnotationID","0","","False","Pending"
"src/Section/CSectionAnnotations.cls","CSectionAnnotations","137","Public","Property Get","StartX","0","","False","Pending"
"src/Section/CSectionAnnotations.cls","CSectionAnnotations","142","Public","Property Get","StartY","0","","False","Pending"
"src/Section/CSectionAnnotations.cls","CSectionAnnotations","147","Public","Property Get","EndX","0","","False","Pending"
"src/Section/CSectionAnnotations.cls","CSectionAnnotations","152","Public","Property Get","EndY","0","","False","Pending"
"src/Section/CSectionAnnotations.cls","CSectionAnnotations","157","Public","Property Get","NormalX","0","","False","Pending"
"src/Section/CSectionAnnotations.cls","CSectionAnnotations","162","Public","Property Get","NormalY","0","","False","Pending"
"src/Section/CSectionAnnotations.cls","CSectionAnnotations","167","Public","Property Get","Text","0","","False","Pending"
"src/Section/CSectionAnnotations.cls","CSectionAnnotations","172","Public","Property Get","Value","0","","False","Pending"
"src/Section/CSectionAnnotations.cls","CSectionAnnotations","177","Public","Property Get","Unit","0","","False","Pending"
"src/Section/CSectionAnnotations.cls","CSectionAnnotations","182","Public","Property Get","Comment","0","","False","Pending"
"src/Section/CSectionAnnotations.cls","CSectionAnnotations","188","Private","Sub","CheckIndex","1","Проверяет индекс semantic-аннотации перед чтением массивов контейнера.","False","Pending"
"src/Section/CSectionAnnotations.cls","CSectionAnnotations","194","Private","Function","FormatAnnotationNumber","2","Форматирует служебные числовые параметры аннотаций независимо от системной десятичной запятой Excel/Windows.","False","Pending"
"src/Section/CSectionModel.cls","CSectionModel","70","Public","Sub","Clear","3","Очищает модель перед новым построением сечения. После Clear объект снова готов принимать бетонные элементы, арматуру и аннотации без следов предыдущего расчета.","False","Pending"
"src/Section/CSectionModel.cls","CSectionModel","107","Public","Property Let","SourceType","0","","False","Pending"
"src/Section/CSectionModel.cls","CSectionModel","111","Public","Property Get","SourceType","0","","False","Pending"
"src/Section/CSectionModel.cls","CSectionModel","119","Public","Sub","AddConcreteElement","4","Добавляет одно бетонное волокно или импортированную бетонную область. Координаты и площадь уже должны быть во внутренних единицах проекта. Метод только проверяет минимальную физическую корректность и присваивает элементу стабильное расчетное имя Cn.","False","Pending"
"src/Section/CSectionModel.cls","CSectionModel","184","Public","Property Get","Revision","2","Возвращает версию геометрии без копирования волокон. Она меняется только при изменении модели, а не при чтении границ или расчетных характеристик.","False","Pending"
"src/Section/CSectionModel.cls","CSectionModel","192","Public","Sub","ApplyAverageRotationToEquivalentAreaFallbacks","4","Назначает последним fallback-квадратам общий угол ориентации. Метод оставлен для совместимости со старыми snapshot-данными: новые AutoCAD Region получают угол простой грани сразу при импорте, а интерпретацию формы выполняет ConcreteBoundaryRectangle.","False","Pending"
"src/Section/CSectionModel.cls","CSectionModel","213","Public","Function","AverageKnownConcreteElementRotation","5","Находит средний угол бетонных элементов, для которых оболочка уже имеет определенную ориентацию. Учитываются не только явно переданные Rectangle, но и Rectangle/Equivalent rectangle, интерпретированные из реальных A/I. Изотропный Equivalent square тоже может быть источником, если importer смог получить его угол по простой грани; нулевой угол считается отсутствующим.","False","Pending"
"src/Section/CSectionModel.cls","CSectionModel","240","Private","Function","ElementContributesToAverageRotation","3","Решает, можно ли использовать элемент как источник средней ориентации сетки. У Equivalent square ненулевой угол означает, что он был найден по грани AutoCAD Region; нулевой угол оставляется как признак неизвестной ориентации.","False","Pending"
"src/Section/CSectionModel.cls","CSectionModel","255","Public","Function","IsConcreteEquivalentAreaFallback","3","Проверяет, что бетонный элемент является последним fallback-ом по площади. Для новых данных это определяется через интерпретацию оболочки, а не через исходную строковую подсказку importer-а.","False","Pending"
"src/Section/CSectionModel.cls","CSectionModel","264","Public","Function","ConcreteBoundaryRectangle","3","Возвращает прямоугольную оболочку бетонного элемента для геометрических задач. Это единственная точка, где реальные A/I интерпретируются как Width/Height/ Rotation. Расчетные инерции от этой оболочки обратно не пересчитываются.","False","Pending"
"src/Section/CSectionModel.cls","CSectionModel","273","Public","Function","ConcreteBoundaryShapeType","2","Возвращает статус интерпретации геометрической оболочки бетонного элемента. Возможные значения: Rectangle, Equivalent rectangle, Equivalent square.","False","Pending"
"src/Section/CSectionModel.cls","CSectionModel","284","Public","Function","ConcreteBoundaryHalfProjection","2","Возвращает половину проекции интерпретированной оболочки элемента на ось. Метод нужен габаритам, a_s, ядровым расстояниям, схеме и AutoCAD export.","False","Pending"
"src/Section/CSectionModel.cls","CSectionModel","296","Public","Sub","ConcreteLocalInertiaComponents","2","Возвращает реальные локальные инерции элемента. Если источник вообще не дал пригодные I, применяется последний расчетный fallback: квадрат той же площади.","False","Pending"
"src/Section/CSectionModel.cls","CSectionModel","311","Public","Function","LocalInertiaIsNearlySquare","3","Проверяет, что локальная матрица инерций почти изотропна и не задает однозначного направления главных осей. AutoCAD importer использует это, чтобы обращаться к геометрии Region только за углом простой грани.","False","Pending"
"src/Section/CSectionModel.cls","CSectionModel","327","Private","Sub","InterpretConcreteBoundary","4","Интерпретирует оболочку бетонного элемента по единому каскаду: 1) явно известный прямоугольник источника; 2) прямоугольник, восстановленный по реальным A/I; 3) эквивалентный квадрат по площади.","False","Pending"
"src/Section/CSectionModel.cls","CSectionModel","346","Private","Sub","CalculateConcreteBoundary","3","Выполняет фактическую интерпретацию геометрической оболочки элемента. Этот расчет может включать собственные значения тензора инерции, поэтому CSectionModel кэширует результат и не повторяет его при каждом Width/Height.","False","Pending"
"src/Section/CSectionModel.cls","CSectionModel","381","Private","Sub","StoreBoundaryCache","3","Запоминает рассчитанную оболочку бетонного элемента. Кэш хранит только геометрическое представление для границ/схемы/AutoCAD и не меняет реальные A/I, используемые в механических расчетах.","False","Pending"
"src/Section/CSectionModel.cls","CSectionModel","392","Private","Sub","InvalidateBoundaryCache","1","Сбрасывает один элемент кэша после изменения данных, влияющих на оболочку.","False","Pending"
"src/Section/CSectionModel.cls","CSectionModel","402","Private","Sub","ClearBoundaryCache","1","Полностью очищает кэш интерпретации оболочек.","False","Pending"
"src/Section/CSectionModel.cls","CSectionModel","413","Private","Function","TryInterpretAnisotropicBoundary","3","Восстанавливает оболочку неизотропного Region. Если реальные A/I совпадают с настоящим прямоугольником, статус Rectangle; иначе строится area-preserving эквивалентный прямоугольник с тем же отношением главных инерций.","False","Pending"
"src/Section/CSectionModel.cls","CSectionModel","452","Public","Sub","PrincipalLocalInertia","3","Возвращает главные локальные инерции и направление оси I1. Угол считается от глобальной +X против часовой стрелки; ось физически беззнаковая, поэтому +180 градусов означает то же направление.","False","Pending"
"src/Section/CSectionModel.cls","CSectionModel","471","Private","Function","HasExplicitRectangleGeometry","2","Явно известная прямоугольная оболочка допустима только как геометрический факт источника. Она не отменяет реальные Ix/Iy/Ixy, если они уже переданы.","False","Pending"
"src/Section/CSectionModel.cls","CSectionModel","484","Private","Sub","RectangleLocalInertiaComponents","3","Считает Ix/Iy/Ixy прямоугольной ячейки вокруг собственного центра. Используется только когда прямоугольная форма известна до расчета A/I, например у встроенного генератора сетки.","False","Pending"
"src/Section/CSectionModel.cls","CSectionModel","502","Private","Sub","EquivalentSquareLocalInertiaComponents","1","Собственные инерции последнего fallback-квадрата той же площади.","False","Pending"
"src/Section/CSectionModel.cls","CSectionModel","510","Private","Function","RectangleHalfProjection","1","Возвращает половину проекции прямоугольной оболочки на произвольную ось.","False","Pending"
"src/Section/CSectionModel.cls","CSectionModel","525","Private","Function","IsPositiveDefiniteInertia","1","Проверяет положительную определенность локальной матрицы инерций.","False","Pending"
"src/Section/CSectionModel.cls","CSectionModel","535","Private","Function","LocalInertiaIsNumericallyIsotropic","1","Проверяет, можно ли считать локальный тензор инерции изотропным для выбора оболочки элемента.","False","Pending"
"src/Section/CSectionModel.cls","CSectionModel","545","Private","Function","NormalizeAnglePi","1","Нормализует угол беззнаковой оси в диапазон примерно [-pi/2; pi/2].","False","Pending"
"src/Section/CSectionModel.cls","CSectionModel","559","Public","Sub","AddRebarElement","4","Добавляет один стержень арматуры. Если площадь не передана явно, она считается по диаметру. Это удобно для встроенных раскладчиков, а AutoCAD import может передать площадь Region напрямую, если она известна надежнее диаметра.","False","Pending"
"src/Section/CSectionModel.cls","CSectionModel","600","Public","Property Get","ConcreteCount","0","","False","Pending"
"src/Section/CSectionModel.cls","CSectionModel","604","Public","Property Get","RebarCount","0","","False","Pending"
"src/Section/CSectionModel.cls","CSectionModel","608","Public","Property Get","ConcreteID","0","","False","Pending"
"src/Section/CSectionModel.cls","CSectionModel","613","Public","Property Get","ConcreteSourceName","0","","False","Pending"
"src/Section/CSectionModel.cls","CSectionModel","618","Public","Property Get","ConcreteSourceHandle","0","","False","Pending"
"src/Section/CSectionModel.cls","CSectionModel","623","Public","Property Get","ConcreteX","0","","False","Pending"
"src/Section/CSectionModel.cls","CSectionModel","628","Public","Property Get","ConcreteY","0","","False","Pending"
"src/Section/CSectionModel.cls","CSectionModel","633","Public","Property Get","ConcreteArea","0","","False","Pending"
"src/Section/CSectionModel.cls","CSectionModel","641","Public","Sub","ConcreteElementForSolver","3","Отдает координаты и площадь бетонного элемента одним обращением. Этот метод нужен горячим расчетным циклам solver-а, чтобы не делать три одинаковые проверки индекса через отдельные свойства на каждом конечном элементе.","False","Pending"
"src/Section/CSectionModel.cls","CSectionModel","649","Public","Property Get","ConcreteMaterialID","0","","False","Pending"
"src/Section/CSectionModel.cls","CSectionModel","654","Public","Property Get","ConcreteShapeType","0","","False","Pending"
"src/Section/CSectionModel.cls","CSectionModel","659","Public","Property Get","ConcreteWidth","0","","False","Pending"
"src/Section/CSectionModel.cls","CSectionModel","668","Public","Property Get","ConcreteHeight","0","","False","Pending"
"src/Section/CSectionModel.cls","CSectionModel","677","Public","Property Get","ConcreteRotation","0","","False","Pending"
"src/Section/CSectionModel.cls","CSectionModel","686","Public","Property Get","ConcreteLocalIx","0","","False","Pending"
"src/Section/CSectionModel.cls","CSectionModel","695","Public","Property Get","ConcreteLocalIy","0","","False","Pending"
"src/Section/CSectionModel.cls","CSectionModel","704","Public","Property Get","ConcreteLocalIxy","0","","False","Pending"
"src/Section/CSectionModel.cls","CSectionModel","713","Public","Property Get","ConcreteComment","0","","False","Pending"
"src/Section/CSectionModel.cls","CSectionModel","718","Public","Property Get","RebarID","0","","False","Pending"
"src/Section/CSectionModel.cls","CSectionModel","723","Public","Property Get","RebarSourceHandle","0","","False","Pending"
"src/Section/CSectionModel.cls","CSectionModel","728","Public","Property Get","RebarX","0","","False","Pending"
"src/Section/CSectionModel.cls","CSectionModel","733","Public","Property Get","RebarY","0","","False","Pending"
"src/Section/CSectionModel.cls","CSectionModel","738","Public","Property Get","RebarArea","0","","False","Pending"
"src/Section/CSectionModel.cls","CSectionModel","746","Public","Sub","RebarElementForSolver","3","Отдает координаты и площадь стержня одним обращением для горячего цикла равновесия. Расчетная механика не меняется: возвращаются те же данные, что и через RebarX/RebarY/RebarArea.","False","Pending"
"src/Section/CSectionModel.cls","CSectionModel","754","Public","Property Get","RebarDiameter","0","","False","Pending"
"src/Section/CSectionModel.cls","CSectionModel","759","Public","Property Get","RebarMaterialID","0","","False","Pending"
"src/Section/CSectionModel.cls","CSectionModel","764","Public","Property Get","RebarComment","0","","False","Pending"
"src/Section/CSectionModel.cls","CSectionModel","769","Public","Property Get","Annotations","0","","False","Pending"
"src/Section/CSectionModel.cls","CSectionModel","774","Public","Property Get","AnnotationCount","0","","False","Pending"
"src/Section/CSectionModel.cls","CSectionModel","783","Private","Sub","CheckConcreteIndex","1","Проверяет индекс бетонного элемента перед доступом к массивам модели.","False","Pending"
"src/Section/CSectionModel.cls","CSectionModel","788","Private","Sub","CheckRebarIndex","1","Проверяет индекс арматурного элемента перед доступом к массивам модели.","False","Pending"
"src/Section/CSectionModel.cls","CSectionModel","794","Private","Function","Atn2Local","2","Возвращает atan2(y, x) без зависимости от внешних модулей. Нужен только для усреднения ориентаций импортированных прямоугольных ячеек.","False","Pending"
"src/Section/CSectionModel.cls","CSectionModel","823","Public","Property Get","RebarSourceName","7","========================================================================== ДЛЯ ТЕСТОВ ========================================================================== Эти трассировочные свойства нужны regression-тестам AutoCAD/import и старых сценариев, где проверяется перенос исходных имен и профиля арматуры внутрь CSectionModel. Обычные расчеты берут рабочие свойства стержня через ID, координаты, площадь, диаметр, материал и комментарий.","False","Pending"
"src/Section/CSectionModel.cls","CSectionModel","828","Public","Property Get","RebarSteelClass","0","","False","Pending"
"src/Section/CSectionModelBuilder.cls","CSectionModelBuilder","19","Public","Function","BuildFromGenerated","6","========================================================================== Сборка CSectionModel из сетки бетона и раскладки арматуры ========================================================================== Builder соединяет результат геометрической дискретизации и арматурный layout в один CSectionModel. Это тонкий адаптер: он не решает равновесие, не читает Excel и не создает semantic-аннотации конкретной формы сам по себе.","False","Pending"
"src/Section/CSectionPropertiesCalculator.cls","CSectionPropertiesCalculator","56","Public","Sub","CalculateConcrete","4","Считает геометрические характеристики только бетонной части сечения. Такой расчет не зависит от диаграмм материалов и продольной арматуры. Он используется для Load.ReferenceOffset: нулевое смещение означает, что N, Mx и My заданы относительно центра тяжести бетонного сечения.","False","Pending"
"src/Section/CSectionPropertiesCalculator.cls","CSectionPropertiesCalculator","83","Public","Sub","CalculateTransformed","4","Считает свойства приведенного сечения бетон + арматура. Бетон и арматура приводятся через начальный секущий модуль в малой сжатой деформации. Метод нужен для справочных осей и инерций, но не определяет пользовательскую точку приложения нагрузки.","False","Pending"
"src/Section/CSectionPropertiesCalculator.cls","CSectionPropertiesCalculator","102","Public","Sub","CalculateTransformedByModuli","3","Считает свойства приведенного сечения по уже известным модулям Eb и Es. Этот вход используется нормативными проверками, которым нужны приведенный центр и инерции, но не нужна полноценная диаграмма материала.","False","Pending"
"src/Section/CSectionPropertiesCalculator.cls","CSectionPropertiesCalculator","143","Private","Sub","AddWeightedArea","4","Добавляет элемент с весовой площадью и собственными инерциями вокруг центра. Для бетонного сечения weight равен площади. Для приведенного сечения арматура добавляется как (n-1)*As, поэтому ее собственная инерция также умножается на тот же коэффициент приведения.","False","Pending"
"src/Section/CSectionPropertiesCalculator.cls","CSectionPropertiesCalculator","157","Private","Sub","AddConcreteWeightedArea","3","Добавляет бетонный элемент в накопление A/I через CSectionModel. Модель сама возвращает реальные локальные инерции или последний fallback, поэтому калькулятор свойств не интерпретирует Width/Height как источник I.","False","Pending"
"src/Section/CSectionPropertiesCalculator.cls","CSectionPropertiesCalculator","177","Public","Sub","CalculateProjection","8","Возвращает внешнюю проекционную оболочку сечения на произвольную ось. includeRebar управляет только тем, расширяют ли стержни эту внешнюю оболочку своими эквивалентными радиусами. Он не отвечает за приведенные A/I: если свойства уже посчитаны через CalculateTransformedByModuli, арматура в них участвует независимо от includeRebar. Для габарита h сжатого бетонного элемента нужно includeRebar = False, потому что стержни находятся внутри бетонного контура. Для чисто графических задач, где важно поместить на схему и бетон, и арматуру, можно использовать True.","False","Pending"
"src/Section/CSectionPropertiesCalculator.cls","CSectionPropertiesCalculator","209","Public","Function","ProjectionDepth","1","Возвращает полную высоту/габарит сечения по заданной оси проекции.","False","Pending"
"src/Section/CSectionPropertiesCalculator.cls","CSectionPropertiesCalculator","223","Public","Function","ConcreteCoverFromPointAlongDirection","6","Ищет расстояние от заданной точки до ближайшего выхода из бетонного контура вдоль выбранного направления. В отличие от общей ProjectionDepth, метод не берет глобальную опорную линию всего сечения: он проходит лучом через конкретную точку, поэтому подходит для a_s в расчете трещин у несимметричных сечений и косой нейтральной линии. Возвращает -1, если точка/луч не попали в дискретный бетонный контур.","False","Pending"
"src/Section/CSectionPropertiesCalculator.cls","CSectionPropertiesCalculator","298","Public","Function","RebarAreaTotal","3","Возвращает суммарную площадь продольной арматуры. Метод живет в геометрическом калькуляторе, потому что это чистая характеристика CSectionModel и она нужна разным нормативным проверкам.","False","Pending"
"src/Section/CSectionPropertiesCalculator.cls","CSectionPropertiesCalculator","311","Public","Function","RebarInertiaAboutAxis","4","Считает момент инерции всей арматуры относительно произвольной оси. Ось задается направляющим вектором и точкой прохождения. Для каждого стержня учитывается перенос площади и собственная инерция круглого сечения, вычисленная через площадь: I = A^2/(4*pi).","False","Pending"
"src/Section/CSectionPropertiesCalculator.cls","CSectionPropertiesCalculator","340","Public","Function","ConcreteInertiaAboutAxis","3","Считает момент инерции бетонной части относительно произвольной оси. Ось задается направлением и точкой прохождения. Для каждого бетонного элемента учитываются его собственные локальные инерции и перенос площади.","False","Pending"
"src/Section/CSectionPropertiesCalculator.cls","CSectionPropertiesCalculator","375","Public","Function","ProjectedInertiaAboutCentroid","3","Возвращает центральный момент инерции относительно оси, перпендикулярной указанному направлению. Это величина I_n = integral(s^2 dA), где s - проекция точки на направление. Она нужна для ядрового расстояния r = I/(A*c).","False","Pending"
"src/Section/CSectionPropertiesCalculator.cls","CSectionPropertiesCalculator","391","Public","Sub","PrincipalAxisDirection","4","Возвращает направление физической главной оси 1 или 2. PrincipalAngleRad отсчитывается от глобальной +X против часовой стрелки до оси 1, у которой момент инерции равен PrincipalI1. Ось 2 получается поворотом оси 1 на +90 градусов и имеет момент инерции PrincipalI2.","False","Pending"
"src/Section/CSectionPropertiesCalculator.cls","CSectionPropertiesCalculator","413","Public","Sub","PrincipalPlaneNormalDirection","5","Возвращает положительное направление эксцентриситета для главной плоскости. Важно: главная плоскость и главная ось - не одно и то же направление. Плоскость 1 означает изгиб вокруг главной оси 1; плечо, h и ядровое расстояние этой плоскости считаются по нормали к оси 1, то есть вдоль оси 2. Плоскость 2 аналогично связана с изгибом вокруг оси 2 и нормалью вдоль оси 1.","False","Pending"
"src/Section/CSectionPropertiesCalculator.cls","CSectionPropertiesCalculator","426","Public","Function","PrincipalPlaneDepth","3","Считает габарит бетонного контура по нормали выбранной главной плоскости. Это единая точка для устойчивости и справочного вывода: арматура не расширяет внешний бетонный контур, если вызывающий код передает False.","False","Pending"
"src/Section/CSectionPropertiesCalculator.cls","CSectionPropertiesCalculator","437","Public","Function","PrincipalPlaneCoreDistance","3","Считает ядровое расстояние для выбранной главной плоскости и стороны. plusSide=True означает эксцентриситет в положительном направлении нормали плоскости; крайнее волокно для c берется с противоположной стороны.","False","Pending"
"src/Section/CSectionPropertiesCalculator.cls","CSectionPropertiesCalculator","464","Public","Function","CoreDistanceAlong","15","Считает ядровое расстояние для выбранного направления эксцентриситета. direction задает сторону, куда направлен эксцентриситет. Само ядровое расстояние использует текущие накопленные A/I этого калькулятора: для приведенного сечения их надо заранее получить через CalculateTransformedByModuli. includeRebar влияет только на выбор крайней внешней точки c в формуле ядра. Для устойчивости c берется до бетонного контура, поэтому туда передается False: арматура влияет на A/I, но не раздувает габарит h и плечо. Для положительного эксцентриситета критическая граница ядра определяется противоположным крайним волокном, поэтому для direction=+X расстояние c берется до стороны -X, а не до одноименной стороны +X. Для произвольного направления и ненулевого Ixy нельзя пользоваться упрощенной формулой I/(A*c): она верна только в главной системе. Поэтому здесь строится единичная кривизна от единичного эксцентриситета через полную центральную матрицу инерции и ищется крайняя точка, где линейная деформация первой станет нулевой.","False","Pending"
"src/Section/CSectionPropertiesCalculator.cls","CSectionPropertiesCalculator","508","Private","Sub","CalculateLinearProjection","5","Возвращает проекционную оболочку на линейный функционал axisX*x+axisY*y без нормализации axis. Обычный CalculateProjection специально нормирует ось, чтобы вернуть длины в миллиметрах. Для ядра нужен не геометрический габарит, а именно масштабированный коэффициент деформации g(x,y), поэтому масштаб вектора оси сохраняется.","False","Pending"
"src/Section/CSectionPropertiesCalculator.cls","CSectionPropertiesCalculator","534","Private","Sub","ExtendProjection","1","Расширяет накопленный диапазон проекций одним элементом.","False","Pending"
"src/Section/CSectionPropertiesCalculator.cls","CSectionPropertiesCalculator","549","Private","Function","ConcreteHalfProjection","3","Проекция бетонного элемента для габаритов, ядровых расстояний и других геометрических проверок. CSectionModel является единственной точкой, где реальные A/I переводятся в прямоугольную оболочку элемента.","False","Pending"
"src/Section/CSectionPropertiesCalculator.cls","CSectionPropertiesCalculator","558","Private","Function","ConcreteProjectionRectangle","4","Возвращает прямоугольник, которым бетонный КЭ участвует в пересечениях с лучом. Интерпретация Rectangle/Equivalent rectangle/Equivalent square находится в CSectionModel, чтобы схема, AutoCAD и расчетные габариты использовали одну и ту же оболочку.","False","Pending"
"src/Section/CSectionPropertiesCalculator.cls","CSectionPropertiesCalculator","566","Private","Function","ConcreteRayInterval","2","Находит интервал параметра t, на котором луч P + t*n проходит внутри расчетного прямоугольника бетонного элемента.","False","Pending"
"src/Section/CSectionPropertiesCalculator.cls","CSectionPropertiesCalculator","581","Private","Function","RectangleRayInterval","2","Пересекает луч с повернутым прямоугольником через clipping по двум локальным координатам. t измеряется в мм, потому что direction нормирован.","False","Pending"
"src/Section/CSectionPropertiesCalculator.cls","CSectionPropertiesCalculator","611","Private","Function","ClipRectangleRayCoordinate","1","Сужает интервал t одним условием |coord + t*dir| <= halfSize.","False","Pending"
"src/Section/CSectionPropertiesCalculator.cls","CSectionPropertiesCalculator","637","Private","Function","RebarCircleInertia","1","Собственная инерция круглого стержня через его площадь: I = A^2/(4*pi).","False","Pending"
"src/Section/CSectionPropertiesCalculator.cls","CSectionPropertiesCalculator","642","Private","Function","RebarEquivalentRadius","1","Радиус круглого стержня через площадь. Используется для габарита по оси.","False","Pending"
"src/Section/CSectionPropertiesCalculator.cls","CSectionPropertiesCalculator","649","Private","Sub","FinalizeProperties","3","Завершает расчет: переводит моменты к центру тяжести, находит главные оси и радиусы инерции. Формулы одинаковы для бетонного и приведенного представления, потому что к этому моменту все различие уже учтено в накопленных весах.","False","Pending"
"src/Section/CSectionPropertiesCalculator.cls","CSectionPropertiesCalculator","686","Public","Sub","Clear","1","Очищает накопленное состояние перед новым расчетом или повторным формированием вывода.","False","Pending"
"src/Section/CSectionPropertiesCalculator.cls","CSectionPropertiesCalculator","708","Public","Property Get","Area","0","","False","Pending"
"src/Section/CSectionPropertiesCalculator.cls","CSectionPropertiesCalculator","712","Public","Property Get","StaticMomentX","0","","False","Pending"
"src/Section/CSectionPropertiesCalculator.cls","CSectionPropertiesCalculator","716","Public","Property Get","StaticMomentY","0","","False","Pending"
"src/Section/CSectionPropertiesCalculator.cls","CSectionPropertiesCalculator","720","Public","Property Get","CentroidX","0","","False","Pending"
"src/Section/CSectionPropertiesCalculator.cls","CSectionPropertiesCalculator","724","Public","Property Get","CentroidY","0","","False","Pending"
"src/Section/CSectionPropertiesCalculator.cls","CSectionPropertiesCalculator","728","Public","Property Get","Ix","0","","False","Pending"
"src/Section/CSectionPropertiesCalculator.cls","CSectionPropertiesCalculator","732","Public","Property Get","Iy","0","","False","Pending"
"src/Section/CSectionPropertiesCalculator.cls","CSectionPropertiesCalculator","736","Public","Property Get","Ixy","0","","False","Pending"
"src/Section/CSectionPropertiesCalculator.cls","CSectionPropertiesCalculator","740","Public","Property Get","Ixc","0","","False","Pending"
"src/Section/CSectionPropertiesCalculator.cls","CSectionPropertiesCalculator","744","Public","Property Get","Iyc","0","","False","Pending"
"src/Section/CSectionPropertiesCalculator.cls","CSectionPropertiesCalculator","748","Public","Property Get","Ixyc","0","","False","Pending"
"src/Section/CSectionPropertiesCalculator.cls","CSectionPropertiesCalculator","752","Public","Property Get","PrincipalI1","0","","False","Pending"
"src/Section/CSectionPropertiesCalculator.cls","CSectionPropertiesCalculator","756","Public","Property Get","PrincipalI2","0","","False","Pending"
"src/Section/CSectionPropertiesCalculator.cls","CSectionPropertiesCalculator","760","Public","Property Get","PrincipalAngleRad","0","","False","Pending"
"src/Section/CSectionPropertiesCalculator.cls","CSectionPropertiesCalculator","764","Public","Property Get","RadiusX","0","","False","Pending"
"src/Section/CSectionPropertiesCalculator.cls","CSectionPropertiesCalculator","768","Public","Property Get","RadiusY","0","","False","Pending"
"src/Section/CSectionPropertiesCalculator.cls","CSectionPropertiesCalculator","772","Public","Property Get","PrincipalRadius1","0","","False","Pending"
"src/Section/CSectionPropertiesCalculator.cls","CSectionPropertiesCalculator","776","Public","Property Get","PrincipalRadius2","0","","False","Pending"
"src/Section/CSectionPropertiesCalculator.cls","CSectionPropertiesCalculator","783","Private","Function","Atn2","3","Возвращает atan2(y, x) в диапазоне VBA-арифметики. Нужен для главных осей: стандартной функции Atn хватает только на отношение y/x и она не знает квадрант исходного вектора.","False","Pending"
"src/Section/CSectionPropertiesCalculator.cls","CSectionPropertiesCalculator","801","Public","Property Get","LastCalculationSeconds","0","","False","Pending"
"src/Solver/CCapacityCalculator.cls","CCapacityCalculator","48","Private","Sub","Class_Initialize","2","Задает безопасные значения по умолчанию на случай прямых unit-тестов. Основной batch-сценарий всегда переопределяет их настройками Config.","False","Pending"
"src/Solver/CCapacityCalculator.cls","CCapacityCalculator","75","Public","Sub","ConfigureSearch","3","Принимает пользовательские настройки capacity-search, уже прочитанные из Config. Класс не обращается к Excel, но именно здесь они превращаются в настройки CCapacitySolver.","False","Pending"
"src/Solver/CCapacityCalculator.cls","CCapacityCalculator","93","Public","Sub","ConfigureEquilibriumSolver","3","Принимает настройки внутреннего CSectionSolver, который вызывается для пробных lambda-точек Capacity. Это те же параметры равновесия, что применяет batch для прямого НДС, но владение ими в capacity-сценарии остается здесь.","False","Pending"
"src/Solver/CCapacityCalculator.cls","CCapacityCalculator","116","Public","Function","Calculate","3","Выполняет расчет несущей способности для одного LC. Все аргументы уже нормализованы во внутренние единицы и знаки; Config сюда напрямую не читается.","False","Pending"
"src/Solver/CCapacityCalculator.cls","CCapacityCalculator","180","Public","Property Get","SolutionStrategy","3","Возвращает нормализованную стратегию Capacity.SolutionStrategy. Пустая строка сохраняет прежнее поведение для невалидной настройки: дальше search-слой сформирует controlled InputErr, а не молча подставит fallback.","False","Pending"
"src/Solver/CCapacityCalculator.cls","CCapacityCalculator","194","Public","Function","BuildLoadPath","3","Создает capacity load-path из пользовательского текста и уже нормализованного состояния нагрузки. Это часть инженерной подготовки Capacity, поэтому batch не должен иметь собственную копию такой фабрики.","False","Pending"
"src/Solver/CCapacityCalculator.cls","CCapacityCalculator","205","Public","Function","DisplayNameForKey","3","Возвращает пользовательскую подпись нормализованного capacity-path для Results и execution report. Соответствие ключей и подписей остается рядом с объектом траектории, а calculator дает batch-слою короткую точку входа.","False","Pending"
"src/Solver/CCapacityCalculator.cls","CCapacityCalculator","214","Public","Function","SearchPlanReport","3","Формирует русское пояснение для execution report перед запуском общего search. Это не меняет расчет: текст только объясняет, какую стратегию и почему выбрал capacity-calculator для текущей траектории.","False","Pending"
"src/Solver/CCapacityCalculator.cls","CCapacityCalculator","249","Private","Function","IsPureAxialForMethod","4","Определяет, остается ли силовая lambda-траектория чисто осевой после переноса к расчетному центру приведенного сечения. Это влияет только на выбор численной ветки Capacity: для действительно осевой траектории устойчивее сразу работать через LoadMultiplier, а не через вырожденный UltimateStrain.","False","Pending"
"src/Solver/CCapacityCalculator.cls","CCapacityCalculator","265","Private","Function","MomentIsZeroForMethod","3","Проверяет инженерно нулевой момент тем же фильтром, которым batch уже нормализует нагрузки перед solver-ом. Без фильтра остается только маленький численный guard, чтобы прямые unit-тесты не зависели от Nothing-объекта.","False","Pending"
"src/Solver/CCapacityCalculator.cls","CCapacityCalculator","278","Private","Function","CreateConfiguredSolver","4","Создает и настраивает CCapacitySolver для текущего material spec. Материальные пределы берутся из уже построенных диаграмм; пользовательские search-настройки и настройки внутреннего равновесия применяются из полей CCapacityCalculator.","False","Pending"
"src/Solver/CCapacityLimitSearchProblem.cls","CCapacityLimitSearchProblem","25","Public","Sub","Initialize","2","Подключает уже настроенный CCapacitySolver. Настройки материалов, допусков и solver-а остаются ровно там же, где были до выделения adapter-а.","False","Pending"
"src/Solver/CCapacityLimitSearchProblem.cls","CCapacityLimitSearchProblem","31","Private","Property Get","ILimitSearchProblem_ResultKind","0","","False","Pending"
"src/Solver/CCapacityLimitSearchProblem.cls","CCapacityLimitSearchProblem","35","Private","Property Get","ILimitSearchProblem_InitialLambdaStep","0","","False","Pending"
"src/Solver/CCapacityLimitSearchProblem.cls","CCapacityLimitSearchProblem","39","Private","Property Get","ILimitSearchProblem_MaxLambda","0","","False","Pending"
"src/Solver/CCapacityLimitSearchProblem.cls","CCapacityLimitSearchProblem","43","Private","Property Get","ILimitSearchProblem_LambdaTolerance","0","","False","Pending"
"src/Solver/CCapacityLimitSearchProblem.cls","CCapacityLimitSearchProblem","47","Private","Property Get","ILimitSearchProblem_MaxIterations","0","","False","Pending"
"src/Solver/CCapacityLimitSearchProblem.cls","CCapacityLimitSearchProblem","53","Private","Property Get","ILimitSearchProblem_BisectionMaxIterations","2","Несущая уточняет уже подтвержденную скобку до допуска lambda. Малый лимит внутреннего solve не ограничивает количество делений скобки.","False","Pending"
"src/Solver/CCapacityLimitSearchProblem.cls","CCapacityLimitSearchProblem","57","Private","Property Get","ILimitSearchProblem_SearchMethod","0","","False","Pending"
"src/Solver/CCapacityLimitSearchProblem.cls","CCapacityLimitSearchProblem","61","Private","Property Get","ILimitSearchProblem_Converged","0","","False","Pending"
"src/Solver/CCapacityLimitSearchProblem.cls","CCapacityLimitSearchProblem","65","Private","Property Get","ILimitSearchProblem_LimitState","0","","False","Pending"
"src/Solver/CCapacityLimitSearchProblem.cls","CCapacityLimitSearchProblem","69","Private","Property Get","ILimitSearchProblem_DiagnosticLog","0","","False","Pending"
"src/Solver/CCapacityLimitSearchProblem.cls","CCapacityLimitSearchProblem","74","Private","Function","ILimitSearchProblem_Prepare","1","Подготавливает CCapacitySolver к LoadMultiplier-поиску.","False","Pending"
"src/Solver/CCapacityLimitSearchProblem.cls","CCapacityLimitSearchProblem","81","Private","Function","ILimitSearchProblem_BuildLoadPath","1","Собирает capacity-траекторию Offset + lambda*Base.","False","Pending"
"src/Solver/CCapacityLimitSearchProblem.cls","CCapacityLimitSearchProblem","91","Private","Function","ILimitSearchProblem_AcceptInitialPoint","2","Начало capacity-пути должно удовлетворять исходному физическому критерию. Эта доменная оценка не зависит от алгоритма расширения численной скобки.","False","Pending"
"src/Solver/CCapacityLimitSearchProblem.cls","CCapacityLimitSearchProblem","103","Private","Function","ILimitSearchProblem_EvaluatePoint","1","Оценивает одну lambda-точку capacity через существующий CCapacitySolver.","False","Pending"
"src/Solver/CCapacityLimitSearchProblem.cls","CCapacityLimitSearchProblem","131","Private","Function","ILimitSearchProblem_IsAcceptableState","0","","False","Pending"
"src/Solver/CCapacityLimitSearchProblem.cls","CCapacityLimitSearchProblem","135","Private","Function","ILimitSearchProblem_IsLimitState","0","","False","Pending"
"src/Solver/CCapacityLimitSearchProblem.cls","CCapacityLimitSearchProblem","139","Private","Function","ILimitSearchProblem_IsNumericalFailureState","0","","False","Pending"
"src/Solver/CCapacityLimitSearchProblem.cls","CCapacityLimitSearchProblem","143","Private","Function","ILimitSearchProblem_IsInvalidInputState","0","","False","Pending"
"src/Solver/CCapacityLimitSearchProblem.cls","CCapacityLimitSearchProblem","147","Private","Function","ILimitSearchProblem_ReduceLambdaAfterNumericalFailure","0","","False","Pending"
"src/Solver/CCapacityLimitSearchProblem.cls","CCapacityLimitSearchProblem","153","Private","Sub","ILimitSearchProblem_RecordAcceptable","0","","False","Pending"
"src/Solver/CCapacityLimitSearchProblem.cls","CCapacityLimitSearchProblem","158","Private","Sub","ILimitSearchProblem_HandleInitialFailure","0","","False","Pending"
"src/Solver/CCapacityLimitSearchProblem.cls","CCapacityLimitSearchProblem","162","Private","Sub","ILimitSearchProblem_HandleBracketNotFound","0","","False","Pending"
"src/Solver/CCapacityLimitSearchProblem.cls","CCapacityLimitSearchProblem","166","Private","Sub","ILimitSearchProblem_HandleBracketNumericalFailure","0","","False","Pending"
"src/Solver/CCapacityLimitSearchProblem.cls","CCapacityLimitSearchProblem","171","Private","Sub","ILimitSearchProblem_HandleIterationLimit","0","","False","Pending"
"src/Solver/CCapacityLimitSearchProblem.cls","CCapacityLimitSearchProblem","178","Private","Sub","ILimitSearchProblem_HandleUnexpectedState","0","","False","Pending"
"src/Solver/CCapacityLimitSearchProblem.cls","CCapacityLimitSearchProblem","182","Private","Sub","ILimitSearchProblem_SetInvalidInput","0","","False","Pending"
"src/Solver/CCapacityLimitSearchProblem.cls","CCapacityLimitSearchProblem","186","Private","Sub","ILimitSearchProblem_SetNumericalFailure","0","","False","Pending"
"src/Solver/CCapacityLimitSearchProblem.cls","CCapacityLimitSearchProblem","190","Private","Sub","ILimitSearchProblem_AppendDiagnostic","0","","False","Pending"
"src/Solver/CCapacityLimitSearchProblem.cls","CCapacityLimitSearchProblem","194","Private","Function","ILimitSearchProblem_FinalizeAt","0","","False","Pending"
"src/Solver/CCapacityLimitSearchProblem.cls","CCapacityLimitSearchProblem","207","Private","Sub","ILimitSearchProblem_FinalizeBracket","0","","False","Pending"
"src/Solver/CCapacityLimitSearchProblem.cls","CCapacityLimitSearchProblem","216","Private","Sub","ILimitSearchProblem_TryFinalizeAfterSearchFailure","0","","False","Pending"
"src/Solver/CCapacityLimitSearchProblem.cls","CCapacityLimitSearchProblem","223","Private","Function","ILimitSearchProblem_BuildResult","0","","False","Pending"
"src/Solver/CCapacityLimitSearchProblem.cls","CCapacityLimitSearchProblem","232","Public","Function","BuildSnapshot","3","Интерпретирует машинный исход capacity-задачи и фиксирует конечное НДС. Общий Search-result не знает ни правил BaseFail, ни полей CCapacitySolver. Lambda ниже единицы остается успехом поиска; проверку текущего LC делает CapacityResult.","False","Pending"
"src/Solver/CCapacityLimitSearchProblem.cls","CCapacityLimitSearchProblem","301","Private","Function","ILimitSearchProblem_PrepareUltimate","1","Передает общему Newton уже проверенную Capacity-постановку.","False","Pending"
"src/Solver/CCapacityLimitSearchProblem.cls","CCapacityLimitSearchProblem","309","Private","Function","ILimitSearchProblem_RunUltimateAttempts","2","Выполняет один общий поиск; дополнительные старты выбираются владельцем Capacity, а не отдельной реализацией численного цикла в адаптере.","False","Pending"
"src/Solver/CCapacityLimitSearchProblem.cls","CCapacityLimitSearchProblem","316","Private","Sub","ILimitSearchProblem_CompleteUltimate","0","","False","Pending"
"src/Solver/CCapacityLimitSearchProblem.cls","CCapacityLimitSearchProblem","322","Private","Sub","ILimitSearchProblem_LimitSearchInitializeUltimateGuess","2","Реализует численный callback-контракт критериями и настройками Capacity. Адаптер не решает систему и не выбирает Newton/line-search шаг.","False","Pending"
"src/Solver/CCapacityLimitSearchProblem.cls","CCapacityLimitSearchProblem","330","Private","Function","ILimitSearchProblem_LimitSearchEvaluateUltimateResidual","0","","False","Pending"
"src/Solver/CCapacityLimitSearchProblem.cls","CCapacityLimitSearchProblem","341","Private","Function","ILimitSearchProblem_LimitSearchUltimateResidualReached","0","","False","Pending"
"src/Solver/CCapacityLimitSearchProblem.cls","CCapacityLimitSearchProblem","347","Private","Function","ILimitSearchProblem_LimitSearchUltimateResidualNorm","0","","False","Pending"
"src/Solver/CCapacityLimitSearchProblem.cls","CCapacityLimitSearchProblem","353","Private","Function","ILimitSearchProblem_LimitSearchFinalizeUltimateResult","0","","False","Pending"
"src/Solver/CCapacityLimitSearchProblem.cls","CCapacityLimitSearchProblem","361","Private","Sub","ILimitSearchProblem_LimitSearchSetUltimateNumericalFailure","0","","False","Pending"
"src/Solver/CCapacityLimitSearchProblem.cls","CCapacityLimitSearchProblem","366","Private","Sub","ILimitSearchProblem_SetFailure","1","Передает машинную причину общего алгоритма владельцу Capacity-результата.","False","Pending"
"src/Solver/CCapacityLimitSearchProblem.cls","CCapacityLimitSearchProblem","371","Private","Property Get","ILimitSearchProblem_LimitSearchUltimateMaxIterations","1","Однотипные настройки общего Newton из численной конфигурации Capacity.","False","Pending"
"src/Solver/CCapacityLimitSearchProblem.cls","CCapacityLimitSearchProblem","375","Private","Property Get","ILimitSearchProblem_LimitSearchUltimateDampingInitial","0","","False","Pending"
"src/Solver/CCapacityLimitSearchProblem.cls","CCapacityLimitSearchProblem","379","Private","Property Get","ILimitSearchProblem_LimitSearchUltimateMinLineSearchAlpha","0","","False","Pending"
"src/Solver/CCapacityLimitSearchProblem.cls","CCapacityLimitSearchProblem","383","Private","Property Get","ILimitSearchProblem_LimitSearchUltimateLineSearchEnabled","0","","False","Pending"
"src/Solver/CCapacityLimitSearchProblem.cls","CCapacityLimitSearchProblem","387","Private","Property Get","ILimitSearchProblem_LimitSearchUltimateMaxDeltaEpsilon0","0","","False","Pending"
"src/Solver/CCapacityLimitSearchProblem.cls","CCapacityLimitSearchProblem","391","Private","Property Get","ILimitSearchProblem_LimitSearchUltimateMaxDeltaKappa","0","","False","Pending"
"src/Solver/CCapacityLimitSearchProblem.cls","CCapacityLimitSearchProblem","395","Private","Property Get","ILimitSearchProblem_StoppedTerminally","0","","False","Pending"
"src/Solver/CCapacityLimitSearchProblem.cls","CCapacityLimitSearchProblem","400","Private","Property Get","ILimitSearchProblem_StopReason","0","","False","Pending"
"src/Solver/CCapacityLimitSearchProblem.cls","CCapacityLimitSearchProblem","404","Private","Sub","ILimitSearchProblem_ClearStopReason","0","","False","Pending"
"src/Solver/CCapacityLimitSearchProblem.cls","CCapacityLimitSearchProblem","407","Private","Sub","ILimitSearchProblem_SetStopReasonIfEmpty","0","","False","Pending"
"src/Solver/CCapacityLimitSearchProblem.cls","CCapacityLimitSearchProblem","411","Private","Sub","ILimitSearchProblem_MergeFallback","1","Форматирует число для диагностического журнала с точкой как разделителем.","False","Pending"
"src/Solver/CCapacityLimitSearchProblem.cls","CCapacityLimitSearchProblem","418","Private","Function","MaxDouble","0","","False","Pending"
"src/Solver/CCapacityLimitSearchProblem.cls","CCapacityLimitSearchProblem","422","Private","Function","FormatNumberInvariant","0","","False","Pending"
"src/Solver/CCapacityResult.cls","CCapacityResult","43","Private","Sub","Class_Initialize","2","Инициализирует meta как неприменимую ветку, чтобы даже ранний выход имел безопасное машинное состояние.","False","Pending"
"src/Solver/CCapacityResult.cls","CCapacityResult","51","Public","Sub","InitializeFromSearch","3","Формирует результат по успешному или неуспешному search-слою. Даже при numerical/input failure объект остается заполненным: batch получает единый контейнер и не разбирает поля CCapacitySolver вручную.","False","Pending"
"src/Solver/CCapacityResult.cls","CCapacityResult","100","Public","Sub","InitializeInvalidInput","1","Заполняет результат ошибкой входных данных до запуска search.","False","Pending"
"src/Solver/CCapacityResult.cls","CCapacityResult","110","Public","Sub","InitializeCalcError","1","Заполняет результат внутренней ошибкой до запуска search.","False","Pending"
"src/Solver/CCapacityResult.cls","CCapacityResult","119","Public","Sub","InitializeSkipped","3","Заполняет результат штатным пропуском capacity без запуска search. Нулевая траектория не является ошибкой ввода: для нее просто нет направления, по которому можно искать предельный множитель lambda.","False","Pending"
"src/Solver/CCapacityResult.cls","CCapacityResult","127","Public","Sub","InitializeBaseFail","2","Заполняет результат, когда базовая точка lambda=0 уже нарушает критерий несущей способности. Для Capacity такая связка отображается как BaseFail.","False","Pending"
"src/Solver/CCapacityResult.cls","CCapacityResult","135","Private","Function","NormalizeBaseFailReason","2","Убирает старые технические формулировки из пользовательского BaseFail. Машинный код причины остается в ResultCode = INITIAL_STATE_BEYOND_LIMIT.","False","Pending"
"src/Solver/CCapacityResult.cls","CCapacityResult","146","Private","Sub","InitializeEarlyResult","1","Общая запись раннего capacity-result без обратного маппинга из display-строки.","False","Pending"
"src/Solver/CCapacityResult.cls","CCapacityResult","160","Private","Sub","ResetNumericSnapshot","2","Исключает утечку старой предельной точки при повторном заполнении объекта. Отсутствующие числа не заменяются прошлым успешным состоянием.","False","Pending"
"src/Solver/CCapacityResult.cls","CCapacityResult","174","Private","Sub","StoreUltimateVector","2","Переносит найденный полный предельный вектор в пользовательскую точку приложения нагрузки через общий CSectionLoadState.","False","Pending"
"src/Solver/CCapacityResult.cls","CCapacityResult","203","Private","Sub","StoreUtilization","2","Определяет использование только по действительно найденному пределу. Последняя диагностическая проба и техническая граница не являются capacity.","False","Pending"
"src/Solver/CCapacityResult.cls","CCapacityResult","212","Private","Sub","StoreCapacityStateIfAvailable","2","Готовит CapacityState только для физически найденной предельной точки. Неуспешные probes и numerical failure не становятся reusable named-state.","False","Pending"
"src/Solver/CCapacityResult.cls","CCapacityResult","219","Public","Property Get","SearchResult","0","","False","Pending"
"src/Solver/CCapacityResult.cls","CCapacityResult","225","Public","Property Get","ResultMeta","2","Возвращает независимый снимок meta канонического capacity-результата. Display-статус вычисляется из нее общей policy, отдельной строковой копии нет.","False","Pending"
"src/Solver/CCapacityResult.cls","CCapacityResult","232","Public","Property Get","DiagnosticLog","2","Возвращает подробный журнал поиска через общий search-result. Batch-слой не должен обращаться к внутреннему DiagnosticLog solver-а напрямую.","False","Pending"
"src/Solver/CCapacityResult.cls","CCapacityResult","239","Public","Property Get","SearchExecuted","3","Возвращает True, если для capacity действительно запускался LimitSearch. Ранние исходы вроде N/A или InputErr остаются полноценным результатом, но не содержат solver-фасад и не должны трактоваться batch-слоем как search.","False","Pending"
"src/Solver/CCapacityResult.cls","CCapacityResult","245","Public","Property Get","LastSolverDiagnosticLog","2","Возвращает диагностический журнал последнего внутреннего CSectionSolver, если предельная lambda-точка действительно была решена равновесием.","False","Pending"
"src/Solver/CCapacityResult.cls","CCapacityResult","252","Public","Function","EarlyStopReport","2","Формирует русское пояснение ранней остановки до запуска LimitSearch. Batch-слой только выводит эту строку в отчет и не повторяет domain-логику.","False","Pending"
"src/Solver/CCapacityResult.cls","CCapacityResult","269","Public","Function","MethodChoiceReport","3","Формирует пояснение, какая ветка поиска несущей была фактически принята. Сам выбор уже сделан search-слоем; здесь остается только инженерная трактовка для execution report.","False","Pending"
"src/Solver/CCapacityResult.cls","CCapacityResult","297","Public","Property Get","StateResult","0","","False","Pending"
"src/Solver/CCapacityResult.cls","CCapacityResult","301","Public","Property Get","Status","0","","False","Pending"
"src/Solver/CCapacityResult.cls","CCapacityResult","307","Public","Property Get","LimitState","0","","False","Pending"
"src/Solver/CCapacityResult.cls","CCapacityResult","311","Public","Property Get","SolutionMethod","0","","False","Pending"
"src/Solver/CCapacityResult.cls","CCapacityResult","315","Public","Property Get","PathResolved","0","","False","Pending"
"src/Solver/CCapacityResult.cls","CCapacityResult","319","Public","Property Get","LambdaCapacity","0","","False","Pending"
"src/Solver/CCapacityResult.cls","CCapacityResult","323","Public","Property Get","UtilCapacity","0","","False","Pending"
"src/Solver/CCapacityResult.cls","CCapacityResult","327","Public","Property Get","NUltimate","0","","False","Pending"
"src/Solver/CCapacityResult.cls","CCapacityResult","331","Public","Property Get","MxUltimate","0","","False","Pending"
"src/Solver/CCapacityResult.cls","CCapacityResult","335","Public","Property Get","MyUltimate","0","","False","Pending"
"src/Solver/CCapacityResult.cls","CCapacityResult","339","Public","Property Get","CapacityStateN","0","","False","Pending"
"src/Solver/CCapacityResult.cls","CCapacityResult","343","Public","Property Get","CapacityStateMx","0","","False","Pending"
"src/Solver/CCapacityResult.cls","CCapacityResult","347","Public","Property Get","CapacityStateMy","0","","False","Pending"
"src/Solver/CCapacityResult.cls","CCapacityResult","351","Public","Property Get","MomentUltimate","0","","False","Pending"
"src/Solver/CCapacityResult.cls","CCapacityResult","355","Public","Property Get","CapacityStateAvailable","0","","False","Pending"
"src/Solver/CCapacityResult.cls","CCapacityResult","359","Public","Property Get","CapacityEpsilon0","0","","False","Pending"
"src/Solver/CCapacityResult.cls","CCapacityResult","363","Public","Property Get","CapacityKappaX","0","","False","Pending"
"src/Solver/CCapacityResult.cls","CCapacityResult","367","Public","Property Get","CapacityKappaY","0","","False","Pending"
"src/Solver/CCapacityResult.cls","CCapacityResult","371","Public","Property Get","PureAxialForMethod","0","","False","Pending"
"src/Solver/CCapacityResult.cls","CCapacityResult","377","Public","Property Get","ReserveFactor","2","Выдает найденный физический множитель как запас. Диагностическая lambda незавершенного поиска, BaseFail и отсутствующий предел запасом не являются.","False","Pending"
"src/Solver/CCapacityResult.cls","CCapacityResult","388","Friend","Sub","Freeze","3","Завершает жизненный цикл заполнения перед передачей snapshot потребителю. Повторный вызов безопасен; общие ссылки на named-state остаются теми же, но их fill/reset API больше не могут изменить опубликованный результат.","False","Pending"
"src/Solver/CCapacityResult.cls","CCapacityResult","396","Private","Sub","AssertWritable","2","Явно отклоняет изменение уже выданного результата вместо тихой порчи снимка. Для повторного расчета workflow создает новый объект, сохраняя прежние ссылки.","False","Pending"
"src/Solver/CCapacitySolver.cls","CCapacitySolver","108","Private","Sub","Class_Initialize","5","------------------------------ Настройки по умолчанию ------------------------------ Эти значения используются в модульных тестах и как запасной набор, если книга еще не передала настройки с листа Config.","False","Pending"
"src/Solver/CCapacitySolver.cls","CCapacitySolver","142","Public","Sub","ApplySettings","5","------------------------------ Чтение настроек capacity solver ------------------------------ Настройки делятся на два уровня: внешний поиск несущей способности и внутренний CSectionSolver, который каждый раз ищет равновесие для lambda-точки.","False","Pending"
"src/Solver/CCapacitySolver.cls","CCapacitySolver","185","Public","Sub","SolveByUltimateStrain","6","------------------------------ Метод UltimateStrain ------------------------------ Ищет плоскость деформаций, при которой одновременно выполнены три условия: равновесие по N, сохранение направления Mx/My и достижение одного из пределов деформаций бетона или арматуры.","False","Pending"
"src/Solver/CCapacitySolver.cls","CCapacitySolver","197","Public","Sub","SolveByUltimateLoadPath","4","Ищет предельное состояние для произвольной lambda-траектории. Этот метод ничего не знает о названии пользовательского режима: он работает только с прямой формулой Target = Offset + lambda*Base для N, Mx и My.","False","Pending"
"src/Solver/CCapacitySolver.cls","CCapacitySolver","229","Private","Sub","SolvePureAxialUltimateByLoadMultiplier","4","Математически чистая lambda*N без моментов не имеет устойчивой уникальной предельной плоскости для UltimateStrain: на горизонтальном плато одну и ту же N могут давать разные почти равномерные деформации. В этом вырожденном численном случае используем одномерный LoadMultiplier.","False","Pending"
"src/Solver/CCapacitySolver.cls","CCapacitySolver","250","Public","Sub","SolveByAutoLoadPath","6","Автоматический режим сначала пробует UltimateStrain как более прямой способ найти предельную плоскость деформаций. Если эта постановка не сошлась численно, но входные данные корректны, расчет повторяется через LoadMultiplier по той же самой lambda-траектории. Это не меняет физический критерий несущей способности, а только выбирает более устойчивый численный путь для случаев с горизонтальными участками диаграмм.","False","Pending"
"src/Solver/CCapacitySolver.cls","CCapacitySolver","288","Private","Function","IsPureAxialLoadPath","5","Чистое осевое масштабирование без постоянных моментов является вырожденным для UltimateStrain при горизонтальном плато диаграммы: разные равномерные деформации дают одну и ту же предельную N. Если прямой UltimateStrain не сошелся устойчиво, эта проверка разрешает перейти на ту же универсальную lambda-траекторию и найти границу одномерно.","False","Pending"
"src/Solver/CCapacitySolver.cls","CCapacitySolver","301","Private","Function","IsMomentOnlyLoadPath","4","True для классической траектории ""N = const, M = lambda*Mbase"". Это lambda*Mx, lambda*My и lambda*Mxy. Для них внутри универсального API используется быстрая система UltimateStrain, потому что она лучше обусловлена именно для моментного поиска несущей способности.","False","Pending"
"src/Solver/CCapacitySolver.cls","CCapacitySolver","310","Private","Sub","AcceptPureAxialRetainedCapacity","4","Проверяет физическую предельную плоскость на силовой траектории. Удержанная проба дает лишь форму стартовой плоскости. После доведения до первого предела lambda определяется заново по внутренним усилиям, затем подтверждаются все три компоненты пути и физический критерий.","False","Pending"
"src/Solver/CCapacitySolver.cls","CCapacitySolver","403","Private","Sub","InitializeUltimateLoadPathGuess","4","Стартовая плоскость для универсального UltimateStrain подбирается по направлению полной нагрузки при lambda = 1. Это только начальное приближение: дальше Newton одновременно уточняет равновесие вдоль выбранной траектории и доводит критическое волокно/стержень до физической предельной деформации.","False","Pending"
"src/Solver/CCapacitySolver.cls","CCapacitySolver","460","Private","Sub","InitializeUltimateMomentGuess","3","Стартовая плоскость для частной моментной траектории N=const, M=lambda*Mbase. Она лучше обусловлена для lambda*Mx/lambda*My/lambda*Mxy, потому что начальная кривизна сразу направлена по масштабируемому моментному вектору.","False","Pending"
"src/Solver/CCapacitySolver.cls","CCapacitySolver","498","Private","Function","EvaluateUltimateMomentResidual","3","Оценивает частную моментную UltimateStrain-систему: rPath1 удерживает заданную продольную силу, rPath2 сохраняет направление моментного вектора, rLimit доводит критическое волокно/стержень до предела.","False","Pending"
"src/Solver/CCapacitySolver.cls","CCapacitySolver","554","Private","Function","EvaluateUltimateLoadPathResidual","4","Оценивает плоскость деформаций для универсального UltimateStrain. Первые две невязки удерживают внутренние усилия на выбранной прямой load-path в пространстве N/Mx/My, третья отвечает за достижение предельной деформации материала.","False","Pending"
"src/Solver/CCapacitySolver.cls","CCapacitySolver","597","Private","Function","UltimateStrainRatioTolerance","2","Переводит абсолютный допуск деформации в относительный допуск по условию rLimit = utilization - 1, потому что критический предел может быть разным.","False","Pending"
"src/Solver/CCapacitySolver.cls","CCapacitySolver","616","Public","Sub","SolveByLoadMultiplier","6","------------------------------ Метод LoadMultiplier ------------------------------ Сохраняет N постоянным, а Mx/My масштабирует одним lambda. Каждая lambda-точка вызывает CSectionSolver; внешний алгоритм только ищет границу между acceptable-состоянием и физическим пределом.","False","Pending"
"src/Solver/CCapacitySolver.cls","CCapacitySolver","628","Public","Sub","SolveByLoadPathMultiplier","4","Ищет предельный lambda для любой траектории Target = Offset + lambda*Base. Метод используется batch-слоем для новых вариантов lambda*Mx, lambda*My, lambda*Mxy, lambda*N и lambda*NMxy. Внутренний алгоритм скобки и Bisection/Brent/Secant остается тем же для всех вариантов CapacityLoadPath.","False","Pending"
"src/Solver/CCapacitySolver.cls","CCapacitySolver","650","Public","Function","LimitSearchPrepareCapacityLoadMultiplier","3","Готовит solver к общей ветке LoadMultiplier. Метод оставляет в CCapacitySolver только доменные проверки и хранение результата, а сам одномерный поиск lambda выполняет CLoadMultiplierSearch.","False","Pending"
"src/Solver/CCapacitySolver.cls","CCapacitySolver","665","Public","Function","LimitSearchEvaluateCapacityLoadMultiplier","4","Возвращает значение целевой функции для общей LoadMultiplier-точки capacity. Отрицательная функция означает запас до предельной деформации, ноль или плюс - достижение физического предела. Классификация самой lambda-точки остается здесь, потому что она зависит от предельных деформаций материалов strength-модели.","False","Pending"
"src/Solver/CCapacitySolver.cls","CCapacitySolver","701","Public","Sub","LimitSearchHandleCapacityInitialFailure","3","Обрабатывает ситуацию, когда нижняя точка lambda = 0 уже не является приемлемой для capacity path. Здесь фиксируется только capacity-факт; внешний BaseFail позже формируется через ResultCode, а не через текст.","False","Pending"
"src/Solver/CCapacitySolver.cls","CCapacitySolver","721","Private","Function","CapacityStateDisplayName","2","Переводит внутренний код capacity-пробы в короткую инженерную причину для Results и batch summary. Машинный код остается в LimitState/ResultCode.","False","Pending"
"src/Solver/CCapacitySolver.cls","CCapacitySolver","743","Public","Sub","LimitSearchHandleCapacityBracketNotFound","1","Фиксирует, что до верхней границы MaxLambda физический предел не найден.","False","Pending"
"src/Solver/CCapacitySolver.cls","CCapacitySolver","752","Public","Function","LimitSearchReduceCapacityLambdaAfterNumericalFailure","1","Обрабатывает численную неудачу на этапе расширения верхней границы lambda.","False","Pending"
"src/Solver/CCapacitySolver.cls","CCapacitySolver","759","Public","Sub","LimitSearchAcceptPureAxialRetainedCapacity","2","Сохраняет последний acceptable-result для чисто осевой силовой траектории, если физический предел не удалось отделить численно.","False","Pending"
"src/Solver/CCapacitySolver.cls","CCapacitySolver","771","Public","Sub","LimitSearchRecordCapacityAcceptable","6","Сохраняет прежнее поведение LoadMultiplier при численной неудаче внутри уже найденной физической скобки: расчет не считается сошедшимся, но последняя acceptable-точка остается доступной для диагностики и осевой fallback-ветки. Сохраняет последнюю acceptable lambda-точку, которую уже решил общий LoadMultiplier-search. Это ровно прежний контракт CCapacitySolver: bisection финализируется по нижней стороне физической скобки без повторного solve.","False","Pending"
"src/Solver/CCapacitySolver.cls","CCapacitySolver","778","Public","Sub","LimitSearchHandleCapacityBracketNumericalFailure","2","Сохраняет численный отказ внутри физической скобки и последнюю допустимую lambda для диагностики. Такая точка сама по себе не становится capacity.","False","Pending"
"src/Solver/CCapacitySolver.cls","CCapacitySolver","788","Public","Sub","LimitSearchFinalizeCapacityLoadMultiplier","2","Финализирует найденный LoadMultiplier-результат после того, как общий одномерный поиск выбрал итоговую lambda со стороны acceptable-ветки.","False","Pending"
"src/Solver/CCapacitySolver.cls","CCapacitySolver","801","Public","Sub","LimitSearchFinalizeCapacityFromRetainedAcceptable","4","Финализирует Bisection по последней безопасной lambda-точке, уже посчитанной внутри общей скобки. Это сохраняет прежнее поведение: дополнительный solve в той же точке не нужен и не может испортить результат на жестких сценариях с малым числом итераций внутреннего CSectionSolver.","False","Pending"
"src/Solver/CCapacitySolver.cls","CCapacitySolver","810","Public","Sub","LimitSearchSetCapacityNumericalFailure","1","Переводит capacity-result в численную ошибку общего поиска.","False","Pending"
"src/Solver/CCapacitySolver.cls","CCapacitySolver","817","Public","Sub","LimitSearchSetCapacityInvalidInput","1","Переводит capacity-result в ошибку исходных данных общего поиска.","False","Pending"
"src/Solver/CCapacitySolver.cls","CCapacitySolver","822","Public","Sub","LimitSearchAppendCapacityDiagnostic","1","Добавляет строку в общий журнал capacity-search.","False","Pending"
"src/Solver/CCapacitySolver.cls","CCapacitySolver","828","Public","Function","LimitSearchPrepareCapacityUltimate","2","Готовит capacity-контекст к общей ветке UltimateStrain. Сам Newton-цикл выполняет CUltimateStrainSearch, а здесь остаются проверки и хранение результата.","False","Pending"
"src/Solver/CCapacitySolver.cls","CCapacitySolver","845","Public","Sub","LimitSearchInitializeUltimateGuess","1","Строит стартовую плоскость для общего UltimateStrain capacity-поиска.","False","Pending"
"src/Solver/CCapacitySolver.cls","CCapacitySolver","866","Public","Function","LimitSearchEvaluateUltimateResidual","1","Возвращает три невязки общей UltimateStrain-задачи capacity.","False","Pending"
"src/Solver/CCapacitySolver.cls","CCapacitySolver","886","Public","Function","LimitSearchUltimateResidualReached","1","Проверяет, что общая система UltimateStrain уже достаточно сошлась.","False","Pending"
"src/Solver/CCapacitySolver.cls","CCapacitySolver","901","Public","Function","LimitSearchUltimateResidualNorm","3","Возвращает норму невязок для line-search общего UltimateStrain-цикла. Моментная постановка сохраняет прежние веса направления M, остальные траектории используют общий CLoadPathMath с допусками capacity solver-а.","False","Pending"
"src/Solver/CCapacitySolver.cls","CCapacitySolver","915","Public","Function","LimitSearchFinalizeUltimateResult","3","Сохраняет точку UltimateStrain только после проверки усилий и физических деформаций. Допуск поиска критерия не разрешает выход за диаграмму: непринятая близкая плоскость уточняется следующим общим Newton-шагом.","False","Pending"
"src/Solver/CCapacitySolver.cls","CCapacitySolver","948","Public","Sub","LimitSearchCompleteCapacityUltimate","1","Завершает capacity-ветку UltimateStrain после общего цикла.","False","Pending"
"src/Solver/CCapacitySolver.cls","CCapacitySolver","965","Public","Sub","LimitSearchSetUltimateNumericalFailure","1","Переводит результат UltimateStrain в численную остановку.","False","Pending"
"src/Solver/CCapacitySolver.cls","CCapacitySolver","976","Public","Sub","LimitSearchSetFailure","2","Сохраняет typed-причину из общего Search. Терминальная конфигурационная ошибка не повторяется и не переинтерпретируется как физический отказ пути.","False","Pending"
"src/Solver/CCapacitySolver.cls","CCapacitySolver","993","Public","Property Get","LimitSearchUltimateMaxIterations","1","Настройки общего UltimateStrain-цикла.","False","Pending"
"src/Solver/CCapacitySolver.cls","CCapacitySolver","997","Public","Property Get","LimitSearchUltimateDampingInitial","0","","False","Pending"
"src/Solver/CCapacitySolver.cls","CCapacitySolver","1001","Public","Property Get","LimitSearchUltimateMinLineSearchAlpha","0","","False","Pending"
"src/Solver/CCapacitySolver.cls","CCapacitySolver","1005","Public","Property Get","LimitSearchUltimateLineSearchEnabled","0","","False","Pending"
"src/Solver/CCapacitySolver.cls","CCapacitySolver","1009","Public","Property Get","LimitSearchUltimateMaxDeltaEpsilon0","0","","False","Pending"
"src/Solver/CCapacitySolver.cls","CCapacitySolver","1013","Public","Property Get","LimitSearchUltimateMaxDeltaKappa","0","","False","Pending"
"src/Solver/CCapacitySolver.cls","CCapacitySolver","1019","Private","Sub","FinalizeLoadMultiplierSearch","2","Фиксирует успешный результат LoadMultiplier: сохраняет lambda, предельные компоненты, запас и человекочитаемую причину остановки.","False","Pending"
"src/Solver/CCapacitySolver.cls","CCapacitySolver","1040","Private","Function","LoadPathLambda","3","Выбирает lambda по самой устойчивой масштабируемой компоненте нагрузки. Компоненты имеют разные размерности, поэтому сравниваем их не напрямую, а относительно допусков равновесия solver-а.","False","Pending"
"src/Solver/CCapacitySolver.cls","CCapacitySolver","1054","Private","Sub","BuildLoadPathResiduals","4","Собирает две независимые невязки, которые удерживают найденное внутреннее усилие на прямой Target = Offset + lambda*Base. Если компонент не масштабируется, она контролируется как постоянная. Если масштабируется, она должна совпасть со своим значением при том же lambda.","False","Pending"
"src/Solver/CCapacitySolver.cls","CCapacitySolver","1067","Private","Function","NewLoadPathMath","1","Создает общий helper load-path с текущими solver tolerance capacity.","False","Pending"
"src/Solver/CCapacitySolver.cls","CCapacitySolver","1076","Private","Function","LoadPathFromComponents","2","Упаковывает компонентную форму CCapacitySolver в общий CLoadPathVector, чтобы вся математика lambda-траектории проходила через CLoadPathMath.","False","Pending"
"src/Solver/CCapacitySolver.cls","CCapacitySolver","1086","Private","Function","TargetMx","1","Возвращает целевой Mx на lambda-траектории.","False","Pending"
"src/Solver/CCapacitySolver.cls","CCapacitySolver","1091","Private","Function","TargetMy","1","Возвращает целевой My на lambda-траектории.","False","Pending"
"src/Solver/CCapacitySolver.cls","CCapacitySolver","1096","Private","Function","TargetN","1","Возвращает целевую продольную силу на lambda-траектории.","False","Pending"
"src/Solver/CCapacitySolver.cls","CCapacitySolver","1105","Private","Sub","StoreLoadPathUltimateComponents","5","Записывает итоговые компоненты нагрузки для общей lambda-траектории. Этот низкоуровневый результат хранит полное предельное состояние solver-а: постоянные компоненты Offset и масштабируемые Base уже сложены вместе. Batch-слой при выводе дополнительно переносит полный найденный вектор обратно в пользовательскую точку приложения нагрузки.","False","Pending"
"src/Solver/CCapacitySolver.cls","CCapacitySolver","1123","Private","Function","CapacityScalesAxial","2","Определяет, входит ли продольная сила в масштабируемую часть capacity-path. Для чисто моментной траектории N хранится как постоянный offset.","False","Pending"
"src/Solver/CCapacitySolver.cls","CCapacitySolver","1130","Private","Function","EnsureSearchDependencies","3","Проверяет программные зависимости до создания обязательного Search-request. При нарушении контракта очищает старый результат и сохраняет typed internal failure, чтобы публичный расчет не оставлял необработанную ошибку VBA.","False","Pending"
"src/Solver/CCapacitySolver.cls","CCapacitySolver","1153","Private","Function","ValidateLoadPathCapacityInputs","3","Проверяет общую lambda-траекторию. Нулевой Base означает, что ни одна компонента нагрузки не масштабируется, поэтому предельный множитель не имеет инженерного смысла.","False","Pending"
"src/Solver/CCapacitySolver.cls","CCapacitySolver","1173","Private","Function","ValidateCapacityInputs","1","Проверяет входные данные и прерывает выполнение понятной ошибкой, если расчетный контракт нарушен.","False","Pending"
"src/Solver/CCapacitySolver.cls","CCapacitySolver","1195","Private","Function","ValidateLoadMultiplierSettings","3","Проверяет настройки ветки LoadMultiplier перед одномерным поиском lambda. Здесь контролируются только параметры самой скобки/поиска, а не геометрия или материалы, которые проверяются выше по цепочке.","False","Pending"
"src/Solver/CCapacitySolver.cls","CCapacitySolver","1212","Private","Function","ValidateUltimateStrainSettings","3","Проверяет настройки ветки UltimateStrain. В отличие от LoadMultiplier, здесь нет искусственного Capacity.MaxLambda: после найденной предельной плоскости достаточно проверить численную корректность lambda.","False","Pending"
"src/Solver/CCapacitySolver.cls","CCapacitySolver","1222","Private","Sub","SetInvalidInput","2","Переводит расчет в InputErr без выбрасывания VBA-ошибки. Capacity solver возвращает статус пользователю через batch summary и подробный writer.","False","Pending"
"src/Solver/CCapacitySolver.cls","CCapacitySolver","1230","Private","Sub","SetInvalidConfiguration","2","Ошибка численных настроек сохраняется отдельным typed-кодом и не запускает retries/fallback. Короткий код LimitState не является внешним display-статусом.","False","Pending"
"src/Solver/CCapacitySolver.cls","CCapacitySolver","1238","Private","Sub","SetInternalError","2","Отсутствующая программная зависимость или неожиданная ошибка относятся к внутреннему контракту, а не к исходным данным пользователя.","False","Pending"
"src/Solver/CCapacitySolver.cls","CCapacitySolver","1247","Private","Function","IsValidUltimateLambda","3","Проверяет только численную пригодность найденного UltimateStrain-множителя. MaxLambda здесь намеренно не применяется: это граница расширения скобки LoadMultiplier, а UltimateStrain уже нашел предельную плоскость деформаций.","False","Pending"
"src/Solver/CCapacitySolver.cls","CCapacitySolver","1262","Private","Function","ProbeWithRetries","3","Выполняет lambda-точку LoadMultiplier с ограниченным числом повторов. Повтор меняет только численные настройки внутреннего CSectionSolver (ступени/шаги), а физическая точка нагрузки lambda остается той же.","False","Pending"
"src/Solver/CCapacitySolver.cls","CCapacitySolver","1290","Private","Function","ProbeOnce","2","Решает одну lambda-точку capacity-поиска и классифицирует ее как приемлемую, физический предел, численную несходимость или ошибку входных данных.","False","Pending"
"src/Solver/CCapacitySolver.cls","CCapacitySolver","1367","Private","Sub","ConfigureCapacityProbeRunner","3","Передает настройки внутреннего CSectionSolver в общий runner для одной capacity-probe. Retry попытки меняют только численные параметры solve-а, физическая lambda-точка остается прежней.","False","Pending"
"src/Solver/CCapacitySolver.cls","CCapacitySolver","1387","Private","Function","IsPureBendingProbe","3","True для probe чистого изгиба. В этом случае предыдущая acceptable lambda не используется как warm-start: общий runner сам строит active-set плоскость по целевым моментам текущей lambda-точки.","False","Pending"
"src/Solver/CCapacitySolver.cls","CCapacitySolver","1395","Private","Function","IsZeroLoadProbe","2","Проверяет численно нулевой вектор пробной нагрузки. Только такой случай допускает проверку нулевой плоскости вместо итерационного подбора НДС.","False","Pending"
"src/Solver/CCapacitySolver.cls","CCapacitySolver","1404","Private","Function","EvaluateZeroLoadProbe","3","Проверяет точное равновесие нулевой плоскости и сохраняет физические поля lambda=0. Ошибки модели/настроек сохраняют typed-причину, а не становятся автоматически допустимым начальным состоянием.","False","Pending"
"src/Solver/CCapacitySolver.cls","CCapacitySolver","1449","Private","Function","TryRestoreProbeCache","3","Возвращает рассчитанную probe-точку этой search-session по точному ключу lambda и усилий. Восстанавливает критерий и warm-start без повторного solve; локальный probe-cache не публикуется в shared StateRepository.","False","Pending"
"src/Solver/CCapacitySolver.cls","CCapacitySolver","1471","Private","Function","ProbeCacheMatches","4","Сравнивает lambda-точку по lambda и целевым усилиям. Разные представимые lambda нельзя объединять произвольным допуском: поиск может уточнять физический критерий точнее этого допуска. Повтор той же точки сохраняет точное совпадение lambda и всех трех целевых усилий.","False","Pending"
"src/Solver/CCapacitySolver.cls","CCapacitySolver","1482","Private","Sub","StoreProbeCache","2","Запоминает только найденное равновесие lambda-точки после всех повторов. Неудачная попытка не закрывает возможность повторного solve с лучшим стартом.","False","Pending"
"src/Solver/CCapacitySolver.cls","CCapacitySolver","1509","Private","Sub","ClearProbeCache","1","Полностью очищает cache между независимыми расчетами.","False","Pending"
"src/Solver/CCapacitySolver.cls","CCapacitySolver","1523","Private","Sub","UpdateCriticalState","3","Обновляет управляющую деформацию для последней lambda-точки. Проверяются бетон, растянутый бетон при включенном лимите и арматура; максимальная utilization определяет тип предельного состояния.","False","Pending"
"src/Solver/CCapacitySolver.cls","CCapacitySolver","1562","Private","Function","SteelLimitForStrain","2","Возвращает предел арматуры для знака проверяемой деформации. При симметричном тестовом контракте оба направления имеют одинаковый предел.","False","Pending"
"src/Solver/CCapacitySolver.cls","CCapacitySolver","1571","Private","Sub","StoreCriticalIfLarger","1","Сохраняет наиболее опасный элемент, если его utilization больше текущего.","False","Pending"
"src/Solver/CCapacitySolver.cls","CCapacitySolver","1580","Private","Function","CriticalLimitState","1","Переводит имя критического элемента в расчетный LimitState.","False","Pending"
"src/Solver/CCapacitySolver.cls","CCapacitySolver","1595","Private","Function","ClassifyNumericalFailure","3","Разделяет виды неуспешного CSectionSolver по машинному коду, а не по тексту StopReason. Текст остается только пользовательской диагностикой и не влияет на статусную цепочку.","False","Pending"
"src/Solver/CCapacitySolver.cls","CCapacitySolver","1613","Private","Sub","RecordAcceptableState","3","Запоминает последнюю сходящуюся lambda-точку. Она используется как warm-start для следующих lambda и как fallback, если верхняя физическая граница не найдена из-за численной несходимости.","False","Pending"
"src/Solver/CCapacitySolver.cls","CCapacitySolver","1623","Private","Function","ReduceLambdaAfterNumericalFailure","3","Уменьшает верхнюю границу lambda после NumericalFailure. Если интервал уже слишком мал, поиск возвращает последнюю acceptable-точку вместо того, чтобы выдавать неустойчивый физический предел.","False","Pending"
"src/Solver/CCapacitySolver.cls","CCapacitySolver","1640","Private","Function","IsPhysicalLimit","1","Проверяет, является ли состояние физическим пределом несущей способности.","False","Pending"
"src/Solver/CCapacitySolver.cls","CCapacitySolver","1647","Private","Function","IsNumericalFailure","2","Проверяет, является ли состояние численной неудачей, которую можно пытаться обходить retry, уменьшением lambda или fallback-стратегией.","False","Pending"
"src/Solver/CCapacitySolver.cls","CCapacitySolver","1653","Private","Function","NormalizedSearchMethod","2","Нормализует метод одномерного поиска LoadMultiplier из пользовательской настройки Capacity.SearchMethod.","False","Pending"
"src/Solver/CCapacitySolver.cls","CCapacitySolver","1665","Private","Function","IsFiniteNumber","1","Проверяет, что число конечно и пригодно для дальнейшей арифметики.","False","Pending"
"src/Solver/CCapacitySolver.cls","CCapacitySolver","1674","Private","Sub","AppendDiagnostic","3","Записывает диагностическую строку одной lambda-точки LoadMultiplier. Поле attempt - это номер попытки НДС для той же физической lambda-точки: 0 означает первую попытку, 1 - первый retry с более мягкими настройками.","False","Pending"
"src/Solver/CCapacitySolver.cls","CCapacitySolver","1691","Private","Sub","AppendSearchDiagnostic","1","Добавляет человекочитаемое сообщение о ходе одномерного поиска lambda.","False","Pending"
"src/Solver/CCapacitySolver.cls","CCapacitySolver","1698","Private","Sub","ClearResult","2","Очищает результаты предыдущего capacity-поиска, не меняя настройки solver-а и предельные деформации материалов.","False","Pending"
"src/Solver/CCapacitySolver.cls","CCapacitySolver","1728","Private","Function","FormatNumberInvariant","1","Форматирует число для диагностического журнала с точкой как разделителем.","False","Pending"
"src/Solver/CCapacitySolver.cls","CCapacitySolver","1733","Private","Function","MinDouble","1","Утилитарный минимум без WorksheetFunction в расчетном ядре.","False","Pending"
"src/Solver/CCapacitySolver.cls","CCapacitySolver","1738","Private","Function","MaxDouble","1","Утилитарный максимум без WorksheetFunction в расчетном ядре.","False","Pending"
"src/Solver/CCapacitySolver.cls","CCapacitySolver","1744","Public","Function","LimitSearchCapacityStateIsAcceptable","2","Проверяет, что состояние lambda-точки еще находится внутри физически допустимой области capacity.","False","Pending"
"src/Solver/CCapacitySolver.cls","CCapacitySolver","1750","Public","Function","LimitSearchCapacityStateIsPhysicalLimit","2","Проверяет, что состояние lambda-точки является физическим пределом, а не численной неудачей или ошибкой исходных данных.","False","Pending"
"src/Solver/CCapacitySolver.cls","CCapacitySolver","1756","Public","Function","LimitSearchCapacityStateIsNumericalFailure","2","Проверяет, что состояние lambda-точки является численной неудачей, которую общий search может обработать уменьшением lambda или fallback-веткой.","False","Pending"
"src/Solver/CCapacitySolver.cls","CCapacitySolver","1763","Public","Function","LimitSearchCapacityStateIsInvalidInput","3","Проверяет, что доменный callback остановился из-за ошибки исходных данных. Общий coordinator использует это, чтобы не запускать fallback LoadMultiplier после заведомо некорректной постановки задачи.","False","Pending"
"src/Solver/CCapacitySolver.cls","CCapacitySolver","1769","Public","Property Get","LimitSearchHasTerminalFailure","2","Терминальная ошибка данных, настройки или программной зависимости запрещает повтор solve и переход к другому численному методу той же постановки.","False","Pending"
"src/Solver/CCapacitySolver.cls","CCapacitySolver","1776","Public","Property Get","FailureCode","2","Передает адаптеру точную typed-причину для InternalStatus/ResultCode. Значение не определяется по словам StopReason или пользовательскому display.","False","Pending"
"src/Solver/CCapacitySolver.cls","CCapacitySolver","1783","Public","Property Get","LimitSearchInitialLambdaRejected","3","Возвращает True, если capacity-path был остановлен уже на lambda=0. Низкоуровневый search только сообщает о rejected lower point; смысл ""базовая часть пути уже не проходит"" назначается capacity-result слоем.","False","Pending"
"src/Solver/CCapacitySolver.cls","CCapacitySolver","1788","Public","Property Get","SearchBoundReached","1","Отличает техническую остановку MaxLambda от несходимости пробного равновесия.","False","Pending"
"src/Solver/CCapacitySolver.cls","CCapacitySolver","1795","Public","Sub","LimitSearchMergeCapacityFallback","3","Объединяет диагностику неудачной первой ветки с последующим fallback-расчетом LoadMultiplier. Search-слой сам выбирает порядок попыток, но только CCapacitySolver имеет право менять свой внутренний журнал и StopReason.","False","Pending"
"src/Solver/CCapacitySolver.cls","CCapacitySolver","1813","Public","Function","LimitSearchCapacitySearchMethod","1","Возвращает нормализованное имя одномерного метода LoadMultiplier.","False","Pending"
"src/Solver/CCapacitySolver.cls","CCapacitySolver","1818","Public","Property Get","LimitSearchInitialLambdaStep","1","Возвращает первый шаг расширения lambda-скобки.","False","Pending"
"src/Solver/CCapacitySolver.cls","CCapacitySolver","1823","Public","Property Get","LimitSearchMaxLambda","1","Возвращает верхнюю границу расширения lambda-скобки.","False","Pending"
"src/Solver/CCapacitySolver.cls","CCapacitySolver","1828","Public","Property Get","LimitSearchLambdaTolerance","1","Возвращает допуск одномерного поиска lambda.","False","Pending"
"src/Solver/CCapacitySolver.cls","CCapacitySolver","1833","Public","Property Get","LimitSearchMaxIterations","1","Возвращает максимум итераций одномерного поиска.","False","Pending"
"src/Solver/CCapacitySolver.cls","CCapacitySolver","1837","Public","Property Get","Converged","0","","False","Pending"
"src/Solver/CCapacitySolver.cls","CCapacitySolver","1841","Public","Property Get","StopReason","0","","False","Pending"
"src/Solver/CCapacitySolver.cls","CCapacitySolver","1845","Public","Property Get","LimitState","0","","False","Pending"
"src/Solver/CCapacitySolver.cls","CCapacitySolver","1849","Public","Property Get","UpperLimitState","0","","False","Pending"
"src/Solver/CCapacitySolver.cls","CCapacitySolver","1853","Public","Property Get","LambdaUltimate","0","","False","Pending"
"src/Solver/CCapacitySolver.cls","CCapacitySolver","1857","Public","Property Get","NUltimate","0","","False","Pending"
"src/Solver/CCapacitySolver.cls","CCapacitySolver","1861","Public","Property Get","MomentUltimate","0","","False","Pending"
"src/Solver/CCapacitySolver.cls","CCapacitySolver","1865","Public","Property Get","MxUltimate","0","","False","Pending"
"src/Solver/CCapacitySolver.cls","CCapacitySolver","1869","Public","Property Get","MyUltimate","0","","False","Pending"
"src/Solver/CCapacitySolver.cls","CCapacitySolver","1873","Public","Property Get","SafetyFactor","0","","False","Pending"
"src/Solver/CCapacitySolver.cls","CCapacitySolver","1877","Public","Property Get","Utilization","0","","False","Pending"
"src/Solver/CCapacitySolver.cls","CCapacitySolver","1881","Public","Property Get","Iterations","0","","False","Pending"
"src/Solver/CCapacitySolver.cls","CCapacitySolver","1885","Public","Property Get","MomentEquilibriumResidual","0","","False","Pending"
"src/Solver/CCapacitySolver.cls","CCapacitySolver","1889","Public","Property Get","DiagnosticLog","0","","False","Pending"
"src/Solver/CCapacitySolver.cls","CCapacitySolver","1893","Public","Property Let","DiagnosticsEnabled","0","","False","Pending"
"src/Solver/CCapacitySolver.cls","CCapacitySolver","1897","Public","Property Get","LastSolver","0","","False","Pending"
"src/Solver/CCapacitySolver.cls","CCapacitySolver","1901","Public","Property Let","ConcreteCompressionLimit","0","","False","Pending"
"src/Solver/CCapacitySolver.cls","CCapacitySolver","1905","Public","Property Let","ConcreteTensionLimit","0","","False","Pending"
"src/Solver/CCapacitySolver.cls","CCapacitySolver","1909","Public","Property Let","ConcreteTensionLimitEnabled","0","","False","Pending"
"src/Solver/CCapacitySolver.cls","CCapacitySolver","1913","Public","Property Let","SteelStrainLimit","0","","False","Pending"
"src/Solver/CCapacitySolver.cls","CCapacitySolver","1919","Public","Property Let","SteelCompressionLimit","1","Задает независимые физические пределы арматуры по двум знакам деформации.","False","Pending"
"src/Solver/CCapacitySolver.cls","CCapacitySolver","1923","Public","Property Let","SteelTensionLimit","0","","False","Pending"
"src/Solver/CCapacitySolver.cls","CCapacitySolver","1927","Public","Property Let","LambdaTolerance","0","","False","Pending"
"src/Solver/CCapacitySolver.cls","CCapacitySolver","1931","Public","Property Let","StrainTolerance","0","","False","Pending"
"src/Solver/CCapacitySolver.cls","CCapacitySolver","1935","Public","Property Let","SearchMethod","0","","False","Pending"
"src/Solver/CCapacitySolver.cls","CCapacitySolver","1939","Public","Property Get","SearchMethod","0","","False","Pending"
"src/Solver/CCapacitySolver.cls","CCapacitySolver","1943","Public","Property Get","SolutionMethod","0","","False","Pending"
"src/Solver/CCapacitySolver.cls","CCapacitySolver","1947","Public","Property Let","MaxLambda","0","","False","Pending"
"src/Solver/CCapacitySolver.cls","CCapacitySolver","1951","Public","Property Let","InitialLambdaStep","0","","False","Pending"
"src/Solver/CCapacitySolver.cls","CCapacitySolver","1955","Public","Property Let","MaxRetries","0","","False","Pending"
"src/Solver/CCapacitySolver.cls","CCapacitySolver","1959","Public","Property Let","SolverBaseLoadSteps","0","","False","Pending"
"src/Solver/CCapacitySolver.cls","CCapacitySolver","1963","Public","Property Let","SolverMaxIterations","0","","False","Pending"
"src/Solver/CCapacitySolver.cls","CCapacitySolver","1967","Public","Property Let","SolverToleranceN","0","","False","Pending"
"src/Solver/CCapacitySolver.cls","CCapacitySolver","1971","Public","Property Let","SolverToleranceMx","0","","False","Pending"
"src/Solver/CCapacitySolver.cls","CCapacitySolver","1975","Public","Property Let","SolverToleranceMy","0","","False","Pending"
"src/Solver/CCapacitySolver.cls","CCapacitySolver","1979","Public","Property Let","SolverMethod","0","","False","Pending"
"src/Solver/CCapacitySolver.cls","CCapacitySolver","1983","Public","Property Let","SolverLineSearchEnabled","0","","False","Pending"
"src/Solver/CCapacitySolver.cls","CCapacitySolver","1987","Public","Property Let","SolverDampingInitial","0","","False","Pending"
"src/Solver/CCapacitySolver.cls","CCapacitySolver","1991","Public","Property Let","SolverMinLineSearchAlpha","0","","False","Pending"
"src/Solver/CCapacitySolver.cls","CCapacitySolver","1995","Public","Property Let","SolverMaxDeltaEpsilon0","0","","False","Pending"
"src/Solver/CCapacitySolver.cls","CCapacitySolver","1999","Public","Property Let","SolverMaxDeltaKappa","0","","False","Pending"
"src/Solver/CCapacitySolver.cls","CCapacitySolver","2003","Public","Property Let","SolverSecantMaxRestarts","0","","False","Pending"
"src/Solver/CCapacitySolver.cls","CCapacitySolver","2007","Public","Property Let","SolverSecantMinStepNorm","0","","False","Pending"
"src/Solver/CCapacitySolver.cls","CCapacitySolver","2020","Public","Property Get","RetryCount","8","========================================================================== ДЛЯ ТЕСТОВ ========================================================================== Эти свойства раскрывают внутреннюю диагностику поиска несущей способности. Они нужны regression-тестам, чтобы убедиться, что solver действительно дошел до нужного предельного элемента, использовал retry-ветку и корректно оценил utilization. Пользовательский вывод берет уже агрегированные поля SafetyFactor, LimitState, MomentUltimate и статусы batch-расчета.","False","Pending"
"src/Solver/CCapacitySolver.cls","CCapacitySolver","2024","Public","Property Get","CriticalStrain","0","","False","Pending"
"src/Solver/CCapacitySolver.cls","CCapacitySolver","2028","Public","Property Get","CriticalElement","0","","False","Pending"
"src/Solver/CCapacitySolver.cls","CCapacitySolver","2032","Public","Property Get","CriticalStrainUtilization","0","","False","Pending"
"src/Solver/CCrackLimitSearchProblem.cls","CCrackLimitSearchProblem","28","Public","Sub","Initialize","1","Подключает существующий расчетчик трещин без изменения его настроек.","False","Pending"
"src/Solver/CCrackLimitSearchProblem.cls","CCrackLimitSearchProblem","34","Private","Property Get","ILimitSearchProblem_ResultKind","0","","False","Pending"
"src/Solver/CCrackLimitSearchProblem.cls","CCrackLimitSearchProblem","38","Private","Property Get","ILimitSearchProblem_InitialLambdaStep","0","","False","Pending"
"src/Solver/CCrackLimitSearchProblem.cls","CCrackLimitSearchProblem","42","Private","Property Get","ILimitSearchProblem_MaxLambda","0","","False","Pending"
"src/Solver/CCrackLimitSearchProblem.cls","CCrackLimitSearchProblem","46","Private","Property Get","ILimitSearchProblem_LambdaTolerance","0","","False","Pending"
"src/Solver/CCrackLimitSearchProblem.cls","CCrackLimitSearchProblem","50","Private","Property Get","ILimitSearchProblem_MaxIterations","0","","False","Pending"
"src/Solver/CCrackLimitSearchProblem.cls","CCrackLimitSearchProblem","55","Private","Property Get","ILimitSearchProblem_BisectionMaxIterations","1","Сохраняет заданный предел уточнения скобки трещинообразования.","False","Pending"
"src/Solver/CCrackLimitSearchProblem.cls","CCrackLimitSearchProblem","59","Private","Property Get","ILimitSearchProblem_SearchMethod","0","","False","Pending"
"src/Solver/CCrackLimitSearchProblem.cls","CCrackLimitSearchProblem","63","Private","Property Get","ILimitSearchProblem_Converged","0","","False","Pending"
"src/Solver/CCrackLimitSearchProblem.cls","CCrackLimitSearchProblem","67","Private","Property Get","ILimitSearchProblem_LimitState","0","","False","Pending"
"src/Solver/CCrackLimitSearchProblem.cls","CCrackLimitSearchProblem","71","Private","Property Get","ILimitSearchProblem_DiagnosticLog","0","","False","Pending"
"src/Solver/CCrackLimitSearchProblem.cls","CCrackLimitSearchProblem","77","Private","Function","ILimitSearchProblem_Prepare","2","Для CrackFormation специальной подготовки перед LoadMultiplier нет: материалы и путь уже переданы вызывающим слоем.","False","Pending"
"src/Solver/CCrackLimitSearchProblem.cls","CCrackLimitSearchProblem","84","Private","Function","ILimitSearchProblem_PrepareUltimate","1","Материалы и инженерный критерий уже подготовлены владельцем Formation.","False","Pending"
"src/Solver/CCrackLimitSearchProblem.cls","CCrackLimitSearchProblem","91","Private","Function","ILimitSearchProblem_RunUltimateAttempts","2","Сохраняет выбор стартов CrackFormation, но все попытки решаются общим Newton-циклом через типизированный ILimitSearchProblem.","False","Pending"
"src/Solver/CCrackLimitSearchProblem.cls","CCrackLimitSearchProblem","100","Private","Sub","ILimitSearchProblem_CompleteUltimate","2","Formation сохраняет точку непосредственно при принятии; отдельная финализация инженерных чисел после общего цикла ему не требуется.","False","Pending"
"src/Solver/CCrackLimitSearchProblem.cls","CCrackLimitSearchProblem","105","Private","Sub","ILimitSearchProblem_LimitSearchInitializeUltimateGuess","2","Передает критерии и численные настройки Formation общему Newton-циклу. Ни шаг Newton, ни Якобиан, ни line search здесь не реализуются.","False","Pending"
"src/Solver/CCrackLimitSearchProblem.cls","CCrackLimitSearchProblem","113","Private","Function","ILimitSearchProblem_LimitSearchEvaluateUltimateResidual","0","","False","Pending"
"src/Solver/CCrackLimitSearchProblem.cls","CCrackLimitSearchProblem","124","Private","Function","ILimitSearchProblem_LimitSearchUltimateResidualReached","0","","False","Pending"
"src/Solver/CCrackLimitSearchProblem.cls","CCrackLimitSearchProblem","130","Private","Function","ILimitSearchProblem_LimitSearchUltimateResidualNorm","0","","False","Pending"
"src/Solver/CCrackLimitSearchProblem.cls","CCrackLimitSearchProblem","136","Private","Function","ILimitSearchProblem_LimitSearchFinalizeUltimateResult","0","","False","Pending"
"src/Solver/CCrackLimitSearchProblem.cls","CCrackLimitSearchProblem","144","Private","Sub","ILimitSearchProblem_LimitSearchSetUltimateNumericalFailure","0","","False","Pending"
"src/Solver/CCrackLimitSearchProblem.cls","CCrackLimitSearchProblem","149","Private","Sub","ILimitSearchProblem_SetFailure","1","Передает машинную причину общего алгоритма владельцу Formation-результата.","False","Pending"
"src/Solver/CCrackLimitSearchProblem.cls","CCrackLimitSearchProblem","154","Private","Property Get","ILimitSearchProblem_LimitSearchUltimateMaxIterations","1","Однотипные настройки общего Newton из численной конфигурации Formation.","False","Pending"
"src/Solver/CCrackLimitSearchProblem.cls","CCrackLimitSearchProblem","158","Private","Property Get","ILimitSearchProblem_LimitSearchUltimateDampingInitial","0","","False","Pending"
"src/Solver/CCrackLimitSearchProblem.cls","CCrackLimitSearchProblem","162","Private","Property Get","ILimitSearchProblem_LimitSearchUltimateMinLineSearchAlpha","0","","False","Pending"
"src/Solver/CCrackLimitSearchProblem.cls","CCrackLimitSearchProblem","166","Private","Property Get","ILimitSearchProblem_LimitSearchUltimateLineSearchEnabled","0","","False","Pending"
"src/Solver/CCrackLimitSearchProblem.cls","CCrackLimitSearchProblem","170","Private","Property Get","ILimitSearchProblem_LimitSearchUltimateMaxDeltaEpsilon0","0","","False","Pending"
"src/Solver/CCrackLimitSearchProblem.cls","CCrackLimitSearchProblem","174","Private","Property Get","ILimitSearchProblem_LimitSearchUltimateMaxDeltaKappa","0","","False","Pending"
"src/Solver/CCrackLimitSearchProblem.cls","CCrackLimitSearchProblem","179","Private","Function","ILimitSearchProblem_BuildLoadPath","1","Создает crack-траекторию с учетом выбранного LambdaMxy/LambdaN/LambdaNMxy.","False","Pending"
"src/Solver/CCrackLimitSearchProblem.cls","CCrackLimitSearchProblem","187","Private","Function","ILimitSearchProblem_AcceptInitialPoint","2","Передает физическую трактовку начала пути владельцу Formation. Общий одномерный поиск не знает правил постоянной трещины или fallback psi=1.","False","Pending"
"src/Solver/CCrackLimitSearchProblem.cls","CCrackLimitSearchProblem","196","Private","Function","ILimitSearchProblem_EvaluatePoint","2","Оценивает одну lambda-точку crack-formation и возвращает solver, если равновесие найдено. Solver нужен для warm-start и сохранения PreCrackState.","False","Pending"
"src/Solver/CCrackLimitSearchProblem.cls","CCrackLimitSearchProblem","205","Private","Function","ILimitSearchProblem_IsAcceptableState","0","","False","Pending"
"src/Solver/CCrackLimitSearchProblem.cls","CCrackLimitSearchProblem","209","Private","Function","ILimitSearchProblem_IsLimitState","0","","False","Pending"
"src/Solver/CCrackLimitSearchProblem.cls","CCrackLimitSearchProblem","213","Private","Function","ILimitSearchProblem_IsNumericalFailureState","0","","False","Pending"
"src/Solver/CCrackLimitSearchProblem.cls","CCrackLimitSearchProblem","217","Private","Function","ILimitSearchProblem_IsInvalidInputState","0","","False","Pending"
"src/Solver/CCrackLimitSearchProblem.cls","CCrackLimitSearchProblem","221","Private","Function","ILimitSearchProblem_ReduceLambdaAfterNumericalFailure","0","","False","Pending"
"src/Solver/CCrackLimitSearchProblem.cls","CCrackLimitSearchProblem","226","Private","Sub","ILimitSearchProblem_RecordAcceptable","0","","False","Pending"
"src/Solver/CCrackLimitSearchProblem.cls","CCrackLimitSearchProblem","229","Private","Sub","ILimitSearchProblem_HandleInitialFailure","0","","False","Pending"
"src/Solver/CCrackLimitSearchProblem.cls","CCrackLimitSearchProblem","234","Private","Sub","ILimitSearchProblem_HandleBracketNotFound","0","","False","Pending"
"src/Solver/CCrackLimitSearchProblem.cls","CCrackLimitSearchProblem","241","Private","Sub","ILimitSearchProblem_HandleBracketNumericalFailure","0","","False","Pending"
"src/Solver/CCrackLimitSearchProblem.cls","CCrackLimitSearchProblem","248","Private","Sub","ILimitSearchProblem_HandleIterationLimit","0","","False","Pending"
"src/Solver/CCrackLimitSearchProblem.cls","CCrackLimitSearchProblem","255","Private","Sub","ILimitSearchProblem_HandleUnexpectedState","0","","False","Pending"
"src/Solver/CCrackLimitSearchProblem.cls","CCrackLimitSearchProblem","260","Private","Sub","ILimitSearchProblem_SetInvalidInput","0","","False","Pending"
"src/Solver/CCrackLimitSearchProblem.cls","CCrackLimitSearchProblem","264","Private","Sub","ILimitSearchProblem_SetNumericalFailure","0","","False","Pending"
"src/Solver/CCrackLimitSearchProblem.cls","CCrackLimitSearchProblem","268","Private","Sub","ILimitSearchProblem_AppendDiagnostic","0","","False","Pending"
"src/Solver/CCrackLimitSearchProblem.cls","CCrackLimitSearchProblem","272","Private","Function","ILimitSearchProblem_FinalizeAt","0","","False","Pending"
"src/Solver/CCrackLimitSearchProblem.cls","CCrackLimitSearchProblem","285","Private","Sub","ILimitSearchProblem_FinalizeBracket","0","","False","Pending"
"src/Solver/CCrackLimitSearchProblem.cls","CCrackLimitSearchProblem","292","Private","Sub","ILimitSearchProblem_TryFinalizeAfterSearchFailure","0","","False","Pending"
"src/Solver/CCrackLimitSearchProblem.cls","CCrackLimitSearchProblem","295","Private","Function","ILimitSearchProblem_BuildResult","0","","False","Pending"
"src/Solver/CCrackLimitSearchProblem.cls","CCrackLimitSearchProblem","300","Private","Property Get","ILimitSearchProblem_StoppedTerminally","0","","False","Pending"
"src/Solver/CCrackLimitSearchProblem.cls","CCrackLimitSearchProblem","304","Private","Property Get","ILimitSearchProblem_StopReason","0","","False","Pending"
"src/Solver/CCrackLimitSearchProblem.cls","CCrackLimitSearchProblem","308","Private","Sub","ILimitSearchProblem_ClearStopReason","0","","False","Pending"
"src/Solver/CCrackLimitSearchProblem.cls","CCrackLimitSearchProblem","312","Private","Sub","ILimitSearchProblem_SetStopReasonIfEmpty","0","","False","Pending"
"src/Solver/CCrackLimitSearchProblem.cls","CCrackLimitSearchProblem","317","Private","Sub","ILimitSearchProblem_MergeFallback","1","Форматирует число для диагностического журнала с точкой как разделителем.","False","Pending"
"src/Solver/CCrackLimitSearchProblem.cls","CCrackLimitSearchProblem","322","Private","Function","FormatNumberInvariant","0","","False","Pending"
"src/Solver/CLimitSearchCoordinator.cls","CLimitSearchCoordinator","27","Public","Function","ExecuteCapacity","3","Выполняет поиск несущей способности по стратегии из request. Возвращает объект результата даже при неизвестной стратегии, чтобы вызывающий слой мог единообразно обработать ошибку настройки.","False","Pending"
"src/Solver/CLimitSearchCoordinator.cls","CLimitSearchCoordinator","53","Public","Function","ExecuteCrackFormation","3","Выполняет поиск образования нормальной трещины через тот же coordinator, который выбирает метод для capacity. Отличия CrackFormation остаются в CCrackFormationCalculator: критерий eps_bt,ult, путь нагрузки и material spec.","False","Pending"
"src/Solver/CLimitSearchCoordinator.cls","CLimitSearchCoordinator","62","Private","Function","ExecuteAutoCapacity","4","Сохраняет принятую Auto-логику: чисто осевая траектория сразу идет в LoadMultiplier, остальные траектории сначала пробуют UltimateStrain и только затем fallback на LoadMultiplier. Обе ветки запускаются через общий LimitSearch-слой, а CCapacitySolver остается только доменным callback-ом.","False","Pending"
"src/Solver/CLimitSearchCoordinator.cls","CLimitSearchCoordinator","90","Private","Function","ExecuteAutoCapacityLoadMultiplierFallback","3","Повторяет Auto-поиск capacity через LoadMultiplier после неудачного UltimateStrain и возвращает обновленный snapshot результата. Диагностика первой попытки сохраняется перед тем, как LoadMultiplier очистит поля solver-а.","False","Pending"
"src/Solver/CLimitSearchCoordinator.cls","CLimitSearchCoordinator","116","Private","Function","ExecuteCrackFormationCurrentPath","3","Запускает выбранный метод поиска на уже выбранном пути образования трещины. Для Auto-стратегии сначала используется UltimateStrain, а при численной неудаче - LoadMultiplier по той же физической траектории.","False","Pending"
"src/Solver/CLimitSearchCoordinator.cls","CLimitSearchCoordinator","141","Private","Function","ExecuteAutoStrategyCrackFormation","3","Внутренняя Auto-стратегия одного crack-пути: сначала прямой критерий UltimateStrain, затем fallback LoadMultiplier, если прямой поиск не дал принятого результата и не завершился физически окончательным состоянием.","False","Pending"
"src/Solver/CLimitSearchCoordinator.cls","CLimitSearchCoordinator","174","Private","Function","NormalizeStrategy","1","Нормализует пользовательскую строку стратегии без зависимости от Config-reader.","False","Pending"
"src/Solver/CLimitSearchRequest.cls","CLimitSearchRequest","51","Public","Sub","InitializeCapacity","3","Заполняет request для поиска несущей способности. Материалы и capacitySolver передаются готовыми, чтобы общий search-слой не зависел от Config, расчетного профиля и правил построения диаграмм.","False","Pending"
"src/Solver/CLimitSearchRequest.cls","CLimitSearchRequest","88","Public","Sub","InitializeCrackFormation","3","Заполняет request для поиска стадии образования нормальной трещины. На вход уже приходят материалы модели CrackInitiation; общий LimitSearch не выбирает профили и не знает о листе Config.","False","Pending"
"src/Solver/CLimitSearchRequest.cls","CLimitSearchRequest","124","Public","Sub","InitializeWithProblem","5","Заполняет request уже готовой доменной задачей LimitSearch. Этот вход нужен для контрактных тестов и будущих инженерных задач, где callback-объект уже создан снаружи. Он не заменяет строгие доменные фабрики Capacity/CrackFormation: те по-прежнему проверяют обязательные материалы и расчетную модель.","False","Pending"
"src/Solver/CLimitSearchRequest.cls","CLimitSearchRequest","158","Public","Property Get","Problem","0","","False","Pending"
"src/Solver/CLimitSearchRequest.cls","CLimitSearchRequest","162","Public","Property Get","Section","0","","False","Pending"
"src/Solver/CLimitSearchRequest.cls","CLimitSearchRequest","168","Public","Property Get","MaterialSpec","2","Возвращает небольшой снимок модели конечного состояния. Низкоуровневые задачи с тестовым Object material API могут не иметь profile-spec.","False","Pending"
"src/Solver/CLimitSearchRequest.cls","CLimitSearchRequest","172","Public","Property Get","ConcreteMaterial","0","","False","Pending"
"src/Solver/CLimitSearchRequest.cls","CLimitSearchRequest","176","Public","Property Get","SteelMaterial","0","","False","Pending"
"src/Solver/CLimitSearchRequest.cls","CLimitSearchRequest","180","Public","Property Get","SolutionStrategy","0","","False","Pending"
"src/Solver/CLimitSearchRequest.cls","CLimitSearchRequest","184","Public","Property Get","NOffset","0","","False","Pending"
"src/Solver/CLimitSearchRequest.cls","CLimitSearchRequest","188","Public","Property Get","NBase","0","","False","Pending"
"src/Solver/CLimitSearchRequest.cls","CLimitSearchRequest","192","Public","Property Get","MxOffset","0","","False","Pending"
"src/Solver/CLimitSearchRequest.cls","CLimitSearchRequest","196","Public","Property Get","MxBase","0","","False","Pending"
"src/Solver/CLimitSearchRequest.cls","CLimitSearchRequest","200","Public","Property Get","MyOffset","0","","False","Pending"
"src/Solver/CLimitSearchRequest.cls","CLimitSearchRequest","204","Public","Property Get","MyBase","0","","False","Pending"
"src/Solver/CLimitSearchRequest.cls","CLimitSearchRequest","208","Public","Property Get","ForceOnly","0","","False","Pending"
"src/Solver/CLimitSearchRequest.cls","CLimitSearchRequest","212","Public","Property Get","PureAxialForMethod","0","","False","Pending"
"src/Solver/CLimitSearchRequest.cls","CLimitSearchRequest","216","Public","Property Get","ResultKind","0","","False","Pending"
"src/Solver/CLimitSearchRequest.cls","CLimitSearchRequest","220","Public","Property Get","CrackFormationPath","0","","False","Pending"
"src/Solver/CLimitSearchRequest.cls","CLimitSearchRequest","224","Public","Property Get","TargetN","0","","False","Pending"
"src/Solver/CLimitSearchRequest.cls","CLimitSearchRequest","228","Public","Property Get","TargetMx","0","","False","Pending"
"src/Solver/CLimitSearchRequest.cls","CLimitSearchRequest","232","Public","Property Get","TargetMy","0","","False","Pending"
"src/Solver/CLimitSearchRequest.cls","CLimitSearchRequest","236","Public","Property Get","MomentMxAtReference","0","","False","Pending"
"src/Solver/CLimitSearchRequest.cls","CLimitSearchRequest","240","Public","Property Get","MomentMyAtReference","0","","False","Pending"
"src/Solver/CLimitSearchRequest.cls","CLimitSearchRequest","244","Public","Property Get","ReferenceX","0","","False","Pending"
"src/Solver/CLimitSearchRequest.cls","CLimitSearchRequest","248","Public","Property Get","ReferenceY","0","","False","Pending"
"src/Solver/CLimitSearchResult.cls","CLimitSearchResult","36","Private","Sub","Class_Initialize","1","Создает безопасный исход до получения результата задачи.","False","Pending"
"src/Solver/CLimitSearchResult.cls","CLimitSearchResult","44","Public","Sub","Initialize","2","Принимает готовый исход задачи и численный снимок без живых калькуляторов. Отсутствие найденной точки очищает ее числа и State при повторном заполнении.","False","Pending"
"src/Solver/CLimitSearchResult.cls","CLimitSearchResult","83","Private","Sub","ResetPoint","1","Очищает только данные точки; метаданные и журнал заполняет Initialize.","False","Pending"
"src/Solver/CLimitSearchResult.cls","CLimitSearchResult","93","Public","Sub","InitializeInvalidConfiguration","1","Формирует ошибку стратегии до выполнения численного поиска.","False","Pending"
"src/Solver/CLimitSearchResult.cls","CLimitSearchResult","105","Public","Function","Clone","3","Создает независимый контейнер Search: его повторная Initialize не меняет опубликованный engineering result. Конечный named-state остается одним неизменяемым снимком, не копируется по волокнам и не превращается в probe.","False","Pending"
"src/Solver/CLimitSearchResult.cls","CLimitSearchResult","115","Public","Property Get","Meta","1","Метаданные выдаются отдельной небольшой копией, а не mutable полем результата.","False","Pending"
"src/Solver/CLimitSearchResult.cls","CLimitSearchResult","120","Public","Property Get","RequestedStrategy","1","Простые getters ниже читают только сохраненный снимок.","False","Pending"
"src/Solver/CLimitSearchResult.cls","CLimitSearchResult","124","Public","Property Get","ActualMethod","0","","False","Pending"
"src/Solver/CLimitSearchResult.cls","CLimitSearchResult","128","Public","Property Get","ResultKind","0","","False","Pending"
"src/Solver/CLimitSearchResult.cls","CLimitSearchResult","132","Public","Property Get","Succeeded","0","","False","Pending"
"src/Solver/CLimitSearchResult.cls","CLimitSearchResult","136","Public","Property Get","SearchExecuted","0","","False","Pending"
"src/Solver/CLimitSearchResult.cls","CLimitSearchResult","140","Public","Property Get","Converged","0","","False","Pending"
"src/Solver/CLimitSearchResult.cls","CLimitSearchResult","144","Public","Property Get","StopReason","0","","False","Pending"
"src/Solver/CLimitSearchResult.cls","CLimitSearchResult","148","Public","Property Get","LimitState","0","","False","Pending"
"src/Solver/CLimitSearchResult.cls","CLimitSearchResult","152","Public","Property Get","LambdaUltimate","0","","False","Pending"
"src/Solver/CLimitSearchResult.cls","CLimitSearchResult","156","Public","Property Get","NUltimate","0","","False","Pending"
"src/Solver/CLimitSearchResult.cls","CLimitSearchResult","164","Public","Property Get","MxUltimate","0","","False","Pending"
"src/Solver/CLimitSearchResult.cls","CLimitSearchResult","172","Public","Property Get","MyUltimate","0","","False","Pending"
"src/Solver/CLimitSearchResult.cls","CLimitSearchResult","180","Public","Property Get","LastSolverDiagnosticLog","0","","False","Pending"
"src/Solver/CLimitSearchResult.cls","CLimitSearchResult","184","Public","Property Get","DiagnosticLog","0","","False","Pending"
"src/Solver/CLimitSearchResult.cls","CLimitSearchResult","188","Public","Property Get","HasLimitPoint","0","","False","Pending"
"src/Solver/CLimitSearchResult.cls","CLimitSearchResult","192","Public","Property Get","PointState","0","","False","Pending"
"src/Solver/CLinearSystem3x3.cls","CLinearSystem3x3","31","Public","Function","Solve","3","Решает систему 3x3 методом Гаусса с выбором ведущей строки. Возвращает False при вырожденной матрице, а найденные поправки и диагностические невязки сохраняет в свойствах класса.","False","Pending"
"src/Solver/CLinearSystem3x3.cls","CLinearSystem3x3","129","Public","Property Get","Solved","0","","False","Pending"
"src/Solver/CLinearSystem3x3.cls","CLinearSystem3x3","133","Public","Property Get","X1","0","","False","Pending"
"src/Solver/CLinearSystem3x3.cls","CLinearSystem3x3","137","Public","Property Get","X2","0","","False","Pending"
"src/Solver/CLinearSystem3x3.cls","CLinearSystem3x3","141","Public","Property Get","X3","0","","False","Pending"
"src/Solver/CLinearSystem3x3.cls","CLinearSystem3x3","145","Public","Property Get","Determinant","0","","False","Pending"
"src/Solver/CLinearSystem3x3.cls","CLinearSystem3x3","149","Public","Property Get","RelativeResidual","0","","False","Pending"
"src/Solver/CLinearSystem3x3.cls","CLinearSystem3x3","153","Public","Property Get","StopReason","0","","False","Pending"
"src/Solver/CLinearSystem3x3.cls","CLinearSystem3x3","164","Public","Property Get","AbsoluteResidual","6","========================================================================== ДЛЯ ТЕСТОВ ========================================================================== Абсолютная сумма невязок нужна unit-тестам линейного решателя. Рабочая численная логика обычно ориентируется на относительную невязку и StopReason, потому что абсолютный масштаб правой части может сильно отличаться.","False","Pending"
"src/Solver/CLoadMultiplierSearch.cls","CLoadMultiplierSearch","26","Public","Function","Execute","2","Выполняет общий LoadMultiplier независимо от инженерного вида задачи. Подготовка, начальный физический исход и приемка точки принадлежат callback-у.","False","Pending"
"src/Solver/CLoadMultiplierSearch.cls","CLoadMultiplierSearch","49","Private","Function","ContractFailure","2","Отсутствие обязательного внутреннего объекта является ошибкой контракта, а не ошибкой ввода пользователя и не численной несходимостью.","False","Pending"
"src/Solver/CLoadMultiplierSearch.cls","CLoadMultiplierSearch","62","Private","Sub","RunSearch","2","Решает начальную точку, находит скобку и запускает выбранный численный метод. Здесь нет проверки вида Capacity/Crack, нагрузки текущего LC или psi.","False","Pending"
"src/Solver/CLoadMultiplierSearch.cls","CLoadMultiplierSearch","88","Private","Function","ValidateSearchSettings","2","Проверяет численный диапазон до проб и арифметики. Нулевой bisection-budget означает уточнение до заданной точности с обязательным контролем прогресса.","False","Pending"
"src/Solver/CLoadMultiplierSearch.cls","CLoadMultiplierSearch","104","Private","Function","FindBracket","3","Единое расширение скобки: допустимая проба сдвигает нижнюю границу, достигнутый критерий задает верхнюю, а численная неудача требует recovery. Последняя проба всегда выполняется на MaxLambda, без пропуска хвоста интервала.","False","Pending"
"src/Solver/CLoadMultiplierSearch.cls","CLoadMultiplierSearch","158","Private","Sub","RunSearchInsideBracket","1","Запускает выбранный одномерный метод внутри уже найденной физической скобки.","False","Pending"
"src/Solver/CLoadMultiplierSearch.cls","CLoadMultiplierSearch","185","Private","Function","SearchByBisectionCore","3","Выполняет общий цикл bisection для уже найденной lambda-скобки. Capacity и CrackFormation используют один порядок пробных lambda-точек; различаются только callback оценки точки, смысл статуса предела и то, какая граница затем финализируется.","False","Pending"
"src/Solver/CLoadMultiplierSearch.cls","CLoadMultiplierSearch","239","Private","Sub","SearchByBrent","2","Защищенный Brent: пробует интерполяционный шаг и возвращается к скобке, если интерполяция становится рискованной.","False","Pending"
"src/Solver/CLoadMultiplierSearch.cls","CLoadMultiplierSearch","325","Private","Function","TryBrentStep","3","Вычисляет штатную интерполяцию Brent только при безопасной арифметике. Переполнение или вырождение отношения отвергает интерполяцию, а не скобку: вызывающий алгоритм продолжает обычным бисекционным шагом.","False","Pending"
"src/Solver/CLoadMultiplierSearch.cls","CLoadMultiplierSearch","352","Private","Function","TryBrentCandidate","2","Удерживает следующий шаг Brent внутри текущей, а не исходной скобки. Если сложение или минимальный шаг не представимы, пробует безопасную середину.","False","Pending"
"src/Solver/CLoadMultiplierSearch.cls","CLoadMultiplierSearch","374","Private","Sub","SearchBySecant","2","Метод секущих: строит следующую lambda по двум предыдущим значениям функции, но дополнительно удерживает точку внутри физической скобки.","False","Pending"
"src/Solver/CLoadMultiplierSearch.cls","CLoadMultiplierSearch","453","Private","Function","TrySecantCandidate","3","Нормирует значения функции перед разностью, чтобы сумма больших величин противоположных знаков не переполнилась. Не меняет критерий точности; небезопасная интерполяция заменяется шагом внутри подтвержденной скобки.","False","Pending"
"src/Solver/CLoadMultiplierSearch.cls","CLoadMultiplierSearch","469","Private","Sub","HandleBisectionIterationLimit","3","Фиксирует исчерпание итераций bisection как численную неудачу, если скобка все еще шире заданного допуска. Иначе search мог бы выдать недоточненную нижнюю границу как успешную найденную точку.","False","Pending"
"src/Solver/CLoadMultiplierSearch.cls","CLoadMultiplierSearch","482","Private","Sub","FinalizeAfterProbe","1","Пересчитывает итоговую lambda и передает доменному объекту финализацию.","False","Pending"
"src/Solver/CLoadMultiplierSearch.cls","CLoadMultiplierSearch","496","Private","Sub","FinalizeKnownProbe","3","Финализирует уже рассчитанную probe-точку без повторного solve. Это важно для Secant: верхняя точка физической скобки может быть найденной несошедшейся probe, пригодной как граница, но не как итоговое НДС.","False","Pending"
"src/Solver/CLoadMultiplierSearch.cls","CLoadMultiplierSearch","510","Private","Function","PreferredBisectionStartSolver","3","Выбирает стартовое НДС для следующей bisection-пробы. Предпочтителен сошедшийся снимок с допустимой стороны; если его нет, используется подтвержденная верхняя точка. Принятие warm-start решает callback.","False","Pending"
"src/Solver/CLoadMultiplierSearch.cls","CLoadMultiplierSearch","522","Private","Function","EvaluateBisectionPoint","3","Оценивает одну lambda-точку для общего bisection-цикла. Callback возвращает значение критерия и связанный с ним solver для warm-start и подтверждения конечной точки без повторного solve.","False","Pending"
"src/Solver/CLoadMultiplierSearch.cls","CLoadMultiplierSearch","533","Private","Sub","HandleBisectionEvaluationFailure","3","Возвращает доменному объекту понятную причину отказа пробной lambda-точки. Первичная окончательная причина callback-а должна сохраняться; численная ошибка относится только к пробе без подтвержденного равновесия.","False","Pending"
"src/Solver/CLoadMultiplierSearch.cls","CLoadMultiplierSearch","542","Private","Sub","HandleBisectionNumericalFailure","1","Обрабатывает статус NumericalFailure, если callback смог классифицировать точку без обычного False.","False","Pending"
"src/Solver/CLoadMultiplierSearch.cls","CLoadMultiplierSearch","549","Private","Sub","HandleBisectionUnexpectedState","2","Защищает общий bisection от неизвестного статуса пробной точки. Такая ситуация означает не физический результат, а нарушение контракта callback-а.","False","Pending"
"src/Solver/CLoadMultiplierSearch.cls","CLoadMultiplierSearch","555","Private","Function","EvaluateLimitFunction","1","Оценивает целевую функцию для интерполяционного шага одномерного метода.","False","Pending"
"src/Solver/CLoadMultiplierSearch.cls","CLoadMultiplierSearch","566","Private","Function","EvaluateLimitPoint","3","Оценивает capacity lambda-точку и возвращает связанный с ней solver-снимок. Secant хранит этот снимок вместе с границей скобки, чтобы финализация не брала LastSolver от другой probe-точки.","False","Pending"
"src/Solver/CLoadMultiplierSearch.cls","CLoadMultiplierSearch","575","Private","Function","IsAcceptableState","1","Проверяет, что lambda-точка находится ниже предела.","False","Pending"
"src/Solver/CLoadMultiplierSearch.cls","CLoadMultiplierSearch","580","Private","Function","IsLimitState","1","Проверяет, что lambda-точка находится на физическом пределе.","False","Pending"
"src/Solver/CLoadMultiplierSearch.cls","CLoadMultiplierSearch","585","Private","Function","IsNumericalFailureState","1","Проверяет, что отказ lambda-точки является численной неудачей.","False","Pending"
"src/Solver/CLoadMultiplierSearch.cls","CLoadMultiplierSearch","593","Private","Function","CanFinalizeSecantProbe","4","Проверяет, можно ли использовать Secant-probe как итоговое НДС. Acceptable-точка уже находится с безопасной стороны. Limit-точка допустима только если внутренний CSectionSolver действительно сошелся; несошедшаяся физическая probe остается только верхней границей поиска.","False","Pending"
"src/Solver/CLoadMultiplierSearch.cls","CLoadMultiplierSearch","609","Private","Function","GuardSecantCandidate","1","Удерживает Secant-кандидат внутри найденной физической скобки.","False","Pending"
"src/Solver/CLoadMultiplierSearch.cls","CLoadMultiplierSearch","637","Private","Sub","UpdateSecantBracket","1","Обновляет защитную физическую скобку Secant.","False","Pending"
"src/Solver/CLoadMultiplierSearch.cls","CLoadMultiplierSearch","656","Private","Function","IsFiniteNumber","1","Проверяет, что число конечно и пригодно для дальнейшей арифметики.","False","Pending"
"src/Solver/CLoadMultiplierSearch.cls","CLoadMultiplierSearch","664","Private","Function","SafeMidpoint","2","Середина неотрицательных lambda-границ без переполнения их суммы. Порядок аргументов может быть обратным в локальной скобке Brent.","False","Pending"
"src/Solver/CLoadMultiplierSearch.cls","CLoadMultiplierSearch","669","Private","Function","FormatNumberInvariant","1","Форматирует число для диагностического журнала с точкой как разделителем.","False","Pending"
"src/Solver/CLoadMultiplierSearch.cls","CLoadMultiplierSearch","678","Private","Function","MinDouble","1","Утилитарный минимум без WorksheetFunction в расчетном ядре.","False","Pending"
"src/Solver/CLoadMultiplierSearch.cls","CLoadMultiplierSearch","683","Private","Function","MaxDouble","1","Утилитарный максимум без WorksheetFunction в расчетном ядре.","False","Pending"
"src/Solver/CSectionSolver.cls","CSectionSolver","95","Private","Sub","Class_Initialize","5","------------------------------ Настройки по умолчанию ------------------------------ Значения достаточно устойчивы для тестовой книги. Excel-слой может заменить их через ApplySettings перед запуском расчета.","False","Pending"
"src/Solver/CSectionSolver.cls","CSectionSolver","118","Public","Sub","ApplySettings","6","------------------------------ Чтение настроек решателя ------------------------------ Забирает численные параметры из CSystemSettingsReader. Если передан CUnitSystem, пользовательские допуски переводятся во внутренние единицы, чтобы дальше solver работал только в одной системе.","False","Pending"
"src/Solver/CSectionSolver.cls","CSectionSolver","151","Public","Sub","Solve","6","------------------------------ Основной расчет равновесия ------------------------------ Подбирает epsilon0, kappaX и kappaY для заданных N, Mx, My. Нагрузка может прикладываться ступенями: каждая следующая ступень стартует с предыдущего состояния, что повышает устойчивость на нелинейных диаграммах материалов.","False","Pending"
"src/Solver/CSectionSolver.cls","CSectionSolver","218","Public","Sub","EvaluateStrainPlane","6","------------------------------ Оценка заданной плоскости деформаций ------------------------------ Используется, когда epsilon0/kappaX/kappaY уже известны и нужно только посчитать внутренние усилия, напряжения и предельные деформации без итерационного подбора равновесия.","False","Pending"
"src/Solver/CSectionSolver.cls","CSectionSolver","237","Public","Function","ConfirmEquilibrium","3","Проверяет уже оцененную плоскость по заданным усилиям без нового solve. Только эта проверка превращает EvaluateStrainPlane в подтвержденное равновесие; напряжения и деформации при этом не меняются.","False","Pending"
"src/Solver/CSectionSolver.cls","CSectionSolver","254","Private","Function","SolveSelectedLoadStep","2","Выбирает Newton или Secant для одной ступени нагрузки. Неверное имя метода не подменяется запасным алгоритмом, а сразу дает InputError.","False","Pending"
"src/Solver/CSectionSolver.cls","CSectionSolver","276","Private","Function","SolveNewtonLoadStep","6","------------------------------ Шаг Newton ------------------------------ На каждой итерации считаем текущую невязку равновесия, собираем касательную матрицу K и решаем K * delta = -R. Затем шаг ограничивается по величине и принимается через line search, чтобы не прыгнуть в состояние с худшей невязкой.","False","Pending"
"src/Solver/CSectionSolver.cls","CSectionSolver","344","Private","Function","SolveSecantLoadStep","3","Решает одну ступень нагрузки методом Secant/Broyden без аналитической касательной матрицы. Метод использует численную начальную матрицу, обновляет ее по Бройдену и при необходимости ограниченно перезапускает.","False","Pending"
"src/Solver/CSectionSolver.cls","CSectionSolver","438","Private","Sub","RefreshCurrentState","2","Пересчитывает внутренние усилия для текущей плоскости деформаций и сразу обновляет невязки относительно целевого вектора нагрузки.","False","Pending"
"src/Solver/CSectionSolver.cls","CSectionSolver","448","Private","Sub","EvaluateSecantResidual","3","Служебно оценивает невязку Secant в произвольной плоскости деформаций. Основное состояние solver-а после вызова остается синхронизированным через SetResiduals, чтобы диагностика и последующий шаг видели актуальные R.","False","Pending"
"src/Solver/CSectionSolver.cls","CSectionSolver","464","Private","Function","BuildInitialSecantMatrix","3","Строит начальную численную матрицу чувствительности для Secant. Производные берутся центральными разностями по epsilon0, kappaX и kappaY, чтобы метод мог стартовать без касательной матрицы материала.","False","Pending"
"src/Solver/CSectionSolver.cls","CSectionSolver","491","Private","Sub","BuildSecantJacobianColumn","3","Заполняет один столбец начальной Secant-матрицы центральной разностью. В колонку попадает изменение невязок N/Mx/My при малом изменении одного параметра плоскости деформаций.","False","Pending"
"src/Solver/CSectionSolver.cls","CSectionSolver","526","Private","Function","SolveSecantCorrection","2","Решает линейную систему Secant для поправки плоскости деформаций. Возвращает False, если матрица вырождена или полученный шаг нечисловой.","False","Pending"
"src/Solver/CSectionSolver.cls","CSectionSolver","547","Private","Function","UpdateBroydenMatrix","3","Обновляет приближенную матрицу чувствительности по формуле Бройдена. Если шаг слишком мал или новая матрица выглядит нечисловой, вызывающий код должен пересобрать матрицу с нуля.","False","Pending"
"src/Solver/CSectionSolver.cls","CSectionSolver","585","Private","Function","RestartSecantMatrix","2","Пересобирает Secant-матрицу после застоя, плохого line search или неудачного обновления Бройдена. Количество перезапусков ограничено настройкой solver-а.","False","Pending"
"src/Solver/CSectionSolver.cls","CSectionSolver","606","Private","Function","SecantStepNorm","2","Возвращает простую норму шага Secant по трем параметрам плоскости. Она нужна только для обнаружения численного застоя.","False","Pending"
"src/Solver/CSectionSolver.cls","CSectionSolver","612","Private","Function","EstimateMatrixCondition","2","Дает грубую оценку разброса элементов матрицы чувствительности. Это диагностический индикатор вырожденности, а не строгий condition number.","False","Pending"
"src/Solver/CSectionSolver.cls","CSectionSolver","633","Private","Function","AcceptStep","2","Принимает или отклоняет найденную поправку Newton/Secant. При включенном line search метод дробит шаг, пока норма невязки не перестанет ухудшаться.","False","Pending"
"src/Solver/CSectionSolver.cls","CSectionSolver","689","Private","Function","LimitIncrement","2","Ограничивает приращения epsilon0 и кривизн пользовательскими лимитами. Возвращает множитель, на который был уменьшен исходный расчетный шаг.","False","Pending"
"src/Solver/CSectionSolver.cls","CSectionSolver","712","Private","Sub","EvaluateState","3","Пересчитывает состояние и записывает внутренние усилия в поля solver-а. Если buildTangent=True, дополнительно собираются касательная матрица и экстремальные деформации/напряжения для Results.","False","Pending"
"src/Solver/CSectionSolver.cls","CSectionSolver","721","Private","Sub","EvaluateStateInto","3","Интегрирует напряжения по бетонным и арматурным элементам для заданной плоскости деформаций. Это самая горячая операция solver-а; она работает через CSectionModel и не обращается к Excel.","False","Pending"
"src/Solver/CSectionSolver.cls","CSectionSolver","854","Private","Sub","ClearTangent","1","Очищает касательную матрицу перед новой сборкой производных равновесия.","False","Pending"
"src/Solver/CSectionSolver.cls","CSectionSolver","864","Private","Sub","AddTangent","3","Добавляет вклад одного элемента в касательную матрицу равновесия. axialStiffness уже включает E_tangent * Area, поэтому здесь остается только умножение на координаты по правилу моментов.","False","Pending"
"src/Solver/CSectionSolver.cls","CSectionSolver","878","Private","Sub","SetResiduals","2","Обновляет абсолютные и относительные невязки равновесия после очередной оценки внутренних усилий.","False","Pending"
"src/Solver/CSectionSolver.cls","CSectionSolver","889","Private","Function","IsConverged","2","Проверяет выполнение трех независимых условий равновесия по абсолютным допускам solver-а.","False","Pending"
"src/Solver/CSectionSolver.cls","CSectionSolver","898","Private","Function","ResidualNorm","3","Собирает безразмерную норму невязки для line search и диагностики. Нормировка идет по максимуму из заданного solver tolerance и малой доли целевого усилия, чтобы крупные нагрузки не доминировали численно.","False","Pending"
"src/Solver/CSectionSolver.cls","CSectionSolver","906","Private","Function","RelativeResidual","1","Возвращает относительную невязку, а для нулевого target - абсолютную.","False","Pending"
"src/Solver/CSectionSolver.cls","CSectionSolver","916","Private","Sub","AppendDiagnostics","2","Записывает одну строку подробной диагностики итераций solver-а. Диагностика включается только для отчета/тестов и не влияет на расчет.","False","Pending"
"src/Solver/CSectionSolver.cls","CSectionSolver","945","Private","Function","ValidateInputs","2","Проверяет модель и настройки до численных итераций. Программная зависимость, входная геометрия и ошибочная конфигурация имеют разные машинные причины.","False","Pending"
"src/Solver/CSectionSolver.cls","CSectionSolver","979","Private","Sub","SetValidationFailure","1","Сохраняет терминальную причину проверки контракта без фиктивного solve.","False","Pending"
"src/Solver/CSectionSolver.cls","CSectionSolver","987","Private","Function","ValidateSolverMethod","2","Нормализует выбранный численный метод и формирует InputError при неизвестном значении Solver.Method.","False","Pending"
"src/Solver/CSectionSolver.cls","CSectionSolver","1003","Public","Sub","ClearResult","2","Очищает результаты последнего solve, но не сбрасывает настройки solver-а и заданное начальное приближение.","False","Pending"
"src/Solver/CSectionSolver.cls","CSectionSolver","1036","Public","Sub","SetInitialState","2","Задает стартовую плоскость деформаций для следующего solve. Используется warm-start сценариями: трещины, несущая способность и continuation-поиски.","False","Pending"
"src/Solver/CSectionSolver.cls","CSectionSolver","1046","Public","Sub","SetInitialLoadState","3","Задает стартовую плоскость вместе с нагрузкой, относительно которой эта плоскость уже была уравновешена. Это позволяет прикладывать следующую нагрузку ступенями от известной точки, а не от нуля.","False","Pending"
"src/Solver/CSectionSolver.cls","CSectionSolver","1056","Public","Sub","ClearInitialState","1","Сбрасывает warm-start перед независимым расчетом нового состояния.","False","Pending"
"src/Solver/CSectionSolver.cls","CSectionSolver","1064","Private","Function","MinDouble","1","Утилитарный минимум без WorksheetFunction в горячем коде solver-а.","False","Pending"
"src/Solver/CSectionSolver.cls","CSectionSolver","1069","Private","Function","MaxDouble","1","Утилитарный максимум без WorksheetFunction в горячем коде solver-а.","False","Pending"
"src/Solver/CSectionSolver.cls","CSectionSolver","1075","Private","Function","FormatNumberInvariant","2","Форматирует число для диагностического журнала с точкой как разделителем, чтобы отчет был одинаковым при разных региональных настройках Excel.","False","Pending"
"src/Solver/CSectionSolver.cls","CSectionSolver","1080","Private","Function","IsFiniteNumber","1","Проверяет, что число конечно и не является NaN/overflow-маркером.","False","Pending"
"src/Solver/CSectionSolver.cls","CSectionSolver","1084","Public","Property Get","Converged","0","","False","Pending"
"src/Solver/CSectionSolver.cls","CSectionSolver","1088","Public","Property Get","StopReason","0","","False","Pending"
"src/Solver/CSectionSolver.cls","CSectionSolver","1094","Public","Property Get","FailureCode","2","Возвращает машинную причину отказа последнего solve. Расчетные слои используют ее вместо анализа текста StopReason.","False","Pending"
"src/Solver/CSectionSolver.cls","CSectionSolver","1098","Public","Property Get","Epsilon0","0","","False","Pending"
"src/Solver/CSectionSolver.cls","CSectionSolver","1102","Public","Property Get","KappaX","0","","False","Pending"
"src/Solver/CSectionSolver.cls","CSectionSolver","1106","Public","Property Get","KappaY","0","","False","Pending"
"src/Solver/CSectionSolver.cls","CSectionSolver","1110","Public","Property Get","Nint","0","","False","Pending"
"src/Solver/CSectionSolver.cls","CSectionSolver","1114","Public","Property Get","Mxint","0","","False","Pending"
"src/Solver/CSectionSolver.cls","CSectionSolver","1118","Public","Property Get","Myint","0","","False","Pending"
"src/Solver/CSectionSolver.cls","CSectionSolver","1122","Public","Property Get","ResidualN","0","","False","Pending"
"src/Solver/CSectionSolver.cls","CSectionSolver","1126","Public","Property Get","ResidualMx","0","","False","Pending"
"src/Solver/CSectionSolver.cls","CSectionSolver","1130","Public","Property Get","ResidualMy","0","","False","Pending"
"src/Solver/CSectionSolver.cls","CSectionSolver","1134","Public","Property Get","RelativeResidualN","0","","False","Pending"
"src/Solver/CSectionSolver.cls","CSectionSolver","1138","Public","Property Get","RelativeResidualMx","0","","False","Pending"
"src/Solver/CSectionSolver.cls","CSectionSolver","1142","Public","Property Get","RelativeResidualMy","0","","False","Pending"
"src/Solver/CSectionSolver.cls","CSectionSolver","1146","Public","Property Get","MinConcreteStrain","0","","False","Pending"
"src/Solver/CSectionSolver.cls","CSectionSolver","1150","Public","Property Get","MaxConcreteStrain","0","","False","Pending"
"src/Solver/CSectionSolver.cls","CSectionSolver","1154","Public","Property Get","MaxConcreteCompressionStress","0","","False","Pending"
"src/Solver/CSectionSolver.cls","CSectionSolver","1158","Public","Property Get","MinConcreteStress","0","","False","Pending"
"src/Solver/CSectionSolver.cls","CSectionSolver","1162","Public","Property Get","MaxConcreteStress","0","","False","Pending"
"src/Solver/CSectionSolver.cls","CSectionSolver","1166","Public","Property Get","HasConcreteCompression","0","","False","Pending"
"src/Solver/CSectionSolver.cls","CSectionSolver","1170","Public","Property Get","HasConcreteTension","0","","False","Pending"
"src/Solver/CSectionSolver.cls","CSectionSolver","1174","Public","Property Get","MinSteelStrain","0","","False","Pending"
"src/Solver/CSectionSolver.cls","CSectionSolver","1178","Public","Property Get","MaxSteelStrain","0","","False","Pending"
"src/Solver/CSectionSolver.cls","CSectionSolver","1182","Public","Property Get","MaxAbsSteelStrain","0","","False","Pending"
"src/Solver/CSectionSolver.cls","CSectionSolver","1186","Public","Property Get","MinSteelStress","0","","False","Pending"
"src/Solver/CSectionSolver.cls","CSectionSolver","1190","Public","Property Get","MaxSteelStress","0","","False","Pending"
"src/Solver/CSectionSolver.cls","CSectionSolver","1194","Public","Property Get","HasSteelCompression","0","","False","Pending"
"src/Solver/CSectionSolver.cls","CSectionSolver","1198","Public","Property Get","HasSteelTension","0","","False","Pending"
"src/Solver/CSectionSolver.cls","CSectionSolver","1202","Public","Property Get","Iterations","0","","False","Pending"
"src/Solver/CSectionSolver.cls","CSectionSolver","1206","Public","Property Get","Tangent","0","","False","Pending"
"src/Solver/CSectionSolver.cls","CSectionSolver","1210","Public","Property Get","DiagnosticLog","0","","False","Pending"
"src/Solver/CSectionSolver.cls","CSectionSolver","1214","Public","Property Get","SolverMethod","0","","False","Pending"
"src/Solver/CSectionSolver.cls","CSectionSolver","1218","Public","Property Get","LastResidualNorm","0","","False","Pending"
"src/Solver/CSectionSolver.cls","CSectionSolver","1222","Public","Property Get","LastStepNorm","0","","False","Pending"
"src/Solver/CSectionSolver.cls","CSectionSolver","1226","Public","Property Get","LastMatrixConditionEstimate","0","","False","Pending"
"src/Solver/CSectionSolver.cls","CSectionSolver","1230","Public","Property Let","MaxIterations","0","","False","Pending"
"src/Solver/CSectionSolver.cls","CSectionSolver","1234","Public","Property Let","LoadSteps","0","","False","Pending"
"src/Solver/CSectionSolver.cls","CSectionSolver","1238","Public","Property Let","ToleranceN","0","","False","Pending"
"src/Solver/CSectionSolver.cls","CSectionSolver","1242","Public","Property Let","ToleranceMx","0","","False","Pending"
"src/Solver/CSectionSolver.cls","CSectionSolver","1246","Public","Property Let","ToleranceMy","0","","False","Pending"
"src/Solver/CSectionSolver.cls","CSectionSolver","1250","Public","Property Let","LineSearchEnabled","0","","False","Pending"
"src/Solver/CSectionSolver.cls","CSectionSolver","1254","Public","Property Let","DampingInitial","0","","False","Pending"
"src/Solver/CSectionSolver.cls","CSectionSolver","1258","Public","Property Let","MinLineSearchAlpha","0","","False","Pending"
"src/Solver/CSectionSolver.cls","CSectionSolver","1262","Public","Property Let","SolverMethod","0","","False","Pending"
"src/Solver/CSectionSolver.cls","CSectionSolver","1266","Public","Property Let","SecantMaxRestarts","0","","False","Pending"
"src/Solver/CSectionSolver.cls","CSectionSolver","1270","Public","Property Let","SecantMinStepNorm","0","","False","Pending"
"src/Solver/CSectionSolver.cls","CSectionSolver","1274","Public","Property Let","MaxDeltaEpsilon0","0","","False","Pending"
"src/Solver/CSectionSolver.cls","CSectionSolver","1278","Public","Property Let","MaxDeltaKappa","0","","False","Pending"
"src/Solver/CSectionSolver.cls","CSectionSolver","1290","Public","Property Get","LoadStepsCompleted","7","========================================================================== ДЛЯ ТЕСТОВ ========================================================================== Эти свойства и настройки раскрывают внутренний ход Newton/Secant. Они нужны unit- и regression-тестам, чтобы отличать ветки алгоритма, считать пробные пересчеты усилий и проверять рестарты матрицы. Пользовательский расчет использует сходимость, найденные деформации, внутренние усилия и DiagnosticLog.","False","Pending"
"src/Solver/CSectionSolver.cls","CSectionSolver","1294","Public","Property Get","InternalForceEvaluationCount","0","","False","Pending"
"src/Solver/CSectionSolver.cls","CSectionSolver","1298","Public","Property Get","InternalNewtonCallCount","0","","False","Pending"
"src/Solver/CSectionSolver.cls","CSectionSolver","1302","Public","Property Get","MatrixRestartCount","0","","False","Pending"
"src/Solver/CSectionSolver.cls","CSectionSolver","1306","Public","Property Let","DiagnosticsEnabled","0","","False","Pending"
"src/Solver/CStateGuessBuilder.cls","CStateGuessBuilder","52","Public","Function","BuildForDirectState","8","Строит стартовую плоскость для штатного прямого НДС. Метод особенно полезен для чистого изгиба N=0: старт из нулевой плоскости попадает ровно в излом диаграммы бетона, где сжатая производная ненулевая, а растянутая ветвь при Ignore уже выключена. Здесь сначала строится грубая линейно-упругая плоскость, затем несколько раз уточняется active-set кусочно-линейной диаграммы. Полученная плоскость не является результатом: она только помогает CSectionSolver начать итерации с правильной стороны излома диаграммы.","False","Pending"
"src/Solver/CStateGuessBuilder.cls","CStateGuessBuilder","88","Public","Function","BuildForExtensionState","7","Строит стартовую плоскость для повторной попытки прямого StateSolution. Метод сначала использует форму деформаций, которую уже нашел несошедшийся solver: это важно для изгиба N + Mx + My, где отношение kappaX/kappaY несет информацию о направлении нейтральной линии. Если такая форма непригодна, используется более грубая линейная оценка по extension-ветвям материалов. Это не ""следующая итерация"" основного solver-а, а новый старт перед новым вызовом solve на той же нагрузке и той же расширенной StateSolution-диаграмме.","False","Pending"
"src/Solver/CStateGuessBuilder.cls","CStateGuessBuilder","110","Public","Property Get","ExtensionAttemptCount","3","Возвращает число независимых вариантов стартовой плоскости. Batch-слой использует это, чтобы не останавливаться на первом варианте, если сам повторный solve на нем численно не сошелся.","False","Pending"
"src/Solver/CStateGuessBuilder.cls","CStateGuessBuilder","115","Public","Function","ExtensionAttemptName","1","Дает короткое имя варианта старта для диагностического txt-отчета.","False","Pending"
"src/Solver/CStateGuessBuilder.cls","CStateGuessBuilder","130","Public","Function","BuildAttemptForExtensionState","4","Строит конкретный вариант стартовой плоскости для повторного solve. Варианты идут от наиболее расчетно осмысленного к более простым fallback: если один старт плохо подошел для Newton/Secant, следующий может оказаться устойчивее без изменения диаграмм и без подмены расчетной физики.","False","Pending"
"src/Solver/CStateGuessBuilder.cls","CStateGuessBuilder","156","Private","Function","TryBuildFromFailedState","4","Использует последнюю плоскость несошедшегося solver-а как подсказку. Если первая попытка уже уперлась в физический предел, эта форма обычно правильно отражает изгибную картину; нужно только пересобрать линейную оценку по тем элементам, которые в этой форме попали бы в technical extension.","False","Pending"
"src/Solver/CStateGuessBuilder.cls","CStateGuessBuilder","178","Private","Function","TryBuildFromTrialPlane","5","Собирает линейную систему по полной касательной модели в пробной плоскости. Для изгиба важно учитывать не только элементы с ненулевой касательной, но и постоянные усилия от плато/обычных участков диаграммы. Иначе правая часть равновесия получается искаженной, и старт может быть хуже, чем сама первая несошедшаяся попытка.","False","Pending"
"src/Solver/CStateGuessBuilder.cls","CStateGuessBuilder","236","Private","Function","TrySolveLinearizedTrialPlane","4","Решает одну линейную задачу равновесия относительно заданной пробной плоскости деформаций. Здесь нет итераций Newton: мы только берем текущие касательные участки диаграмм и представляем sigma(epsilon) как E_t * epsilon + intercept для каждого элемента.","False","Pending"
"src/Solver/CStateGuessBuilder.cls","CStateGuessBuilder","283","Private","Function","TryBuildNearZeroElasticPlane","4","Строит первую линейно-упругую оценку около нулевого состояния. Сжатый малый sample нужен, чтобы бетонная ветвь с Ignore не стартовала из полностью нулевой жесткости. Следующий active-set шаг уже сам выключит те бетонные элементы, которые по найденной пробной плоскости ушли в растяжение.","False","Pending"
"src/Solver/CStateGuessBuilder.cls","CStateGuessBuilder","317","Private","Function","TryBuildGlobalExtensionEquilibrium","5","Строит грубую глобальную оценку по знаку продольной силы. Для растяжения работает арматура в tension-extension. Для сжатия работают бетонные волокна в compression-extension и сжатая арматура. Моменты Mx/My все равно входят в правую часть системы, поэтому оценка не ограничена только чистой осевой силой.","False","Pending"
"src/Solver/CStateGuessBuilder.cls","CStateGuessBuilder","376","Private","Function","TryBuildUniformExtensionShift","4","Сдвигает уже найденную форму деформаций к ближайшей extension-области без изменения кривизн. Это простой запасной вариант: если первая попытка хорошо определила направление изгиба, но остановилась на плато, достаточно подвинуть epsilon0, чтобы solver начал вторую попытку за eps_ult.","False","Pending"
"src/Solver/CStateGuessBuilder.cls","CStateGuessBuilder","406","Private","Function","TryBuildScaledFailedState","3","Последний мягкий fallback: сохраняем форму несошедшегося состояния и только масштабируем ее до ближайшего physical limit. Это менее точная оценка, чем линейная система по активным extension-ветвям, но она часто лучше нуля.","False","Pending"
"src/Solver/CStateGuessBuilder.cls","CStateGuessBuilder","415","Private","Function","TryBuildAxialZeroGuess","3","Если первая попытка не дала вообще никакой формы, используем знак N только как аварийное начальное приближение. Полное равновесие по-прежнему будет искать CSectionSolver на следующем шаге.","False","Pending"
"src/Solver/CStateGuessBuilder.cls","CStateGuessBuilder","431","Private","Function","BuildExtensionTrialPlane","4","Создает пробную плоскость из несошедшегося solver-а: либо берет уже найденное состояние за физическим пределом, либо масштабирует его до небольшого выхода за ближайший предел. Метод не решает равновесие, а только подготавливает форму деформаций для выбора активных extension-элементов.","False","Pending"
"src/Solver/CStateGuessBuilder.cls","CStateGuessBuilder","476","Private","Sub","AccumulateMaterialElement","5","Добавляет вклад одного элемента в линейную систему равновесия. В любой кусочно-линейной точке sigma можно представить как sigma = E_t * epsilon + intercept. Если E_t = 0 на плато, элемент не добавляет жесткость в матрицу, но его постоянное усилие обязательно остается в правой части через n0/mx0/my0.","False","Pending"
"src/Solver/CStateGuessBuilder.cls","CStateGuessBuilder","494","Private","Sub","AccumulateLinearElement","3","Добавляет в систему один уже линеаризованный элемент. На вход приходит касательная E_t и напряжение sigma в sample-точке; дальше элемент дает жесткость E_t*A и постоянную часть от intercept = sigma - E_t*epsilon.","False","Pending"
"src/Solver/CStateGuessBuilder.cls","CStateGuessBuilder","532","Private","Sub","AccumulateRebarElement","4","Добавляет вклад арматурного стержня так же, как это делает CSectionSolver: из диаграммы стали вычитается диаграмма бетона в той же точке. Это нужно, потому что бетонные конечные элементы уже интегрируются по полной сетке, а площадь стержня заменяет бетон сталью, а не добавляется поверх бетона.","False","Pending"
"src/Solver/CStateGuessBuilder.cls","CStateGuessBuilder","554","Private","Function","SolveLinearizedSystem","3","Решает линейное равновесие, полученное из активных участков диаграмм. Если активных элементов нет или матрица вырождена, builder просто отдает управление следующему fallback-способу.","False","Pending"
"src/Solver/CStateGuessBuilder.cls","CStateGuessBuilder","579","Private","Sub","PushRebarsIntoTensionExtension","3","Подталкивает глобальную растянутую оценку так, чтобы хотя бы крайние стержни не остались на физическом плато. Так solver сразу получает рабочий наклон для осевого растяжения, но не заменяет последующий solve.","False","Pending"
"src/Solver/CStateGuessBuilder.cls","CStateGuessBuilder","602","Private","Function","CandidateUsesExtension","3","Проверяет, что стартовая плоскость действительно попала в technical extension хотя бы одним элементом. Иначе повторный solve начнется в той же физической области плато и не получит новой касательной жесткости.","False","Pending"
"src/Solver/CStateGuessBuilder.cls","CStateGuessBuilder","626","Private","Function","TryTensionExtensionSample","1","Возвращает sample-деформацию на растянутой extension-ветви материала.","False","Pending"
"src/Solver/CStateGuessBuilder.cls","CStateGuessBuilder","636","Private","Function","TryCompressionExtensionSample","1","Возвращает sample-деформацию на сжатой extension-ветви материала.","False","Pending"
"src/Solver/CStateGuessBuilder.cls","CStateGuessBuilder","646","Private","Function","FailedStateAlreadyInExtension","1","Возвращает True, если несошедшийся solver уже вышел за физический eps_ult.","False","Pending"
"src/Solver/CStateGuessBuilder.cls","CStateGuessBuilder","665","Private","Function","ExtensionScaleForPositiveLimit","1","Масштаб до ближайшего растянутого physical limit.","False","Pending"
"src/Solver/CStateGuessBuilder.cls","CStateGuessBuilder","673","Private","Function","ExtensionScaleForNegativeLimit","1","Масштаб до ближайшего сжатого physical limit.","False","Pending"
"src/Solver/CStateGuessBuilder.cls","CStateGuessBuilder","681","Private","Function","PlaneStrain","1","Деформация точки в принятой НДМ-плоскости.","False","Pending"
"src/Solver/CStateGuessBuilder.cls","CStateGuessBuilder","689","Private","Function","ExtensionPlaneClose","3","Проверяет, изменилась ли плоскость после очередного active-set шага. Если почти не изменилась, дальнейшие пересборки дадут тот же набор участков диаграмм, поэтому старт можно отдавать обычному solver-у.","False","Pending"
"src/Solver/CStateGuessBuilder.cls","CStateGuessBuilder","698","Private","Function","MaxDouble","2","Локальный минимум/максимум оставлены в классе, чтобы построение стартовых плоскостей не зависело от Excel WorksheetFunction и не создавало Variant.","False","Pending"
"src/Solver/CStateGuessBuilder.cls","CStateGuessBuilder","703","Private","Function","MinDouble","1","Парная утилита к MaxDouble для ограничений и масштабов стартовой плоскости.","False","Pending"
"src/Solver/CStateSolutionRunner.cls","CStateSolutionRunner","57","Private","Sub","Class_Initialize","1","Задает безопасные настройки по умолчанию для unit-тестов и вызовов без Config.","False","Pending"
"src/Solver/CStateSolutionRunner.cls","CStateSolutionRunner","78","Friend","Sub","BeginRetryAttemptSession","3","Открывает локальную память численных retries для одного поиска на неизменных материалах и модели. Основной solve не кешируется, успешный/failed State не публикуется; другая плоскость или options всегда дают отдельную попытку.","False","Pending"
"src/Solver/CStateSolutionRunner.cls","CStateSolutionRunner","93","Public","Function","RestoreSnapshot","3","Восстанавливает вычисляемый снимок найденного named-state без поиска равновесия. Материалы и сечение должны принадлежать тому же контексту; сохраненные целевые усилия проверяются повторно, число solve не увеличивается.","False","Pending"
"src/Solver/CStateSolutionRunner.cls","CStateSolutionRunner","113","Public","Sub","Solve","4","Решает прямое равновесие от заданного LC. allowExtensionWarmStart означает не сам факт включения extension в материалах, а разрешение на вторую серию стартов, если первая попытка CSectionSolver не нашла равновесие. Сами диаграммы при этом уже переданы снаружи.","False","Pending"
"src/Solver/CStateSolutionRunner.cls","CStateSolutionRunner","126","Public","Sub","SolveWithInitialSolver","5","Решает прямое равновесие от заданного LC, начиная не с нулевой плоскости, а с уже найденного solver-а. Это общий путь для служебных состояний вроде PostCrackState: они получают ту же централизованную настройку solver-а, диагностику и fallback-логику, что и обычные Strength/CrackedState, но могут стартовать от близкого физического состояния на том же уровне нагрузки.","False","Pending"
"src/Solver/CStateSolutionRunner.cls","CStateSolutionRunner","177","Public","Sub","SolveWithInitialLoadState","5","Решает прямое равновесие от заданного LC с явной стартовой нагрузкой. Этот вход нужен search-probe-ам Capacity: предыдущая lambda-точка задает не только eps0/kappa, но и уровень нагрузки, от которого solver должен перейти к новой target-точке. Warm-start остается solve-option и не попадает в repository/reuse-ключи.","False","Pending"
"src/Solver/CStateSolutionRunner.cls","CStateSolutionRunner","230","Public","Sub","SolveWithDirectTargetGuess","5","Решает direct-state из active-set плоскости, сразу привязанной к текущей целевой нагрузке. Этот вход нужен capacity probe-ам чистого изгиба: такая lambda-точка не должна идти ступенями от нулевой нагрузки через излом диаграммы около нуля, но все остальные настройки solver-а и диагностика остаются в общем CStateSolutionRunner.","False","Pending"
"src/Solver/CStateSolutionRunner.cls","CStateSolutionRunner","289","Private","Function","CanRetrySolver","2","Ошибки модели, настроек и программного контракта не исправляются сменой начальной плоскости; повтор допустим только после численной неудачи.","False","Pending"
"src/Solver/CStateSolutionRunner.cls","CStateSolutionRunner","304","Private","Function","TrySolveWithDirectStateGuess","6","Повторяет прямой solve от active-set плоскости для общего случая N+M. Первый штатный старт сохраняется прежним; этот retry включается только после несходимости. Старт на полной нагрузке отличается от применения такой же плоскости при ступенчатом нагружении и не должен блокироваться его флагом. Так внецентренное растяжение/сжатие получает тот же устойчивый старт, который уже помогал чистому изгибу, без изменения результата успешно сходящихся LC.","False","Pending"
"src/Solver/CStateSolutionRunner.cls","CStateSolutionRunner","345","Private","Sub","ApplyInitialSolverOrGuess","3","Выбирает старт для прямого solve-а. Если вызывающий слой передал близкое состояние, используем его как warm start. Иначе включается обычный общий подбор стартовой плоскости через CStateGuessBuilder.","False","Pending"
"src/Solver/CStateSolutionRunner.cls","CStateSolutionRunner","367","Private","Sub","ConfigureSolver","3","Передает настройки в новый экземпляр CSectionSolver. Runner не меняет алгоритм solver-а: он только гарантирует, что все попытки прямого НДС используют один и тот же набор пользовательских допусков.","False","Pending"
"src/Solver/CStateSolutionRunner.cls","CStateSolutionRunner","387","Private","Sub","ApplyInitialGuess","3","Строит начальную плоскость для случаев, где нулевая плоскость является плохой стартовой точкой. Чаще всего это чистый изгиб: при N=0 первая итерация попадает ровно в излом бетонной диаграммы около нуля.","False","Pending"
"src/Solver/CStateSolutionRunner.cls","CStateSolutionRunner","414","Private","Function","TrySolveWithExtensionWarmStart","3","Перебирает стартовые плоскости, которые CStateGuessBuilder строит для technical extension. Здесь находится управление retry: builder только дает eps0/kx/ky, а runner запускает новый CSectionSolver и проверяет сходимость.","False","Pending"
"src/Solver/CStateSolutionRunner.cls","CStateSolutionRunner","447","Private","Function","TrySolveFromExtensionGuess","4","Проверяет одну стартовую плоскость retry-сценария. Сначала пробуем сразу попасть в целевую нагрузку, затем тот же старт без line search, и только после этого идем ступенями от усилий, которые уже создает стартовая плоскость.","False","Pending"
"src/Solver/CStateSolutionRunner.cls","CStateSolutionRunner","483","Private","Function","TryRunRetry","4","Выполняет один повторный solve из подготовленной плоскости. initialN/Mx/My задают уровень нагрузки, от которого CSectionSolver будет прикладывать ступени до полного target. Это позволяет идти от близкого extension-состояния, а не от нулевой нагрузки с чужой деформированной формой.","False","Pending"
"src/Solver/CStateSolutionRunner.cls","CStateSolutionRunner","532","Private","Function","RetryAttemptContextMatches","2","Проверяет identity и версию модели перед чтением локальных retry-записей. Несовпадение закрывает сессию; оно не блокирует обычное решение новой задачи.","False","Pending"
"src/Solver/CStateSolutionRunner.cls","CStateSolutionRunner","549","Private","Function","TryRestoreFailedRetryAttempt","2","Сравнивает все численные параметры попытки без округления и без lambda-only ключа. Запись доказывает только повтор той же неудачной процедуры, не разрушение.","False","Pending"
"src/Solver/CStateSolutionRunner.cls","CStateSolutionRunner","571","Private","Sub","StoreFailedRetryAttempt","3","Сохраняет только короткую диагностику реальной численной неудачи, без solver-а и массивов волокон. Память ограничена; terminal errors и физические states не кешируются. После нового capacity-поиска прежний runner уничтожается.","False","Pending"
"src/Solver/CStateSolutionRunner.cls","CStateSolutionRunner","580","Public","Function","StateUsesExtension","3","Проверяет, попала ли деформация хотя бы одного элемента в добавленную provider-ом technical extension. Этот признак сохраняется в Results отдельно от пользовательского статуса и нужен схеме, AutoCAD и расчету трещин.","False","Pending"
"src/Solver/CStateSolutionRunner.cls","CStateSolutionRunner","618","Public","Function","StateWithinPhysicalRange","4","Проверяет физические eps-пределы всех бетонных волокон и стержней. Если растянутая ветвь бетона отключена и у диаграммы нет растянутого предела, положительные деформации бетона считаются допустимыми для проверки range, но дают нулевое напряжение через саму диаграмму.","False","Pending"
"src/Solver/CStateSolutionRunner.cls","CStateSolutionRunner","653","Public","Function","MaterialsHaveExtension","3","Проверяет наличие технических ветвей в фактически переданных материалах. Численные повторные старты не разрешают продолжение сами по себе: при Off и для линейного Object material API этот метод всегда возвращает False.","False","Pending"
"src/Solver/CStateSolutionRunner.cls","CStateSolutionRunner","671","Private","Function","TryGetMaterialDiagrams","4","Возвращает штатные диаграммы материалов, если они действительно переданы. Тестовые линейные материалы решаются тем же CSectionSolver, но без специализированных active-set и extension-подсказок, потому что у них нет физических границ диаграммы.","False","Pending"
"src/Solver/CStateSolutionRunner.cls","CStateSolutionRunner","684","Private","Function","ElementStrain","2","Вычисляет деформацию произвольной точки по найденной solver-плоскости epsilon0/kappaX/kappaY. Используется для проверки диаграмм после решения.","False","Pending"
"src/Solver/CStateSolutionRunner.cls","CStateSolutionRunner","690","Private","Sub","AppendDiagnostic","2","Добавляет строку в диагностический журнал только когда диагностика включена. Так рабочий расчет не тратит время на лишний текстовый вывод.","False","Pending"
"src/Solver/CStateSolutionRunner.cls","CStateSolutionRunner","698","Private","Sub","ClearResult","2","Сбрасывает результат одного запуска runner-а перед новым решением НДС. Настройки solver-а при этом не меняются.","False","Pending"
"src/Solver/CStateSolutionRunner.cls","CStateSolutionRunner","709","Private","Function","FormatNumberInvariant","2","Форматирует числа диагностики с точкой как десятичным разделителем, чтобы отчет одинаково читался при русской и английской локали Excel/Windows.","False","Pending"
"src/Solver/CStateSolutionRunner.cls","CStateSolutionRunner","713","Public","Property Get","ResultSolver","0","","False","Pending"
"src/Solver/CStateSolutionRunner.cls","CStateSolutionRunner","717","Public","Property Get","Converged","0","","False","Pending"
"src/Solver/CStateSolutionRunner.cls","CStateSolutionRunner","721","Public","Property Get","StopReason","0","","False","Pending"
"src/Solver/CStateSolutionRunner.cls","CStateSolutionRunner","725","Public","Property Get","Iterations","0","","False","Pending"
"src/Solver/CStateSolutionRunner.cls","CStateSolutionRunner","729","Public","Property Get","SolverCallCount","0","","False","Pending"
"src/Solver/CStateSolutionRunner.cls","CStateSolutionRunner","733","Public","Property Get","ExtensionUsed","0","","False","Pending"
"src/Solver/CStateSolutionRunner.cls","CStateSolutionRunner","737","Public","Property Get","WithinPhysicalRange","0","","False","Pending"
"src/Solver/CStateSolutionRunner.cls","CStateSolutionRunner","741","Public","Property Get","InitialGuessApplied","0","","False","Pending"
"src/Solver/CStateSolutionRunner.cls","CStateSolutionRunner","745","Public","Property Get","DiagnosticLog","0","","False","Pending"
"src/Solver/CStateSolutionRunner.cls","CStateSolutionRunner","749","Public","Property Let","SolverMethod","0","","False","Pending"
"src/Solver/CStateSolutionRunner.cls","CStateSolutionRunner","753","Public","Property Let","LoadSteps","0","","False","Pending"
"src/Solver/CStateSolutionRunner.cls","CStateSolutionRunner","757","Public","Property Let","MaxIterations","0","","False","Pending"
"src/Solver/CStateSolutionRunner.cls","CStateSolutionRunner","761","Public","Property Let","ToleranceN","0","","False","Pending"
"src/Solver/CStateSolutionRunner.cls","CStateSolutionRunner","765","Public","Property Let","ToleranceMx","0","","False","Pending"
"src/Solver/CStateSolutionRunner.cls","CStateSolutionRunner","769","Public","Property Let","ToleranceMy","0","","False","Pending"
"src/Solver/CStateSolutionRunner.cls","CStateSolutionRunner","773","Public","Property Let","LineSearchEnabled","0","","False","Pending"
"src/Solver/CStateSolutionRunner.cls","CStateSolutionRunner","777","Public","Property Let","DampingInitial","0","","False","Pending"
"src/Solver/CStateSolutionRunner.cls","CStateSolutionRunner","781","Public","Property Let","MinLineSearchAlpha","0","","False","Pending"
"src/Solver/CStateSolutionRunner.cls","CStateSolutionRunner","785","Public","Property Let","MaxDeltaEpsilon0","0","","False","Pending"
"src/Solver/CStateSolutionRunner.cls","CStateSolutionRunner","789","Public","Property Let","MaxDeltaKappa","0","","False","Pending"
"src/Solver/CStateSolutionRunner.cls","CStateSolutionRunner","793","Public","Property Let","SecantMaxRestarts","0","","False","Pending"
"src/Solver/CStateSolutionRunner.cls","CStateSolutionRunner","797","Public","Property Let","SecantMinStepNorm","0","","False","Pending"
"src/Solver/CStateSolutionRunner.cls","CStateSolutionRunner","801","Public","Property Let","DiagnosticsEnabled","0","","False","Pending"
"src/Solver/CStateSolutionRunner.cls","CStateSolutionRunner","810","Friend","Function","TestRunRetryAttempt","5","========================================================================== ДЛЯ ТЕСТОВ ========================================================================== Вызывает реальную внутреннюю retry-процедуру с явно заданными scalar inputs. Нужен для проверки exact-attempt reuse; не создает named State или repository.","False","Pending"
"src/Solver/CStateSolutionRunner.cls","CStateSolutionRunner","821","Friend","Property Get","TestRetryAttemptCount","1","Возвращает размер ограниченной scalar-памяти для проверки ее жизненного цикла.","False","Pending"
"src/Solver/CUltimateStrainSearch.cls","CUltimateStrainSearch","24","Public","Function","ExecuteCapacity","3","Выполняет ветку UltimateStrain для request-а несущей способности. Чисто осевая траектория переводится в LoadMultiplier тем же правилом, что и в основной capacity-логике.","False","Pending"
"src/Solver/CUltimateStrainSearch.cls","CUltimateStrainSearch","55","Private","Function","ExecuteCapacityLoadMultiplier","3","Запускает ветку LoadMultiplier для capacity через общий search-класс. Используется для чисто осевых траекторий, где прямой UltimateStrain численно вырожден, и для fallback после неудачной force-only попытки.","False","Pending"
"src/Solver/CUltimateStrainSearch.cls","CUltimateStrainSearch","63","Private","Function","ExecuteCapacityFallbackToLoadMultiplier","2","Повторяет ту же capacity-траекторию через LoadMultiplier и возвращает новый snapshot результата после объединения диагностики первой попытки и fallback.","False","Pending"
"src/Solver/CUltimateStrainSearch.cls","CUltimateStrainSearch","84","Public","Function","ExecuteCrackFormation","3","Выполняет ветку UltimateStrain для поиска образования нормальной трещины. Низкоуровневый расчет остается в crack-domain контексте: там находятся критерий eps_bt,ult, сохранение PreCrackState/PostCrackState и диагностика.","False","Pending"
"src/Solver/CUltimateStrainSearch.cls","CUltimateStrainSearch","94","Public","Function","RunCapacityUltimateNewton","2","Выполняет общий Newton-поиск UltimateStrain для несущей способности. CCapacitySolver остается владельцем критерия, настроек и записи результата.","False","Pending"
"src/Solver/CUltimateStrainSearch.cls","CUltimateStrainSearch","106","Public","Function","RunCrackFormationNewton","2","Выполняет тот же общий Newton-поиск UltimateStrain для образования трещины. Crack-калькулятор передает выбранную lambda-траекторию и сохраняет результат.","False","Pending"
"src/Solver/CUltimateStrainSearch.cls","CUltimateStrainSearch","118","Public","Function","RunNewton","3","Общий цикл UltimateStrain: оценка невязок, численный Якобиан, Newton-шаг и line-search. Разные инженерные задачи отличаются только типизированными callback-ами; ни конкретный калькулятор, ни late-bound объект не требуются.","False","Pending"
"src/Solver/CUltimateStrainSearch.cls","CUltimateStrainSearch","178","Private","Function","ValidateNewtonSettings","2","Проверяет настройки до первой пробы. Нулевой min alpha запрещен: после underflow alpha=0 цикл деления уже не способен сделать следующий шаг.","False","Pending"
"src/Solver/CUltimateStrainSearch.cls","CUltimateStrainSearch","199","Private","Function","ApplyUltimateNewtonStep","1","Делает один общий Newton-шаг для UltimateStrain.","False","Pending"
"src/Solver/CUltimateStrainSearch.cls","CUltimateStrainSearch","318","Private","Function","BuildUltimateJacobianColumn","1","Строит один столбец численного Якобиана для общего UltimateStrain.","False","Pending"
"src/Solver/CUltimateStrainSearch.cls","CUltimateStrainSearch","336","Private","Sub","LimitUltimateIncrement","1","Ограничивает приращения плоскости деформаций по настройкам вызывающего расчета.","False","Pending"
"src/Solver/CUltimateStrainSearch.cls","CUltimateStrainSearch","359","Private","Sub","ReportArithmeticOrContractFailure","2","Переполнение численной арифметики не означает физический предел. Другие неожиданные VBA-ошибки относятся к программному контракту и дают CalcErr.","False","Pending"
"src/Solver/CUltimateStrainSearch.cls","CUltimateStrainSearch","368","Private","Function","IsFiniteNumber","1","Проверяет конечное число перед численным шагом; расчёт не зависит от Excel.","False","Pending"
"src/Solver/CUltimateStrainSearch.cls","CUltimateStrainSearch","375","Private","Function","MinDouble","1","Утилитарный минимум без обращения к Excel.","False","Pending"
"src/Solver/CUltimateStrainSearch.cls","CUltimateStrainSearch","380","Private","Function","MaxDouble","1","Утилитарный максимум без обращения к Excel.","False","Pending"
"src/Stability/CStabilityCalculator.cls","CStabilityCalculator","155","Public","Sub","Calculate","3","Выполняет расчет по выбранному нормативному блоку и возвращает расчетные усилия для дальнейшего НДМ. Если продольная сила не сжимает сечение, фильтр считается неприменимым и усилия передаются дальше без изменения.","False","Pending"
"src/Stability/CStabilityCalculator.cls","CStabilityCalculator","253","Private","Sub","Clear","1","Сбрасывает результаты перед новым расчетом.","False","Pending"
"src/Stability/CStabilityCalculator.cls","CStabilityCalculator","303","Private","Sub","PreparePlanes","8","Подготавливает две главные расчетные плоскости: моменты переводятся в главные центральные оси приведенного сечения. Это нормативная база эксцентриситетов устойчивости по СП 35 и СП 63; пользовательская точка нагрузки к этому моменту уже перенесена batch-ом в тот же центр. Плоскость 1 связана с изгибом вокруг первой главной оси, плоскость 2 - вокруг второй. Если главные оси совпали с X/Y, плоскость 1 - это изгиб Mx вокруг X: расчетная плоскость YZ, эксцентриситет и габарит берутся по Y. Плоскость 2 - это изгиб My вокруг Y: расчетная плоскость XZ, эксцентриситет и габарит по X.","False","Pending"
"src/Stability/CStabilityCalculator.cls","CStabilityCalculator","372","Private","Sub","NormalizePlaneMoments","4","Назначает случайный и начальный эксцентриситет для одной главной плоскости. Применяет общий инженерный фильтр к моментам одной главной плоскости. Сравнение выполняется по бетонному габариту именно этой плоскости, поэтому после поворота осей случайный остаток M1/M2 не меняет ветвь устойчивости.","False","Pending"
"src/Stability/CStabilityCalculator.cls","CStabilityCalculator","381","Private","Sub","FillAccidentalAndInitialEccentricity","3","Назначает случайный и начальный эксцентриситет одной главной плоскости. Здесь сходятся пользовательский режим Auto/User, выбор L или mu*L и правило OnlyMomentPlane/BothPlanes для нулевых исходных моментов.","False","Pending"
"src/Stability/CStabilityCalculator.cls","CStabilityCalculator","403","Private","Sub","StoreConcreteProjectionBounds","3","Сохраняет крайние точки бетонного контура относительно центра приведенного сечения. Эти значения нужны для h и ядрового расстояния: арматура не должна расширять внешний габарит сжатого элемента.","False","Pending"
"src/Stability/CStabilityCalculator.cls","CStabilityCalculator","419","Private","Function","RebarProjectionForMoment","4","Выбирает центр стержня, относительно которого СП 63 требует считать M1 и Ml1: наиболее растянутый или наименее сжатый стержень для текущего направления эксцентриситета. При отсутствии арматуры используется край бетонного контура, чтобы расчет не падал, но такая модель требует отдельной инженерной проверки.","False","Pending"
"src/Stability/CStabilityCalculator.cls","CStabilityCalculator","450","Private","Function","ConcreteFaceProjectionForMoment","3","Возвращает край бетонного сечения на стороне, противоположной направлению сжатой равнодействующей. Для СП 35 это грань, относительно которой считается момент в коэффициенте длительности.","False","Pending"
"src/Stability/CStabilityCalculator.cls","CStabilityCalculator","460","Private","Function","MomentAboutProjection","2","Пересчитывает момент из центра приведенного сечения к точке с проекцией p. Сжатая сила nCompression передается положительным числом.","False","Pending"
"src/Stability/CStabilityCalculator.cls","CStabilityCalculator","467","Private","Function","PhiLSP63","2","Коэффициент длительности СП 63 считается не по моменту в центре сечения, а по моментам M1 и Ml1 относительно центра выбранного стержня арматуры.","False","Pending"
"src/Stability/CStabilityCalculator.cls","CStabilityCalculator","482","Private","Sub","CalculateSP63","3","Расчет по СП 63: eta = 1/(1-N/Ncr), Ncr = pi^2*D/l0^2, D = kb*Eb*I + ks*Es*Is. Ветвь работает для произвольного дискретного сечения, потому что I, Is и h уже получены из CSectionModel.","False","Pending"
"src/Stability/CStabilityCalculator.cls","CStabilityCalculator","503","Private","Sub","CalculateSP63Plane","1","Считает одну главную плоскость по формулам СП 63.","False","Pending"
"src/Stability/CStabilityCalculator.cls","CStabilityCalculator","545","Private","Sub","CalculateSP35","2","Расчет по СП 35. Для малых эксцентриситетов используется табличная ветвь phi по таблице 7.21, для больших - ветвь eta/Ncr по п. 7.54.","False","Pending"
"src/Stability/CStabilityCalculator.cls","CStabilityCalculator","570","Private","Function","CombinedSP35Branch","2","Возвращает общий диагностический признак СП 35 без потери смысла, когда две главные плоскости попали в разные нормативные ветви расчета.","False","Pending"
"src/Stability/CStabilityCalculator.cls","CStabilityCalculator","595","Private","Sub","EnsurePositivePlaneGeometry","3","Проверяет обязательные геометрические величины одной главной плоскости и пишет в StopReason фактические значения. Это особенно важно для импортированной AutoCAD-геометрии, где размеры элемента могут восстанавливаться по fallback-ам.","False","Pending"
"src/Stability/CStabilityCalculator.cls","CStabilityCalculator","610","Private","Function","StabilityNumber","2","Форматирует диагностические числа без длинных хвостов, чтобы popup с причиной InputErr оставался читаемым для пользователя.","False","Pending"
"src/Stability/CStabilityCalculator.cls","CStabilityCalculator","616","Private","Sub","CalculateSP35Plane","2","Считает одну главную плоскость по СП 35: табличная ветвь при ec/r <= 1, иначе eta/Ncr. Таблица 7.21 передается с Config и не зашита в код.","False","Pending"
"src/Stability/CStabilityCalculator.cls","CStabilityCalculator","641","Private","Sub","CalculateSP35TablePlane","1","Табличная ветвь СП 35 для ec/r <= 1.","False","Pending"
"src/Stability/CStabilityCalculator.cls","CStabilityCalculator","679","Private","Function","SP35ConcreteAreaForTableNult","6","Ветвь СП 35 через eta и Ncr для ec/r > 1. Возвращает бетонную площадь для формулы Nult табличной ветви СП 35. Приведенное сечение уже строится через (n - 1)As и этим определяет центр, оси и ядровое расстояние. Здесь работает другая нормативная поправка: если суммарная площадь стали больше 3% gross-площади бетона, бетонный вклад в Nult уменьшается на As, чтобы не завышать сжатую бетонную часть.","False","Pending"
"src/Stability/CStabilityCalculator.cls","CStabilityCalculator","695","Private","Sub","CalculateSP35EtaPlane","2","Рассчитывает ветвь СП 35 для ec/r > 1: phi_l по моментам относительно требуемой грани, delta, D, Ncr, eta и запас по условию N <= k*Ncr.","False","Pending"
"src/Stability/CStabilityCalculator.cls","CStabilityCalculator","732","Private","Function","SP35EtaReserveByLimit","3","Возвращает запас для специального условия СП 35 eta-ветви: N/Ncr <= Stability.SP35.NOverNcrLimit. В Results и batch summary показывается именно проверочный запас limit*Ncr/N, а не сырое Ncr/N.","False","Pending"
"src/Stability/CStabilityCalculator.cls","CStabilityCalculator","742","Private","Function","PhiForSustainedCompression","4","Для табличной ветви СП 35 учитывает долю постоянной нагрузки в полном сжимающем усилии по формуле (7.15). Если длительная часть равна нулю, остается кратковременный коэффициент phi_m; если вся сила длительная, результат переходит к phi_l.","False","Pending"
"src/Stability/CStabilityCalculator.cls","CStabilityCalculator","772","Private","Function","PhiLSP35Eta","3","Возвращает phi_l для ветви eta/Ncr по СП 35. В Auto обычно используется отношение длительного момента к полному, но при противоположных знаках полного и длительного моментов применяются специальные правила п. 7.54.","False","Pending"
"src/Stability/CStabilityCalculator.cls","CStabilityCalculator","796","Private","Sub","StorePlaneResults","1","Собирает итог по двум главным плоскостям и выбирает минимальный запас.","False","Pending"
"src/Stability/CStabilityCalculator.cls","CStabilityCalculator","862","Private","Sub","TransformDesignMoments","1","Возвращает моменты из главных осей обратно в глобальные Mx/My.","False","Pending"
"src/Stability/CStabilityCalculator.cls","CStabilityCalculator","877","Private","Function","AccidentalEccentricity","4","Считает модуль случайного эксцентриситета для выбранного СП и режима Config. В нормативном режиме AutoWithL используется геометрическая длина L: для СП 63 - ea = max(L/600; h/30; 10 мм), для СП 35 - ec,sl = L/400. Расчетная длина l0 = mu*L применяется только в режиме AutoWithMuL.","False","Pending"
"src/Stability/CStabilityCalculator.cls","CStabilityCalculator","905","Private","Function","SignForEccentricity","2","Определяет знак случайного эксцентриситета: при ненулевом моменте добавляет его в ту же сторону, при нулевом моменте использует пользовательские +1/-1.","False","Pending"
"src/Stability/CStabilityCalculator.cls","CStabilityCalculator","918","Private","Function","InitialEccentricity","3","Начальный эксцентриситет по типу расчетной схемы. Для статически определимой схемы складываются расчетный момент и случайный эксцентриситет; для неопределимой берется не меньше случайного эксцентриситета.","False","Pending"
"src/Stability/CStabilityCalculator.cls","CStabilityCalculator","933","Private","Function","PhiLByMode","2","Возвращает phi_l. В Auto используется отношение длительного момента к полному, но не больше 2. При PhiL2 сразу принимается консервативное значение 2.","False","Pending"
"src/Stability/CStabilityCalculator.cls","CStabilityCalculator","940","Private","Function","PhiLFromMomentRatio","3","Общая реализация формулы phi_l = 1 + Ml/M с верхним ограничением 2. Отношение берется со знаком. Нижняя граница 1 оставлена как защитное инженерное ограничение, чтобы длительная часть не повышала расчетную жесткость.","False","Pending"
"src/Stability/CStabilityCalculator.cls","CStabilityCalculator","959","Private","Function","EtaByCriticalForce","2","Коэффициент eta по критической силе. Если N >= Ncr, eta не имеет физически корректного положительного значения, поэтому возвращается 0 и статус станет FAIL.","False","Pending"
"src/Stability/CStabilityCalculator.cls","CStabilityCalculator","965","Private","Function","ReserveByCriticalForce","1","Запас как отношение критической/предельной силы к действующей сжимающей.","False","Pending"
"src/Stability/CStabilityCalculator.cls","CStabilityCalculator","970","Private","Function","DesignMomentWithEta","1","Расчетный момент после учета eta.","False","Pending"
"src/Stability/CStabilityCalculator.cls","CStabilityCalculator","981","Private","Function","CoreDistanceForEccentricity","3","Выбирает ядровое расстояние с той стороны сечения, куда направлен расчетный эксцентриситет. Для несимметричного сечения положительная и отрицательная стороны могут иметь разные r.","False","Pending"
"src/Stability/CStabilityCalculator.cls","CStabilityCalculator","992","Private","Sub","InterpolateSP35Table","3","Интерполирует таблицу 7.21 СП 35, переданную с листа Config. В книге таблица сохранена в человекочитаемом виде: l0/b, l0/d, l0/i, далее phi_m для нескольких ec/r и табличный phi_l. Расчет использует l0/i и phi-колонки.","False","Pending"
"src/Stability/CStabilityCalculator.cls","CStabilityCalculator","1032","Private","Sub","FindBoundingRows","1","Находит соседние строки таблицы по гибкости.","False","Pending"
"src/Stability/CStabilityCalculator.cls","CStabilityCalculator","1049","Private","Function","InterpolatePhiMByQ","1","Интерполяция phi_m по отношению ec/r.","False","Pending"
"src/Stability/CStabilityCalculator.cls","CStabilityCalculator","1074","Private","Function","PositiveMinValue","1","Минимальное положительное значение. Нули трактуются как отсутствие величины.","False","Pending"
"src/Stability/CStabilityCalculator.cls","CStabilityCalculator","1086","Private","Function","PlanePassedOrInactive","2","Плоскость считается пройденной, если она применима и дала запас, либо если она была безопасно признана неактивной.","False","Pending"
"src/Stability/CStabilityCalculator.cls","CStabilityCalculator","1093","Private","Function","NormalizeAccidentalMode","3","Нормализует режим случайного эксцентриситета. В Excel показывается AutoWithμL, но код также принимает AutoWithMuL, чтобы не зависеть от способа ввода греческой буквы mu.","False","Pending"
"src/Stability/CStabilityCalculator.cls","CStabilityCalculator","1112","Private","Function","NormalizeAccidentalPlanes","1","Нормализует настройку выбора плоскостей для случайного эксцентриситета.","False","Pending"
"src/Stability/CStabilityCalculator.cls","CStabilityCalculator","1124","Private","Function","NormalizeCode","1","Нормализует имя нормативного блока.","False","Pending"
"src/Stability/CStabilityCalculator.cls","CStabilityCalculator","1136","Private","Sub","RaiseInput","1","Фиксирует ошибку исходных данных и прерывает расчет класса.","False","Pending"
"src/Stability/CStabilityCalculator.cls","CStabilityCalculator","1142","Public","Property Get","Code","0","","False","Pending"
"src/Stability/CStabilityCalculator.cls","CStabilityCalculator","1146","Public","Property Get","Branch","0","","False","Pending"
"src/Stability/CStabilityCalculator.cls","CStabilityCalculator","1150","Public","Property Get","Applicable","0","","False","Pending"
"src/Stability/CStabilityCalculator.cls","CStabilityCalculator","1154","Public","Property Get","InputValid","0","","False","Pending"
"src/Stability/CStabilityCalculator.cls","CStabilityCalculator","1158","Public","Property Get","CheckPassed","0","","False","Pending"
"src/Stability/CStabilityCalculator.cls","CStabilityCalculator","1162","Public","Property Get","StopReason","0","","False","Pending"
"src/Stability/CStabilityCalculator.cls","CStabilityCalculator","1169","Public","Property Get","ResultMeta","3","Формирует инженерную meta собственной проверки устойчивости. Ни writer, ни display-policy не повторяют эти условия и не придумывают причину по Branch. Отсутствующие программные зависимости отличаются от ошибочного Config.","False","Pending"
"src/Stability/CStabilityCalculator.cls","CStabilityCalculator","1190","Public","Property Get","DesignN","0","","False","Pending"
"src/Stability/CStabilityCalculator.cls","CStabilityCalculator","1194","Public","Property Get","DesignMx","0","","False","Pending"
"src/Stability/CStabilityCalculator.cls","CStabilityCalculator","1198","Public","Property Get","DesignMy","0","","False","Pending"
"src/Stability/CStabilityCalculator.cls","CStabilityCalculator","1205","Public","Property Get","PrincipalAngleRad","3","Возвращает угол главных осей приведенного сечения, использованный в расчете. Batch применяет его только для обновления итогового Results snapshot после общего фильтра практически нулевых моментов.","False","Pending"
"src/Stability/CStabilityCalculator.cls","CStabilityCalculator","1209","Public","Property Get","SustainedN","0","","False","Pending"
"src/Stability/CStabilityCalculator.cls","CStabilityCalculator","1213","Public","Property Get","Moment1","0","","False","Pending"
"src/Stability/CStabilityCalculator.cls","CStabilityCalculator","1217","Public","Property Get","Moment2","0","","False","Pending"
"src/Stability/CStabilityCalculator.cls","CStabilityCalculator","1221","Public","Property Get","SustainedMoment1","0","","False","Pending"
"src/Stability/CStabilityCalculator.cls","CStabilityCalculator","1225","Public","Property Get","SustainedMoment2","0","","False","Pending"
"src/Stability/CStabilityCalculator.cls","CStabilityCalculator","1229","Public","Property Get","DesignMoment1","0","","False","Pending"
"src/Stability/CStabilityCalculator.cls","CStabilityCalculator","1233","Public","Property Get","DesignMoment2","0","","False","Pending"
"src/Stability/CStabilityCalculator.cls","CStabilityCalculator","1237","Public","Property Get","CriticalForce","0","","False","Pending"
"src/Stability/CStabilityCalculator.cls","CStabilityCalculator","1241","Public","Property Get","ReserveFactor","0","","False","Pending"
"src/Stability/CStabilityCalculator.cls","CStabilityCalculator","1245","Public","Property Get","Ncr1","0","","False","Pending"
"src/Stability/CStabilityCalculator.cls","CStabilityCalculator","1249","Public","Property Get","Ncr2","0","","False","Pending"
"src/Stability/CStabilityCalculator.cls","CStabilityCalculator","1253","Public","Property Get","Nultimate1","0","","False","Pending"
"src/Stability/CStabilityCalculator.cls","CStabilityCalculator","1257","Public","Property Get","Nultimate2","0","","False","Pending"
"src/Stability/CStabilityCalculator.cls","CStabilityCalculator","1261","Public","Property Get","Reserve1","0","","False","Pending"
"src/Stability/CStabilityCalculator.cls","CStabilityCalculator","1265","Public","Property Get","Reserve2","0","","False","Pending"
"src/Stability/CStabilityCalculator.cls","CStabilityCalculator","1269","Public","Property Get","Eta1","0","","False","Pending"
"src/Stability/CStabilityCalculator.cls","CStabilityCalculator","1273","Public","Property Get","Eta2","0","","False","Pending"
"src/Stability/CStabilityCalculator.cls","CStabilityCalculator","1277","Public","Property Get","PhiL1","0","","False","Pending"
"src/Stability/CStabilityCalculator.cls","CStabilityCalculator","1281","Public","Property Get","PhiL2","0","","False","Pending"
"src/Stability/CStabilityCalculator.cls","CStabilityCalculator","1285","Public","Property Get","PhiLTable1","0","","False","Pending"
"src/Stability/CStabilityCalculator.cls","CStabilityCalculator","1289","Public","Property Get","PhiLTable2","0","","False","Pending"
"src/Stability/CStabilityCalculator.cls","CStabilityCalculator","1293","Public","Property Get","PhiM1","0","","False","Pending"
"src/Stability/CStabilityCalculator.cls","CStabilityCalculator","1297","Public","Property Get","PhiM2","0","","False","Pending"
"src/Stability/CStabilityCalculator.cls","CStabilityCalculator","1301","Public","Property Get","PhiValue1","0","","False","Pending"
"src/Stability/CStabilityCalculator.cls","CStabilityCalculator","1305","Public","Property Get","PhiValue2","0","","False","Pending"
"src/Stability/CStabilityCalculator.cls","CStabilityCalculator","1309","Public","Property Get","PhiP1","0","","False","Pending"
"src/Stability/CStabilityCalculator.cls","CStabilityCalculator","1313","Public","Property Get","PhiP2","0","","False","Pending"
"src/Stability/CStabilityCalculator.cls","CStabilityCalculator","1317","Public","Property Get","Eccentricity1","0","","False","Pending"
"src/Stability/CStabilityCalculator.cls","CStabilityCalculator","1321","Public","Property Get","Eccentricity2","0","","False","Pending"
"src/Stability/CStabilityCalculator.cls","CStabilityCalculator","1325","Public","Property Get","AccidentalEccentricity1","0","","False","Pending"
"src/Stability/CStabilityCalculator.cls","CStabilityCalculator","1329","Public","Property Get","AccidentalEccentricity2","0","","False","Pending"
"src/Stability/CStabilityCalculator.cls","CStabilityCalculator","1333","Public","Property Get","EffectiveLength1","0","","False","Pending"
"src/Stability/CStabilityCalculator.cls","CStabilityCalculator","1337","Public","Property Get","EffectiveLength2","0","","False","Pending"
"src/Stability/CStabilityCalculator.cls","CStabilityCalculator","1341","Public","Property Get","Slenderness1","0","","False","Pending"
"src/Stability/CStabilityCalculator.cls","CStabilityCalculator","1345","Public","Property Get","Slenderness2","0","","False","Pending"
"src/Stability/CStabilityCalculator.cls","CStabilityCalculator","1349","Public","Property Get","Depth1","0","","False","Pending"
"src/Stability/CStabilityCalculator.cls","CStabilityCalculator","1353","Public","Property Get","Depth2","0","","False","Pending"
"src/Stability/CStabilityCalculator.cls","CStabilityCalculator","1357","Public","Property Get","Radius1","0","","False","Pending"
"src/Stability/CStabilityCalculator.cls","CStabilityCalculator","1361","Public","Property Get","Radius2","0","","False","Pending"
"src/Stability/CStabilityCalculator.cls","CStabilityCalculator","1365","Public","Property Get","CoreDistance1","0","","False","Pending"
"src/Stability/CStabilityCalculator.cls","CStabilityCalculator","1369","Public","Property Get","CoreDistance2","0","","False","Pending"
"src/Stability/CStabilityCalculator.cls","CStabilityCalculator","1373","Public","Property Get","Delta1","0","","False","Pending"
"src/Stability/CStabilityCalculator.cls","CStabilityCalculator","1377","Public","Property Get","Delta2","0","","False","Pending"
"src/Stability/CStabilityCalculator.cls","CStabilityCalculator","1381","Public","Property Get","Kb1","0","","False","Pending"
"src/Stability/CStabilityCalculator.cls","CStabilityCalculator","1385","Public","Property Get","Kb2","0","","False","Pending"
"src/Stability/CStabilityCalculator.cls","CStabilityCalculator","1389","Public","Property Get","Ks1","0","","False","Pending"
"src/Stability/CStabilityCalculator.cls","CStabilityCalculator","1393","Public","Property Get","Ks2","0","","False","Pending"
"src/Stability/CStabilityCalculator.cls","CStabilityCalculator","1397","Public","Property Get","StiffnessD1","0","","False","Pending"
"src/Stability/CStabilityCalculator.cls","CStabilityCalculator","1401","Public","Property Get","StiffnessD2","0","","False","Pending"
"src/Stability/CStabilityCalculator.cls","CStabilityCalculator","1405","Public","Property Get","PlaneBranch1","0","","False","Pending"
"src/Stability/CStabilityCalculator.cls","CStabilityCalculator","1409","Public","Property Get","PlaneBranch2","0","","False","Pending"
"src/Stability/CStabilityCalculator.cls","CStabilityCalculator","1413","Public","Property Get","PlaneApplicable1","0","","False","Pending"
"src/Stability/CStabilityCalculator.cls","CStabilityCalculator","1417","Public","Property Get","PlaneApplicable2","0","","False","Pending"
"src/Stability/CStabilityCalculator.cls","CStabilityCalculator","1421","Public","Property Get","PlanePassed1","0","","False","Pending"
"src/Stability/CStabilityCalculator.cls","CStabilityCalculator","1425","Public","Property Get","PlanePassed2","0","","False","Pending"
"src/Stability/CStabilityResult.cls","CStabilityResult","86","Private","Sub","Class_Initialize","1","Создает N/A-result для случаев, когда устойчивость не запрошена профилем.","False","Pending"
"src/Stability/CStabilityResult.cls","CStabilityResult","91","Public","Sub","Clear","1","Полностью сбрасывает meta и численные поля перед повторным заполнением.","False","Pending"
"src/Stability/CStabilityResult.cls","CStabilityResult","161","Public","Sub","SetMeta","1","Сохраняет инженерную meta без отдельного изменяемого display-статуса.","False","Pending"
"src/Stability/CStabilityResult.cls","CStabilityResult","175","Public","Sub","InitializeFromCalculator","1","Копирует результат CStabilityCalculator и формирует typed meta для summary.","False","Pending"
"src/Stability/CStabilityResult.cls","CStabilityResult","263","Private","Function","StabilityBranchDisplayName","2","Переводит внутренние коды ветвей устойчивости в русский текст для Results. Сами коды SP35-eta/SP35-table/SP35-mixed остаются во внутренних полях batch.","False","Pending"
"src/Stability/CStabilityResult.cls","CStabilityResult","281","Public","Sub","UpdateDesignLoads","1","Обновляет финальный расчетный вектор после общего zero-filter batch-слоя.","False","Pending"
"src/Stability/CStabilityResult.cls","CStabilityResult","292","Public","Property Get","Meta","1","Возвращает копию meta, чтобы вызывающий код не менял status-subtree напрямую.","False","Pending"
"src/Stability/CStabilityResult.cls","CStabilityResult","302","Public","Property Get","Status","1","Display-статус всегда получается из meta, без независимого mutable поля.","False","Pending"
"src/Stability/CStabilityResult.cls","CStabilityResult","310","Public","Property Get","SummaryReserve","2","Выдает минимальный доступный запас главных плоскостей для сводки и Worst. Числа уже учитывают примененный критерий устойчивости; здесь не пересчитываются СП.","False","Pending"
"src/Stability/CStabilityResult.cls","CStabilityResult","323","Public","Property Get","Code","2","Численные значения являются сохраненными данными calculator-а, а не изменяемыми входами. Все getter-ы этой группы доступны только для чтения.","False","Pending"
"src/Stability/CStabilityResult.cls","CStabilityResult","327","Public","Property Get","Branch","0","","False","Pending"
"src/Stability/CStabilityResult.cls","CStabilityResult","331","Public","Property Get","ReferenceX","0","","False","Pending"
"src/Stability/CStabilityResult.cls","CStabilityResult","335","Public","Property Get","ReferenceY","0","","False","Pending"
"src/Stability/CStabilityResult.cls","CStabilityResult","339","Public","Property Get","DesignN","0","","False","Pending"
"src/Stability/CStabilityResult.cls","CStabilityResult","343","Public","Property Get","DesignMx","0","","False","Pending"
"src/Stability/CStabilityResult.cls","CStabilityResult","347","Public","Property Get","DesignMy","0","","False","Pending"
"src/Stability/CStabilityResult.cls","CStabilityResult","351","Public","Property Get","SustainedN","0","","False","Pending"
"src/Stability/CStabilityResult.cls","CStabilityResult","355","Public","Property Get","Moment1","0","","False","Pending"
"src/Stability/CStabilityResult.cls","CStabilityResult","359","Public","Property Get","Moment2","0","","False","Pending"
"src/Stability/CStabilityResult.cls","CStabilityResult","363","Public","Property Get","SustainedMoment1","0","","False","Pending"
"src/Stability/CStabilityResult.cls","CStabilityResult","367","Public","Property Get","SustainedMoment2","0","","False","Pending"
"src/Stability/CStabilityResult.cls","CStabilityResult","371","Public","Property Get","DesignMoment1","0","","False","Pending"
"src/Stability/CStabilityResult.cls","CStabilityResult","375","Public","Property Get","DesignMoment2","0","","False","Pending"
"src/Stability/CStabilityResult.cls","CStabilityResult","379","Public","Property Get","CriticalForce","0","","False","Pending"
"src/Stability/CStabilityResult.cls","CStabilityResult","383","Public","Property Get","ReserveFactor","0","","False","Pending"
"src/Stability/CStabilityResult.cls","CStabilityResult","387","Public","Property Get","Utilization","0","","False","Pending"
"src/Stability/CStabilityResult.cls","CStabilityResult","391","Public","Property Get","Ncr1","0","","False","Pending"
"src/Stability/CStabilityResult.cls","CStabilityResult","395","Public","Property Get","Ncr2","0","","False","Pending"
"src/Stability/CStabilityResult.cls","CStabilityResult","399","Public","Property Get","Nultimate1","0","","False","Pending"
"src/Stability/CStabilityResult.cls","CStabilityResult","403","Public","Property Get","Nultimate2","0","","False","Pending"
"src/Stability/CStabilityResult.cls","CStabilityResult","407","Public","Property Get","Reserve1","0","","False","Pending"
"src/Stability/CStabilityResult.cls","CStabilityResult","411","Public","Property Get","Reserve2","0","","False","Pending"
"src/Stability/CStabilityResult.cls","CStabilityResult","415","Public","Property Get","Eta1","0","","False","Pending"
"src/Stability/CStabilityResult.cls","CStabilityResult","419","Public","Property Get","Eta2","0","","False","Pending"
"src/Stability/CStabilityResult.cls","CStabilityResult","423","Public","Property Get","PhiL1","0","","False","Pending"
"src/Stability/CStabilityResult.cls","CStabilityResult","427","Public","Property Get","PhiL2","0","","False","Pending"
"src/Stability/CStabilityResult.cls","CStabilityResult","431","Public","Property Get","PhiLTable1","0","","False","Pending"
"src/Stability/CStabilityResult.cls","CStabilityResult","435","Public","Property Get","PhiLTable2","0","","False","Pending"
"src/Stability/CStabilityResult.cls","CStabilityResult","439","Public","Property Get","PhiM1","0","","False","Pending"
"src/Stability/CStabilityResult.cls","CStabilityResult","443","Public","Property Get","PhiM2","0","","False","Pending"
"src/Stability/CStabilityResult.cls","CStabilityResult","447","Public","Property Get","PhiValue1","0","","False","Pending"
"src/Stability/CStabilityResult.cls","CStabilityResult","451","Public","Property Get","PhiValue2","0","","False","Pending"
"src/Stability/CStabilityResult.cls","CStabilityResult","455","Public","Property Get","PhiP1","0","","False","Pending"
"src/Stability/CStabilityResult.cls","CStabilityResult","459","Public","Property Get","PhiP2","0","","False","Pending"
"src/Stability/CStabilityResult.cls","CStabilityResult","463","Public","Property Get","Eccentricity1","0","","False","Pending"
"src/Stability/CStabilityResult.cls","CStabilityResult","467","Public","Property Get","Eccentricity2","0","","False","Pending"
"src/Stability/CStabilityResult.cls","CStabilityResult","471","Public","Property Get","AccidentalEcc1","0","","False","Pending"
"src/Stability/CStabilityResult.cls","CStabilityResult","475","Public","Property Get","AccidentalEcc2","0","","False","Pending"
"src/Stability/CStabilityResult.cls","CStabilityResult","479","Public","Property Get","EffectiveLength1","0","","False","Pending"
"src/Stability/CStabilityResult.cls","CStabilityResult","483","Public","Property Get","EffectiveLength2","0","","False","Pending"
"src/Stability/CStabilityResult.cls","CStabilityResult","487","Public","Property Get","Slenderness1","0","","False","Pending"
"src/Stability/CStabilityResult.cls","CStabilityResult","491","Public","Property Get","Slenderness2","0","","False","Pending"
"src/Stability/CStabilityResult.cls","CStabilityResult","495","Public","Property Get","Depth1","0","","False","Pending"
"src/Stability/CStabilityResult.cls","CStabilityResult","499","Public","Property Get","Depth2","0","","False","Pending"
"src/Stability/CStabilityResult.cls","CStabilityResult","503","Public","Property Get","Radius1","0","","False","Pending"
"src/Stability/CStabilityResult.cls","CStabilityResult","507","Public","Property Get","Radius2","0","","False","Pending"
"src/Stability/CStabilityResult.cls","CStabilityResult","511","Public","Property Get","CoreDistance1","0","","False","Pending"
"src/Stability/CStabilityResult.cls","CStabilityResult","515","Public","Property Get","CoreDistance2","0","","False","Pending"
"src/Stability/CStabilityResult.cls","CStabilityResult","519","Public","Property Get","Delta1","0","","False","Pending"
"src/Stability/CStabilityResult.cls","CStabilityResult","523","Public","Property Get","Delta2","0","","False","Pending"
"src/Stability/CStabilityResult.cls","CStabilityResult","527","Public","Property Get","Kb1","0","","False","Pending"
"src/Stability/CStabilityResult.cls","CStabilityResult","531","Public","Property Get","Kb2","0","","False","Pending"
"src/Stability/CStabilityResult.cls","CStabilityResult","535","Public","Property Get","Ks1","0","","False","Pending"
"src/Stability/CStabilityResult.cls","CStabilityResult","539","Public","Property Get","Ks2","0","","False","Pending"
"src/Stability/CStabilityResult.cls","CStabilityResult","543","Public","Property Get","StiffnessD1","0","","False","Pending"
"src/Stability/CStabilityResult.cls","CStabilityResult","547","Public","Property Get","StiffnessD2","0","","False","Pending"
"src/Stability/CStabilityResult.cls","CStabilityResult","551","Public","Property Get","PlaneBranch1","0","","False","Pending"
"src/Stability/CStabilityResult.cls","CStabilityResult","555","Public","Property Get","PlaneBranch2","0","","False","Pending"
"src/Stability/CStabilityResult.cls","CStabilityResult","559","Public","Property Get","PlaneApplicable1","0","","False","Pending"
"src/Stability/CStabilityResult.cls","CStabilityResult","563","Public","Property Get","PlaneApplicable2","0","","False","Pending"
"src/Stability/CStabilityResult.cls","CStabilityResult","567","Public","Property Get","PlanePassed1","0","","False","Pending"
"src/Stability/CStabilityResult.cls","CStabilityResult","571","Public","Property Get","PlanePassed2","0","","False","Pending"
"src/Stability/CStabilityResult.cls","CStabilityResult","579","Friend","Sub","Freeze","3","Завершает жизненный цикл заполнения перед передачей snapshot потребителю. Повторный вызов безопасен; общие ссылки на named-state остаются теми же, но их fill/reset API больше не могут изменить опубликованный результат.","False","Pending"
"src/Stability/CStabilityResult.cls","CStabilityResult","586","Private","Sub","AssertWritable","2","Явно отклоняет изменение уже выданного результата вместо тихой порчи снимка. Для повторного расчета workflow создает новый объект, сохраняя прежние ссылки.","False","Pending"
"tests/CFakeAcadLine.cls","CFakeAcadLine","22","Public","Sub","Initialize","1","Задает две точки тестовой линии.","False","Pending"
"tests/CFakeAcadLine.cls","CFakeAcadLine","33","Public","Property Get","ObjectName","1","Возвращает имя AutoCAD-типа, по которому importer распознает прямую грань.","False","Pending"
"tests/CFakeAcadLine.cls","CFakeAcadLine","38","Public","Property Get","StartPoint","1","Возвращает начальную точку в формате, похожем на AutoCAD COM Variant-array.","False","Pending"
"tests/CFakeAcadLine.cls","CFakeAcadLine","43","Public","Property Get","EndPoint","1","Возвращает конечную точку в формате, похожем на AutoCAD COM Variant-array.","False","Pending"
"tests/CFakeAcadLine.cls","CFakeAcadLine","48","Public","Sub","Delete","1","Имитирует удаление временного AutoCAD-объекта после Explode.","False","Pending"
"tests/CFakeAcadRegion.cls","CFakeAcadRegion","32","Public","Sub","Initialize","1","Заполняет фактические свойства тестового Region.","False","Pending"
"tests/CFakeAcadRegion.cls","CFakeAcadRegion","49","Public","Property Get","ObjectName","1","Возвращает имя AutoCAD-типа, по которому importer распознает Region.","False","Pending"
"tests/CFakeAcadRegion.cls","CFakeAcadRegion","53","Public","Property Get","Layer","0","","False","Pending"
"tests/CFakeAcadRegion.cls","CFakeAcadRegion","57","Public","Property Get","Handle","0","","False","Pending"
"tests/CFakeAcadRegion.cls","CFakeAcadRegion","61","Public","Property Get","Area","0","","False","Pending"
"tests/CFakeAcadRegion.cls","CFakeAcadRegion","66","Public","Property Get","Centroid","1","Возвращает центр тяжести в формате, похожем на AutoCAD COM Variant-array.","False","Pending"
"tests/CFakeAcadRegion.cls","CFakeAcadRegion","76","Public","Property Get","MomentOfInertia","2","AutoCAD отдает моменты относительно начала координат; importer сам снимает перенос Штейнера и должен получить сохраненные центральные I.","False","Pending"
"tests/CFakeAcadRegion.cls","CFakeAcadRegion","85","Public","Property Get","ProductOfInertia","2","Возвращает произведение инерции в варианте, который после снятия переноса дает mLocalIxy.","False","Pending"
"tests/CFakeAcadRegion.cls","CFakeAcadRegion","92","Public","Function","Copy","1","Имитирует AutoCAD Copy перед Explode.","False","Pending"
"tests/CFakeAcadRegion.cls","CFakeAcadRegion","101","Public","Function","Explode","1","Возвращает первую прямую грань с заданным углом.","False","Pending"
"tests/CFakeAcadRegion.cls","CFakeAcadRegion","118","Public","Sub","Delete","1","Имитирует удаление временной копии Region.","False","Pending"
"tests/CTestLimitSearchProblem.cls","CTestLimitSearchProblem","59","Public","Sub","Configure","1","Настраивает линейную тестовую задачу перед запуском общего search.","False","Pending"
"tests/CTestLimitSearchProblem.cls","CTestLimitSearchProblem","93","Public","Property Let","FailureAbove","1","ДЛЯ ТЕСТОВ: задает численную неудачу верхних проб, не физический предел.","False","Pending"
"tests/CTestLimitSearchProblem.cls","CTestLimitSearchProblem","98","Public","Property Let","StepCriterion","1","ДЛЯ ТЕСТОВ: не позволяет признать соседнюю граничную lambda точным корнем.","False","Pending"
"tests/CTestLimitSearchProblem.cls","CTestLimitSearchProblem","103","Public","Property Let","RecoveryWithoutProgress","1","ДЛЯ ТЕСТОВ: общий Search обязан остановить recovery, не сужающий скобку.","False","Pending"
"tests/CTestLimitSearchProblem.cls","CTestLimitSearchProblem","108","Public","Property Get","ProbeMaxLambda","1","ДЛЯ ТЕСТОВ: диагностические счетчики расширения и восстановления скобки.","False","Pending"
"tests/CTestLimitSearchProblem.cls","CTestLimitSearchProblem","112","Public","Property Get","ProbeCalls","0","","False","Pending"
"tests/CTestLimitSearchProblem.cls","CTestLimitSearchProblem","116","Public","Property Get","FinalLambda","0","","False","Pending"
"tests/CTestLimitSearchProblem.cls","CTestLimitSearchProblem","120","Public","Property Get","FinalMethod","0","","False","Pending"
"tests/CTestLimitSearchProblem.cls","CTestLimitSearchProblem","124","Public","Property Get","FinalIterations","0","","False","Pending"
"tests/CTestLimitSearchProblem.cls","CTestLimitSearchProblem","128","Public","Property Get","IterationLimitHit","0","","False","Pending"
"tests/CTestLimitSearchProblem.cls","CTestLimitSearchProblem","132","Public","Property Get","Converged","0","","False","Pending"
"tests/CTestLimitSearchProblem.cls","CTestLimitSearchProblem","136","Public","Property Get","LimitState","0","","False","Pending"
"tests/CTestLimitSearchProblem.cls","CTestLimitSearchProblem","140","Public","Property Get","DiagnosticLog","0","","False","Pending"
"tests/CTestLimitSearchProblem.cls","CTestLimitSearchProblem","144","Private","Property Get","ILimitSearchProblem_ResultKind","0","","False","Pending"
"tests/CTestLimitSearchProblem.cls","CTestLimitSearchProblem","148","Private","Property Get","ILimitSearchProblem_InitialLambdaStep","0","","False","Pending"
"tests/CTestLimitSearchProblem.cls","CTestLimitSearchProblem","152","Private","Property Get","ILimitSearchProblem_MaxLambda","0","","False","Pending"
"tests/CTestLimitSearchProblem.cls","CTestLimitSearchProblem","156","Private","Property Get","ILimitSearchProblem_LambdaTolerance","0","","False","Pending"
"tests/CTestLimitSearchProblem.cls","CTestLimitSearchProblem","160","Private","Property Get","ILimitSearchProblem_MaxIterations","0","","False","Pending"
"tests/CTestLimitSearchProblem.cls","CTestLimitSearchProblem","165","Private","Property Get","ILimitSearchProblem_BisectionMaxIterations","1","ДЛЯ ТЕСТОВ: позволяет явно проверить исчерпание бюджета Bisection.","False","Pending"
"tests/CTestLimitSearchProblem.cls","CTestLimitSearchProblem","169","Private","Property Get","ILimitSearchProblem_SearchMethod","0","","False","Pending"
"tests/CTestLimitSearchProblem.cls","CTestLimitSearchProblem","173","Private","Property Get","ILimitSearchProblem_Converged","0","","False","Pending"
"tests/CTestLimitSearchProblem.cls","CTestLimitSearchProblem","177","Private","Property Get","ILimitSearchProblem_LimitState","0","","False","Pending"
"tests/CTestLimitSearchProblem.cls","CTestLimitSearchProblem","181","Private","Property Get","ILimitSearchProblem_DiagnosticLog","0","","False","Pending"
"tests/CTestLimitSearchProblem.cls","CTestLimitSearchProblem","186","Private","Function","ILimitSearchProblem_AcceptInitialPoint","1","ДЛЯ ТЕСТОВ: начало линейной функции должно лежать до заданного корня.","False","Pending"
"tests/CTestLimitSearchProblem.cls","CTestLimitSearchProblem","198","Private","Function","ILimitSearchProblem_Prepare","1","Fake-задача не требует доменной подготовки перед поиском.","False","Pending"
"tests/CTestLimitSearchProblem.cls","CTestLimitSearchProblem","204","Private","Function","ILimitSearchProblem_PrepareUltimate","2","ДЛЯ ТЕСТОВ: аналитическая система из трех независимых невязок позволяет проверить общий Newton без Capacity/Crack-калькуляторов и material API.","False","Pending"
"tests/CTestLimitSearchProblem.cls","CTestLimitSearchProblem","209","Private","Function","ILimitSearchProblem_RunUltimateAttempts","0","","False","Pending"
"tests/CTestLimitSearchProblem.cls","CTestLimitSearchProblem","216","Private","Sub","ILimitSearchProblem_CompleteUltimate","0","","False","Pending"
"tests/CTestLimitSearchProblem.cls","CTestLimitSearchProblem","219","Private","Sub","ILimitSearchProblem_LimitSearchInitializeUltimateGuess","0","","False","Pending"
"tests/CTestLimitSearchProblem.cls","CTestLimitSearchProblem","226","Private","Function","ILimitSearchProblem_LimitSearchEvaluateUltimateResidual","0","","False","Pending"
"tests/CTestLimitSearchProblem.cls","CTestLimitSearchProblem","259","Private","Function","ILimitSearchProblem_LimitSearchUltimateResidualReached","0","","False","Pending"
"tests/CTestLimitSearchProblem.cls","CTestLimitSearchProblem","266","Private","Function","ILimitSearchProblem_LimitSearchUltimateResidualNorm","0","","False","Pending"
"tests/CTestLimitSearchProblem.cls","CTestLimitSearchProblem","272","Private","Function","ILimitSearchProblem_LimitSearchFinalizeUltimateResult","0","","False","Pending"
"tests/CTestLimitSearchProblem.cls","CTestLimitSearchProblem","284","Private","Sub","ILimitSearchProblem_LimitSearchSetUltimateNumericalFailure","0","","False","Pending"
"tests/CTestLimitSearchProblem.cls","CTestLimitSearchProblem","292","Private","Property Get","ILimitSearchProblem_LimitSearchUltimateMaxIterations","1","ДЛЯ ТЕСТОВ: одинаковые численные ограничения простой линейной системы.","False","Pending"
"tests/CTestLimitSearchProblem.cls","CTestLimitSearchProblem","296","Private","Property Get","ILimitSearchProblem_LimitSearchUltimateDampingInitial","0","","False","Pending"
"tests/CTestLimitSearchProblem.cls","CTestLimitSearchProblem","300","Private","Property Get","ILimitSearchProblem_LimitSearchUltimateMinLineSearchAlpha","0","","False","Pending"
"tests/CTestLimitSearchProblem.cls","CTestLimitSearchProblem","304","Private","Property Get","ILimitSearchProblem_LimitSearchUltimateLineSearchEnabled","0","","False","Pending"
"tests/CTestLimitSearchProblem.cls","CTestLimitSearchProblem","308","Private","Property Get","ILimitSearchProblem_LimitSearchUltimateMaxDeltaEpsilon0","0","","False","Pending"
"tests/CTestLimitSearchProblem.cls","CTestLimitSearchProblem","312","Private","Property Get","ILimitSearchProblem_LimitSearchUltimateMaxDeltaKappa","0","","False","Pending"
"tests/CTestLimitSearchProblem.cls","CTestLimitSearchProblem","317","Private","Function","ILimitSearchProblem_BuildLoadPath","1","Создает универсальную траекторию Offset + lambda*Base из request.","False","Pending"
"tests/CTestLimitSearchProblem.cls","CTestLimitSearchProblem","328","Private","Function","ILimitSearchProblem_EvaluatePoint","3","Оценивает одну lambda-точку линейной функции. Точка с нулевой невязкой достигла критерия; доменная финализация принимает аналитический корень без требования создать вымышленное материальное State.","False","Pending"
"tests/CTestLimitSearchProblem.cls","CTestLimitSearchProblem","352","Private","Function","ILimitSearchProblem_IsAcceptableState","0","","False","Pending"
"tests/CTestLimitSearchProblem.cls","CTestLimitSearchProblem","356","Private","Function","ILimitSearchProblem_IsLimitState","0","","False","Pending"
"tests/CTestLimitSearchProblem.cls","CTestLimitSearchProblem","360","Private","Function","ILimitSearchProblem_IsNumericalFailureState","0","","False","Pending"
"tests/CTestLimitSearchProblem.cls","CTestLimitSearchProblem","364","Private","Function","ILimitSearchProblem_IsInvalidInputState","0","","False","Pending"
"tests/CTestLimitSearchProblem.cls","CTestLimitSearchProblem","369","Private","Function","ILimitSearchProblem_ReduceLambdaAfterNumericalFailure","1","ДЛЯ ТЕСТОВ: recovery использует середину оставшегося интервала.","False","Pending"
"tests/CTestLimitSearchProblem.cls","CTestLimitSearchProblem","379","Private","Sub","ILimitSearchProblem_RecordAcceptable","1","Запоминает последнюю acceptable-точку только в диагностике.","False","Pending"
"tests/CTestLimitSearchProblem.cls","CTestLimitSearchProblem","384","Private","Sub","ILimitSearchProblem_HandleInitialFailure","0","","False","Pending"
"tests/CTestLimitSearchProblem.cls","CTestLimitSearchProblem","389","Private","Sub","ILimitSearchProblem_HandleBracketNotFound","0","","False","Pending"
"tests/CTestLimitSearchProblem.cls","CTestLimitSearchProblem","394","Private","Sub","ILimitSearchProblem_HandleBracketNumericalFailure","0","","False","Pending"
"tests/CTestLimitSearchProblem.cls","CTestLimitSearchProblem","401","Private","Sub","ILimitSearchProblem_HandleIterationLimit","1","Фиксирует T02: лимит итераций bisection не должен превращаться в найденный предел.","False","Pending"
"tests/CTestLimitSearchProblem.cls","CTestLimitSearchProblem","411","Private","Sub","ILimitSearchProblem_HandleUnexpectedState","0","","False","Pending"
"tests/CTestLimitSearchProblem.cls","CTestLimitSearchProblem","416","Private","Sub","ILimitSearchProblem_SetInvalidInput","0","","False","Pending"
"tests/CTestLimitSearchProblem.cls","CTestLimitSearchProblem","421","Private","Sub","ILimitSearchProblem_SetNumericalFailure","0","","False","Pending"
"tests/CTestLimitSearchProblem.cls","CTestLimitSearchProblem","426","Private","Sub","ILimitSearchProblem_AppendDiagnostic","0","","False","Pending"
"tests/CTestLimitSearchProblem.cls","CTestLimitSearchProblem","431","Private","Function","ILimitSearchProblem_FinalizeAt","1","Принимает итоговую lambda-точку, выбранную общим search-ядром.","False","Pending"
"tests/CTestLimitSearchProblem.cls","CTestLimitSearchProblem","445","Private","Sub","ILimitSearchProblem_FinalizeBracket","0","","False","Pending"
"tests/CTestLimitSearchProblem.cls","CTestLimitSearchProblem","459","Private","Sub","ILimitSearchProblem_TryFinalizeAfterSearchFailure","0","","False","Pending"
"tests/CTestLimitSearchProblem.cls","CTestLimitSearchProblem","464","Private","Function","ILimitSearchProblem_BuildResult","1","ДЛЯ ТЕСТОВ: фиксирует полноценный численный результат без solver/calculator.","False","Pending"
"tests/CTestLimitSearchProblem.cls","CTestLimitSearchProblem","486","Private","Property Get","ILimitSearchProblem_StoppedTerminally","0","","False","Pending"
"tests/CTestLimitSearchProblem.cls","CTestLimitSearchProblem","491","Private","Property Get","ILimitSearchProblem_StopReason","0","","False","Pending"
"tests/CTestLimitSearchProblem.cls","CTestLimitSearchProblem","495","Private","Sub","ILimitSearchProblem_ClearStopReason","0","","False","Pending"
"tests/CTestLimitSearchProblem.cls","CTestLimitSearchProblem","499","Private","Sub","ILimitSearchProblem_SetStopReasonIfEmpty","0","","False","Pending"
"tests/CTestLimitSearchProblem.cls","CTestLimitSearchProblem","503","Private","Sub","ILimitSearchProblem_MergeFallback","0","","False","Pending"
"tests/CTestLimitSearchProblem.cls","CTestLimitSearchProblem","513","Private","Sub","AppendDiagnosticLine","1","Добавляет строку в диагностический журнал fake-задачи.","False","Pending"
"tests/CTestLimitSearchProblem.cls","CTestLimitSearchProblem","519","Private","Function","FormatNumberInvariant","1","Форматирует числа одинаково для локальных test diagnostics.","False","Pending"
"tests/CTestLimitSearchProblem.cls","CTestLimitSearchProblem","525","Private","Sub","ILimitSearchProblem_SetFailure","2","============================== ДЛЯ ТЕСТОВ ============================== Сохраняет typed failure общего Newton независимо от display-строк и текста.","False","Pending"
"tests/CTestLimitSearchProblem.cls","CTestLimitSearchProblem","535","Public","Sub","ConfigureUltimateGuardCase","2","ДЛЯ ТЕСТОВ: меняет ровно один guard/численный сценарий линейной системы. Первый сценарий воспроизводит бесконечное деление alpha при min alpha=0.","False","Pending"
"tests/CTestLimitSearchProblem.cls","CTestLimitSearchProblem","555","Public","Property Get","UltimateCalls","1","ДЛЯ ТЕСТОВ: счетчик и typed-причина для независимых assertions.","False","Pending"
"tests/CTestLimitSearchProblem.cls","CTestLimitSearchProblem","559","Public","Property Get","FailureCode","0","","False","Pending"
"tests/modTestBatchCalculation.bas","modTestBatchCalculation","21","Public","Function","RunBatchCalculationTests","2","Выполняет пакетные регрессии профилей, путей, typed results, reuse и вывода. Общий отчет сохраняет отдельные причины failure и количество assertions.","False","Pending"
"tests/modTestBatchCalculation.bas","modTestBatchCalculation","239","Private","Sub","RestoreBatchSuiteProfileDefaults","3","Возвращает настройки профиля, временно измененные общим batch-прогоном. Отдельные stability-тесты внутри набора сами включают устойчивость и восстанавливают ее к этому временному тестовому базису, поэтому здесь нужен только финальный возврат.","False","Pending"
"tests/modTestBatchCalculation.bas","modTestBatchCalculation","252","Public","Function","RunBatchSummaryReserveConsistencyTest","4","ДЛЯ ТЕСТОВ: запускает только сверку верхнего batch summary с подробными блоками Results. Нужен как быстрый диагностический вход, когда общий набор batch-тестов слишком долгий и надо проверить именно новый пользовательский контракт сводки запасов.","False","Pending"
"tests/modTestBatchCalculation.bas","modTestBatchCalculation","272","Private","Sub","TestBatchOneCombination","2","Проверяет полный Execute одного LC: число результатов, определяющее сочетание, заполнение статусов разделов и неотрицательное время расчета.","False","Pending"
"tests/modTestBatchCalculation.bas","modTestBatchCalculation","287","Private","Sub","TestProfileIdControlsLimitStateGroup","2","Решает одинаковые усилия по Strength- и Crack-профилям: запрошенные разделы выполняются, остальные остаются неприменимыми, без чужой модели.","False","Pending"
"tests/modTestBatchCalculation.bas","modTestBatchCalculation","309","Private","Sub","TestBatchCapacityUsesSystemSettings","3","Задает LoadMultiplier и малую техническую границу lambda в Config; batch должен сохранить незавершенный поиск как NumFail без выдуманного запаса. Исходные настройки восстанавливаются и при ошибке проверки.","False","Pending"
"tests/modTestBatchCalculation.bas","modTestBatchCalculation","346","Private","Sub","TestInvalidModeSettingsAreNotFallbacks","2","Передает неизвестную Capacity.SolutionStrategy через настоящий reader. Ожидается InputErr без lambda/reserve, а не fallback на допустимый метод.","False","Pending"
"tests/modTestBatchCalculation.bas","modTestBatchCalculation","379","Private","Sub","TestBatchFiveCombinations","2","Проверяет пять различных LC, выбор определяющего индекса в пределах пакета и наличие диагностической строки последнего сочетания после Execute.","False","Pending"
"tests/modTestBatchCalculation.bas","modTestBatchCalculation","397","Private","Sub","TestBatchGoverningUsesLowestSafetyFactor","2","Сравнивает две нагрузки с одинаковой N и разными моментами: governing выбирается по меньшему lambda-запасу, а не по позиции LC в пакете.","False","Pending"
"tests/modTestBatchCalculation.bas","modTestBatchCalculation","414","Private","Sub","TestBatchPureAxialCapacityUsesNult","3","Проверяет, что batch для чистой продольной силы автоматически выбирает траекторию lambda*N. Нулевые пользовательские моменты в этом режиме не являются ошибкой: до предела масштабируется именно продольная сила.","False","Pending"
"tests/modTestBatchCalculation.bas","modTestBatchCalculation","436","Private","Sub","TestBatchEccentricAxialCapacityTriesUltimateStrain","3","Проверяет, что ""только N"" не считается чистой осевой траекторией, если после переноса в центр приведенного сечения остается изгибающий момент. Путь lambda*N сохраняется, но стратегия Auto может пробовать UltimateStrain.","False","Pending"
"tests/modTestBatchCalculation.bas","modTestBatchCalculation","455","Private","Sub","TestBatchRectSetN200CapacityPathNDoesNotNumFail","5","Проверяет пользовательский сценарий из книги: Г-сечение, нагрузка N=-200 тс при принятом знаке +N=Compression, то есть внутреннее растяжение, и путь CapacityLoadPath = lambda*N. Точка приложения проходит через бетонный центр тяжести, поэтому внутри solver-а вместе с N масштабируются и моменты переноса, но пользовательская постановка остается чистым Nult.","False","Pending"
"tests/modTestBatchCalculation.bas","modTestBatchCalculation","485","Private","Sub","CheckBatchRectSetN200CapacitySolutionStrategy","0","","False","Pending"
"tests/modTestBatchCalculation.bas","modTestBatchCalculation","531","Private","Sub","TestBatchExplicitCapacityLoadPathScalesMxy","3","Проверяет, что явный выбор lambda*Mxy масштабирует оба пользовательских момента при постоянной продольной силе. Это основной вариант для общего изгиба N + Mx + My, когда нужно найти предельный момент при заданной N.","False","Pending"
"tests/modTestBatchCalculation.bas","modTestBatchCalculation","546","Private","Sub","TestBatchExplicitCapacityLoadPathScalesNWithMoments","3","Проверяет, что явный выбор lambda*N масштабирует продольную силу даже при наличии пользовательских моментов. Моменты остаются постоянной частью траектории, а момент от эксцентриситета N масштабируется вместе с N.","False","Pending"
"tests/modTestBatchCalculation.bas","modTestBatchCalculation","561","Private","Sub","TestCapacityLoadPathNReportsUltimateAtLoadPoint","3","Проверяет пользовательский вывод для lambda*N: solver внутри масштабирует момент от эксцентриситета N, но предельные Mx/My в batch должны быть перенесены обратно в точку приложения нагрузки через CSectionLoadState.","False","Pending"
"tests/modTestBatchCalculation.bas","modTestBatchCalculation","582","Private","Sub","TestBatchCapacityLoadPathVariants","3","Проверяет все пользовательские варианты CapacityLoadPath. Тест не привязывается к конкретной величине запаса: здесь важно, что batch корректно распознает путь и не подменяет выбранную пользователем траекторию.","False","Pending"
"tests/modTestBatchCalculation.bas","modTestBatchCalculation","607","Private","Sub","TestBatchCapacityLoadPathAllowsZeroInactiveComponents","4","Проверяет пользовательский контракт таблицы сочетаний: неучаствующие компоненты нагрузки могут быть пустыми/нулевыми. Ошибкой является только полностью нулевой масштабируемый Base-вектор, потому что тогда lambda не имеет расчетного смысла.","False","Pending"
"tests/modTestBatchCalculation.bas","modTestBatchCalculation","637","Private","Sub","TestBatchNMxyWithoutMomentsUsesStableForcePath","4","Проверяет вырожденный пользовательский случай: выбран lambda*NMxy, но в строке сочетания Mx=0 и My=0. Это не ошибка ввода и не особая геометрия; по фактическим нагрузкам пользователь масштабирует только продольную силу, а значит capacity должен идти устойчивым силовым путем LoadMultiplier.","False","Pending"
"tests/modTestBatchCalculation.bas","modTestBatchCalculation","684","Private","Sub","TestMomentZeroFilterDefaultThresholds","2","Проверяет сам инженерный фильтр практически нулевого момента без solver-а. Порог растет линейно с бетонным габаритом h: Mtol = value*h.","False","Pending"
"tests/modTestBatchCalculation.bas","modTestBatchCalculation","699","Private","Sub","TestCapacityLoadPathFiltersEngineeringSmallMoments","2","Проверяет, что CapacityLoadPath не пропускает в solver момент, который уже меньше инженерного порога Calculation.ZeroMomentPerDepth * h.","False","Pending"
"tests/modTestBatchCalculation.bas","modTestBatchCalculation","729","Private","Sub","TestBatchZeroMomentFilterNormalizesCapacityPath","2","Проверяет, что малый момент после чтения настроек и единиц не заставляет capacity выбирать моментную lambda-траекторию вместо осевой.","False","Pending"
"tests/modTestBatchCalculation.bas","modTestBatchCalculation","751","Private","Sub","TestStabilityZeroMomentFilterUsesZeroMomentSigns","2","Проверяет, что Stability в режиме OnlyMomentPlane считает отфильтрованный микромомент нулевым и берет направление из ZeroMomentEccentricitySign1/2.","False","Pending"
"tests/modTestBatchCalculation.bas","modTestBatchCalculation","829","Private","Sub","TestBatchInvalidCapacityLoadPathReportsInputErr","2","Проверяет, что ошибочный текст CapacityLoadPath не заменяется молча авто-выбором. Пользователь должен сразу увидеть ошибку в строке LC.","False","Pending"
"tests/modTestBatchCalculation.bas","modTestBatchCalculation","843","Private","Sub","TestPR2PhysicalStateRunsCrackWithExtensionEnabled","3","Проверяет, что физическое плато нормативной диаграммы не считается numerical extension. Extension начинается только после eps_ult; иначе нормальное состояние с запасом по capacity ошибочно получит FAIL.","False","Pending"
"tests/modTestBatchCalculation.bas","modTestBatchCalculation","891","Private","Sub","TestBatchCrackCoverDistanceModeChangesAs","4","Проверяет, что настройка SLS.Crack.CoverDistanceMode проходит через полный batch-конвейер до CCrackWidthCalculator. Ступенчатый бетонный контур выбран специально: расстояние до ближайшего локального выхода и до дальней общей растянутой линии у него заметно отличаются.","False","Pending"
"tests/modTestBatchCalculation.bas","modTestBatchCalculation","929","Private","Sub","TestPR2AutoCrackStoresPreAndPostCrackStates","3","Проверяет, что Auto-ветка трещин сохраняет оба состояния около Mcrc. PreCrackState нужен для контроля состояния с работающим растянутым бетоном, PostCrackState - для ручной проверки sigma_s,crc после раскрытия трещины.","False","Pending"
"tests/modTestBatchCalculation.bas","modTestBatchCalculation","972","Private","Sub","TestPR2AutoCrackPureBendingStoresMcrcStates","3","Проверяет чистый изгиб N=0 в полном batch-конвейере: исходное CrackedState находит CStateSolutionRunner, а Auto-ветка трещин затем сохраняет состояния до и после Mcrc без отдельной подстановки продольной силы.","False","Pending"
"tests/modTestBatchCalculation.bas","modTestBatchCalculation","1019","Private","Sub","TestPR2RectSetCompressionSmallMomentCrackDoesNotNumFail","3","Проверяет пользовательский случай Г-сечения: при сжатии 100 тс и сравнительно небольшом моменте Mx поиск стадии образования трещины должен завершаться расчетным статусом, а не падать в NumFail из-за неудачного стартового НДС.","False","Pending"
"tests/modTestBatchCalculation.bas","modTestBatchCalculation","1060","Private","Sub","TestCrackInitiationLoadPathsWriteFormationSummary","4","Проверяет полный путь batch + Results writer для новых траекторий трещинообразования lambda*N и lambda*NMxy. Раньше найденные Ncrc/Mxy,crc могли сохраниться в результате LC, но не попасть в таблицу трещин из-за позднего N/A после проверки CrackedState.","False","Pending"
"tests/modTestBatchCalculation.bas","modTestBatchCalculation","1102","Private","Sub","TestCrackAutoFormationPathSwitchesForRectSet","4","Жестко проверяет Auto-переключение пути образования трещины на пользовательском Г-сечении: чистая N должна выбрать lambda*N, чистый момент - lambda*Mxy, а сочетание, где N и M по отдельности уже дают трещину, должно дойти до пропорционального пути lambda*NMxy вместо fallback psi_s=1.","False","Pending"
"tests/modTestBatchCalculation.bas","modTestBatchCalculation","1140","Private","Sub","CheckCrackAutoFormationCase","2","Выполняет один Auto-сценарий Mcrc/Ncrc на Г-сечении и проверяет, что фактически принятый путь совпал с ожидаемым физическим случаем.","False","Pending"
"tests/modTestBatchCalculation.bas","modTestBatchCalculation","1177","Private","Sub","CheckCrackFormationSummaryForPath","2","Выполняет один сценарий трещинообразования и проверяет, что найденная точка записана как в объект batch, так и в отдельный блок rngCrackSummaryAnchor.","False","Pending"
"tests/modTestBatchCalculation.bas","modTestBatchCalculation","1269","Private","Function","CellHasDisplayedResult","1","Отличает реально выведенную величину от пустой ячейки и статуса N/A.","False","Pending"
"tests/modTestBatchCalculation.bas","modTestBatchCalculation","1277","Private","Function","MetaDebugText","2","ДЛЯ ТЕСТОВ: возвращает компактную строку typed-result для диагностики регрессионных проверок, чтобы было видно, какой именно этап дал статус.","False","Pending"
"tests/modTestBatchCalculation.bas","modTestBatchCalculation","1288","Private","Sub","TestPR2AxialTensionBeyondPhysicalLimitUsesExtension","2","Проверяет сценарий второй группы с большим осевым растяжением: расчет трещин не должен брать technical extension из настройки прямого НДС прочности.","False","Pending"
"tests/modTestBatchCalculation.bas","modTestBatchCalculation","1343","Private","Sub","TestPR1AxialTensionBeyondPhysicalLimitUsesExtension","3","Проверяет пользовательский сценарий PR1: растянутый бетон в прочности не работает, перегрузка должна распознаваться через extension арматуры, а не превращаться в рассинхрон DirectStateStatus=FAIL при ExtensionUsed=False.","False","Pending"
"tests/modTestBatchCalculation.bas","modTestBatchCalculation","1400","Private","Sub","TestPR1AxialTensionNearLimitDoesNotJumpToNumFail","4","Проверяет ряд почти соседних осевых растягивающих нагрузок возле физического предела. Первый найденный warm-start может сорваться на одной точке ряда и давал NumFail между двумя корректными FAIL; теперь batch пробует несколько стартов и не должен терять равновесие из-за неудачной подсказки.","False","Pending"
"tests/modTestBatchCalculation.bas","modTestBatchCalculation","1475","Private","Sub","TestPR1AxialCompressionNearLimitDoesNotJumpToNumFail","4","Проверяет соседние значения осевого сжатия около предела сечения. Регрессия защищает от численной дырки, когда одно значение N между двумя корректными FAIL ошибочно превращается в NumFail из-за неудачного старта Newton на technical extension.","False","Pending"
"tests/modTestBatchCalculation.bas","modTestBatchCalculation","1550","Private","Sub","TestPR1AxialTensionProgressionAfterLimitIsStableFail","4","Проверяет длинный растянутый ряд после последнего физически проходящего состояния. Набор нагрузок намеренно неровный: сначала шаг 1 т, затем скачок, затем снова малый шаг на более высокой нагрузке. Так тест ловит не только соседний порог, но и зависимость warm-start от величины предыдущего скачка.","False","Pending"
"tests/modTestBatchCalculation.bas","modTestBatchCalculation","1560","Private","Sub","TestPR1AxialCompressionProgressionAfterLimitIsStableFail","3","Проверяет аналогичный ряд для сжатия. Это защищает от ситуации, когда при росте N одно сочетание внутри перегруженной области внезапно получает NumFail, хотя соседние нагрузки уже корректно сходятся в extension и дают FAIL.","False","Pending"
"tests/modTestBatchCalculation.bas","modTestBatchCalculation","1570","Private","Sub","RunAxialProgressionAfterLimit","3","Общая проверка длинного осевого ряда. firstOkIndex указывает строку, которая должна еще оставаться физически допустимой; все последующие строки обязаны сходиться как FAIL с ExtensionUsed=True, а не как NumFail.","False","Pending"
"tests/modTestBatchCalculation.bas","modTestBatchCalculation","1649","Private","Function","ProgressionCombinationID","0","","False","Pending"
"tests/modTestBatchCalculation.bas","modTestBatchCalculation","1660","Private","Sub","TestPR2AxialCompressionBeyondPhysicalLimitUsesExtension","3","Проверяет симметричный для сжатия сценарий второй группы: текущее CrackedState может искать равновесие через extension, но после этого crack-ветка должна остановиться со статусом FAIL.","False","Pending"
"tests/modTestBatchCalculation.bas","modTestBatchCalculation","1728","Private","Sub","TestPR2BendingBeyondPhysicalLimitUsesExtension","3","Проверяет неосевую перегрузку второй группы. При N + Mx + My текущее CrackedState может получить равновесие через extension, но расчет ширины трещины после такого состояния не продолжается.","False","Pending"
"tests/modTestBatchCalculation.bas","modTestBatchCalculation","1784","Private","Sub","TestBatchGoverningUsesStrengthProfilesOnly","3","Проверяет, что governing по прочности выбирается среди профилей, где capacity действительно запрошен. PR2 в базовом шаблоне трещин не участвует в этой выборке, потому что его CapacityStatus получает N/A.","False","Pending"
"tests/modTestBatchCalculation.bas","modTestBatchCalculation","1800","Private","Sub","TestPR2SkipsCapacityByProfile","2","Проверяет, что отключение capacity задается самим профилем, а не старой глобальной настройкой области расчета.","False","Pending"
"tests/modTestBatchCalculation.bas","modTestBatchCalculation","1828","Private","Sub","TestLoadReferenceTransformsUserMoments","2","Проверяет добавление N*offset к внутренним моментам при сохранении исходных пользовательских Mx/My; отдельно сверяет offsets относительно сдвинутого центра.","False","Pending"
"tests/modTestBatchCalculation.bas","modTestBatchCalculation","1854","Private","Sub","TestSectionLoadStateTransfersMoments","3","Проверяет единый объект нагрузки: он хранит Mx/My в пользовательской точке, умеет переносить их к произвольному центру и обратно восстанавливает пользовательские моменты из усилий, возвращенных stability-фильтром.","False","Pending"
"tests/modTestBatchCalculation.bas","modTestBatchCalculation","1892","Private","Sub","TestAxialReferenceRemovesPureCompressionEccentricity","4","Проверяет осевое сжатие через бетонный центр тяжести. Для симметричных сечений это состояние не должно создавать кривизну. Для Г-сечения с несимметричной арматурой отдельная проверка ниже фиксирует именно выбор бетонного центра, а не нулевую кривизну как физическое требование.","False","Pending"
"tests/modTestBatchCalculation.bas","modTestBatchCalculation","1905","Private","Sub","TestAxialTensionReferenceAndEccentricity","5","Проверяет осевое растяжение как отдельный физический сценарий: при приложении N через бетонный центр симметричного сечения кривизны должны быть нулевыми, а при смещении той же силы появляется изгиб. Этот контроль остается в тестах, чтобы рабочий алгоритм трещин не использовал кривизны как fallback-критерий.","False","Pending"
"tests/modTestBatchCalculation.bas","modTestBatchCalculation","1912","Private","Sub","CheckPureCompressionReference","0","","False","Pending"
"tests/modTestBatchCalculation.bas","modTestBatchCalculation","1948","Private","Sub","CheckRectSetReferenceUsesConcreteCentroid","3","Проверяет, что для несимметричного Г-сечения новый reference point берется от бетонной части. Это важнее, чем требовать нулевую кривизну: при несимметричной арматуре бетонный и приведенный центры могут не совпадать.","False","Pending"
"tests/modTestBatchCalculation.bas","modTestBatchCalculation","1970","Private","Sub","CheckPureTensionReference","0","","False","Pending"
"tests/modTestBatchCalculation.bas","modTestBatchCalculation","2020","Private","Sub","TestDirectStateReportsSectionStatus","2","Проверяет профиль PR1 после отказа от пользовательского запаса по деформациям. В этом профиле выполняются и прямое НДС по прочности, и поиск capacity.","False","Pending"
"tests/modTestBatchCalculation.bas","modTestBatchCalculation","2056","Private","Sub","TestPR1RectSetSmallTensionMomentDirectStateDoesNotNumFail","4","Проверяет внецентренное растяжение стандартного Г-сечения. Этот случай регрессирует численную дырку прямого StrengthState: при N=-9 тс и Mx=50 тс*м capacity находил предельное состояние, а прямой solve от заданных усилий мог остановиться как NumFail из-за неудачного стартового приближения.","False","Pending"
"tests/modTestBatchCalculation.bas","modTestBatchCalculation","2121","Private","Sub","TestPR1RunsStrengthWithoutCrackWidth","2","Проверяет базовый профиль PR1: прочностное НДС и capacity выполняются, а расчет раскрытия трещин не запускается.","False","Pending"
"tests/modTestBatchCalculation.bas","modTestBatchCalculation","2150","Private","Sub","TestDirectStateReportsNumericalFailure","2","Проверяет, что численная несходимость прямого НДС превращается в короткий пользовательский статус NumFail и не порождает расчет трещин.","False","Pending"
"tests/modTestBatchCalculation.bas","modTestBatchCalculation","2186","Private","Sub","TestLongitudinalCrackCheckUsesDirectStateStress","3","Проверяет проверку продольных трещин: она должна брать максимальное сжимающее напряжение бетона из уже найденного прямого НДС PR2 и не требовать отдельного расчетного purpose или повторного запуска solver-а.","False","Pending"
"tests/modTestBatchCalculation.bas","modTestBatchCalculation","2203","Private","Sub","TestLongitudinalCrackSkippedForPR1","3","Проверяет нормативную область применения: продольные трещины являются проверкой трещиностойкости по PR2, поэтому для PR1 этот блок остается N/A и не влияет на прочностной результат.","False","Pending"
"tests/modTestBatchCalculation.bas","modTestBatchCalculation","2217","Private","Sub","TestStabilityProfileEnablesSP63ForCompression","3","Проверяет, что профильный флаг включает расчет устойчивости как отдельный фильтр перед НДМ: при сжатии SP63 должен дать применимый статус и расчетные величины Ncr/eta, а не оставаться в N/A.","False","Pending"
"tests/modTestBatchCalculation.bas","modTestBatchCalculation","2262","Private","Sub","TestStabilitySkippedForTension","2","Проверяет область применения фильтра устойчивости: при растяжении сжатой продольной силы нет, поэтому проверка становится N/A и не ухудшает OverallStatus.","False","Pending"
"tests/modTestBatchCalculation.bas","modTestBatchCalculation","2305","Private","Sub","TestStabilitySP35UsesConfigTableAndProfileValueSet","4","Проверяет две договоренности по СП 35: табличные коэффициенты приходят из rngSP35Table721, а материал устойчивости выбирается отдельной строкой профиля. При SLS(II) в тестовом наборе Rb/Rsc больше, поэтому расчетная сила должна получиться выше, чем при нормативном для устойчивости ULS(I).","False","Pending"
"tests/modTestBatchCalculation.bas","modTestBatchCalculation","2353","Private","Sub","TestStabilitySP35TableSeparatesNcrAndNult","3","Проверяет, что табличная ветвь СП 35 хранит предельную силу отдельно от Ncr. В этой ветви критическая сила по формуле Ncr не считается, поэтому Ncr остается 0, а запас берется по Nult,stab.","False","Pending"
"tests/modTestBatchCalculation.bas","modTestBatchCalculation","2411","Private","Sub","TestStabilitySP35TableIgnoresPhiL2","3","Проверяет СП 35: в табличной ветви ec/r <= 1 коэффициент phi_l всегда берется из таблицы 7.21. Режим PhiL2 не должен подменять это табличное значение на 2, потому что он относится к ветвям с расчетом длительности.","False","Pending"
"tests/modTestBatchCalculation.bas","modTestBatchCalculation","2476","Private","Sub","TestStabilitySP35TableRebarAreaCorrection","3","Проверяет табличную ветвь СП 35: если As/Ab больше 3%, бетонный вклад в Nult уменьшается на As. Это не заменяет приведенное сечение (n - 1)As, которое отвечает только за центр тяжести, оси и ядровое расстояние.","False","Pending"
"tests/modTestBatchCalculation.bas","modTestBatchCalculation","2546","Private","Sub","TestStabilitySP35TableInterpolationIntermediate","2","Проверяет, что таблица 7.21 СП 35 интерполируется в два шага: сначала по ec/r между столбцами q=0, 0.25, 0.50, 1.00, затем между строками по l0/i.","False","Pending"
"tests/modTestBatchCalculation.bas","modTestBatchCalculation","2613","Private","Sub","TestStabilitySP35TableBoundaryReservePasses","2","Проверяет граничное условие табличной ветви СП 35: N <= Nult, поэтому коэффициент запаса ровно 1.0 считается прохождением проверки.","False","Pending"
"tests/modTestBatchCalculation.bas","modTestBatchCalculation","2698","Private","Sub","TestStabilityFailContinuesDownstream","2","Проверяет orchestrator: если устойчивость дала FAIL, остальные запрошенные расчеты все равно выполняются, чтобы пользователь видел полную картину LC.","False","Pending"
"tests/modTestBatchCalculation.bas","modTestBatchCalculation","2765","Private","Sub","TestStabilitySP63ShortSlendernessEtaIsOne","2","Проверяет СП 63: при гибкости l0/i <= 14 коэффициент eta не применяется и принимается равным 1, но критическая сила Ncr все равно считается для справки.","False","Pending"
"tests/modTestBatchCalculation.bas","modTestBatchCalculation","2822","Private","Sub","TestStabilityInvalidMuReportsInputErr","3","Проверяет, что расчет устойчивости не заменяет некорректные mu1/mu2 на 1. При включенной устойчивости оба коэффициента расчетной длины должны быть заданы положительными числами, иначе пользователь получает InputErr.","False","Pending"
"tests/modTestBatchCalculation.bas","modTestBatchCalculation","2870","Private","Sub","TestStabilityInvalidSettingsReportInputErr","3","Проверяет, что критичные настройки устойчивости не получают скрытые fallback значения. Если пользователь очистил или неверно задал параметр, включенная устойчивость должна вернуть InputErr через общую status policy.","False","Pending"
"tests/modTestBatchCalculation.bas","modTestBatchCalculation","2948","Private","Sub","TestStabilitySP35MixedBranchReportsMixed","3","Проверяет общий диагностический Branch для СП 35. Если первая и вторая главные плоскости попали в разные ветви, общий Branch должен быть mixed, а точная детализация остается в PlaneBranch1/2.","False","Pending"
"tests/modTestBatchCalculation.bas","modTestBatchCalculation","3021","Private","Sub","TestStabilityCircleMxDoesNotCreateMy","3","Проверяет круговое сечение с моментом только в глобальной плоскости X. Для почти изотропной геометрии главные оси фиксируются по X/Y, а случайный эксцентриситет не должен создавать расчетный момент в пустой второй плоскости.","False","Pending"
"tests/modTestBatchCalculation.bas","modTestBatchCalculation","3079","Private","Sub","TestStabilityAccidentalBothPlanes","3","Проверяет новую настройку плоскостей случайного эксцентриситета. В режиме BothPlanes случайный эксцентриситет добавляется и во вторую главную плоскость, даже если исходный момент был задан только в одной плоскости.","False","Pending"
"tests/modTestBatchCalculation.bas","modTestBatchCalculation","3138","Private","Sub","TestStabilityUsesTransformedCentroidForEccentricity","4","Проверяет, что эксцентриситет устойчивости считается относительно центра тяжести приведенного сечения. Пользовательская точка нагрузки остается в бетонном центре, поэтому несимметричная арматура должна дать реальный статический эксцентриситет даже при пользовательском Mx=My=0.","False","Pending"
"tests/modTestBatchCalculation.bas","modTestBatchCalculation","3215","Private","Sub","TestStabilityAccidentalUsesGeometricLength","3","Проверяет, что нормативный AutoWithL для случайного эксцентриситета берет геометрическую длину L, а не расчетную длину l0 = mu*L. Режим AutoWithMuL остается явной проверочной опцией и должен давать другое значение.","False","Pending"
"tests/modTestBatchCalculation.bas","modTestBatchCalculation","3273","Private","Sub","TestStabilityAccidentalUserMode","3","Проверяет пользовательский режим случайного эксцентриситета: пользователь задает только модуль, а знак по-прежнему выбирается по направлению момента или настройкам для нулевого момента.","False","Pending"
"tests/modTestBatchCalculation.bas","modTestBatchCalculation","3322","Private","Sub","TestStabilitySP35UsesCoreDistanceNotRadius","3","Проверяет исправление СП 35: выбор ветви идет по ядровому расстоянию r, а не по радиусу инерции i. Для круга D=500 мм ядровое расстояние примерно равно половине радиуса инерции, поэтому перепутать эти величины легко.","False","Pending"
"tests/modTestBatchCalculation.bas","modTestBatchCalculation","3392","Private","Sub","TestStabilityDepthUsesConcreteContourOnly","3","Проверяет, что h для случайного эксцентриситета и delta_e берется по бетонному контуру. Даже если в модели есть очень крупный стержень, он участвует в приведенных характеристиках, но не расширяет внешний габарит h.","False","Pending"
"tests/modTestBatchCalculation.bas","modTestBatchCalculation","3451","Private","Sub","TestStabilityPhiLUsesSignedSustainedMoment","3","Проверяет СП 63: phi_l считается как 1 + Ml1/M1 со знаком, а не по модулю отношения. Длительный момент противоположного знака не должен увеличивать phi_l сверх 1.","False","Pending"
"tests/modTestBatchCalculation.bas","modTestBatchCalculation","3492","Private","Sub","TestStabilitySustainedNNotClamped","3","Проверяет, что постоянная/длительная продольная сила не обрезается к диапазону 0...N. Пользовательское значение передается в расчет как есть: сжатие хранится положительным, растяжение отрицательным в формулах устойчивости.","False","Pending"
"tests/modTestBatchCalculation.bas","modTestBatchCalculation","3532","Private","Sub","TestStabilitySP35OppositeMomentSigns","2","Проверяет специальную ветвь СП 35 для противоположных знаков полного и длительного моментов: Auto не должен превращать ее в Abs-отношение.","False","Pending"
"tests/modTestBatchCalculation.bas","modTestBatchCalculation","3569","Private","Sub","TestBatchSummaryWritesOnlySelectedStabilityCode","3","Проверяет, что Summary заполняет значения только для выбранной методики устойчивости. Заголовки СП 35 и СП 63 остаются всегда, но строка LC не должна одновременно содержать расчетные значения двух нормативных блоков.","False","Pending"
"tests/modTestBatchCalculation.bas","modTestBatchCalculation","3631","Private","Sub","TestBatchMoreThanTwentyCombinations","2","Выполняет 24 LC, проверяя динамический размер массива результатов, доступность последнего статуса и governing вне прежних малых пакетов.","False","Pending"
"tests/modTestBatchCalculation.bas","modTestBatchCalculation","3649","Private","Sub","TestInvalidCombinationFromNamedRange","2","Читает строку настоящего rngLoadCombinations с нечисловой N. Строка сохраняется в пакете как InputErr, а не теряется или становится нулевой.","False","Pending"
"tests/modTestBatchCalculation.bas","modTestBatchCalculation","3681","Private","Sub","TestBatchSummaryRowsUseAvailableLoadRange","3","Проверяет, что высота верхней сводки берется не только по заполненным LC, но и по доступным строкам rngLoadCombinations. Иначе пользователь видит неполную сетку при ручном расширении таблицы сочетаний.","False","Pending"
"tests/modTestBatchCalculation.bas","modTestBatchCalculation","3727","Private","Sub","TestBatchSummaryWriter","2","Записывает Strength/Crack/осевое LC настоящим writer-ом и проверяет шапки, объединения, позиции блоков, единицы, статусы и отсутствие перекрытия Results.","False","Pending"
"tests/modTestBatchCalculation.bas","modTestBatchCalculation","3943","Private","Sub","TestBatchSummaryPreservesSourceRowGaps","3","Проверяет, что Results сохраняет пустые строки из rngLoadCombinations: LC с source-offset 1 и 4 должны попасть в первую и четвертую строки данных, а промежуточные строки остаются пустыми без N/A и статусной заливки.","False","Pending"
"tests/modTestBatchCalculation.bas","modTestBatchCalculation","4003","Private","Function","BatchSummaryStartRow","0","","False","Pending"
"tests/modTestBatchCalculation.bas","modTestBatchCalculation","4008","Private","Sub","AssertBatchSummaryReservesMatchDetailed","1","Сверяет одну строку компактной сводки с подробными таблицами Results.","False","Pending"
"tests/modTestBatchCalculation.bas","modTestBatchCalculation","4066","Private","Function","SummaryRowByCombination","0","","False","Pending"
"tests/modTestBatchCalculation.bas","modTestBatchCalculation","4078","Private","Function","DetailedRowByCombination","0","","False","Pending"
"tests/modTestBatchCalculation.bas","modTestBatchCalculation","4093","Private","Sub","AssertWorstSummaryRowMatchesData","2","Проверяет строку worst LC: в статусном блоке должен стоять номер LC, а в блоке запасов - коэффициент из той же строки LC и того же столбца проверки.","False","Pending"
"tests/modTestBatchCalculation.bas","modTestBatchCalculation","4107","Private","Function","BatchSummaryWorstRowContainsText","1","Проверяет строку worst LC по расчетным столбцам compact summary.","False","Pending"
"tests/modTestBatchCalculation.bas","modTestBatchCalculation","4123","Private","Function","BatchSummaryCellText","2","Читает отображаемое значение ячейки summary, корректно работая с объединенными областями шапки и правого словаря статусов.","False","Pending"
"tests/modTestBatchCalculation.bas","modTestBatchCalculation","4131","Private","Function","StatusCellHasExpectedFill","1","Проверяет, что одна статусная ячейка окрашена по единой палитре Results.","False","Pending"
"tests/modTestBatchCalculation.bas","modTestBatchCalculation","4139","Private","Function","CellHasNoFill","1","Проверяет, что расчетная ячейка рядом со статусом не получила статусную заливку всего блока.","False","Pending"
"tests/modTestBatchCalculation.bas","modTestBatchCalculation","4144","Private","Sub","AssertWorstSummaryColumnMatchesData","1","Сверяет одну пару столбцов worst LC: номер сочетания и соответствующий запас.","False","Pending"
"tests/modTestBatchCalculation.bas","modTestBatchCalculation","4171","Private","Sub","AssertOptionalReserve","0","","False","Pending"
"tests/modTestBatchCalculation.bas","modTestBatchCalculation","4187","Private","Function","MaxDouble","0","","False","Pending"
"tests/modTestBatchCalculation.bas","modTestBatchCalculation","4194","Private","Function","BuildBatchCalculator","3","Собирает независимый армированный прямоугольник 300x200 и профильный batch. Effective Extension задается явно для теста; готовая модель при необходимости возвращается для дополнительных проверок состояний без повторной геометрии.","False","Pending"
"tests/modTestBatchCalculation.bas","modTestBatchCalculation","4225","Private","Function","BuildSteppedCrackCoverBatch","3","Собирает ступенчатую тестовую модель, где локальный и глобальный варианты a_s дают разные расстояния. Это regression именно на передачу настройки из batch в расчет трещин, а не на сам геометрический ray-cast.","False","Pending"
"tests/modTestBatchCalculation.bas","modTestBatchCalculation","4259","Private","Function","BatchSteppedCrackCoverStatus","3","Возвращает статус полного batch-расчета для указанного режима расстояния. Численное отличие NearestContour/GlobalExtreme проверяется в прямых crack-тестах; здесь важно, что настройка проходит через batch и не превращается в InputErr.","False","Pending"
"tests/modTestBatchCalculation.bas","modTestBatchCalculation","4278","Private","Function","BuildUserRectSetTensionBatch","3","Собирает Г-сечение из пользовательского примера: H1/B1/H2/B2 = 550/250/250/600, арматура Ø32 по всем внешним и внутренним граням. Этот сценарий нужен именно для проверки StateSolution при почти предельном осевом растяжении PR2.","False","Pending"
"tests/modTestBatchCalculation.bas","modTestBatchCalculation","4308","Private","Function","UserRectSetTensionRebars","0","","False","Pending"
"tests/modTestBatchCalculation.bas","modTestBatchCalculation","4319","Private","Function","RectSetFaceSettingsForTest","0","","False","Pending"
"tests/modTestBatchCalculation.bas","modTestBatchCalculation","4324","Private","Function","GetSystemSetting","0","","False","Pending"
"tests/modTestBatchCalculation.bas","modTestBatchCalculation","4337","Private","Sub","SetSystemSetting","0","","False","Pending"
"tests/modTestBatchCalculation.bas","modTestBatchCalculation","4352","Private","Function","GetProfileValue","2","Возвращает значение конкретной строки профиля из rngCalculationProfiles. Тесты используют это для временного включения веток без изменения шаблона книги.","False","Pending"
"tests/modTestBatchCalculation.bas","modTestBatchCalculation","4363","Private","Sub","SetProfileValue","2","Записывает значение в один профильный столбец. Восстановление старого значения остается на вызывающем тесте, чтобы сценарии были изолированными.","False","Pending"
"tests/modTestBatchCalculation.bas","modTestBatchCalculation","4371","Private","Function","ProfileKeyRow","1","Находит строку параметра в вертикальной таблице профилей.","False","Pending"
"tests/modTestBatchCalculation.bas","modTestBatchCalculation","4383","Private","Function","ProfileColumn","1","Находит столбец PR1/PR2/... независимо от фактической ширины таблицы.","False","Pending"
"tests/modTestBatchCalculation.bas","modTestBatchCalculation","4399","Private","Function","StabilitySP35CriticalForceForValueSet","2","Запускает короткий SP35-сценарий и возвращает предельную/критическую силу, чтобы тест мог сравнить влияние выбранного MaterialModel.Stability.ValueSet.","False","Pending"
"tests/modTestBatchCalculation.bas","modTestBatchCalculation","4422","Private","Function","StabilityAccidentalForSingleMoment","2","Выполняет короткий расчет устойчивости с одним изгибающим моментом и возвращает модуль фактически добавленного случайного эксцентриситета.","False","Pending"
"tests/modTestBatchCalculation.bas","modTestBatchCalculation","4441","Private","Function","StabilityStatusForCurrentSettings","3","Запускает минимальный LC устойчивости с текущими настройками Config. Нужен тестам валидации: они временно меняют одну настройку и проверяют, что ошибка доходит до пользовательского StabilityStatus.","False","Pending"
"tests/modTestBatchCalculation.bas","modTestBatchCalculation","4459","Private","Function","StabilityFirstInvalidMessageForCurrentSettings","3","Возвращает детальную причину первой ошибки при текущих настройках Config. Это защищает пользовательское сообщение: короткий статус остается InputErr, но popup должен показывать конкретную настройку или расчетную причину.","False","Pending"
"tests/modTestBatchCalculation.bas","modTestBatchCalculation","4476","Private","Function","StabilityPhiLForDurationLoad","2","Запускает устойчивость с заданной длительной частью нагрузки и возвращает phi_l активной главной плоскости. Метод нужен тестам знаковой логики Ml/M.","False","Pending"
"tests/modTestBatchCalculation.bas","modTestBatchCalculation","4498","Private","Function","ActiveMomentPlaneValue","4","Возвращает значение из той плоскости, где фактически есть больший главный изгибающий момент. После явного соглашения ""ось 1 = I1"" у широкого прямоугольника глобальный Mx попадает во вторую главную плоскость, поэтому выбирать просто первое ненулевое значение нельзя.","False","Pending"
"tests/modTestBatchCalculation.bas","modTestBatchCalculation","4509","Private","Function","ActiveStabilityValue","2","Возвращает ненулевое значение активной плоскости. В тестах используется для сценариев, где нагрузка задана только в одной главной плоскости.","False","Pending"
"tests/modTestBatchCalculation.bas","modTestBatchCalculation","4517","Private","Function","CircleGeometry","0","","False","Pending"
"tests/modTestBatchCalculation.bas","modTestBatchCalculation","4524","Private","Function","RoundedRectangleGeometry","0","","False","Pending"
"tests/modTestBatchCalculation.bas","modTestBatchCalculation","4531","Private","Function","RectSetGeometry","0","","False","Pending"
"tests/modTestBatchCalculation.bas","modTestBatchCalculation","4538","Private","Function","CircleRebars","0","","False","Pending"
"tests/modTestBatchCalculation.bas","modTestBatchCalculation","4545","Private","Function","RectSetRebars","0","","False","Pending"
"tests/modTestBatchCalculation.bas","modTestBatchCalculation","4560","Private","Sub","TestResultMetaStatusDictionary","3","Проверяет утвержденный словарь ResultMeta -> внешний статус. Отдельно фиксируется правило этапа 1: capacity с INITIAL_STATE_BEYOND_LIMIT выводится как BaseFail, а не как NumFail.","False","Pending"
"tests/modTestBatchCalculation.bas","modTestBatchCalculation","4589","Private","Sub","TestResultMetaAggregateSkipsNotApplicable","3","Проверяет, что неприменимые ветви не ухудшают итоговый статус LC. Это защищает batch summary от ситуации, когда незапрошенный расчет перебивает реально выполненные OK/FAIL-ветки.","False","Pending"
"tests/modTestBatchCalculation.bas","modTestBatchCalculation","4615","Private","Sub","TestCombinationResultTreeDrivesDisplayFields","2","Проверяет финальный result-tree: display вычисляется из канонической meta, а сводные комментарии собираются только из соответствующих typed ветвей.","False","Pending"
"tests/modTestBatchCalculation.bas","modTestBatchCalculation","4699","Private","Sub","TestCrackAggregateIncludesCurrentStateFailure","3","Проверяет, что общий статус detailed-блока трещин не скрывает ошибку обязательного CurrentCrackedState. Формульные проверки при такой ошибке остаются N/A/blocked, но сводный crack-meta обязан сохранить NumFail/InputErr/CalcErr.","False","Pending"
"tests/modTestBatchCalculation.bas","modTestBatchCalculation","4755","Private","Sub","TestFormulaChecksDoNotCreateNumFail","3","Проверяет, что проверки без поиска равновесия не создают NumFail. Продольные трещины и устойчивость являются инженерскими проверками готовых величин; их отрицательный результат должен быть FAIL/InputErr/N/A, но не NumFail.","False","Pending"
"tests/modTestBatchCalculation.bas","modTestBatchCalculation","4776","Private","Sub","TestSectionStateResultStoresEquilibriumData","2","Проверяет Stage 2: named-state хранит не только плоскость деформаций, но и целевые/внутренние усилия, невязки и diagnostic metadata solver-а.","False","Pending"
"tests/modTestBatchCalculation.bas","modTestBatchCalculation","4804","Private","Sub","TestStateRequestEquivalenceIgnoresSolveOptions","2","Проверяет Stage 3: технические solve-options не входят в ключ эквивалентности named-state, если они не меняют физический результат.","False","Pending"
"tests/modTestBatchCalculation.bas","modTestBatchCalculation","4830","Private","Sub","TestStateRepositoryReusesOnlyConvergedStates","3","Проверяет Stage 3: repository может переиспользовать только реально найденное физическое НДС. Неуспешная попытка хранится для вывода, но не блокирует будущий solve того же физического запроса.","False","Pending"
"tests/modTestBatchCalculation.bas","modTestBatchCalculation","4877","Private","Sub","TestPrePostCrackStateNames","2","Проверяет финальный контракт именования: после миграции принимаются только канонические PreCrackState/PostCrackState без старых Before/AfterMcrc alias.","False","Pending"
"tests/modTestBatchCalculation.bas","modTestBatchCalculation","4891","Public","Function","RunAudit02ResultMetaStress","3","Изолирует повторное чтение сводной meta от solver-а и Excel writer-ов. Возвращает время и последний комментарий для диагностики расхода строк; физические числа и штатный regression-набор здесь не изменяются.","False","Pending"
"tests/modTestBatchCalculation.bas","modTestBatchCalculation","4916","Private","Sub","TestAudit02CurrentCrackedStateCacheHitCalculatesWidth","3","Повторяет реальный batch-маршрут после сохранения Pre/Post/current states. Центральное растяжение не требует поисковых проб, поэтому при cache-hit можно точно доказать отсутствие любого нового equilibrium solve.","False","Pending"
"tests/modTestBatchCalculation.bas","modTestBatchCalculation","4945","Private","Sub","TestAudit02CanonicalResultsAndReset","3","Проверяет канонический результат реального расчета и повторное использование контейнеров: State не копируется в direct-result, meta не меняется снаружи, а нейтральная повторная инициализация не оставляет чисел прошлого сочетания.","False","Pending"
"tests/modTestBatchCalculation.bas","modTestBatchCalculation","5040","Private","Function","RectangleRebars","0","","False","Pending"
"tests/modTestBatchCalculation.bas","modTestBatchCalculation","5050","Private","Function","ProvisionalConcrete","0","","False","Pending"
"tests/modTestBatchCalculation.bas","modTestBatchCalculation","5057","Private","Function","TestMaterialProvider","0","","False","Pending"
"tests/modTestBatchCalculation.bas","modTestBatchCalculation","5074","Private","Function","TestProfileCatalog","2","Загружает профильный каталог из текущей книги для тестов batch-слоя. Это сохраняет тот же frontend-контракт PR1/PR2, который использует пользовательский сценарий.","False","Pending"
"tests/modTestBatchCalculation.bas","modTestBatchCalculation","5082","Private","Function","BuildCircleStabilitySection","1","Собирает круглое сечение для тестов устойчивости СП 35.","False","Pending"
"tests/modTestBatchCalculation.bas","modTestBatchCalculation","5097","Private","Function","SP35TableNultForCircle","2","Возвращает Nult табличной ветви СП 35 и одновременно отдает площади, чтобы тест мог проверить нормативную поправку при As/Ab больше 3%.","False","Pending"
"tests/modTestBatchCalculation.bas","modTestBatchCalculation","5132","Private","Function","SP35InterpolatedPhiM","2","Запускает расчет по искусственной таблице 7.21 и возвращает phi_m. Таблица выбрана линейной, чтобы промежуточные значения проверялись точно.","False","Pending"
"tests/modTestBatchCalculation.bas","modTestBatchCalculation","5163","Private","Function","SP35InterpolationTable","1","Искусственная таблица 7.21 с двумя строками по l0/i = 10 и 20.","False","Pending"
"tests/modTestBatchCalculation.bas","modTestBatchCalculation","5176","Private","Function","ProvisionalSteel","0","","False","Pending"
"tests/modTestBatchCalculation.bas","modTestBatchCalculation","5183","Private","Sub","AssertTrue","0","","False","Pending"
"tests/modTestBatchCalculation.bas","modTestBatchCalculation","5193","Private","Sub","AssertEquals","0","","False","Pending"
"tests/modTestBatchCalculation.bas","modTestBatchCalculation","5204","Private","Sub","AssertClose","0","","False","Pending"
"tests/modTestBatchCalculation.bas","modTestBatchCalculation","5217","Private","Sub","AppendLine","0","","False","Pending"
"tests/modTestBatchCalculation.bas","modTestBatchCalculation","5221","Private","Function","FormatNumberInvariant","0","","False","Pending"
"tests/modTestBatchCalculation.bas","modTestBatchCalculation","5230","Public","Function","RunAudit02OffAxialDiagnostic","3","Воспроизводит осевой RectSet-маршрут Off с полным численным журналом. Возвращает диагностику без изменения ожидаемых значений штатных тестов; все временные настройки восстанавливаются до выхода, в том числе при ошибке.","False","Pending"
"tests/modTestBatchCalculation.bas","modTestBatchCalculation","5283","Public","Function","RunAudit02FormationDiagnostic","3","Воспроизводит formation-маршрут пакетного Г-сечения с полным журналом общего Search. Использует тот же материал и ту же нагрузку, что regression; временно включается только отчет, физические настройки не подменяются.","False","Pending"
"tests/modTestBatchCalculation.bas","modTestBatchCalculation","5317","Public","Function","RunAudit02RepositoryContextTests","2","Запускает направленную приемку scoped repository отдельно от Excel writer-ов. Проверяет реальные solve/cache-hit, смену контекста и повтор после неудачи.","False","Pending"
"tests/modTestBatchCalculation.bas","modTestBatchCalculation","5330","Private","Sub","TestAudit02RepositoryContextAndRetry","2","Подтверждает, что reuse зависит от физической модели и точности приемки, а не от retry/warm-start. Уже выданный snapshot не меняется при новом solve.","False","Pending"
"tests/modTestBatchCalculation.bas","modTestBatchCalculation","5488","Public","Function","RunAudit02OnOffComparisonTests","2","Возвращает полный численный отчет парного сравнения физических сценариев. Переключатель меняет только provider диаграмм, а не усилия, профили или допуски.","False","Pending"
"tests/modTestBatchCalculation.bas","modTestBatchCalculation","5503","Private","Sub","TestAudit02OnOffPhysicalResults","3","Сравнивает одноосные, двухосные и осевые LC двух material roles. Второй проход включает устойчивость; ее формулы не получают численного Extension. Все изменения тестового Config восстанавливаются и при runtime-ошибке.","False","Pending"
"tests/modTestBatchCalculation.bas","modTestBatchCalculation","5600","Private","Function","BuildAudit02PairBatch","2","Строит одинаковую геометрию и физические параметры, явно выбирая On/Off. Настройки прочих алгоритмов и профили читаются одинаково для обеих половин пары.","False","Pending"
"tests/modTestBatchCalculation.bas","modTestBatchCalculation","5637","Private","Sub","TestAudit02InitialOffsetOnOffStatuses","5","ДЛЯ ТЕСТОВ При постоянной сжимающей N за физической несущей обычные диаграммы не дают равновесия, а продолжение позволяет подтвердить недопустимый старт. Проверяем разницу NumFail/BaseFail по машинным кодам, не по тексту причины, и согласованность capacity-статуса в typed result, detailed и batch summary.","False","Pending"
"tests/modTestBatchCalculation.bas","modTestBatchCalculation","5711","Private","Sub","Audit02ComparePairState","2","Сравнивает доступность и весь численный снимок named-state, исключая итерации/время/журнал: эти показатели не являются условием одинаковой физики.","False","Pending"
"tests/modTestBatchCalculation.bas","modTestBatchCalculation","5738","Private","Function","Audit02PairStateNumbers","2","Подготавливает численные поля State с прежними допусками solver/strain- тестов; технические отличия поисковой стратегии сюда не включаются.","False","Pending"
"tests/modTestBatchCalculation.bas","modTestBatchCalculation","5752","Private","Function","Audit02PairResultNumbers","2","Подготавливает метрики всех инженерных ветвей для парного сравнения. Неприменимые ветви сравниваются также по доступности и typed status выше.","False","Pending"
"tests/modTestBatchCalculation.bas","modTestBatchCalculation","5782","Private","Sub","Audit02AssertPair","2","Фиксирует отклонение каждой применимой величины и максимальное абсолютное отклонение по метрике во всех сценариях; существующие expected не меняются.","False","Pending"
"tests/modTestBatchCalculation.bas","modTestBatchCalculation","5798","Public","Function","RunAudit03LifecycleTests","2","Выполняет направленную проверку flags/clone/reset и ранних result-фабрик. Это отдельный вход для воспроизводимого F04 без полного batch-прогона.","False","Pending"
"tests/modTestBatchCalculation.bas","modTestBatchCalculation","5812","Private","Sub","TestAudit03ResultLifecycle","3","Проверяет каждый внутренний исход: зависимая/выключенная ветка не объявляет собственный расчет выполненным, а реальная численная попытка сохраняется. Повторное заполнение и независимый clone не переносят флаги прошлого LC.","False","Pending"
"tests/modTestBatchCalculation.bas","modTestBatchCalculation","5895","Public","Function","RunAudit03LoadPathCommentTests","3","Выполняет реальные Capacity/Formation расчеты всех пользовательских путей. Отдельный вход сохраняет параметры, typed причины и комментарии каждого результата; подробные таблицы сверяются с опубликованными subtrees.","False","Pending"
"tests/modTestBatchCalculation.bas","modTestBatchCalculation","5911","Private","Sub","TestAudit03LoadPathComments","5","Сохраняет настройки книги и последовательно проверяет 15 capacity и 12 formation случаев. Устойчивость выключена только в этом направленном наборе, чтобы момент от ее усиления не менял проверяемую lambda-траекторию. Фильтр малых моментов проверяется отдельно; здесь он равен нулю, чтобы независимое сравнение компонент проверяло именно выбранный load path.","False","Pending"
"tests/modTestBatchCalculation.bas","modTestBatchCalculation","5997","Private","Sub","Audit03CheckCapacityPath","3","Независимо проверяет компоненты конечной lambda-нагрузки. NU/пользовательские моменты относятся к точке нагрузки; State-моменты включают N*offset. Отсутствие предельной точки не маскируется фиктивным численным сравнением.","False","Pending"
"tests/modTestBatchCalculation.bas","modTestBatchCalculation","6048","Private","Sub","Audit03CheckFormationPath","3","Проверяет фактический путь, конечность и отсутствие extended-физической точки у formation. Auto допускает выбор одного из трех путей; fixed path не должен незаметно стать другим. В журнал попадают и честные неуспехи.","False","Pending"
"tests/modTestBatchCalculation.bas","modTestBatchCalculation","6098","Private","Sub","Audit03CheckResultComments","3","Сверяет все leaf причины с итогами владельцев и четырьмя реальными output блоками. Проверка не назначает статусы по тексту: текст лишь проверяется на полноту/читаемость, а статус и code записываются отдельно.","False","Pending"
"tests/modTestBatchCalculation.bas","modTestBatchCalculation","6168","Private","Sub","Audit03CheckMetaComment","3","Проверяет наличие осмысленной русской причины каждого problem/warning, отсутствие поврежденных символов и сохранность причины в своем subtree. Успех/неприменимость также записываются в лог для содержательной ревизии.","False","Pending"
"tests/modTestBatchCalculation.bas","modTestBatchCalculation","6188","Private","Function","Audit03RequiresComment","2","Задает только ожидание обязательной причины; не подменяет production-policy и не вычисляет инженерный или внешний статус из строки комментария.","False","Pending"
"tests/modTestBatchCalculation.bas","modTestBatchCalculation","6198","Public","Function","RunAudit03PublishedResultTests","2","ДЛЯ ТЕСТОВ: запускает проверку неизменности реальных опубликованных LC. Отдельный entrypoint нужен для того же контрпримера до и после исправления.","False","Pending"
"tests/modTestBatchCalculation.bas","modTestBatchCalculation","6212","Private","Sub","TestAudit03PublishedResults","3","ДЛЯ ТЕСТОВ: каждый mutation-case получает свежий расчет, поэтому ошибочная мутация baseline не скрывает следующие дефекты. Повтор Execute обязан создать новый LC-снимок, сохранив ранее выданные ссылки, числа, meta и nested identity.","False","Pending"
"tests/modTestBatchCalculation.bas","modTestBatchCalculation","6290","Private","Function","Audit03AttemptPublishedMutation","4","ДЛЯ ТЕСТОВ: использует действующие типизированные fill/reset API. Только отсутствие публичного setter-а проверяется через позднее связывание. До правки они существуют и изменяют опубликованный объект; после правки тот же вызов обязан вернуть явную ошибку контракта, не изменяя snapshot.","False","Pending"
"tests/modTestBatchCalculation.bas","modTestBatchCalculation","6341","Public","Function","RunAudit03BroadLoadMatrixTests","3","Проверяет одну воспроизводимую форму и семейство во всех путях. Входы передает внешний watchdog; полный набор не входит в быстрый suite. Config восстанавливается, результаты остаются в копии для save/reopen проверки.","False","Pending"
"tests/modTestBatchCalculation.bas","modTestBatchCalculation","6445","Private","Function","Audit03LoadMatrixSection","3","Создает поддерживаемые формы с разным армированием. ImportedFixture - фиксированная модель Region с реальными A/I, а не проверка живого AutoCAD. Сетка строится один раз и переиспользуется во всех LC этой формы.","False","Pending"
"tests/modTestBatchCalculation.bas","modTestBatchCalculation","6526","Private","Function","Audit03NormalizedLoads","3","Силы нормируются по независимой сумме сопротивлений и площадей, моменты - отдельно по своей глубине. Это верхняя силовая оценка, не capacity от Search; при эксцентриситете она не объявляется точным физическим пределом.","False","Pending"
"tests/modTestBatchCalculation.bas","modTestBatchCalculation","6589","Private","Sub","Audit03CheckMatrixStates","3","Проверяет saved states и downstream-контракты независимо от display-строки. Невязки сравниваются с компонентными допусками, обязательные причины - также с настоящим execution report, подготовленным владельцами результатов.","False","Pending"
"tests/modTestBatchCalculation.bas","modTestBatchCalculation","6649","Private","Function","Audit03ReadUnicodeFile","1","Читает UTF-16 отчет настоящего report-owner, не подменяя его текст тестовым.","False","Pending"
"tests/modTestBatchCalculation.bas","modTestBatchCalculation","6659","Private","Sub","Audit03SaveMatrixProgress","2","Сохраняет завершенный chunk перед следующими расчетами. После watchdog timeout этот файл остается диагностикой, а не доказательством PASS.","False","Pending"
"tests/modTestBatchCalculation.bas","modTestBatchCalculation","6668","Private","Function","Audit03MinLong","1","Ограничивает последний chunk фактическим числом независимых нагрузок.","False","Pending"
"tests/modTestCapacitySolver.bas","modTestCapacitySolver","18","Public","Function","RunCapacitySolverTests","2","Выполняет регрессии физических пределов, знаков и общих поисковых методов. Отчет различает проверенный limit point, численный отказ и неверный вход.","False","Pending"
"tests/modTestCapacitySolver.bas","modTestCapacitySolver","113","Private","Sub","TestMxPositiveAndNegative","2","Решает два направления Mx при постоянной сжимающей N: проверяет знаки предельных моментов, физический критерий и равновесие каждой конечной точки.","False","Pending"
"tests/modTestCapacitySolver.bas","modTestCapacitySolver","139","Private","Sub","TestCircleCapacitySymmetry","2","Проверяет симметрию несущей круглого сечения по X/Y и сохранение направления косого изгиба. Допуск симметрии учитывает дискретизацию исходной тестовой сетки.","False","Pending"
"tests/modTestCapacitySolver.bas","modTestCapacitySolver","180","Private","Sub","TestConcreteTensionBehaviorAffectsSolverAndCapacity","2","Сравнивает Ignore/UseDiagram для растянутого бетона при одинаковых нагрузках. Активная ветвь должна менять равновесную плоскость в одно-/двухосных задачах.","False","Pending"
"tests/modTestCapacitySolver.bas","modTestCapacitySolver","212","Private","Sub","AssertTensionBehaviorAffectsSolverMode","2","Решает один вектор усилий с отключенным и активным растянутым бетоном; проверяет сходимость обеих моделей и значимое различие параметров плоскости.","False","Pending"
"tests/modTestCapacitySolver.bas","modTestCapacitySolver","239","Private","Sub","TestMxySignedCombinations","2","Проверяет все четыре квадранта Mx/My при одинаковой постоянной N. Предельные моменты сохраняют знаки и отношение компонентов заданного пути.","False","Pending"
"tests/modTestCapacitySolver.bas","modTestCapacitySolver","252","Private","Sub","CheckMxyCombination","2","Проверяет одну косую траекторию: положительную lambda, направление моментов и равновесие конечной точки. Не заменяет косую задачу независимыми осями.","False","Pending"
"tests/modTestCapacitySolver.bas","modTestCapacitySolver","270","Private","Sub","TestMyPositiveAndNegative","2","Решает оба направления My при постоянной N и проверяет знаки конечных моментов, физический управляющий предел и компонентное равновесие.","False","Pending"
"tests/modTestCapacitySolver.bas","modTestCapacitySolver","295","Private","Sub","TestLambdaLessThanOne","2","Удваивает предварительно найденный предельный момент и ожидает lambda<1. Успех Search при этом не должен маскировать инженерный FAIL заданного LC.","False","Pending"
"tests/modTestCapacitySolver.bas","modTestCapacitySolver","318","Private","Sub","TestLambdaNearOne","2","Повторно ищет предел от момента уже найденной опорной точки; lambda должна быть около 1 в исходном допуске, без изменения критерия.","False","Pending"
"tests/modTestCapacitySolver.bas","modTestCapacitySolver","339","Private","Sub","TestZeroAxialForce","2","Проверяет чистый изгиб при N=0 на линейных материалах с заданными пределами. Нулевая продольная сила не должна нарушать поиск или равновесие точки.","False","Pending"
"tests/modTestCapacitySolver.bas","modTestCapacitySolver","358","Private","Sub","TestAxialLoadMultiplierFindsNult","3","Проверяет универсальную lambda-траекторию для чистой продольной силы. Здесь масштабируется только N, поэтому нулевые Mx/My являются нормальным входом, а не ошибкой контракта.","False","Pending"
"tests/modTestCapacitySolver.bas","modTestCapacitySolver","391","Private","Sub","TestConcreteLimitState","2","Делает сжатие бетона управляющим ограничением, оставляя большой предел арматуры; поиск должен завершиться именно ConcreteStrainLimit.","False","Pending"
"tests/modTestCapacitySolver.bas","modTestCapacitySolver","409","Private","Sub","TestConcreteTensionLimitState","2","Включает активную tensile-ветвь и малый растягивающий предел бетона. Управляющий код должен относиться к растяжению, а не сжатию или арматуре.","False","Pending"
"tests/modTestCapacitySolver.bas","modTestCapacitySolver","433","Private","Sub","TestConcreteTensionLimitIgnored","2","Отключает растянутый бетон при таком же малом tensile-пределе; неактивная ветвь не ограничивает несущую, в этом fixture управляет арматура.","False","Pending"
"tests/modTestCapacitySolver.bas","modTestCapacitySolver","457","Private","Sub","TestSteelLimitState","2","Делает деформацию арматуры управляющей на линейных материалах; ожидается SteelStrainLimit при сохраненном поиске равновесия.","False","Pending"
"tests/modTestCapacitySolver.bas","modTestCapacitySolver","476","Private","Sub","TestLoadMultiplierPureBendingUsesStateGuess","3","Проверяет старт чистого изгиба из подготовленной StateGuessBuilder плоскости. При жестком бюджете итераций должен находиться физический предел, а журнал подтверждать использование начального приближения вместо нулевого излома.","False","Pending"
"tests/modTestCapacitySolver.bas","modTestCapacitySolver","497","Private","Sub","TestAsymmetricCoupledCurvatures","2","Проверяет связность кривизн несимметричного сечения с ненулевым Ixy: даже при My=0 равновесная KappaY может быть ненулевой.","False","Pending"
"tests/modTestCapacitySolver.bas","modTestCapacitySolver","528","Private","Sub","TestAsymmetricMxy","2","Решает косой изгиб несимметричного RectSet и проверяет обе кривизны, отношение предельных моментов и равновесие относительно исходных осей.","False","Pending"
"tests/modTestCapacitySolver.bas","modTestCapacitySolver","561","Private","Sub","TestInvalidBaseMoment","2","Передает нулевую масштабируемую часть именно моментного пути. Наличие постоянной N не делает такой путь допустимым: ожидается InvalidInput.","False","Pending"
"tests/modTestCapacitySolver.bas","modTestCapacitySolver","577","Private","Sub","TestCapacitySolutionStrategyComparisons","2","Сопоставляет LoadMultiplier и UltimateStrain на прямоугольнике/круге, включая управляющие деформации и отдельные контракты численного отказа.","False","Pending"
"tests/modTestCapacitySolver.bas","modTestCapacitySolver","590","Private","Sub","TestMethodPureCompression","2","Проверяет, что моментные entrypoint-ы обоих методов отклоняют чистую N без базового момента; допустимая осевая lambda*N тестируется отдельным путем.","False","Pending"
"tests/modTestCapacitySolver.bas","modTestCapacitySolver","613","Private","Sub","CompareCapacitySolutionStrategys","2","Решает одинаковую моментную траекторию двумя стратегиями и сравнивает lambda/управляющий предел; время сохраняется как наблюдение, не порог PASS.","False","Pending"
"tests/modTestCapacitySolver.bas","modTestCapacitySolver","657","Private","Sub","CompareCircleCapacitySolutionStrategys","2","Сопоставляет стратегии на симметричном круге с повернутыми X/Y задачами; проверяет конечные моменты и определение критического элемента.","False","Pending"
"tests/modTestCapacitySolver.bas","modTestCapacitySolver","693","Private","Sub","TestMethodStrainLimitState","2","Сравнивает обе стратегии при специально заданном бетонном strain-пределе. UltimateStrain должен подтвердить тот же управляющий критерий и utilization.","False","Pending"
"tests/modTestCapacitySolver.bas","modTestCapacitySolver","724","Private","Sub","TestUltimateStrainNumericalFailure","2","Ограничивает UltimateStrain одной итерацией и проверяет честный численный отказ: неподтвержденная проба не становится физической верхней границей.","False","Pending"
"tests/modTestCapacitySolver.bas","modTestCapacitySolver","744","Private","Sub","TestUltimateStrainDoesNotApplyMaxLambda","2","Проверяет, что MaxLambda не отбрасывает уже найденное UltimateStrain-решение. Эта настройка ограничивает только расширение скобки LoadMultiplier.","False","Pending"
"tests/modTestCapacitySolver.bas","modTestCapacitySolver","765","Private","Sub","TestLoadMultiplierWithWorkbookTfDefaults","5","Проверяет пользовательский сценарий с дефолтными единицами книги. После перехода INPUT-нагрузок на tf и tf*m численные значения допусков solver-а тоже должны быть заданы в этих единицах. Иначе 1000 в строке Solver.ToleranceMx превращается в 1000 tf*m, LoadMultiplier принимает грубо несбалансированные probe-точки и уходит далеко за реальный предел.","False","Pending"
"tests/modTestCapacitySolver.bas","modTestCapacitySolver","827","Private","Sub","AssertLoadMultiplierTfDefault","0","","False","Pending"
"tests/modTestCapacitySolver.bas","modTestCapacitySolver","846","Private","Sub","TestLoadMultiplierSearchMethods","2","Сравнивает Bisection/Brent/Secant на одной моментной траектории; каждый метод должен выполнить свою ветвь и подтвердить близкую lambda.","False","Pending"
"tests/modTestCapacitySolver.bas","modTestCapacitySolver","874","Private","Sub","TestLimitSearchSecantFinalizesCheckedRoot","2","Проверяет дефект T01: Secant обязан финализировать именно проверенную точку, где целевая функция стала нулевой, а не старую нижнюю границу скобки.","False","Pending"
"tests/modTestCapacitySolver.bas","modTestCapacitySolver","912","Private","Sub","TestLimitSearchBisectionIterationLimitFails","2","Проверяет дефект T02: если bisection остановлен лимитом итераций до достижения допуска, общий search не должен выдавать недоточненную границу как найденный предел.","False","Pending"
"tests/modTestCapacitySolver.bas","modTestCapacitySolver","953","Private","Sub","TestCapacityLoadPathMethodMatrix","4","Проверяет все пользовательские траектории CapacityLoadPath на всех доступных способах поиска несущей способности. Тест намеренно работает на уровне CCapacitySolver: batch уже переводит пользовательские строки lambda*Mx/lambda*My/... в универсальную форму Offset + lambda*Base.","False","Pending"
"tests/modTestCapacitySolver.bas","modTestCapacitySolver","970","Private","Sub","TestCapacityLoadPathZeroComponentMatrix","5","Проверяет вырожденные, но допустимые lambda-траектории: в Base-векторе могут быть нулевые компоненты, если хотя бы одна компонента нагрузки реально масштабируется. Это защищает общий контракт solver-а Offset + lambda*Base: lambda*Mx не обязан иметь N, lambda*Mxy может содержать только один момент, а lambda*NMxy может фактически свестись к чистому N, чистому Mx или чистому My.","False","Pending"
"tests/modTestCapacitySolver.bas","modTestCapacitySolver","988","Private","Sub","TestRectSetCapacityLoadPathSmoke","4","Проверяет пользовательское Г-сечение именно на осевой траектории lambda*N. В этой задаче важно, что N приложена в бетонном центре тяжести: после переноса к координатам расчетных элементов внутри solver-а появляются связанные Mx/My, хотя пользователь масштабирует только продольную силу.","False","Pending"
"tests/modTestCapacitySolver.bas","modTestCapacitySolver","1024","Private","Sub","CheckRectSetMomentUltimatePath","4","Проверяет моментную ветку UltimateStrain на несимметричном Г-сечении. Внутри solver-а момент от N добавляется как постоянный offset, а пользовательский момент масштабируется через lambda. Такой тест защищает рабочую моментную постановку от случайного ухода в общий load-path residual.","False","Pending"
"tests/modTestCapacitySolver.bas","modTestCapacitySolver","1061","Private","Sub","CheckRectSetCapacityPathMethods","0","","False","Pending"
"tests/modTestCapacitySolver.bas","modTestCapacitySolver","1078","Private","Sub","CheckRectSetCapacityPathMethod","0","","False","Pending"
"tests/modTestCapacitySolver.bas","modTestCapacitySolver","1125","Private","Sub","TestNultBaseLoadStepsSensitivity","3","Прогоняет чистый Nult через разные значения BaseLoadSteps. Настройка не является физическим параметром, но для осевой траектории на плато диаграммы она может заметно влиять на устойчивость отдельных probe-точек.","False","Pending"
"tests/modTestCapacitySolver.bas","modTestCapacitySolver","1146","Private","Sub","CheckNultBaseLoadSteps","0","","False","Pending"
"tests/modTestCapacitySolver.bas","modTestCapacitySolver","1174","Private","Sub","CheckCapacityLoadPathMethods","0","","False","Pending"
"tests/modTestCapacitySolver.bas","modTestCapacitySolver","1191","Private","Sub","CheckCapacityLoadPathMethod","0","","False","Pending"
"tests/modTestCapacitySolver.bas","modTestCapacitySolver","1231","Private","Function","RectSetCapacitySection","0","","False","Pending"
"tests/modTestCapacitySolver.bas","modTestCapacitySolver","1254","Private","Function","RectSetCapacityFaceSettings","0","","False","Pending"
"tests/modTestCapacitySolver.bas","modTestCapacitySolver","1263","Private","Sub","AssertCapacitySolutionMethod","4","Проверяет диагностическое имя фактической ветки capacity. Solver показывает пользователю именно публичный метод настройки: UltimateStrain или LoadMultiplier. Внутреннее имя универсальной процедуры SolveByLoadPathMultiplier наружу не выводится.","False","Pending"
"tests/modTestCapacitySolver.bas","modTestCapacitySolver","1287","Private","Sub","AssertLoadPathResult","0","","False","Pending"
"tests/modTestCapacitySolver.bas","modTestCapacitySolver","1313","Private","Sub","TestSearchMethodInputErrors","2","Проверяет пустое/неизвестное имя Search и контролируемый отказ Secant при малом бюджете: ни один сценарий не переключается молча на другой метод.","False","Pending"
"tests/modTestCapacitySolver.bas","modTestCapacitySolver","1346","Private","Sub","TestInitialLambdaFailureStatusMapping","3","Проверяет, что lambda=0 разделяет физический BaseFail и численную ошибку. Search сообщает только состояние первой точки, а внешний статус обязан формироваться из InternalStatus/ResultCode, а не из текста комментария.","False","Pending"
"tests/modTestCapacitySolver.bas","modTestCapacitySolver","1371","Private","Sub","TestSearchMethodPerformanceComparison","2","Сохраняет три повторных измерения каждого Search-метода на общем fixture. Эти строки предназначены для сравнения, а не для утверждения ускорения по одному запуску.","False","Pending"
"tests/modTestCapacitySolver.bas","modTestCapacitySolver","1383","Private","Function","RunSearchMethod","2","Решает общий контрольный моментный путь указанным Bisection/Brent/Secant и возвращает solver с фактическими счетчиками и конечной диагностикой.","False","Pending"
"tests/modTestCapacitySolver.bas","modTestCapacitySolver","1395","Private","Sub","AppendSearchPerformance","2","Выполняет повторные измерения метода на свежем solver-е и добавляет среднее время вместе с результатом; не изменяет настройки ради быстродействия.","False","Pending"
"tests/modTestCapacitySolver.bas","modTestCapacitySolver","1420","Private","Sub","AppendComparison","0","","False","Pending"
"tests/modTestCapacitySolver.bas","modTestCapacitySolver","1432","Private","Sub","ConfigureCapacity","0","","False","Pending"
"tests/modTestCapacitySolver.bas","modTestCapacitySolver","1443","Private","Sub","ConfigureSectionSolver","0","","False","Pending"
"tests/modTestCapacitySolver.bas","modTestCapacitySolver","1451","Private","Function","ProvisionalConcrete","0","","False","Pending"
"tests/modTestCapacitySolver.bas","modTestCapacitySolver","1458","Private","Function","ProvisionalConcreteWithTension","0","","False","Pending"
"tests/modTestCapacitySolver.bas","modTestCapacitySolver","1465","Private","Function","TestConcreteParameters","0","","False","Pending"
"tests/modTestCapacitySolver.bas","modTestCapacitySolver","1472","Private","Function","TestSteelParameters","0","","False","Pending"
"tests/modTestCapacitySolver.bas","modTestCapacitySolver","1479","Private","Function","ProvisionalSteel","0","","False","Pending"
"tests/modTestCapacitySolver.bas","modTestCapacitySolver","1486","Private","Function","LinearConcrete","0","","False","Pending"
"tests/modTestCapacitySolver.bas","modTestCapacitySolver","1493","Private","Function","LinearSteel","0","","False","Pending"
"tests/modTestCapacitySolver.bas","modTestCapacitySolver","1500","Private","Sub","PrepareSymmetricSection","0","","False","Pending"
"tests/modTestCapacitySolver.bas","modTestCapacitySolver","1508","Private","Function","SymmetricRebars","0","","False","Pending"
"tests/modTestCapacitySolver.bas","modTestCapacitySolver","1518","Private","Function","RectangleGeometry","0","","False","Pending"
"tests/modTestCapacitySolver.bas","modTestCapacitySolver","1527","Private","Function","CapacityAsymmetricGeometry","2","Возвращает тестовую несимметричную геометрию с заметным Ixy для проверки, что capacity-решатель учитывает связанную кривизну в общей постановке N+Mx+My.","False","Pending"
"tests/modTestCapacitySolver.bas","modTestCapacitySolver","1536","Private","Function","BuildMesh","2","Строит тестовую сетку любого поддерживаемого ISectionGeometry с одинаковым шагом по осям; затем сетка и арматура объединяются в CSectionModel.","False","Pending"
"tests/modTestCapacitySolver.bas","modTestCapacitySolver","1543","Private","Function","IsPhysicalLimitState","0","","False","Pending"
"tests/modTestCapacitySolver.bas","modTestCapacitySolver","1548","Private","Sub","AssertEquilibrium","0","","False","Pending"
"tests/modTestCapacitySolver.bas","modTestCapacitySolver","1555","Private","Sub","AssertLoadComponent","0","","False","Pending"
"tests/modTestCapacitySolver.bas","modTestCapacitySolver","1565","Private","Sub","AssertTrue","0","","False","Pending"
"tests/modTestCapacitySolver.bas","modTestCapacitySolver","1575","Private","Sub","AssertEquals","0","","False","Pending"
"tests/modTestCapacitySolver.bas","modTestCapacitySolver","1585","Private","Sub","AssertClose","0","","False","Pending"
"tests/modTestCapacitySolver.bas","modTestCapacitySolver","1600","Private","Sub","AssertRelative","0","","False","Pending"
"tests/modTestCapacitySolver.bas","modTestCapacitySolver","1620","Private","Sub","AppendLine","0","","False","Pending"
"tests/modTestCapacitySolver.bas","modTestCapacitySolver","1624","Private","Function","FormatNumberInvariant","0","","False","Pending"
"tests/modTestCapacitySolver.bas","modTestCapacitySolver","1633","Private","Sub","TestAudit02CapacitySearchBoundary","3","Проверяет предел в последнем интервале удвоения, точно на MaxLambda и за MaxLambda. Последняя ситуация не должна выдавать диагностическую нижнюю точку как найденную несущую способность.","False","Pending"
"tests/modTestCapacitySolver.bas","modTestCapacitySolver","1674","Private","Sub","TestAudit02AsymmetricSteelLimits","2","Проверяет независимые пределы стали двух знаков на линейном материале. Числа заданы аналитически из общей осевой жесткости и физических деформаций.","False","Pending"
"tests/modTestCapacitySolver.bas","modTestCapacitySolver","1714","Private","Sub","TestAudit02UnconvergedProbeIsNumerical","3","Проверяет реальную неудачу равновесия после нескольких итераций. Большие деформации пробной плоскости не должны создавать физический предел и BaseFail; основанием остаются машинные коды численной неудачи solver-а.","False","Pending"
"tests/modTestCapacitySolver.bas","modTestCapacitySolver","1749","Private","Sub","TestAudit02PositiveUnconvergedProbe","3","ДЛЯ ТЕСТОВ Несошедшаяся положительная lambda не подтверждает физическую верхнюю границу, даже когда последняя итерационная плоскость превысила предел.","False","Pending"
"tests/modTestCapacitySolver.bas","modTestCapacitySolver","1780","Private","Sub","TestAudit02InitialOffsetBoundary","4","ДЛЯ ТЕСТОВ Проверяет Offset ниже, точно на и выше физического критерия на линейном материале. Точная начальная предельная точка уже исчерпала Capacity-путь, но сама оценка плоскости остается физической, без технического продолжения.","False","Pending"
"tests/modTestCapacitySolver.bas","modTestCapacitySolver","1832","Private","Sub","TestAudit02GenericUltimateSearch","3","ДЛЯ ТЕСТОВ: общий Newton принимает только ILimitSearchProblem и не требует живых Capacity/Crack-калькуляторов. Аналитический корень проверяется отдельно от физических regression-моделей, их expected values не меняются.","False","Pending"
"tests/modTestCapacitySolver.bas","modTestCapacitySolver","1850","Private","Function","Audit02AxialStiffness","3","Возвращает точную осевую жесткость тестового линейного сечения, Н. Бетонная сетка включает площадь стержней, поэтому арматура добавляет разность Es-Eb, как и интегрирование напряжений в CSectionSolver.","False","Pending"
"tests/modTestCapacitySolver.bas","modTestCapacitySolver","1863","Private","Sub","CheckAudit02SearchVsCapacity","3","Проверяет, что найденный предел является успехом Search, а непрохождение текущего сочетания определяет только Capacity. Числа старого сценария и его допуски не изменяются; отдельно проверяется изоляция выданной meta.","False","Pending"
"tests/modTestCapacitySolver.bas","modTestCapacitySolver","1915","Private","Function","Audit02CapacitySnapshot","2","ДЛЯ ТЕСТОВ: собирает capacity-снимок через тот же доменный адаптер, что production Search. Сам общий result не принимает инженерные калькуляторы.","False","Pending"
"tests/modTestCapacitySolver.bas","modTestCapacitySolver","1928","Private","Sub","TestAudit02GenericLoadMultiplierMatrix","3","ДЛЯ ТЕСТОВ: один generic bracket/recovery работает с обоими видами задачи без железобетонных калькуляторов. Проверяются все одномерные методы, край MaxLambda, отсутствие точки за границей и повторное заполнение result.","False","Pending"
"tests/modTestCapacitySolver.bas","modTestCapacitySolver","1984","Public","Function","RunAudit03SearchStagnation","3","============================== ДЛЯ ТЕСТОВ ============================== Отдельный entrypoint для watchdog: соседние Double и нулевой bisection-budget на неисправном алгоритме зависают, а не возвращают правдоподобный предел.","False","Pending"
"tests/modTestCapacitySolver.bas","modTestCapacitySolver","1992","Public","Function","RunAudit03SearchTests","1","ДЛЯ ТЕСТОВ: отдельный полный прогон арифметических краев generic Search.","False","Pending"
"tests/modTestCapacitySolver.bas","modTestCapacitySolver","2001","Public","Function","RunAudit03CapacityContracts","2","ДЛЯ ТЕСТОВ: проверяет настоящий Capacity с неограниченным числом делений скобки и terminal typed-errors через production адаптер, не ручную meta.","False","Pending"
"tests/modTestCapacitySolver.bas","modTestCapacitySolver","2012","Private","Sub","TestAudit03RealCapacityPrecision","3","ДЛЯ ТЕСТОВ: линейные материалы исключают неудачу внутреннего равновесия. При допуске меньше шага Double поиск обязан закончиться с честной причиной, а локальный cache не должен объединять разные lambda и создавать ложный предел.","False","Pending"
"tests/modTestCapacitySolver.bas","modTestCapacitySolver","2043","Private","Sub","TestAudit03CapacityTypedFailures","3","ДЛЯ ТЕСТОВ: configuration/input/internal/singular причины проходят от реального Capacity solve в Search-result без retries и назначения BaseFail программной ошибке. Повторный запуск не наследует meta предыдущей задачи.","False","Pending"
"tests/modTestCapacitySolver.bas","modTestCapacitySolver","2123","Public","Function","RunAudit03UltimateStagnation","2","ДЛЯ ТЕСТОВ: отдельный watchdog воспроизводит бесконечный line search прежнего общего Newton при нулевом минимальном alpha и неизменной норме.","False","Pending"
"tests/modTestCapacitySolver.bas","modTestCapacitySolver","2131","Public","Function","RunAudit03UltimateContracts","1","ДЛЯ ТЕСТОВ: конечность, typed failures и реальные Capacity-маршруты.","False","Pending"
"tests/modTestCapacitySolver.bas","modTestCapacitySolver","2141","Private","Sub","TestAudit03UltimateGuards","2","ДЛЯ ТЕСТОВ: оба domain-kind используют один общий Newton, без выдуманных материалов. Критерий и исходная точность линейной задачи не ослабляются.","False","Pending"
"tests/modTestCapacitySolver.bas","modTestCapacitySolver","2153","Private","Sub","TestAudit03UltimateGuardCase","2","ДЛЯ ТЕСТОВ: проверяет реальный callback call path, отсутствие фиктивной точки, точную причину и конечное число проб. Nothing context - нарушение API.","False","Pending"
"tests/modTestCapacitySolver.bas","modTestCapacitySolver","2220","Private","Sub","TestAudit03SearchArithmetic","2","Проверяет соседние Double, большие положительные границы и отсутствие прогресса recovery для обоих инженерных потребителей каждого 1D-метода.","False","Pending"
"tests/modTestCapacitySolver.bas","modTestCapacitySolver","2233","Private","Sub","TestAudit03SearchArithmeticCase","2","Реальная generic-задача различает невозможную точность, техническую границу, точный предел на MaxLambda и ошибочный recovery без фальшивого State.","False","Pending"
"tests/modTestCapacitySolver.bas","modTestCapacitySolver","2292","Private","Sub","SaveAudit03SearchProgress","2","ДЛЯ ТЕСТОВ: сохраняет уже выполненные assertions до следующего COM-шага. При модальной ошибке или watchdog виден конкретный случай, а не только suite.","False","Pending"
"tests/modTestCrackWidth.bas","modTestCrackWidth","18","Public","Function","RunCrackWidthTests","0","","False","Pending"
"tests/modTestCrackWidth.bas","modTestCrackWidth","67","Private","Sub","TestConcreteTensionBranches","5","------------------------------ Материал бетона ------------------------------ Проверяем, что растянутую часть диаграммы не обязательно задавать руками: Mcrc-диаграмма provider-а включает растянутую ветвь бетона по параметрам II ГПС.","False","Pending"
"tests/modTestCrackWidth.bas","modTestCrackWidth","81","Private","Sub","TestCrackWidthFormulaCalculatorPure","2","Проверяет границу новой архитектуры: формульный калькулятор получает только готовые числа и не зависит от State-объектов, статусов и выбора арматуры.","False","Pending"
"tests/modTestCrackWidth.bas","modTestCrackWidth","100","Private","Sub","TestCrackUserPsiMx","5","------------------------------ User-режим psi_s ------------------------------ Для обычного изгиба проверяем, что a_crc собирается из расчетных sigma_s, ls и коэффициентов, а не из ручного CrackSpacing.","False","Pending"
"tests/modTestCrackWidth.bas","modTestCrackWidth","112","Private","Sub","TestCrackUserPsiMxy","0","","False","Pending"
"tests/modTestCrackWidth.bas","modTestCrackWidth","122","Private","Sub","TestCrackUserCoefficients","0","","False","Pending"
"tests/modTestCrackWidth.bas","modTestCrackWidth","146","Private","Sub","TestCoverModeNormalization","5","------------------------------ Зона Abt ------------------------------ FullTension не должен давать меньшую площадь бетона, чем Effective, потому что Effective является ограниченной полосой у растянутой поверхности.","False","Pending"
"tests/modTestCrackWidth.bas","modTestCrackWidth","164","Private","Sub","TestEffectiveAndFullTensionZones","0","","False","Pending"
"tests/modTestCrackWidth.bas","modTestCrackWidth","187","Private","Sub","TestAutoPsiSkipsLambdaWhenFirstCheckPasses","5","------------------------------ Auto-режим psi_s ------------------------------ Режим Auto после непрохождения первой проверки должен найти lambda_crc в пределах текущей нагрузки, решить состояние после образования трещины и получить psi_s по sigma_s,crc.","False","Pending"
"tests/modTestCrackWidth.bas","modTestCrackWidth","202","Private","Sub","TestAlwaysCalcPsiAppliesSigmaCrcWhenAutoPasses","0","","False","Pending"
"tests/modTestCrackWidth.bas","modTestCrackWidth","221","Private","Sub","TestSigmaSCrcAveragingModeAllSelected","2","Новый режим усреднения относится только к sigma_s,crc. Проверяем, что AllSelected проходит нормализацию и расчет как самостоятельная настройка.","False","Pending"
"tests/modTestCrackWidth.bas","modTestCrackWidth","236","Private","Sub","TestAutoPsiAndLambdaAfterFailedFirstCheck","0","","False","Pending"
"tests/modTestCrackWidth.bas","modTestCrackWidth","274","Private","Sub","TestAutoMcrcPureBendingConverges","7","------------------------------ Auto-режим Mcrc при чистом изгибе ------------------------------ Проверяет production-сценарий, где исходное CrackedState при N=0 сначала находится через CStateSolutionRunner с удобной стартовой плоскостью, а затем CCrackFormationCalculator ищет PreCrackState/PostCrackState без отдельного пользовательского N. Такой случай раньше был численно чувствителен в capacity.","False","Pending"
"tests/modTestCrackWidth.bas","modTestCrackWidth","280","Private","Sub","CheckAutoMcrcPureBending","0","","False","Pending"
"tests/modTestCrackWidth.bas","modTestCrackWidth","311","Private","Sub","TestAutoMcrcFixedNIndependentOfMomentMagnitude","9","Проверяет опасные для сходимости сочетания, где нулевая стартовая плоскость раньше могла приводить к NumFail: чистый изгиб по каждой оси, косой чистый изгиб, центральное растяжение и чистое сжатие без момента. Тест не проверяет конкретную ширину, а фиксирует главный контракт: служебные НДС трещин идут через общий CStateSolutionRunner и не падают на выборе стартовой плоскости. Проверяет смысл Mcrc для общей N+M ветки: при одной и той же продольной силе и направлении изгиба lambda масштабирует только моментный вектор. Поэтому Mcrc не должен зависеть от того, насколько далеко текущий LC находится за порогом трещинообразования.","False","Pending"
"tests/modTestCrackWidth.bas","modTestCrackWidth","346","Private","Sub","TestCrackInitiationLoadPaths","3","Проверяет три пользовательских пути поиска образования нормальной трещины. λ*Mxy оставляет старую изгибную схему, λ*N нужен для центрального растяжения, а λ*NMxy масштабирует весь вектор N/Mx/My как единую траекторию.","False","Pending"
"tests/modTestCrackWidth.bas","modTestCrackWidth","412","Private","Sub","TestCrackFormationSearchBoundKeepsTechnicalCode","0","","False","Pending"
"tests/modTestCrackWidth.bas","modTestCrackWidth","432","Private","Sub","TestCrackFormationNoCrackDoesNotBuildPostState","0","","False","Pending"
"tests/modTestCrackWidth.bas","modTestCrackWidth","452","Private","Sub","TestCrackFormationCacheHitWithoutLastRunner","0","","False","Pending"
"tests/modTestCrackWidth.bas","modTestCrackWidth","487","Private","Sub","TestLimitSearchResultKeepsCrackDiagnosticSnapshot","3","Проверяет, что общий LimitSearch-result хранит собственный снимок diagnostics. Если result будет читать живой CCrackWidthCalculator, последующие Auto-попытки смогут задним числом менять уже сохраненный отчет.","False","Pending"
"tests/modTestCrackWidth.bas","modTestCrackWidth","503","Private","Sub","TestDangerousLoadsDoNotNumFail","0","","False","Pending"
"tests/modTestCrackWidth.bas","modTestCrackWidth","511","Private","Sub","CheckDangerousCrackLoad","0","","False","Pending"
"tests/modTestCrackWidth.bas","modTestCrackWidth","534","Private","Sub","TestAutoMcrcOneSignTensionUsesFormula854","0","","False","Pending"
"tests/modTestCrackWidth.bas","modTestCrackWidth","559","Private","Sub","TestCentralTensionBranch","4","------------------------------ Центральное растяжение ------------------------------ При центральном растяжении по внешним нагрузкам применяется отдельная ветка Ncrc = Ared*Rbt,ser.","False","Pending"
"tests/modTestCrackWidth.bas","modTestCrackWidth","601","Private","Sub","TestNoTensionRebar","4","------------------------------ Нет растянутой арматуры ------------------------------ Чистое сжатие должно завершаться корректно, но без раскрытой трещины.","False","Pending"
"tests/modTestCrackWidth.bas","modTestCrackWidth","613","Private","Function","SolveServiceState","0","","False","Pending"
"tests/modTestCrackWidth.bas","modTestCrackWidth","640","Private","Function","SolveCircleServiceState","0","","False","Pending"
"tests/modTestCrackWidth.bas","modTestCrackWidth","670","Private","Function","SolveServiceStateWithRunner","3","Решает текущее CrackedState тем же production-runner-ом, который batch использует перед расчетом трещин. Это важно для чистого изгиба: стартовая плоскость подбирается централизованно в CStateGuessBuilder.","False","Pending"
"tests/modTestCrackWidth.bas","modTestCrackWidth","707","Private","Sub","ConfigureTestSolver","0","","False","Pending"
"tests/modTestCrackWidth.bas","modTestCrackWidth","715","Private","Sub","ConfigureTestStateRunner","0","","False","Pending"
"tests/modTestCrackWidth.bas","modTestCrackWidth","723","Private","Sub","ConfigureTestStateProvider","0","","False","Pending"
"tests/modTestCrackWidth.bas","modTestCrackWidth","731","Private","Function","CalculateCrack","0","","False","Pending"
"tests/modTestCrackWidth.bas","modTestCrackWidth","796","Private","Function","TestCrackedStateSpec","0","","False","Pending"
"tests/modTestCrackWidth.bas","modTestCrackWidth","803","Private","Function","TestCrackInitiationSpec","0","","False","Pending"
"tests/modTestCrackWidth.bas","modTestCrackWidth","810","Private","Function","ProvisionalConcrete","0","","False","Pending"
"tests/modTestCrackWidth.bas","modTestCrackWidth","816","Private","Function","ProvisionalConcreteWithTension","0","","False","Pending"
"tests/modTestCrackWidth.bas","modTestCrackWidth","822","Private","Function","ProvisionalSteel","0","","False","Pending"
"tests/modTestCrackWidth.bas","modTestCrackWidth","828","Private","Function","TestMaterialProvider","0","","False","Pending"
"tests/modTestCrackWidth.bas","modTestCrackWidth","839","Private","Function","TestConcreteParameters","0","","False","Pending"
"tests/modTestCrackWidth.bas","modTestCrackWidth","846","Private","Sub","AssertCrackCommon","0","","False","Pending"
"tests/modTestCrackWidth.bas","modTestCrackWidth","874","Private","Sub","AssertCrackCalculatorNotNumFail","3","Проверяет, что физический fallback образования трещины не превращается в пользовательский NumFail. NumFail допустим только при реальной численной несходимости state/search, а не при штатном резервном psi_s = 1.","False","Pending"
"tests/modTestCrackWidth.bas","modTestCrackWidth","881","Private","Sub","AssertTrue","0","","False","Pending"
"tests/modTestCrackWidth.bas","modTestCrackWidth","891","Private","Sub","AssertClose","0","","False","Pending"
"tests/modTestCrackWidth.bas","modTestCrackWidth","906","Private","Sub","AppendLine","0","","False","Pending"
"tests/modTestCrackWidth.bas","modTestCrackWidth","910","Private","Function","FormatNumberInvariant","0","","False","Pending"
"tests/modTestCrackWidth.bas","modTestCrackWidth","914","Private","Function","MaxTest","0","","False","Pending"
"tests/modTestCrackWidth.bas","modTestCrackWidth","918","Private","Function","MinTest","0","","False","Pending"
"tests/modTestCrackWidth.bas","modTestCrackWidth","922","Private","Sub","ConcreteStateStrainBounds","0","","False","Pending"
"tests/modTestCrackWidth.bas","modTestCrackWidth","942","Private","Sub","TestAudit02IndependentFormation","2","Проверяет самостоятельный formation-сценарий без Width и сохранность результата при новом LC на том же калькуляторе, включая сброс результата.","False","Pending"
"tests/modTestCrackWidth.bas","modTestCrackWidth","994","Private","Sub","TestAudit02FormationOutcomeSemantics","3","Различает найденный порог за текущим LC и трещину от постоянной части пути. Проверяет сохранение машинного кода/предупреждения и отсутствие фиктивных состояний в разрешенном psi=1 fallback, без изменения численных expected.","False","Pending"
"tests/modTestCrackWidth.bas","modTestCrackWidth","1034","Private","Sub","TestAudit02PsiSignedInputsAndFallbackModes","4","ДЛЯ ТЕСТОВ Проверяет реальные правила psi для сжатого/нулевого sigma_s,crc и нулевого текущего напряжения. Затем три режима проходят полный расчет по разрешенной ветви трещины от постоянной части без фиктивного PostCrackState.","False","Pending"
"tests/modTestCrackWidth.bas","modTestCrackWidth","1068","Public","Function","RunAudit03FormationContracts","3","============================== ДЛЯ ТЕСТОВ AUDIT03 ============================== Отдельный entrypoint проверяет terminal ошибки state-solve для всех физических путей трещинообразования, включая отсутствие незаявленных Auto-переходов.","False","Pending"
"tests/modTestCrackWidth.bas","modTestCrackWidth","1077","Private","Sub","TestAudit03FormationTypedFailures","2","ДЛЯ ТЕСТОВ: ошибочный метод/бюджет SectionSolver проходят через настоящие lambda-пробы; config failure не становится NumFail и не запускает новые пути.","False","Pending"
"tests/modTestGeometry.bas","modTestGeometry","19","Public","Function","RunGeometryTests","3","Выполняет проверки форм, сетки, автоматической арматуры, аннотаций и импортированных Region fixtures. Возвращает численный протокол; наличие fake-импорта не объявляется проверкой настоящего сеанса AutoCAD.","False","Pending"
"tests/modTestGeometry.bas","modTestGeometry","81","Private","Sub","TestSectionModelFromGeneratedGeometry","3","Проверяет переход generated-сетки и стержней в общую CSectionModel: площади/число элементов сохраняются, расчетные ID создаются моделью, исходное имя стержня остается отдельным трассировочным полем.","False","Pending"
"tests/modTestGeometry.bas","modTestGeometry","109","Private","Sub","TestRebarAnnotationAnchors","3","Проверяет точки/нормали аннотаций круговых и гранных рядов арматуры. Нулевая активная линия не должна давать подпись отсутствующих стержней; перенос аннотаций в модель не меняет расположение самих стержней.","False","Pending"
"tests/modTestGeometry.bas","modTestGeometry","178","Private","Sub","TestAutoCADImporterBuildsSectionModel","3","Импортирует заданные массивы Region без AutoCAD COM: отбрасывает малую область, сохраняет реальные размеры/площадь и создает расчетные ID. Диаметр арматуры по площади и габарит бетона проверяются независимо.","False","Pending"
"tests/modTestGeometry.bas","modTestGeometry","235","Private","Sub","TestAutoCADImporterRotatedRectangleBounds","3","Проверяет, что импортированный повернутый прямоугольный элемент хранит реальные Width/Height/Rotation, а расчетные габариты берутся по этой форме без fallback-а по площади.","False","Pending"
"tests/modTestGeometry.bas","modTestGeometry","294","Private","Sub","TestAutoCADImporterPrincipalInertiaBounds","3","Проверяет, что импортированный Region с реальными A/I настоящего прямоугольника получает оболочку Rectangle из CSectionModel. Importer при этом не передает Width/Height и не обращается к Explode.","False","Pending"
"tests/modTestGeometry.bas","modTestGeometry","353","Private","Sub","TestAutoCADImporterTranslatedRegionKeepsLocalGeometry","2","Проверяет, что перенос одного и того же повернутого Region по чертежу не меняет его центральные A/I и геометрическую оболочку.","False","Pending"
"tests/modTestGeometry.bas","modTestGeometry","413","Private","Sub","TestAutoCADImporterSquareRegionReadsEdgeRotation","3","Проверяет живой путь AutoCAD-import: почти изотропный Region получает угол простой грани через дешевый Explode, а неизотропный Region обходится без Explode и интерпретируется по своим A/I уже в CSectionModel.","False","Pending"
"tests/modTestGeometry.bas","modTestGeometry","458","Private","Sub","TestAutoCADImporterAreaSquareFallback","2","Проверяет последний fallback для Region без локальных инерций: габарит берется как квадрат той же площади, а не как круговой радиус.","False","Pending"
"tests/modTestGeometry.bas","modTestGeometry","496","Private","Sub","TestAutoCADImporterAreaSquareFallbackAverageRotation","3","Проверяет, что fallback-квадрат по площади получает средний угол распознанной импортированной сетки и поэтому одинаково работает в расчетных проекциях, Excel-схеме и AutoCAD export.","False","Pending"
"tests/modTestGeometry.bas","modTestGeometry","545","Private","Sub","TestSectionModelEquivalentSquareEdgeRotationAverageSource","4","Проверяет, что почти изотропный Region с уже найденным углом простой грани участвует в средней ориентации сетки. Такой элемент сам остается Equivalent square, но его ненулевой Rotation является полезной подсказкой для соседних элементов, у которых угол не удалось определить.","False","Pending"
"tests/modTestGeometry.bas","modTestGeometry","573","Private","Sub","TestAutoCADImporterInvalidInertiaSquareFallback","3","Проверяет, что некорректная матрица Ix/Iy/Ixy импортированного Region не ломает габариты устойчивости: если A/I нельзя трактовать физически, общий геометрический fallback переходит на квадрат той же площади.","False","Pending"
"tests/modTestGeometry.bas","modTestGeometry","607","Private","Sub","TestSectionModelEquivalentRectangleFromRealInertia","2","Проверяет произвольный неизотропный Region: оболочка сохраняет площадь и отношение главных I, но реальные локальные I остаются расчетными данными.","False","Pending"
"tests/modTestGeometry.bas","modTestGeometry","639","Private","Sub","TestSectionModelBoundaryDoesNotReplaceRealInertia","2","Проверяет главный контракт: оболочка элемента не подменяет реальные локальные инерции, по которым считаются свойства бетонного сечения.","False","Pending"
"tests/modTestGeometry.bas","modTestGeometry","677","Private","Sub","TestSectionModelFallbackInertiaSquare","2","Проверяет последний расчетный fallback для элемента без сохраненных инерций: CSectionModel возвращает квадрат по площади и валидные I.","False","Pending"
"tests/modTestGeometry.bas","modTestGeometry","695","Private","Sub","TestRectangle","3","Сравнивает сеточный прямоугольник с аналитическими A, центром и Ix/Iy/Ixy. Скругления равны нулю, поэтому ошибка проверяет дискретизацию и перенос характеристик, а не приближение криволинейного контура.","False","Pending"
"tests/modTestGeometry.bas","modTestGeometry","714","Private","Sub","TestRectSetAdditionalRebarRows","3","Проверяет второй/третий ряды RectSet в Stack/SideBySide, разные диаметры двух линий, отсутствие первого ряда и частоту EverySecondBar. Координаты защищают направление смещения и перескок через второй ряд.","False","Pending"
"tests/modTestGeometry.bas","modTestGeometry","805","Private","Sub","TestRectSetGeometry","3","Сверяет аналитические площадь/центр Г-сечения и точки его реального контура. На грубой сетке сравнивает центральную и subcell-дискретизацию, проверяя малые краевые элементы и сохранение расчетной площади.","False","Pending"
"tests/modTestGeometry.bas","modTestGeometry","849","Private","Sub","TestRectSetGeometryModes","3","Проверяет новые режимы RectSet без изменения старого LSection: один прямоугольник, два прямоугольника без смещения и два прямоугольника со смещением верхнего блока по X.","False","Pending"
"tests/modTestGeometry.bas","modTestGeometry","919","Private","Sub","TestRectSetPrincipalAxesAndCoreDistances","4","Проверяет, что PrincipalAngle задает физическую главную ось 1, а ядровые расстояния главных плоскостей считаются через ту же нормаль, что и устойчивость. Тест защищает Г-сечение, где ошибка знака угла сразу дает заметный ненулевой I12 после поворота.","False","Pending"
"tests/modTestGeometry.bas","modTestGeometry","959","Private","Sub","AssertPrincipalAxesConsistent","4","Проверяет общие инварианты главных осей для любого представления сечения. Ось 1 должна давать I1, ось 2 - I2, а I12 в повернутой системе должен исчезать. CoreDistance главной плоскости сверяется с прямым расчетом по соответствующей нормали к оси изгиба.","False","Pending"
"tests/modTestGeometry.bas","modTestGeometry","1013","Private","Sub","TestConcreteCoverUsesLocalContour","3","Проверяет локальный поиск бетонной границы для a_s. На ступенчатом контуре глобальная опорная линия всего сечения лежит на верхнем выступе, но луч из точки должен выйти через ближайшую грань той ветви, где находится стержень.","False","Pending"
"tests/modTestGeometry.bas","modTestGeometry","1036","Private","Sub","TestRectSetAutoRebarLayout","3","Проверяет количество, шаг и координаты автоматических гранных стержней. Нулевые число/диаметр исключают линию, остальные стержни остаются в бетоне; отрицательное число и невозможные отступы дают ошибку ввода.","False","Pending"
"tests/modTestGeometry.bas","modTestGeometry","1100","Private","Sub","TestRectSetSeparateLineOffsets","3","Задает разные начальные/конечные отступы противоположным линиям H1. Проверяет четыре координаты стержней, чтобы настройки одной линии не подменяли независимые настройки соседней линии.","False","Pending"
"tests/modTestGeometry.bas","modTestGeometry","1122","Private","Sub","TestCircleAutoRebarLayout","3","Проверяет круговой шаг, радиус осей, центр, площадь и дополнительные ряды. Защищает направление Stack/SideBySide и пропуск зависимых рядов без первого; невозможные диаметр, защитное расстояние и расположение отклоняются.","False","Pending"
"tests/modTestGeometry.bas","modTestGeometry","1188","Private","Sub","TestBoundarySubcellMesh","3","Сравнивает две сетки круга: попадание центров и разбиение краевых ячеек. Subcells должны улучшить площадь, увеличить число граничных волокон и сохранить их настоящий уменьшенный размер в модели.","False","Pending"
"tests/modTestGeometry.bas","modTestGeometry","1220","Private","Sub","TestRectangularMeshSteps","2","Проверяет, что генератор бетонной сетки действительно поддерживает разные шаги по X и Y и передает прямоугольную оболочку элемента дальше в модель.","False","Pending"
"tests/modTestGeometry.bas","modTestGeometry","1243","Private","Sub","TestCircleGeometry","3","Проверяет круг с ненулевым центром: аналитические размеры/характеристики, включение точек в контур и сеточные A/I относительно независимых формул. Координаты центра не должны теряться при генерации модели.","False","Pending"
"tests/modTestGeometry.bas","modTestGeometry","1273","Private","Sub","TestCircleCoreDistance","2","Проверяет ядровое расстояние на круге: для сплошного круга r = R/4. Метод CoreDistanceAlong затем используется устойчивостью СП 35 для ветви e/r.","False","Pending"
"tests/modTestGeometry.bas","modTestGeometry","1297","Private","Sub","TestAsymmetricCoreDistanceUsesOppositeFiber","4","Проверяет соглашение Plus/Minus на несимметричном сечении. Направление CoreDistanceAlong задает направление эксцентриситета, поэтому для +X в формуле r = I/(A*c) используется крайнее волокно с противоположной стороны, то есть расстояние от центра тяжести до левой границы.","False","Pending"
"tests/modTestGeometry.bas","modTestGeometry","1329","Private","Sub","TestCoreDistanceWithProductInertiaMatchesLinearBoundary","4","Проверяет общий случай центральных осей, когда Ixy не равен нулю. Для несимметричного Г-сечения ядровое расстояние по глобальным X/Y нельзя получать как I/(A*c) без учета произведения инерции: граница ядра должна обнулять линейный множитель напряжений по полной матрице I.","False","Pending"
"tests/modTestGeometry.bas","modTestGeometry","1365","Private","Sub","AssertCoreDistanceBoundary","3","Сверяет r с прямым линейным условием ядра: при 0.95*r вся граница еще сжата, при r крайняя точка имеет нулевую деформацию, при 1.05*r появляется растяжение.","False","Pending"
"tests/modTestGeometry.bas","modTestGeometry","1386","Private","Function","LinearKernelMinimum","3","Возвращает минимальное по бетонной оболочке значение скобки: 1/A + e * g(x,y). Для сжатой N вся скобка должна оставаться неотрицательной; отрицательное значение означает появление растяжения.","False","Pending"
"tests/modTestGeometry.bas","modTestGeometry","1415","Private","Function","MinimumLinearBoundaryProjection","3","Ищет минимум линейного функционала axisX*x+axisY*y по расчетной бетонной оболочке. Для прямоугольной оболочки линейная функция достигает экстремума в одном из углов, поэтому достаточно перебрать углы каждого бетонного КЭ.","False","Pending"
"tests/modTestGeometry.bas","modTestGeometry","1436","Private","Sub","IncludeRectangleProjectionMinimum","1","Добавляет четыре угла бетонной оболочки в поиск минимума линейной формы.","False","Pending"
"tests/modTestGeometry.bas","modTestGeometry","1460","Private","Sub","IncludeProjectionMinimum","1","Обновляет минимум линейной формы одним кандидатом.","False","Pending"
"tests/modTestGeometry.bas","modTestGeometry","1471","Private","Sub","TestPrincipalAxisCoreDistanceIsAxisBased","5","Фиксирует соглашение по справочным ядровым расстояниям главных осей. Для высокого симметричного прямоугольника главная ось 1 совпадает с +X, поэтому r по оси 1 должен совпасть с r по центральной оси X. Отдельно проверяем, что плоскость устойчивости 1 остается другой сущностью: ее нормаль направлена по оси 2, потому что изгиб идет вокруг оси 1.","False","Pending"
"tests/modTestGeometry.bas","modTestGeometry","1502","Private","Sub","TestCirclePrincipalAxesStableOnCoarseMesh","4","Проверяет, что грубая, но симметричная сетка круга не разворачивает главные оси из-за микроскопического численного Ixy. Для устойчивости это важно: чистый пользовательский Mx не должен попадать во вторую плоскость только из-за дискретизационного шума.","False","Pending"
"tests/modTestGeometry.bas","modTestGeometry","1517","Private","Sub","TestCircleInvalidData","2","Проверяет, что нулевой радиус и отрицательный диаметр не дают допустимый круг; геометрическая валидация выполняется до построения расчетной сетки.","False","Pending"
"tests/modTestGeometry.bas","modTestGeometry","1531","Private","Sub","TestSymmetricRoundedRectangle","2","Сверяет сетку симметричного скругленного прямоугольника с аналитической площадью, нулевым центром/Ixy и ожидаемым направлением главных осей.","False","Pending"
"tests/modTestGeometry.bas","modTestGeometry","1554","Private","Sub","TestTaperedRoundedRectangle","3","Проверяет независимую коническую сторону: сходимость сеточных A/I, положение касательных и фактический габарит после скруглений. Допустимые большие радиусы различаются с действительно перекрывающимися.","False","Pending"
"tests/modTestGeometry.bas","modTestGeometry","1607","Private","Sub","TestRoundedRectangleContourAnnotations","2","Проверяет semantic-аннотации RoundedRectangle: скругления должны идти дугами, а размер tapered-части выводится как фактический W' до края бетона.","False","Pending"
"tests/modTestGeometry.bas","modTestGeometry","1638","Private","Function","RoundedDisplayLength","1","Повторяет пользовательское округление справочного размера W' до целых мм.","False","Pending"
"tests/modTestGeometry.bas","modTestGeometry","1647","Private","Function","TestPolylineLength","1","Считает длину проверяемой линии раскладки по ее фактической ломаной.","False","Pending"
"tests/modTestGeometry.bas","modTestGeometry","1655","Private","Sub","TestPointAtDistance","1","Возвращает точку на тестовой линии раскладки на заданном расстоянии от начала.","False","Pending"
"tests/modTestGeometry.bas","modTestGeometry","1682","Private","Sub","TestRoundedRectangleRebarLayout","3","Проверяет новую автоматическую раскладку RoundedRectangle: горизонтальные линии B идут только по прямому участку между R1, а боковая H-линия может идти по tapered-траектории.","False","Pending"
"tests/modTestGeometry.bas","modTestGeometry","1791","Private","Sub","TestHollowRectangleGeometry","3","Проверяет базовую математику HollowRectangle: бетонная область равна наружному RoundedRectangle минус Opening, а точки внутри отверстия не входят в бетонную часть сечения.","False","Pending"
"tests/modTestGeometry.bas","modTestGeometry","1828","Private","Sub","TestHollowRectangleContourAnnotations","3","Проверяет semantic-контуры HollowRectangle. Наружная граница и Opening должны сохраняться разными петлями, чтобы схема и AutoCAD export не соединяли их случайной линией.","False","Pending"
"tests/modTestGeometry.bas","modTestGeometry","1852","Private","Sub","TestHollowRectangleRebarLayout","3","Проверяет раскладку HollowRectangle: внешние грани получают пользовательское количество стержней, а внутренние грани Opening заполняются проекциями соответствующих внешних граней.","False","Pending"
"tests/modTestGeometry.bas","modTestGeometry","1930","Private","Sub","TestHollowRectangleSharpOpeningBProjection","4","Фиксирует прямоугольный случай R=R_o=0: внутренняя B-линия Opening должна быть прямой offset-линией, продленной до боковых offset-линий H.Left/H.Right. Крайние проекции не должны падать на вертикальные стороны Opening и уходить по Y от заданного as_B.","False","Pending"
"tests/modTestGeometry.bas","modTestGeometry","1972","Private","Sub","TestInvalidData","2","Проверяет ошибки размеров/радиусов скругленного прямоугольника и неположительных шагов сетки. Невалидная геометрия не должна создавать расчетные волокна.","False","Pending"
"tests/modTestGeometry.bas","modTestGeometry","1989","Private","Sub","TestMeshConvergence","3","Строит одно скругленное сечение с шагами 50/25/12.5 мм и записывает A/центр/I. Последнее уточнение проверяется прежними относительными допусками; численные результаты не заменяются текущей сеткой как новым эталоном.","False","Pending"
"tests/modTestGeometry.bas","modTestGeometry","2026","Private","Sub","TestPerformance","3","Измеряет построение сетки и геометрические характеристики модели 800x500. Проверяет непустую сетку; время записывается как диагностика, без необоснованного требования ускорения отдельного случайного запуска.","False","Pending"
"tests/modTestGeometry.bas","modTestGeometry","2049","Private","Sub","RotatedLocalInertia","3","Формирует локальные Ix/Iy/Ixy после поворота главных осей элемента. minorInertia относится к оси вдоль локальной стороны width, majorInertia - к перпендикулярной главной оси.","False","Pending"
"tests/modTestGeometry.bas","modTestGeometry","2062","Private","Function","FakeRegion","1","Создает минимальный fake AutoCAD Region для тестов live-пути importer-а.","False","Pending"
"tests/modTestGeometry.bas","modTestGeometry","2073","Private","Function","MeshProps","0","","False","Pending"
"tests/modTestGeometry.bas","modTestGeometry","2099","Private","Function","MeshHasSmallFibers","0","","False","Pending"
"tests/modTestGeometry.bas","modTestGeometry","2109","Private","Function","FirstSmallFiberWidth","0","","False","Pending"
"tests/modTestGeometry.bas","modTestGeometry","2120","Private","Sub","AssertInvalid","0","","False","Pending"
"tests/modTestGeometry.bas","modTestGeometry","2131","Private","Sub","AssertBuildError","0","","False","Pending"
"tests/modTestGeometry.bas","modTestGeometry","2147","Private","Sub","AssertCircleRebarError","0","","False","Pending"
"tests/modTestGeometry.bas","modTestGeometry","2167","Private","Sub","AssertRectSetRebarError","0","","False","Pending"
"tests/modTestGeometry.bas","modTestGeometry","2191","Private","Function","EmptyFaceSettings","0","","False","Pending"
"tests/modTestGeometry.bas","modTestGeometry","2195","Private","Function","HasAnnotationGroup","0","","False","Pending"
"tests/modTestGeometry.bas","modTestGeometry","2205","Private","Function","HasSectionAnnotation","0","","False","Pending"
"tests/modTestGeometry.bas","modTestGeometry","2210","Private","Function","HasSectionAnnotationIDPrefix","0","","False","Pending"
"tests/modTestGeometry.bas","modTestGeometry","2225","Private","Function","CountSectionAnnotationType","0","","False","Pending"
"tests/modTestGeometry.bas","modTestGeometry","2239","Private","Function","FindSectionAnnotationIndex","0","","False","Pending"
"tests/modTestGeometry.bas","modTestGeometry","2256","Private","Sub","AssertRectSetRebarRowsError","0","","False","Pending"
"tests/modTestGeometry.bas","modTestGeometry","2270","Private","Function","CountBarsWithRow","0","","False","Pending"
"tests/modTestGeometry.bas","modTestGeometry","2277","Private","Function","CountBarsWithSource","0","","False","Pending"
"tests/modTestGeometry.bas","modTestGeometry","2284","Private","Function","CountBarsInAnnotationGroup","0","","False","Pending"
"tests/modTestGeometry.bas","modTestGeometry","2293","Private","Function","ExtremeYInAnnotationGroup","0","","False","Pending"
"tests/modTestGeometry.bas","modTestGeometry","2310","Private","Sub","AssertBarsInGroupHaveY","0","","False","Pending"
"tests/modTestGeometry.bas","modTestGeometry","2323","Private","Sub","AssertBarsInGroupHaveX","0","","False","Pending"
"tests/modTestGeometry.bas","modTestGeometry","2336","Private","Sub","FindFirstLastBarInAnnotationGroup","0","","False","Pending"
"tests/modTestGeometry.bas","modTestGeometry","2349","Private","Function","FindRebarAnnotationAnchor","0","","False","Pending"
"tests/modTestGeometry.bas","modTestGeometry","2359","Private","Sub","AssertTrue","0","","False","Pending"
"tests/modTestGeometry.bas","modTestGeometry","2369","Private","Sub","AssertClose","0","","False","Pending"
"tests/modTestGeometry.bas","modTestGeometry","2385","Private","Sub","AssertRelative","0","","False","Pending"
"tests/modTestGeometry.bas","modTestGeometry","2406","Private","Sub","AppendLine","0","","False","Pending"
"tests/modTestGeometry.bas","modTestGeometry","2410","Private","Function","FormatNumberInvariant","0","","False","Pending"
"tests/modTestGeometry.bas","modTestGeometry","2419","Public","Function","RunAudit03GeometryLifecycleTests","5","========================================================================== ДЛЯ ТЕСТОВ ========================================================================== Проверяет, что повторный Initialize заменяет контур, валидность и причину, а запрос точки не принимает прежнюю геометрию после невалидного ввода.","False","Pending"
"tests/modTestGeometry.bas","modTestGeometry","2432","Private","Sub","TestAudit03GeometryLifecycle","2","Сопоставляет прогретую и заново созданную геометрию по сетке точек после valid-invalid-valid переходов. Допуски, дуги и алгоритм сетки не меняются.","False","Pending"
"tests/modTestMaterialDiagrams.bas","modTestMaterialDiagrams","20","Public","Function","RunMaterialDiagramTests","1","Запускает все проверки material-слоя и возвращает текстовый отчет для Run-AllTests.","False","Pending"
"tests/modTestMaterialDiagrams.bas","modTestMaterialDiagrams","52","Private","Sub","TestConcreteInterpolation","2","Проверяет сжатую бетонную ветвь: до первой точки держится плато, между точками работает линейная интерполяция, а растяжение выключено.","False","Pending"
"tests/modTestMaterialDiagrams.bas","modTestMaterialDiagrams","66","Private","Sub","TestConcreteThreePointDiagram","2","Проверяет трехточечную сжатую ветвь без provider-а, чтобы отдельно закрепить поведение универсальной кусочно-линейной интерполяции.","False","Pending"
"tests/modTestMaterialDiagrams.bas","modTestMaterialDiagrams","79","Private","Sub","TestSteelThreePointDiagram","2","Проверяет симметричную трехлинейную диаграмму арматуры как готовую диаграмму, без знания о нормативных формулах построения точек.","False","Pending"
"tests/modTestMaterialDiagrams.bas","modTestMaterialDiagrams","92","Private","Sub","TestSteelInterpolation","2","Проверяет двухлинейную диаграмму арматуры: линейный участок до R/Es и дальнейшее пластическое плато до пользовательской предельной деформации.","False","Pending"
"tests/modTestMaterialDiagrams.bas","modTestMaterialDiagrams","106","Private","Sub","TestProviderConcreteDiagrams","2","Проверяет, что provider выбирает нужные бетонные характеристики и режим растянутого бетона для Strength/Mcrc/CrackedNDS.","False","Pending"
"tests/modTestMaterialDiagrams.bas","modTestMaterialDiagrams","132","Private","Sub","TestProviderSteelDiagrams","2","Проверяет нормативные расчетные точки арматуры, которые provider вычисляет из R/E и выбранной двухлинейной или трехлинейной схемы.","False","Pending"
"tests/modTestMaterialDiagrams.bas","modTestMaterialDiagrams","164","Private","Sub","TestProviderStateSolutionExtension","3","Проверяет, что numerical extension появляется только у equilibrium-диаграмм. Физические Strength/Mcrc/CrackedNDS-диаграммы остаются без технических точек, поэтому физические пределы capacity и crack не расширяются.","False","Pending"
"tests/modTestMaterialDiagrams.bas","modTestMaterialDiagrams","196","Private","Sub","TestUserStrainParametersAffectDiagrams","2","Проверяет требование ТЗ: пользовательские предельные деформации берутся из параметров Config, а не зашиты константами в построителе.","False","Pending"
"tests/modTestMaterialDiagrams.bas","modTestMaterialDiagrams","219","Private","Sub","TestInvalidParameters","2","Проверяет базовую защиту от некорректной диаграммы: точки должны иметь физически согласованные знаки и возрастающие деформации.","False","Pending"
"tests/modTestMaterialDiagrams.bas","modTestMaterialDiagrams","245","Private","Function","TestProvider","0","","False","Pending"
"tests/modTestMaterialDiagrams.bas","modTestMaterialDiagrams","259","Private","Function","TestConcreteParameters","0","","False","Pending"
"tests/modTestMaterialDiagrams.bas","modTestMaterialDiagrams","267","Private","Function","TestSteelParameters","0","","False","Pending"
"tests/modTestMaterialDiagrams.bas","modTestMaterialDiagrams","275","Private","Sub","AssertTrue","0","","False","Pending"
"tests/modTestMaterialDiagrams.bas","modTestMaterialDiagrams","285","Private","Sub","AssertClose","0","","False","Pending"
"tests/modTestMaterialDiagrams.bas","modTestMaterialDiagrams","300","Private","Sub","AppendLine","0","","False","Pending"
"tests/modTestMaterialDiagrams.bas","modTestMaterialDiagrams","304","Private","Function","FormatNumberInvariant","0","","False","Pending"
"tests/modTestMaterialDiagrams.bas","modTestMaterialDiagrams","315","Private","Sub","TestAudit02PhysicalDiagramPairs","3","Сравнивает узлы и внутренние точки всех сочетаний TwoLine/ThreeLine, ULS/SLS и Ignore/UseDiagram. Проверяет stress, tangent и совместный evaluator, а также фактическое продолжение только работающих ветвей конкретного spec.","False","Pending"
"tests/modTestMaterialDiagrams.bas","modTestMaterialDiagrams","368","Private","Sub","AssertPhysicalDiagramPair","2","Проверяет неизменность физического диапазона, узлов и середины каждого отрезка. Общий evaluator должен возвращать те же stress/tangent, что API.","False","Pending"
"tests/modTestMaterialDiagrams.bas","modTestMaterialDiagrams","424","Private","Sub","TestAudit02ExtensionBeyondTechnicalDefault","2","Пользовательский физический предел за +/-10 не обрезается: технические узлы лежат дальше него, физическое плато и пределы остаются исходными.","False","Pending"
"tests/modTestMaterialDiagrams.bas","modTestMaterialDiagrams","445","Private","Sub","TestAudit02ExtensionOverflowIsExplicit","2","Переполнение при построении технической ветви возвращается как явная ошибка построения, а не как урезанная диаграмма с ложным пределом.","False","Pending"
"tests/modTestRegressionBaseline.bas","modTestRegressionBaseline","19","Public","Function","RunRegressionBaselineTests","3","Выполняет пять опорных задач круглого сечения и проверки повторяемости, изменения геометрии и переноса начала координат. Возвращает численный протокол с прежними компонентными допусками и отдельными счетчиками отказов.","False","Pending"
"tests/modTestRegressionBaseline.bas","modTestRegressionBaseline","49","Private","Sub","RunBaselineCase","3","Строит заданную круговую модель и решает N+Mx+My опорными материалами. Проверяет равновесие, при запросе отдельно ищет lambda и записывает плоскость, размеры модели и время в воспроизводимый baseline-протокол.","False","Pending"
"tests/modTestRegressionBaseline.bas","modTestRegressionBaseline","92","Private","Sub","TestRepeatedRun","3","Дважды решает один и тот же LC на одинаковой круговой модели отдельными solver-ами. Проверяет равновесие и совпадение epsilon0/кривизн, защищая повторный запуск от случайного сохраненного состояния предыдущей задачи.","False","Pending"
"tests/modTestRegressionBaseline.bas","modTestRegressionBaseline","128","Private","Sub","TestGeometryChange","3","Сравнивает круги 300 и 360 мм под одинаковыми усилиями. Обе задачи должны найти равновесие, а плоскости отличаться: изменение геометрии должно действительно доходить до расчетного ядра, а не использовать старую модель.","False","Pending"
"tests/modTestRegressionBaseline.bas","modTestRegressionBaseline","146","Private","Sub","TestOriginShift","3","Переносит модель и усилия к другому началу координат через общий load adapter. Кривизны должны сохраняться, epsilon0 и моменты преобразоваться по заданному сдвигу; равновесие подтверждается отдельно в смещенной системе.","False","Pending"
"tests/modTestRegressionBaseline.bas","modTestRegressionBaseline","190","Private","Function","SolveCircleDirect","3","Создает самостоятельную круговую модель с автоматическими стержнями и возвращает решенное прямое НДС. Использует фиксированные baseline-настройки, не меняя Config и не переиспользуя solver соседнего теста.","False","Pending"
"tests/modTestRegressionBaseline.bas","modTestRegressionBaseline","214","Private","Function","CalculateLambdaText","0","","False","Pending"
"tests/modTestRegressionBaseline.bas","modTestRegressionBaseline","232","Private","Sub","ConfigureBaselineSolver","0","","False","Pending"
"tests/modTestRegressionBaseline.bas","modTestRegressionBaseline","243","Private","Sub","ConfigureBaselineCapacity","0","","False","Pending"
"tests/modTestRegressionBaseline.bas","modTestRegressionBaseline","254","Private","Function","ProvisionalConcrete","0","","False","Pending"
"tests/modTestRegressionBaseline.bas","modTestRegressionBaseline","261","Private","Function","ProvisionalSteel","0","","False","Pending"
"tests/modTestRegressionBaseline.bas","modTestRegressionBaseline","268","Private","Sub","AssertEquilibrium","0","","False","Pending"
"tests/modTestRegressionBaseline.bas","modTestRegressionBaseline","275","Private","Sub","AssertLoadComponent","0","","False","Pending"
"tests/modTestRegressionBaseline.bas","modTestRegressionBaseline","285","Private","Sub","AssertTrue","0","","False","Pending"
"tests/modTestRegressionBaseline.bas","modTestRegressionBaseline","295","Private","Sub","AssertClose","0","","False","Pending"
"tests/modTestRegressionBaseline.bas","modTestRegressionBaseline","310","Private","Sub","AssertRelative","0","","False","Pending"
"tests/modTestRegressionBaseline.bas","modTestRegressionBaseline","330","Private","Sub","AppendBaseline","0","","False","Pending"
"tests/modTestRegressionBaseline.bas","modTestRegressionBaseline","351","Private","Function","BoolText","0","","False","Pending"
"tests/modTestRegressionBaseline.bas","modTestRegressionBaseline","359","Private","Sub","AppendLine","0","","False","Pending"
"tests/modTestRegressionBaseline.bas","modTestRegressionBaseline","363","Private","Function","FormatNumberInvariant","0","","False","Pending"
"tests/modTestSectionSolver.bas","modTestSectionSolver","18","Public","Function","RunSectionSolverTests","2","Выполняет регрессии равновесия, единиц, численных методов и State-контрактов. Возвращает все assertions и итог; ошибка suite остается отдельной диагностикой.","False","Pending"
"tests/modTestSectionSolver.bas","modTestSectionSolver","59","Private","Sub","TestUnitSystemConversions","2","Проверяет пересчет пользовательских tf/tf*m и знака сжатия во внутренние Н/Н*мм, а также обратный вывод и размерность порога малых моментов.","False","Pending"
"tests/modTestSectionSolver.bas","modTestSectionSolver","86","Private","Sub","TestLinearSystem3x3","2","Сверяет решение невырожденной системы 3x3 с известным вектором и невязкой. Вырожденная система должна вернуть отказ, а не фиктивную поправку Newton.","False","Pending"
"tests/modTestSectionSolver.bas","modTestSectionSolver","102","Private","Sub","TestSystemSettingsReader","2","Читает фактические именованные диапазоны и проверяет модули материалов, наличие профилей и различие активной tensile-ветви Strength/CrackInitiation.","False","Pending"
"tests/modTestSectionSolver.bas","modTestSectionSolver","120","Private","Sub","TestSecantComparativeTasks","2","Сравнивает независимый Secant с Newton для сжатия и одно-/двухосного изгиба прямоугольника и круга; обе ветви должны подтвердить компонентное равновесие.","False","Pending"
"tests/modTestSectionSolver.bas","modTestSectionSolver","142","Private","Sub","TestSystemSettingsCatalog","2","Проверяет наличие обязательных ключей и диапазонов действующей схемы Config, отсутствие дубликатов и удаленных полей. Это структурная, не поведенческая приемка.","False","Pending"
"tests/modTestSectionSolver.bas","modTestSectionSolver","284","Private","Sub","AssertRequiredKeys","2","Проверяет каждый переданный ключ в настоящем reader-е книги и сохраняет отдельный assertion, чтобы отсутствие настройки не скрывалось общим итогом.","False","Pending"
"tests/modTestSectionSolver.bas","modTestSectionSolver","297","Private","Sub","TestLinearMaterialEquilibrium","2","Сверяет плоскость деформаций линейного бетонного прямоугольника с заранее рассчитанными epsilon0/kappaX/kappaY и независимо проверяет N/Mx/My.","False","Pending"
"tests/modTestSectionSolver.bas","modTestSectionSolver","331","Private","Sub","TestLinearMaterialWithRebarReplacement","2","Проверяет линейное армированное сечение с замещением бетона площадью стержней: эталонные параметры плоскости и равновесие должны учитывать именно эту модель.","False","Pending"
"tests/modTestSectionSolver.bas","modTestSectionSolver","371","Private","Sub","TestDiagramConcreteCentralCompression","2","Проверяет центральное сжатие по нелинейной диаграмме: отрицательную осевую деформацию, нулевые кривизны и равновесие без искусственного изгиба.","False","Pending"
"tests/modTestSectionSolver.bas","modTestSectionSolver","396","Private","Sub","TestDiagramConcreteWithRebar","2","Решает внецентренное сжатие армированного прямоугольника по диаграммам; проверяет равновесие и прохождение всех пяти ступеней заданного нагружения.","False","Pending"
"tests/modTestSectionSolver.bas","modTestSectionSolver","420","Private","Sub","TestIncrementLimitsAndDiagnostics","2","Ограничивает приращение epsilon0 и проверяет сходимость с дополнительными итерациями, а также наличие реальных итерационных строк в диагностике.","False","Pending"
"tests/modTestSectionSolver.bas","modTestSectionSolver","439","Private","Sub","TestSecantIndependentBranch","2","Доказывает, что Secant не вызывает Newton: сравнивает плоскости и равновесие, проверяет счетчики вычислений, рестарты и собственную диагностику метода.","False","Pending"
"tests/modTestSectionSolver.bas","modTestSectionSolver","479","Private","Sub","TestSolverMethodInputErrors","2","Передает неизвестный и пустой Solver.Method; оба значения должны дать ошибку ввода, а не незаявленное переключение на метод по умолчанию.","False","Pending"
"tests/modTestSectionSolver.bas","modTestSectionSolver","503","Private","Sub","TestSolverMethodFromSystem","2","Применяет настройки из Config к реальному solver-у и проверяет, что выбранный Newton действительно выполняет свою ветвь и находит равновесие.","False","Pending"
"tests/modTestSectionSolver.bas","modTestSectionSolver","523","Private","Sub","AssertNewtonSecantCase","2","Решает одну и ту же задачу двумя методами с одинаковыми материалами; сохраняет сравнительные iterations/evaluations и проверяет независимый Secant.","False","Pending"
"tests/modTestSectionSolver.bas","modTestSectionSolver","557","Private","Sub","ConfigureStrictSolver","0","","False","Pending"
"tests/modTestSectionSolver.bas","modTestSectionSolver","568","Private","Sub","ConfigureProvisionalSolver","0","","False","Pending"
"tests/modTestSectionSolver.bas","modTestSectionSolver","579","Private","Function","ProvisionalConcrete","0","","False","Pending"
"tests/modTestSectionSolver.bas","modTestSectionSolver","586","Private","Function","ProvisionalSteel","0","","False","Pending"
"tests/modTestSectionSolver.bas","modTestSectionSolver","593","Private","Function","RectangleGeometry","0","","False","Pending"
"tests/modTestSectionSolver.bas","modTestSectionSolver","602","Private","Function","BuildMesh","2","Строит бетонную сетку тестового прямоугольника с одинаковым шагом по осям. Арматура добавляется отдельно, а ядру затем передается собранный CSectionModel.","False","Pending"
"tests/modTestSectionSolver.bas","modTestSectionSolver","609","Private","Sub","AssertEquilibrium","0","","False","Pending"
"tests/modTestSectionSolver.bas","modTestSectionSolver","616","Private","Function","NamedRangeExists","0","","False","Pending"
"tests/modTestSectionSolver.bas","modTestSectionSolver","626","Private","Sub","AssertLoadComponent","0","","False","Pending"
"tests/modTestSectionSolver.bas","modTestSectionSolver","636","Private","Sub","AssertTrue","0","","False","Pending"
"tests/modTestSectionSolver.bas","modTestSectionSolver","646","Private","Sub","AssertClose","0","","False","Pending"
"tests/modTestSectionSolver.bas","modTestSectionSolver","661","Private","Sub","AssertRelative","0","","False","Pending"
"tests/modTestSectionSolver.bas","modTestSectionSolver","681","Private","Sub","AppendLine","0","","False","Pending"
"tests/modTestSectionSolver.bas","modTestSectionSolver","685","Private","Function","FormatNumberInvariant","0","","False","Pending"
"tests/modTestSectionSolver.bas","modTestSectionSolver","692","Public","Function","RunAudit03StateTests","3","ДЛЯ ТЕСТОВ Запускает направленные проверки typed failure через настоящий provider, runner и solver, отдельно от полного набора задач равновесия.","False","Pending"
"tests/modTestSectionSolver.bas","modTestSectionSolver","702","Private","Sub","TestAudit03TypedStateFailures","3","ДЛЯ ТЕСТОВ Ошибка метода, вырожденная геометрия, бюджет итераций и отсутствующий контекст не должны терять свою причину при формировании named-state.","False","Pending"
"tests/modTestSectionSolver.bas","modTestSectionSolver","712","Private","Sub","TestAudit03TypedStateFailureCase","3","ДЛЯ ТЕСТОВ Создает изолированный реальный маршрут одного отказа. Неуспешный snapshot сохраняется для диагностики, но не становится reusable и допускает retry.","False","Pending"
"tests/modTestSectionSolver.bas","modTestSectionSolver","809","Private","Sub","TestAudit02EvaluatedPlaneRequiresEquilibrium","2","Проверяет различие оценки плоскости и решения равновесия. Подтверждение по целевым усилиям не должно менять плоскость или запускать новый solve.","False","Pending"
"tests/modTestSectionSolver.bas","modTestSectionSolver","838","Private","Sub","TestAudit02DiagramExtensionReaderMigration","3","Проверяет миграцию на входной границе reader-а: старое No не перекрывается default, новый ключ имеет приоритет, конфликт виден, ошибочный ввод отклонен. Runtime-контекст после чтения содержит только канонический ключ.","False","Pending"
"tests/modTestSectionSolver.bas","modTestSectionSolver","894","Private","Function","Audit02LoadMigrationRange","2","Перехватывает только ожидаемую ошибку ввода отдельного migration-сценария. Ошибка возвращается числом, без обратного определения статуса по ее тексту.","False","Pending"
"tests/modTestSectionSolver.bas","modTestSectionSolver","907","Private","Sub","TestAudit02StateSnapshotIsolation","2","Проверяет независимость чисел, метаданных и ключа запроса от дальнейшего использования рабочего solver-а и изменения выдаваемых spec/meta-копий.","False","Pending"
"tests/modTestSectionSolver.bas","modTestSectionSolver","964","Private","Sub","TestAudit02AbsentStressSign","2","Проверяет отсутствие фиктивных экстремумов отсутствующего знака напряжений: полностью растянутое или сжатое сечение не возвращает sentinel в snapshot.","False","Pending"
"tests/modTestSectionSolver.bas","modTestSectionSolver","987","Private","Sub","TestAudit02LoadPathResidualScaling","2","Проверяет линейность невязки постоянной нулевой компоненты траектории. Рост пробного момента не должен менять допуск и обнулять его производную.","False","Pending"
"tests/modTestSectionSolver.bas","modTestSectionSolver","1008","Private","Sub","TestAudit02ExtendedInitialGuessPhysicalFinal","4","ДЛЯ ТЕСТОВ Начальная плоскость намеренно лежит в численном продолжении, но конечная нагрузка мала. Финальные признаки должны описывать найденный физический State, а не исходное приближение и не промежуточные Newton-итерации.","False","Pending"
"tests/modTestSectionSolver.bas","modTestSectionSolver","1055","Public","Function","RunAudit03RetryAttemptSessionTests","5","========================================================================== ДЛЯ ТЕСТОВ ========================================================================== Проверяет память только идентичных численных retries. Иные старты/options, новое сечение/материалы, новая session и успех не блокируются прежней неудачей.","False","Pending"
"tests/modTestSectionSolver.bas","modTestSectionSolver","1068","Private","Sub","TestAudit03RetryAttemptSession","2","Одной Newton-итерации недостаточно для финального подтверждения линейной задачи: это управляемая численная неудача без изменения эталонной физики.","False","Pending"
"tests/modTestWorkbookInterface.bas","modTestWorkbookInterface","23","Public","Function","RunWorkbookInterfaceTests","2","Выполняет COM-регрессии структуры Config/Results, workbook-макросов и схемы. Проверка снимков и export-data не является приемкой фактической записи DWG.","False","Pending"
"tests/modTestWorkbookInterface.bas","modTestWorkbookInterface","103","Public","Function","RunLargeSnapshotPlotStressTest","4","ДЛЯ ТЕСТОВ Запускает тяжелый ручной сценарий: 20 LC, пять named-state на LC и мелкая сетка Г-сечения. Он не входит в обычный RunWorkbookInterfaceTests, потому что нужен только для проверки больших snapshot-ов и лимита Excel Chart на series.","False","Pending"
"tests/modTestWorkbookInterface.bas","modTestWorkbookInterface","124","Private","Sub","TestLoadCombinationsOnConfig","2","Проверяет, что таблица сочетаний живет на Config рядом с настройками, и не выводится отдельной параллельной таблицей на лист Расчет.","False","Pending"
"tests/modTestWorkbookInterface.bas","modTestWorkbookInterface","142","Private","Sub","TestButtons","2","Проверяет наличие пяти кнопок, привязанные OnAction-макросы и размещение вне области печати; надписи должны быть центрированы в самих shapes.","False","Pending"
"tests/modTestWorkbookInterface.bas","modTestWorkbookInterface","172","Private","Function","ButtonTextIsCentered","0","","False","Pending"
"tests/modTestWorkbookInterface.bas","modTestWorkbookInterface","179","Private","Sub","TestRebarInputValidationDoesNotUseHiddenDefaults","2","Проверяет пользовательское правило: количество стержней не подставляется из кода, а локальное n=0 или d=0 просто отключает соответствующую линию.","False","Pending"
"tests/modTestWorkbookInterface.bas","modTestWorkbookInterface","219","Private","Function","BuildCurrentWorkbookSection","2","Собирает модель через тот же путь, которым пользуется кнопка расчета: Config -> CSystemSettingsReader -> CUnitSystem -> CSectionTypeRegistry.","False","Pending"
"tests/modTestWorkbookInterface.bas","modTestWorkbookInterface","234","Private","Function","BuildCurrentWorkbookSectionError","3","Возвращает текст ошибки при сборке модели или пустую строку, если модель построилась. Нужна для тестов пользовательской валидации Config без остановки всего набора workbook-тестов.","False","Pending"
"tests/modTestWorkbookInterface.bas","modTestWorkbookInterface","248","Private","Sub","TestExecutionReportFile","2","Проверяет, что включенный общий флаг создает человекочитаемый txt-отчет рядом с книгой и не мешает обычному расчетному сценарию.","False","Pending"
"tests/modTestWorkbookInterface.bas","modTestWorkbookInterface","275","Private","Sub","TestExcelApplicationStateGuardRestoresSettings","4","Проверяет защиту пользовательского сценария расчета от лишней работы Excel. Макрос временно отключает события, экран, предупреждения и автопересчет, но после завершения должен вернуть настройки текущего Excel.Application ровно в исходное состояние.","False","Pending"
"tests/modTestWorkbookInterface.bas","modTestWorkbookInterface","303","Private","Sub","TestAutoCADExportUsesSharedLoadReference","2","Проверяет общий перенос нагрузки к бетонному центру, используемый batch и export-данными. AutoCAD COM здесь не вызывается, DWG не создается.","False","Pending"
"tests/modTestWorkbookInterface.bas","modTestWorkbookInterface","361","Private","Sub","TestSingleCombinationSkipsBlankRows","2","Читает один LC среди пустых строк: свободные строки не становятся ошибочными сочетаниями и не добавляют расчетов в пакет.","False","Pending"
"tests/modTestWorkbookInterface.bas","modTestWorkbookInterface","382","Private","Sub","TestLoadCombinationRangeMinimumRows","1","Проверяет нижнюю допустимую высоту rngLoadCombinations: шапка плюс одна строка LC.","False","Pending"
"tests/modTestWorkbookInterface.bas","modTestWorkbookInterface","435","Private","Sub","TestPartialCombinationIsInvalid","2","Удаляет ID из строки с заданными усилиями: строка сохраняется как InputErr, а пользовательский макрос выводит понятный итог ошибки ввода.","False","Pending"
"tests/modTestWorkbookInterface.bas","modTestWorkbookInterface","460","Private","Sub","TestInvalidProfileIdDoesNotRunPlot","2","При пустом ProfileId даже включенное автообновление не запускает вывод НДС. Проверяет сообщение InputErr и отсутствие строк element-results.","False","Pending"
"tests/modTestWorkbookInterface.bas","modTestWorkbookInterface","481","Private","Sub","TestAutoCADSourceRequiresManualImport","3","Проверяет, что расчет в режиме AutoCAD не запускает скрытый импорт. Пользователь должен сначала явно нажать отдельную кнопку импорта; иначе расчет останавливается до очистки старых Results и до обращения к AutoCAD.","False","Pending"
"tests/modTestWorkbookInterface.bas","modTestWorkbookInterface","502","Private","Sub","TestAutoCADImportButtonRejectsGeneratedSource","3","Проверяет защиту отдельной кнопки импорта: если пользователь оставил Geometry.Source = Generated, макрос должен объяснить, что импорт недоступен в этом режиме, и не должен пытаться подключаться к AutoCAD.","False","Pending"
"tests/modTestWorkbookInterface.bas","modTestWorkbookInterface","522","Private","Sub","TestAutoCADImporterTreatsDrawingUnitsAsMillimeters","4","Проверяет, что live AutoCAD-import не масштабирует координаты DWG через пользовательские INPUT-единицы. По контракту проекта AutoCAD-чертеж импортируется как миллиметры, иначе смена Units.Length.Input сдвинула бы весь imported snapshot относительно исходного чертежа.","False","Pending"
"tests/modTestWorkbookInterface.bas","modTestWorkbookInterface","571","Private","Sub","TestAnnotationDimensionTextRoundsInMillimeters","3","Проверяет, что подпись размера округляется до целого миллиметра до перевода в пользовательскую единицу вывода. При Units.Length.Output = m размер 517 мм должен отображаться как 0.517 m, а не как 1 m или 0 m.","False","Pending"
"tests/modTestWorkbookInterface.bas","modTestWorkbookInterface","618","Private","Sub","TestAutoCADPreviewWritesAndDrawsBoundsDimensions","3","Проверяет preview импортированной геометрии без реального AutoCAD. Важна вся цепочка: CSectionModel(AutoCADImport) -> Results annotations -> CSectionPlotDataReader -> CSectionPlotter -> Chart.Shapes размерных линий.","False","Pending"
"tests/modTestWorkbookInterface.bas","modTestWorkbookInterface","684","Private","Sub","TestPlotClearsLegacyWorksheetShapes","3","Проверяет, что новая Chart-схема удаляет старые листовые NDMPlot_* объекты. Такие Shapes могли остаться от прежней реализации и визуально сдвигать точку нагрузки или оси относительно актуальной схемы внутри Chart.","False","Pending"
"tests/modTestWorkbookInterface.bas","modTestWorkbookInterface","717","Private","Sub","TestPlotOverlayCoordinatesMatchResults","4","Проверяет не только наличие осей/точки, но и их взаимное положение. Для режима Transformed центр главных осей берется из Transformed.Centroid, а точка нагрузки - из LoadReference. Их экранный сдвиг должен совпадать с расчетным сдвигом из Results после одного общего model-to-chart масштаба.","False","Pending"
"tests/modTestWorkbookInterface.bas","modTestWorkbookInterface","832","Private","Sub","TestGeneratedSourceDoesNotReuseAutoCADPreview","3","Проверяет, что AutoCAD-preview не используется как запасная схема после переключения Geometry.Source обратно на Generated. Иначе пользователь видит подпись ""Импортированная геометрия AutoCAD"" у уже generated-сценария.","False","Pending"
"tests/modTestWorkbookInterface.bas","modTestWorkbookInterface","865","Private","Sub","TestGeneratedDirectStateWorstStillDrawsFirstCalculatedLC","3","Проверяет DirectState-сценарий без определяющего сочетания по прочности. При Plot.LoadCase = Worst схема должна показать первый рассчитанный LC из Results, а не оставлять AutoCAD-preview и не очищаться до пустого окна.","False","Pending"
"tests/modTestWorkbookInterface.bas","modTestWorkbookInterface","881","Private","Sub","TestProfileDrivenPlotUsesSnapshotState","2","Проверяет, что схема после расчета выбирает состояние через профиль, а численные Stress/Strain берет из snapshot Results.","False","Pending"
"tests/modTestWorkbookInterface.bas","modTestWorkbookInterface","902","Private","Sub","TestMissingProfileStateDrawsGeometryOnly","3","Проверяет, что отсутствие выбранного StateType не превращается в popup-only ошибку. Схема должна показать сохраненную геометрию Results и крупную подпись под сечением, что запрошенного состояния в snapshot нет.","False","Pending"
"tests/modTestWorkbookInterface.bas","modTestWorkbookInterface","928","Private","Sub","TestAutoCADCalculationMessageUsesSavedGeometry","4","Проверяет, что кнопка расчета в режиме AutoCAD использует уже сохраненную геометрию Results. Макрос не должен повторно импортировать Region и не должен показывать строку ""Импортировано из AutoCAD"", потому что это действие относится только к отдельной кнопке импорта геометрии.","False","Pending"
"tests/modTestWorkbookInterface.bas","modTestWorkbookInterface","1004","Private","Sub","TestBlankMomentDefaultsToZeroAndZeroLoadsAreSkipped","2","Проверяет разрешенный пустой My как 0 и пропуск достоверно нулевого LC. Пропуск нуля не должен скрывать ошибку или менять число ненулевых сочетаний.","False","Pending"
"tests/modTestWorkbookInterface.bas","modTestWorkbookInterface","1030","Private","Sub","TestCircleWorkbookRunWritesResults","2","Запускает полный workbook-сценарий круга и сверяет сохраненные таблицы, шапки, плоскость НДС, units и отсутствие дублированной геометрии элементов.","False","Pending"
"tests/modTestWorkbookInterface.bas","modTestWorkbookInterface","1151","Private","Sub","TestThirtyCombinationsWithFiveStatesWriteSnapshot","4","Проверяет полный предельный snapshot: 30 сочетаний, каждое с пятью конечными named-state. Для устойчивого получения PreCrackState/PostCrackState используется чистый изгиб: сжатие может подавить образование нормальной трещины и тогда эти состояния физически не обязаны появляться.","False","Pending"
"tests/modTestWorkbookInterface.bas","modTestWorkbookInterface","1211","Private","Sub","TestDynamicLoadCombinationRangeAndLayoutGuard","3","Проверяет, что высота rngLoadCombinations управляет числом LC, а расчет заранее останавливается, если текущие якоря Results не оставляют места для всех строк, шапок и выводимых столбцов.","False","Pending"
"tests/modTestWorkbookInterface.bas","modTestWorkbookInterface","1295","Private","Sub","FillLoadCombinationTestRange","3","Заполняет временную таблицу сочетаний с тем же frontend-контрактом, что и rngLoadCombinations. Используется только для проверки динамической высоты именованного диапазона, не затрагивая рабочий блок Config.","False","Pending"
"tests/modTestWorkbookInterface.bas","modTestWorkbookInterface","1322","Private","Sub","TestLargeSnapshotPlotStress","4","ДЛЯ ТЕСТОВ Проверяет тяжелую схему с мелкой сеткой. Расчетные строки остаются полными, а plotter обязан рисовать элементы поэлементно Shape-ами до безопасного предела и не раздувать число Excel Chart series.","False","Pending"
"tests/modTestWorkbookInterface.bas","modTestWorkbookInterface","1379","Private","Sub","TestRectSetWorkbookRunWritesResults","2","Запускает RectSet через пользовательский workbook-entrypoint и проверяет фактический Results, блок диаграмм и отсутствие отдельного ручного RebarInput.","False","Pending"
"tests/modTestWorkbookInterface.bas","modTestWorkbookInterface","1400","Private","Sub","TestRectSetMomentUltimateStrainWorkbookPath","4","Проверяет пользовательский сценарий Г-сечения с N + Mx и выбранной траекторией lambda*Mx через полный путь книги. Этот тест защищает быстрый UltimateStrain-путь для обычного изгибного расчета: после универсализации CapacityLoadPath он не должен уходить в тяжелую общую residual-систему.","False","Pending"
"tests/modTestWorkbookInterface.bas","modTestWorkbookInterface","1432","Private","Sub","TestStrengthSummaryUsesOutputCurvatureUnit","2","Проверяет, что подробный блок прочности не держит кривизны в 1/мм жестко, а использует OUTPUT-единицу из Units.Curvature.Output.","False","Pending"
"tests/modTestWorkbookInterface.bas","modTestWorkbookInterface","1484","Private","Sub","TestRectSetPureBendingUltimateStrainWorkbookPath","3","Проверяет чистый изгиб Г-сечения по полному Excel-пути. Здесь N намеренно равен нулю: программа должна найти прямое НДС и предельный момент без перехода в осевую или аварийную ветку.","False","Pending"
"tests/modTestWorkbookInterface.bas","modTestWorkbookInterface","1524","Private","Sub","TestRectSetPureBendingDirectStateWorkbookPath","3","Проверяет чистый изгиб Г-сечения по профилю PR1. Такой профиль запрашивает и прямое НДС, и несущую способность, поэтому обе ветви должны проходить через полный workbook-path без специальных обходов.","False","Pending"
"tests/modTestWorkbookInterface.bas","modTestWorkbookInterface","1558","Private","Sub","TestRectSetAxialTensionExtensionFromWorkbookSettings","4","Проверяет пользовательский сценарий с сильным осевым растяжением Г-сечения через настоящий workbook-path: Config -> CUnitSystem -> batch -> Results. Это важно, потому что знак N и единицы tf здесь проходят ровно тем же путем, что и при нажатии кнопки ""Расчет"" в книге.","False","Pending"
"tests/modTestWorkbookInterface.bas","modTestWorkbookInterface","1630","Private","Sub","TestGoverningCombinationWritesDetailedResults","2","Решает безопасное и более тяжелое LC с критерием governing StrengthCapacity. Сверяет выбранный ID с запасами в настоящей сводке и итоговым сообщением.","False","Pending"
"tests/modTestWorkbookInterface.bas","modTestWorkbookInterface","1677","Private","Function","ExpectedGoverningByLowestStrengthSafety","0","","False","Pending"
"tests/modTestWorkbookInterface.bas","modTestWorkbookInterface","1692","Private","Function","StrengthSafetyForSummaryRow","0","","False","Pending"
"tests/modTestWorkbookInterface.bas","modTestWorkbookInterface","1697","Private","Function","MomentUltimateForCombination","0","","False","Pending"
"tests/modTestWorkbookInterface.bas","modTestWorkbookInterface","1715","Private","Function","BatchSummaryStartRow","0","","False","Pending"
"tests/modTestWorkbookInterface.bas","modTestWorkbookInterface","1719","Private","Function","BatchSummaryRowByCombination","0","","False","Pending"
"tests/modTestWorkbookInterface.bas","modTestWorkbookInterface","1731","Private","Function","StrengthSummaryStartRow","0","","False","Pending"
"tests/modTestWorkbookInterface.bas","modTestWorkbookInterface","1735","Private","Function","CrackSummaryStartRow","0","","False","Pending"
"tests/modTestWorkbookInterface.bas","modTestWorkbookInterface","1739","Private","Function","StrengthSummaryRowByCombination","0","","False","Pending"
"tests/modTestWorkbookInterface.bas","modTestWorkbookInterface","1751","Private","Function","CrackSummaryRowByCombination","0","","False","Pending"
"tests/modTestWorkbookInterface.bas","modTestWorkbookInterface","1763","Private","Function","ResultHeaderColumn","0","","False","Pending"
"tests/modTestWorkbookInterface.bas","modTestWorkbookInterface","1775","Private","Sub","AssertElementStateRows","2","Проверяет, что конкретное состояние конкретного LC записано для каждого расчетного элемента сечения. Это защищает snapshot от частичной записи.","False","Pending"
"tests/modTestWorkbookInterface.bas","modTestWorkbookInterface","1783","Private","Function","ElementStateRowCount","1","Считает строки rngNDMElementResults для пары LoadCase + StateType.","False","Pending"
"tests/modTestWorkbookInterface.bas","modTestWorkbookInterface","1803","Private","Function","MaxAbsElementStress","3","Возвращает максимальное по модулю Stress для сохраненного named-state. Тест защищает snapshot от рассинхрона: если StateSolution найден через numerical extension, строки элементов должны соответствовать той же диаграмме.","False","Pending"
"tests/modTestWorkbookInterface.bas","modTestWorkbookInterface","1826","Private","Function","MaterialDiagramHasMode","2","Проверяет, есть ли в диагностической таблице диаграмм хотя бы одна диаграмма заданного named-state с указанным режимом Physical/StateExtension.","False","Pending"
"tests/modTestWorkbookInterface.bas","modTestWorkbookInterface","1849","Private","Function","MaterialDiagramIdsMatchStateProperties","3","Проверяет, что каталог фактических диаграмм связан с named-state metadata. Диаграммы пишутся один раз по DiagramId, а состояния ссылаются на них через State.*.ConcreteDiagramId и State.*.RebarDiagramId в rngNDMSectionProperties.","False","Pending"
"tests/modTestWorkbookInterface.bas","modTestWorkbookInterface","1911","Private","Sub","TestCapacitySearchMethodValidation","2","Сверяет фактические validation-списки расчетов, геометрии, plot и export, динамические ссылки и default labels. Наличие списка не доказывает поведение каждой опции.","False","Pending"
"tests/modTestWorkbookInterface.bas","modTestWorkbookInterface","2001","Private","Function","AutoCADCombinationValidationIsDynamic","0","","False","Pending"
"tests/modTestWorkbookInterface.bas","modTestWorkbookInterface","2024","Private","Function","PlotLoadCaseValidationIsDynamic","0","","False","Pending"
"tests/modTestWorkbookInterface.bas","modTestWorkbookInterface","2028","Private","Function","LoadCaseValidationIsDynamicForSetting","0","","False","Pending"
"tests/modTestWorkbookInterface.bas","modTestWorkbookInterface","2051","Private","Function","ResultsPropertyExists","0","","False","Pending"
"tests/modTestWorkbookInterface.bas","modTestWorkbookInterface","2071","Private","Function","ResultsPropertyValue","3","Возвращает значение свойства из расчетного snapshot Results. Используется в UI-тестах, где важно проверить не только видимую Summary, но и машинные признаки выбранного LC, например ExtensionUsed.","False","Pending"
"tests/modTestWorkbookInterface.bas","modTestWorkbookInterface","2092","Private","Function","ResultsLengthPropertyMm","3","Возвращает длину из rngNDMSectionProperties во внутренних мм. Results хранит числовые значения в пользовательских OUTPUT-единицах последнего расчета, а Excel-схема строится во внутренних координатах модели.","False","Pending"
"tests/modTestWorkbookInterface.bas","modTestWorkbookInterface","2100","Private","Function","ResultsOutputLengthFactorToMm","4","Читает сохраненную в Results единицу вывода длины и возвращает множитель к мм. Тест намеренно опирается на snapshot Results, а не на текущий Config: пользователь может поменять настройки после расчета, но уже нарисованная схема должна соответствовать именно сохраненному расчетному снимку.","False","Pending"
"tests/modTestWorkbookInterface.bas","modTestWorkbookInterface","2116","Private","Function","GeometryResultValue","3","Возвращает числовое поле элемента из rngNDMSectionGeometry. Так UI-тест проверяет сохранность импортированных координат между geometry-preview и расчетным snapshot после очистки Results.","False","Pending"
"tests/modTestWorkbookInterface.bas","modTestWorkbookInterface","2139","Private","Function","ResultHeaderColumnByBaseName","1","Ищет колонку по имени до запятой в заголовке вида ""X, mm"".","False","Pending"
"tests/modTestWorkbookInterface.bas","modTestWorkbookInterface","2157","Private","Sub","AssertTransformedAreaUsesElasticModuli","4","Проверяет, что справочные характеристики приведенного сечения в Results считаются через обычный модульный коэффициент Es/Eb. Это важно для устойчивости и ручной проверки геометрии: вид диаграммы TwoLine/ThreeLine не должен менять Ared.","False","Pending"
"tests/modTestWorkbookInterface.bas","modTestWorkbookInterface","2205","Private","Function","PlotChartExists","0","","False","Pending"
"tests/modTestWorkbookInterface.bas","modTestWorkbookInterface","2214","Private","Function","PlotVisibleTitleContains","1","Проверяет видимый Shape-заголовок существующей схемы.","False","Pending"
"tests/modTestWorkbookInterface.bas","modTestWorkbookInterface","2230","Private","Function","CountPlotShapes","0","","False","Pending"
"tests/modTestWorkbookInterface.bas","modTestWorkbookInterface","2244","Private","Function","FirstGeneratedPlotShape","0","","False","Pending"
"tests/modTestWorkbookInterface.bas","modTestWorkbookInterface","2268","Private","Function","ShapeCenterX","0","","False","Pending"
"tests/modTestWorkbookInterface.bas","modTestWorkbookInterface","2272","Private","Function","ShapeCenterY","0","","False","Pending"
"tests/modTestWorkbookInterface.bas","modTestWorkbookInterface","2276","Private","Function","CountGeneratedPlotShapes","0","","False","Pending"
"tests/modTestWorkbookInterface.bas","modTestWorkbookInterface","2280","Private","Function","GeneratedPlotShapeCenterAverage","0","","False","Pending"
"tests/modTestWorkbookInterface.bas","modTestWorkbookInterface","2312","Private","Function","PlotShapesInsideStableFrame","0","","False","Pending"
"tests/modTestWorkbookInterface.bas","modTestWorkbookInterface","2343","Private","Function","PlotShapeBoundsContainAbsolutePoint","0","","False","Pending"
"tests/modTestWorkbookInterface.bas","modTestWorkbookInterface","2372","Private","Function","CountWorksheetPlotShapes","0","","False","Pending"
"tests/modTestWorkbookInterface.bas","modTestWorkbookInterface","2390","Private","Function","PlotShapeRotationExists","3","Проверяет, что среди Shapes схемы есть объект с нужным углом поворота. Excel может хранить один и тот же угол как -30 или 330 градусов, поэтому сравниваем минимальную круговую разницу.","False","Pending"
"tests/modTestWorkbookInterface.bas","modTestWorkbookInterface","2409","Private","Function","AngleDistanceDegrees","1","Возвращает минимальную разницу между углами в градусах с учетом периода 360.","False","Pending"
"tests/modTestWorkbookInterface.bas","modTestWorkbookInterface","2417","Private","Function","NormalizeDegrees","1","Нормализует угол к диапазону 0...360 для устойчивого сравнения Excel Shapes.","False","Pending"
"tests/modTestWorkbookInterface.bas","modTestWorkbookInterface","2430","Private","Function","PlotShapeTextContains","3","Ищет текст среди Shape-подписей текущей схемы. Тесты используют это для предупреждений, которые рисуются внутри ChartObject, а не выводятся отдельным окном Excel.","False","Pending"
"tests/modTestWorkbookInterface.bas","modTestWorkbookInterface","2452","Private","Function","PlotShapeTextItalic","1","Проверяет курсив у текстового Shape схемы по фрагменту имени.","False","Pending"
"tests/modTestWorkbookInterface.bas","modTestWorkbookInterface","2468","Private","Function","PlotShapeTextFontSize","1","Возвращает размер шрифта текстового Shape схемы по фрагменту имени.","False","Pending"
"tests/modTestWorkbookInterface.bas","modTestWorkbookInterface","2485","Private","Function","PlotSeriesCount","2","ДЛЯ ТЕСТОВ Возвращает число рядов данных на текущей схеме Excel.","False","Pending"
"tests/modTestWorkbookInterface.bas","modTestWorkbookInterface","2496","Private","Function","CountAnnotationType","0","","False","Pending"
"tests/modTestWorkbookInterface.bas","modTestWorkbookInterface","2509","Private","Function","AnnotationTextByID","2","ДЛЯ ТЕСТОВ Возвращает видимую подпись semantic-аннотации из Results по ее ID.","False","Pending"
"tests/modTestWorkbookInterface.bas","modTestWorkbookInterface","2529","Private","Function","AnnotationValueByID","2","ДЛЯ ТЕСТОВ Возвращает численное значение semantic-аннотации из Results по ее ID.","False","Pending"
"tests/modTestWorkbookInterface.bas","modTestWorkbookInterface","2549","Private","Sub","TestClearResultsKeepsInputs","2","Очищает все расчетные snapshot-блоки пользовательским macro, проверяя пустые результаты и сохранение исходного Geometry.Type на Config.","False","Pending"
"tests/modTestWorkbookInterface.bas","modTestWorkbookInterface","2565","Private","Sub","SetSystemSetting","0","","False","Pending"
"tests/modTestWorkbookInterface.bas","modTestWorkbookInterface","2595","Private","Sub","SetProfileSetting","3","Меняет одну ячейку расчетного профиля в тестовой книге. Диапазон профилей имеет две строки шапки, поэтому ProfileId ищется динамически, как это делает реальный reader.","False","Pending"
"tests/modTestWorkbookInterface.bas","modTestWorkbookInterface","2625","Private","Function","ProfileSettingValue","2","Читает ячейку расчетного профиля по ProfileId и Key. Это нужно тестам, чтобы не зависеть от физического номера строки в rngCalculationProfiles.","False","Pending"
"tests/modTestWorkbookInterface.bas","modTestWorkbookInterface","2651","Private","Function","TrySetUnitOrSignSetting","0","","False","Pending"
"tests/modTestWorkbookInterface.bas","modTestWorkbookInterface","2670","Private","Function","UnitSettingAddress","0","","False","Pending"
"tests/modTestWorkbookInterface.bas","modTestWorkbookInterface","2702","Private","Function","SignSettingAddress","0","","False","Pending"
"tests/modTestWorkbookInterface.bas","modTestWorkbookInterface","2730","Private","Function","TrySetRectSetFaceSetting","0","","False","Pending"
"tests/modTestWorkbookInterface.bas","modTestWorkbookInterface","2741","Private","Function","RectSetSettingAddress","0","","False","Pending"
"tests/modTestWorkbookInterface.bas","modTestWorkbookInterface","2812","Private","Function","RectSetGeometryColumn","0","","False","Pending"
"tests/modTestWorkbookInterface.bas","modTestWorkbookInterface","2821","Private","Function","RectSetMainRow","0","","False","Pending"
"tests/modTestWorkbookInterface.bas","modTestWorkbookInterface","2825","Private","Function","RectSetExtraRow","0","","False","Pending"
"tests/modTestWorkbookInterface.bas","modTestWorkbookInterface","2829","Private","Function","RectSetFaceOrdinal","0","","False","Pending"
"tests/modTestWorkbookInterface.bas","modTestWorkbookInterface","2841","Private","Function","TrySetRoundedRectangleSetting","3","Меняет одну ячейку новой таблицы RoundedRectangle в тестовой книге. Таблица больше не является простым списком Key/Value, поэтому тесты обращаются к тем же видимым блокам, которые заполняет пользователь.","False","Pending"
"tests/modTestWorkbookInterface.bas","modTestWorkbookInterface","2855","Private","Function","RoundedRectangleSettingAddress","3","Возвращает адрес пользовательского параметра внутри табличного диапазона RoundedRectangle. Номера строк привязаны к layout-у SettingsCatalog, а не к старым внутренним ключам, которых пользователь в этой таблице не видит.","False","Pending"
"tests/modTestWorkbookInterface.bas","modTestWorkbookInterface","2886","Private","Function","RoundedRectangleFaceSettingAddress","2","Возвращает адрес параметра арматуры по одной из четырех видимых граней: H.Left, H.Right, B.Top или B.Bottom.","False","Pending"
"tests/modTestWorkbookInterface.bas","modTestWorkbookInterface","2922","Private","Function","RoundedRectangleFacePrefix","2","Нормализует имя грани RoundedRectangle и возвращает ее порядковый номер в блоках основного и дополнительного армирования.","False","Pending"
"tests/modTestWorkbookInterface.bas","modTestWorkbookInterface","2941","Private","Function","TrySetHollowRectangleSetting","3","Меняет одну ячейку таблицы HollowRectangle. Таблица содержит наружный контур, Opening и восемь смысловых граней, поэтому адреса задаются не обычным Key/Value-списком, а видимой структурой блока Config.","False","Pending"
"tests/modTestWorkbookInterface.bas","modTestWorkbookInterface","2952","Private","Function","HollowRectangleSettingAddress","0","","False","Pending"
"tests/modTestWorkbookInterface.bas","modTestWorkbookInterface","2977","Private","Function","HollowRectangleFaceSettingAddress","0","","False","Pending"
"tests/modTestWorkbookInterface.bas","modTestWorkbookInterface","3011","Private","Function","HollowRectangleFacePrefix","0","","False","Pending"
"tests/modTestWorkbookInterface.bas","modTestWorkbookInterface","3031","Private","Function","GetSystemSetting","0","","False","Pending"
"tests/modTestWorkbookInterface.bas","modTestWorkbookInterface","3061","Private","Function","WorkbookNameExists","3","Проверяет наличие имени книги без падения теста на ошибке Excel. Используется для контроля, что старые входные диапазоны не вернулись после перестройки листа Config.","False","Pending"
"tests/modTestWorkbookInterface.bas","modTestWorkbookInterface","3073","Private","Function","TryGetUnitOrSignSetting","3","Читает настройки из специальных таблиц единиц и знаков. Эти диапазоны не имеют обычного формата Key/Value, поэтому используют ту же адресацию, что и SetSystemSetting при записи тестового значения.","False","Pending"
"tests/modTestWorkbookInterface.bas","modTestWorkbookInterface","3092","Private","Function","SettingsRangeSearchOrder","0","","False","Pending"
"tests/modTestWorkbookInterface.bas","modTestWorkbookInterface","3106","Private","Function","SystemGeometryType","0","","False","Pending"
"tests/modTestWorkbookInterface.bas","modTestWorkbookInterface","3122","Private","Function","SystemSettingValidationHasOptions","0","","False","Pending"
"tests/modTestWorkbookInterface.bas","modTestWorkbookInterface","3130","Private","Function","SystemSettingUnitCellReferencesQuantity","4","Ищет настройку в rngSystemSettings и проверяет, что ее колонка ""Ед."" является формулой к нужной строке rngUnitSettings. Видимое значение может быть разным после выбора пользователем единиц, поэтому тестируем источник данных формулы, а не конкретный текст вроде tf или kN*m.","False","Pending"
"tests/modTestWorkbookInterface.bas","modTestWorkbookInterface","3153","Private","Function","ResultTable","0","","False","Pending"
"tests/modTestWorkbookInterface.bas","modTestWorkbookInterface","3168","Private","Function","ResultTableRowCount","0","","False","Pending"
"tests/modTestWorkbookInterface.bas","modTestWorkbookInterface","3179","Private","Function","ResultTableColumnCount","0","","False","Pending"
"tests/modTestWorkbookInterface.bas","modTestWorkbookInterface","3194","Private","Function","SystemSettingUnitCellReferencesQuantities","3","Проверяет, что единица настройки собрана формулой сразу из двух строк rngUnitSettings. Это нужно для величин вида момент/длина, где видимый текст меняется вместе с выбранной пользователем INPUT-системой единиц.","False","Pending"
"tests/modTestWorkbookInterface.bas","modTestWorkbookInterface","3222","Private","Function","ColumnsUntilNextResultAnchor","3","Ограничивает чтение таблицы Results ближайшим соседним именованным диапазоном справа. Блоки Results стоят на одной строке и не обязаны иметь пустой столбец между собой, поэтому простого CurrentRegion здесь мало.","False","Pending"
"tests/modTestWorkbookInterface.bas","modTestWorkbookInterface","3251","Private","Function","AnySettingValidationHasOptions","0","","False","Pending"
"tests/modTestWorkbookInterface.bas","modTestWorkbookInterface","3264","Private","Function","SettingValidationHasOptionsInRange","0","","False","Pending"
"tests/modTestWorkbookInterface.bas","modTestWorkbookInterface","3288","Private","Function","PlotAnnotationValidationHasOptions","0","","False","Pending"
"tests/modTestWorkbookInterface.bas","modTestWorkbookInterface","3315","Private","Function","RectSetParameterValidationHasOptions","0","","False","Pending"
"tests/modTestWorkbookInterface.bas","modTestWorkbookInterface","3336","Private","Function","RectSetExtraValidationHasOptions","4","Проверяет выпадающие списки в табличной части дополнительных рядов RectSet. В отличие от старой проверки по фиксированному номеру строки, helper ищет строку грани и нужный заголовок, поэтому не ломается от вставки новых строк выше блока геометрии.","False","Pending"
"tests/modTestWorkbookInterface.bas","modTestWorkbookInterface","3378","Private","Function","LoadCombinationValidationHasOptions","0","","False","Pending"
"tests/modTestWorkbookInterface.bas","modTestWorkbookInterface","3388","Private","Function","LoadProfileValidationUsesDisplayNames","0","","False","Pending"
"tests/modTestWorkbookInterface.bas","modTestWorkbookInterface","3419","Private","Function","LoadProfileFirstValueHasNoFormula","0","","False","Pending"
"tests/modTestWorkbookInterface.bas","modTestWorkbookInterface","3429","Private","Function","ValidationCellHasOptions","0","","False","Pending"
"tests/modTestWorkbookInterface.bas","modTestWorkbookInterface","3450","Private","Function","BuildUiBatch","2","Собирает тестовый круг и арматуру из настоящего Config, подключает материалы, solver-options и каталог профилей. Reader сочетаний затем вызывается отдельно.","False","Pending"
"tests/modTestWorkbookInterface.bas","modTestWorkbookInterface","3493","Private","Sub","PrepareCircleInput","0","","False","Pending"
"tests/modTestWorkbookInterface.bas","modTestWorkbookInterface","3525","Private","Sub","PrepareRectSetInput","0","","False","Pending"
"tests/modTestWorkbookInterface.bas","modTestWorkbookInterface","3603","Private","Sub","PrepareUserRectSetMomentUltimateInput","4","Настраивает книгу под типовой прочностной расчет Г-сечения: пользователь задает N и Mx, а несущая способность ищется увеличением Mx. Здесь специально выбран Capacity.SolutionStrategy = UltimateStrain, чтобы проверить, что быстрый изгибный путь работает без fallback на LoadMultiplier.","False","Pending"
"tests/modTestWorkbookInterface.bas","modTestWorkbookInterface","3657","Private","Sub","PrepareUserRectSetAxialTensionInput","3","Настраивает книгу ровно под пользовательский пример с Г-сечением и осевым растяжением в tf. Это дополняет unit-тест batch-слоя проверкой полного Excel-пути: пользовательский знак N, единицы, чтение Config и запись Results.","False","Pending"
"tests/modTestWorkbookInterface.bas","modTestWorkbookInterface","3712","Private","Sub","PrepareFullStateProfile","0","","False","Pending"
"tests/modTestWorkbookInterface.bas","modTestWorkbookInterface","3734","Private","Sub","SetUserRectSetMainRow","0","","False","Pending"
"tests/modTestWorkbookInterface.bas","modTestWorkbookInterface","3747","Private","Sub","ClearUserRectSetExtraRows","0","","False","Pending"
"tests/modTestWorkbookInterface.bas","modTestWorkbookInterface","3764","Private","Sub","ClearDataRows","1","Очищает накопленное состояние перед новым расчетом или повторным формированием вывода.","False","Pending"
"tests/modTestWorkbookInterface.bas","modTestWorkbookInterface","3779","Private","Sub","TestSolverToleranceUnitLabels","5","Проверяет, что единицы у допусков равновесия не зашиты текстом. Эти значения вводятся пользователем в выбранных INPUT-единицах, поэтому колонка ""Ед."" должна ссылаться формулой на rngUnitSettings. Иначе при переходе, например, на tf*m можно случайно получить гигантский допуск момента и принять несбалансированное состояние как сошедшееся.","False","Pending"
"tests/modTestWorkbookInterface.bas","modTestWorkbookInterface","3792","Private","Sub","TestCapacitySettingsUnitLabels","4","Проверяет, что настройки поиска несущей способности не выглядят как недооформленный блок: у безразмерных коэффициентов стоит ""-"", у счетчиков - ""шт"". Размерных величин в этом блоке сейчас нет, поэтому формулы единиц здесь не нужны; важно именно не оставлять пустую колонку ""Ед."".","False","Pending"
"tests/modTestWorkbookInterface.bas","modTestWorkbookInterface","3810","Private","Function","SystemSettingUnitText","0","","False","Pending"
"tests/modTestWorkbookInterface.bas","modTestWorkbookInterface","3827","Private","Function","PlotAnnotationTextUnitCellIsDynamic","0","","False","Pending"
"tests/modTestWorkbookInterface.bas","modTestWorkbookInterface","3862","Private","Function","PlotAnnotationSettingValue","0","","False","Pending"
"tests/modTestWorkbookInterface.bas","modTestWorkbookInterface","3879","Private","Sub","AssertTextEquals","0","","False","Pending"
"tests/modTestWorkbookInterface.bas","modTestWorkbookInterface","3890","Private","Function","FileExists","0","","False","Pending"
"tests/modTestWorkbookInterface.bas","modTestWorkbookInterface","3894","Private","Sub","DeleteFileIfExists","0","","False","Pending"
"tests/modTestWorkbookInterface.bas","modTestWorkbookInterface","3900","Private","Function","ReadTextFile","0","","False","Pending"
"tests/modTestWorkbookInterface.bas","modTestWorkbookInterface","3907","Private","Sub","AssertTrue","0","","False","Pending"
"tests/modTestWorkbookInterface.bas","modTestWorkbookInterface","3917","Private","Sub","AssertClose","0","","False","Pending"
"tests/modTestWorkbookInterface.bas","modTestWorkbookInterface","3930","Private","Sub","AppendLine","0","","False","Pending"
"tests/modTestWorkbookInterface.bas","modTestWorkbookInterface","3943","Private","Function","FormatNumberInvariant","0","","False","Pending"
"tests/modTestWorkbookInterface.bas","modTestWorkbookInterface","3950","Public","Function","RunAudit02SingleCalculationDiagnostic","3","ДЛЯ ТЕСТОВ Изолирует один полный расчет книги от остальных UI-сценариев. Диагностика используется для поиска роста памяти; основной regression-набор не заменяет.","False","Pending"
"tests/modTestWorkbookInterface.bas","modTestWorkbookInterface","3965","Public","Function","RunAudit02ReportDiagnostic","3","ДЛЯ ТЕСТОВ Изолирует запись execution_report на свежей книге, чтобы отличить расходы отчета от накопления данных между последовательными UI-расчетами.","False","Pending"
"tests/modTestWorkbookInterface.bas","modTestWorkbookInterface","3979","Public","Function","RunAudit02BatchOnlyDiagnostic","3","ДЛЯ ТЕСТОВ Повторяет расчетную часть workbook-сценария без writer-ов и схемы. Возвращает счетчик solve и время; физических ожиданий не изменяет.","False","Pending"
"tests/modTestWorkbookInterface.bas","modTestWorkbookInterface","3986","Public","Function","RunAudit02WriterPhasesDiagnostic","3","ДЛЯ ТЕСТОВ Измеряет последовательные writer-ы на одинаковом каноническом результате. Каждая отметка содержит время и память единственного тестового Excel.","False","Pending"
"tests/modTestWorkbookInterface.bas","modTestWorkbookInterface","3992","Private","Function","RunAudit02WorkbookPhases","2","ДЛЯ ТЕСТОВ Общая подготовка независимого диагностического сценария без основного UI.","False","Pending"
"tests/modTestWorkbookInterface.bas","modTestWorkbookInterface","4059","Private","Function","Audit02ExcelMemory","2","ДЛЯ ТЕСТОВ Читает память процесса через WMI, не меняя настройки или состояние Excel.","False","Pending"
"tests/modTestWorkbookInterface.bas","modTestWorkbookInterface","4070","Public","Function","RunAudit02NoPlotDiagnostic","3","ДЛЯ ТЕСТОВ Записывает численные Results без обновления схемы; нужна для локализации роста памяти между расчетом, табличным выводом и построением Chart.","False","Pending"
"tests/modTestWorkbookInterface.bas","modTestWorkbookInterface","4084","Public","Function","RunAudit02SavedSnapshotTests","3","ДЛЯ ТЕСТОВ Проверяет сохраненные Results после смены материальных настроек без пересчета. Отдельный entrypoint позволяет повторить проверку на независимой книге.","False","Pending"
"tests/modTestWorkbookInterface.bas","modTestWorkbookInterface","4099","Private","Sub","TestAudit02SavedResultsIgnoreMaterialChanges","4","ДЛЯ ТЕСТОВ Меняет Config после завершенного расчета, но не его сериализованный снимок. Reader и повторная схема обязаны сохранить напряжения, деформации, признаки State и таблицы диаграмм; чтение геометрии для AutoCAD также не решает НДС.","False","Pending"
"tests/modTestWorkbookInterface.bas","modTestWorkbookInterface","4185","Private","Sub","AssertAudit02PlotSnapshot","2","ДЛЯ ТЕСТОВ Сравнивает сериализованную раскраску и плоскость без повторной оценки материала.","False","Pending"
"tests/modTestWorkbookInterface.bas","modTestWorkbookInterface","4207","Private","Function","Audit02SnapshotTablesEqual","2","ДЛЯ ТЕСТОВ Сравнивает все ячейки двух снимков, включая model spec и effective Extension.","False","Pending"
"tests/modTestWorkbookInterface.bas","modTestWorkbookInterface","4223","Public","Function","RunAudit03ReaderTests","3","========================== ДЛЯ ТЕСТОВ ========================== Проверяет контракт reader-а через реальные диапазоны независимой книги. Временный лист удаляется даже при ошибке; исходные Config-ячейки не меняются.","False","Pending"
"tests/modTestWorkbookInterface.bas","modTestWorkbookInterface","4232","Private","Sub","TestAudit03ReaderContract","2","Выполняет reader-кейсы в общей статистике suite и восстанавливает временный лист. Отдельный entrypoint и полный UI-набор используют те же assertions без дублей.","False","Pending"
"tests/modTestWorkbookInterface.bas","modTestWorkbookInterface","4258","Private","Sub","TestAudit03ReaderWidth","2","Проверяет 5/6/7+ колонок: необязательный comment, path и исходный пропуск. Ошибка структуры четырех колонок должна быть контролируемой, не ошибкой массива.","False","Pending"
"tests/modTestWorkbookInterface.bas","modTestWorkbookInterface","4310","Private","Sub","TestAudit03ReaderRows","2","Нечисловые N/M, ошибки формул и metadata не теряются как нулевые LC. Числовая строка/формула и последующий корректный LC остаются в результатах.","False","Pending"
"tests/modTestWorkbookInterface.bas","modTestWorkbookInterface","4371","Private","Sub","TestAudit03ReaderTinyUnits","2","Один tiny физический вектор не исчезает при смене N/N*mm на kN/kN*m. Переполнение единичного пересчета остается ошибочной строкой, следующая читается.","False","Pending"
"tests/modTestWorkbookInterface.bas","modTestWorkbookInterface","4419","Public","Function","RunAudit03InputContractTests","3","========================== ДЛЯ ТЕСТОВ ========================== Проверяет неверный ввод через реальные Range и публичные reader/build API. Метод не изменяет пользовательские Config-ячейки и возвращает отдельный отчет.","False","Pending"
"tests/modTestWorkbookInterface.bas","modTestWorkbookInterface","4428","Private","Sub","TestAudit03InputContracts","2","Различает недопустимую структуру, значение и размер сетки. Все ветви должны давать адресную ошибку ввода, а не runtime 6/9/13/91 или скрытый default.","False","Pending"
"tests/modTestWorkbookInterface.bas","modTestWorkbookInterface","4494","Private","Sub","Audit03AssertInputError","2","Проверяет точный контракт публичного API; описание ошибки сохраняется в логе для содержательной ревизии. Перехват относится только к ожидаемому test input.","False","Pending"
"tests/modTestWorkbookInterface.bas","modTestWorkbookInterface","4505","Private","Function","Audit03CaptureInputError","2","Запускает отдельную неверную операцию без маскировки ошибок следующего теста. Сетка с непредставимым числом ячеек должна отказать до выделения массива/цикла.","False","Pending"
