"Id","Block","Address","Role","UserUnits","FinalMinimumCoverage","AcceptanceScope","TestId","DirectedEvidence","LatestDirectedEvidence","CurrentReview"
"General.ExecutionReportEnabled","rngSystemSettings","Config!B5","UserInput","-","VerifiedEditableBehavior","Минимум K02: активный effect/invalid/inactive и перечисленные технические границы; не exhaustive Double.","modTestConfiguration.RunAudit03GeneralRunConfigTests + modTestWorkbookInterface.RunAudit02ReportDiagnostic","docs/regression/Audit03/general_run_positive_v238.log; docs/regression/Audit03/general_run_workbook_report_v238.log","","docs/NDM_Audit03_Final_Config_Review.md"
"General.NonCriticalMessagesEnabled","rngSystemSettings","Config!B6","UserInput","-","VerifiedEditableBehavior","Минимум K02: активный effect/invalid/inactive и перечисленные технические границы; не exhaustive Double.","modTestConfiguration.RunAudit03GeneralRunConfigTests + modTestWorkbookInterface.RunAudit02ReportDiagnostic","docs/regression/Audit03/general_run_positive_v238.log; docs/regression/Audit03/general_run_workbook_report_v238.log","","docs/NDM_Audit03_Final_Config_Review.md"
"General.WorstCombinationCriterion","rngSystemSettings","Config!B7","UserInput","-","VerifiedEditableBehavior","Минимум K02: активный effect/invalid/inactive и перечисленные технические границы; не exhaustive Double.","modTestBatchCalculation.TestAudit03WorstCriterionConfig","docs/regression/Audit03/worst_criterion_positive_v71_2026-10-02.txt; docs/regression/Audit03/config_units_full_off_v71_2026-10-02.txt; docs/regression/Audit03/config_units_full_on_v71_2026-10-02.txt","docs/regression/Audit03/worst_address_positive_v322_2026-10-05.txt","docs/NDM_Audit03_Final_Config_Review.md"
"General.DiagramExtension","rngSystemSettings","Config!B8","UserInput","-","VerifiedEditableBehavior","Минимум K02: активный effect/invalid/inactive и перечисленные технические границы; не exhaustive Double.","modTestGeneralGeometryConfig.RunAudit03GeneralGeometryConfigTests + modTestBatchCalculation.RunBatchCalculationTests","docs/regression/Audit03/general_geometry_positive_v264.log; docs/regression/Audit03/general_geometry_geometry_suite_v263.log; docs/regression/Audit03/full_off_autocad_v272_2026-10-04.txt","","docs/NDM_Audit03_Final_Config_Review.md"
"Calculation.ZeroMomentPerDepth","rngSystemSettings","Config!B9","UserInput","tf*m/mm","VerifiedEditableBehavior","Минимум K02: активный effect/invalid/inactive и перечисленные технические границы; не exhaustive Double.","modTestGeneralGeometryConfig.RunAudit03GeneralGeometryConfigTests + modTestBatchCalculation.RunBatchCalculationTests","docs/regression/Audit03/general_geometry_positive_v264.log; docs/regression/Audit03/general_geometry_geometry_suite_v263.log; docs/regression/Audit03/full_off_autocad_v272_2026-10-04.txt","","docs/NDM_Audit03_Final_Config_Review.md"
"Geometry.Source","rngSystemSettings","Config!B12","UserInput","-","VerifiedEditableBehavior","Минимум K02: активный effect/invalid/inactive и перечисленные технические границы; не exhaustive Double.","modTestGeneralGeometryConfig.RunAudit03GeneralGeometryConfigTests + modTestBatchCalculation.RunBatchCalculationTests","docs/regression/Audit03/general_geometry_positive_v264.log; docs/regression/Audit03/general_geometry_geometry_suite_v263.log; docs/regression/Audit03/full_off_autocad_v272_2026-10-04.txt","","docs/NDM_Audit03_Final_Config_Review.md"
"Geometry.Type","rngSystemSettings","Config!B13","UserInput","-","VerifiedEditableBehavior","Минимум K02: активный effect/invalid/inactive и перечисленные технические границы; не exhaustive Double.","modTestGeneralGeometryConfig.RunAudit03GeneralGeometryConfigTests + modTestBatchCalculation.RunBatchCalculationTests","docs/regression/Audit03/general_geometry_positive_v264.log; docs/regression/Audit03/general_geometry_geometry_suite_v263.log; docs/regression/Audit03/full_off_autocad_v272_2026-10-04.txt","","docs/NDM_Audit03_Final_Config_Review.md"
"Mesh.StepX","rngSystemSettings","Config!B14","UserInput","mm","VerifiedEditableBehavior","Минимум K02: активный effect/invalid/inactive и перечисленные технические границы; не exhaustive Double.","modTestGeneralGeometryConfig.RunAudit03GeneralGeometryConfigTests + modTestBatchCalculation.RunBatchCalculationTests","docs/regression/Audit03/general_geometry_positive_v264.log; docs/regression/Audit03/general_geometry_geometry_suite_v263.log; docs/regression/Audit03/full_off_autocad_v272_2026-10-04.txt","","docs/NDM_Audit03_Final_Config_Review.md"
"Mesh.StepY","rngSystemSettings","Config!B15","UserInput","mm","VerifiedEditableBehavior","Минимум K02: активный effect/invalid/inactive и перечисленные технические границы; не exhaustive Double.","modTestGeneralGeometryConfig.RunAudit03GeneralGeometryConfigTests + modTestBatchCalculation.RunBatchCalculationTests","docs/regression/Audit03/general_geometry_positive_v264.log; docs/regression/Audit03/general_geometry_geometry_suite_v263.log; docs/regression/Audit03/full_off_autocad_v272_2026-10-04.txt","","docs/NDM_Audit03_Final_Config_Review.md"
"Mesh.BoundarySubdivisions","rngSystemSettings","Config!B16","UserInput","шт","VerifiedEditableBehavior","Минимум K02: активный effect/invalid/inactive и перечисленные технические границы; не exhaustive Double.","modTestGeneralGeometryConfig.RunAudit03GeneralGeometryConfigTests + modTestBatchCalculation.RunBatchCalculationTests","docs/regression/Audit03/general_geometry_positive_v264.log; docs/regression/Audit03/general_geometry_geometry_suite_v263.log; docs/regression/Audit03/full_off_autocad_v272_2026-10-04.txt","","docs/NDM_Audit03_Final_Config_Review.md"
"Load.ReferenceOffsetX","rngSystemSettings","Config!B17","UserInput","mm","VerifiedEditableBehavior","Минимум K02: активный effect/invalid/inactive и перечисленные технические границы; не exhaustive Double.","modTestGeneralGeometryConfig.RunAudit03GeneralGeometryConfigTests + modTestBatchCalculation.RunBatchCalculationTests","docs/regression/Audit03/general_geometry_positive_v264.log; docs/regression/Audit03/general_geometry_geometry_suite_v263.log; docs/regression/Audit03/full_off_autocad_v272_2026-10-04.txt","","docs/NDM_Audit03_Final_Config_Review.md"
"Load.ReferenceOffsetY","rngSystemSettings","Config!B18","UserInput","mm","VerifiedEditableBehavior","Минимум K02: активный effect/invalid/inactive и перечисленные технические границы; не exhaustive Double.","modTestGeneralGeometryConfig.RunAudit03GeneralGeometryConfigTests + modTestBatchCalculation.RunBatchCalculationTests","docs/regression/Audit03/general_geometry_positive_v264.log; docs/regression/Audit03/general_geometry_geometry_suite_v263.log; docs/regression/Audit03/full_off_autocad_v272_2026-10-04.txt","","docs/NDM_Audit03_Final_Config_Review.md"
"Solver.Method","rngSystemSettings","Config!B22","UserInput","-","VerifiedEditableBehavior","Минимум K02: активный effect/invalid/inactive и перечисленные технические границы; не exhaustive Double.","modTestSectionSolver.TestAudit03SolverSettingEffects","docs/regression/Audit03/solver_effects_units_positive_v50_2026-10-02.txt; docs/regression/Audit03/full_no_v68_2026-10-02.txt; docs/regression/Audit03/full_yes_v68_2026-10-02.txt; docs/regression/Audit03/config_units_full_off_v71_2026-10-02.txt; docs/regression/Audit03/config_units_full_on_v71_2026-10-02.txt","","docs/NDM_Audit03_Final_Config_Review.md"
"Solver.MaxIterations","rngSystemSettings","Config!B23","UserInput","шт","VerifiedEditableBehavior","Минимум K02: активный effect/invalid/inactive и перечисленные технические границы; не exhaustive Double.","modTestSectionSolver.TestAudit03SolverSettingEffects","docs/regression/Audit03/solver_effects_units_positive_v50_2026-10-02.txt; docs/regression/Audit03/full_no_v68_2026-10-02.txt; docs/regression/Audit03/full_yes_v68_2026-10-02.txt; docs/regression/Audit03/config_units_full_off_v71_2026-10-02.txt; docs/regression/Audit03/config_units_full_on_v71_2026-10-02.txt","","docs/NDM_Audit03_Final_Config_Review.md"
"Solver.LoadSteps","rngSystemSettings","Config!B24","UserInput","шт","VerifiedEditableBehavior","Минимум K02: активный effect/invalid/inactive и перечисленные технические границы; не exhaustive Double.","modTestSectionSolver.TestAudit03SolverSettingEffects","docs/regression/Audit03/solver_effects_units_positive_v50_2026-10-02.txt; docs/regression/Audit03/full_no_v68_2026-10-02.txt; docs/regression/Audit03/full_yes_v68_2026-10-02.txt; docs/regression/Audit03/config_units_full_off_v71_2026-10-02.txt; docs/regression/Audit03/config_units_full_on_v71_2026-10-02.txt","","docs/NDM_Audit03_Final_Config_Review.md"
"Solver.ToleranceN","rngSystemSettings","Config!B25","UserInput","tf","VerifiedEditableBehavior","Минимум K02: активный effect/invalid/inactive и перечисленные технические границы; не exhaustive Double.","modTestSectionSolver.TestAudit03SolverSettingEffects","docs/regression/Audit03/solver_effects_units_positive_v50_2026-10-02.txt; docs/regression/Audit03/full_no_v68_2026-10-02.txt; docs/regression/Audit03/full_yes_v68_2026-10-02.txt; docs/regression/Audit03/config_units_full_off_v71_2026-10-02.txt; docs/regression/Audit03/config_units_full_on_v71_2026-10-02.txt","","docs/NDM_Audit03_Final_Config_Review.md"
"Solver.ToleranceMx","rngSystemSettings","Config!B26","UserInput","tf*m","VerifiedEditableBehavior","Минимум K02: активный effect/invalid/inactive и перечисленные технические границы; не exhaustive Double.","modTestSectionSolver.TestAudit03SolverSettingEffects","docs/regression/Audit03/solver_effects_units_positive_v50_2026-10-02.txt; docs/regression/Audit03/full_no_v68_2026-10-02.txt; docs/regression/Audit03/full_yes_v68_2026-10-02.txt; docs/regression/Audit03/config_units_full_off_v71_2026-10-02.txt; docs/regression/Audit03/config_units_full_on_v71_2026-10-02.txt","","docs/NDM_Audit03_Final_Config_Review.md"
"Solver.ToleranceMy","rngSystemSettings","Config!B27","UserInput","tf*m","VerifiedEditableBehavior","Минимум K02: активный effect/invalid/inactive и перечисленные технические границы; не exhaustive Double.","modTestSectionSolver.TestAudit03SolverSettingEffects","docs/regression/Audit03/solver_effects_units_positive_v50_2026-10-02.txt; docs/regression/Audit03/full_no_v68_2026-10-02.txt; docs/regression/Audit03/full_yes_v68_2026-10-02.txt; docs/regression/Audit03/config_units_full_off_v71_2026-10-02.txt; docs/regression/Audit03/config_units_full_on_v71_2026-10-02.txt","","docs/NDM_Audit03_Final_Config_Review.md"
"Solver.LineSearchEnabled","rngSystemSettings","Config!B29","UserInput","-","VerifiedEditableBehavior","Минимум K02: активный effect/invalid/inactive и перечисленные технические границы; не exhaustive Double.","modTestSectionSolver.TestAudit03SolverSettingEffects","docs/regression/Audit03/solver_effects_units_positive_v50_2026-10-02.txt; docs/regression/Audit03/full_no_v68_2026-10-02.txt; docs/regression/Audit03/full_yes_v68_2026-10-02.txt; docs/regression/Audit03/config_units_full_off_v71_2026-10-02.txt; docs/regression/Audit03/config_units_full_on_v71_2026-10-02.txt","","docs/NDM_Audit03_Final_Config_Review.md"
"Solver.DampingInitial","rngSystemSettings","Config!B30","UserInput","-","VerifiedEditableBehavior","Минимум K02: активный effect/invalid/inactive и перечисленные технические границы; не exhaustive Double.","modTestSectionSolver.TestAudit03SolverSettingEffects","docs/regression/Audit03/solver_effects_units_positive_v50_2026-10-02.txt; docs/regression/Audit03/full_no_v68_2026-10-02.txt; docs/regression/Audit03/full_yes_v68_2026-10-02.txt; docs/regression/Audit03/config_units_full_off_v71_2026-10-02.txt; docs/regression/Audit03/config_units_full_on_v71_2026-10-02.txt","","docs/NDM_Audit03_Final_Config_Review.md"
"Solver.MinLineSearchAlpha","rngSystemSettings","Config!B31","UserInput","-","VerifiedEditableBehavior","Минимум K02: активный effect/invalid/inactive и перечисленные технические границы; не exhaustive Double.","modTestSectionSolver.TestAudit03SolverSettingEffects","docs/regression/Audit03/solver_effects_units_positive_v50_2026-10-02.txt; docs/regression/Audit03/full_no_v68_2026-10-02.txt; docs/regression/Audit03/full_yes_v68_2026-10-02.txt; docs/regression/Audit03/config_units_full_off_v71_2026-10-02.txt; docs/regression/Audit03/config_units_full_on_v71_2026-10-02.txt","","docs/NDM_Audit03_Final_Config_Review.md"
"Solver.MaxDeltaEpsilon0","rngSystemSettings","Config!B32","UserInput","-","VerifiedEditableBehavior","Минимум K02: активный effect/invalid/inactive и перечисленные технические границы; не exhaustive Double.","modTestSectionSolver.TestAudit03SolverSettingEffects","docs/regression/Audit03/solver_effects_units_positive_v50_2026-10-02.txt; docs/regression/Audit03/full_no_v68_2026-10-02.txt; docs/regression/Audit03/full_yes_v68_2026-10-02.txt; docs/regression/Audit03/config_units_full_off_v71_2026-10-02.txt; docs/regression/Audit03/config_units_full_on_v71_2026-10-02.txt","","docs/NDM_Audit03_Final_Config_Review.md"
"Solver.MaxDeltaKappa","rngSystemSettings","Config!B33","UserInput","1/mm","VerifiedEditableBehavior","Минимум K02: активный effect/invalid/inactive и перечисленные технические границы; не exhaustive Double.","modTestSectionSolver.TestAudit03SolverSettingEffects","docs/regression/Audit03/solver_effects_units_positive_v50_2026-10-02.txt; docs/regression/Audit03/full_no_v68_2026-10-02.txt; docs/regression/Audit03/full_yes_v68_2026-10-02.txt; docs/regression/Audit03/config_units_full_off_v71_2026-10-02.txt; docs/regression/Audit03/config_units_full_on_v71_2026-10-02.txt","","docs/NDM_Audit03_Final_Config_Review.md"
"Solver.SecantMaxRestarts","rngSystemSettings","Config!B35","UserInput","шт","VerifiedEditableBehavior","Минимум K02: активный effect/invalid/inactive и перечисленные технические границы; не exhaustive Double.","modTestSectionSolver.TestAudit03SolverSettingEffects","docs/regression/Audit03/solver_effects_units_positive_v50_2026-10-02.txt; docs/regression/Audit03/full_no_v68_2026-10-02.txt; docs/regression/Audit03/full_yes_v68_2026-10-02.txt; docs/regression/Audit03/config_units_full_off_v71_2026-10-02.txt; docs/regression/Audit03/config_units_full_on_v71_2026-10-02.txt","","docs/NDM_Audit03_Final_Config_Review.md"
"Solver.SecantMinStepNorm","rngSystemSettings","Config!B36","UserInput","-","VerifiedEditableBehavior","Минимум K02: активный effect/invalid/inactive и перечисленные технические границы; не exhaustive Double.","modTestSectionSolver.TestAudit03SolverSettingEffects","docs/regression/Audit03/solver_effects_units_positive_v50_2026-10-02.txt; docs/regression/Audit03/full_no_v68_2026-10-02.txt; docs/regression/Audit03/full_yes_v68_2026-10-02.txt; docs/regression/Audit03/config_units_full_off_v71_2026-10-02.txt; docs/regression/Audit03/config_units_full_on_v71_2026-10-02.txt","","docs/NDM_Audit03_Final_Config_Review.md"
"Capacity.SolutionStrategy","rngSystemSettings","Config!B40","UserInput","-","VerifiedEditableBehavior","Минимум K02: активный effect/invalid/inactive и перечисленные технические границы; не exhaustive Double.","modTestConfiguration.RunAudit03SearchConfigTests","docs/regression/Audit03/search_config_positive_v103_2026-10-02.txt; docs/regression/Audit03/search_config_full_off_v103_2026-10-02.txt; docs/regression/Audit03/search_config_full_on_v103_2026-10-02.txt","","docs/NDM_Audit03_Final_Config_Review.md"
"Capacity.SolverMaxIterations","rngSystemSettings","Config!B41","UserInput","шт","VerifiedEditableBehavior","Минимум K02: активный effect/invalid/inactive и перечисленные технические границы; не exhaustive Double.","modTestConfiguration.RunAudit03CapacityNumericConfigTests + modTestCapacitySolver.RunCapacitySolverTests","docs/regression/Audit03/capacity_numeric_final_v251.log; docs/regression/Audit03/capacity_numeric_capacity_suite_v250.log","","docs/NDM_Audit03_Final_Config_Review.md"
"Capacity.ToleranceStrain","rngSystemSettings","Config!B43","UserInput","-","VerifiedEditableBehavior","Минимум K02: активный effect/invalid/inactive и перечисленные технические границы; не exhaustive Double.","modTestConfiguration.RunAudit03CapacityNumericConfigTests + modTestCapacitySolver.RunCapacitySolverTests","docs/regression/Audit03/capacity_numeric_final_v251.log; docs/regression/Audit03/capacity_numeric_capacity_suite_v250.log","","docs/NDM_Audit03_Final_Config_Review.md"
"Capacity.MaxLambda","rngSystemSettings","Config!B45","UserInput","-","VerifiedEditableBehavior","Минимум K02: активный effect/invalid/inactive и перечисленные технические границы; не exhaustive Double.","modTestConfiguration.RunAudit03CapacityNumericConfigTests + modTestCapacitySolver.RunCapacitySolverTests","docs/regression/Audit03/capacity_numeric_final_v251.log; docs/regression/Audit03/capacity_numeric_capacity_suite_v250.log","","docs/NDM_Audit03_Final_Config_Review.md"
"Capacity.SearchMethod","rngSystemSettings","Config!B46","UserInput","-","VerifiedEditableBehavior","Минимум K02: активный effect/invalid/inactive и перечисленные технические границы; не exhaustive Double.","modTestConfiguration.RunAudit03SearchConfigTests","docs/regression/Audit03/search_config_positive_v103_2026-10-02.txt; docs/regression/Audit03/search_config_full_off_v103_2026-10-02.txt; docs/regression/Audit03/search_config_full_on_v103_2026-10-02.txt","","docs/NDM_Audit03_Final_Config_Review.md"
"Capacity.InitialLambda","rngSystemSettings","Config!B47","UserInput","-","VerifiedEditableBehavior","Минимум K02: активный effect/invalid/inactive и перечисленные технические границы; не exhaustive Double.","modTestConfiguration.RunAudit03CapacityNumericConfigTests + modTestCapacitySolver.RunCapacitySolverTests","docs/regression/Audit03/capacity_numeric_final_v251.log; docs/regression/Audit03/capacity_numeric_capacity_suite_v250.log","","docs/NDM_Audit03_Final_Config_Review.md"
"Capacity.ToleranceLambda","rngSystemSettings","Config!B48","UserInput","-","VerifiedEditableBehavior","Минимум K02: активный effect/invalid/inactive и перечисленные технические границы; не exhaustive Double.","modTestConfiguration.RunAudit03CapacityNumericConfigTests + modTestCapacitySolver.RunCapacitySolverTests","docs/regression/Audit03/capacity_numeric_final_v251.log; docs/regression/Audit03/capacity_numeric_capacity_suite_v250.log","","docs/NDM_Audit03_Final_Config_Review.md"
"Capacity.MaxRetries","rngSystemSettings","Config!B49","UserInput","шт","VerifiedEditableBehavior","Минимум K02: активный effect/invalid/inactive и перечисленные технические границы; не exhaustive Double.","modTestConfiguration.RunAudit03CapacityNumericConfigTests + modTestCapacitySolver.RunCapacitySolverTests","docs/regression/Audit03/capacity_numeric_final_v251.log; docs/regression/Audit03/capacity_numeric_capacity_suite_v250.log","","docs/NDM_Audit03_Final_Config_Review.md"
"Capacity.BaseLoadSteps","rngSystemSettings","Config!B50","UserInput","шт","VerifiedEditableBehavior","Минимум K02: активный effect/invalid/inactive и перечисленные технические границы; не exhaustive Double.","modTestConfiguration.RunAudit03CapacityNumericConfigTests + modTestCapacitySolver.RunCapacitySolverTests","docs/regression/Audit03/capacity_numeric_final_v251.log; docs/regression/Audit03/capacity_numeric_capacity_suite_v250.log","","docs/NDM_Audit03_Final_Config_Review.md"
"Stability.Code","rngSystemSettings","Config!B54","UserInput","-","VerifiedEditableBehavior","Минимум K02: активный effect/invalid/inactive и перечисленные технические границы; не exhaustive Double.","modTestConfiguration.RunAudit03StabilityConfigTests + modTestBatchCalculation.RunBatchCalculationTests","docs/regression/Audit03/stability_config_positive_v255.log; docs/regression/Audit03/stability_config_batch_v257.log","","docs/NDM_Audit03_Final_Config_Review.md"
"Stability.ElementLength","rngSystemSettings","Config!B55","UserInput","mm","VerifiedEditableBehavior","Минимум K02: активный effect/invalid/inactive и перечисленные технические границы; не exhaustive Double.","modTestConfiguration.RunAudit03StabilityConfigTests + modTestBatchCalculation.RunBatchCalculationTests","docs/regression/Audit03/stability_config_positive_v255.log; docs/regression/Audit03/stability_config_batch_v257.log","docs/regression/Audit03/stability_config_final_v328_2026-10-05.txt; docs/regression/Audit03/stability_range_positive_off_v328_2026-10-05.txt; docs/regression/Audit03/stability_range_positive_on_v328_2026-10-05.txt","docs/NDM_Audit03_Final_Config_Review.md"
"Stability.Mu1","rngSystemSettings","Config!B56","UserInput","-","VerifiedEditableBehavior","Минимум K02: активный effect/invalid/inactive и перечисленные технические границы; не exhaustive Double.","modTestConfiguration.RunAudit03StabilityConfigTests + modTestBatchCalculation.RunBatchCalculationTests","docs/regression/Audit03/stability_config_positive_v255.log; docs/regression/Audit03/stability_config_batch_v257.log","docs/regression/Audit03/stability_config_final_v328_2026-10-05.txt; docs/regression/Audit03/stability_range_positive_off_v328_2026-10-05.txt; docs/regression/Audit03/stability_range_positive_on_v328_2026-10-05.txt","docs/NDM_Audit03_Final_Config_Review.md"
"Stability.Mu2","rngSystemSettings","Config!B57","UserInput","-","VerifiedEditableBehavior","Минимум K02: активный effect/invalid/inactive и перечисленные технические границы; не exhaustive Double.","modTestConfiguration.RunAudit03StabilityConfigTests + modTestBatchCalculation.RunBatchCalculationTests","docs/regression/Audit03/stability_config_positive_v255.log; docs/regression/Audit03/stability_config_batch_v257.log","docs/regression/Audit03/stability_config_final_v328_2026-10-05.txt; docs/regression/Audit03/stability_range_positive_off_v328_2026-10-05.txt; docs/regression/Audit03/stability_range_positive_on_v328_2026-10-05.txt","docs/NDM_Audit03_Final_Config_Review.md"
"Stability.SystemType","rngSystemSettings","Config!B58","UserInput","-","VerifiedEditableBehavior","Минимум K02: активный effect/invalid/inactive и перечисленные технические границы; не exhaustive Double.","modTestConfiguration.RunAudit03StabilityConfigTests + modTestBatchCalculation.RunBatchCalculationTests","docs/regression/Audit03/stability_config_positive_v255.log; docs/regression/Audit03/stability_config_batch_v257.log","","docs/NDM_Audit03_Final_Config_Review.md"
"Stability.ZeroMomentEccentricitySign1","rngSystemSettings","Config!B59","UserInput","-","VerifiedEditableBehavior","Минимум K02: активный effect/invalid/inactive и перечисленные технические границы; не exhaustive Double.","modTestConfiguration.RunAudit03StabilityConfigTests + modTestBatchCalculation.RunBatchCalculationTests","docs/regression/Audit03/stability_config_positive_v255.log; docs/regression/Audit03/stability_config_batch_v257.log","","docs/NDM_Audit03_Final_Config_Review.md"
"Stability.ZeroMomentEccentricitySign2","rngSystemSettings","Config!B60","UserInput","-","VerifiedEditableBehavior","Минимум K02: активный effect/invalid/inactive и перечисленные технические границы; не exhaustive Double.","modTestConfiguration.RunAudit03StabilityConfigTests + modTestBatchCalculation.RunBatchCalculationTests","docs/regression/Audit03/stability_config_positive_v255.log; docs/regression/Audit03/stability_config_batch_v257.log","","docs/NDM_Audit03_Final_Config_Review.md"
"Stability.AccidentalEccentricityMode","rngSystemSettings","Config!B61","UserInput","-","VerifiedEditableBehavior","Минимум K02: активный effect/invalid/inactive и перечисленные технические границы; не exhaustive Double.","modTestConfiguration.RunAudit03StabilityConfigTests + modTestBatchCalculation.RunBatchCalculationTests","docs/regression/Audit03/stability_config_positive_v255.log; docs/regression/Audit03/stability_config_batch_v257.log","","docs/NDM_Audit03_Final_Config_Review.md"
"Stability.AccidentalEccentricityUser1","rngSystemSettings","Config!B62","UserInput","mm","VerifiedEditableBehavior","Минимум K02: активный effect/invalid/inactive и перечисленные технические границы; не exhaustive Double.","modTestConfiguration.RunAudit03StabilityConfigTests + modTestBatchCalculation.RunBatchCalculationTests","docs/regression/Audit03/stability_config_positive_v255.log; docs/regression/Audit03/stability_config_batch_v257.log","","docs/NDM_Audit03_Final_Config_Review.md"
"Stability.AccidentalEccentricityUser2","rngSystemSettings","Config!B63","UserInput","mm","VerifiedEditableBehavior","Минимум K02: активный effect/invalid/inactive и перечисленные технические границы; не exhaustive Double.","modTestConfiguration.RunAudit03StabilityConfigTests + modTestBatchCalculation.RunBatchCalculationTests","docs/regression/Audit03/stability_config_positive_v255.log; docs/regression/Audit03/stability_config_batch_v257.log","","docs/NDM_Audit03_Final_Config_Review.md"
"Stability.AccidentalEccentricityPlanes","rngSystemSettings","Config!B64","UserInput","-","VerifiedEditableBehavior","Минимум K02: активный effect/invalid/inactive и перечисленные технические границы; не exhaustive Double.","modTestConfiguration.RunAudit03StabilityConfigTests + modTestBatchCalculation.RunBatchCalculationTests","docs/regression/Audit03/stability_config_positive_v255.log; docs/regression/Audit03/stability_config_batch_v257.log","","docs/NDM_Audit03_Final_Config_Review.md"
"Stability.PhiLMode","rngSystemSettings","Config!B65","UserInput","-","VerifiedEditableBehavior","Минимум K02: активный effect/invalid/inactive и перечисленные технические границы; не exhaustive Double.","modTestConfiguration.RunAudit03StabilityConfigTests + modTestBatchCalculation.RunBatchCalculationTests","docs/regression/Audit03/stability_config_positive_v255.log; docs/regression/Audit03/stability_config_batch_v257.log","","docs/NDM_Audit03_Final_Config_Review.md"
"Stability.SP63.Ks","rngSystemSettings","Config!B67","UserInput","-","VerifiedEditableBehavior","Минимум K02: активный effect/invalid/inactive и перечисленные технические границы; не exhaustive Double.","modTestConfiguration.RunAudit03StabilityConfigTests + modTestBatchCalculation.RunBatchCalculationTests","docs/regression/Audit03/stability_config_positive_v255.log; docs/regression/Audit03/stability_config_batch_v257.log","","docs/NDM_Audit03_Final_Config_Review.md"
"Stability.SP63.DeltaEMin","rngSystemSettings","Config!B68","UserInput","-","VerifiedEditableBehavior","Минимум K02: активный effect/invalid/inactive и перечисленные технические границы; не exhaustive Double.","modTestConfiguration.RunAudit03StabilityConfigTests + modTestBatchCalculation.RunBatchCalculationTests","docs/regression/Audit03/stability_config_positive_v255.log; docs/regression/Audit03/stability_config_batch_v257.log","","docs/NDM_Audit03_Final_Config_Review.md"
"Stability.SP63.DeltaEMax","rngSystemSettings","Config!B69","UserInput","-","VerifiedEditableBehavior","Минимум K02: активный effect/invalid/inactive и перечисленные технические границы; не exhaustive Double.","modTestConfiguration.RunAudit03StabilityConfigTests + modTestBatchCalculation.RunBatchCalculationTests","docs/regression/Audit03/stability_config_positive_v255.log; docs/regression/Audit03/stability_config_batch_v257.log","","docs/NDM_Audit03_Final_Config_Review.md"
"Stability.SP35.PhiP","rngSystemSettings","Config!B71","UserInput","-","VerifiedEditableBehavior","Минимум K02: активный effect/invalid/inactive и перечисленные технические границы; не exhaustive Double.","modTestConfiguration.RunAudit03StabilityConfigTests + modTestBatchCalculation.RunBatchCalculationTests","docs/regression/Audit03/stability_config_positive_v255.log; docs/regression/Audit03/stability_config_batch_v257.log","","docs/NDM_Audit03_Final_Config_Review.md"
"Stability.SP35.NOverNcrLimit","rngSystemSettings","Config!B72","UserInput","-","VerifiedEditableBehavior","Минимум K02: активный effect/invalid/inactive и перечисленные технические границы; не exhaustive Double.","modTestConfiguration.RunAudit03StabilityConfigTests + modTestBatchCalculation.RunBatchCalculationTests","docs/regression/Audit03/stability_config_positive_v255.log; docs/regression/Audit03/stability_config_batch_v257.log","","docs/NDM_Audit03_Final_Config_Review.md"
"SLS.Crack.Allowable","rngSystemSettings","Config!B75","UserInput","mm","VerifiedEditableBehavior","Минимум K02: активный effect/invalid/inactive и перечисленные технические границы; не exhaustive Double.","modTestBatchCalculation.TestAudit03CrackConfigBehavior","docs/regression/Audit03/crack_config_positive_v95_2026-10-02.txt; docs/regression/Audit03/crack_config_full_off_v95_2026-10-02.txt; docs/regression/Audit03/crack_config_full_on_v95_2026-10-02.txt","","docs/NDM_Audit03_Final_Config_Review.md"
"SLS.Crack.InitiationSolutionStrategy","rngSystemSettings","Config!B76","UserInput","-","VerifiedEditableBehavior","Минимум K02: активный effect/invalid/inactive и перечисленные технические границы; не exhaustive Double.","modTestConfiguration.RunAudit03SearchConfigTests","docs/regression/Audit03/search_config_positive_v103_2026-10-02.txt; docs/regression/Audit03/search_config_full_off_v103_2026-10-02.txt; docs/regression/Audit03/search_config_full_on_v103_2026-10-02.txt","","docs/NDM_Audit03_Final_Config_Review.md"
"SLS.Crack.TensionZoneMode","rngSystemSettings","Config!B77","UserInput","-","VerifiedEditableBehavior","Минимум K02: активный effect/invalid/inactive и перечисленные технические границы; не exhaustive Double.","modTestBatchCalculation.TestAudit03CrackConfigBehavior","docs/regression/Audit03/crack_config_positive_v95_2026-10-02.txt; docs/regression/Audit03/crack_config_full_off_v95_2026-10-02.txt; docs/regression/Audit03/crack_config_full_on_v95_2026-10-02.txt","","docs/NDM_Audit03_Final_Config_Review.md"
"SLS.Crack.CoverDistanceMode","rngSystemSettings","Config!B78","UserInput","-","VerifiedEditableBehavior","Минимум K02: активный effect/invalid/inactive и перечисленные технические границы; не exhaustive Double.","modTestBatchCalculation.TestAudit03CrackConfigBehavior","docs/regression/Audit03/crack_config_positive_v95_2026-10-02.txt; docs/regression/Audit03/crack_config_full_off_v95_2026-10-02.txt; docs/regression/Audit03/crack_config_full_on_v95_2026-10-02.txt","","docs/NDM_Audit03_Final_Config_Review.md"
"SLS.Crack.Phi1","rngSystemSettings","Config!B79","UserInput","-","VerifiedEditableBehavior","Минимум K02: активный effect/invalid/inactive и перечисленные технические границы; не exhaustive Double.","modTestBatchCalculation.TestAudit03CrackConfigBehavior","docs/regression/Audit03/crack_config_positive_v95_2026-10-02.txt; docs/regression/Audit03/crack_config_full_off_v95_2026-10-02.txt; docs/regression/Audit03/crack_config_full_on_v95_2026-10-02.txt","","docs/NDM_Audit03_Final_Config_Review.md"
"SLS.Crack.Phi2","rngSystemSettings","Config!B80","UserInput","-","VerifiedEditableBehavior","Минимум K02: активный effect/invalid/inactive и перечисленные технические границы; не exhaustive Double.","modTestBatchCalculation.TestAudit03CrackConfigBehavior","docs/regression/Audit03/crack_config_positive_v95_2026-10-02.txt; docs/regression/Audit03/crack_config_full_off_v95_2026-10-02.txt; docs/regression/Audit03/crack_config_full_on_v95_2026-10-02.txt","","docs/NDM_Audit03_Final_Config_Review.md"
"SLS.Crack.Phi3Mode","rngSystemSettings","Config!B81","UserInput","-","VerifiedEditableBehavior","Минимум K02: активный effect/invalid/inactive и перечисленные технические границы; не exhaustive Double.","modTestBatchCalculation.TestAudit03CrackConfigBehavior","docs/regression/Audit03/crack_config_positive_v95_2026-10-02.txt; docs/regression/Audit03/crack_config_full_off_v95_2026-10-02.txt; docs/regression/Audit03/crack_config_full_on_v95_2026-10-02.txt","","docs/NDM_Audit03_Final_Config_Review.md"
"SLS.Crack.Phi3","rngSystemSettings","Config!B82","UserInput","-","VerifiedEditableBehavior","Минимум K02: активный effect/invalid/inactive и перечисленные технические границы; не exhaustive Double.","modTestBatchCalculation.TestAudit03CrackConfigBehavior","docs/regression/Audit03/crack_config_positive_v95_2026-10-02.txt; docs/regression/Audit03/crack_config_full_off_v95_2026-10-02.txt; docs/regression/Audit03/crack_config_full_on_v95_2026-10-02.txt","","docs/NDM_Audit03_Final_Config_Review.md"
"SLS.Crack.PsiMode","rngSystemSettings","Config!B83","UserInput","-","VerifiedEditableBehavior","Минимум K02: активный effect/invalid/inactive и перечисленные технические границы; не exhaustive Double.","modTestBatchCalculation.TestAudit03CrackConfigBehavior","docs/regression/Audit03/crack_config_positive_v95_2026-10-02.txt; docs/regression/Audit03/crack_config_full_off_v95_2026-10-02.txt; docs/regression/Audit03/crack_config_full_on_v95_2026-10-02.txt","","docs/NDM_Audit03_Final_Config_Review.md"
"SLS.Crack.SigmaSCrcAveragingMode","rngSystemSettings","Config!B84","UserInput","-","VerifiedEditableBehavior","Минимум K02: активный effect/invalid/inactive и перечисленные технические границы; не exhaustive Double.","modTestBatchCalculation.TestAudit03CrackConfigBehavior","docs/regression/Audit03/crack_config_positive_v95_2026-10-02.txt; docs/regression/Audit03/crack_config_full_off_v95_2026-10-02.txt; docs/regression/Audit03/crack_config_full_on_v95_2026-10-02.txt","","docs/NDM_Audit03_Final_Config_Review.md"
"SLS.Crack.PsiS","rngSystemSettings","Config!B85","UserInput","-","VerifiedEditableBehavior","Минимум K02: активный effect/invalid/inactive и перечисленные технические границы; не exhaustive Double.","modTestBatchCalculation.TestAudit03CrackConfigBehavior","docs/regression/Audit03/crack_config_positive_v95_2026-10-02.txt; docs/regression/Audit03/crack_config_full_off_v95_2026-10-02.txt; docs/regression/Audit03/crack_config_full_on_v95_2026-10-02.txt","","docs/NDM_Audit03_Final_Config_Review.md"
"AutoCAD.Export.CombinationID","rngSystemSettings","Config!B88","UserInput","-","VerifiedEditableBehavior","Минимум K02: активный effect/invalid/inactive и перечисленные технические границы; не exhaustive Double.","modTestAutoCADConfig.RunAudit03AutoCADConfigTests + RunAudit03RealAutoCADTests + modTestWorkbookInterface.RunWorkbookInterfaceTests","docs/regression/Audit03/autocad_shapes_config_v284_2026-10-04.log; docs/regression/Audit03/autocad_real_shapes_final_v284_2026-10-04.log; docs/regression/Audit03/full_off_clean_controls_v300_2026-10-05.txt; docs/regression/Audit03/full_on_clean_controls_v300_2026-10-05.txt","","docs/NDM_Audit03_Final_Config_Review.md"
"AutoCAD.Export.NeutralLineEnabled","rngSystemSettings","Config!B89","UserInput","-","VerifiedEditableBehavior","Минимум K02: активный effect/invalid/inactive и перечисленные технические границы; не exhaustive Double.","modTestAutoCADConfig.RunAudit03AutoCADConfigTests + RunAudit03RealAutoCADTests + modTestWorkbookInterface.RunWorkbookInterfaceTests","docs/regression/Audit03/autocad_shapes_config_v284_2026-10-04.log; docs/regression/Audit03/autocad_real_shapes_final_v284_2026-10-04.log; docs/regression/Audit03/full_off_clean_controls_v300_2026-10-05.txt; docs/regression/Audit03/full_on_clean_controls_v300_2026-10-05.txt","","docs/NDM_Audit03_Final_Config_Review.md"
"AutoCAD.Export.PrincipalAxesMode","rngSystemSettings","Config!B90","UserInput","-","VerifiedEditableBehavior","Минимум K02: активный effect/invalid/inactive и перечисленные технические границы; не exhaustive Double.","modTestAutoCADConfig.RunAudit03AutoCADConfigTests + RunAudit03RealAutoCADTests + modTestWorkbookInterface.RunWorkbookInterfaceTests","docs/regression/Audit03/autocad_shapes_config_v284_2026-10-04.log; docs/regression/Audit03/autocad_real_shapes_final_v284_2026-10-04.log; docs/regression/Audit03/full_off_clean_controls_v300_2026-10-05.txt; docs/regression/Audit03/full_on_clean_controls_v300_2026-10-05.txt","","docs/NDM_Audit03_Final_Config_Review.md"
"AutoCAD.Export.LoadPointEnabled","rngSystemSettings","Config!B91","UserInput","-","VerifiedEditableBehavior","Минимум K02: активный effect/invalid/inactive и перечисленные технические границы; не exhaustive Double.","modTestAutoCADConfig.RunAudit03AutoCADConfigTests + RunAudit03RealAutoCADTests + modTestWorkbookInterface.RunWorkbookInterfaceTests","docs/regression/Audit03/autocad_shapes_config_v284_2026-10-04.log; docs/regression/Audit03/autocad_real_shapes_final_v284_2026-10-04.log; docs/regression/Audit03/full_off_clean_controls_v300_2026-10-05.txt; docs/regression/Audit03/full_on_clean_controls_v300_2026-10-05.txt","","docs/NDM_Audit03_Final_Config_Review.md"
"AutoCAD.Export.ContourEnabled","rngSystemSettings","Config!B92","UserInput","-","VerifiedEditableBehavior","Минимум K02: активный effect/invalid/inactive и перечисленные технические границы; не exhaustive Double.","modTestAutoCADConfig.RunAudit03AutoCADConfigTests + RunAudit03RealAutoCADTests + modTestWorkbookInterface.RunWorkbookInterfaceTests","docs/regression/Audit03/autocad_shapes_config_v284_2026-10-04.log; docs/regression/Audit03/autocad_real_shapes_final_v284_2026-10-04.log; docs/regression/Audit03/full_off_clean_controls_v300_2026-10-05.txt; docs/regression/Audit03/full_on_clean_controls_v300_2026-10-05.txt","","docs/NDM_Audit03_Final_Config_Review.md"
"AutoCAD.Export.LabelMode","rngSystemSettings","Config!B93","UserInput","-","VerifiedEditableBehavior","Минимум K02: активный effect/invalid/inactive и перечисленные технические границы; не exhaustive Double.","modTestAutoCADConfig.RunAudit03AutoCADConfigTests + RunAudit03RealAutoCADTests + modTestWorkbookInterface.RunWorkbookInterfaceTests","docs/regression/Audit03/autocad_shapes_config_v284_2026-10-04.log; docs/regression/Audit03/autocad_real_shapes_final_v284_2026-10-04.log; docs/regression/Audit03/full_off_clean_controls_v300_2026-10-05.txt; docs/regression/Audit03/full_on_clean_controls_v300_2026-10-05.txt","","docs/NDM_Audit03_Final_Config_Review.md"
"AutoCAD.Layer.Concrete","rngSystemSettings","Config!B94","UserInput","-","VerifiedEditableBehavior","Минимум K02: активный effect/invalid/inactive и перечисленные технические границы; не exhaustive Double.","modTestAutoCADConfig.RunAudit03AutoCADConfigTests + RunAudit03RealAutoCADTests + modTestWorkbookInterface.RunWorkbookInterfaceTests","docs/regression/Audit03/autocad_shapes_config_v284_2026-10-04.log; docs/regression/Audit03/autocad_real_shapes_final_v284_2026-10-04.log; docs/regression/Audit03/full_off_clean_controls_v300_2026-10-05.txt; docs/regression/Audit03/full_on_clean_controls_v300_2026-10-05.txt","","docs/NDM_Audit03_Final_Config_Review.md"
"AutoCAD.Layer.Rebar","rngSystemSettings","Config!B95","UserInput","-","VerifiedEditableBehavior","Минимум K02: активный effect/invalid/inactive и перечисленные технические границы; не exhaustive Double.","modTestAutoCADConfig.RunAudit03AutoCADConfigTests + RunAudit03RealAutoCADTests + modTestWorkbookInterface.RunWorkbookInterfaceTests","docs/regression/Audit03/autocad_shapes_config_v284_2026-10-04.log; docs/regression/Audit03/autocad_real_shapes_final_v284_2026-10-04.log; docs/regression/Audit03/full_off_clean_controls_v300_2026-10-05.txt; docs/regression/Audit03/full_on_clean_controls_v300_2026-10-05.txt","","docs/NDM_Audit03_Final_Config_Review.md"
"AutoCAD.Layer.Contour","rngSystemSettings","Config!B96","UserInput","-","VerifiedEditableBehavior","Минимум K02: активный effect/invalid/inactive и перечисленные технические границы; не exhaustive Double.","modTestAutoCADConfig.RunAudit03AutoCADConfigTests + RunAudit03RealAutoCADTests + modTestWorkbookInterface.RunWorkbookInterfaceTests","docs/regression/Audit03/autocad_shapes_config_v284_2026-10-04.log; docs/regression/Audit03/autocad_real_shapes_final_v284_2026-10-04.log; docs/regression/Audit03/full_off_clean_controls_v300_2026-10-05.txt; docs/regression/Audit03/full_on_clean_controls_v300_2026-10-05.txt","","docs/NDM_Audit03_Final_Config_Review.md"
"AutoCAD.Layer.ConcreteTension","rngSystemSettings","Config!B97","UserInput","-","VerifiedEditableBehavior","Минимум K02: активный effect/invalid/inactive и перечисленные технические границы; не exhaustive Double.","modTestAutoCADConfig.RunAudit03AutoCADConfigTests + RunAudit03RealAutoCADTests + modTestWorkbookInterface.RunWorkbookInterfaceTests","docs/regression/Audit03/autocad_shapes_config_v284_2026-10-04.log; docs/regression/Audit03/autocad_real_shapes_final_v284_2026-10-04.log; docs/regression/Audit03/full_off_clean_controls_v300_2026-10-05.txt; docs/regression/Audit03/full_on_clean_controls_v300_2026-10-05.txt","","docs/NDM_Audit03_Final_Config_Review.md"
"AutoCAD.Layer.ConcreteCompression","rngSystemSettings","Config!B98","UserInput","-","VerifiedEditableBehavior","Минимум K02: активный effect/invalid/inactive и перечисленные технические границы; не exhaustive Double.","modTestAutoCADConfig.RunAudit03AutoCADConfigTests + RunAudit03RealAutoCADTests + modTestWorkbookInterface.RunWorkbookInterfaceTests","docs/regression/Audit03/autocad_shapes_config_v284_2026-10-04.log; docs/regression/Audit03/autocad_real_shapes_final_v284_2026-10-04.log; docs/regression/Audit03/full_off_clean_controls_v300_2026-10-05.txt; docs/regression/Audit03/full_on_clean_controls_v300_2026-10-05.txt","","docs/NDM_Audit03_Final_Config_Review.md"
"AutoCAD.Layer.RebarTension","rngSystemSettings","Config!B99","UserInput","-","VerifiedEditableBehavior","Минимум K02: активный effect/invalid/inactive и перечисленные технические границы; не exhaustive Double.","modTestAutoCADConfig.RunAudit03AutoCADConfigTests + RunAudit03RealAutoCADTests + modTestWorkbookInterface.RunWorkbookInterfaceTests","docs/regression/Audit03/autocad_shapes_config_v284_2026-10-04.log; docs/regression/Audit03/autocad_real_shapes_final_v284_2026-10-04.log; docs/regression/Audit03/full_off_clean_controls_v300_2026-10-05.txt; docs/regression/Audit03/full_on_clean_controls_v300_2026-10-05.txt","","docs/NDM_Audit03_Final_Config_Review.md"
"AutoCAD.Layer.RebarCompression","rngSystemSettings","Config!B100","UserInput","-","VerifiedEditableBehavior","Минимум K02: активный effect/invalid/inactive и перечисленные технические границы; не exhaustive Double.","modTestAutoCADConfig.RunAudit03AutoCADConfigTests + RunAudit03RealAutoCADTests + modTestWorkbookInterface.RunWorkbookInterfaceTests","docs/regression/Audit03/autocad_shapes_config_v284_2026-10-04.log; docs/regression/Audit03/autocad_real_shapes_final_v284_2026-10-04.log; docs/regression/Audit03/full_off_clean_controls_v300_2026-10-05.txt; docs/regression/Audit03/full_on_clean_controls_v300_2026-10-05.txt","","docs/NDM_Audit03_Final_Config_Review.md"
"AutoCAD.Color.ConcreteTension","rngSystemSettings","Config!B101","UserInput","ColorIndex","VerifiedEditableBehavior","Минимум K02: активный effect/invalid/inactive и перечисленные технические границы; не exhaustive Double.","modTestAutoCADConfig.RunAudit03AutoCADConfigTests + RunAudit03RealAutoCADTests + modTestWorkbookInterface.RunWorkbookInterfaceTests","docs/regression/Audit03/autocad_shapes_config_v284_2026-10-04.log; docs/regression/Audit03/autocad_real_shapes_final_v284_2026-10-04.log; docs/regression/Audit03/full_off_clean_controls_v300_2026-10-05.txt; docs/regression/Audit03/full_on_clean_controls_v300_2026-10-05.txt","","docs/NDM_Audit03_Final_Config_Review.md"
"AutoCAD.Color.ConcreteCompression","rngSystemSettings","Config!B102","UserInput","ColorIndex","VerifiedEditableBehavior","Минимум K02: активный effect/invalid/inactive и перечисленные технические границы; не exhaustive Double.","modTestAutoCADConfig.RunAudit03AutoCADConfigTests + RunAudit03RealAutoCADTests + modTestWorkbookInterface.RunWorkbookInterfaceTests","docs/regression/Audit03/autocad_shapes_config_v284_2026-10-04.log; docs/regression/Audit03/autocad_real_shapes_final_v284_2026-10-04.log; docs/regression/Audit03/full_off_clean_controls_v300_2026-10-05.txt; docs/regression/Audit03/full_on_clean_controls_v300_2026-10-05.txt","","docs/NDM_Audit03_Final_Config_Review.md"
"AutoCAD.Color.RebarTension","rngSystemSettings","Config!B103","UserInput","ColorIndex","VerifiedEditableBehavior","Минимум K02: активный effect/invalid/inactive и перечисленные технические границы; не exhaustive Double.","modTestAutoCADConfig.RunAudit03AutoCADConfigTests + RunAudit03RealAutoCADTests + modTestWorkbookInterface.RunWorkbookInterfaceTests","docs/regression/Audit03/autocad_shapes_config_v284_2026-10-04.log; docs/regression/Audit03/autocad_real_shapes_final_v284_2026-10-04.log; docs/regression/Audit03/full_off_clean_controls_v300_2026-10-05.txt; docs/regression/Audit03/full_on_clean_controls_v300_2026-10-05.txt","","docs/NDM_Audit03_Final_Config_Review.md"
"AutoCAD.Color.RebarCompression","rngSystemSettings","Config!B104","UserInput","ColorIndex","VerifiedEditableBehavior","Минимум K02: активный effect/invalid/inactive и перечисленные технические границы; не exhaustive Double.","modTestAutoCADConfig.RunAudit03AutoCADConfigTests + RunAudit03RealAutoCADTests + modTestWorkbookInterface.RunWorkbookInterfaceTests","docs/regression/Audit03/autocad_shapes_config_v284_2026-10-04.log; docs/regression/Audit03/autocad_real_shapes_final_v284_2026-10-04.log; docs/regression/Audit03/full_off_clean_controls_v300_2026-10-05.txt; docs/regression/Audit03/full_on_clean_controls_v300_2026-10-05.txt","","docs/NDM_Audit03_Final_Config_Review.md"
"AutoCAD.Color.Neutral","rngSystemSettings","Config!B105","UserInput","ColorIndex","VerifiedEditableBehavior","Минимум K02: активный effect/invalid/inactive и перечисленные технические границы; не exhaustive Double.","modTestAutoCADConfig.RunAudit03AutoCADConfigTests + RunAudit03RealAutoCADTests + modTestWorkbookInterface.RunWorkbookInterfaceTests","docs/regression/Audit03/autocad_shapes_config_v284_2026-10-04.log; docs/regression/Audit03/autocad_real_shapes_final_v284_2026-10-04.log; docs/regression/Audit03/full_off_clean_controls_v300_2026-10-05.txt; docs/regression/Audit03/full_on_clean_controls_v300_2026-10-05.txt","","docs/NDM_Audit03_Final_Config_Review.md"
"AutoCAD.Import.ConcreteLayer","rngSystemSettings","Config!B108","UserInput","-","VerifiedEditableBehavior","Минимум K02: активный effect/invalid/inactive и перечисленные технические границы; не exhaustive Double.","modTestAutoCADConfig.RunAudit03AutoCADConfigTests + RunAudit03RealAutoCADTests + modTestWorkbookInterface.RunWorkbookInterfaceTests","docs/regression/Audit03/autocad_shapes_config_v284_2026-10-04.log; docs/regression/Audit03/autocad_real_shapes_final_v284_2026-10-04.log; docs/regression/Audit03/full_off_clean_controls_v300_2026-10-05.txt; docs/regression/Audit03/full_on_clean_controls_v300_2026-10-05.txt","","docs/NDM_Audit03_Final_Config_Review.md"
"AutoCAD.Import.RebarLayer","rngSystemSettings","Config!B109","UserInput","-","VerifiedEditableBehavior","Минимум K02: активный effect/invalid/inactive и перечисленные технические границы; не exhaustive Double.","modTestAutoCADConfig.RunAudit03AutoCADConfigTests + RunAudit03RealAutoCADTests + modTestWorkbookInterface.RunWorkbookInterfaceTests","docs/regression/Audit03/autocad_shapes_config_v284_2026-10-04.log; docs/regression/Audit03/autocad_real_shapes_final_v284_2026-10-04.log; docs/regression/Audit03/full_off_clean_controls_v300_2026-10-05.txt; docs/regression/Audit03/full_on_clean_controls_v300_2026-10-05.txt","","docs/NDM_Audit03_Final_Config_Review.md"
"AutoCAD.Import.MinArea","rngSystemSettings","Config!B110","UserInput","mm2","VerifiedEditableBehavior","Минимум K02: активный effect/invalid/inactive и перечисленные технические границы; не exhaustive Double.","modTestWorkbookInterface.TestAudit03InputAreaImportFilter + TestAudit03ImportedSnapshotUnitChanges","docs/regression/Audit03/input_area_import_v79_2026-10-02.txt; docs/regression/Audit03/imported_snapshot_unit_changes_v81_2026-10-02.txt; docs/regression/Audit03/config_import_units_full_off_v83b_2026-10-02.txt; docs/regression/Audit03/config_import_units_full_on_v83b_2026-10-02.txt","","docs/NDM_Audit03_Final_Config_Review.md"
"Plot.Enabled","rngSystemSettings","Config!B113","UserInput","-","VerifiedEditableBehavior","Минимум K02: активный effect/invalid/inactive и перечисленные технические границы; не exhaustive Double.","modTestPlotConfig.RunAudit03GeneralPlotTests","docs/regression/Audit03/general_plot_named_v235.log","","docs/NDM_Audit03_Final_Config_Review.md"
"Plot.AutoUpdateAfterCalculation","rngSystemSettings","Config!B114","UserInput","-","VerifiedEditableBehavior","Минимум K02: активный effect/invalid/inactive и перечисленные технические границы; не exhaustive Double.","modTestPlotConfig.RunAudit03GeneralPlotTests","docs/regression/Audit03/general_plot_named_v235.log","","docs/NDM_Audit03_Final_Config_Review.md"
"Plot.LoadCase","rngSystemSettings","Config!B115","UserInput","-","VerifiedEditableBehavior","Минимум K02: активный effect/invalid/inactive и перечисленные технические границы; не exhaustive Double.","modTestPlotConfig.RunAudit03GeneralPlotTests","docs/regression/Audit03/general_plot_named_v235.log","","docs/NDM_Audit03_Final_Config_Review.md"
"Plot.ResultGradient","rngSystemSettings","Config!B116","UserInput","-","VerifiedEditableBehavior","Минимум K02: активный effect/invalid/inactive и перечисленные технические границы; не exhaustive Double.","modTestPlotConfig.RunAudit03GeneralPlotTests","docs/regression/Audit03/general_plot_named_v235.log","","docs/NDM_Audit03_Final_Config_Review.md"
"Plot.ResultLabelsEnabled","rngSystemSettings","Config!B117","UserInput","-","VerifiedEditableBehavior","Минимум K02: активный effect/invalid/inactive и перечисленные технические границы; не exhaustive Double.","modTestPlotConfig.RunAudit03GeneralPlotTests","docs/regression/Audit03/general_plot_named_v235.log","","docs/NDM_Audit03_Final_Config_Review.md"
"Plot.ResultLabelSpacing","rngSystemSettings","Config!B118","UserInput","mm","VerifiedEditableBehavior","Минимум K02: активный effect/invalid/inactive и перечисленные технические границы; не exhaustive Double.","modTestPlotConfig.RunAudit03GeneralPlotTests","docs/regression/Audit03/general_plot_named_v235.log","","docs/NDM_Audit03_Final_Config_Review.md"
"Plot.NeutralLineEnabled","rngSystemSettings","Config!B119","UserInput","-","VerifiedEditableBehavior","Минимум K02: активный effect/invalid/inactive и перечисленные технические границы; не exhaustive Double.","modTestPlotConfig.RunAudit03GeneralPlotTests","docs/regression/Audit03/general_plot_named_v235.log","","docs/NDM_Audit03_Final_Config_Review.md"
"Plot.PrincipalAxesMode","rngSystemSettings","Config!B120","UserInput","-","VerifiedEditableBehavior","Минимум K02: активный effect/invalid/inactive и перечисленные технические границы; не exhaustive Double.","modTestPlotConfig.RunAudit03GeneralPlotTests","docs/regression/Audit03/general_plot_named_v235.log","","docs/NDM_Audit03_Final_Config_Review.md"
"Plot.LoadApplicationPointEnabled","rngSystemSettings","Config!B121","UserInput","-","VerifiedEditableBehavior","Минимум K02: активный effect/invalid/inactive и перечисленные технические границы; не exhaustive Double.","modTestPlotConfig.RunAudit03GeneralPlotTests","docs/regression/Audit03/general_plot_named_v235.log","","docs/NDM_Audit03_Final_Config_Review.md"
"Plot.AxisLabelsEnabled","rngSystemSettings","Config!B122","UserInput","-","VerifiedEditableBehavior","Минимум K02: активный effect/invalid/inactive и перечисленные технические границы; не exhaustive Double.","modTestPlotConfig.RunAudit03GeneralPlotTests","docs/regression/Audit03/general_plot_named_v235.log","","docs/NDM_Audit03_Final_Config_Review.md"
"Plot.AxisLabelsFontSize","rngSystemSettings","Config!B123","UserInput","pt","VerifiedEditableBehavior","Минимум K02: активный effect/invalid/inactive и перечисленные технические границы; не exhaustive Double.","modTestPlotConfig.RunAudit03GeneralPlotTests","docs/regression/Audit03/general_plot_named_v235.log","","docs/NDM_Audit03_Final_Config_Review.md"
"Plot.ContourEnabled","rngSystemSettings","Config!B124","UserInput","-","VerifiedEditableBehavior","Минимум K02: активный effect/invalid/inactive и перечисленные технические границы; не exhaustive Double.","modTestPlotConfig.RunAudit03GeneralPlotTests","docs/regression/Audit03/general_plot_named_v235.log","","docs/NDM_Audit03_Final_Config_Review.md"
"Plot.LegendEnabled","rngSystemSettings","Config!B125","UserInput","-","VerifiedEditableBehavior","Минимум K02: активный effect/invalid/inactive и перечисленные технические границы; не exhaustive Double.","modTestPlotConfig.RunAudit03GeneralPlotTests","docs/regression/Audit03/general_plot_named_v235.log","","docs/NDM_Audit03_Final_Config_Review.md"
"Plot.LegendMode","rngSystemSettings","Config!B126","UserInput","-","VerifiedEditableBehavior","Минимум K02: активный effect/invalid/inactive и перечисленные технические границы; не exhaustive Double.","modTestPlotConfig.RunAudit03GeneralPlotTests","docs/regression/Audit03/general_plot_named_v235.log","","docs/NDM_Audit03_Final_Config_Review.md"
"Plot.Color.RebarCompression","rngSystemSettings","Config!B127","UserInput","RGB","VerifiedEditableBehavior","Минимум K02: активный effect/invalid/inactive и перечисленные технические границы; не exhaustive Double.","modTestPlotConfig.RunAudit03GeneralPlotTests","docs/regression/Audit03/general_plot_named_v235.log","","docs/NDM_Audit03_Final_Config_Review.md"
"Plot.Color.RebarTension","rngSystemSettings","Config!B128","UserInput","RGB","VerifiedEditableBehavior","Минимум K02: активный effect/invalid/inactive и перечисленные технические границы; не exhaustive Double.","modTestPlotConfig.RunAudit03GeneralPlotTests","docs/regression/Audit03/general_plot_named_v235.log","","docs/NDM_Audit03_Final_Config_Review.md"
"Plot.Color.ConcreteCompression","rngSystemSettings","Config!B129","UserInput","RGB","VerifiedEditableBehavior","Минимум K02: активный effect/invalid/inactive и перечисленные технические границы; не exhaustive Double.","modTestPlotConfig.RunAudit03GeneralPlotTests","docs/regression/Audit03/general_plot_named_v235.log","","docs/NDM_Audit03_Final_Config_Review.md"
"Plot.Color.ConcreteTension","rngSystemSettings","Config!B130","UserInput","RGB","VerifiedEditableBehavior","Минимум K02: активный effect/invalid/inactive и перечисленные технические границы; не exhaustive Double.","modTestPlotConfig.RunAudit03GeneralPlotTests","docs/regression/Audit03/general_plot_named_v235.log","","docs/NDM_Audit03_Final_Config_Review.md"
"Circle.Diameter","rngCircleGeometry","Config!I87","UserInput","mm","VerifiedEditableBehavior","Минимум K02: активный effect/invalid/inactive и перечисленные технические границы; не exhaustive Double.","modTestGeometryConfig.RunAudit03CircleConfigTests + RunAudit03CircleRebarInputTests","docs/regression/Audit03/rebar_full_off_v192_2026-10-04.txt; docs/regression/Audit03/circle_rebar_v189_2026-10-04.txt; docs/regression/Audit03/rebar_full_off_v192_2026-10-04.txt; docs/regression/Audit03/rebar_full_on_updated_v192_2026-10-04.txt","","docs/NDM_Audit03_Final_Config_Review.md"
"Rebar.AxisDistance","rngCircleGeometry","Config!I88","UserInput","mm","VerifiedEditableBehavior","Минимум K02: активный effect/invalid/inactive и перечисленные технические границы; не exhaustive Double.","modTestGeometryConfig.RunAudit03CircleConfigTests + RunAudit03CircleRebarInputTests","docs/regression/Audit03/rebar_full_off_v192_2026-10-04.txt; docs/regression/Audit03/circle_rebar_v189_2026-10-04.txt; docs/regression/Audit03/rebar_full_off_v192_2026-10-04.txt; docs/regression/Audit03/rebar_full_on_updated_v192_2026-10-04.txt","docs/regression/Audit03/circle_placement_positive_v325_2026-10-05.txt","docs/NDM_Audit03_Final_Config_Review.md"
"Rebar.Count","rngCircleGeometry","Config!I89","UserInput","шт","VerifiedEditableBehavior","Минимум K02: активный effect/invalid/inactive и перечисленные технические границы; не exhaustive Double.","modTestGeometryConfig.RunAudit03CircleConfigTests + RunAudit03CircleRebarInputTests","docs/regression/Audit03/rebar_full_off_v192_2026-10-04.txt; docs/regression/Audit03/circle_rebar_v189_2026-10-04.txt; docs/regression/Audit03/rebar_full_off_v192_2026-10-04.txt; docs/regression/Audit03/rebar_full_on_updated_v192_2026-10-04.txt","","docs/NDM_Audit03_Final_Config_Review.md"
"Rebar.Diameter","rngCircleGeometry","Config!I90","UserInput","mm","VerifiedEditableBehavior","Минимум K02: активный effect/invalid/inactive и перечисленные технические границы; не exhaustive Double.","modTestGeometryConfig.RunAudit03CircleConfigTests + RunAudit03CircleRebarInputTests","docs/regression/Audit03/rebar_full_off_v192_2026-10-04.txt; docs/regression/Audit03/circle_rebar_v189_2026-10-04.txt; docs/regression/Audit03/rebar_full_off_v192_2026-10-04.txt; docs/regression/Audit03/rebar_full_on_updated_v192_2026-10-04.txt","","docs/NDM_Audit03_Final_Config_Review.md"
"Rebar.Diameter2","rngCircleGeometry","Config!I92","UserInput","mm","VerifiedEditableBehavior","Минимум K02: активный effect/invalid/inactive и перечисленные технические границы; не exhaustive Double.","modTestGeometryConfig.RunAudit03CircleConfigTests + RunAudit03CircleRebarInputTests","docs/regression/Audit03/rebar_full_off_v192_2026-10-04.txt; docs/regression/Audit03/circle_rebar_v189_2026-10-04.txt; docs/regression/Audit03/rebar_full_off_v192_2026-10-04.txt; docs/regression/Audit03/rebar_full_on_updated_v192_2026-10-04.txt","docs/regression/Audit03/circle_placement_positive_v325_2026-10-05.txt","docs/NDM_Audit03_Final_Config_Review.md"
"Rebar.Diameter3","rngCircleGeometry","Config!I93","UserInput","mm","VerifiedEditableBehavior","Минимум K02: активный effect/invalid/inactive и перечисленные технические границы; не exhaustive Double.","modTestGeometryConfig.RunAudit03CircleConfigTests + RunAudit03CircleRebarInputTests","docs/regression/Audit03/rebar_full_off_v192_2026-10-04.txt; docs/regression/Audit03/circle_rebar_v189_2026-10-04.txt; docs/regression/Audit03/rebar_full_off_v192_2026-10-04.txt; docs/regression/Audit03/rebar_full_on_updated_v192_2026-10-04.txt","docs/regression/Audit03/circle_placement_positive_v325_2026-10-05.txt","docs/NDM_Audit03_Final_Config_Review.md"
"Rebar.Loc2row","rngCircleGeometry","Config!I94","UserInput","-","VerifiedEditableBehavior","Минимум K02: активный effect/invalid/inactive и перечисленные технические границы; не exhaustive Double.","modTestGeometryConfig.RunAudit03CircleConfigTests + RunAudit03CircleRebarInputTests","docs/regression/Audit03/rebar_full_off_v192_2026-10-04.txt; docs/regression/Audit03/circle_rebar_v189_2026-10-04.txt; docs/regression/Audit03/rebar_full_off_v192_2026-10-04.txt; docs/regression/Audit03/rebar_full_on_updated_v192_2026-10-04.txt","","docs/NDM_Audit03_Final_Config_Review.md"
"Rebar.Loc3row","rngCircleGeometry","Config!I95","UserInput","-","VerifiedEditableBehavior","Минимум K02: активный effect/invalid/inactive и перечисленные технические границы; не exhaustive Double.","modTestGeometryConfig.RunAudit03CircleConfigTests + RunAudit03CircleRebarInputTests","docs/regression/Audit03/rebar_full_off_v192_2026-10-04.txt; docs/regression/Audit03/circle_rebar_v189_2026-10-04.txt; docs/regression/Audit03/rebar_full_off_v192_2026-10-04.txt; docs/regression/Audit03/rebar_full_on_updated_v192_2026-10-04.txt","","docs/NDM_Audit03_Final_Config_Review.md"
"Steel.R.ULS(I).Compression","rngSteelMaterialParameters","Config!I19","UserInput","MPa","VerifiedEditableBehavior","Минимум K02: активный effect/invalid/inactive и перечисленные технические границы; не exhaustive Double.","modTestMaterialDiagrams.TestAudit03MaterialConfigBehavior","docs/regression/Audit03/material_config_v68_2026-10-02.txt; docs/regression/Audit03/full_no_v68_2026-10-02.txt; docs/regression/Audit03/full_yes_v68_2026-10-02.txt; docs/regression/Audit03/config_units_full_off_v71_2026-10-02.txt; docs/regression/Audit03/config_units_full_on_v71_2026-10-02.txt","","docs/NDM_Audit03_Final_Config_Review.md"
"Steel.R.ULS(I).Tension","rngSteelMaterialParameters","Config!J19","UserInput","MPa","VerifiedEditableBehavior","Минимум K02: активный effect/invalid/inactive и перечисленные технические границы; не exhaustive Double.","modTestMaterialDiagrams.TestAudit03MaterialConfigBehavior","docs/regression/Audit03/material_config_v68_2026-10-02.txt; docs/regression/Audit03/full_no_v68_2026-10-02.txt; docs/regression/Audit03/full_yes_v68_2026-10-02.txt; docs/regression/Audit03/config_units_full_off_v71_2026-10-02.txt; docs/regression/Audit03/config_units_full_on_v71_2026-10-02.txt","","docs/NDM_Audit03_Final_Config_Review.md"
"Steel.R.SLS(II).Compression","rngSteelMaterialParameters","Config!I20","UserInput","MPa","VerifiedEditableBehavior","Минимум K02: активный effect/invalid/inactive и перечисленные технические границы; не exhaustive Double.","modTestMaterialDiagrams.TestAudit03MaterialConfigBehavior","docs/regression/Audit03/material_config_v68_2026-10-02.txt; docs/regression/Audit03/full_no_v68_2026-10-02.txt; docs/regression/Audit03/full_yes_v68_2026-10-02.txt; docs/regression/Audit03/config_units_full_off_v71_2026-10-02.txt; docs/regression/Audit03/config_units_full_on_v71_2026-10-02.txt","","docs/NDM_Audit03_Final_Config_Review.md"
"Steel.R.SLS(II).Tension","rngSteelMaterialParameters","Config!J20","UserInput","MPa","VerifiedEditableBehavior","Минимум K02: активный effect/invalid/inactive и перечисленные технические границы; не exhaustive Double.","modTestMaterialDiagrams.TestAudit03MaterialConfigBehavior","docs/regression/Audit03/material_config_v68_2026-10-02.txt; docs/regression/Audit03/full_no_v68_2026-10-02.txt; docs/regression/Audit03/full_yes_v68_2026-10-02.txt; docs/regression/Audit03/config_units_full_off_v71_2026-10-02.txt; docs/regression/Audit03/config_units_full_on_v71_2026-10-02.txt","","docs/NDM_Audit03_Final_Config_Review.md"
"Steel.E.Compression","rngSteelMaterialParameters","Config!I21","UserInput","MPa","VerifiedEditableBehavior","Минимум K02: активный effect/invalid/inactive и перечисленные технические границы; не exhaustive Double.","modTestMaterialDiagrams.TestAudit03MaterialConfigBehavior","docs/regression/Audit03/material_config_v68_2026-10-02.txt; docs/regression/Audit03/full_no_v68_2026-10-02.txt; docs/regression/Audit03/full_yes_v68_2026-10-02.txt; docs/regression/Audit03/config_units_full_off_v71_2026-10-02.txt; docs/regression/Audit03/config_units_full_on_v71_2026-10-02.txt","","docs/NDM_Audit03_Final_Config_Review.md"
"Steel.E.Tension","rngSteelMaterialParameters","Config!J21","UserInput","MPa","VerifiedEditableBehavior","Минимум K02: активный effect/invalid/inactive и перечисленные технические границы; не exhaustive Double.","modTestMaterialDiagrams.TestAudit03MaterialConfigBehavior","docs/regression/Audit03/material_config_v68_2026-10-02.txt; docs/regression/Audit03/full_no_v68_2026-10-02.txt; docs/regression/Audit03/full_yes_v68_2026-10-02.txt; docs/regression/Audit03/config_units_full_off_v71_2026-10-02.txt; docs/regression/Audit03/config_units_full_on_v71_2026-10-02.txt","","docs/NDM_Audit03_Final_Config_Review.md"
"Steel.TwoLine.Es2.Compression","rngSteelMaterialParameters","Config!I22","UserInput","-","VerifiedEditableBehavior","Минимум K02: активный effect/invalid/inactive и перечисленные технические границы; не exhaustive Double.","modTestMaterialDiagrams.TestAudit03MaterialConfigBehavior","docs/regression/Audit03/material_config_v68_2026-10-02.txt; docs/regression/Audit03/full_no_v68_2026-10-02.txt; docs/regression/Audit03/full_yes_v68_2026-10-02.txt; docs/regression/Audit03/config_units_full_off_v71_2026-10-02.txt; docs/regression/Audit03/config_units_full_on_v71_2026-10-02.txt","","docs/NDM_Audit03_Final_Config_Review.md"
"Steel.TwoLine.Es2.Tension","rngSteelMaterialParameters","Config!J22","UserInput","-","VerifiedEditableBehavior","Минимум K02: активный effect/invalid/inactive и перечисленные технические границы; не exhaustive Double.","modTestMaterialDiagrams.TestAudit03MaterialConfigBehavior","docs/regression/Audit03/material_config_v68_2026-10-02.txt; docs/regression/Audit03/full_no_v68_2026-10-02.txt; docs/regression/Audit03/full_yes_v68_2026-10-02.txt; docs/regression/Audit03/config_units_full_off_v71_2026-10-02.txt; docs/regression/Audit03/config_units_full_on_v71_2026-10-02.txt","","docs/NDM_Audit03_Final_Config_Review.md"
"Steel.ThreeLine.Es2.Compression","rngSteelMaterialParameters","Config!I23","UserInput","-","VerifiedEditableBehavior","Минимум K02: активный effect/invalid/inactive и перечисленные технические границы; не exhaustive Double.","modTestMaterialDiagrams.TestAudit03MaterialConfigBehavior","docs/regression/Audit03/material_config_v68_2026-10-02.txt; docs/regression/Audit03/full_no_v68_2026-10-02.txt; docs/regression/Audit03/full_yes_v68_2026-10-02.txt; docs/regression/Audit03/config_units_full_off_v71_2026-10-02.txt; docs/regression/Audit03/config_units_full_on_v71_2026-10-02.txt","","docs/NDM_Audit03_Final_Config_Review.md"
"Steel.ThreeLine.Es2.Tension","rngSteelMaterialParameters","Config!J23","UserInput","-","VerifiedEditableBehavior","Минимум K02: активный effect/invalid/inactive и перечисленные технические границы; не exhaustive Double.","modTestMaterialDiagrams.TestAudit03MaterialConfigBehavior","docs/regression/Audit03/material_config_v68_2026-10-02.txt; docs/regression/Audit03/full_no_v68_2026-10-02.txt; docs/regression/Audit03/full_yes_v68_2026-10-02.txt; docs/regression/Audit03/config_units_full_off_v71_2026-10-02.txt; docs/regression/Audit03/config_units_full_on_v71_2026-10-02.txt","","docs/NDM_Audit03_Final_Config_Review.md"
"Concrete.R.ULS(I).Compression","rngConcreteMaterialParameters","Config!I27","UserInput","MPa","VerifiedEditableBehavior","Минимум K02: активный effect/invalid/inactive и перечисленные технические границы; не exhaustive Double.","modTestMaterialDiagrams.TestAudit03MaterialConfigBehavior","docs/regression/Audit03/material_config_v68_2026-10-02.txt; docs/regression/Audit03/full_no_v68_2026-10-02.txt; docs/regression/Audit03/full_yes_v68_2026-10-02.txt; docs/regression/Audit03/config_units_full_off_v71_2026-10-02.txt; docs/regression/Audit03/config_units_full_on_v71_2026-10-02.txt","","docs/NDM_Audit03_Final_Config_Review.md"
"Concrete.R.ULS(I).Tension","rngConcreteMaterialParameters","Config!J27","UserInput","MPa","VerifiedEditableBehavior","Минимум K02: активный effect/invalid/inactive и перечисленные технические границы; не exhaustive Double.","modTestMaterialDiagrams.TestAudit03MaterialConfigBehavior","docs/regression/Audit03/material_config_v68_2026-10-02.txt; docs/regression/Audit03/full_no_v68_2026-10-02.txt; docs/regression/Audit03/full_yes_v68_2026-10-02.txt; docs/regression/Audit03/config_units_full_off_v71_2026-10-02.txt; docs/regression/Audit03/config_units_full_on_v71_2026-10-02.txt","","docs/NDM_Audit03_Final_Config_Review.md"
"Concrete.R.SLS(II).Compression","rngConcreteMaterialParameters","Config!I28","UserInput","MPa","VerifiedEditableBehavior","Минимум K02: активный effect/invalid/inactive и перечисленные технические границы; не exhaustive Double.","modTestMaterialDiagrams.TestAudit03MaterialConfigBehavior","docs/regression/Audit03/material_config_v68_2026-10-02.txt; docs/regression/Audit03/full_no_v68_2026-10-02.txt; docs/regression/Audit03/full_yes_v68_2026-10-02.txt; docs/regression/Audit03/config_units_full_off_v71_2026-10-02.txt; docs/regression/Audit03/config_units_full_on_v71_2026-10-02.txt","","docs/NDM_Audit03_Final_Config_Review.md"
"Concrete.R.SLS(II).Tension","rngConcreteMaterialParameters","Config!J28","UserInput","MPa","VerifiedEditableBehavior","Минимум K02: активный effect/invalid/inactive и перечисленные технические границы; не exhaustive Double.","modTestMaterialDiagrams.TestAudit03MaterialConfigBehavior","docs/regression/Audit03/material_config_v68_2026-10-02.txt; docs/regression/Audit03/full_no_v68_2026-10-02.txt; docs/regression/Audit03/full_yes_v68_2026-10-02.txt; docs/regression/Audit03/config_units_full_off_v71_2026-10-02.txt; docs/regression/Audit03/config_units_full_on_v71_2026-10-02.txt","","docs/NDM_Audit03_Final_Config_Review.md"
"Concrete.Rb.mc2.Compression","rngConcreteMaterialParameters","Config!I29","UserInput","MPa","VerifiedEditableBehavior","Минимум K02: активный effect/invalid/inactive и перечисленные технические границы; не exhaustive Double.","modTestMaterialDiagrams.TestAudit03MaterialConfigBehavior","docs/regression/Audit03/material_config_v68_2026-10-02.txt; docs/regression/Audit03/full_no_v68_2026-10-02.txt; docs/regression/Audit03/full_yes_v68_2026-10-02.txt; docs/regression/Audit03/config_units_full_off_v71_2026-10-02.txt; docs/regression/Audit03/config_units_full_on_v71_2026-10-02.txt","","docs/NDM_Audit03_Final_Config_Review.md"
"Concrete.Rb.mc2.Tension","rngConcreteMaterialParameters","Config!J29","NotEditable:NotApplicableCell","MPa","VerifiedInactiveContract","Минимум K02: активный effect/invalid/inactive и перечисленные технические границы; не exhaustive Double.","modTestBatchCalculation.RunAudit03InactiveConfigCellTests","docs/regression/Audit03/inactive_config_positive_v302_2026-10-05.txt","","docs/NDM_Audit03_Final_Config_Review.md"
"Concrete.E.Compression","rngConcreteMaterialParameters","Config!I30","UserInput","MPa","VerifiedEditableBehavior","Минимум K02: активный effect/invalid/inactive и перечисленные технические границы; не exhaustive Double.","modTestMaterialDiagrams.TestAudit03MaterialConfigBehavior","docs/regression/Audit03/material_config_v68_2026-10-02.txt; docs/regression/Audit03/full_no_v68_2026-10-02.txt; docs/regression/Audit03/full_yes_v68_2026-10-02.txt; docs/regression/Audit03/config_units_full_off_v71_2026-10-02.txt; docs/regression/Audit03/config_units_full_on_v71_2026-10-02.txt","","docs/NDM_Audit03_Final_Config_Review.md"
"Concrete.E.Tension","rngConcreteMaterialParameters","Config!J30","UserInput","MPa","VerifiedEditableBehavior","Минимум K02: активный effect/invalid/inactive и перечисленные технические границы; не exhaustive Double.","modTestMaterialDiagrams.TestAudit03MaterialConfigBehavior","docs/regression/Audit03/material_config_v68_2026-10-02.txt; docs/regression/Audit03/full_no_v68_2026-10-02.txt; docs/regression/Audit03/full_yes_v68_2026-10-02.txt; docs/regression/Audit03/config_units_full_off_v71_2026-10-02.txt; docs/regression/Audit03/config_units_full_on_v71_2026-10-02.txt","","docs/NDM_Audit03_Final_Config_Review.md"
"Concrete.TwoLine.Eb1Red.Compression","rngConcreteMaterialParameters","Config!I31","UserInput","-","VerifiedEditableBehavior","Минимум K02: активный effect/invalid/inactive и перечисленные технические границы; не exhaustive Double.","modTestMaterialDiagrams.TestAudit03MaterialConfigBehavior","docs/regression/Audit03/material_config_v68_2026-10-02.txt; docs/regression/Audit03/full_no_v68_2026-10-02.txt; docs/regression/Audit03/full_yes_v68_2026-10-02.txt; docs/regression/Audit03/config_units_full_off_v71_2026-10-02.txt; docs/regression/Audit03/config_units_full_on_v71_2026-10-02.txt","","docs/NDM_Audit03_Final_Config_Review.md"
"Concrete.TwoLine.Eb1Red.Tension","rngConcreteMaterialParameters","Config!J31","UserInput","-","VerifiedEditableBehavior","Минимум K02: активный effect/invalid/inactive и перечисленные технические границы; не exhaustive Double.","modTestMaterialDiagrams.TestAudit03MaterialConfigBehavior","docs/regression/Audit03/material_config_v68_2026-10-02.txt; docs/regression/Audit03/full_no_v68_2026-10-02.txt; docs/regression/Audit03/full_yes_v68_2026-10-02.txt; docs/regression/Audit03/config_units_full_off_v71_2026-10-02.txt; docs/regression/Audit03/config_units_full_on_v71_2026-10-02.txt","","docs/NDM_Audit03_Final_Config_Review.md"
"Concrete.ThreeLine.Eb0.Compression","rngConcreteMaterialParameters","Config!I32","UserInput","-","VerifiedEditableBehavior","Минимум K02: активный effect/invalid/inactive и перечисленные технические границы; не exhaustive Double.","modTestMaterialDiagrams.TestAudit03MaterialConfigBehavior","docs/regression/Audit03/material_config_v68_2026-10-02.txt; docs/regression/Audit03/full_no_v68_2026-10-02.txt; docs/regression/Audit03/full_yes_v68_2026-10-02.txt; docs/regression/Audit03/config_units_full_off_v71_2026-10-02.txt; docs/regression/Audit03/config_units_full_on_v71_2026-10-02.txt","","docs/NDM_Audit03_Final_Config_Review.md"
"Concrete.ThreeLine.Eb0.Tension","rngConcreteMaterialParameters","Config!J32","UserInput","-","VerifiedEditableBehavior","Минимум K02: активный effect/invalid/inactive и перечисленные технические границы; не exhaustive Double.","modTestMaterialDiagrams.TestAudit03MaterialConfigBehavior","docs/regression/Audit03/material_config_v68_2026-10-02.txt; docs/regression/Audit03/full_no_v68_2026-10-02.txt; docs/regression/Audit03/full_yes_v68_2026-10-02.txt; docs/regression/Audit03/config_units_full_off_v71_2026-10-02.txt; docs/regression/Audit03/config_units_full_on_v71_2026-10-02.txt","","docs/NDM_Audit03_Final_Config_Review.md"
"Concrete.TwoThreeLine.Eb2.Compression","rngConcreteMaterialParameters","Config!I33","UserInput","-","VerifiedEditableBehavior","Минимум K02: активный effect/invalid/inactive и перечисленные технические границы; не exhaustive Double.","modTestMaterialDiagrams.TestAudit03MaterialConfigBehavior","docs/regression/Audit03/material_config_v68_2026-10-02.txt; docs/regression/Audit03/full_no_v68_2026-10-02.txt; docs/regression/Audit03/full_yes_v68_2026-10-02.txt; docs/regression/Audit03/config_units_full_off_v71_2026-10-02.txt; docs/regression/Audit03/config_units_full_on_v71_2026-10-02.txt","","docs/NDM_Audit03_Final_Config_Review.md"
"Concrete.TwoThreeLine.Eb2.Tension","rngConcreteMaterialParameters","Config!J33","UserInput","-","VerifiedEditableBehavior","Минимум K02: активный effect/invalid/inactive и перечисленные технические границы; не exhaustive Double.","modTestMaterialDiagrams.TestAudit03MaterialConfigBehavior","docs/regression/Audit03/material_config_v68_2026-10-02.txt; docs/regression/Audit03/full_no_v68_2026-10-02.txt; docs/regression/Audit03/full_yes_v68_2026-10-02.txt; docs/regression/Audit03/config_units_full_off_v71_2026-10-02.txt; docs/regression/Audit03/config_units_full_on_v71_2026-10-02.txt","","docs/NDM_Audit03_Final_Config_Review.md"
"Units.Length.Input","rngUnitSettings","Config!I4","UserInput","-","VerifiedEditableBehavior","Минимум K02: активный effect/invalid/inactive и перечисленные технические границы; не exhaustive Double.","modTestWorkbookInterface.TestAudit03UnitSignChoices + TestAudit03InputUnitConsumers","docs/regression/Audit03/unit_sign_choices_positive_v71_2026-10-02.txt; docs/regression/Audit03/input_units_v75_2026-10-02.txt; docs/regression/Audit03/config_units_comments_full_off_v77b_2026-10-02.txt; docs/regression/Audit03/config_units_comments_full_on_v77b_2026-10-02.txt","","docs/NDM_Audit03_Final_Config_Review.md"
"Units.Length.Output","rngUnitSettings","Config!K4","UserInput","-","VerifiedEditableBehavior","Минимум K02: активный effect/invalid/inactive и перечисленные технические границы; не exhaustive Double.","modTestWorkbookInterface.TestAudit03UnitSignChoices + TestAudit03UnitSignEquivalence","docs/regression/Audit03/unit_sign_choices_positive_v71_2026-10-02.txt; docs/regression/Audit03/unit_sign_equivalence_v71_2026-10-02.txt; docs/regression/Audit03/config_units_full_off_v71_2026-10-02.txt; docs/regression/Audit03/config_units_full_on_v71_2026-10-02.txt","","docs/NDM_Audit03_Final_Config_Review.md"
"Units.Area.Input","rngUnitSettings","Config!I5","UserInput","-","VerifiedEditableBehavior","Минимум K02: активный effect/invalid/inactive и перечисленные технические границы; не exhaustive Double.","modTestWorkbookInterface.TestAudit03InputAreaImportFilter + TestAudit03ImportedSnapshotUnitChanges","docs/regression/Audit03/input_area_import_v79_2026-10-02.txt; docs/regression/Audit03/imported_snapshot_unit_changes_v81_2026-10-02.txt; docs/regression/Audit03/config_import_units_full_off_v83b_2026-10-02.txt; docs/regression/Audit03/config_import_units_full_on_v83b_2026-10-02.txt","","docs/NDM_Audit03_Final_Config_Review.md"
"Units.Area.Output","rngUnitSettings","Config!K5","UserInput","-","VerifiedEditableBehavior","Минимум K02: активный effect/invalid/inactive и перечисленные технические границы; не exhaustive Double.","modTestWorkbookInterface.TestAudit03UnitSignChoices + TestAudit03UnitSignEquivalence","docs/regression/Audit03/unit_sign_choices_positive_v71_2026-10-02.txt; docs/regression/Audit03/unit_sign_equivalence_v71_2026-10-02.txt; docs/regression/Audit03/config_units_full_off_v71_2026-10-02.txt; docs/regression/Audit03/config_units_full_on_v71_2026-10-02.txt","","docs/NDM_Audit03_Final_Config_Review.md"
"Units.Force.Input","rngUnitSettings","Config!I6","UserInput","-","VerifiedEditableBehavior","Минимум K02: активный effect/invalid/inactive и перечисленные технические границы; не exhaustive Double.","modTestWorkbookInterface.TestAudit03UnitSignChoices + TestAudit03UnitSignEquivalence","docs/regression/Audit03/unit_sign_choices_positive_v71_2026-10-02.txt; docs/regression/Audit03/unit_sign_equivalence_v71_2026-10-02.txt; docs/regression/Audit03/config_units_full_off_v71_2026-10-02.txt; docs/regression/Audit03/config_units_full_on_v71_2026-10-02.txt","","docs/NDM_Audit03_Final_Config_Review.md"
"Units.Force.Output","rngUnitSettings","Config!K6","UserInput","-","VerifiedEditableBehavior","Минимум K02: активный effect/invalid/inactive и перечисленные технические границы; не exhaustive Double.","modTestWorkbookInterface.TestAudit03UnitSignChoices + TestAudit03UnitSignEquivalence","docs/regression/Audit03/unit_sign_choices_positive_v71_2026-10-02.txt; docs/regression/Audit03/unit_sign_equivalence_v71_2026-10-02.txt; docs/regression/Audit03/config_units_full_off_v71_2026-10-02.txt; docs/regression/Audit03/config_units_full_on_v71_2026-10-02.txt","","docs/NDM_Audit03_Final_Config_Review.md"
"Units.Moment.Input","rngUnitSettings","Config!I7","UserInput","-","VerifiedEditableBehavior","Минимум K02: активный effect/invalid/inactive и перечисленные технические границы; не exhaustive Double.","modTestWorkbookInterface.TestAudit03UnitSignChoices + TestAudit03UnitSignEquivalence","docs/regression/Audit03/unit_sign_choices_positive_v71_2026-10-02.txt; docs/regression/Audit03/unit_sign_equivalence_v71_2026-10-02.txt; docs/regression/Audit03/config_units_full_off_v71_2026-10-02.txt; docs/regression/Audit03/config_units_full_on_v71_2026-10-02.txt","","docs/NDM_Audit03_Final_Config_Review.md"
"Units.Moment.Output","rngUnitSettings","Config!K7","UserInput","-","VerifiedEditableBehavior","Минимум K02: активный effect/invalid/inactive и перечисленные технические границы; не exhaustive Double.","modTestWorkbookInterface.TestAudit03UnitSignChoices + TestAudit03UnitSignEquivalence","docs/regression/Audit03/unit_sign_choices_positive_v71_2026-10-02.txt; docs/regression/Audit03/unit_sign_equivalence_v71_2026-10-02.txt; docs/regression/Audit03/config_units_full_off_v71_2026-10-02.txt; docs/regression/Audit03/config_units_full_on_v71_2026-10-02.txt","","docs/NDM_Audit03_Final_Config_Review.md"
"Units.Stress.Input","rngUnitSettings","Config!I8","UserInput","-","VerifiedEditableBehavior","Минимум K02: активный effect/invalid/inactive и перечисленные технические границы; не exhaustive Double.","modTestWorkbookInterface.TestAudit03UnitSignChoices + TestAudit03InputUnitConsumers","docs/regression/Audit03/unit_sign_choices_positive_v71_2026-10-02.txt; docs/regression/Audit03/input_units_v75_2026-10-02.txt; docs/regression/Audit03/config_units_comments_full_off_v77b_2026-10-02.txt; docs/regression/Audit03/config_units_comments_full_on_v77b_2026-10-02.txt","","docs/NDM_Audit03_Final_Config_Review.md"
"Units.Stress.Output","rngUnitSettings","Config!K8","UserInput","-","VerifiedEditableBehavior","Минимум K02: активный effect/invalid/inactive и перечисленные технические границы; не exhaustive Double.","modTestWorkbookInterface.TestAudit03UnitSignChoices + TestAudit03UnitSignEquivalence","docs/regression/Audit03/unit_sign_choices_positive_v71_2026-10-02.txt; docs/regression/Audit03/unit_sign_equivalence_v71_2026-10-02.txt; docs/regression/Audit03/config_units_full_off_v71_2026-10-02.txt; docs/regression/Audit03/config_units_full_on_v71_2026-10-02.txt","","docs/NDM_Audit03_Final_Config_Review.md"
"Units.Curvature.Input","rngUnitSettings","Config!I9","UserInput","-","VerifiedEditableBehavior","Минимум K02: активный effect/invalid/inactive и перечисленные технические границы; не exhaustive Double.","modTestSectionSolver.TestAudit03InputCurvatureBinding","docs/regression/Audit03/input_curvature_binding_v78_2026-10-02.txt; docs/regression/Audit03/config_import_units_full_off_v83b_2026-10-02.txt; docs/regression/Audit03/config_import_units_full_on_v83b_2026-10-02.txt","","docs/NDM_Audit03_Final_Config_Review.md"
"Units.Curvature.Output","rngUnitSettings","Config!K9","UserInput","-","VerifiedEditableBehavior","Минимум K02: активный effect/invalid/inactive и перечисленные технические границы; не exhaustive Double.","modTestWorkbookInterface.TestAudit03UnitSignChoices + TestAudit03UnitSignEquivalence","docs/regression/Audit03/unit_sign_choices_positive_v71_2026-10-02.txt; docs/regression/Audit03/unit_sign_equivalence_v71_2026-10-02.txt; docs/regression/Audit03/config_units_full_off_v71_2026-10-02.txt; docs/regression/Audit03/config_units_full_on_v71_2026-10-02.txt","","docs/NDM_Audit03_Final_Config_Review.md"
"Signs.+N","rngSignConventionSettings","Config!I13","UserInput","-","VerifiedEditableBehavior","Минимум K02: активный effect/invalid/inactive и перечисленные технические границы; не exhaustive Double.","modTestWorkbookInterface.TestAudit03UnitSignChoices + TestAudit03UnitSignEquivalence","docs/regression/Audit03/unit_sign_choices_positive_v71_2026-10-02.txt; docs/regression/Audit03/unit_sign_equivalence_v71_2026-10-02.txt; docs/regression/Audit03/config_units_full_off_v71_2026-10-02.txt; docs/regression/Audit03/config_units_full_on_v71_2026-10-02.txt","","docs/NDM_Audit03_Final_Config_Review.md"
"Signs.+Mx","rngSignConventionSettings","Config!I14","UserInput","-","VerifiedEditableBehavior","Минимум K02: активный effect/invalid/inactive и перечисленные технические границы; не exhaustive Double.","modTestWorkbookInterface.TestAudit03UnitSignChoices + TestAudit03UnitSignEquivalence","docs/regression/Audit03/unit_sign_choices_positive_v71_2026-10-02.txt; docs/regression/Audit03/unit_sign_equivalence_v71_2026-10-02.txt; docs/regression/Audit03/config_units_full_off_v71_2026-10-02.txt; docs/regression/Audit03/config_units_full_on_v71_2026-10-02.txt","","docs/NDM_Audit03_Final_Config_Review.md"
"Signs.+My","rngSignConventionSettings","Config!I15","UserInput","-","VerifiedEditableBehavior","Минимум K02: активный effect/invalid/inactive и перечисленные технические границы; не exhaustive Double.","modTestWorkbookInterface.TestAudit03UnitSignChoices + TestAudit03UnitSignEquivalence","docs/regression/Audit03/unit_sign_choices_positive_v71_2026-10-02.txt; docs/regression/Audit03/unit_sign_equivalence_v71_2026-10-02.txt; docs/regression/Audit03/config_units_full_off_v71_2026-10-02.txt; docs/regression/Audit03/config_units_full_on_v71_2026-10-02.txt","","docs/NDM_Audit03_Final_Config_Review.md"
"PR1.Profile.DisplayName","rngCalculationProfiles","Config!J39","UserInput","-","VerifiedEditableBehavior","Минимум K02: активный effect/invalid/inactive и перечисленные технические границы; не exhaustive Double.","modTestProfileConfig.RunAudit03ProfileConfigTests","docs/regression/Audit03/profile_config_v175_2026-10-03.txt; docs/regression/Audit03/relocated_input_v176_2026-10-03.txt; docs/regression/Audit03/full_off_profile_config_v176b_2026-10-03.txt; docs/regression/Audit03/full_on_profile_config_v176_2026-10-03.txt","","docs/NDM_Audit03_Final_Config_Review.md"
"PR2.Profile.DisplayName","rngCalculationProfiles","Config!K39","UserInput","-","VerifiedEditableBehavior","Минимум K02: активный effect/invalid/inactive и перечисленные технические границы; не exhaustive Double.","modTestProfileConfig.RunAudit03ProfileConfigTests","docs/regression/Audit03/profile_config_v175_2026-10-03.txt; docs/regression/Audit03/relocated_input_v176_2026-10-03.txt; docs/regression/Audit03/full_off_profile_config_v176b_2026-10-03.txt; docs/regression/Audit03/full_on_profile_config_v176_2026-10-03.txt","","docs/NDM_Audit03_Final_Config_Review.md"
"PR3.Profile.DisplayName","rngCalculationProfiles","Config!L39","UserInput","-","VerifiedEditableBehavior","Минимум K02: активный effect/invalid/inactive и перечисленные технические границы; не exhaustive Double.","modTestProfileConfig.RunAudit03ProfileConfigTests","docs/regression/Audit03/profile_config_v175_2026-10-03.txt; docs/regression/Audit03/relocated_input_v176_2026-10-03.txt; docs/regression/Audit03/full_off_profile_config_v176b_2026-10-03.txt; docs/regression/Audit03/full_on_profile_config_v176_2026-10-03.txt","","docs/NDM_Audit03_Final_Config_Review.md"
"PR4.Profile.DisplayName","rngCalculationProfiles","Config!M39","UserInput","-","VerifiedEditableBehavior","Минимум K02: активный effect/invalid/inactive и перечисленные технические границы; не exhaustive Double.","modTestProfileConfig.RunAudit03ProfileConfigTests","docs/regression/Audit03/profile_config_v175_2026-10-03.txt; docs/regression/Audit03/relocated_input_v176_2026-10-03.txt; docs/regression/Audit03/full_off_profile_config_v176b_2026-10-03.txt; docs/regression/Audit03/full_on_profile_config_v176_2026-10-03.txt","","docs/NDM_Audit03_Final_Config_Review.md"
"PR1.Profile.Description","rngCalculationProfiles","Config!J40","UserInput","-","VerifiedEditableBehavior","Минимум K02: активный effect/invalid/inactive и перечисленные технические границы; не exhaustive Double.","modTestProfileConfig.RunAudit03ProfileConfigTests","docs/regression/Audit03/full_off_presentation_v199_2026-10-04.txt; docs/regression/Audit03/presentation_profiles_v198_2026-10-04.txt; docs/regression/Audit03/full_off_presentation_v199_2026-10-04.txt; docs/regression/Audit03/full_on_presentation_v199b_2026-10-04.txt","","docs/NDM_Audit03_Final_Config_Review.md"
"PR2.Profile.Description","rngCalculationProfiles","Config!K40","UserInput","-","VerifiedEditableBehavior","Минимум K02: активный effect/invalid/inactive и перечисленные технические границы; не exhaustive Double.","modTestProfileConfig.RunAudit03ProfileConfigTests","docs/regression/Audit03/full_off_presentation_v199_2026-10-04.txt; docs/regression/Audit03/presentation_profiles_v198_2026-10-04.txt; docs/regression/Audit03/full_off_presentation_v199_2026-10-04.txt; docs/regression/Audit03/full_on_presentation_v199b_2026-10-04.txt","","docs/NDM_Audit03_Final_Config_Review.md"
"PR3.Profile.Description","rngCalculationProfiles","Config!L40","UserInput","-","VerifiedEditableBehavior","Минимум K02: активный effect/invalid/inactive и перечисленные технические границы; не exhaustive Double.","modTestProfileConfig.RunAudit03ProfileConfigTests","docs/regression/Audit03/full_off_presentation_v199_2026-10-04.txt; docs/regression/Audit03/presentation_profiles_v198_2026-10-04.txt; docs/regression/Audit03/full_off_presentation_v199_2026-10-04.txt; docs/regression/Audit03/full_on_presentation_v199b_2026-10-04.txt","","docs/NDM_Audit03_Final_Config_Review.md"
"PR4.Profile.Description","rngCalculationProfiles","Config!M40","UserInput","-","VerifiedEditableBehavior","Минимум K02: активный effect/invalid/inactive и перечисленные технические границы; не exhaustive Double.","modTestProfileConfig.RunAudit03ProfileConfigTests","docs/regression/Audit03/full_off_presentation_v199_2026-10-04.txt; docs/regression/Audit03/presentation_profiles_v198_2026-10-04.txt; docs/regression/Audit03/full_off_presentation_v199_2026-10-04.txt; docs/regression/Audit03/full_on_presentation_v199b_2026-10-04.txt","","docs/NDM_Audit03_Final_Config_Review.md"
"PR1.Calculation.Strength.DirectState","rngCalculationProfiles","Config!J42","UserInput","-","VerifiedEditableBehavior","Минимум K02: активный effect/invalid/inactive и перечисленные технические границы; не exhaustive Double.","modTestLoadTableConfig.RunAudit03ProfileFailureScopeTests","docs/regression/Audit03/profile_scope_final_v173_2026-10-03.txt; docs/regression/Audit03/full_off_profile_scope_final_v173_2026-10-03.txt; docs/regression/Audit03/full_on_profile_scope_final_v173_2026-10-03.txt","","docs/NDM_Audit03_Final_Config_Review.md"
"PR2.Calculation.Strength.DirectState","rngCalculationProfiles","Config!K42","UserInput","-","VerifiedEditableBehavior","Минимум K02: активный effect/invalid/inactive и перечисленные технические границы; не exhaustive Double.","modTestLoadTableConfig.RunAudit03ProfileFailureScopeTests","docs/regression/Audit03/profile_scope_final_v173_2026-10-03.txt; docs/regression/Audit03/full_off_profile_scope_final_v173_2026-10-03.txt; docs/regression/Audit03/full_on_profile_scope_final_v173_2026-10-03.txt","","docs/NDM_Audit03_Final_Config_Review.md"
"PR3.Calculation.Strength.DirectState","rngCalculationProfiles","Config!L42","UserInput","-","VerifiedEditableBehavior","Минимум K02: активный effect/invalid/inactive и перечисленные технические границы; не exhaustive Double.","modTestLoadTableConfig.RunAudit03ProfileFailureScopeTests","docs/regression/Audit03/profile_scope_final_v173_2026-10-03.txt; docs/regression/Audit03/full_off_profile_scope_final_v173_2026-10-03.txt; docs/regression/Audit03/full_on_profile_scope_final_v173_2026-10-03.txt","","docs/NDM_Audit03_Final_Config_Review.md"
"PR4.Calculation.Strength.DirectState","rngCalculationProfiles","Config!M42","UserInput","-","VerifiedEditableBehavior","Минимум K02: активный effect/invalid/inactive и перечисленные технические границы; не exhaustive Double.","modTestLoadTableConfig.RunAudit03ProfileFailureScopeTests","docs/regression/Audit03/profile_scope_final_v173_2026-10-03.txt; docs/regression/Audit03/full_off_profile_scope_final_v173_2026-10-03.txt; docs/regression/Audit03/full_on_profile_scope_final_v173_2026-10-03.txt","","docs/NDM_Audit03_Final_Config_Review.md"
"PR1.Calculation.Strength.Capacity","rngCalculationProfiles","Config!J43","UserInput","-","VerifiedEditableBehavior","Минимум K02: активный effect/invalid/inactive и перечисленные технические границы; не exhaustive Double.","modTestLoadTableConfig.RunAudit03ProfileFailureScopeTests","docs/regression/Audit03/profile_scope_final_v173_2026-10-03.txt; docs/regression/Audit03/full_off_profile_scope_final_v173_2026-10-03.txt; docs/regression/Audit03/full_on_profile_scope_final_v173_2026-10-03.txt","","docs/NDM_Audit03_Final_Config_Review.md"
"PR2.Calculation.Strength.Capacity","rngCalculationProfiles","Config!K43","UserInput","-","VerifiedEditableBehavior","Минимум K02: активный effect/invalid/inactive и перечисленные технические границы; не exhaustive Double.","modTestLoadTableConfig.RunAudit03ProfileFailureScopeTests","docs/regression/Audit03/profile_scope_final_v173_2026-10-03.txt; docs/regression/Audit03/full_off_profile_scope_final_v173_2026-10-03.txt; docs/regression/Audit03/full_on_profile_scope_final_v173_2026-10-03.txt","","docs/NDM_Audit03_Final_Config_Review.md"
"PR3.Calculation.Strength.Capacity","rngCalculationProfiles","Config!L43","UserInput","-","VerifiedEditableBehavior","Минимум K02: активный effect/invalid/inactive и перечисленные технические границы; не exhaustive Double.","modTestLoadTableConfig.RunAudit03ProfileFailureScopeTests","docs/regression/Audit03/profile_scope_final_v173_2026-10-03.txt; docs/regression/Audit03/full_off_profile_scope_final_v173_2026-10-03.txt; docs/regression/Audit03/full_on_profile_scope_final_v173_2026-10-03.txt","","docs/NDM_Audit03_Final_Config_Review.md"
"PR4.Calculation.Strength.Capacity","rngCalculationProfiles","Config!M43","UserInput","-","VerifiedEditableBehavior","Минимум K02: активный effect/invalid/inactive и перечисленные технические границы; не exhaustive Double.","modTestLoadTableConfig.RunAudit03ProfileFailureScopeTests","docs/regression/Audit03/profile_scope_final_v173_2026-10-03.txt; docs/regression/Audit03/full_off_profile_scope_final_v173_2026-10-03.txt; docs/regression/Audit03/full_on_profile_scope_final_v173_2026-10-03.txt","","docs/NDM_Audit03_Final_Config_Review.md"
"PR1.Calculation.Crack.Width","rngCalculationProfiles","Config!J44","UserInput","-","VerifiedEditableBehavior","Минимум K02: активный effect/invalid/inactive и перечисленные технические границы; не exhaustive Double.","modTestLoadTableConfig.RunAudit03ProfileFailureScopeTests","docs/regression/Audit03/profile_scope_final_v173_2026-10-03.txt; docs/regression/Audit03/full_off_profile_scope_final_v173_2026-10-03.txt; docs/regression/Audit03/full_on_profile_scope_final_v173_2026-10-03.txt","","docs/NDM_Audit03_Final_Config_Review.md"
"PR2.Calculation.Crack.Width","rngCalculationProfiles","Config!K44","UserInput","-","VerifiedEditableBehavior","Минимум K02: активный effect/invalid/inactive и перечисленные технические границы; не exhaustive Double.","modTestLoadTableConfig.RunAudit03ProfileFailureScopeTests","docs/regression/Audit03/profile_scope_final_v173_2026-10-03.txt; docs/regression/Audit03/full_off_profile_scope_final_v173_2026-10-03.txt; docs/regression/Audit03/full_on_profile_scope_final_v173_2026-10-03.txt","","docs/NDM_Audit03_Final_Config_Review.md"
"PR3.Calculation.Crack.Width","rngCalculationProfiles","Config!L44","UserInput","-","VerifiedEditableBehavior","Минимум K02: активный effect/invalid/inactive и перечисленные технические границы; не exhaustive Double.","modTestLoadTableConfig.RunAudit03ProfileFailureScopeTests","docs/regression/Audit03/profile_scope_final_v173_2026-10-03.txt; docs/regression/Audit03/full_off_profile_scope_final_v173_2026-10-03.txt; docs/regression/Audit03/full_on_profile_scope_final_v173_2026-10-03.txt","","docs/NDM_Audit03_Final_Config_Review.md"
"PR4.Calculation.Crack.Width","rngCalculationProfiles","Config!M44","UserInput","-","VerifiedEditableBehavior","Минимум K02: активный effect/invalid/inactive и перечисленные технические границы; не exhaustive Double.","modTestLoadTableConfig.RunAudit03ProfileFailureScopeTests","docs/regression/Audit03/profile_scope_final_v173_2026-10-03.txt; docs/regression/Audit03/full_off_profile_scope_final_v173_2026-10-03.txt; docs/regression/Audit03/full_on_profile_scope_final_v173_2026-10-03.txt","","docs/NDM_Audit03_Final_Config_Review.md"
"PR1.Calculation.Stability.Enabled","rngCalculationProfiles","Config!J45","UserInput","-","VerifiedEditableBehavior","Минимум K02: активный effect/invalid/inactive и перечисленные технические границы; не exhaustive Double.","modTestLoadTableConfig.RunAudit03ProfileFailureScopeTests","docs/regression/Audit03/profile_scope_final_v173_2026-10-03.txt; docs/regression/Audit03/full_off_profile_scope_final_v173_2026-10-03.txt; docs/regression/Audit03/full_on_profile_scope_final_v173_2026-10-03.txt","","docs/NDM_Audit03_Final_Config_Review.md"
"PR2.Calculation.Stability.Enabled","rngCalculationProfiles","Config!K45","UserInput","-","VerifiedEditableBehavior","Минимум K02: активный effect/invalid/inactive и перечисленные технические границы; не exhaustive Double.","modTestLoadTableConfig.RunAudit03ProfileFailureScopeTests","docs/regression/Audit03/profile_scope_final_v173_2026-10-03.txt; docs/regression/Audit03/full_off_profile_scope_final_v173_2026-10-03.txt; docs/regression/Audit03/full_on_profile_scope_final_v173_2026-10-03.txt","","docs/NDM_Audit03_Final_Config_Review.md"
"PR3.Calculation.Stability.Enabled","rngCalculationProfiles","Config!L45","UserInput","-","VerifiedEditableBehavior","Минимум K02: активный effect/invalid/inactive и перечисленные технические границы; не exhaustive Double.","modTestLoadTableConfig.RunAudit03ProfileFailureScopeTests","docs/regression/Audit03/profile_scope_final_v173_2026-10-03.txt; docs/regression/Audit03/full_off_profile_scope_final_v173_2026-10-03.txt; docs/regression/Audit03/full_on_profile_scope_final_v173_2026-10-03.txt","","docs/NDM_Audit03_Final_Config_Review.md"
"PR4.Calculation.Stability.Enabled","rngCalculationProfiles","Config!M45","UserInput","-","VerifiedEditableBehavior","Минимум K02: активный effect/invalid/inactive и перечисленные технические границы; не exhaustive Double.","modTestLoadTableConfig.RunAudit03ProfileFailureScopeTests","docs/regression/Audit03/profile_scope_final_v173_2026-10-03.txt; docs/regression/Audit03/full_off_profile_scope_final_v173_2026-10-03.txt; docs/regression/Audit03/full_on_profile_scope_final_v173_2026-10-03.txt","","docs/NDM_Audit03_Final_Config_Review.md"
"PR1.MaterialModel.Stability.ValueSet","rngCalculationProfiles","Config!J47","UserInput","-","VerifiedEditableBehavior","Минимум K02: активный effect/invalid/inactive и перечисленные технические границы; не exhaustive Double.","modTestProfileConfig.RunAudit03ProfileConfigTests","docs/regression/Audit03/profile_config_v175_2026-10-03.txt; docs/regression/Audit03/relocated_input_v176_2026-10-03.txt; docs/regression/Audit03/full_off_profile_config_v176b_2026-10-03.txt; docs/regression/Audit03/full_on_profile_config_v176_2026-10-03.txt","","docs/NDM_Audit03_Final_Config_Review.md"
"PR2.MaterialModel.Stability.ValueSet","rngCalculationProfiles","Config!K47","UserInput","-","VerifiedEditableBehavior","Минимум K02: активный effect/invalid/inactive и перечисленные технические границы; не exhaustive Double.","modTestProfileConfig.RunAudit03ProfileConfigTests","docs/regression/Audit03/profile_config_v175_2026-10-03.txt; docs/regression/Audit03/relocated_input_v176_2026-10-03.txt; docs/regression/Audit03/full_off_profile_config_v176b_2026-10-03.txt; docs/regression/Audit03/full_on_profile_config_v176_2026-10-03.txt","","docs/NDM_Audit03_Final_Config_Review.md"
"PR3.MaterialModel.Stability.ValueSet","rngCalculationProfiles","Config!L47","UserInput","-","VerifiedEditableBehavior","Минимум K02: активный effect/invalid/inactive и перечисленные технические границы; не exhaustive Double.","modTestProfileConfig.RunAudit03ProfileConfigTests","docs/regression/Audit03/profile_config_v175_2026-10-03.txt; docs/regression/Audit03/relocated_input_v176_2026-10-03.txt; docs/regression/Audit03/full_off_profile_config_v176b_2026-10-03.txt; docs/regression/Audit03/full_on_profile_config_v176_2026-10-03.txt","","docs/NDM_Audit03_Final_Config_Review.md"
"PR4.MaterialModel.Stability.ValueSet","rngCalculationProfiles","Config!M47","UserInput","-","VerifiedEditableBehavior","Минимум K02: активный effect/invalid/inactive и перечисленные технические границы; не exhaustive Double.","modTestProfileConfig.RunAudit03ProfileConfigTests","docs/regression/Audit03/profile_config_v175_2026-10-03.txt; docs/regression/Audit03/relocated_input_v176_2026-10-03.txt; docs/regression/Audit03/full_off_profile_config_v176b_2026-10-03.txt; docs/regression/Audit03/full_on_profile_config_v176_2026-10-03.txt","","docs/NDM_Audit03_Final_Config_Review.md"
"PR1.MaterialModel.Strength.ValueSet","rngCalculationProfiles","Config!J49","UserInput","-","VerifiedEditableBehavior","Минимум K02: активный effect/invalid/inactive и перечисленные технические границы; не exhaustive Double.","modTestProfileConfig.RunAudit03ProfileConfigTests","docs/regression/Audit03/profile_config_v175_2026-10-03.txt; docs/regression/Audit03/relocated_input_v176_2026-10-03.txt; docs/regression/Audit03/full_off_profile_config_v176b_2026-10-03.txt; docs/regression/Audit03/full_on_profile_config_v176_2026-10-03.txt","","docs/NDM_Audit03_Final_Config_Review.md"
"PR2.MaterialModel.Strength.ValueSet","rngCalculationProfiles","Config!K49","UserInput","-","VerifiedEditableBehavior","Минимум K02: активный effect/invalid/inactive и перечисленные технические границы; не exhaustive Double.","modTestProfileConfig.RunAudit03ProfileConfigTests","docs/regression/Audit03/profile_config_v175_2026-10-03.txt; docs/regression/Audit03/relocated_input_v176_2026-10-03.txt; docs/regression/Audit03/full_off_profile_config_v176b_2026-10-03.txt; docs/regression/Audit03/full_on_profile_config_v176_2026-10-03.txt","","docs/NDM_Audit03_Final_Config_Review.md"
"PR3.MaterialModel.Strength.ValueSet","rngCalculationProfiles","Config!L49","UserInput","-","VerifiedEditableBehavior","Минимум K02: активный effect/invalid/inactive и перечисленные технические границы; не exhaustive Double.","modTestProfileConfig.RunAudit03ProfileConfigTests","docs/regression/Audit03/profile_config_v175_2026-10-03.txt; docs/regression/Audit03/relocated_input_v176_2026-10-03.txt; docs/regression/Audit03/full_off_profile_config_v176b_2026-10-03.txt; docs/regression/Audit03/full_on_profile_config_v176_2026-10-03.txt","","docs/NDM_Audit03_Final_Config_Review.md"
"PR4.MaterialModel.Strength.ValueSet","rngCalculationProfiles","Config!M49","UserInput","-","VerifiedEditableBehavior","Минимум K02: активный effect/invalid/inactive и перечисленные технические границы; не exhaustive Double.","modTestProfileConfig.RunAudit03ProfileConfigTests","docs/regression/Audit03/profile_config_v175_2026-10-03.txt; docs/regression/Audit03/relocated_input_v176_2026-10-03.txt; docs/regression/Audit03/full_off_profile_config_v176b_2026-10-03.txt; docs/regression/Audit03/full_on_profile_config_v176_2026-10-03.txt","","docs/NDM_Audit03_Final_Config_Review.md"
"PR1.MaterialModel.Strength.ConcreteDiagram","rngCalculationProfiles","Config!J50","UserInput","-","VerifiedEditableBehavior","Минимум K02: активный effect/invalid/inactive и перечисленные технические границы; не exhaustive Double.","modTestProfileConfig.RunAudit03ProfileConfigTests","docs/regression/Audit03/profile_config_v175_2026-10-03.txt; docs/regression/Audit03/relocated_input_v176_2026-10-03.txt; docs/regression/Audit03/full_off_profile_config_v176b_2026-10-03.txt; docs/regression/Audit03/full_on_profile_config_v176_2026-10-03.txt","","docs/NDM_Audit03_Final_Config_Review.md"
"PR2.MaterialModel.Strength.ConcreteDiagram","rngCalculationProfiles","Config!K50","UserInput","-","VerifiedEditableBehavior","Минимум K02: активный effect/invalid/inactive и перечисленные технические границы; не exhaustive Double.","modTestProfileConfig.RunAudit03ProfileConfigTests","docs/regression/Audit03/profile_config_v175_2026-10-03.txt; docs/regression/Audit03/relocated_input_v176_2026-10-03.txt; docs/regression/Audit03/full_off_profile_config_v176b_2026-10-03.txt; docs/regression/Audit03/full_on_profile_config_v176_2026-10-03.txt","","docs/NDM_Audit03_Final_Config_Review.md"
"PR3.MaterialModel.Strength.ConcreteDiagram","rngCalculationProfiles","Config!L50","UserInput","-","VerifiedEditableBehavior","Минимум K02: активный effect/invalid/inactive и перечисленные технические границы; не exhaustive Double.","modTestProfileConfig.RunAudit03ProfileConfigTests","docs/regression/Audit03/profile_config_v175_2026-10-03.txt; docs/regression/Audit03/relocated_input_v176_2026-10-03.txt; docs/regression/Audit03/full_off_profile_config_v176b_2026-10-03.txt; docs/regression/Audit03/full_on_profile_config_v176_2026-10-03.txt","","docs/NDM_Audit03_Final_Config_Review.md"
"PR4.MaterialModel.Strength.ConcreteDiagram","rngCalculationProfiles","Config!M50","UserInput","-","VerifiedEditableBehavior","Минимум K02: активный effect/invalid/inactive и перечисленные технические границы; не exhaustive Double.","modTestProfileConfig.RunAudit03ProfileConfigTests","docs/regression/Audit03/profile_config_v175_2026-10-03.txt; docs/regression/Audit03/relocated_input_v176_2026-10-03.txt; docs/regression/Audit03/full_off_profile_config_v176b_2026-10-03.txt; docs/regression/Audit03/full_on_profile_config_v176_2026-10-03.txt","","docs/NDM_Audit03_Final_Config_Review.md"
"PR1.MaterialModel.Strength.ConcreteTension","rngCalculationProfiles","Config!J51","UserInput","-","VerifiedEditableBehavior","Минимум K02: активный effect/invalid/inactive и перечисленные технические границы; не exhaustive Double.","modTestProfileConfig.RunAudit03ProfileConfigTests","docs/regression/Audit03/profile_config_v175_2026-10-03.txt; docs/regression/Audit03/relocated_input_v176_2026-10-03.txt; docs/regression/Audit03/full_off_profile_config_v176b_2026-10-03.txt; docs/regression/Audit03/full_on_profile_config_v176_2026-10-03.txt","","docs/NDM_Audit03_Final_Config_Review.md"
"PR2.MaterialModel.Strength.ConcreteTension","rngCalculationProfiles","Config!K51","UserInput","-","VerifiedEditableBehavior","Минимум K02: активный effect/invalid/inactive и перечисленные технические границы; не exhaustive Double.","modTestProfileConfig.RunAudit03ProfileConfigTests","docs/regression/Audit03/profile_config_v175_2026-10-03.txt; docs/regression/Audit03/relocated_input_v176_2026-10-03.txt; docs/regression/Audit03/full_off_profile_config_v176b_2026-10-03.txt; docs/regression/Audit03/full_on_profile_config_v176_2026-10-03.txt","","docs/NDM_Audit03_Final_Config_Review.md"
"PR3.MaterialModel.Strength.ConcreteTension","rngCalculationProfiles","Config!L51","UserInput","-","VerifiedEditableBehavior","Минимум K02: активный effect/invalid/inactive и перечисленные технические границы; не exhaustive Double.","modTestProfileConfig.RunAudit03ProfileConfigTests","docs/regression/Audit03/profile_config_v175_2026-10-03.txt; docs/regression/Audit03/relocated_input_v176_2026-10-03.txt; docs/regression/Audit03/full_off_profile_config_v176b_2026-10-03.txt; docs/regression/Audit03/full_on_profile_config_v176_2026-10-03.txt","","docs/NDM_Audit03_Final_Config_Review.md"
"PR4.MaterialModel.Strength.ConcreteTension","rngCalculationProfiles","Config!M51","UserInput","-","VerifiedEditableBehavior","Минимум K02: активный effect/invalid/inactive и перечисленные технические границы; не exhaustive Double.","modTestProfileConfig.RunAudit03ProfileConfigTests","docs/regression/Audit03/profile_config_v175_2026-10-03.txt; docs/regression/Audit03/relocated_input_v176_2026-10-03.txt; docs/regression/Audit03/full_off_profile_config_v176b_2026-10-03.txt; docs/regression/Audit03/full_on_profile_config_v176_2026-10-03.txt","","docs/NDM_Audit03_Final_Config_Review.md"
"PR1.MaterialModel.Strength.SteelDiagram","rngCalculationProfiles","Config!J52","UserInput","-","VerifiedEditableBehavior","Минимум K02: активный effect/invalid/inactive и перечисленные технические границы; не exhaustive Double.","modTestProfileConfig.RunAudit03ProfileConfigTests","docs/regression/Audit03/profile_config_v175_2026-10-03.txt; docs/regression/Audit03/relocated_input_v176_2026-10-03.txt; docs/regression/Audit03/full_off_profile_config_v176b_2026-10-03.txt; docs/regression/Audit03/full_on_profile_config_v176_2026-10-03.txt","","docs/NDM_Audit03_Final_Config_Review.md"
"PR2.MaterialModel.Strength.SteelDiagram","rngCalculationProfiles","Config!K52","UserInput","-","VerifiedEditableBehavior","Минимум K02: активный effect/invalid/inactive и перечисленные технические границы; не exhaustive Double.","modTestProfileConfig.RunAudit03ProfileConfigTests","docs/regression/Audit03/profile_config_v175_2026-10-03.txt; docs/regression/Audit03/relocated_input_v176_2026-10-03.txt; docs/regression/Audit03/full_off_profile_config_v176b_2026-10-03.txt; docs/regression/Audit03/full_on_profile_config_v176_2026-10-03.txt","","docs/NDM_Audit03_Final_Config_Review.md"
"PR3.MaterialModel.Strength.SteelDiagram","rngCalculationProfiles","Config!L52","UserInput","-","VerifiedEditableBehavior","Минимум K02: активный effect/invalid/inactive и перечисленные технические границы; не exhaustive Double.","modTestProfileConfig.RunAudit03ProfileConfigTests","docs/regression/Audit03/profile_config_v175_2026-10-03.txt; docs/regression/Audit03/relocated_input_v176_2026-10-03.txt; docs/regression/Audit03/full_off_profile_config_v176b_2026-10-03.txt; docs/regression/Audit03/full_on_profile_config_v176_2026-10-03.txt","","docs/NDM_Audit03_Final_Config_Review.md"
"PR4.MaterialModel.Strength.SteelDiagram","rngCalculationProfiles","Config!M52","UserInput","-","VerifiedEditableBehavior","Минимум K02: активный effect/invalid/inactive и перечисленные технические границы; не exhaustive Double.","modTestProfileConfig.RunAudit03ProfileConfigTests","docs/regression/Audit03/profile_config_v175_2026-10-03.txt; docs/regression/Audit03/relocated_input_v176_2026-10-03.txt; docs/regression/Audit03/full_off_profile_config_v176b_2026-10-03.txt; docs/regression/Audit03/full_on_profile_config_v176_2026-10-03.txt","","docs/NDM_Audit03_Final_Config_Review.md"
"PR1.MaterialModel.CrackInitiation.ValueSet","rngCalculationProfiles","Config!J54","UserInput","-","VerifiedEditableBehavior","Минимум K02: активный effect/invalid/inactive и перечисленные технические границы; не exhaustive Double.","modTestProfileConfig.RunAudit03ProfileConfigTests","docs/regression/Audit03/profile_config_v175_2026-10-03.txt; docs/regression/Audit03/relocated_input_v176_2026-10-03.txt; docs/regression/Audit03/full_off_profile_config_v176b_2026-10-03.txt; docs/regression/Audit03/full_on_profile_config_v176_2026-10-03.txt","","docs/NDM_Audit03_Final_Config_Review.md"
"PR2.MaterialModel.CrackInitiation.ValueSet","rngCalculationProfiles","Config!K54","UserInput","-","VerifiedEditableBehavior","Минимум K02: активный effect/invalid/inactive и перечисленные технические границы; не exhaustive Double.","modTestProfileConfig.RunAudit03ProfileConfigTests","docs/regression/Audit03/profile_config_v175_2026-10-03.txt; docs/regression/Audit03/relocated_input_v176_2026-10-03.txt; docs/regression/Audit03/full_off_profile_config_v176b_2026-10-03.txt; docs/regression/Audit03/full_on_profile_config_v176_2026-10-03.txt","","docs/NDM_Audit03_Final_Config_Review.md"
"PR3.MaterialModel.CrackInitiation.ValueSet","rngCalculationProfiles","Config!L54","UserInput","-","VerifiedEditableBehavior","Минимум K02: активный effect/invalid/inactive и перечисленные технические границы; не exhaustive Double.","modTestProfileConfig.RunAudit03ProfileConfigTests","docs/regression/Audit03/profile_config_v175_2026-10-03.txt; docs/regression/Audit03/relocated_input_v176_2026-10-03.txt; docs/regression/Audit03/full_off_profile_config_v176b_2026-10-03.txt; docs/regression/Audit03/full_on_profile_config_v176_2026-10-03.txt","","docs/NDM_Audit03_Final_Config_Review.md"
"PR4.MaterialModel.CrackInitiation.ValueSet","rngCalculationProfiles","Config!M54","UserInput","-","VerifiedEditableBehavior","Минимум K02: активный effect/invalid/inactive и перечисленные технические границы; не exhaustive Double.","modTestProfileConfig.RunAudit03ProfileConfigTests","docs/regression/Audit03/profile_config_v175_2026-10-03.txt; docs/regression/Audit03/relocated_input_v176_2026-10-03.txt; docs/regression/Audit03/full_off_profile_config_v176b_2026-10-03.txt; docs/regression/Audit03/full_on_profile_config_v176_2026-10-03.txt","","docs/NDM_Audit03_Final_Config_Review.md"
"PR1.MaterialModel.CrackInitiation.ConcreteDiagram","rngCalculationProfiles","Config!J55","UserInput","-","VerifiedEditableBehavior","Минимум K02: активный effect/invalid/inactive и перечисленные технические границы; не exhaustive Double.","modTestProfileConfig.RunAudit03ProfileConfigTests","docs/regression/Audit03/profile_config_v175_2026-10-03.txt; docs/regression/Audit03/relocated_input_v176_2026-10-03.txt; docs/regression/Audit03/full_off_profile_config_v176b_2026-10-03.txt; docs/regression/Audit03/full_on_profile_config_v176_2026-10-03.txt","","docs/NDM_Audit03_Final_Config_Review.md"
"PR2.MaterialModel.CrackInitiation.ConcreteDiagram","rngCalculationProfiles","Config!K55","UserInput","-","VerifiedEditableBehavior","Минимум K02: активный effect/invalid/inactive и перечисленные технические границы; не exhaustive Double.","modTestProfileConfig.RunAudit03ProfileConfigTests","docs/regression/Audit03/profile_config_v175_2026-10-03.txt; docs/regression/Audit03/relocated_input_v176_2026-10-03.txt; docs/regression/Audit03/full_off_profile_config_v176b_2026-10-03.txt; docs/regression/Audit03/full_on_profile_config_v176_2026-10-03.txt","","docs/NDM_Audit03_Final_Config_Review.md"
"PR3.MaterialModel.CrackInitiation.ConcreteDiagram","rngCalculationProfiles","Config!L55","UserInput","-","VerifiedEditableBehavior","Минимум K02: активный effect/invalid/inactive и перечисленные технические границы; не exhaustive Double.","modTestProfileConfig.RunAudit03ProfileConfigTests","docs/regression/Audit03/profile_config_v175_2026-10-03.txt; docs/regression/Audit03/relocated_input_v176_2026-10-03.txt; docs/regression/Audit03/full_off_profile_config_v176b_2026-10-03.txt; docs/regression/Audit03/full_on_profile_config_v176_2026-10-03.txt","","docs/NDM_Audit03_Final_Config_Review.md"
"PR4.MaterialModel.CrackInitiation.ConcreteDiagram","rngCalculationProfiles","Config!M55","UserInput","-","VerifiedEditableBehavior","Минимум K02: активный effect/invalid/inactive и перечисленные технические границы; не exhaustive Double.","modTestProfileConfig.RunAudit03ProfileConfigTests","docs/regression/Audit03/profile_config_v175_2026-10-03.txt; docs/regression/Audit03/relocated_input_v176_2026-10-03.txt; docs/regression/Audit03/full_off_profile_config_v176b_2026-10-03.txt; docs/regression/Audit03/full_on_profile_config_v176_2026-10-03.txt","","docs/NDM_Audit03_Final_Config_Review.md"
"PR1.MaterialModel.CrackInitiation.ConcreteTension","rngCalculationProfiles","Config!J56","UserInput","-","VerifiedEditableBehavior","Минимум K02: активный effect/invalid/inactive и перечисленные технические границы; не exhaustive Double.","modTestProfileConfig.RunAudit03ProfileConfigTests","docs/regression/Audit03/profile_config_v175_2026-10-03.txt; docs/regression/Audit03/relocated_input_v176_2026-10-03.txt; docs/regression/Audit03/full_off_profile_config_v176b_2026-10-03.txt; docs/regression/Audit03/full_on_profile_config_v176_2026-10-03.txt","","docs/NDM_Audit03_Final_Config_Review.md"
"PR2.MaterialModel.CrackInitiation.ConcreteTension","rngCalculationProfiles","Config!K56","UserInput","-","VerifiedEditableBehavior","Минимум K02: активный effect/invalid/inactive и перечисленные технические границы; не exhaustive Double.","modTestProfileConfig.RunAudit03ProfileConfigTests","docs/regression/Audit03/profile_config_v175_2026-10-03.txt; docs/regression/Audit03/relocated_input_v176_2026-10-03.txt; docs/regression/Audit03/full_off_profile_config_v176b_2026-10-03.txt; docs/regression/Audit03/full_on_profile_config_v176_2026-10-03.txt","","docs/NDM_Audit03_Final_Config_Review.md"
"PR3.MaterialModel.CrackInitiation.ConcreteTension","rngCalculationProfiles","Config!L56","UserInput","-","VerifiedEditableBehavior","Минимум K02: активный effect/invalid/inactive и перечисленные технические границы; не exhaustive Double.","modTestProfileConfig.RunAudit03ProfileConfigTests","docs/regression/Audit03/profile_config_v175_2026-10-03.txt; docs/regression/Audit03/relocated_input_v176_2026-10-03.txt; docs/regression/Audit03/full_off_profile_config_v176b_2026-10-03.txt; docs/regression/Audit03/full_on_profile_config_v176_2026-10-03.txt","","docs/NDM_Audit03_Final_Config_Review.md"
"PR4.MaterialModel.CrackInitiation.ConcreteTension","rngCalculationProfiles","Config!M56","UserInput","-","VerifiedEditableBehavior","Минимум K02: активный effect/invalid/inactive и перечисленные технические границы; не exhaustive Double.","modTestProfileConfig.RunAudit03ProfileConfigTests","docs/regression/Audit03/profile_config_v175_2026-10-03.txt; docs/regression/Audit03/relocated_input_v176_2026-10-03.txt; docs/regression/Audit03/full_off_profile_config_v176b_2026-10-03.txt; docs/regression/Audit03/full_on_profile_config_v176_2026-10-03.txt","","docs/NDM_Audit03_Final_Config_Review.md"
"PR1.MaterialModel.CrackInitiation.SteelDiagram","rngCalculationProfiles","Config!J57","UserInput","-","VerifiedEditableBehavior","Минимум K02: активный effect/invalid/inactive и перечисленные технические границы; не exhaustive Double.","modTestProfileConfig.RunAudit03ProfileConfigTests","docs/regression/Audit03/profile_config_v175_2026-10-03.txt; docs/regression/Audit03/relocated_input_v176_2026-10-03.txt; docs/regression/Audit03/full_off_profile_config_v176b_2026-10-03.txt; docs/regression/Audit03/full_on_profile_config_v176_2026-10-03.txt","","docs/NDM_Audit03_Final_Config_Review.md"
"PR2.MaterialModel.CrackInitiation.SteelDiagram","rngCalculationProfiles","Config!K57","UserInput","-","VerifiedEditableBehavior","Минимум K02: активный effect/invalid/inactive и перечисленные технические границы; не exhaustive Double.","modTestProfileConfig.RunAudit03ProfileConfigTests","docs/regression/Audit03/profile_config_v175_2026-10-03.txt; docs/regression/Audit03/relocated_input_v176_2026-10-03.txt; docs/regression/Audit03/full_off_profile_config_v176b_2026-10-03.txt; docs/regression/Audit03/full_on_profile_config_v176_2026-10-03.txt","","docs/NDM_Audit03_Final_Config_Review.md"
"PR3.MaterialModel.CrackInitiation.SteelDiagram","rngCalculationProfiles","Config!L57","UserInput","-","VerifiedEditableBehavior","Минимум K02: активный effect/invalid/inactive и перечисленные технические границы; не exhaustive Double.","modTestProfileConfig.RunAudit03ProfileConfigTests","docs/regression/Audit03/profile_config_v175_2026-10-03.txt; docs/regression/Audit03/relocated_input_v176_2026-10-03.txt; docs/regression/Audit03/full_off_profile_config_v176b_2026-10-03.txt; docs/regression/Audit03/full_on_profile_config_v176_2026-10-03.txt","","docs/NDM_Audit03_Final_Config_Review.md"
"PR4.MaterialModel.CrackInitiation.SteelDiagram","rngCalculationProfiles","Config!M57","UserInput","-","VerifiedEditableBehavior","Минимум K02: активный effect/invalid/inactive и перечисленные технические границы; не exhaustive Double.","modTestProfileConfig.RunAudit03ProfileConfigTests","docs/regression/Audit03/profile_config_v175_2026-10-03.txt; docs/regression/Audit03/relocated_input_v176_2026-10-03.txt; docs/regression/Audit03/full_off_profile_config_v176b_2026-10-03.txt; docs/regression/Audit03/full_on_profile_config_v176_2026-10-03.txt","","docs/NDM_Audit03_Final_Config_Review.md"
"PR1.MaterialModel.CrackedState.ValueSet","rngCalculationProfiles","Config!J59","UserInput","-","VerifiedEditableBehavior","Минимум K02: активный effect/invalid/inactive и перечисленные технические границы; не exhaustive Double.","modTestProfileConfig.RunAudit03ProfileConfigTests","docs/regression/Audit03/profile_config_v175_2026-10-03.txt; docs/regression/Audit03/relocated_input_v176_2026-10-03.txt; docs/regression/Audit03/full_off_profile_config_v176b_2026-10-03.txt; docs/regression/Audit03/full_on_profile_config_v176_2026-10-03.txt","","docs/NDM_Audit03_Final_Config_Review.md"
"PR2.MaterialModel.CrackedState.ValueSet","rngCalculationProfiles","Config!K59","UserInput","-","VerifiedEditableBehavior","Минимум K02: активный effect/invalid/inactive и перечисленные технические границы; не exhaustive Double.","modTestProfileConfig.RunAudit03ProfileConfigTests","docs/regression/Audit03/profile_config_v175_2026-10-03.txt; docs/regression/Audit03/relocated_input_v176_2026-10-03.txt; docs/regression/Audit03/full_off_profile_config_v176b_2026-10-03.txt; docs/regression/Audit03/full_on_profile_config_v176_2026-10-03.txt","","docs/NDM_Audit03_Final_Config_Review.md"
"PR3.MaterialModel.CrackedState.ValueSet","rngCalculationProfiles","Config!L59","UserInput","-","VerifiedEditableBehavior","Минимум K02: активный effect/invalid/inactive и перечисленные технические границы; не exhaustive Double.","modTestProfileConfig.RunAudit03ProfileConfigTests","docs/regression/Audit03/profile_config_v175_2026-10-03.txt; docs/regression/Audit03/relocated_input_v176_2026-10-03.txt; docs/regression/Audit03/full_off_profile_config_v176b_2026-10-03.txt; docs/regression/Audit03/full_on_profile_config_v176_2026-10-03.txt","","docs/NDM_Audit03_Final_Config_Review.md"
"PR4.MaterialModel.CrackedState.ValueSet","rngCalculationProfiles","Config!M59","UserInput","-","VerifiedEditableBehavior","Минимум K02: активный effect/invalid/inactive и перечисленные технические границы; не exhaustive Double.","modTestProfileConfig.RunAudit03ProfileConfigTests","docs/regression/Audit03/profile_config_v175_2026-10-03.txt; docs/regression/Audit03/relocated_input_v176_2026-10-03.txt; docs/regression/Audit03/full_off_profile_config_v176b_2026-10-03.txt; docs/regression/Audit03/full_on_profile_config_v176_2026-10-03.txt","","docs/NDM_Audit03_Final_Config_Review.md"
"PR1.MaterialModel.CrackedState.ConcreteDiagram","rngCalculationProfiles","Config!J60","UserInput","-","VerifiedEditableBehavior","Минимум K02: активный effect/invalid/inactive и перечисленные технические границы; не exhaustive Double.","modTestProfileConfig.RunAudit03ProfileConfigTests","docs/regression/Audit03/profile_config_v175_2026-10-03.txt; docs/regression/Audit03/relocated_input_v176_2026-10-03.txt; docs/regression/Audit03/full_off_profile_config_v176b_2026-10-03.txt; docs/regression/Audit03/full_on_profile_config_v176_2026-10-03.txt","","docs/NDM_Audit03_Final_Config_Review.md"
"PR2.MaterialModel.CrackedState.ConcreteDiagram","rngCalculationProfiles","Config!K60","UserInput","-","VerifiedEditableBehavior","Минимум K02: активный effect/invalid/inactive и перечисленные технические границы; не exhaustive Double.","modTestProfileConfig.RunAudit03ProfileConfigTests","docs/regression/Audit03/profile_config_v175_2026-10-03.txt; docs/regression/Audit03/relocated_input_v176_2026-10-03.txt; docs/regression/Audit03/full_off_profile_config_v176b_2026-10-03.txt; docs/regression/Audit03/full_on_profile_config_v176_2026-10-03.txt","","docs/NDM_Audit03_Final_Config_Review.md"
"PR3.MaterialModel.CrackedState.ConcreteDiagram","rngCalculationProfiles","Config!L60","UserInput","-","VerifiedEditableBehavior","Минимум K02: активный effect/invalid/inactive и перечисленные технические границы; не exhaustive Double.","modTestProfileConfig.RunAudit03ProfileConfigTests","docs/regression/Audit03/profile_config_v175_2026-10-03.txt; docs/regression/Audit03/relocated_input_v176_2026-10-03.txt; docs/regression/Audit03/full_off_profile_config_v176b_2026-10-03.txt; docs/regression/Audit03/full_on_profile_config_v176_2026-10-03.txt","","docs/NDM_Audit03_Final_Config_Review.md"
"PR4.MaterialModel.CrackedState.ConcreteDiagram","rngCalculationProfiles","Config!M60","UserInput","-","VerifiedEditableBehavior","Минимум K02: активный effect/invalid/inactive и перечисленные технические границы; не exhaustive Double.","modTestProfileConfig.RunAudit03ProfileConfigTests","docs/regression/Audit03/profile_config_v175_2026-10-03.txt; docs/regression/Audit03/relocated_input_v176_2026-10-03.txt; docs/regression/Audit03/full_off_profile_config_v176b_2026-10-03.txt; docs/regression/Audit03/full_on_profile_config_v176_2026-10-03.txt","","docs/NDM_Audit03_Final_Config_Review.md"
"PR1.MaterialModel.CrackedState.ConcreteTension","rngCalculationProfiles","Config!J61","UserInput","-","VerifiedEditableBehavior","Минимум K02: активный effect/invalid/inactive и перечисленные технические границы; не exhaustive Double.","modTestProfileConfig.RunAudit03ProfileConfigTests","docs/regression/Audit03/profile_config_v175_2026-10-03.txt; docs/regression/Audit03/relocated_input_v176_2026-10-03.txt; docs/regression/Audit03/full_off_profile_config_v176b_2026-10-03.txt; docs/regression/Audit03/full_on_profile_config_v176_2026-10-03.txt","","docs/NDM_Audit03_Final_Config_Review.md"
"PR2.MaterialModel.CrackedState.ConcreteTension","rngCalculationProfiles","Config!K61","UserInput","-","VerifiedEditableBehavior","Минимум K02: активный effect/invalid/inactive и перечисленные технические границы; не exhaustive Double.","modTestProfileConfig.RunAudit03ProfileConfigTests","docs/regression/Audit03/profile_config_v175_2026-10-03.txt; docs/regression/Audit03/relocated_input_v176_2026-10-03.txt; docs/regression/Audit03/full_off_profile_config_v176b_2026-10-03.txt; docs/regression/Audit03/full_on_profile_config_v176_2026-10-03.txt","","docs/NDM_Audit03_Final_Config_Review.md"
"PR3.MaterialModel.CrackedState.ConcreteTension","rngCalculationProfiles","Config!L61","UserInput","-","VerifiedEditableBehavior","Минимум K02: активный effect/invalid/inactive и перечисленные технические границы; не exhaustive Double.","modTestProfileConfig.RunAudit03ProfileConfigTests","docs/regression/Audit03/profile_config_v175_2026-10-03.txt; docs/regression/Audit03/relocated_input_v176_2026-10-03.txt; docs/regression/Audit03/full_off_profile_config_v176b_2026-10-03.txt; docs/regression/Audit03/full_on_profile_config_v176_2026-10-03.txt","","docs/NDM_Audit03_Final_Config_Review.md"
"PR4.MaterialModel.CrackedState.ConcreteTension","rngCalculationProfiles","Config!M61","UserInput","-","VerifiedEditableBehavior","Минимум K02: активный effect/invalid/inactive и перечисленные технические границы; не exhaustive Double.","modTestProfileConfig.RunAudit03ProfileConfigTests","docs/regression/Audit03/profile_config_v175_2026-10-03.txt; docs/regression/Audit03/relocated_input_v176_2026-10-03.txt; docs/regression/Audit03/full_off_profile_config_v176b_2026-10-03.txt; docs/regression/Audit03/full_on_profile_config_v176_2026-10-03.txt","","docs/NDM_Audit03_Final_Config_Review.md"
"PR1.MaterialModel.CrackedState.SteelDiagram","rngCalculationProfiles","Config!J62","UserInput","-","VerifiedEditableBehavior","Минимум K02: активный effect/invalid/inactive и перечисленные технические границы; не exhaustive Double.","modTestProfileConfig.RunAudit03ProfileConfigTests","docs/regression/Audit03/profile_config_v175_2026-10-03.txt; docs/regression/Audit03/relocated_input_v176_2026-10-03.txt; docs/regression/Audit03/full_off_profile_config_v176b_2026-10-03.txt; docs/regression/Audit03/full_on_profile_config_v176_2026-10-03.txt","","docs/NDM_Audit03_Final_Config_Review.md"
"PR2.MaterialModel.CrackedState.SteelDiagram","rngCalculationProfiles","Config!K62","UserInput","-","VerifiedEditableBehavior","Минимум K02: активный effect/invalid/inactive и перечисленные технические границы; не exhaustive Double.","modTestProfileConfig.RunAudit03ProfileConfigTests","docs/regression/Audit03/profile_config_v175_2026-10-03.txt; docs/regression/Audit03/relocated_input_v176_2026-10-03.txt; docs/regression/Audit03/full_off_profile_config_v176b_2026-10-03.txt; docs/regression/Audit03/full_on_profile_config_v176_2026-10-03.txt","","docs/NDM_Audit03_Final_Config_Review.md"
"PR3.MaterialModel.CrackedState.SteelDiagram","rngCalculationProfiles","Config!L62","UserInput","-","VerifiedEditableBehavior","Минимум K02: активный effect/invalid/inactive и перечисленные технические границы; не exhaustive Double.","modTestProfileConfig.RunAudit03ProfileConfigTests","docs/regression/Audit03/profile_config_v175_2026-10-03.txt; docs/regression/Audit03/relocated_input_v176_2026-10-03.txt; docs/regression/Audit03/full_off_profile_config_v176b_2026-10-03.txt; docs/regression/Audit03/full_on_profile_config_v176_2026-10-03.txt","","docs/NDM_Audit03_Final_Config_Review.md"
"PR4.MaterialModel.CrackedState.SteelDiagram","rngCalculationProfiles","Config!M62","UserInput","-","VerifiedEditableBehavior","Минимум K02: активный effect/invalid/inactive и перечисленные технические границы; не exhaustive Double.","modTestProfileConfig.RunAudit03ProfileConfigTests","docs/regression/Audit03/profile_config_v175_2026-10-03.txt; docs/regression/Audit03/relocated_input_v176_2026-10-03.txt; docs/regression/Audit03/full_off_profile_config_v176b_2026-10-03.txt; docs/regression/Audit03/full_on_profile_config_v176_2026-10-03.txt","","docs/NDM_Audit03_Final_Config_Review.md"
"PR1.Visualization.State","rngCalculationProfiles","Config!J64","UserInput","-","VerifiedEditableBehavior","Минимум K02: активный effect/invalid/inactive и перечисленные технические границы; не exhaustive Double.","modTestProfileConfig.RunAudit03ProfileConfigTests","docs/regression/Audit03/full_off_presentation_v199_2026-10-04.txt; docs/regression/Audit03/presentation_profiles_v198_2026-10-04.txt; docs/regression/Audit03/full_off_presentation_v199_2026-10-04.txt; docs/regression/Audit03/full_on_presentation_v199b_2026-10-04.txt","","docs/NDM_Audit03_Final_Config_Review.md"
"PR2.Visualization.State","rngCalculationProfiles","Config!K64","UserInput","-","VerifiedEditableBehavior","Минимум K02: активный effect/invalid/inactive и перечисленные технические границы; не exhaustive Double.","modTestProfileConfig.RunAudit03ProfileConfigTests","docs/regression/Audit03/full_off_presentation_v199_2026-10-04.txt; docs/regression/Audit03/presentation_profiles_v198_2026-10-04.txt; docs/regression/Audit03/full_off_presentation_v199_2026-10-04.txt; docs/regression/Audit03/full_on_presentation_v199b_2026-10-04.txt","","docs/NDM_Audit03_Final_Config_Review.md"
"PR3.Visualization.State","rngCalculationProfiles","Config!L64","UserInput","-","VerifiedEditableBehavior","Минимум K02: активный effect/invalid/inactive и перечисленные технические границы; не exhaustive Double.","modTestProfileConfig.RunAudit03ProfileConfigTests","docs/regression/Audit03/full_off_presentation_v199_2026-10-04.txt; docs/regression/Audit03/presentation_profiles_v198_2026-10-04.txt; docs/regression/Audit03/full_off_presentation_v199_2026-10-04.txt; docs/regression/Audit03/full_on_presentation_v199b_2026-10-04.txt","","docs/NDM_Audit03_Final_Config_Review.md"
"PR4.Visualization.State","rngCalculationProfiles","Config!M64","UserInput","-","VerifiedEditableBehavior","Минимум K02: активный effect/invalid/inactive и перечисленные технические границы; не exhaustive Double.","modTestProfileConfig.RunAudit03ProfileConfigTests","docs/regression/Audit03/full_off_presentation_v199_2026-10-04.txt; docs/regression/Audit03/presentation_profiles_v198_2026-10-04.txt; docs/regression/Audit03/full_off_presentation_v199_2026-10-04.txt; docs/regression/Audit03/full_on_presentation_v199b_2026-10-04.txt","","docs/NDM_Audit03_Final_Config_Review.md"
"PR1.Visualization.Quantity","rngCalculationProfiles","Config!J65","UserInput","-","VerifiedEditableBehavior","Минимум K02: активный effect/invalid/inactive и перечисленные технические границы; не exhaustive Double.","modTestProfileConfig.RunAudit03ProfileConfigTests","docs/regression/Audit03/full_off_presentation_v199_2026-10-04.txt; docs/regression/Audit03/presentation_profiles_v198_2026-10-04.txt; docs/regression/Audit03/full_off_presentation_v199_2026-10-04.txt; docs/regression/Audit03/full_on_presentation_v199b_2026-10-04.txt","","docs/NDM_Audit03_Final_Config_Review.md"
"PR2.Visualization.Quantity","rngCalculationProfiles","Config!K65","UserInput","-","VerifiedEditableBehavior","Минимум K02: активный effect/invalid/inactive и перечисленные технические границы; не exhaustive Double.","modTestProfileConfig.RunAudit03ProfileConfigTests","docs/regression/Audit03/full_off_presentation_v199_2026-10-04.txt; docs/regression/Audit03/presentation_profiles_v198_2026-10-04.txt; docs/regression/Audit03/full_off_presentation_v199_2026-10-04.txt; docs/regression/Audit03/full_on_presentation_v199b_2026-10-04.txt","","docs/NDM_Audit03_Final_Config_Review.md"
"PR3.Visualization.Quantity","rngCalculationProfiles","Config!L65","UserInput","-","VerifiedEditableBehavior","Минимум K02: активный effect/invalid/inactive и перечисленные технические границы; не exhaustive Double.","modTestProfileConfig.RunAudit03ProfileConfigTests","docs/regression/Audit03/full_off_presentation_v199_2026-10-04.txt; docs/regression/Audit03/presentation_profiles_v198_2026-10-04.txt; docs/regression/Audit03/full_off_presentation_v199_2026-10-04.txt; docs/regression/Audit03/full_on_presentation_v199b_2026-10-04.txt","","docs/NDM_Audit03_Final_Config_Review.md"
"PR4.Visualization.Quantity","rngCalculationProfiles","Config!M65","UserInput","-","VerifiedEditableBehavior","Минимум K02: активный effect/invalid/inactive и перечисленные технические границы; не exhaustive Double.","modTestProfileConfig.RunAudit03ProfileConfigTests","docs/regression/Audit03/full_off_presentation_v199_2026-10-04.txt; docs/regression/Audit03/presentation_profiles_v198_2026-10-04.txt; docs/regression/Audit03/full_off_presentation_v199_2026-10-04.txt; docs/regression/Audit03/full_on_presentation_v199b_2026-10-04.txt","","docs/NDM_Audit03_Final_Config_Review.md"
"PR1.Visualization.StressPrecision","rngCalculationProfiles","Config!J66","UserInput","-","VerifiedEditableBehavior","Минимум K02: активный effect/invalid/inactive и перечисленные технические границы; не exhaustive Double.","modTestProfileConfig.RunAudit03ProfileConfigTests","docs/regression/Audit03/full_off_presentation_v199_2026-10-04.txt; docs/regression/Audit03/presentation_profiles_v198_2026-10-04.txt; docs/regression/Audit03/full_off_presentation_v199_2026-10-04.txt; docs/regression/Audit03/full_on_presentation_v199b_2026-10-04.txt","","docs/NDM_Audit03_Final_Config_Review.md"
"PR2.Visualization.StressPrecision","rngCalculationProfiles","Config!K66","UserInput","-","VerifiedEditableBehavior","Минимум K02: активный effect/invalid/inactive и перечисленные технические границы; не exhaustive Double.","modTestProfileConfig.RunAudit03ProfileConfigTests","docs/regression/Audit03/full_off_presentation_v199_2026-10-04.txt; docs/regression/Audit03/presentation_profiles_v198_2026-10-04.txt; docs/regression/Audit03/full_off_presentation_v199_2026-10-04.txt; docs/regression/Audit03/full_on_presentation_v199b_2026-10-04.txt","","docs/NDM_Audit03_Final_Config_Review.md"
"PR3.Visualization.StressPrecision","rngCalculationProfiles","Config!L66","UserInput","-","VerifiedEditableBehavior","Минимум K02: активный effect/invalid/inactive и перечисленные технические границы; не exhaustive Double.","modTestProfileConfig.RunAudit03ProfileConfigTests","docs/regression/Audit03/full_off_presentation_v199_2026-10-04.txt; docs/regression/Audit03/presentation_profiles_v198_2026-10-04.txt; docs/regression/Audit03/full_off_presentation_v199_2026-10-04.txt; docs/regression/Audit03/full_on_presentation_v199b_2026-10-04.txt","","docs/NDM_Audit03_Final_Config_Review.md"
"PR4.Visualization.StressPrecision","rngCalculationProfiles","Config!M66","UserInput","-","VerifiedEditableBehavior","Минимум K02: активный effect/invalid/inactive и перечисленные технические границы; не exhaustive Double.","modTestProfileConfig.RunAudit03ProfileConfigTests","docs/regression/Audit03/full_off_presentation_v199_2026-10-04.txt; docs/regression/Audit03/presentation_profiles_v198_2026-10-04.txt; docs/regression/Audit03/full_off_presentation_v199_2026-10-04.txt; docs/regression/Audit03/full_on_presentation_v199b_2026-10-04.txt","","docs/NDM_Audit03_Final_Config_Review.md"
"PR1.Visualization.StrainPrecision","rngCalculationProfiles","Config!J67","UserInput","-","VerifiedEditableBehavior","Минимум K02: активный effect/invalid/inactive и перечисленные технические границы; не exhaustive Double.","modTestProfileConfig.RunAudit03ProfileConfigTests","docs/regression/Audit03/full_off_presentation_v199_2026-10-04.txt; docs/regression/Audit03/presentation_profiles_v198_2026-10-04.txt; docs/regression/Audit03/full_off_presentation_v199_2026-10-04.txt; docs/regression/Audit03/full_on_presentation_v199b_2026-10-04.txt","","docs/NDM_Audit03_Final_Config_Review.md"
"PR2.Visualization.StrainPrecision","rngCalculationProfiles","Config!K67","UserInput","-","VerifiedEditableBehavior","Минимум K02: активный effect/invalid/inactive и перечисленные технические границы; не exhaustive Double.","modTestProfileConfig.RunAudit03ProfileConfigTests","docs/regression/Audit03/full_off_presentation_v199_2026-10-04.txt; docs/regression/Audit03/presentation_profiles_v198_2026-10-04.txt; docs/regression/Audit03/full_off_presentation_v199_2026-10-04.txt; docs/regression/Audit03/full_on_presentation_v199b_2026-10-04.txt","","docs/NDM_Audit03_Final_Config_Review.md"
"PR3.Visualization.StrainPrecision","rngCalculationProfiles","Config!L67","UserInput","-","VerifiedEditableBehavior","Минимум K02: активный effect/invalid/inactive и перечисленные технические границы; не exhaustive Double.","modTestProfileConfig.RunAudit03ProfileConfigTests","docs/regression/Audit03/full_off_presentation_v199_2026-10-04.txt; docs/regression/Audit03/presentation_profiles_v198_2026-10-04.txt; docs/regression/Audit03/full_off_presentation_v199_2026-10-04.txt; docs/regression/Audit03/full_on_presentation_v199b_2026-10-04.txt","","docs/NDM_Audit03_Final_Config_Review.md"
"PR4.Visualization.StrainPrecision","rngCalculationProfiles","Config!M67","UserInput","-","VerifiedEditableBehavior","Минимум K02: активный effect/invalid/inactive и перечисленные технические границы; не exhaustive Double.","modTestProfileConfig.RunAudit03ProfileConfigTests","docs/regression/Audit03/full_off_presentation_v199_2026-10-04.txt; docs/regression/Audit03/presentation_profiles_v198_2026-10-04.txt; docs/regression/Audit03/full_off_presentation_v199_2026-10-04.txt; docs/regression/Audit03/full_on_presentation_v199b_2026-10-04.txt","","docs/NDM_Audit03_Final_Config_Review.md"
"Plot.Rebar.Enabled","rngPlotAnnotationSettings","Config!I71","UserInput","Yes/No","VerifiedEditableBehavior","Минимум K02: активный effect/invalid/inactive и перечисленные технические границы; не exhaustive Double.","modTestPlotConfig.RunAudit03NamedAnnotationTests + modTestPlotConfig.RunAudit03GeneralPlotTests","docs/regression/Audit03/annotation_bridge_v230.log; docs/regression/Audit03/annotation_bridge_general_v230.log","","docs/NDM_Audit03_Final_Config_Review.md"
"Plot.Dimension.Enabled","rngPlotAnnotationSettings","Config!J71","UserInput","Yes/No","VerifiedEditableBehavior","Минимум K02: активный effect/invalid/inactive и перечисленные технические границы; не exhaustive Double.","modTestPlotConfig.RunAudit03NamedAnnotationTests + modTestPlotConfig.RunAudit03GeneralPlotTests","docs/regression/Audit03/annotation_bridge_v230.log; docs/regression/Audit03/annotation_bridge_general_v230.log","","docs/NDM_Audit03_Final_Config_Review.md"
"Plot.Rebar.Placement","rngPlotAnnotationSettings","Config!I72","UserInput","-","VerifiedEditableBehavior","Минимум K02: активный effect/invalid/inactive и перечисленные технические границы; не exhaustive Double.","modTestPlotConfig.RunAudit03NamedAnnotationTests + modTestPlotConfig.RunAudit03GeneralPlotTests","docs/regression/Audit03/annotation_bridge_v230.log; docs/regression/Audit03/annotation_bridge_general_v230.log","","docs/NDM_Audit03_Final_Config_Review.md"
"Plot.Dimension.Placement","rngPlotAnnotationSettings","Config!J72","UserInput","-","VerifiedEditableBehavior","Минимум K02: активный effect/invalid/inactive и перечисленные технические границы; не exhaustive Double.","modTestPlotConfig.RunAudit03NamedAnnotationTests + modTestPlotConfig.RunAudit03GeneralPlotTests","docs/regression/Audit03/annotation_bridge_v230.log; docs/regression/Audit03/annotation_bridge_general_v230.log","","docs/NDM_Audit03_Final_Config_Review.md"
"Plot.Rebar.Offset","rngPlotAnnotationSettings","Config!I73","UserInput","мм","VerifiedEditableBehavior","Минимум K02: активный effect/invalid/inactive и перечисленные технические границы; не exhaustive Double.","modTestPlotConfig.RunAudit03NamedAnnotationTests + modTestPlotConfig.RunAudit03GeneralPlotTests","docs/regression/Audit03/annotation_bridge_v230.log; docs/regression/Audit03/annotation_bridge_general_v230.log","","docs/NDM_Audit03_Final_Config_Review.md"
"Plot.Dimension.Offset","rngPlotAnnotationSettings","Config!J73","UserInput","мм","VerifiedEditableBehavior","Минимум K02: активный effect/invalid/inactive и перечисленные технические границы; не exhaustive Double.","modTestPlotConfig.RunAudit03NamedAnnotationTests + modTestPlotConfig.RunAudit03GeneralPlotTests","docs/regression/Audit03/annotation_bridge_v230.log; docs/regression/Audit03/annotation_bridge_general_v230.log","","docs/NDM_Audit03_Final_Config_Review.md"
"Plot.Rebar.LineEnabled","rngPlotAnnotationSettings","Config!I74","UserInput","Yes/No","VerifiedEditableBehavior","Минимум K02: активный effect/invalid/inactive и перечисленные технические границы; не exhaustive Double.","modTestPlotConfig.RunAudit03NamedAnnotationTests + modTestPlotConfig.RunAudit03GeneralPlotTests","docs/regression/Audit03/annotation_bridge_v230.log; docs/regression/Audit03/annotation_bridge_general_v230.log","","docs/NDM_Audit03_Final_Config_Review.md"
"Plot.Dimension.LineEnabled","rngPlotAnnotationSettings","Config!J74","NotEditable:NotApplicableCell","Yes/No","VerifiedInactiveContract","Минимум K02: активный effect/invalid/inactive и перечисленные технические границы; не exhaustive Double.","modTestBatchCalculation.RunAudit03InactiveConfigCellTests","docs/regression/Audit03/inactive_config_positive_v302_2026-10-05.txt","","docs/NDM_Audit03_Final_Config_Review.md"
"Plot.Rebar.LineWeight","rngPlotAnnotationSettings","Config!I75","UserInput","pt","VerifiedEditableBehavior","Минимум K02: активный effect/invalid/inactive и перечисленные технические границы; не exhaustive Double.","modTestPlotConfig.RunAudit03NamedAnnotationTests + modTestPlotConfig.RunAudit03GeneralPlotTests","docs/regression/Audit03/annotation_bridge_v230.log; docs/regression/Audit03/annotation_bridge_general_v230.log","","docs/NDM_Audit03_Final_Config_Review.md"
"Plot.Dimension.LineWeight","rngPlotAnnotationSettings","Config!J75","UserInput","pt","VerifiedEditableBehavior","Минимум K02: активный effect/invalid/inactive и перечисленные технические границы; не exhaustive Double.","modTestPlotConfig.RunAudit03NamedAnnotationTests + modTestPlotConfig.RunAudit03GeneralPlotTests","docs/regression/Audit03/annotation_bridge_v230.log; docs/regression/Audit03/annotation_bridge_general_v230.log","","docs/NDM_Audit03_Final_Config_Review.md"
"Plot.Rebar.ExtensionLineWeight","rngPlotAnnotationSettings","Config!I76","NotEditable:NotApplicableCell","pt","VerifiedInactiveContract","Минимум K02: активный effect/invalid/inactive и перечисленные технические границы; не exhaustive Double.","modTestBatchCalculation.RunAudit03InactiveConfigCellTests","docs/regression/Audit03/inactive_config_positive_v302_2026-10-05.txt","","docs/NDM_Audit03_Final_Config_Review.md"
"Plot.Dimension.ExtensionLineWeight","rngPlotAnnotationSettings","Config!J76","UserInput","pt","VerifiedEditableBehavior","Минимум K02: активный effect/invalid/inactive и перечисленные технические границы; не exhaustive Double.","modTestPlotConfig.RunAudit03NamedAnnotationTests + modTestPlotConfig.RunAudit03GeneralPlotTests","docs/regression/Audit03/annotation_bridge_v230.log; docs/regression/Audit03/annotation_bridge_general_v230.log","","docs/NDM_Audit03_Final_Config_Review.md"
"Plot.Rebar.TextUnits","rngPlotAnnotationSettings","Config!I77","UserInput","-","VerifiedEditableBehavior","Минимум K02: активный effect/invalid/inactive и перечисленные технические границы; не exhaustive Double.","modTestPlotConfig.RunAudit03NamedAnnotationTests + modTestPlotConfig.RunAudit03GeneralPlotTests","docs/regression/Audit03/annotation_bridge_v230.log; docs/regression/Audit03/annotation_bridge_general_v230.log","","docs/NDM_Audit03_Final_Config_Review.md"
"Plot.Dimension.TextUnits","rngPlotAnnotationSettings","Config!J77","UserInput","-","VerifiedEditableBehavior","Минимум K02: активный effect/invalid/inactive и перечисленные технические границы; не exhaustive Double.","modTestPlotConfig.RunAudit03NamedAnnotationTests + modTestPlotConfig.RunAudit03GeneralPlotTests","docs/regression/Audit03/annotation_bridge_v230.log; docs/regression/Audit03/annotation_bridge_general_v230.log","","docs/NDM_Audit03_Final_Config_Review.md"
"Plot.Rebar.TextHeight","rngPlotAnnotationSettings","Config!I78","UserInput","pt","VerifiedEditableBehavior","Минимум K02: активный effect/invalid/inactive и перечисленные технические границы; не exhaustive Double.","modTestPlotConfig.RunAudit03NamedAnnotationTests + modTestPlotConfig.RunAudit03GeneralPlotTests","docs/regression/Audit03/annotation_bridge_v230.log; docs/regression/Audit03/annotation_bridge_general_v230.log","","docs/NDM_Audit03_Final_Config_Review.md"
"Plot.Dimension.TextHeight","rngPlotAnnotationSettings","Config!J78","UserInput","pt","VerifiedEditableBehavior","Минимум K02: активный effect/invalid/inactive и перечисленные технические границы; не exhaustive Double.","modTestPlotConfig.RunAudit03NamedAnnotationTests + modTestPlotConfig.RunAudit03GeneralPlotTests","docs/regression/Audit03/annotation_bridge_v230.log; docs/regression/Audit03/annotation_bridge_general_v230.log","","docs/NDM_Audit03_Final_Config_Review.md"
"Plot.Rebar.TextGap","rngPlotAnnotationSettings","Config!I79","UserInput","pt","VerifiedEditableBehavior","Минимум K02: активный effect/invalid/inactive и перечисленные технические границы; не exhaustive Double.","modTestPlotConfig.RunAudit03NamedAnnotationTests + modTestPlotConfig.RunAudit03GeneralPlotTests","docs/regression/Audit03/annotation_bridge_v230.log; docs/regression/Audit03/annotation_bridge_general_v230.log","","docs/NDM_Audit03_Final_Config_Review.md"
"Plot.Dimension.TextGap","rngPlotAnnotationSettings","Config!J79","UserInput","pt","VerifiedEditableBehavior","Минимум K02: активный effect/invalid/inactive и перечисленные технические границы; не exhaustive Double.","modTestPlotConfig.RunAudit03NamedAnnotationTests + modTestPlotConfig.RunAudit03GeneralPlotTests","docs/regression/Audit03/annotation_bridge_v230.log; docs/regression/Audit03/annotation_bridge_general_v230.log","","docs/NDM_Audit03_Final_Config_Review.md"
"Plot.Rebar.ArrowType","rngPlotAnnotationSettings","Config!I80","NotEditable:NotApplicableCell","-","VerifiedInactiveContract","Минимум K02: активный effect/invalid/inactive и перечисленные технические границы; не exhaustive Double.","modTestBatchCalculation.RunAudit03InactiveConfigCellTests","docs/regression/Audit03/inactive_config_positive_v302_2026-10-05.txt","","docs/NDM_Audit03_Final_Config_Review.md"
"Plot.Dimension.ArrowType","rngPlotAnnotationSettings","Config!J80","UserInput","-","VerifiedEditableBehavior","Минимум K02: активный effect/invalid/inactive и перечисленные технические границы; не exhaustive Double.","modTestPlotConfig.RunAudit03NamedAnnotationTests + modTestPlotConfig.RunAudit03GeneralPlotTests","docs/regression/Audit03/annotation_bridge_v230.log; docs/regression/Audit03/annotation_bridge_general_v230.log","","docs/NDM_Audit03_Final_Config_Review.md"
"Plot.Rebar.ArrowSize","rngPlotAnnotationSettings","Config!I81","NotEditable:NotApplicableCell","-","VerifiedInactiveContract","Минимум K02: активный effect/invalid/inactive и перечисленные технические границы; не exhaustive Double.","modTestBatchCalculation.RunAudit03InactiveConfigCellTests","docs/regression/Audit03/inactive_config_positive_v302_2026-10-05.txt","","docs/NDM_Audit03_Final_Config_Review.md"
"Plot.Dimension.ArrowSize","rngPlotAnnotationSettings","Config!J81","UserInput","-","VerifiedEditableBehavior","Минимум K02: активный effect/invalid/inactive и перечисленные технические границы; не exhaustive Double.","modTestPlotConfig.RunAudit03NamedAnnotationTests + modTestPlotConfig.RunAudit03GeneralPlotTests","docs/regression/Audit03/annotation_bridge_v230.log; docs/regression/Audit03/annotation_bridge_general_v230.log","","docs/NDM_Audit03_Final_Config_Review.md"
"Plot.Rebar.Color","rngPlotAnnotationSettings","Config!I82","UserInput","RGB","VerifiedEditableBehavior","Минимум K02: активный effect/invalid/inactive и перечисленные технические границы; не exhaustive Double.","modTestPlotConfig.RunAudit03NamedAnnotationTests + modTestPlotConfig.RunAudit03GeneralPlotTests","docs/regression/Audit03/annotation_bridge_v230.log; docs/regression/Audit03/annotation_bridge_general_v230.log","","docs/NDM_Audit03_Final_Config_Review.md"
"Plot.Dimension.Color","rngPlotAnnotationSettings","Config!J82","UserInput","RGB","VerifiedEditableBehavior","Минимум K02: активный effect/invalid/inactive и перечисленные технические границы; не exhaustive Double.","modTestPlotConfig.RunAudit03NamedAnnotationTests + modTestPlotConfig.RunAudit03GeneralPlotTests","docs/regression/Audit03/annotation_bridge_v230.log; docs/regression/Audit03/annotation_bridge_general_v230.log","","docs/NDM_Audit03_Final_Config_Review.md"
"Plot.Rebar.ExtensionLineColor","rngPlotAnnotationSettings","Config!I83","NotEditable:NotApplicableCell","RGB","VerifiedInactiveContract","Минимум K02: активный effect/invalid/inactive и перечисленные технические границы; не exhaustive Double.","modTestBatchCalculation.RunAudit03InactiveConfigCellTests","docs/regression/Audit03/inactive_config_positive_v302_2026-10-05.txt","","docs/NDM_Audit03_Final_Config_Review.md"
"Plot.Dimension.ExtensionLineColor","rngPlotAnnotationSettings","Config!J83","UserInput","RGB","VerifiedEditableBehavior","Минимум K02: активный effect/invalid/inactive и перечисленные технические границы; не exhaustive Double.","modTestPlotConfig.RunAudit03NamedAnnotationTests + modTestPlotConfig.RunAudit03GeneralPlotTests","docs/regression/Audit03/annotation_bridge_v230.log; docs/regression/Audit03/annotation_bridge_general_v230.log","","docs/NDM_Audit03_Final_Config_Review.md"
"rngRoundedRectangleGeometry.Dimensions.Размеры сечения.B.Config!I130","rngRoundedRectangleGeometry","Config!I130","UserInput","Length input / count / selector: see physical field","VerifiedEditableBehavior","Минимум K02: активный effect/invalid/inactive и перечисленные технические границы; не exhaustive Double.","modTestGeometryConfig.RunAudit03ShapeConfigTests","docs/regression/Audit03/shape_config_final_v134_2026-10-03.txt; docs/regression/Audit03/shape_config_full_off_v134_2026-10-03.txt; docs/regression/Audit03/shape_config_full_on_v134_2026-10-03.txt","","docs/NDM_Audit03_Final_Config_Review.md"
"rngRoundedRectangleGeometry.Dimensions.Размеры сечения.H.Config!J130","rngRoundedRectangleGeometry","Config!J130","UserInput","Length input / count / selector: see physical field","VerifiedEditableBehavior","Минимум K02: активный effect/invalid/inactive и перечисленные технические границы; не exhaustive Double.","modTestGeometryConfig.RunAudit03ShapeConfigTests","docs/regression/Audit03/shape_config_final_v134_2026-10-03.txt; docs/regression/Audit03/shape_config_full_off_v134_2026-10-03.txt; docs/regression/Audit03/shape_config_full_on_v134_2026-10-03.txt","","docs/NDM_Audit03_Final_Config_Review.md"
"rngRoundedRectangleGeometry.Side.тип Simple / Tapered.слева.Config!I134","rngRoundedRectangleGeometry","Config!I134","UserInput","Length input / count / selector: see physical field","VerifiedEditableBehavior","Минимум K02: активный effect/invalid/inactive и перечисленные технические границы; не exhaustive Double.","modTestGeometryConfig.RunAudit03ShapeConfigTests","docs/regression/Audit03/shape_config_final_v134_2026-10-03.txt; docs/regression/Audit03/shape_config_full_off_v134_2026-10-03.txt; docs/regression/Audit03/shape_config_full_on_v134_2026-10-03.txt","","docs/NDM_Audit03_Final_Config_Review.md"
"rngRoundedRectangleGeometry.Side.тип Simple / Tapered.справа.Config!J134","rngRoundedRectangleGeometry","Config!J134","UserInput","Length input / count / selector: see physical field","VerifiedEditableBehavior","Минимум K02: активный effect/invalid/inactive и перечисленные технические границы; не exhaustive Double.","modTestGeometryConfig.RunAudit03ShapeConfigTests","docs/regression/Audit03/shape_config_final_v134_2026-10-03.txt; docs/regression/Audit03/shape_config_full_off_v134_2026-10-03.txt; docs/regression/Audit03/shape_config_full_on_v134_2026-10-03.txt","","docs/NDM_Audit03_Final_Config_Review.md"
"rngRoundedRectangleGeometry.Side.W.слева.Config!I135","rngRoundedRectangleGeometry","Config!I135","UserInput","Length input / count / selector: see physical field","VerifiedEditableBehavior","Минимум K02: активный effect/invalid/inactive и перечисленные технические границы; не exhaustive Double.","modTestGeometryConfig.RunAudit03ShapeConfigTests","docs/regression/Audit03/shape_config_final_v134_2026-10-03.txt; docs/regression/Audit03/shape_config_full_off_v134_2026-10-03.txt; docs/regression/Audit03/shape_config_full_on_v134_2026-10-03.txt","","docs/NDM_Audit03_Final_Config_Review.md"
"rngRoundedRectangleGeometry.Side.W.справа.Config!J135","rngRoundedRectangleGeometry","Config!J135","UserInput","Length input / count / selector: see physical field","VerifiedEditableBehavior","Минимум K02: активный effect/invalid/inactive и перечисленные технические границы; не exhaustive Double.","modTestGeometryConfig.RunAudit03ShapeConfigTests","docs/regression/Audit03/shape_config_final_v134_2026-10-03.txt; docs/regression/Audit03/shape_config_full_off_v134_2026-10-03.txt; docs/regression/Audit03/shape_config_full_on_v134_2026-10-03.txt","","docs/NDM_Audit03_Final_Config_Review.md"
"rngRoundedRectangleGeometry.Side.R1.слева.Config!I136","rngRoundedRectangleGeometry","Config!I136","UserInput","Length input / count / selector: see physical field","VerifiedEditableBehavior","Минимум K02: активный effect/invalid/inactive и перечисленные технические границы; не exhaustive Double.","modTestGeometryConfig.RunAudit03ShapeConfigTests","docs/regression/Audit03/shape_config_final_v134_2026-10-03.txt; docs/regression/Audit03/shape_config_full_off_v134_2026-10-03.txt; docs/regression/Audit03/shape_config_full_on_v134_2026-10-03.txt","","docs/NDM_Audit03_Final_Config_Review.md"
"rngRoundedRectangleGeometry.Side.R1.справа.Config!J136","rngRoundedRectangleGeometry","Config!J136","UserInput","Length input / count / selector: see physical field","VerifiedEditableBehavior","Минимум K02: активный effect/invalid/inactive и перечисленные технические границы; не exhaustive Double.","modTestGeometryConfig.RunAudit03ShapeConfigTests","docs/regression/Audit03/shape_config_final_v134_2026-10-03.txt; docs/regression/Audit03/shape_config_full_off_v134_2026-10-03.txt; docs/regression/Audit03/shape_config_full_on_v134_2026-10-03.txt","","docs/NDM_Audit03_Final_Config_Review.md"
"rngRoundedRectangleGeometry.Side.R2.слева.Config!I137","rngRoundedRectangleGeometry","Config!I137","UserInput","Length input / count / selector: see physical field","VerifiedEditableBehavior","Минимум K02: активный effect/invalid/inactive и перечисленные технические границы; не exhaustive Double.","modTestGeometryConfig.RunAudit03ShapeConfigTests","docs/regression/Audit03/shape_config_final_v134_2026-10-03.txt; docs/regression/Audit03/shape_config_full_off_v134_2026-10-03.txt; docs/regression/Audit03/shape_config_full_on_v134_2026-10-03.txt","","docs/NDM_Audit03_Final_Config_Review.md"
"rngRoundedRectangleGeometry.Side.R2.справа.Config!J137","rngRoundedRectangleGeometry","Config!J137","UserInput","Length input / count / selector: see physical field","VerifiedEditableBehavior","Минимум K02: активный effect/invalid/inactive и перечисленные технические границы; не exhaustive Double.","modTestGeometryConfig.RunAudit03ShapeConfigTests","docs/regression/Audit03/shape_config_final_v134_2026-10-03.txt; docs/regression/Audit03/shape_config_full_off_v134_2026-10-03.txt; docs/regression/Audit03/shape_config_full_on_v134_2026-10-03.txt","","docs/NDM_Audit03_Final_Config_Review.md"
"rngRoundedRectangleGeometry.MainRebar.H - левая.as.Config!I140","rngRoundedRectangleGeometry","Config!I140","UserInput","Length input / count / selector: see physical field","VerifiedEditableBehavior","Минимум K02: активный effect/invalid/inactive и перечисленные технические границы; не exhaustive Double.","modTestGeometryConfig.RunAudit03RebarFieldConfigTests","docs/regression/Audit03/rebar_fields_v192_2026-10-04.txt; docs/regression/Audit03/rebar_full_off_v192_2026-10-04.txt; docs/regression/Audit03/rebar_full_on_updated_v192_2026-10-04.txt","","docs/NDM_Audit03_Final_Config_Review.md"
"rngRoundedRectangleGeometry.MainRebar.H - левая.d.Config!J140","rngRoundedRectangleGeometry","Config!J140","UserInput","Length input / count / selector: see physical field","VerifiedEditableBehavior","Минимум K02: активный effect/invalid/inactive и перечисленные технические границы; не exhaustive Double.","modTestGeometryConfig.RunAudit03RebarFieldConfigTests","docs/regression/Audit03/rebar_fields_v192_2026-10-04.txt; docs/regression/Audit03/rebar_full_off_v192_2026-10-04.txt; docs/regression/Audit03/rebar_full_on_updated_v192_2026-10-04.txt","","docs/NDM_Audit03_Final_Config_Review.md"
"rngRoundedRectangleGeometry.MainRebar.H - левая.n.Config!K140","rngRoundedRectangleGeometry","Config!K140","UserInput","Length input / count / selector: see physical field","VerifiedEditableBehavior","Минимум K02: активный effect/invalid/inactive и перечисленные технические границы; не exhaustive Double.","modTestGeometryConfig.RunAudit03RebarFieldConfigTests","docs/regression/Audit03/rebar_fields_v192_2026-10-04.txt; docs/regression/Audit03/rebar_full_off_v192_2026-10-04.txt; docs/regression/Audit03/rebar_full_on_updated_v192_2026-10-04.txt","","docs/NDM_Audit03_Final_Config_Review.md"
"rngRoundedRectangleGeometry.MainRebar.H - правая.as.Config!I141","rngRoundedRectangleGeometry","Config!I141","UserInput","Length input / count / selector: see physical field","VerifiedEditableBehavior","Минимум K02: активный effect/invalid/inactive и перечисленные технические границы; не exhaustive Double.","modTestGeometryConfig.RunAudit03RebarFieldConfigTests","docs/regression/Audit03/rebar_fields_v192_2026-10-04.txt; docs/regression/Audit03/rebar_full_off_v192_2026-10-04.txt; docs/regression/Audit03/rebar_full_on_updated_v192_2026-10-04.txt","","docs/NDM_Audit03_Final_Config_Review.md"
"rngRoundedRectangleGeometry.MainRebar.H - правая.d.Config!J141","rngRoundedRectangleGeometry","Config!J141","UserInput","Length input / count / selector: see physical field","VerifiedEditableBehavior","Минимум K02: активный effect/invalid/inactive и перечисленные технические границы; не exhaustive Double.","modTestGeometryConfig.RunAudit03RebarFieldConfigTests","docs/regression/Audit03/rebar_fields_v192_2026-10-04.txt; docs/regression/Audit03/rebar_full_off_v192_2026-10-04.txt; docs/regression/Audit03/rebar_full_on_updated_v192_2026-10-04.txt","","docs/NDM_Audit03_Final_Config_Review.md"
"rngRoundedRectangleGeometry.MainRebar.H - правая.n.Config!K141","rngRoundedRectangleGeometry","Config!K141","UserInput","Length input / count / selector: see physical field","VerifiedEditableBehavior","Минимум K02: активный effect/invalid/inactive и перечисленные технические границы; не exhaustive Double.","modTestGeometryConfig.RunAudit03RebarFieldConfigTests","docs/regression/Audit03/rebar_fields_v192_2026-10-04.txt; docs/regression/Audit03/rebar_full_off_v192_2026-10-04.txt; docs/regression/Audit03/rebar_full_on_updated_v192_2026-10-04.txt","","docs/NDM_Audit03_Final_Config_Review.md"
"rngRoundedRectangleGeometry.MainRebar.B - верхняя.as.Config!I142","rngRoundedRectangleGeometry","Config!I142","UserInput","Length input / count / selector: see physical field","VerifiedEditableBehavior","Минимум K02: активный effect/invalid/inactive и перечисленные технические границы; не exhaustive Double.","modTestGeometryConfig.RunAudit03RebarFieldConfigTests","docs/regression/Audit03/rebar_fields_v192_2026-10-04.txt; docs/regression/Audit03/rebar_full_off_v192_2026-10-04.txt; docs/regression/Audit03/rebar_full_on_updated_v192_2026-10-04.txt","","docs/NDM_Audit03_Final_Config_Review.md"
"rngRoundedRectangleGeometry.MainRebar.B - верхняя.d.Config!J142","rngRoundedRectangleGeometry","Config!J142","UserInput","Length input / count / selector: see physical field","VerifiedEditableBehavior","Минимум K02: активный effect/invalid/inactive и перечисленные технические границы; не exhaustive Double.","modTestGeometryConfig.RunAudit03RebarFieldConfigTests","docs/regression/Audit03/rebar_fields_v192_2026-10-04.txt; docs/regression/Audit03/rebar_full_off_v192_2026-10-04.txt; docs/regression/Audit03/rebar_full_on_updated_v192_2026-10-04.txt","","docs/NDM_Audit03_Final_Config_Review.md"
"rngRoundedRectangleGeometry.MainRebar.B - верхняя.n.Config!K142","rngRoundedRectangleGeometry","Config!K142","UserInput","Length input / count / selector: see physical field","VerifiedEditableBehavior","Минимум K02: активный effect/invalid/inactive и перечисленные технические границы; не exhaustive Double.","modTestGeometryConfig.RunAudit03RebarFieldConfigTests","docs/regression/Audit03/rebar_fields_v192_2026-10-04.txt; docs/regression/Audit03/rebar_full_off_v192_2026-10-04.txt; docs/regression/Audit03/rebar_full_on_updated_v192_2026-10-04.txt","","docs/NDM_Audit03_Final_Config_Review.md"
"rngRoundedRectangleGeometry.MainRebar.B - нижняя.as.Config!I143","rngRoundedRectangleGeometry","Config!I143","UserInput","Length input / count / selector: see physical field","VerifiedEditableBehavior","Минимум K02: активный effect/invalid/inactive и перечисленные технические границы; не exhaustive Double.","modTestGeometryConfig.RunAudit03RebarFieldConfigTests","docs/regression/Audit03/rebar_fields_v192_2026-10-04.txt; docs/regression/Audit03/rebar_full_off_v192_2026-10-04.txt; docs/regression/Audit03/rebar_full_on_updated_v192_2026-10-04.txt","","docs/NDM_Audit03_Final_Config_Review.md"
"rngRoundedRectangleGeometry.MainRebar.B - нижняя.d.Config!J143","rngRoundedRectangleGeometry","Config!J143","UserInput","Length input / count / selector: see physical field","VerifiedEditableBehavior","Минимум K02: активный effect/invalid/inactive и перечисленные технические границы; не exhaustive Double.","modTestGeometryConfig.RunAudit03RebarFieldConfigTests","docs/regression/Audit03/rebar_fields_v192_2026-10-04.txt; docs/regression/Audit03/rebar_full_off_v192_2026-10-04.txt; docs/regression/Audit03/rebar_full_on_updated_v192_2026-10-04.txt","","docs/NDM_Audit03_Final_Config_Review.md"
"rngRoundedRectangleGeometry.MainRebar.B - нижняя.n.Config!K143","rngRoundedRectangleGeometry","Config!K143","UserInput","Length input / count / selector: see physical field","VerifiedEditableBehavior","Минимум K02: активный effect/invalid/inactive и перечисленные технические границы; не exhaustive Double.","modTestGeometryConfig.RunAudit03RebarFieldConfigTests","docs/regression/Audit03/rebar_fields_v192_2026-10-04.txt; docs/regression/Audit03/rebar_full_off_v192_2026-10-04.txt; docs/regression/Audit03/rebar_full_on_updated_v192_2026-10-04.txt","","docs/NDM_Audit03_Final_Config_Review.md"
"rngRoundedRectangleGeometry.ExtraRebar.H - левая.d2.Config!I146","rngRoundedRectangleGeometry","Config!I146","UserInput","Length input / count / selector: see physical field","VerifiedEditableBehavior","Минимум K02: активный effect/invalid/inactive и перечисленные технические границы; не exhaustive Double.","modTestGeometryConfig.RunAudit03RebarFieldConfigTests","docs/regression/Audit03/rebar_fields_v192_2026-10-04.txt; docs/regression/Audit03/rebar_full_off_v192_2026-10-04.txt; docs/regression/Audit03/rebar_full_on_updated_v192_2026-10-04.txt","","docs/NDM_Audit03_Final_Config_Review.md"
"rngRoundedRectangleGeometry.ExtraRebar.H - левая.положение.Config!J146","rngRoundedRectangleGeometry","Config!J146","UserInput","Length input / count / selector: see physical field","VerifiedEditableBehavior","Минимум K02: активный effect/invalid/inactive и перечисленные технические границы; не exhaustive Double.","modTestGeometryConfig.RunAudit03RebarFieldConfigTests","docs/regression/Audit03/rebar_fields_v192_2026-10-04.txt; docs/regression/Audit03/rebar_full_off_v192_2026-10-04.txt; docs/regression/Audit03/rebar_full_on_updated_v192_2026-10-04.txt","","docs/NDM_Audit03_Final_Config_Review.md"
"rngRoundedRectangleGeometry.ExtraRebar.H - левая.привязка.Config!K146","rngRoundedRectangleGeometry","Config!K146","UserInput","Length input / count / selector: see physical field","VerifiedEditableBehavior","Минимум K02: активный effect/invalid/inactive и перечисленные технические границы; не exhaustive Double.","modTestGeometryConfig.RunAudit03RebarFieldConfigTests","docs/regression/Audit03/rebar_fields_v192_2026-10-04.txt; docs/regression/Audit03/rebar_full_off_v192_2026-10-04.txt; docs/regression/Audit03/rebar_full_on_updated_v192_2026-10-04.txt","","docs/NDM_Audit03_Final_Config_Review.md"
"rngRoundedRectangleGeometry.ExtraRebar.H - левая.d3.Config!L146","rngRoundedRectangleGeometry","Config!L146","UserInput","Length input / count / selector: see physical field","VerifiedEditableBehavior","Минимум K02: активный effect/invalid/inactive и перечисленные технические границы; не exhaustive Double.","modTestGeometryConfig.RunAudit03RebarFieldConfigTests","docs/regression/Audit03/rebar_fields_v192_2026-10-04.txt; docs/regression/Audit03/rebar_full_off_v192_2026-10-04.txt; docs/regression/Audit03/rebar_full_on_updated_v192_2026-10-04.txt","","docs/NDM_Audit03_Final_Config_Review.md"
"rngRoundedRectangleGeometry.ExtraRebar.H - левая.положение.Config!M146","rngRoundedRectangleGeometry","Config!M146","UserInput","Length input / count / selector: see physical field","VerifiedEditableBehavior","Минимум K02: активный effect/invalid/inactive и перечисленные технические границы; не exhaustive Double.","modTestGeometryConfig.RunAudit03RebarFieldConfigTests","docs/regression/Audit03/rebar_fields_v192_2026-10-04.txt; docs/regression/Audit03/rebar_full_off_v192_2026-10-04.txt; docs/regression/Audit03/rebar_full_on_updated_v192_2026-10-04.txt","","docs/NDM_Audit03_Final_Config_Review.md"
"rngRoundedRectangleGeometry.ExtraRebar.H - левая.привязка.Config!N146","rngRoundedRectangleGeometry","Config!N146","UserInput","Length input / count / selector: see physical field","VerifiedEditableBehavior","Минимум K02: активный effect/invalid/inactive и перечисленные технические границы; не exhaustive Double.","modTestGeometryConfig.RunAudit03RebarFieldConfigTests","docs/regression/Audit03/rebar_fields_v192_2026-10-04.txt; docs/regression/Audit03/rebar_full_off_v192_2026-10-04.txt; docs/regression/Audit03/rebar_full_on_updated_v192_2026-10-04.txt","","docs/NDM_Audit03_Final_Config_Review.md"
"rngRoundedRectangleGeometry.ExtraRebar.H - правая.d2.Config!I147","rngRoundedRectangleGeometry","Config!I147","UserInput","Length input / count / selector: see physical field","VerifiedEditableBehavior","Минимум K02: активный effect/invalid/inactive и перечисленные технические границы; не exhaustive Double.","modTestGeometryConfig.RunAudit03RebarFieldConfigTests","docs/regression/Audit03/rebar_fields_v192_2026-10-04.txt; docs/regression/Audit03/rebar_full_off_v192_2026-10-04.txt; docs/regression/Audit03/rebar_full_on_updated_v192_2026-10-04.txt","","docs/NDM_Audit03_Final_Config_Review.md"
"rngRoundedRectangleGeometry.ExtraRebar.H - правая.положение.Config!J147","rngRoundedRectangleGeometry","Config!J147","UserInput","Length input / count / selector: see physical field","VerifiedEditableBehavior","Минимум K02: активный effect/invalid/inactive и перечисленные технические границы; не exhaustive Double.","modTestGeometryConfig.RunAudit03RebarFieldConfigTests","docs/regression/Audit03/rebar_fields_v192_2026-10-04.txt; docs/regression/Audit03/rebar_full_off_v192_2026-10-04.txt; docs/regression/Audit03/rebar_full_on_updated_v192_2026-10-04.txt","","docs/NDM_Audit03_Final_Config_Review.md"
"rngRoundedRectangleGeometry.ExtraRebar.H - правая.привязка.Config!K147","rngRoundedRectangleGeometry","Config!K147","UserInput","Length input / count / selector: see physical field","VerifiedEditableBehavior","Минимум K02: активный effect/invalid/inactive и перечисленные технические границы; не exhaustive Double.","modTestGeometryConfig.RunAudit03RebarFieldConfigTests","docs/regression/Audit03/rebar_fields_v192_2026-10-04.txt; docs/regression/Audit03/rebar_full_off_v192_2026-10-04.txt; docs/regression/Audit03/rebar_full_on_updated_v192_2026-10-04.txt","","docs/NDM_Audit03_Final_Config_Review.md"
"rngRoundedRectangleGeometry.ExtraRebar.H - правая.d3.Config!L147","rngRoundedRectangleGeometry","Config!L147","UserInput","Length input / count / selector: see physical field","VerifiedEditableBehavior","Минимум K02: активный effect/invalid/inactive и перечисленные технические границы; не exhaustive Double.","modTestGeometryConfig.RunAudit03RebarFieldConfigTests","docs/regression/Audit03/rebar_fields_v192_2026-10-04.txt; docs/regression/Audit03/rebar_full_off_v192_2026-10-04.txt; docs/regression/Audit03/rebar_full_on_updated_v192_2026-10-04.txt","","docs/NDM_Audit03_Final_Config_Review.md"
"rngRoundedRectangleGeometry.ExtraRebar.H - правая.положение.Config!M147","rngRoundedRectangleGeometry","Config!M147","UserInput","Length input / count / selector: see physical field","VerifiedEditableBehavior","Минимум K02: активный effect/invalid/inactive и перечисленные технические границы; не exhaustive Double.","modTestGeometryConfig.RunAudit03RebarFieldConfigTests","docs/regression/Audit03/rebar_fields_v192_2026-10-04.txt; docs/regression/Audit03/rebar_full_off_v192_2026-10-04.txt; docs/regression/Audit03/rebar_full_on_updated_v192_2026-10-04.txt","","docs/NDM_Audit03_Final_Config_Review.md"
"rngRoundedRectangleGeometry.ExtraRebar.H - правая.привязка.Config!N147","rngRoundedRectangleGeometry","Config!N147","UserInput","Length input / count / selector: see physical field","VerifiedEditableBehavior","Минимум K02: активный effect/invalid/inactive и перечисленные технические границы; не exhaustive Double.","modTestGeometryConfig.RunAudit03RebarFieldConfigTests","docs/regression/Audit03/rebar_fields_v192_2026-10-04.txt; docs/regression/Audit03/rebar_full_off_v192_2026-10-04.txt; docs/regression/Audit03/rebar_full_on_updated_v192_2026-10-04.txt","","docs/NDM_Audit03_Final_Config_Review.md"
"rngRoundedRectangleGeometry.ExtraRebar.B - верхняя.d2.Config!I148","rngRoundedRectangleGeometry","Config!I148","UserInput","Length input / count / selector: see physical field","VerifiedEditableBehavior","Минимум K02: активный effect/invalid/inactive и перечисленные технические границы; не exhaustive Double.","modTestGeometryConfig.RunAudit03RebarFieldConfigTests","docs/regression/Audit03/rebar_fields_v192_2026-10-04.txt; docs/regression/Audit03/rebar_full_off_v192_2026-10-04.txt; docs/regression/Audit03/rebar_full_on_updated_v192_2026-10-04.txt","","docs/NDM_Audit03_Final_Config_Review.md"
"rngRoundedRectangleGeometry.ExtraRebar.B - верхняя.положение.Config!J148","rngRoundedRectangleGeometry","Config!J148","UserInput","Length input / count / selector: see physical field","VerifiedEditableBehavior","Минимум K02: активный effect/invalid/inactive и перечисленные технические границы; не exhaustive Double.","modTestGeometryConfig.RunAudit03RebarFieldConfigTests","docs/regression/Audit03/rebar_fields_v192_2026-10-04.txt; docs/regression/Audit03/rebar_full_off_v192_2026-10-04.txt; docs/regression/Audit03/rebar_full_on_updated_v192_2026-10-04.txt","","docs/NDM_Audit03_Final_Config_Review.md"
"rngRoundedRectangleGeometry.ExtraRebar.B - верхняя.привязка.Config!K148","rngRoundedRectangleGeometry","Config!K148","UserInput","Length input / count / selector: see physical field","VerifiedEditableBehavior","Минимум K02: активный effect/invalid/inactive и перечисленные технические границы; не exhaustive Double.","modTestGeometryConfig.RunAudit03RebarFieldConfigTests","docs/regression/Audit03/rebar_fields_v192_2026-10-04.txt; docs/regression/Audit03/rebar_full_off_v192_2026-10-04.txt; docs/regression/Audit03/rebar_full_on_updated_v192_2026-10-04.txt","","docs/NDM_Audit03_Final_Config_Review.md"
"rngRoundedRectangleGeometry.ExtraRebar.B - верхняя.d3.Config!L148","rngRoundedRectangleGeometry","Config!L148","UserInput","Length input / count / selector: see physical field","VerifiedEditableBehavior","Минимум K02: активный effect/invalid/inactive и перечисленные технические границы; не exhaustive Double.","modTestGeometryConfig.RunAudit03RebarFieldConfigTests","docs/regression/Audit03/rebar_fields_v192_2026-10-04.txt; docs/regression/Audit03/rebar_full_off_v192_2026-10-04.txt; docs/regression/Audit03/rebar_full_on_updated_v192_2026-10-04.txt","","docs/NDM_Audit03_Final_Config_Review.md"
"rngRoundedRectangleGeometry.ExtraRebar.B - верхняя.положение.Config!M148","rngRoundedRectangleGeometry","Config!M148","UserInput","Length input / count / selector: see physical field","VerifiedEditableBehavior","Минимум K02: активный effect/invalid/inactive и перечисленные технические границы; не exhaustive Double.","modTestGeometryConfig.RunAudit03RebarFieldConfigTests","docs/regression/Audit03/rebar_fields_v192_2026-10-04.txt; docs/regression/Audit03/rebar_full_off_v192_2026-10-04.txt; docs/regression/Audit03/rebar_full_on_updated_v192_2026-10-04.txt","","docs/NDM_Audit03_Final_Config_Review.md"
"rngRoundedRectangleGeometry.ExtraRebar.B - верхняя.привязка.Config!N148","rngRoundedRectangleGeometry","Config!N148","UserInput","Length input / count / selector: see physical field","VerifiedEditableBehavior","Минимум K02: активный effect/invalid/inactive и перечисленные технические границы; не exhaustive Double.","modTestGeometryConfig.RunAudit03RebarFieldConfigTests","docs/regression/Audit03/rebar_fields_v192_2026-10-04.txt; docs/regression/Audit03/rebar_full_off_v192_2026-10-04.txt; docs/regression/Audit03/rebar_full_on_updated_v192_2026-10-04.txt","","docs/NDM_Audit03_Final_Config_Review.md"
"rngRoundedRectangleGeometry.ExtraRebar.B - нижняя.d2.Config!I149","rngRoundedRectangleGeometry","Config!I149","UserInput","Length input / count / selector: see physical field","VerifiedEditableBehavior","Минимум K02: активный effect/invalid/inactive и перечисленные технические границы; не exhaustive Double.","modTestGeometryConfig.RunAudit03RebarFieldConfigTests","docs/regression/Audit03/rebar_fields_v192_2026-10-04.txt; docs/regression/Audit03/rebar_full_off_v192_2026-10-04.txt; docs/regression/Audit03/rebar_full_on_updated_v192_2026-10-04.txt","","docs/NDM_Audit03_Final_Config_Review.md"
"rngRoundedRectangleGeometry.ExtraRebar.B - нижняя.положение.Config!J149","rngRoundedRectangleGeometry","Config!J149","UserInput","Length input / count / selector: see physical field","VerifiedEditableBehavior","Минимум K02: активный effect/invalid/inactive и перечисленные технические границы; не exhaustive Double.","modTestGeometryConfig.RunAudit03RebarFieldConfigTests","docs/regression/Audit03/rebar_fields_v192_2026-10-04.txt; docs/regression/Audit03/rebar_full_off_v192_2026-10-04.txt; docs/regression/Audit03/rebar_full_on_updated_v192_2026-10-04.txt","","docs/NDM_Audit03_Final_Config_Review.md"
"rngRoundedRectangleGeometry.ExtraRebar.B - нижняя.привязка.Config!K149","rngRoundedRectangleGeometry","Config!K149","UserInput","Length input / count / selector: see physical field","VerifiedEditableBehavior","Минимум K02: активный effect/invalid/inactive и перечисленные технические границы; не exhaustive Double.","modTestGeometryConfig.RunAudit03RebarFieldConfigTests","docs/regression/Audit03/rebar_fields_v192_2026-10-04.txt; docs/regression/Audit03/rebar_full_off_v192_2026-10-04.txt; docs/regression/Audit03/rebar_full_on_updated_v192_2026-10-04.txt","","docs/NDM_Audit03_Final_Config_Review.md"
"rngRoundedRectangleGeometry.ExtraRebar.B - нижняя.d3.Config!L149","rngRoundedRectangleGeometry","Config!L149","UserInput","Length input / count / selector: see physical field","VerifiedEditableBehavior","Минимум K02: активный effect/invalid/inactive и перечисленные технические границы; не exhaustive Double.","modTestGeometryConfig.RunAudit03RebarFieldConfigTests","docs/regression/Audit03/rebar_fields_v192_2026-10-04.txt; docs/regression/Audit03/rebar_full_off_v192_2026-10-04.txt; docs/regression/Audit03/rebar_full_on_updated_v192_2026-10-04.txt","","docs/NDM_Audit03_Final_Config_Review.md"
"rngRoundedRectangleGeometry.ExtraRebar.B - нижняя.положение.Config!M149","rngRoundedRectangleGeometry","Config!M149","UserInput","Length input / count / selector: see physical field","VerifiedEditableBehavior","Минимум K02: активный effect/invalid/inactive и перечисленные технические границы; не exhaustive Double.","modTestGeometryConfig.RunAudit03RebarFieldConfigTests","docs/regression/Audit03/rebar_fields_v192_2026-10-04.txt; docs/regression/Audit03/rebar_full_off_v192_2026-10-04.txt; docs/regression/Audit03/rebar_full_on_updated_v192_2026-10-04.txt","","docs/NDM_Audit03_Final_Config_Review.md"
"rngRoundedRectangleGeometry.ExtraRebar.B - нижняя.привязка.Config!N149","rngRoundedRectangleGeometry","Config!N149","UserInput","Length input / count / selector: see physical field","VerifiedEditableBehavior","Минимум K02: активный effect/invalid/inactive и перечисленные технические границы; не exhaustive Double.","modTestGeometryConfig.RunAudit03RebarFieldConfigTests","docs/regression/Audit03/rebar_fields_v192_2026-10-04.txt; docs/regression/Audit03/rebar_full_off_v192_2026-10-04.txt; docs/regression/Audit03/rebar_full_on_updated_v192_2026-10-04.txt","","docs/NDM_Audit03_Final_Config_Review.md"
"rngHollowRectangleGeometry.General.HollowRectangle.InnerOffsetX.Значение.Config!I155","rngHollowRectangleGeometry","Config!I155","UserInput","Length input / count / selector: see physical field","VerifiedEditableBehavior","Минимум K02: активный effect/invalid/inactive и перечисленные технические границы; не exhaustive Double.","modTestGeometryConfig.RunAudit03ShapeConfigTests","docs/regression/Audit03/shape_config_final_v134_2026-10-03.txt; docs/regression/Audit03/shape_config_full_off_v134_2026-10-03.txt; docs/regression/Audit03/shape_config_full_on_v134_2026-10-03.txt","","docs/NDM_Audit03_Final_Config_Review.md"
"rngHollowRectangleGeometry.General.HollowRectangle.InnerOffsetY.Значение.Config!I156","rngHollowRectangleGeometry","Config!I156","UserInput","Length input / count / selector: see physical field","VerifiedEditableBehavior","Минимум K02: активный effect/invalid/inactive и перечисленные технические границы; не exhaustive Double.","modTestGeometryConfig.RunAudit03ShapeConfigTests","docs/regression/Audit03/shape_config_final_v134_2026-10-03.txt; docs/regression/Audit03/shape_config_full_off_v134_2026-10-03.txt; docs/regression/Audit03/shape_config_full_on_v134_2026-10-03.txt","","docs/NDM_Audit03_Final_Config_Review.md"
"rngHollowRectangleGeometry.Dimensions.800.H.Config!H159","rngHollowRectangleGeometry","Config!H159","UserInput","Length input / count / selector: see physical field","VerifiedEditableBehavior","Минимум K02: активный effect/invalid/inactive и перечисленные технические границы; не exhaustive Double.","modTestGeometryConfig.RunAudit03ShapeConfigTests","docs/regression/Audit03/shape_config_final_v134_2026-10-03.txt; docs/regression/Audit03/shape_config_full_off_v134_2026-10-03.txt; docs/regression/Audit03/shape_config_full_on_v134_2026-10-03.txt","","docs/NDM_Audit03_Final_Config_Review.md"
"rngHollowRectangleGeometry.Dimensions.800.B.Config!I159","rngHollowRectangleGeometry","Config!I159","UserInput","Length input / count / selector: see physical field","VerifiedEditableBehavior","Минимум K02: активный effect/invalid/inactive и перечисленные технические границы; не exhaustive Double.","modTestGeometryConfig.RunAudit03ShapeConfigTests","docs/regression/Audit03/shape_config_final_v134_2026-10-03.txt; docs/regression/Audit03/shape_config_full_off_v134_2026-10-03.txt; docs/regression/Audit03/shape_config_full_on_v134_2026-10-03.txt","","docs/NDM_Audit03_Final_Config_Review.md"
"rngHollowRectangleGeometry.Dimensions.800.R.Config!J159","rngHollowRectangleGeometry","Config!J159","UserInput","Length input / count / selector: see physical field","VerifiedEditableBehavior","Минимум K02: активный effect/invalid/inactive и перечисленные технические границы; не exhaustive Double.","modTestGeometryConfig.RunAudit03ShapeConfigTests","docs/regression/Audit03/shape_config_final_v134_2026-10-03.txt; docs/regression/Audit03/shape_config_full_off_v134_2026-10-03.txt; docs/regression/Audit03/shape_config_full_on_v134_2026-10-03.txt","","docs/NDM_Audit03_Final_Config_Review.md"
"rngHollowRectangleGeometry.Dimensions.800.H_o.Config!K159","rngHollowRectangleGeometry","Config!K159","UserInput","Length input / count / selector: see physical field","VerifiedEditableBehavior","Минимум K02: активный effect/invalid/inactive и перечисленные технические границы; не exhaustive Double.","modTestGeometryConfig.RunAudit03ShapeConfigTests","docs/regression/Audit03/shape_config_final_v134_2026-10-03.txt; docs/regression/Audit03/shape_config_full_off_v134_2026-10-03.txt; docs/regression/Audit03/shape_config_full_on_v134_2026-10-03.txt","","docs/NDM_Audit03_Final_Config_Review.md"
"rngHollowRectangleGeometry.Dimensions.800.B_o.Config!L159","rngHollowRectangleGeometry","Config!L159","UserInput","Length input / count / selector: see physical field","VerifiedEditableBehavior","Минимум K02: активный effect/invalid/inactive и перечисленные технические границы; не exhaustive Double.","modTestGeometryConfig.RunAudit03ShapeConfigTests","docs/regression/Audit03/shape_config_final_v134_2026-10-03.txt; docs/regression/Audit03/shape_config_full_off_v134_2026-10-03.txt; docs/regression/Audit03/shape_config_full_on_v134_2026-10-03.txt","","docs/NDM_Audit03_Final_Config_Review.md"
"rngHollowRectangleGeometry.Dimensions.800.R_o.Config!M159","rngHollowRectangleGeometry","Config!M159","UserInput","Length input / count / selector: see physical field","VerifiedEditableBehavior","Минимум K02: активный effect/invalid/inactive и перечисленные технические границы; не exhaustive Double.","modTestGeometryConfig.RunAudit03ShapeConfigTests","docs/regression/Audit03/shape_config_final_v134_2026-10-03.txt; docs/regression/Audit03/shape_config_full_off_v134_2026-10-03.txt; docs/regression/Audit03/shape_config_full_on_v134_2026-10-03.txt","","docs/NDM_Audit03_Final_Config_Review.md"
"rngHollowRectangleGeometry.MainRebar.H - левая.as.Config!I163","rngHollowRectangleGeometry","Config!I163","UserInput","Length input / count / selector: see physical field","VerifiedEditableBehavior","Минимум K02: активный effect/invalid/inactive и перечисленные технические границы; не exhaustive Double.","modTestGeometryConfig.RunAudit03RebarFieldConfigTests","docs/regression/Audit03/rebar_fields_v192_2026-10-04.txt; docs/regression/Audit03/rebar_full_off_v192_2026-10-04.txt; docs/regression/Audit03/rebar_full_on_updated_v192_2026-10-04.txt","","docs/NDM_Audit03_Final_Config_Review.md"
"rngHollowRectangleGeometry.MainRebar.H - левая.d.Config!J163","rngHollowRectangleGeometry","Config!J163","UserInput","Length input / count / selector: see physical field","VerifiedEditableBehavior","Минимум K02: активный effect/invalid/inactive и перечисленные технические границы; не exhaustive Double.","modTestGeometryConfig.RunAudit03RebarFieldConfigTests","docs/regression/Audit03/rebar_fields_v192_2026-10-04.txt; docs/regression/Audit03/rebar_full_off_v192_2026-10-04.txt; docs/regression/Audit03/rebar_full_on_updated_v192_2026-10-04.txt","","docs/NDM_Audit03_Final_Config_Review.md"
"rngHollowRectangleGeometry.MainRebar.H - левая.n.Config!K163","rngHollowRectangleGeometry","Config!K163","UserInput","Length input / count / selector: see physical field","VerifiedEditableBehavior","Минимум K02: активный effect/invalid/inactive и перечисленные технические границы; не exhaustive Double.","modTestGeometryConfig.RunAudit03RebarFieldConfigTests","docs/regression/Audit03/rebar_fields_v192_2026-10-04.txt; docs/regression/Audit03/rebar_full_off_v192_2026-10-04.txt; docs/regression/Audit03/rebar_full_on_updated_v192_2026-10-04.txt","","docs/NDM_Audit03_Final_Config_Review.md"
"rngHollowRectangleGeometry.MainRebar.H - правая.as.Config!I164","rngHollowRectangleGeometry","Config!I164","UserInput","Length input / count / selector: see physical field","VerifiedEditableBehavior","Минимум K02: активный effect/invalid/inactive и перечисленные технические границы; не exhaustive Double.","modTestGeometryConfig.RunAudit03RebarFieldConfigTests","docs/regression/Audit03/rebar_fields_v192_2026-10-04.txt; docs/regression/Audit03/rebar_full_off_v192_2026-10-04.txt; docs/regression/Audit03/rebar_full_on_updated_v192_2026-10-04.txt","","docs/NDM_Audit03_Final_Config_Review.md"
"rngHollowRectangleGeometry.MainRebar.H - правая.d.Config!J164","rngHollowRectangleGeometry","Config!J164","UserInput","Length input / count / selector: see physical field","VerifiedEditableBehavior","Минимум K02: активный effect/invalid/inactive и перечисленные технические границы; не exhaustive Double.","modTestGeometryConfig.RunAudit03RebarFieldConfigTests","docs/regression/Audit03/rebar_fields_v192_2026-10-04.txt; docs/regression/Audit03/rebar_full_off_v192_2026-10-04.txt; docs/regression/Audit03/rebar_full_on_updated_v192_2026-10-04.txt","","docs/NDM_Audit03_Final_Config_Review.md"
"rngHollowRectangleGeometry.MainRebar.H - правая.n.Config!K164","rngHollowRectangleGeometry","Config!K164","UserInput","Length input / count / selector: see physical field","VerifiedEditableBehavior","Минимум K02: активный effect/invalid/inactive и перечисленные технические границы; не exhaustive Double.","modTestGeometryConfig.RunAudit03RebarFieldConfigTests","docs/regression/Audit03/rebar_fields_v192_2026-10-04.txt; docs/regression/Audit03/rebar_full_off_v192_2026-10-04.txt; docs/regression/Audit03/rebar_full_on_updated_v192_2026-10-04.txt","","docs/NDM_Audit03_Final_Config_Review.md"
"rngHollowRectangleGeometry.MainRebar.B - верхняя.as.Config!I165","rngHollowRectangleGeometry","Config!I165","UserInput","Length input / count / selector: see physical field","VerifiedEditableBehavior","Минимум K02: активный effect/invalid/inactive и перечисленные технические границы; не exhaustive Double.","modTestGeometryConfig.RunAudit03RebarFieldConfigTests","docs/regression/Audit03/rebar_fields_v192_2026-10-04.txt; docs/regression/Audit03/rebar_full_off_v192_2026-10-04.txt; docs/regression/Audit03/rebar_full_on_updated_v192_2026-10-04.txt","","docs/NDM_Audit03_Final_Config_Review.md"
"rngHollowRectangleGeometry.MainRebar.B - верхняя.d.Config!J165","rngHollowRectangleGeometry","Config!J165","UserInput","Length input / count / selector: see physical field","VerifiedEditableBehavior","Минимум K02: активный effect/invalid/inactive и перечисленные технические границы; не exhaustive Double.","modTestGeometryConfig.RunAudit03RebarFieldConfigTests","docs/regression/Audit03/rebar_fields_v192_2026-10-04.txt; docs/regression/Audit03/rebar_full_off_v192_2026-10-04.txt; docs/regression/Audit03/rebar_full_on_updated_v192_2026-10-04.txt","","docs/NDM_Audit03_Final_Config_Review.md"
"rngHollowRectangleGeometry.MainRebar.B - верхняя.n.Config!K165","rngHollowRectangleGeometry","Config!K165","UserInput","Length input / count / selector: see physical field","VerifiedEditableBehavior","Минимум K02: активный effect/invalid/inactive и перечисленные технические границы; не exhaustive Double.","modTestGeometryConfig.RunAudit03RebarFieldConfigTests","docs/regression/Audit03/rebar_fields_v192_2026-10-04.txt; docs/regression/Audit03/rebar_full_off_v192_2026-10-04.txt; docs/regression/Audit03/rebar_full_on_updated_v192_2026-10-04.txt","","docs/NDM_Audit03_Final_Config_Review.md"
"rngHollowRectangleGeometry.MainRebar.B - нижняя.as.Config!I166","rngHollowRectangleGeometry","Config!I166","UserInput","Length input / count / selector: see physical field","VerifiedEditableBehavior","Минимум K02: активный effect/invalid/inactive и перечисленные технические границы; не exhaustive Double.","modTestGeometryConfig.RunAudit03RebarFieldConfigTests","docs/regression/Audit03/rebar_fields_v192_2026-10-04.txt; docs/regression/Audit03/rebar_full_off_v192_2026-10-04.txt; docs/regression/Audit03/rebar_full_on_updated_v192_2026-10-04.txt","","docs/NDM_Audit03_Final_Config_Review.md"
"rngHollowRectangleGeometry.MainRebar.B - нижняя.d.Config!J166","rngHollowRectangleGeometry","Config!J166","UserInput","Length input / count / selector: see physical field","VerifiedEditableBehavior","Минимум K02: активный effect/invalid/inactive и перечисленные технические границы; не exhaustive Double.","modTestGeometryConfig.RunAudit03RebarFieldConfigTests","docs/regression/Audit03/rebar_fields_v192_2026-10-04.txt; docs/regression/Audit03/rebar_full_off_v192_2026-10-04.txt; docs/regression/Audit03/rebar_full_on_updated_v192_2026-10-04.txt","","docs/NDM_Audit03_Final_Config_Review.md"
"rngHollowRectangleGeometry.MainRebar.B - нижняя.n.Config!K166","rngHollowRectangleGeometry","Config!K166","UserInput","Length input / count / selector: see physical field","VerifiedEditableBehavior","Минимум K02: активный effect/invalid/inactive и перечисленные технические границы; не exhaustive Double.","modTestGeometryConfig.RunAudit03RebarFieldConfigTests","docs/regression/Audit03/rebar_fields_v192_2026-10-04.txt; docs/regression/Audit03/rebar_full_off_v192_2026-10-04.txt; docs/regression/Audit03/rebar_full_on_updated_v192_2026-10-04.txt","","docs/NDM_Audit03_Final_Config_Review.md"
"rngHollowRectangleGeometry.MainRebar.H_o - левая.as.Config!I167","rngHollowRectangleGeometry","Config!I167","UserInput","Length input / count / selector: see physical field","VerifiedEditableBehavior","Минимум K02: активный effect/invalid/inactive и перечисленные технические границы; не exhaustive Double.","modTestGeometryConfig.RunAudit03RebarFieldConfigTests","docs/regression/Audit03/rebar_fields_v192_2026-10-04.txt; docs/regression/Audit03/rebar_full_off_v192_2026-10-04.txt; docs/regression/Audit03/rebar_full_on_updated_v192_2026-10-04.txt","","docs/NDM_Audit03_Final_Config_Review.md"
"rngHollowRectangleGeometry.MainRebar.H_o - левая.d.Config!J167","rngHollowRectangleGeometry","Config!J167","UserInput","Length input / count / selector: see physical field","VerifiedEditableBehavior","Минимум K02: активный effect/invalid/inactive и перечисленные технические границы; не exhaustive Double.","modTestGeometryConfig.RunAudit03RebarFieldConfigTests","docs/regression/Audit03/rebar_fields_v192_2026-10-04.txt; docs/regression/Audit03/rebar_full_off_v192_2026-10-04.txt; docs/regression/Audit03/rebar_full_on_updated_v192_2026-10-04.txt","","docs/NDM_Audit03_Final_Config_Review.md"
"rngHollowRectangleGeometry.MainRebar.H_o - левая.n.Config!K167","rngHollowRectangleGeometry","Config!K167","NotEditable:NotApplicableCell","Length input / count / selector: see physical field","VerifiedInactiveContract","Минимум K02: активный effect/invalid/inactive и перечисленные технические границы; не exhaustive Double.","modTestBatchCalculation.RunAudit03InactiveConfigCellTests","docs/regression/Audit03/inactive_config_positive_v302_2026-10-05.txt","","docs/NDM_Audit03_Final_Config_Review.md"
"rngHollowRectangleGeometry.MainRebar.H_o - правая.as.Config!I168","rngHollowRectangleGeometry","Config!I168","UserInput","Length input / count / selector: see physical field","VerifiedEditableBehavior","Минимум K02: активный effect/invalid/inactive и перечисленные технические границы; не exhaustive Double.","modTestGeometryConfig.RunAudit03RebarFieldConfigTests","docs/regression/Audit03/rebar_fields_v192_2026-10-04.txt; docs/regression/Audit03/rebar_full_off_v192_2026-10-04.txt; docs/regression/Audit03/rebar_full_on_updated_v192_2026-10-04.txt","","docs/NDM_Audit03_Final_Config_Review.md"
"rngHollowRectangleGeometry.MainRebar.H_o - правая.d.Config!J168","rngHollowRectangleGeometry","Config!J168","UserInput","Length input / count / selector: see physical field","VerifiedEditableBehavior","Минимум K02: активный effect/invalid/inactive и перечисленные технические границы; не exhaustive Double.","modTestGeometryConfig.RunAudit03RebarFieldConfigTests","docs/regression/Audit03/rebar_fields_v192_2026-10-04.txt; docs/regression/Audit03/rebar_full_off_v192_2026-10-04.txt; docs/regression/Audit03/rebar_full_on_updated_v192_2026-10-04.txt","","docs/NDM_Audit03_Final_Config_Review.md"
"rngHollowRectangleGeometry.MainRebar.H_o - правая.n.Config!K168","rngHollowRectangleGeometry","Config!K168","NotEditable:NotApplicableCell","Length input / count / selector: see physical field","VerifiedInactiveContract","Минимум K02: активный effect/invalid/inactive и перечисленные технические границы; не exhaustive Double.","modTestBatchCalculation.RunAudit03InactiveConfigCellTests","docs/regression/Audit03/inactive_config_positive_v302_2026-10-05.txt","","docs/NDM_Audit03_Final_Config_Review.md"
"rngHollowRectangleGeometry.MainRebar.B_o - верхняя.as.Config!I169","rngHollowRectangleGeometry","Config!I169","UserInput","Length input / count / selector: see physical field","VerifiedEditableBehavior","Минимум K02: активный effect/invalid/inactive и перечисленные технические границы; не exhaustive Double.","modTestGeometryConfig.RunAudit03RebarFieldConfigTests","docs/regression/Audit03/rebar_fields_v192_2026-10-04.txt; docs/regression/Audit03/rebar_full_off_v192_2026-10-04.txt; docs/regression/Audit03/rebar_full_on_updated_v192_2026-10-04.txt","","docs/NDM_Audit03_Final_Config_Review.md"
"rngHollowRectangleGeometry.MainRebar.B_o - верхняя.d.Config!J169","rngHollowRectangleGeometry","Config!J169","UserInput","Length input / count / selector: see physical field","VerifiedEditableBehavior","Минимум K02: активный effect/invalid/inactive и перечисленные технические границы; не exhaustive Double.","modTestGeometryConfig.RunAudit03RebarFieldConfigTests","docs/regression/Audit03/rebar_fields_v192_2026-10-04.txt; docs/regression/Audit03/rebar_full_off_v192_2026-10-04.txt; docs/regression/Audit03/rebar_full_on_updated_v192_2026-10-04.txt","","docs/NDM_Audit03_Final_Config_Review.md"
"rngHollowRectangleGeometry.MainRebar.B_o - верхняя.n.Config!K169","rngHollowRectangleGeometry","Config!K169","NotEditable:NotApplicableCell","Length input / count / selector: see physical field","VerifiedInactiveContract","Минимум K02: активный effect/invalid/inactive и перечисленные технические границы; не exhaustive Double.","modTestBatchCalculation.RunAudit03InactiveConfigCellTests","docs/regression/Audit03/inactive_config_positive_v302_2026-10-05.txt","","docs/NDM_Audit03_Final_Config_Review.md"
"rngHollowRectangleGeometry.MainRebar.B_o - нижняя.as.Config!I170","rngHollowRectangleGeometry","Config!I170","UserInput","Length input / count / selector: see physical field","VerifiedEditableBehavior","Минимум K02: активный effect/invalid/inactive и перечисленные технические границы; не exhaustive Double.","modTestGeometryConfig.RunAudit03RebarFieldConfigTests","docs/regression/Audit03/rebar_fields_v192_2026-10-04.txt; docs/regression/Audit03/rebar_full_off_v192_2026-10-04.txt; docs/regression/Audit03/rebar_full_on_updated_v192_2026-10-04.txt","","docs/NDM_Audit03_Final_Config_Review.md"
"rngHollowRectangleGeometry.MainRebar.B_o - нижняя.d.Config!J170","rngHollowRectangleGeometry","Config!J170","UserInput","Length input / count / selector: see physical field","VerifiedEditableBehavior","Минимум K02: активный effect/invalid/inactive и перечисленные технические границы; не exhaustive Double.","modTestGeometryConfig.RunAudit03RebarFieldConfigTests","docs/regression/Audit03/rebar_fields_v192_2026-10-04.txt; docs/regression/Audit03/rebar_full_off_v192_2026-10-04.txt; docs/regression/Audit03/rebar_full_on_updated_v192_2026-10-04.txt","","docs/NDM_Audit03_Final_Config_Review.md"
"rngHollowRectangleGeometry.MainRebar.B_o - нижняя.n.Config!K170","rngHollowRectangleGeometry","Config!K170","NotEditable:NotApplicableCell","Length input / count / selector: see physical field","VerifiedInactiveContract","Минимум K02: активный effect/invalid/inactive и перечисленные технические границы; не exhaustive Double.","modTestBatchCalculation.RunAudit03InactiveConfigCellTests","docs/regression/Audit03/inactive_config_positive_v302_2026-10-05.txt","","docs/NDM_Audit03_Final_Config_Review.md"
"rngHollowRectangleGeometry.ExtraRebar.H - левая.d2.Config!I173","rngHollowRectangleGeometry","Config!I173","UserInput","Length input / count / selector: see physical field","VerifiedEditableBehavior","Минимум K02: активный effect/invalid/inactive и перечисленные технические границы; не exhaustive Double.","modTestGeometryConfig.RunAudit03RebarFieldConfigTests","docs/regression/Audit03/rebar_fields_v192_2026-10-04.txt; docs/regression/Audit03/rebar_full_off_v192_2026-10-04.txt; docs/regression/Audit03/rebar_full_on_updated_v192_2026-10-04.txt","","docs/NDM_Audit03_Final_Config_Review.md"
"rngHollowRectangleGeometry.ExtraRebar.H - левая.положение.Config!J173","rngHollowRectangleGeometry","Config!J173","UserInput","Length input / count / selector: see physical field","VerifiedEditableBehavior","Минимум K02: активный effect/invalid/inactive и перечисленные технические границы; не exhaustive Double.","modTestGeometryConfig.RunAudit03RebarFieldConfigTests","docs/regression/Audit03/rebar_fields_v192_2026-10-04.txt; docs/regression/Audit03/rebar_full_off_v192_2026-10-04.txt; docs/regression/Audit03/rebar_full_on_updated_v192_2026-10-04.txt","","docs/NDM_Audit03_Final_Config_Review.md"
"rngHollowRectangleGeometry.ExtraRebar.H - левая.привязка.Config!K173","rngHollowRectangleGeometry","Config!K173","UserInput","Length input / count / selector: see physical field","VerifiedEditableBehavior","Минимум K02: активный effect/invalid/inactive и перечисленные технические границы; не exhaustive Double.","modTestGeometryConfig.RunAudit03RebarFieldConfigTests","docs/regression/Audit03/rebar_fields_v192_2026-10-04.txt; docs/regression/Audit03/rebar_full_off_v192_2026-10-04.txt; docs/regression/Audit03/rebar_full_on_updated_v192_2026-10-04.txt","","docs/NDM_Audit03_Final_Config_Review.md"
"rngHollowRectangleGeometry.ExtraRebar.H - левая.d3.Config!L173","rngHollowRectangleGeometry","Config!L173","UserInput","Length input / count / selector: see physical field","VerifiedEditableBehavior","Минимум K02: активный effect/invalid/inactive и перечисленные технические границы; не exhaustive Double.","modTestGeometryConfig.RunAudit03RebarFieldConfigTests","docs/regression/Audit03/rebar_fields_v192_2026-10-04.txt; docs/regression/Audit03/rebar_full_off_v192_2026-10-04.txt; docs/regression/Audit03/rebar_full_on_updated_v192_2026-10-04.txt","","docs/NDM_Audit03_Final_Config_Review.md"
"rngHollowRectangleGeometry.ExtraRebar.H - левая.положение.Config!M173","rngHollowRectangleGeometry","Config!M173","UserInput","Length input / count / selector: see physical field","VerifiedEditableBehavior","Минимум K02: активный effect/invalid/inactive и перечисленные технические границы; не exhaustive Double.","modTestGeometryConfig.RunAudit03RebarFieldConfigTests","docs/regression/Audit03/rebar_fields_v192_2026-10-04.txt; docs/regression/Audit03/rebar_full_off_v192_2026-10-04.txt; docs/regression/Audit03/rebar_full_on_updated_v192_2026-10-04.txt","","docs/NDM_Audit03_Final_Config_Review.md"
"rngHollowRectangleGeometry.ExtraRebar.H - левая.привязка.Config!N173","rngHollowRectangleGeometry","Config!N173","UserInput","Length input / count / selector: see physical field","VerifiedEditableBehavior","Минимум K02: активный effect/invalid/inactive и перечисленные технические границы; не exhaustive Double.","modTestGeometryConfig.RunAudit03RebarFieldConfigTests","docs/regression/Audit03/rebar_fields_v192_2026-10-04.txt; docs/regression/Audit03/rebar_full_off_v192_2026-10-04.txt; docs/regression/Audit03/rebar_full_on_updated_v192_2026-10-04.txt","","docs/NDM_Audit03_Final_Config_Review.md"
"rngHollowRectangleGeometry.ExtraRebar.H - правая.d2.Config!I174","rngHollowRectangleGeometry","Config!I174","UserInput","Length input / count / selector: see physical field","VerifiedEditableBehavior","Минимум K02: активный effect/invalid/inactive и перечисленные технические границы; не exhaustive Double.","modTestGeometryConfig.RunAudit03RebarFieldConfigTests","docs/regression/Audit03/rebar_fields_v192_2026-10-04.txt; docs/regression/Audit03/rebar_full_off_v192_2026-10-04.txt; docs/regression/Audit03/rebar_full_on_updated_v192_2026-10-04.txt","","docs/NDM_Audit03_Final_Config_Review.md"
"rngHollowRectangleGeometry.ExtraRebar.H - правая.положение.Config!J174","rngHollowRectangleGeometry","Config!J174","UserInput","Length input / count / selector: see physical field","VerifiedEditableBehavior","Минимум K02: активный effect/invalid/inactive и перечисленные технические границы; не exhaustive Double.","modTestGeometryConfig.RunAudit03RebarFieldConfigTests","docs/regression/Audit03/rebar_fields_v192_2026-10-04.txt; docs/regression/Audit03/rebar_full_off_v192_2026-10-04.txt; docs/regression/Audit03/rebar_full_on_updated_v192_2026-10-04.txt","","docs/NDM_Audit03_Final_Config_Review.md"
"rngHollowRectangleGeometry.ExtraRebar.H - правая.привязка.Config!K174","rngHollowRectangleGeometry","Config!K174","UserInput","Length input / count / selector: see physical field","VerifiedEditableBehavior","Минимум K02: активный effect/invalid/inactive и перечисленные технические границы; не exhaustive Double.","modTestGeometryConfig.RunAudit03RebarFieldConfigTests","docs/regression/Audit03/rebar_fields_v192_2026-10-04.txt; docs/regression/Audit03/rebar_full_off_v192_2026-10-04.txt; docs/regression/Audit03/rebar_full_on_updated_v192_2026-10-04.txt","","docs/NDM_Audit03_Final_Config_Review.md"
"rngHollowRectangleGeometry.ExtraRebar.H - правая.d3.Config!L174","rngHollowRectangleGeometry","Config!L174","UserInput","Length input / count / selector: see physical field","VerifiedEditableBehavior","Минимум K02: активный effect/invalid/inactive и перечисленные технические границы; не exhaustive Double.","modTestGeometryConfig.RunAudit03RebarFieldConfigTests","docs/regression/Audit03/rebar_fields_v192_2026-10-04.txt; docs/regression/Audit03/rebar_full_off_v192_2026-10-04.txt; docs/regression/Audit03/rebar_full_on_updated_v192_2026-10-04.txt","","docs/NDM_Audit03_Final_Config_Review.md"
"rngHollowRectangleGeometry.ExtraRebar.H - правая.положение.Config!M174","rngHollowRectangleGeometry","Config!M174","UserInput","Length input / count / selector: see physical field","VerifiedEditableBehavior","Минимум K02: активный effect/invalid/inactive и перечисленные технические границы; не exhaustive Double.","modTestGeometryConfig.RunAudit03RebarFieldConfigTests","docs/regression/Audit03/rebar_fields_v192_2026-10-04.txt; docs/regression/Audit03/rebar_full_off_v192_2026-10-04.txt; docs/regression/Audit03/rebar_full_on_updated_v192_2026-10-04.txt","","docs/NDM_Audit03_Final_Config_Review.md"
"rngHollowRectangleGeometry.ExtraRebar.H - правая.привязка.Config!N174","rngHollowRectangleGeometry","Config!N174","UserInput","Length input / count / selector: see physical field","VerifiedEditableBehavior","Минимум K02: активный effect/invalid/inactive и перечисленные технические границы; не exhaustive Double.","modTestGeometryConfig.RunAudit03RebarFieldConfigTests","docs/regression/Audit03/rebar_fields_v192_2026-10-04.txt; docs/regression/Audit03/rebar_full_off_v192_2026-10-04.txt; docs/regression/Audit03/rebar_full_on_updated_v192_2026-10-04.txt","","docs/NDM_Audit03_Final_Config_Review.md"
"rngHollowRectangleGeometry.ExtraRebar.B - верхняя.d2.Config!I175","rngHollowRectangleGeometry","Config!I175","UserInput","Length input / count / selector: see physical field","VerifiedEditableBehavior","Минимум K02: активный effect/invalid/inactive и перечисленные технические границы; не exhaustive Double.","modTestGeometryConfig.RunAudit03RebarFieldConfigTests","docs/regression/Audit03/rebar_fields_v192_2026-10-04.txt; docs/regression/Audit03/rebar_full_off_v192_2026-10-04.txt; docs/regression/Audit03/rebar_full_on_updated_v192_2026-10-04.txt","","docs/NDM_Audit03_Final_Config_Review.md"
"rngHollowRectangleGeometry.ExtraRebar.B - верхняя.положение.Config!J175","rngHollowRectangleGeometry","Config!J175","UserInput","Length input / count / selector: see physical field","VerifiedEditableBehavior","Минимум K02: активный effect/invalid/inactive и перечисленные технические границы; не exhaustive Double.","modTestGeometryConfig.RunAudit03RebarFieldConfigTests","docs/regression/Audit03/rebar_fields_v192_2026-10-04.txt; docs/regression/Audit03/rebar_full_off_v192_2026-10-04.txt; docs/regression/Audit03/rebar_full_on_updated_v192_2026-10-04.txt","","docs/NDM_Audit03_Final_Config_Review.md"
"rngHollowRectangleGeometry.ExtraRebar.B - верхняя.привязка.Config!K175","rngHollowRectangleGeometry","Config!K175","UserInput","Length input / count / selector: see physical field","VerifiedEditableBehavior","Минимум K02: активный effect/invalid/inactive и перечисленные технические границы; не exhaustive Double.","modTestGeometryConfig.RunAudit03RebarFieldConfigTests","docs/regression/Audit03/rebar_fields_v192_2026-10-04.txt; docs/regression/Audit03/rebar_full_off_v192_2026-10-04.txt; docs/regression/Audit03/rebar_full_on_updated_v192_2026-10-04.txt","","docs/NDM_Audit03_Final_Config_Review.md"
"rngHollowRectangleGeometry.ExtraRebar.B - верхняя.d3.Config!L175","rngHollowRectangleGeometry","Config!L175","UserInput","Length input / count / selector: see physical field","VerifiedEditableBehavior","Минимум K02: активный effect/invalid/inactive и перечисленные технические границы; не exhaustive Double.","modTestGeometryConfig.RunAudit03RebarFieldConfigTests","docs/regression/Audit03/rebar_fields_v192_2026-10-04.txt; docs/regression/Audit03/rebar_full_off_v192_2026-10-04.txt; docs/regression/Audit03/rebar_full_on_updated_v192_2026-10-04.txt","","docs/NDM_Audit03_Final_Config_Review.md"
"rngHollowRectangleGeometry.ExtraRebar.B - верхняя.положение.Config!M175","rngHollowRectangleGeometry","Config!M175","UserInput","Length input / count / selector: see physical field","VerifiedEditableBehavior","Минимум K02: активный effect/invalid/inactive и перечисленные технические границы; не exhaustive Double.","modTestGeometryConfig.RunAudit03RebarFieldConfigTests","docs/regression/Audit03/rebar_fields_v192_2026-10-04.txt; docs/regression/Audit03/rebar_full_off_v192_2026-10-04.txt; docs/regression/Audit03/rebar_full_on_updated_v192_2026-10-04.txt","","docs/NDM_Audit03_Final_Config_Review.md"
"rngHollowRectangleGeometry.ExtraRebar.B - верхняя.привязка.Config!N175","rngHollowRectangleGeometry","Config!N175","UserInput","Length input / count / selector: see physical field","VerifiedEditableBehavior","Минимум K02: активный effect/invalid/inactive и перечисленные технические границы; не exhaustive Double.","modTestGeometryConfig.RunAudit03RebarFieldConfigTests","docs/regression/Audit03/rebar_fields_v192_2026-10-04.txt; docs/regression/Audit03/rebar_full_off_v192_2026-10-04.txt; docs/regression/Audit03/rebar_full_on_updated_v192_2026-10-04.txt","","docs/NDM_Audit03_Final_Config_Review.md"
"rngHollowRectangleGeometry.ExtraRebar.B - нижняя.d2.Config!I176","rngHollowRectangleGeometry","Config!I176","UserInput","Length input / count / selector: see physical field","VerifiedEditableBehavior","Минимум K02: активный effect/invalid/inactive и перечисленные технические границы; не exhaustive Double.","modTestGeometryConfig.RunAudit03RebarFieldConfigTests","docs/regression/Audit03/rebar_fields_v192_2026-10-04.txt; docs/regression/Audit03/rebar_full_off_v192_2026-10-04.txt; docs/regression/Audit03/rebar_full_on_updated_v192_2026-10-04.txt","","docs/NDM_Audit03_Final_Config_Review.md"
"rngHollowRectangleGeometry.ExtraRebar.B - нижняя.положение.Config!J176","rngHollowRectangleGeometry","Config!J176","UserInput","Length input / count / selector: see physical field","VerifiedEditableBehavior","Минимум K02: активный effect/invalid/inactive и перечисленные технические границы; не exhaustive Double.","modTestGeometryConfig.RunAudit03RebarFieldConfigTests","docs/regression/Audit03/rebar_fields_v192_2026-10-04.txt; docs/regression/Audit03/rebar_full_off_v192_2026-10-04.txt; docs/regression/Audit03/rebar_full_on_updated_v192_2026-10-04.txt","","docs/NDM_Audit03_Final_Config_Review.md"
"rngHollowRectangleGeometry.ExtraRebar.B - нижняя.привязка.Config!K176","rngHollowRectangleGeometry","Config!K176","UserInput","Length input / count / selector: see physical field","VerifiedEditableBehavior","Минимум K02: активный effect/invalid/inactive и перечисленные технические границы; не exhaustive Double.","modTestGeometryConfig.RunAudit03RebarFieldConfigTests","docs/regression/Audit03/rebar_fields_v192_2026-10-04.txt; docs/regression/Audit03/rebar_full_off_v192_2026-10-04.txt; docs/regression/Audit03/rebar_full_on_updated_v192_2026-10-04.txt","","docs/NDM_Audit03_Final_Config_Review.md"
"rngHollowRectangleGeometry.ExtraRebar.B - нижняя.d3.Config!L176","rngHollowRectangleGeometry","Config!L176","UserInput","Length input / count / selector: see physical field","VerifiedEditableBehavior","Минимум K02: активный effect/invalid/inactive и перечисленные технические границы; не exhaustive Double.","modTestGeometryConfig.RunAudit03RebarFieldConfigTests","docs/regression/Audit03/rebar_fields_v192_2026-10-04.txt; docs/regression/Audit03/rebar_full_off_v192_2026-10-04.txt; docs/regression/Audit03/rebar_full_on_updated_v192_2026-10-04.txt","","docs/NDM_Audit03_Final_Config_Review.md"
"rngHollowRectangleGeometry.ExtraRebar.B - нижняя.положение.Config!M176","rngHollowRectangleGeometry","Config!M176","UserInput","Length input / count / selector: see physical field","VerifiedEditableBehavior","Минимум K02: активный effect/invalid/inactive и перечисленные технические границы; не exhaustive Double.","modTestGeometryConfig.RunAudit03RebarFieldConfigTests","docs/regression/Audit03/rebar_fields_v192_2026-10-04.txt; docs/regression/Audit03/rebar_full_off_v192_2026-10-04.txt; docs/regression/Audit03/rebar_full_on_updated_v192_2026-10-04.txt","","docs/NDM_Audit03_Final_Config_Review.md"
"rngHollowRectangleGeometry.ExtraRebar.B - нижняя.привязка.Config!N176","rngHollowRectangleGeometry","Config!N176","UserInput","Length input / count / selector: see physical field","VerifiedEditableBehavior","Минимум K02: активный effect/invalid/inactive и перечисленные технические границы; не exhaustive Double.","modTestGeometryConfig.RunAudit03RebarFieldConfigTests","docs/regression/Audit03/rebar_fields_v192_2026-10-04.txt; docs/regression/Audit03/rebar_full_off_v192_2026-10-04.txt; docs/regression/Audit03/rebar_full_on_updated_v192_2026-10-04.txt","","docs/NDM_Audit03_Final_Config_Review.md"
"rngHollowRectangleGeometry.ExtraRebar.H_o - левая.d2.Config!I177","rngHollowRectangleGeometry","Config!I177","UserInput","Length input / count / selector: see physical field","VerifiedEditableBehavior","Минимум K02: активный effect/invalid/inactive и перечисленные технические границы; не exhaustive Double.","modTestGeometryConfig.RunAudit03RebarFieldConfigTests","docs/regression/Audit03/rebar_fields_v192_2026-10-04.txt; docs/regression/Audit03/rebar_full_off_v192_2026-10-04.txt; docs/regression/Audit03/rebar_full_on_updated_v192_2026-10-04.txt","","docs/NDM_Audit03_Final_Config_Review.md"
"rngHollowRectangleGeometry.ExtraRebar.H_o - левая.положение.Config!J177","rngHollowRectangleGeometry","Config!J177","UserInput","Length input / count / selector: see physical field","VerifiedEditableBehavior","Минимум K02: активный effect/invalid/inactive и перечисленные технические границы; не exhaustive Double.","modTestGeometryConfig.RunAudit03RebarFieldConfigTests","docs/regression/Audit03/rebar_fields_v192_2026-10-04.txt; docs/regression/Audit03/rebar_full_off_v192_2026-10-04.txt; docs/regression/Audit03/rebar_full_on_updated_v192_2026-10-04.txt","","docs/NDM_Audit03_Final_Config_Review.md"
"rngHollowRectangleGeometry.ExtraRebar.H_o - левая.привязка.Config!K177","rngHollowRectangleGeometry","Config!K177","UserInput","Length input / count / selector: see physical field","VerifiedEditableBehavior","Минимум K02: активный effect/invalid/inactive и перечисленные технические границы; не exhaustive Double.","modTestGeometryConfig.RunAudit03RebarFieldConfigTests","docs/regression/Audit03/rebar_fields_v192_2026-10-04.txt; docs/regression/Audit03/rebar_full_off_v192_2026-10-04.txt; docs/regression/Audit03/rebar_full_on_updated_v192_2026-10-04.txt","","docs/NDM_Audit03_Final_Config_Review.md"
"rngHollowRectangleGeometry.ExtraRebar.H_o - левая.d3.Config!L177","rngHollowRectangleGeometry","Config!L177","UserInput","Length input / count / selector: see physical field","VerifiedEditableBehavior","Минимум K02: активный effect/invalid/inactive и перечисленные технические границы; не exhaustive Double.","modTestGeometryConfig.RunAudit03RebarFieldConfigTests","docs/regression/Audit03/rebar_fields_v192_2026-10-04.txt; docs/regression/Audit03/rebar_full_off_v192_2026-10-04.txt; docs/regression/Audit03/rebar_full_on_updated_v192_2026-10-04.txt","","docs/NDM_Audit03_Final_Config_Review.md"
"rngHollowRectangleGeometry.ExtraRebar.H_o - левая.положение.Config!M177","rngHollowRectangleGeometry","Config!M177","UserInput","Length input / count / selector: see physical field","VerifiedEditableBehavior","Минимум K02: активный effect/invalid/inactive и перечисленные технические границы; не exhaustive Double.","modTestGeometryConfig.RunAudit03RebarFieldConfigTests","docs/regression/Audit03/rebar_fields_v192_2026-10-04.txt; docs/regression/Audit03/rebar_full_off_v192_2026-10-04.txt; docs/regression/Audit03/rebar_full_on_updated_v192_2026-10-04.txt","","docs/NDM_Audit03_Final_Config_Review.md"
"rngHollowRectangleGeometry.ExtraRebar.H_o - левая.привязка.Config!N177","rngHollowRectangleGeometry","Config!N177","UserInput","Length input / count / selector: see physical field","VerifiedEditableBehavior","Минимум K02: активный effect/invalid/inactive и перечисленные технические границы; не exhaustive Double.","modTestGeometryConfig.RunAudit03RebarFieldConfigTests","docs/regression/Audit03/rebar_fields_v192_2026-10-04.txt; docs/regression/Audit03/rebar_full_off_v192_2026-10-04.txt; docs/regression/Audit03/rebar_full_on_updated_v192_2026-10-04.txt","","docs/NDM_Audit03_Final_Config_Review.md"
"rngHollowRectangleGeometry.ExtraRebar.H_o - правая.d2.Config!I178","rngHollowRectangleGeometry","Config!I178","UserInput","Length input / count / selector: see physical field","VerifiedEditableBehavior","Минимум K02: активный effect/invalid/inactive и перечисленные технические границы; не exhaustive Double.","modTestGeometryConfig.RunAudit03RebarFieldConfigTests","docs/regression/Audit03/rebar_fields_v192_2026-10-04.txt; docs/regression/Audit03/rebar_full_off_v192_2026-10-04.txt; docs/regression/Audit03/rebar_full_on_updated_v192_2026-10-04.txt","","docs/NDM_Audit03_Final_Config_Review.md"
"rngHollowRectangleGeometry.ExtraRebar.H_o - правая.положение.Config!J178","rngHollowRectangleGeometry","Config!J178","UserInput","Length input / count / selector: see physical field","VerifiedEditableBehavior","Минимум K02: активный effect/invalid/inactive и перечисленные технические границы; не exhaustive Double.","modTestGeometryConfig.RunAudit03RebarFieldConfigTests","docs/regression/Audit03/rebar_fields_v192_2026-10-04.txt; docs/regression/Audit03/rebar_full_off_v192_2026-10-04.txt; docs/regression/Audit03/rebar_full_on_updated_v192_2026-10-04.txt","","docs/NDM_Audit03_Final_Config_Review.md"
"rngHollowRectangleGeometry.ExtraRebar.H_o - правая.привязка.Config!K178","rngHollowRectangleGeometry","Config!K178","UserInput","Length input / count / selector: see physical field","VerifiedEditableBehavior","Минимум K02: активный effect/invalid/inactive и перечисленные технические границы; не exhaustive Double.","modTestGeometryConfig.RunAudit03RebarFieldConfigTests","docs/regression/Audit03/rebar_fields_v192_2026-10-04.txt; docs/regression/Audit03/rebar_full_off_v192_2026-10-04.txt; docs/regression/Audit03/rebar_full_on_updated_v192_2026-10-04.txt","","docs/NDM_Audit03_Final_Config_Review.md"
"rngHollowRectangleGeometry.ExtraRebar.H_o - правая.d3.Config!L178","rngHollowRectangleGeometry","Config!L178","UserInput","Length input / count / selector: see physical field","VerifiedEditableBehavior","Минимум K02: активный effect/invalid/inactive и перечисленные технические границы; не exhaustive Double.","modTestGeometryConfig.RunAudit03RebarFieldConfigTests","docs/regression/Audit03/rebar_fields_v192_2026-10-04.txt; docs/regression/Audit03/rebar_full_off_v192_2026-10-04.txt; docs/regression/Audit03/rebar_full_on_updated_v192_2026-10-04.txt","","docs/NDM_Audit03_Final_Config_Review.md"
"rngHollowRectangleGeometry.ExtraRebar.H_o - правая.положение.Config!M178","rngHollowRectangleGeometry","Config!M178","UserInput","Length input / count / selector: see physical field","VerifiedEditableBehavior","Минимум K02: активный effect/invalid/inactive и перечисленные технические границы; не exhaustive Double.","modTestGeometryConfig.RunAudit03RebarFieldConfigTests","docs/regression/Audit03/rebar_fields_v192_2026-10-04.txt; docs/regression/Audit03/rebar_full_off_v192_2026-10-04.txt; docs/regression/Audit03/rebar_full_on_updated_v192_2026-10-04.txt","","docs/NDM_Audit03_Final_Config_Review.md"
"rngHollowRectangleGeometry.ExtraRebar.H_o - правая.привязка.Config!N178","rngHollowRectangleGeometry","Config!N178","UserInput","Length input / count / selector: see physical field","VerifiedEditableBehavior","Минимум K02: активный effect/invalid/inactive и перечисленные технические границы; не exhaustive Double.","modTestGeometryConfig.RunAudit03RebarFieldConfigTests","docs/regression/Audit03/rebar_fields_v192_2026-10-04.txt; docs/regression/Audit03/rebar_full_off_v192_2026-10-04.txt; docs/regression/Audit03/rebar_full_on_updated_v192_2026-10-04.txt","","docs/NDM_Audit03_Final_Config_Review.md"
"rngHollowRectangleGeometry.ExtraRebar.B_o - верхняя.d2.Config!I179","rngHollowRectangleGeometry","Config!I179","UserInput","Length input / count / selector: see physical field","VerifiedEditableBehavior","Минимум K02: активный effect/invalid/inactive и перечисленные технические границы; не exhaustive Double.","modTestGeometryConfig.RunAudit03RebarFieldConfigTests","docs/regression/Audit03/rebar_fields_v192_2026-10-04.txt; docs/regression/Audit03/rebar_full_off_v192_2026-10-04.txt; docs/regression/Audit03/rebar_full_on_updated_v192_2026-10-04.txt","","docs/NDM_Audit03_Final_Config_Review.md"
"rngHollowRectangleGeometry.ExtraRebar.B_o - верхняя.положение.Config!J179","rngHollowRectangleGeometry","Config!J179","UserInput","Length input / count / selector: see physical field","VerifiedEditableBehavior","Минимум K02: активный effect/invalid/inactive и перечисленные технические границы; не exhaustive Double.","modTestGeometryConfig.RunAudit03RebarFieldConfigTests","docs/regression/Audit03/rebar_fields_v192_2026-10-04.txt; docs/regression/Audit03/rebar_full_off_v192_2026-10-04.txt; docs/regression/Audit03/rebar_full_on_updated_v192_2026-10-04.txt","","docs/NDM_Audit03_Final_Config_Review.md"
"rngHollowRectangleGeometry.ExtraRebar.B_o - верхняя.привязка.Config!K179","rngHollowRectangleGeometry","Config!K179","UserInput","Length input / count / selector: see physical field","VerifiedEditableBehavior","Минимум K02: активный effect/invalid/inactive и перечисленные технические границы; не exhaustive Double.","modTestGeometryConfig.RunAudit03RebarFieldConfigTests","docs/regression/Audit03/rebar_fields_v192_2026-10-04.txt; docs/regression/Audit03/rebar_full_off_v192_2026-10-04.txt; docs/regression/Audit03/rebar_full_on_updated_v192_2026-10-04.txt","","docs/NDM_Audit03_Final_Config_Review.md"
"rngHollowRectangleGeometry.ExtraRebar.B_o - верхняя.d3.Config!L179","rngHollowRectangleGeometry","Config!L179","UserInput","Length input / count / selector: see physical field","VerifiedEditableBehavior","Минимум K02: активный effect/invalid/inactive и перечисленные технические границы; не exhaustive Double.","modTestGeometryConfig.RunAudit03RebarFieldConfigTests","docs/regression/Audit03/rebar_fields_v192_2026-10-04.txt; docs/regression/Audit03/rebar_full_off_v192_2026-10-04.txt; docs/regression/Audit03/rebar_full_on_updated_v192_2026-10-04.txt","","docs/NDM_Audit03_Final_Config_Review.md"
"rngHollowRectangleGeometry.ExtraRebar.B_o - верхняя.положение.Config!M179","rngHollowRectangleGeometry","Config!M179","UserInput","Length input / count / selector: see physical field","VerifiedEditableBehavior","Минимум K02: активный effect/invalid/inactive и перечисленные технические границы; не exhaustive Double.","modTestGeometryConfig.RunAudit03RebarFieldConfigTests","docs/regression/Audit03/rebar_fields_v192_2026-10-04.txt; docs/regression/Audit03/rebar_full_off_v192_2026-10-04.txt; docs/regression/Audit03/rebar_full_on_updated_v192_2026-10-04.txt","","docs/NDM_Audit03_Final_Config_Review.md"
"rngHollowRectangleGeometry.ExtraRebar.B_o - верхняя.привязка.Config!N179","rngHollowRectangleGeometry","Config!N179","UserInput","Length input / count / selector: see physical field","VerifiedEditableBehavior","Минимум K02: активный effect/invalid/inactive и перечисленные технические границы; не exhaustive Double.","modTestGeometryConfig.RunAudit03RebarFieldConfigTests","docs/regression/Audit03/rebar_fields_v192_2026-10-04.txt; docs/regression/Audit03/rebar_full_off_v192_2026-10-04.txt; docs/regression/Audit03/rebar_full_on_updated_v192_2026-10-04.txt","","docs/NDM_Audit03_Final_Config_Review.md"
"rngHollowRectangleGeometry.ExtraRebar.B_o - нижняя.d2.Config!I180","rngHollowRectangleGeometry","Config!I180","UserInput","Length input / count / selector: see physical field","VerifiedEditableBehavior","Минимум K02: активный effect/invalid/inactive и перечисленные технические границы; не exhaustive Double.","modTestGeometryConfig.RunAudit03RebarFieldConfigTests","docs/regression/Audit03/rebar_fields_v192_2026-10-04.txt; docs/regression/Audit03/rebar_full_off_v192_2026-10-04.txt; docs/regression/Audit03/rebar_full_on_updated_v192_2026-10-04.txt","","docs/NDM_Audit03_Final_Config_Review.md"
"rngHollowRectangleGeometry.ExtraRebar.B_o - нижняя.положение.Config!J180","rngHollowRectangleGeometry","Config!J180","UserInput","Length input / count / selector: see physical field","VerifiedEditableBehavior","Минимум K02: активный effect/invalid/inactive и перечисленные технические границы; не exhaustive Double.","modTestGeometryConfig.RunAudit03RebarFieldConfigTests","docs/regression/Audit03/rebar_fields_v192_2026-10-04.txt; docs/regression/Audit03/rebar_full_off_v192_2026-10-04.txt; docs/regression/Audit03/rebar_full_on_updated_v192_2026-10-04.txt","","docs/NDM_Audit03_Final_Config_Review.md"
"rngHollowRectangleGeometry.ExtraRebar.B_o - нижняя.привязка.Config!K180","rngHollowRectangleGeometry","Config!K180","UserInput","Length input / count / selector: see physical field","VerifiedEditableBehavior","Минимум K02: активный effect/invalid/inactive и перечисленные технические границы; не exhaustive Double.","modTestGeometryConfig.RunAudit03RebarFieldConfigTests","docs/regression/Audit03/rebar_fields_v192_2026-10-04.txt; docs/regression/Audit03/rebar_full_off_v192_2026-10-04.txt; docs/regression/Audit03/rebar_full_on_updated_v192_2026-10-04.txt","","docs/NDM_Audit03_Final_Config_Review.md"
"rngHollowRectangleGeometry.ExtraRebar.B_o - нижняя.d3.Config!L180","rngHollowRectangleGeometry","Config!L180","UserInput","Length input / count / selector: see physical field","VerifiedEditableBehavior","Минимум K02: активный effect/invalid/inactive и перечисленные технические границы; не exhaustive Double.","modTestGeometryConfig.RunAudit03RebarFieldConfigTests","docs/regression/Audit03/rebar_fields_v192_2026-10-04.txt; docs/regression/Audit03/rebar_full_off_v192_2026-10-04.txt; docs/regression/Audit03/rebar_full_on_updated_v192_2026-10-04.txt","","docs/NDM_Audit03_Final_Config_Review.md"
"rngHollowRectangleGeometry.ExtraRebar.B_o - нижняя.положение.Config!M180","rngHollowRectangleGeometry","Config!M180","UserInput","Length input / count / selector: see physical field","VerifiedEditableBehavior","Минимум K02: активный effect/invalid/inactive и перечисленные технические границы; не exhaustive Double.","modTestGeometryConfig.RunAudit03RebarFieldConfigTests","docs/regression/Audit03/rebar_fields_v192_2026-10-04.txt; docs/regression/Audit03/rebar_full_off_v192_2026-10-04.txt; docs/regression/Audit03/rebar_full_on_updated_v192_2026-10-04.txt","","docs/NDM_Audit03_Final_Config_Review.md"
"rngHollowRectangleGeometry.ExtraRebar.B_o - нижняя.привязка.Config!N180","rngHollowRectangleGeometry","Config!N180","UserInput","Length input / count / selector: see physical field","VerifiedEditableBehavior","Минимум K02: активный effect/invalid/inactive и перечисленные технические границы; не exhaustive Double.","modTestGeometryConfig.RunAudit03RebarFieldConfigTests","docs/regression/Audit03/rebar_fields_v192_2026-10-04.txt; docs/regression/Audit03/rebar_full_off_v192_2026-10-04.txt; docs/regression/Audit03/rebar_full_on_updated_v192_2026-10-04.txt","","docs/NDM_Audit03_Final_Config_Review.md"
"rngRectSetGeometry.General.RectSet.SectionType.Значение.Config!I100","rngRectSetGeometry","Config!I100","UserInput","Length input / count / selector: see physical field","VerifiedEditableBehavior","Минимум K02: активный effect/invalid/inactive и перечисленные технические границы; не exhaustive Double.","modTestGeometryConfig.RunAudit03ShapeConfigTests","docs/regression/Audit03/shape_config_final_v134_2026-10-03.txt; docs/regression/Audit03/shape_config_full_off_v134_2026-10-03.txt; docs/regression/Audit03/shape_config_full_on_v134_2026-10-03.txt","","docs/NDM_Audit03_Final_Config_Review.md"
"rngRectSetGeometry.General.RectSet.UpperOffsetX.Значение.Config!I101","rngRectSetGeometry","Config!I101","UserInput","Length input / count / selector: see physical field","VerifiedEditableBehavior","Минимум K02: активный effect/invalid/inactive и перечисленные технические границы; не exhaustive Double.","modTestGeometryConfig.RunAudit03ShapeConfigTests","docs/regression/Audit03/shape_config_final_v134_2026-10-03.txt; docs/regression/Audit03/shape_config_full_off_v134_2026-10-03.txt; docs/regression/Audit03/shape_config_full_on_v134_2026-10-03.txt","","docs/NDM_Audit03_Final_Config_Review.md"
"rngRectSetGeometry.Dimensions.550.H1.Config!H105","rngRectSetGeometry","Config!H105","UserInput","Length input / count / selector: see physical field","VerifiedEditableBehavior","Минимум K02: активный effect/invalid/inactive и перечисленные технические границы; не exhaustive Double.","modTestGeometryConfig.RunAudit03ShapeConfigTests","docs/regression/Audit03/shape_config_final_v134_2026-10-03.txt; docs/regression/Audit03/shape_config_full_off_v134_2026-10-03.txt; docs/regression/Audit03/shape_config_full_on_v134_2026-10-03.txt","","docs/NDM_Audit03_Final_Config_Review.md"
"rngRectSetGeometry.Dimensions.550.B1.Config!I105","rngRectSetGeometry","Config!I105","UserInput","Length input / count / selector: see physical field","VerifiedEditableBehavior","Минимум K02: активный effect/invalid/inactive и перечисленные технические границы; не exhaustive Double.","modTestGeometryConfig.RunAudit03ShapeConfigTests","docs/regression/Audit03/shape_config_final_v134_2026-10-03.txt; docs/regression/Audit03/shape_config_full_off_v134_2026-10-03.txt; docs/regression/Audit03/shape_config_full_on_v134_2026-10-03.txt","","docs/NDM_Audit03_Final_Config_Review.md"
"rngRectSetGeometry.Dimensions.550.H2.Config!J105","rngRectSetGeometry","Config!J105","UserInput","Length input / count / selector: see physical field","VerifiedEditableBehavior","Минимум K02: активный effect/invalid/inactive и перечисленные технические границы; не exhaustive Double.","modTestGeometryConfig.RunAudit03ShapeConfigTests","docs/regression/Audit03/shape_config_final_v134_2026-10-03.txt; docs/regression/Audit03/shape_config_full_off_v134_2026-10-03.txt; docs/regression/Audit03/shape_config_full_on_v134_2026-10-03.txt","","docs/NDM_Audit03_Final_Config_Review.md"
"rngRectSetGeometry.Dimensions.550.B2.Config!K105","rngRectSetGeometry","Config!K105","UserInput","Length input / count / selector: see physical field","VerifiedEditableBehavior","Минимум K02: активный effect/invalid/inactive и перечисленные технические границы; не exhaustive Double.","modTestGeometryConfig.RunAudit03ShapeConfigTests","docs/regression/Audit03/shape_config_final_v134_2026-10-03.txt; docs/regression/Audit03/shape_config_full_off_v134_2026-10-03.txt; docs/regression/Audit03/shape_config_full_on_v134_2026-10-03.txt","","docs/NDM_Audit03_Final_Config_Review.md"
"rngRectSetGeometry.MainRebar.H1 - левая.as.Config!I108","rngRectSetGeometry","Config!I108","UserInput","Length input / count / selector: see physical field","VerifiedEditableBehavior","Минимум K02: активный effect/invalid/inactive и перечисленные технические границы; не exhaustive Double.","modTestGeometryConfig.RunAudit03RebarFieldConfigTests","docs/regression/Audit03/rebar_fields_v192_2026-10-04.txt; docs/regression/Audit03/rebar_full_off_v192_2026-10-04.txt; docs/regression/Audit03/rebar_full_on_updated_v192_2026-10-04.txt","","docs/NDM_Audit03_Final_Config_Review.md"
"rngRectSetGeometry.MainRebar.H1 - левая.d.Config!J108","rngRectSetGeometry","Config!J108","UserInput","Length input / count / selector: see physical field","VerifiedEditableBehavior","Минимум K02: активный effect/invalid/inactive и перечисленные технические границы; не exhaustive Double.","modTestGeometryConfig.RunAudit03RebarFieldConfigTests","docs/regression/Audit03/rebar_fields_v192_2026-10-04.txt; docs/regression/Audit03/rebar_full_off_v192_2026-10-04.txt; docs/regression/Audit03/rebar_full_on_updated_v192_2026-10-04.txt","","docs/NDM_Audit03_Final_Config_Review.md"
"rngRectSetGeometry.MainRebar.H1 - левая.n.Config!K108","rngRectSetGeometry","Config!K108","UserInput","Length input / count / selector: see physical field","VerifiedEditableBehavior","Минимум K02: активный effect/invalid/inactive и перечисленные технические границы; не exhaustive Double.","modTestGeometryConfig.RunAudit03RebarFieldConfigTests","docs/regression/Audit03/rebar_fields_v192_2026-10-04.txt; docs/regression/Audit03/rebar_full_off_v192_2026-10-04.txt; docs/regression/Audit03/rebar_full_on_updated_v192_2026-10-04.txt","","docs/NDM_Audit03_Final_Config_Review.md"
"rngRectSetGeometry.MainRebar.H1 - левая.t нач..Config!L108","rngRectSetGeometry","Config!L108","UserInput","Length input / count / selector: see physical field","VerifiedEditableBehavior","Минимум K02: активный effect/invalid/inactive и перечисленные технические границы; не exhaustive Double.","modTestGeometryConfig.RunAudit03RebarFieldConfigTests","docs/regression/Audit03/rebar_fields_v192_2026-10-04.txt; docs/regression/Audit03/rebar_full_off_v192_2026-10-04.txt; docs/regression/Audit03/rebar_full_on_updated_v192_2026-10-04.txt","","docs/NDM_Audit03_Final_Config_Review.md"
"rngRectSetGeometry.MainRebar.H1 - левая.t кон..Config!M108","rngRectSetGeometry","Config!M108","UserInput","Length input / count / selector: see physical field","VerifiedEditableBehavior","Минимум K02: активный effect/invalid/inactive и перечисленные технические границы; не exhaustive Double.","modTestGeometryConfig.RunAudit03RebarFieldConfigTests","docs/regression/Audit03/rebar_fields_v192_2026-10-04.txt; docs/regression/Audit03/rebar_full_off_v192_2026-10-04.txt; docs/regression/Audit03/rebar_full_on_updated_v192_2026-10-04.txt","","docs/NDM_Audit03_Final_Config_Review.md"
"rngRectSetGeometry.MainRebar.H1 - правая.as.Config!I109","rngRectSetGeometry","Config!I109","UserInput","Length input / count / selector: see physical field","VerifiedEditableBehavior","Минимум K02: активный effect/invalid/inactive и перечисленные технические границы; не exhaustive Double.","modTestGeometryConfig.RunAudit03RebarFieldConfigTests","docs/regression/Audit03/rebar_fields_v192_2026-10-04.txt; docs/regression/Audit03/rebar_full_off_v192_2026-10-04.txt; docs/regression/Audit03/rebar_full_on_updated_v192_2026-10-04.txt","","docs/NDM_Audit03_Final_Config_Review.md"
"rngRectSetGeometry.MainRebar.H1 - правая.d.Config!J109","rngRectSetGeometry","Config!J109","UserInput","Length input / count / selector: see physical field","VerifiedEditableBehavior","Минимум K02: активный effect/invalid/inactive и перечисленные технические границы; не exhaustive Double.","modTestGeometryConfig.RunAudit03RebarFieldConfigTests","docs/regression/Audit03/rebar_fields_v192_2026-10-04.txt; docs/regression/Audit03/rebar_full_off_v192_2026-10-04.txt; docs/regression/Audit03/rebar_full_on_updated_v192_2026-10-04.txt","","docs/NDM_Audit03_Final_Config_Review.md"
"rngRectSetGeometry.MainRebar.H1 - правая.n.Config!K109","rngRectSetGeometry","Config!K109","UserInput","Length input / count / selector: see physical field","VerifiedEditableBehavior","Минимум K02: активный effect/invalid/inactive и перечисленные технические границы; не exhaustive Double.","modTestGeometryConfig.RunAudit03RebarFieldConfigTests","docs/regression/Audit03/rebar_fields_v192_2026-10-04.txt; docs/regression/Audit03/rebar_full_off_v192_2026-10-04.txt; docs/regression/Audit03/rebar_full_on_updated_v192_2026-10-04.txt","","docs/NDM_Audit03_Final_Config_Review.md"
"rngRectSetGeometry.MainRebar.H1 - правая.t нач..Config!L109","rngRectSetGeometry","Config!L109","UserInput","Length input / count / selector: see physical field","VerifiedEditableBehavior","Минимум K02: активный effect/invalid/inactive и перечисленные технические границы; не exhaustive Double.","modTestGeometryConfig.RunAudit03RebarFieldConfigTests","docs/regression/Audit03/rebar_fields_v192_2026-10-04.txt; docs/regression/Audit03/rebar_full_off_v192_2026-10-04.txt; docs/regression/Audit03/rebar_full_on_updated_v192_2026-10-04.txt","","docs/NDM_Audit03_Final_Config_Review.md"
"rngRectSetGeometry.MainRebar.H1 - правая.t кон..Config!M109","rngRectSetGeometry","Config!M109","UserInput","Length input / count / selector: see physical field","VerifiedEditableBehavior","Минимум K02: активный effect/invalid/inactive и перечисленные технические границы; не exhaustive Double.","modTestGeometryConfig.RunAudit03RebarFieldConfigTests","docs/regression/Audit03/rebar_fields_v192_2026-10-04.txt; docs/regression/Audit03/rebar_full_off_v192_2026-10-04.txt; docs/regression/Audit03/rebar_full_on_updated_v192_2026-10-04.txt","","docs/NDM_Audit03_Final_Config_Review.md"
"rngRectSetGeometry.MainRebar.B1 - верхняя.as.Config!I110","rngRectSetGeometry","Config!I110","UserInput","Length input / count / selector: see physical field","VerifiedEditableBehavior","Минимум K02: активный effect/invalid/inactive и перечисленные технические границы; не exhaustive Double.","modTestGeometryConfig.RunAudit03RebarFieldConfigTests","docs/regression/Audit03/rebar_fields_v192_2026-10-04.txt; docs/regression/Audit03/rebar_full_off_v192_2026-10-04.txt; docs/regression/Audit03/rebar_full_on_updated_v192_2026-10-04.txt","","docs/NDM_Audit03_Final_Config_Review.md"
"rngRectSetGeometry.MainRebar.B1 - верхняя.d.Config!J110","rngRectSetGeometry","Config!J110","UserInput","Length input / count / selector: see physical field","VerifiedEditableBehavior","Минимум K02: активный effect/invalid/inactive и перечисленные технические границы; не exhaustive Double.","modTestGeometryConfig.RunAudit03RebarFieldConfigTests","docs/regression/Audit03/rebar_fields_v192_2026-10-04.txt; docs/regression/Audit03/rebar_full_off_v192_2026-10-04.txt; docs/regression/Audit03/rebar_full_on_updated_v192_2026-10-04.txt","","docs/NDM_Audit03_Final_Config_Review.md"
"rngRectSetGeometry.MainRebar.B1 - верхняя.n.Config!K110","rngRectSetGeometry","Config!K110","UserInput","Length input / count / selector: see physical field","VerifiedEditableBehavior","Минимум K02: активный effect/invalid/inactive и перечисленные технические границы; не exhaustive Double.","modTestGeometryConfig.RunAudit03RebarFieldConfigTests","docs/regression/Audit03/rebar_fields_v192_2026-10-04.txt; docs/regression/Audit03/rebar_full_off_v192_2026-10-04.txt; docs/regression/Audit03/rebar_full_on_updated_v192_2026-10-04.txt","","docs/NDM_Audit03_Final_Config_Review.md"
"rngRectSetGeometry.MainRebar.B1 - верхняя.t нач..Config!L110","rngRectSetGeometry","Config!L110","UserInput","Length input / count / selector: see physical field","VerifiedEditableBehavior","Минимум K02: активный effect/invalid/inactive и перечисленные технические границы; не exhaustive Double.","modTestGeometryConfig.RunAudit03RebarFieldConfigTests","docs/regression/Audit03/rebar_fields_v192_2026-10-04.txt; docs/regression/Audit03/rebar_full_off_v192_2026-10-04.txt; docs/regression/Audit03/rebar_full_on_updated_v192_2026-10-04.txt","","docs/NDM_Audit03_Final_Config_Review.md"
"rngRectSetGeometry.MainRebar.B1 - верхняя.t кон..Config!M110","rngRectSetGeometry","Config!M110","UserInput","Length input / count / selector: see physical field","VerifiedEditableBehavior","Минимум K02: активный effect/invalid/inactive и перечисленные технические границы; не exhaustive Double.","modTestGeometryConfig.RunAudit03RebarFieldConfigTests","docs/regression/Audit03/rebar_fields_v192_2026-10-04.txt; docs/regression/Audit03/rebar_full_off_v192_2026-10-04.txt; docs/regression/Audit03/rebar_full_on_updated_v192_2026-10-04.txt","","docs/NDM_Audit03_Final_Config_Review.md"
"rngRectSetGeometry.MainRebar.B1 - нижняя.as.Config!I111","rngRectSetGeometry","Config!I111","UserInput","Length input / count / selector: see physical field","VerifiedEditableBehavior","Минимум K02: активный effect/invalid/inactive и перечисленные технические границы; не exhaustive Double.","modTestGeometryConfig.RunAudit03RebarFieldConfigTests","docs/regression/Audit03/rebar_fields_v192_2026-10-04.txt; docs/regression/Audit03/rebar_full_off_v192_2026-10-04.txt; docs/regression/Audit03/rebar_full_on_updated_v192_2026-10-04.txt","","docs/NDM_Audit03_Final_Config_Review.md"
"rngRectSetGeometry.MainRebar.B1 - нижняя.d.Config!J111","rngRectSetGeometry","Config!J111","UserInput","Length input / count / selector: see physical field","VerifiedEditableBehavior","Минимум K02: активный effect/invalid/inactive и перечисленные технические границы; не exhaustive Double.","modTestGeometryConfig.RunAudit03RebarFieldConfigTests","docs/regression/Audit03/rebar_fields_v192_2026-10-04.txt; docs/regression/Audit03/rebar_full_off_v192_2026-10-04.txt; docs/regression/Audit03/rebar_full_on_updated_v192_2026-10-04.txt","","docs/NDM_Audit03_Final_Config_Review.md"
"rngRectSetGeometry.MainRebar.B1 - нижняя.n.Config!K111","rngRectSetGeometry","Config!K111","UserInput","Length input / count / selector: see physical field","VerifiedEditableBehavior","Минимум K02: активный effect/invalid/inactive и перечисленные технические границы; не exhaustive Double.","modTestGeometryConfig.RunAudit03RebarFieldConfigTests","docs/regression/Audit03/rebar_fields_v192_2026-10-04.txt; docs/regression/Audit03/rebar_full_off_v192_2026-10-04.txt; docs/regression/Audit03/rebar_full_on_updated_v192_2026-10-04.txt","","docs/NDM_Audit03_Final_Config_Review.md"
"rngRectSetGeometry.MainRebar.B1 - нижняя.t нач..Config!L111","rngRectSetGeometry","Config!L111","UserInput","Length input / count / selector: see physical field","VerifiedEditableBehavior","Минимум K02: активный effect/invalid/inactive и перечисленные технические границы; не exhaustive Double.","modTestGeometryConfig.RunAudit03RebarFieldConfigTests","docs/regression/Audit03/rebar_fields_v192_2026-10-04.txt; docs/regression/Audit03/rebar_full_off_v192_2026-10-04.txt; docs/regression/Audit03/rebar_full_on_updated_v192_2026-10-04.txt","","docs/NDM_Audit03_Final_Config_Review.md"
"rngRectSetGeometry.MainRebar.B1 - нижняя.t кон..Config!M111","rngRectSetGeometry","Config!M111","UserInput","Length input / count / selector: see physical field","VerifiedEditableBehavior","Минимум K02: активный effect/invalid/inactive и перечисленные технические границы; не exhaustive Double.","modTestGeometryConfig.RunAudit03RebarFieldConfigTests","docs/regression/Audit03/rebar_fields_v192_2026-10-04.txt; docs/regression/Audit03/rebar_full_off_v192_2026-10-04.txt; docs/regression/Audit03/rebar_full_on_updated_v192_2026-10-04.txt","","docs/NDM_Audit03_Final_Config_Review.md"
"rngRectSetGeometry.MainRebar.H2 - левая.as.Config!I112","rngRectSetGeometry","Config!I112","UserInput","Length input / count / selector: see physical field","VerifiedEditableBehavior","Минимум K02: активный effect/invalid/inactive и перечисленные технические границы; не exhaustive Double.","modTestGeometryConfig.RunAudit03RebarFieldConfigTests","docs/regression/Audit03/rebar_fields_v192_2026-10-04.txt; docs/regression/Audit03/rebar_full_off_v192_2026-10-04.txt; docs/regression/Audit03/rebar_full_on_updated_v192_2026-10-04.txt","","docs/NDM_Audit03_Final_Config_Review.md"
"rngRectSetGeometry.MainRebar.H2 - левая.d.Config!J112","rngRectSetGeometry","Config!J112","UserInput","Length input / count / selector: see physical field","VerifiedEditableBehavior","Минимум K02: активный effect/invalid/inactive и перечисленные технические границы; не exhaustive Double.","modTestGeometryConfig.RunAudit03RebarFieldConfigTests","docs/regression/Audit03/rebar_fields_v192_2026-10-04.txt; docs/regression/Audit03/rebar_full_off_v192_2026-10-04.txt; docs/regression/Audit03/rebar_full_on_updated_v192_2026-10-04.txt","","docs/NDM_Audit03_Final_Config_Review.md"
"rngRectSetGeometry.MainRebar.H2 - левая.n.Config!K112","rngRectSetGeometry","Config!K112","UserInput","Length input / count / selector: see physical field","VerifiedEditableBehavior","Минимум K02: активный effect/invalid/inactive и перечисленные технические границы; не exhaustive Double.","modTestGeometryConfig.RunAudit03RebarFieldConfigTests","docs/regression/Audit03/rebar_fields_v192_2026-10-04.txt; docs/regression/Audit03/rebar_full_off_v192_2026-10-04.txt; docs/regression/Audit03/rebar_full_on_updated_v192_2026-10-04.txt","","docs/NDM_Audit03_Final_Config_Review.md"
"rngRectSetGeometry.MainRebar.H2 - левая.t нач..Config!L112","rngRectSetGeometry","Config!L112","UserInput","Length input / count / selector: see physical field","VerifiedEditableBehavior","Минимум K02: активный effect/invalid/inactive и перечисленные технические границы; не exhaustive Double.","modTestGeometryConfig.RunAudit03RebarFieldConfigTests","docs/regression/Audit03/rebar_fields_v192_2026-10-04.txt; docs/regression/Audit03/rebar_full_off_v192_2026-10-04.txt; docs/regression/Audit03/rebar_full_on_updated_v192_2026-10-04.txt","","docs/NDM_Audit03_Final_Config_Review.md"
"rngRectSetGeometry.MainRebar.H2 - левая.t кон..Config!M112","rngRectSetGeometry","Config!M112","UserInput","Length input / count / selector: see physical field","VerifiedEditableBehavior","Минимум K02: активный effect/invalid/inactive и перечисленные технические границы; не exhaustive Double.","modTestGeometryConfig.RunAudit03RebarFieldConfigTests","docs/regression/Audit03/rebar_fields_v192_2026-10-04.txt; docs/regression/Audit03/rebar_full_off_v192_2026-10-04.txt; docs/regression/Audit03/rebar_full_on_updated_v192_2026-10-04.txt","","docs/NDM_Audit03_Final_Config_Review.md"
"rngRectSetGeometry.MainRebar.H2 - правая.as.Config!I113","rngRectSetGeometry","Config!I113","UserInput","Length input / count / selector: see physical field","VerifiedEditableBehavior","Минимум K02: активный effect/invalid/inactive и перечисленные технические границы; не exhaustive Double.","modTestGeometryConfig.RunAudit03RebarFieldConfigTests","docs/regression/Audit03/rebar_fields_v192_2026-10-04.txt; docs/regression/Audit03/rebar_full_off_v192_2026-10-04.txt; docs/regression/Audit03/rebar_full_on_updated_v192_2026-10-04.txt","","docs/NDM_Audit03_Final_Config_Review.md"
"rngRectSetGeometry.MainRebar.H2 - правая.d.Config!J113","rngRectSetGeometry","Config!J113","UserInput","Length input / count / selector: see physical field","VerifiedEditableBehavior","Минимум K02: активный effect/invalid/inactive и перечисленные технические границы; не exhaustive Double.","modTestGeometryConfig.RunAudit03RebarFieldConfigTests","docs/regression/Audit03/rebar_fields_v192_2026-10-04.txt; docs/regression/Audit03/rebar_full_off_v192_2026-10-04.txt; docs/regression/Audit03/rebar_full_on_updated_v192_2026-10-04.txt","","docs/NDM_Audit03_Final_Config_Review.md"
"rngRectSetGeometry.MainRebar.H2 - правая.n.Config!K113","rngRectSetGeometry","Config!K113","UserInput","Length input / count / selector: see physical field","VerifiedEditableBehavior","Минимум K02: активный effect/invalid/inactive и перечисленные технические границы; не exhaustive Double.","modTestGeometryConfig.RunAudit03RebarFieldConfigTests","docs/regression/Audit03/rebar_fields_v192_2026-10-04.txt; docs/regression/Audit03/rebar_full_off_v192_2026-10-04.txt; docs/regression/Audit03/rebar_full_on_updated_v192_2026-10-04.txt","","docs/NDM_Audit03_Final_Config_Review.md"
"rngRectSetGeometry.MainRebar.H2 - правая.t нач..Config!L113","rngRectSetGeometry","Config!L113","UserInput","Length input / count / selector: see physical field","VerifiedEditableBehavior","Минимум K02: активный effect/invalid/inactive и перечисленные технические границы; не exhaustive Double.","modTestGeometryConfig.RunAudit03RebarFieldConfigTests","docs/regression/Audit03/rebar_fields_v192_2026-10-04.txt; docs/regression/Audit03/rebar_full_off_v192_2026-10-04.txt; docs/regression/Audit03/rebar_full_on_updated_v192_2026-10-04.txt","","docs/NDM_Audit03_Final_Config_Review.md"
"rngRectSetGeometry.MainRebar.H2 - правая.t кон..Config!M113","rngRectSetGeometry","Config!M113","UserInput","Length input / count / selector: see physical field","VerifiedEditableBehavior","Минимум K02: активный effect/invalid/inactive и перечисленные технические границы; не exhaustive Double.","modTestGeometryConfig.RunAudit03RebarFieldConfigTests","docs/regression/Audit03/rebar_fields_v192_2026-10-04.txt; docs/regression/Audit03/rebar_full_off_v192_2026-10-04.txt; docs/regression/Audit03/rebar_full_on_updated_v192_2026-10-04.txt","","docs/NDM_Audit03_Final_Config_Review.md"
"rngRectSetGeometry.MainRebar.B2 - верхняя.as.Config!I114","rngRectSetGeometry","Config!I114","UserInput","Length input / count / selector: see physical field","VerifiedEditableBehavior","Минимум K02: активный effect/invalid/inactive и перечисленные технические границы; не exhaustive Double.","modTestGeometryConfig.RunAudit03RebarFieldConfigTests","docs/regression/Audit03/rebar_fields_v192_2026-10-04.txt; docs/regression/Audit03/rebar_full_off_v192_2026-10-04.txt; docs/regression/Audit03/rebar_full_on_updated_v192_2026-10-04.txt","","docs/NDM_Audit03_Final_Config_Review.md"
"rngRectSetGeometry.MainRebar.B2 - верхняя.d.Config!J114","rngRectSetGeometry","Config!J114","UserInput","Length input / count / selector: see physical field","VerifiedEditableBehavior","Минимум K02: активный effect/invalid/inactive и перечисленные технические границы; не exhaustive Double.","modTestGeometryConfig.RunAudit03RebarFieldConfigTests","docs/regression/Audit03/rebar_fields_v192_2026-10-04.txt; docs/regression/Audit03/rebar_full_off_v192_2026-10-04.txt; docs/regression/Audit03/rebar_full_on_updated_v192_2026-10-04.txt","","docs/NDM_Audit03_Final_Config_Review.md"
"rngRectSetGeometry.MainRebar.B2 - верхняя.n.Config!K114","rngRectSetGeometry","Config!K114","UserInput","Length input / count / selector: see physical field","VerifiedEditableBehavior","Минимум K02: активный effect/invalid/inactive и перечисленные технические границы; не exhaustive Double.","modTestGeometryConfig.RunAudit03RebarFieldConfigTests","docs/regression/Audit03/rebar_fields_v192_2026-10-04.txt; docs/regression/Audit03/rebar_full_off_v192_2026-10-04.txt; docs/regression/Audit03/rebar_full_on_updated_v192_2026-10-04.txt","","docs/NDM_Audit03_Final_Config_Review.md"
"rngRectSetGeometry.MainRebar.B2 - верхняя.t нач..Config!L114","rngRectSetGeometry","Config!L114","UserInput","Length input / count / selector: see physical field","VerifiedEditableBehavior","Минимум K02: активный effect/invalid/inactive и перечисленные технические границы; не exhaustive Double.","modTestGeometryConfig.RunAudit03RebarFieldConfigTests","docs/regression/Audit03/rebar_fields_v192_2026-10-04.txt; docs/regression/Audit03/rebar_full_off_v192_2026-10-04.txt; docs/regression/Audit03/rebar_full_on_updated_v192_2026-10-04.txt","","docs/NDM_Audit03_Final_Config_Review.md"
"rngRectSetGeometry.MainRebar.B2 - верхняя.t кон..Config!M114","rngRectSetGeometry","Config!M114","UserInput","Length input / count / selector: see physical field","VerifiedEditableBehavior","Минимум K02: активный effect/invalid/inactive и перечисленные технические границы; не exhaustive Double.","modTestGeometryConfig.RunAudit03RebarFieldConfigTests","docs/regression/Audit03/rebar_fields_v192_2026-10-04.txt; docs/regression/Audit03/rebar_full_off_v192_2026-10-04.txt; docs/regression/Audit03/rebar_full_on_updated_v192_2026-10-04.txt","","docs/NDM_Audit03_Final_Config_Review.md"
"rngRectSetGeometry.MainRebar.B2 - нижняя.as.Config!I115","rngRectSetGeometry","Config!I115","UserInput","Length input / count / selector: see physical field","VerifiedEditableBehavior","Минимум K02: активный effect/invalid/inactive и перечисленные технические границы; не exhaustive Double.","modTestGeometryConfig.RunAudit03RebarFieldConfigTests","docs/regression/Audit03/rebar_fields_v192_2026-10-04.txt; docs/regression/Audit03/rebar_full_off_v192_2026-10-04.txt; docs/regression/Audit03/rebar_full_on_updated_v192_2026-10-04.txt","","docs/NDM_Audit03_Final_Config_Review.md"
"rngRectSetGeometry.MainRebar.B2 - нижняя.d.Config!J115","rngRectSetGeometry","Config!J115","UserInput","Length input / count / selector: see physical field","VerifiedEditableBehavior","Минимум K02: активный effect/invalid/inactive и перечисленные технические границы; не exhaustive Double.","modTestGeometryConfig.RunAudit03RebarFieldConfigTests","docs/regression/Audit03/rebar_fields_v192_2026-10-04.txt; docs/regression/Audit03/rebar_full_off_v192_2026-10-04.txt; docs/regression/Audit03/rebar_full_on_updated_v192_2026-10-04.txt","","docs/NDM_Audit03_Final_Config_Review.md"
"rngRectSetGeometry.MainRebar.B2 - нижняя.n.Config!K115","rngRectSetGeometry","Config!K115","UserInput","Length input / count / selector: see physical field","VerifiedEditableBehavior","Минимум K02: активный effect/invalid/inactive и перечисленные технические границы; не exhaustive Double.","modTestGeometryConfig.RunAudit03RebarFieldConfigTests","docs/regression/Audit03/rebar_fields_v192_2026-10-04.txt; docs/regression/Audit03/rebar_full_off_v192_2026-10-04.txt; docs/regression/Audit03/rebar_full_on_updated_v192_2026-10-04.txt","","docs/NDM_Audit03_Final_Config_Review.md"
"rngRectSetGeometry.MainRebar.B2 - нижняя.t нач..Config!L115","rngRectSetGeometry","Config!L115","UserInput","Length input / count / selector: see physical field","VerifiedEditableBehavior","Минимум K02: активный effect/invalid/inactive и перечисленные технические границы; не exhaustive Double.","modTestGeometryConfig.RunAudit03RebarFieldConfigTests","docs/regression/Audit03/rebar_fields_v192_2026-10-04.txt; docs/regression/Audit03/rebar_full_off_v192_2026-10-04.txt; docs/regression/Audit03/rebar_full_on_updated_v192_2026-10-04.txt","","docs/NDM_Audit03_Final_Config_Review.md"
"rngRectSetGeometry.MainRebar.B2 - нижняя.t кон..Config!M115","rngRectSetGeometry","Config!M115","UserInput","Length input / count / selector: see physical field","VerifiedEditableBehavior","Минимум K02: активный effect/invalid/inactive и перечисленные технические границы; не exhaustive Double.","modTestGeometryConfig.RunAudit03RebarFieldConfigTests","docs/regression/Audit03/rebar_fields_v192_2026-10-04.txt; docs/regression/Audit03/rebar_full_off_v192_2026-10-04.txt; docs/regression/Audit03/rebar_full_on_updated_v192_2026-10-04.txt","","docs/NDM_Audit03_Final_Config_Review.md"
"rngRectSetGeometry.ExtraRebar.H1 - левая.d2.Config!I118","rngRectSetGeometry","Config!I118","UserInput","Length input / count / selector: see physical field","VerifiedEditableBehavior","Минимум K02: активный effect/invalid/inactive и перечисленные технические границы; не exhaustive Double.","modTestGeometryConfig.RunAudit03RebarFieldConfigTests","docs/regression/Audit03/rebar_fields_v192_2026-10-04.txt; docs/regression/Audit03/rebar_full_off_v192_2026-10-04.txt; docs/regression/Audit03/rebar_full_on_updated_v192_2026-10-04.txt","","docs/NDM_Audit03_Final_Config_Review.md"
"rngRectSetGeometry.ExtraRebar.H1 - левая.положение.Config!J118","rngRectSetGeometry","Config!J118","UserInput","Length input / count / selector: see physical field","VerifiedEditableBehavior","Минимум K02: активный effect/invalid/inactive и перечисленные технические границы; не exhaustive Double.","modTestGeometryConfig.RunAudit03RebarFieldConfigTests","docs/regression/Audit03/rebar_fields_v192_2026-10-04.txt; docs/regression/Audit03/rebar_full_off_v192_2026-10-04.txt; docs/regression/Audit03/rebar_full_on_updated_v192_2026-10-04.txt","","docs/NDM_Audit03_Final_Config_Review.md"
"rngRectSetGeometry.ExtraRebar.H1 - левая.привязка.Config!K118","rngRectSetGeometry","Config!K118","UserInput","Length input / count / selector: see physical field","VerifiedEditableBehavior","Минимум K02: активный effect/invalid/inactive и перечисленные технические границы; не exhaustive Double.","modTestGeometryConfig.RunAudit03RebarFieldConfigTests","docs/regression/Audit03/rebar_fields_v192_2026-10-04.txt; docs/regression/Audit03/rebar_full_off_v192_2026-10-04.txt; docs/regression/Audit03/rebar_full_on_updated_v192_2026-10-04.txt","","docs/NDM_Audit03_Final_Config_Review.md"
"rngRectSetGeometry.ExtraRebar.H1 - левая.d3.Config!L118","rngRectSetGeometry","Config!L118","UserInput","Length input / count / selector: see physical field","VerifiedEditableBehavior","Минимум K02: активный effect/invalid/inactive и перечисленные технические границы; не exhaustive Double.","modTestGeometryConfig.RunAudit03RebarFieldConfigTests","docs/regression/Audit03/rebar_fields_v192_2026-10-04.txt; docs/regression/Audit03/rebar_full_off_v192_2026-10-04.txt; docs/regression/Audit03/rebar_full_on_updated_v192_2026-10-04.txt","","docs/NDM_Audit03_Final_Config_Review.md"
"rngRectSetGeometry.ExtraRebar.H1 - левая.положение.Config!M118","rngRectSetGeometry","Config!M118","UserInput","Length input / count / selector: see physical field","VerifiedEditableBehavior","Минимум K02: активный effect/invalid/inactive и перечисленные технические границы; не exhaustive Double.","modTestGeometryConfig.RunAudit03RebarFieldConfigTests","docs/regression/Audit03/rebar_fields_v192_2026-10-04.txt; docs/regression/Audit03/rebar_full_off_v192_2026-10-04.txt; docs/regression/Audit03/rebar_full_on_updated_v192_2026-10-04.txt","","docs/NDM_Audit03_Final_Config_Review.md"
"rngRectSetGeometry.ExtraRebar.H1 - левая.привязка.Config!N118","rngRectSetGeometry","Config!N118","UserInput","Length input / count / selector: see physical field","VerifiedEditableBehavior","Минимум K02: активный effect/invalid/inactive и перечисленные технические границы; не exhaustive Double.","modTestGeometryConfig.RunAudit03RebarFieldConfigTests","docs/regression/Audit03/rebar_fields_v192_2026-10-04.txt; docs/regression/Audit03/rebar_full_off_v192_2026-10-04.txt; docs/regression/Audit03/rebar_full_on_updated_v192_2026-10-04.txt","","docs/NDM_Audit03_Final_Config_Review.md"
"rngRectSetGeometry.ExtraRebar.H1 - правая.d2.Config!I119","rngRectSetGeometry","Config!I119","UserInput","Length input / count / selector: see physical field","VerifiedEditableBehavior","Минимум K02: активный effect/invalid/inactive и перечисленные технические границы; не exhaustive Double.","modTestGeometryConfig.RunAudit03RebarFieldConfigTests","docs/regression/Audit03/rebar_fields_v192_2026-10-04.txt; docs/regression/Audit03/rebar_full_off_v192_2026-10-04.txt; docs/regression/Audit03/rebar_full_on_updated_v192_2026-10-04.txt","","docs/NDM_Audit03_Final_Config_Review.md"
"rngRectSetGeometry.ExtraRebar.H1 - правая.положение.Config!J119","rngRectSetGeometry","Config!J119","NotEditable:MergedFollower","Length input / count / selector: see physical field","VerifiedSharedSelectorAnchor","Минимум K02: активный effect/invalid/inactive и перечисленные технические границы; не exhaustive Double.","metadata.follower.J119","docs/regression/Audit03/config_metadata_clean_controls_v300b_2026-10-05.txt","","docs/NDM_Audit03_Final_Config_Review.md"
"rngRectSetGeometry.ExtraRebar.H1 - правая.привязка.Config!K119","rngRectSetGeometry","Config!K119","NotEditable:MergedFollower","Length input / count / selector: see physical field","VerifiedSharedSelectorAnchor","Минимум K02: активный effect/invalid/inactive и перечисленные технические границы; не exhaustive Double.","metadata.follower.K119","docs/regression/Audit03/config_metadata_clean_controls_v300b_2026-10-05.txt","","docs/NDM_Audit03_Final_Config_Review.md"
"rngRectSetGeometry.ExtraRebar.H1 - правая.d3.Config!L119","rngRectSetGeometry","Config!L119","UserInput","Length input / count / selector: see physical field","VerifiedEditableBehavior","Минимум K02: активный effect/invalid/inactive и перечисленные технические границы; не exhaustive Double.","modTestGeometryConfig.RunAudit03RebarFieldConfigTests","docs/regression/Audit03/rebar_fields_v192_2026-10-04.txt; docs/regression/Audit03/rebar_full_off_v192_2026-10-04.txt; docs/regression/Audit03/rebar_full_on_updated_v192_2026-10-04.txt","","docs/NDM_Audit03_Final_Config_Review.md"
"rngRectSetGeometry.ExtraRebar.H1 - правая.положение.Config!M119","rngRectSetGeometry","Config!M119","NotEditable:MergedFollower","Length input / count / selector: see physical field","VerifiedSharedSelectorAnchor","Минимум K02: активный effect/invalid/inactive и перечисленные технические границы; не exhaustive Double.","metadata.follower.M119","docs/regression/Audit03/config_metadata_clean_controls_v300b_2026-10-05.txt","","docs/NDM_Audit03_Final_Config_Review.md"
"rngRectSetGeometry.ExtraRebar.H1 - правая.привязка.Config!N119","rngRectSetGeometry","Config!N119","NotEditable:MergedFollower","Length input / count / selector: see physical field","VerifiedSharedSelectorAnchor","Минимум K02: активный effect/invalid/inactive и перечисленные технические границы; не exhaustive Double.","metadata.follower.N119","docs/regression/Audit03/config_metadata_clean_controls_v300b_2026-10-05.txt","","docs/NDM_Audit03_Final_Config_Review.md"
"rngRectSetGeometry.ExtraRebar.B1 - верхняя.d2.Config!I120","rngRectSetGeometry","Config!I120","UserInput","Length input / count / selector: see physical field","VerifiedEditableBehavior","Минимум K02: активный effect/invalid/inactive и перечисленные технические границы; не exhaustive Double.","modTestGeometryConfig.RunAudit03RebarFieldConfigTests","docs/regression/Audit03/rebar_fields_v192_2026-10-04.txt; docs/regression/Audit03/rebar_full_off_v192_2026-10-04.txt; docs/regression/Audit03/rebar_full_on_updated_v192_2026-10-04.txt","","docs/NDM_Audit03_Final_Config_Review.md"
"rngRectSetGeometry.ExtraRebar.B1 - верхняя.положение.Config!J120","rngRectSetGeometry","Config!J120","UserInput","Length input / count / selector: see physical field","VerifiedEditableBehavior","Минимум K02: активный effect/invalid/inactive и перечисленные технические границы; не exhaustive Double.","modTestGeometryConfig.RunAudit03RebarFieldConfigTests","docs/regression/Audit03/rebar_fields_v192_2026-10-04.txt; docs/regression/Audit03/rebar_full_off_v192_2026-10-04.txt; docs/regression/Audit03/rebar_full_on_updated_v192_2026-10-04.txt","","docs/NDM_Audit03_Final_Config_Review.md"
"rngRectSetGeometry.ExtraRebar.B1 - верхняя.привязка.Config!K120","rngRectSetGeometry","Config!K120","UserInput","Length input / count / selector: see physical field","VerifiedEditableBehavior","Минимум K02: активный effect/invalid/inactive и перечисленные технические границы; не exhaustive Double.","modTestGeometryConfig.RunAudit03RebarFieldConfigTests","docs/regression/Audit03/rebar_fields_v192_2026-10-04.txt; docs/regression/Audit03/rebar_full_off_v192_2026-10-04.txt; docs/regression/Audit03/rebar_full_on_updated_v192_2026-10-04.txt","","docs/NDM_Audit03_Final_Config_Review.md"
"rngRectSetGeometry.ExtraRebar.B1 - верхняя.d3.Config!L120","rngRectSetGeometry","Config!L120","UserInput","Length input / count / selector: see physical field","VerifiedEditableBehavior","Минимум K02: активный effect/invalid/inactive и перечисленные технические границы; не exhaustive Double.","modTestGeometryConfig.RunAudit03RebarFieldConfigTests","docs/regression/Audit03/rebar_fields_v192_2026-10-04.txt; docs/regression/Audit03/rebar_full_off_v192_2026-10-04.txt; docs/regression/Audit03/rebar_full_on_updated_v192_2026-10-04.txt","","docs/NDM_Audit03_Final_Config_Review.md"
"rngRectSetGeometry.ExtraRebar.B1 - верхняя.положение.Config!M120","rngRectSetGeometry","Config!M120","UserInput","Length input / count / selector: see physical field","VerifiedEditableBehavior","Минимум K02: активный effect/invalid/inactive и перечисленные технические границы; не exhaustive Double.","modTestGeometryConfig.RunAudit03RebarFieldConfigTests","docs/regression/Audit03/rebar_fields_v192_2026-10-04.txt; docs/regression/Audit03/rebar_full_off_v192_2026-10-04.txt; docs/regression/Audit03/rebar_full_on_updated_v192_2026-10-04.txt","","docs/NDM_Audit03_Final_Config_Review.md"
"rngRectSetGeometry.ExtraRebar.B1 - верхняя.привязка.Config!N120","rngRectSetGeometry","Config!N120","UserInput","Length input / count / selector: see physical field","VerifiedEditableBehavior","Минимум K02: активный effect/invalid/inactive и перечисленные технические границы; не exhaustive Double.","modTestGeometryConfig.RunAudit03RebarFieldConfigTests","docs/regression/Audit03/rebar_fields_v192_2026-10-04.txt; docs/regression/Audit03/rebar_full_off_v192_2026-10-04.txt; docs/regression/Audit03/rebar_full_on_updated_v192_2026-10-04.txt","","docs/NDM_Audit03_Final_Config_Review.md"
"rngRectSetGeometry.ExtraRebar.B1 - нижняя.d2.Config!I121","rngRectSetGeometry","Config!I121","UserInput","Length input / count / selector: see physical field","VerifiedEditableBehavior","Минимум K02: активный effect/invalid/inactive и перечисленные технические границы; не exhaustive Double.","modTestGeometryConfig.RunAudit03RebarFieldConfigTests","docs/regression/Audit03/rebar_fields_v192_2026-10-04.txt; docs/regression/Audit03/rebar_full_off_v192_2026-10-04.txt; docs/regression/Audit03/rebar_full_on_updated_v192_2026-10-04.txt","","docs/NDM_Audit03_Final_Config_Review.md"
"rngRectSetGeometry.ExtraRebar.B1 - нижняя.положение.Config!J121","rngRectSetGeometry","Config!J121","NotEditable:MergedFollower","Length input / count / selector: see physical field","VerifiedSharedSelectorAnchor","Минимум K02: активный effect/invalid/inactive и перечисленные технические границы; не exhaustive Double.","metadata.follower.J121","docs/regression/Audit03/config_metadata_clean_controls_v300b_2026-10-05.txt","","docs/NDM_Audit03_Final_Config_Review.md"
"rngRectSetGeometry.ExtraRebar.B1 - нижняя.привязка.Config!K121","rngRectSetGeometry","Config!K121","NotEditable:MergedFollower","Length input / count / selector: see physical field","VerifiedSharedSelectorAnchor","Минимум K02: активный effect/invalid/inactive и перечисленные технические границы; не exhaustive Double.","metadata.follower.K121","docs/regression/Audit03/config_metadata_clean_controls_v300b_2026-10-05.txt","","docs/NDM_Audit03_Final_Config_Review.md"
"rngRectSetGeometry.ExtraRebar.B1 - нижняя.d3.Config!L121","rngRectSetGeometry","Config!L121","UserInput","Length input / count / selector: see physical field","VerifiedEditableBehavior","Минимум K02: активный effect/invalid/inactive и перечисленные технические границы; не exhaustive Double.","modTestGeometryConfig.RunAudit03RebarFieldConfigTests","docs/regression/Audit03/rebar_fields_v192_2026-10-04.txt; docs/regression/Audit03/rebar_full_off_v192_2026-10-04.txt; docs/regression/Audit03/rebar_full_on_updated_v192_2026-10-04.txt","","docs/NDM_Audit03_Final_Config_Review.md"
"rngRectSetGeometry.ExtraRebar.B1 - нижняя.положение.Config!M121","rngRectSetGeometry","Config!M121","NotEditable:MergedFollower","Length input / count / selector: see physical field","VerifiedSharedSelectorAnchor","Минимум K02: активный effect/invalid/inactive и перечисленные технические границы; не exhaustive Double.","metadata.follower.M121","docs/regression/Audit03/config_metadata_clean_controls_v300b_2026-10-05.txt","","docs/NDM_Audit03_Final_Config_Review.md"
"rngRectSetGeometry.ExtraRebar.B1 - нижняя.привязка.Config!N121","rngRectSetGeometry","Config!N121","NotEditable:MergedFollower","Length input / count / selector: see physical field","VerifiedSharedSelectorAnchor","Минимум K02: активный effect/invalid/inactive и перечисленные технические границы; не exhaustive Double.","metadata.follower.N121","docs/regression/Audit03/config_metadata_clean_controls_v300b_2026-10-05.txt","","docs/NDM_Audit03_Final_Config_Review.md"
"rngRectSetGeometry.ExtraRebar.H2 - левая.d2.Config!I122","rngRectSetGeometry","Config!I122","UserInput","Length input / count / selector: see physical field","VerifiedEditableBehavior","Минимум K02: активный effect/invalid/inactive и перечисленные технические границы; не exhaustive Double.","modTestGeometryConfig.RunAudit03RebarFieldConfigTests","docs/regression/Audit03/rebar_fields_v192_2026-10-04.txt; docs/regression/Audit03/rebar_full_off_v192_2026-10-04.txt; docs/regression/Audit03/rebar_full_on_updated_v192_2026-10-04.txt","","docs/NDM_Audit03_Final_Config_Review.md"
"rngRectSetGeometry.ExtraRebar.H2 - левая.положение.Config!J122","rngRectSetGeometry","Config!J122","UserInput","Length input / count / selector: see physical field","VerifiedEditableBehavior","Минимум K02: активный effect/invalid/inactive и перечисленные технические границы; не exhaustive Double.","modTestGeometryConfig.RunAudit03RebarFieldConfigTests","docs/regression/Audit03/rebar_fields_v192_2026-10-04.txt; docs/regression/Audit03/rebar_full_off_v192_2026-10-04.txt; docs/regression/Audit03/rebar_full_on_updated_v192_2026-10-04.txt","","docs/NDM_Audit03_Final_Config_Review.md"
"rngRectSetGeometry.ExtraRebar.H2 - левая.привязка.Config!K122","rngRectSetGeometry","Config!K122","UserInput","Length input / count / selector: see physical field","VerifiedEditableBehavior","Минимум K02: активный effect/invalid/inactive и перечисленные технические границы; не exhaustive Double.","modTestGeometryConfig.RunAudit03RebarFieldConfigTests","docs/regression/Audit03/rebar_fields_v192_2026-10-04.txt; docs/regression/Audit03/rebar_full_off_v192_2026-10-04.txt; docs/regression/Audit03/rebar_full_on_updated_v192_2026-10-04.txt","","docs/NDM_Audit03_Final_Config_Review.md"
"rngRectSetGeometry.ExtraRebar.H2 - левая.d3.Config!L122","rngRectSetGeometry","Config!L122","UserInput","Length input / count / selector: see physical field","VerifiedEditableBehavior","Минимум K02: активный effect/invalid/inactive и перечисленные технические границы; не exhaustive Double.","modTestGeometryConfig.RunAudit03RebarFieldConfigTests","docs/regression/Audit03/rebar_fields_v192_2026-10-04.txt; docs/regression/Audit03/rebar_full_off_v192_2026-10-04.txt; docs/regression/Audit03/rebar_full_on_updated_v192_2026-10-04.txt","","docs/NDM_Audit03_Final_Config_Review.md"
"rngRectSetGeometry.ExtraRebar.H2 - левая.положение.Config!M122","rngRectSetGeometry","Config!M122","UserInput","Length input / count / selector: see physical field","VerifiedEditableBehavior","Минимум K02: активный effect/invalid/inactive и перечисленные технические границы; не exhaustive Double.","modTestGeometryConfig.RunAudit03RebarFieldConfigTests","docs/regression/Audit03/rebar_fields_v192_2026-10-04.txt; docs/regression/Audit03/rebar_full_off_v192_2026-10-04.txt; docs/regression/Audit03/rebar_full_on_updated_v192_2026-10-04.txt","","docs/NDM_Audit03_Final_Config_Review.md"
"rngRectSetGeometry.ExtraRebar.H2 - левая.привязка.Config!N122","rngRectSetGeometry","Config!N122","UserInput","Length input / count / selector: see physical field","VerifiedEditableBehavior","Минимум K02: активный effect/invalid/inactive и перечисленные технические границы; не exhaustive Double.","modTestGeometryConfig.RunAudit03RebarFieldConfigTests","docs/regression/Audit03/rebar_fields_v192_2026-10-04.txt; docs/regression/Audit03/rebar_full_off_v192_2026-10-04.txt; docs/regression/Audit03/rebar_full_on_updated_v192_2026-10-04.txt","","docs/NDM_Audit03_Final_Config_Review.md"
"rngRectSetGeometry.ExtraRebar.H2 - правая.d2.Config!I123","rngRectSetGeometry","Config!I123","UserInput","Length input / count / selector: see physical field","VerifiedEditableBehavior","Минимум K02: активный effect/invalid/inactive и перечисленные технические границы; не exhaustive Double.","modTestGeometryConfig.RunAudit03RebarFieldConfigTests","docs/regression/Audit03/rebar_fields_v192_2026-10-04.txt; docs/regression/Audit03/rebar_full_off_v192_2026-10-04.txt; docs/regression/Audit03/rebar_full_on_updated_v192_2026-10-04.txt","","docs/NDM_Audit03_Final_Config_Review.md"
"rngRectSetGeometry.ExtraRebar.H2 - правая.положение.Config!J123","rngRectSetGeometry","Config!J123","NotEditable:MergedFollower","Length input / count / selector: see physical field","VerifiedSharedSelectorAnchor","Минимум K02: активный effect/invalid/inactive и перечисленные технические границы; не exhaustive Double.","metadata.follower.J123","docs/regression/Audit03/config_metadata_clean_controls_v300b_2026-10-05.txt","","docs/NDM_Audit03_Final_Config_Review.md"
"rngRectSetGeometry.ExtraRebar.H2 - правая.привязка.Config!K123","rngRectSetGeometry","Config!K123","NotEditable:MergedFollower","Length input / count / selector: see physical field","VerifiedSharedSelectorAnchor","Минимум K02: активный effect/invalid/inactive и перечисленные технические границы; не exhaustive Double.","metadata.follower.K123","docs/regression/Audit03/config_metadata_clean_controls_v300b_2026-10-05.txt","","docs/NDM_Audit03_Final_Config_Review.md"
"rngRectSetGeometry.ExtraRebar.H2 - правая.d3.Config!L123","rngRectSetGeometry","Config!L123","UserInput","Length input / count / selector: see physical field","VerifiedEditableBehavior","Минимум K02: активный effect/invalid/inactive и перечисленные технические границы; не exhaustive Double.","modTestGeometryConfig.RunAudit03RebarFieldConfigTests","docs/regression/Audit03/rebar_fields_v192_2026-10-04.txt; docs/regression/Audit03/rebar_full_off_v192_2026-10-04.txt; docs/regression/Audit03/rebar_full_on_updated_v192_2026-10-04.txt","","docs/NDM_Audit03_Final_Config_Review.md"
"rngRectSetGeometry.ExtraRebar.H2 - правая.положение.Config!M123","rngRectSetGeometry","Config!M123","NotEditable:MergedFollower","Length input / count / selector: see physical field","VerifiedSharedSelectorAnchor","Минимум K02: активный effect/invalid/inactive и перечисленные технические границы; не exhaustive Double.","metadata.follower.M123","docs/regression/Audit03/config_metadata_clean_controls_v300b_2026-10-05.txt","","docs/NDM_Audit03_Final_Config_Review.md"
"rngRectSetGeometry.ExtraRebar.H2 - правая.привязка.Config!N123","rngRectSetGeometry","Config!N123","NotEditable:MergedFollower","Length input / count / selector: see physical field","VerifiedSharedSelectorAnchor","Минимум K02: активный effect/invalid/inactive и перечисленные технические границы; не exhaustive Double.","metadata.follower.N123","docs/regression/Audit03/config_metadata_clean_controls_v300b_2026-10-05.txt","","docs/NDM_Audit03_Final_Config_Review.md"
"rngRectSetGeometry.ExtraRebar.B2 - верхняя.d2.Config!I124","rngRectSetGeometry","Config!I124","UserInput","Length input / count / selector: see physical field","VerifiedEditableBehavior","Минимум K02: активный effect/invalid/inactive и перечисленные технические границы; не exhaustive Double.","modTestGeometryConfig.RunAudit03RebarFieldConfigTests","docs/regression/Audit03/rebar_fields_v192_2026-10-04.txt; docs/regression/Audit03/rebar_full_off_v192_2026-10-04.txt; docs/regression/Audit03/rebar_full_on_updated_v192_2026-10-04.txt","","docs/NDM_Audit03_Final_Config_Review.md"
"rngRectSetGeometry.ExtraRebar.B2 - верхняя.положение.Config!J124","rngRectSetGeometry","Config!J124","UserInput","Length input / count / selector: see physical field","VerifiedEditableBehavior","Минимум K02: активный effect/invalid/inactive и перечисленные технические границы; не exhaustive Double.","modTestGeometryConfig.RunAudit03RebarFieldConfigTests","docs/regression/Audit03/rebar_fields_v192_2026-10-04.txt; docs/regression/Audit03/rebar_full_off_v192_2026-10-04.txt; docs/regression/Audit03/rebar_full_on_updated_v192_2026-10-04.txt","","docs/NDM_Audit03_Final_Config_Review.md"
"rngRectSetGeometry.ExtraRebar.B2 - верхняя.привязка.Config!K124","rngRectSetGeometry","Config!K124","UserInput","Length input / count / selector: see physical field","VerifiedEditableBehavior","Минимум K02: активный effect/invalid/inactive и перечисленные технические границы; не exhaustive Double.","modTestGeometryConfig.RunAudit03RebarFieldConfigTests","docs/regression/Audit03/rebar_fields_v192_2026-10-04.txt; docs/regression/Audit03/rebar_full_off_v192_2026-10-04.txt; docs/regression/Audit03/rebar_full_on_updated_v192_2026-10-04.txt","","docs/NDM_Audit03_Final_Config_Review.md"
"rngRectSetGeometry.ExtraRebar.B2 - верхняя.d3.Config!L124","rngRectSetGeometry","Config!L124","UserInput","Length input / count / selector: see physical field","VerifiedEditableBehavior","Минимум K02: активный effect/invalid/inactive и перечисленные технические границы; не exhaustive Double.","modTestGeometryConfig.RunAudit03RebarFieldConfigTests","docs/regression/Audit03/rebar_fields_v192_2026-10-04.txt; docs/regression/Audit03/rebar_full_off_v192_2026-10-04.txt; docs/regression/Audit03/rebar_full_on_updated_v192_2026-10-04.txt","","docs/NDM_Audit03_Final_Config_Review.md"
"rngRectSetGeometry.ExtraRebar.B2 - верхняя.положение.Config!M124","rngRectSetGeometry","Config!M124","UserInput","Length input / count / selector: see physical field","VerifiedEditableBehavior","Минимум K02: активный effect/invalid/inactive и перечисленные технические границы; не exhaustive Double.","modTestGeometryConfig.RunAudit03RebarFieldConfigTests","docs/regression/Audit03/rebar_fields_v192_2026-10-04.txt; docs/regression/Audit03/rebar_full_off_v192_2026-10-04.txt; docs/regression/Audit03/rebar_full_on_updated_v192_2026-10-04.txt","","docs/NDM_Audit03_Final_Config_Review.md"
"rngRectSetGeometry.ExtraRebar.B2 - верхняя.привязка.Config!N124","rngRectSetGeometry","Config!N124","UserInput","Length input / count / selector: see physical field","VerifiedEditableBehavior","Минимум K02: активный effect/invalid/inactive и перечисленные технические границы; не exhaustive Double.","modTestGeometryConfig.RunAudit03RebarFieldConfigTests","docs/regression/Audit03/rebar_fields_v192_2026-10-04.txt; docs/regression/Audit03/rebar_full_off_v192_2026-10-04.txt; docs/regression/Audit03/rebar_full_on_updated_v192_2026-10-04.txt","","docs/NDM_Audit03_Final_Config_Review.md"
"rngRectSetGeometry.ExtraRebar.B2 - нижняя.d2.Config!I125","rngRectSetGeometry","Config!I125","UserInput","Length input / count / selector: see physical field","VerifiedEditableBehavior","Минимум K02: активный effect/invalid/inactive и перечисленные технические границы; не exhaustive Double.","modTestGeometryConfig.RunAudit03RebarFieldConfigTests","docs/regression/Audit03/rebar_fields_v192_2026-10-04.txt; docs/regression/Audit03/rebar_full_off_v192_2026-10-04.txt; docs/regression/Audit03/rebar_full_on_updated_v192_2026-10-04.txt","","docs/NDM_Audit03_Final_Config_Review.md"
"rngRectSetGeometry.ExtraRebar.B2 - нижняя.положение.Config!J125","rngRectSetGeometry","Config!J125","NotEditable:MergedFollower","Length input / count / selector: see physical field","VerifiedSharedSelectorAnchor","Минимум K02: активный effect/invalid/inactive и перечисленные технические границы; не exhaustive Double.","metadata.follower.J125","docs/regression/Audit03/config_metadata_clean_controls_v300b_2026-10-05.txt","","docs/NDM_Audit03_Final_Config_Review.md"
"rngRectSetGeometry.ExtraRebar.B2 - нижняя.привязка.Config!K125","rngRectSetGeometry","Config!K125","NotEditable:MergedFollower","Length input / count / selector: see physical field","VerifiedSharedSelectorAnchor","Минимум K02: активный effect/invalid/inactive и перечисленные технические границы; не exhaustive Double.","metadata.follower.K125","docs/regression/Audit03/config_metadata_clean_controls_v300b_2026-10-05.txt","","docs/NDM_Audit03_Final_Config_Review.md"
"rngRectSetGeometry.ExtraRebar.B2 - нижняя.d3.Config!L125","rngRectSetGeometry","Config!L125","UserInput","Length input / count / selector: see physical field","VerifiedEditableBehavior","Минимум K02: активный effect/invalid/inactive и перечисленные технические границы; не exhaustive Double.","modTestGeometryConfig.RunAudit03RebarFieldConfigTests","docs/regression/Audit03/rebar_fields_v192_2026-10-04.txt; docs/regression/Audit03/rebar_full_off_v192_2026-10-04.txt; docs/regression/Audit03/rebar_full_on_updated_v192_2026-10-04.txt","","docs/NDM_Audit03_Final_Config_Review.md"
"rngRectSetGeometry.ExtraRebar.B2 - нижняя.положение.Config!M125","rngRectSetGeometry","Config!M125","NotEditable:MergedFollower","Length input / count / selector: see physical field","VerifiedSharedSelectorAnchor","Минимум K02: активный effect/invalid/inactive и перечисленные технические границы; не exhaustive Double.","metadata.follower.M125","docs/regression/Audit03/config_metadata_clean_controls_v300b_2026-10-05.txt","","docs/NDM_Audit03_Final_Config_Review.md"
"rngRectSetGeometry.ExtraRebar.B2 - нижняя.привязка.Config!N125","rngRectSetGeometry","Config!N125","NotEditable:MergedFollower","Length input / count / selector: see physical field","VerifiedSharedSelectorAnchor","Минимум K02: активный effect/invalid/inactive и перечисленные технические границы; не exhaustive Double.","metadata.follower.N125","docs/regression/Audit03/config_metadata_clean_controls_v300b_2026-10-05.txt","","docs/NDM_Audit03_Final_Config_Review.md"
"rngLoadCombinations.Slot1.CombinationID","rngLoadCombinations","Config!O4","UserInput","User load units / ID / path / profile / comment","VerifiedEditableBehavior","Минимум K02: активный effect/invalid/inactive и перечисленные технические границы; не exhaustive Double.","modTestLoadTableConfig.RunAudit03LoadTableTests","docs/regression/Audit03/load_table_diagnostic_v143_2026-10-03.txt; docs/regression/Audit03/full_off_profile_scope_final_v173_2026-10-03.txt; docs/regression/Audit03/full_on_profile_scope_final_v173_2026-10-03.txt","","docs/NDM_Audit03_Final_Config_Review.md"
"rngLoadCombinations.Slot1.N, tf","rngLoadCombinations","Config!P4","UserInput","User load units / ID / path / profile / comment","VerifiedEditableBehavior","Минимум K02: активный effect/invalid/inactive и перечисленные технические границы; не exhaustive Double.","modTestLoadTableConfig.RunAudit03LoadTableTests","docs/regression/Audit03/load_table_diagnostic_v143_2026-10-03.txt; docs/regression/Audit03/full_off_profile_scope_final_v173_2026-10-03.txt; docs/regression/Audit03/full_on_profile_scope_final_v173_2026-10-03.txt","","docs/NDM_Audit03_Final_Config_Review.md"
"rngLoadCombinations.Slot1.Mx, tf*m","rngLoadCombinations","Config!Q4","UserInput","User load units / ID / path / profile / comment","VerifiedEditableBehavior","Минимум K02: активный effect/invalid/inactive и перечисленные технические границы; не exhaustive Double.","modTestLoadTableConfig.RunAudit03LoadTableTests","docs/regression/Audit03/load_table_diagnostic_v143_2026-10-03.txt; docs/regression/Audit03/full_off_profile_scope_final_v173_2026-10-03.txt; docs/regression/Audit03/full_on_profile_scope_final_v173_2026-10-03.txt","","docs/NDM_Audit03_Final_Config_Review.md"
"rngLoadCombinations.Slot1.My, tf*m","rngLoadCombinations","Config!R4","UserInput","User load units / ID / path / profile / comment","VerifiedEditableBehavior","Минимум K02: активный effect/invalid/inactive и перечисленные технические границы; не exhaustive Double.","modTestLoadTableConfig.RunAudit03LoadTableTests","docs/regression/Audit03/load_table_diagnostic_v143_2026-10-03.txt; docs/regression/Audit03/full_off_profile_scope_final_v173_2026-10-03.txt; docs/regression/Audit03/full_on_profile_scope_final_v173_2026-10-03.txt","","docs/NDM_Audit03_Final_Config_Review.md"
"rngLoadCombinations.Slot1.ProfileId","rngLoadCombinations","Config!S4","UserInput","User load units / ID / path / profile / comment","VerifiedEditableBehavior","Минимум K02: активный effect/invalid/inactive и перечисленные технические границы; не exhaustive Double.","modTestLoadTableConfig.RunAudit03LoadTableTests","docs/regression/Audit03/load_table_diagnostic_v143_2026-10-03.txt; docs/regression/Audit03/full_off_profile_scope_final_v173_2026-10-03.txt; docs/regression/Audit03/full_on_profile_scope_final_v173_2026-10-03.txt","","docs/NDM_Audit03_Final_Config_Review.md"
"rngLoadCombinations.Slot1.LoadPath","rngLoadCombinations","Config!T4","UserInput","User load units / ID / path / profile / comment","VerifiedEditableBehavior","Минимум K02: активный effect/invalid/inactive и перечисленные технические границы; не exhaustive Double.","modTestLoadTableConfig.RunAudit03LoadTableTests","docs/regression/Audit03/load_table_diagnostic_v143_2026-10-03.txt; docs/regression/Audit03/full_off_profile_scope_final_v173_2026-10-03.txt; docs/regression/Audit03/full_on_profile_scope_final_v173_2026-10-03.txt","","docs/NDM_Audit03_Final_Config_Review.md"
"rngLoadCombinations.Slot1.Comment","rngLoadCombinations","Config!U4","UserInput","User load units / ID / path / profile / comment","VerifiedEditableBehavior","Минимум K02: активный effect/invalid/inactive и перечисленные технические границы; не exhaustive Double.","modTestLoadTableConfig.RunAudit03LoadTableTests","docs/regression/Audit03/load_table_diagnostic_v143_2026-10-03.txt; docs/regression/Audit03/full_off_profile_scope_final_v173_2026-10-03.txt; docs/regression/Audit03/full_on_profile_scope_final_v173_2026-10-03.txt","","docs/NDM_Audit03_Final_Config_Review.md"
"rngLoadCombinations.Slot2.CombinationID","rngLoadCombinations","Config!O5","UserInput","User load units / ID / path / profile / comment","VerifiedEditableBehavior","Минимум K02: активный effect/invalid/inactive и перечисленные технические границы; не exhaustive Double.","modTestLoadTableConfig.RunAudit03LoadTableTests","docs/regression/Audit03/load_table_diagnostic_v143_2026-10-03.txt; docs/regression/Audit03/full_off_profile_scope_final_v173_2026-10-03.txt; docs/regression/Audit03/full_on_profile_scope_final_v173_2026-10-03.txt","","docs/NDM_Audit03_Final_Config_Review.md"
"rngLoadCombinations.Slot2.N, tf","rngLoadCombinations","Config!P5","UserInput","User load units / ID / path / profile / comment","VerifiedEditableBehavior","Минимум K02: активный effect/invalid/inactive и перечисленные технические границы; не exhaustive Double.","modTestLoadTableConfig.RunAudit03LoadTableTests","docs/regression/Audit03/load_table_diagnostic_v143_2026-10-03.txt; docs/regression/Audit03/full_off_profile_scope_final_v173_2026-10-03.txt; docs/regression/Audit03/full_on_profile_scope_final_v173_2026-10-03.txt","","docs/NDM_Audit03_Final_Config_Review.md"
"rngLoadCombinations.Slot2.Mx, tf*m","rngLoadCombinations","Config!Q5","UserInput","User load units / ID / path / profile / comment","VerifiedEditableBehavior","Минимум K02: активный effect/invalid/inactive и перечисленные технические границы; не exhaustive Double.","modTestLoadTableConfig.RunAudit03LoadTableTests","docs/regression/Audit03/load_table_diagnostic_v143_2026-10-03.txt; docs/regression/Audit03/full_off_profile_scope_final_v173_2026-10-03.txt; docs/regression/Audit03/full_on_profile_scope_final_v173_2026-10-03.txt","","docs/NDM_Audit03_Final_Config_Review.md"
"rngLoadCombinations.Slot2.My, tf*m","rngLoadCombinations","Config!R5","UserInput","User load units / ID / path / profile / comment","VerifiedEditableBehavior","Минимум K02: активный effect/invalid/inactive и перечисленные технические границы; не exhaustive Double.","modTestLoadTableConfig.RunAudit03LoadTableTests","docs/regression/Audit03/load_table_diagnostic_v143_2026-10-03.txt; docs/regression/Audit03/full_off_profile_scope_final_v173_2026-10-03.txt; docs/regression/Audit03/full_on_profile_scope_final_v173_2026-10-03.txt","","docs/NDM_Audit03_Final_Config_Review.md"
"rngLoadCombinations.Slot2.ProfileId","rngLoadCombinations","Config!S5","UserInput","User load units / ID / path / profile / comment","VerifiedEditableBehavior","Минимум K02: активный effect/invalid/inactive и перечисленные технические границы; не exhaustive Double.","modTestLoadTableConfig.RunAudit03LoadTableTests","docs/regression/Audit03/load_table_diagnostic_v143_2026-10-03.txt; docs/regression/Audit03/full_off_profile_scope_final_v173_2026-10-03.txt; docs/regression/Audit03/full_on_profile_scope_final_v173_2026-10-03.txt","","docs/NDM_Audit03_Final_Config_Review.md"
"rngLoadCombinations.Slot2.LoadPath","rngLoadCombinations","Config!T5","UserInput","User load units / ID / path / profile / comment","VerifiedEditableBehavior","Минимум K02: активный effect/invalid/inactive и перечисленные технические границы; не exhaustive Double.","modTestLoadTableConfig.RunAudit03LoadTableTests","docs/regression/Audit03/load_table_diagnostic_v143_2026-10-03.txt; docs/regression/Audit03/full_off_profile_scope_final_v173_2026-10-03.txt; docs/regression/Audit03/full_on_profile_scope_final_v173_2026-10-03.txt","","docs/NDM_Audit03_Final_Config_Review.md"
"rngLoadCombinations.Slot2.Comment","rngLoadCombinations","Config!U5","UserInput","User load units / ID / path / profile / comment","VerifiedEditableBehavior","Минимум K02: активный effect/invalid/inactive и перечисленные технические границы; не exhaustive Double.","modTestLoadTableConfig.RunAudit03LoadTableTests","docs/regression/Audit03/load_table_diagnostic_v143_2026-10-03.txt; docs/regression/Audit03/full_off_profile_scope_final_v173_2026-10-03.txt; docs/regression/Audit03/full_on_profile_scope_final_v173_2026-10-03.txt","","docs/NDM_Audit03_Final_Config_Review.md"
"rngLoadCombinations.Slot3.CombinationID","rngLoadCombinations","Config!O6","UserInput","User load units / ID / path / profile / comment","VerifiedEditableBehavior","Минимум K02: активный effect/invalid/inactive и перечисленные технические границы; не exhaustive Double.","modTestLoadTableConfig.RunAudit03LoadTableTests","docs/regression/Audit03/load_table_diagnostic_v143_2026-10-03.txt; docs/regression/Audit03/full_off_profile_scope_final_v173_2026-10-03.txt; docs/regression/Audit03/full_on_profile_scope_final_v173_2026-10-03.txt","","docs/NDM_Audit03_Final_Config_Review.md"
"rngLoadCombinations.Slot3.N, tf","rngLoadCombinations","Config!P6","UserInput","User load units / ID / path / profile / comment","VerifiedEditableBehavior","Минимум K02: активный effect/invalid/inactive и перечисленные технические границы; не exhaustive Double.","modTestLoadTableConfig.RunAudit03LoadTableTests","docs/regression/Audit03/load_table_diagnostic_v143_2026-10-03.txt; docs/regression/Audit03/full_off_profile_scope_final_v173_2026-10-03.txt; docs/regression/Audit03/full_on_profile_scope_final_v173_2026-10-03.txt","","docs/NDM_Audit03_Final_Config_Review.md"
"rngLoadCombinations.Slot3.Mx, tf*m","rngLoadCombinations","Config!Q6","UserInput","User load units / ID / path / profile / comment","VerifiedEditableBehavior","Минимум K02: активный effect/invalid/inactive и перечисленные технические границы; не exhaustive Double.","modTestLoadTableConfig.RunAudit03LoadTableTests","docs/regression/Audit03/load_table_diagnostic_v143_2026-10-03.txt; docs/regression/Audit03/full_off_profile_scope_final_v173_2026-10-03.txt; docs/regression/Audit03/full_on_profile_scope_final_v173_2026-10-03.txt","","docs/NDM_Audit03_Final_Config_Review.md"
"rngLoadCombinations.Slot3.My, tf*m","rngLoadCombinations","Config!R6","UserInput","User load units / ID / path / profile / comment","VerifiedEditableBehavior","Минимум K02: активный effect/invalid/inactive и перечисленные технические границы; не exhaustive Double.","modTestLoadTableConfig.RunAudit03LoadTableTests","docs/regression/Audit03/load_table_diagnostic_v143_2026-10-03.txt; docs/regression/Audit03/full_off_profile_scope_final_v173_2026-10-03.txt; docs/regression/Audit03/full_on_profile_scope_final_v173_2026-10-03.txt","","docs/NDM_Audit03_Final_Config_Review.md"
"rngLoadCombinations.Slot3.ProfileId","rngLoadCombinations","Config!S6","UserInput","User load units / ID / path / profile / comment","VerifiedEditableBehavior","Минимум K02: активный effect/invalid/inactive и перечисленные технические границы; не exhaustive Double.","modTestLoadTableConfig.RunAudit03LoadTableTests","docs/regression/Audit03/load_table_diagnostic_v143_2026-10-03.txt; docs/regression/Audit03/full_off_profile_scope_final_v173_2026-10-03.txt; docs/regression/Audit03/full_on_profile_scope_final_v173_2026-10-03.txt","","docs/NDM_Audit03_Final_Config_Review.md"
"rngLoadCombinations.Slot3.LoadPath","rngLoadCombinations","Config!T6","UserInput","User load units / ID / path / profile / comment","VerifiedEditableBehavior","Минимум K02: активный effect/invalid/inactive и перечисленные технические границы; не exhaustive Double.","modTestLoadTableConfig.RunAudit03LoadTableTests","docs/regression/Audit03/load_table_diagnostic_v143_2026-10-03.txt; docs/regression/Audit03/full_off_profile_scope_final_v173_2026-10-03.txt; docs/regression/Audit03/full_on_profile_scope_final_v173_2026-10-03.txt","","docs/NDM_Audit03_Final_Config_Review.md"
"rngLoadCombinations.Slot3.Comment","rngLoadCombinations","Config!U6","UserInput","User load units / ID / path / profile / comment","VerifiedEditableBehavior","Минимум K02: активный effect/invalid/inactive и перечисленные технические границы; не exhaustive Double.","modTestLoadTableConfig.RunAudit03LoadTableTests","docs/regression/Audit03/load_table_diagnostic_v143_2026-10-03.txt; docs/regression/Audit03/full_off_profile_scope_final_v173_2026-10-03.txt; docs/regression/Audit03/full_on_profile_scope_final_v173_2026-10-03.txt","","docs/NDM_Audit03_Final_Config_Review.md"
"rngLoadCombinations.Slot4.CombinationID","rngLoadCombinations","Config!O7","UserInput","User load units / ID / path / profile / comment","VerifiedEditableBehavior","Минимум K02: активный effect/invalid/inactive и перечисленные технические границы; не exhaustive Double.","modTestLoadTableConfig.RunAudit03LoadTableTests","docs/regression/Audit03/load_table_diagnostic_v143_2026-10-03.txt; docs/regression/Audit03/full_off_profile_scope_final_v173_2026-10-03.txt; docs/regression/Audit03/full_on_profile_scope_final_v173_2026-10-03.txt","","docs/NDM_Audit03_Final_Config_Review.md"
"rngLoadCombinations.Slot4.N, tf","rngLoadCombinations","Config!P7","UserInput","User load units / ID / path / profile / comment","VerifiedEditableBehavior","Минимум K02: активный effect/invalid/inactive и перечисленные технические границы; не exhaustive Double.","modTestLoadTableConfig.RunAudit03LoadTableTests","docs/regression/Audit03/load_table_diagnostic_v143_2026-10-03.txt; docs/regression/Audit03/full_off_profile_scope_final_v173_2026-10-03.txt; docs/regression/Audit03/full_on_profile_scope_final_v173_2026-10-03.txt","","docs/NDM_Audit03_Final_Config_Review.md"
"rngLoadCombinations.Slot4.Mx, tf*m","rngLoadCombinations","Config!Q7","UserInput","User load units / ID / path / profile / comment","VerifiedEditableBehavior","Минимум K02: активный effect/invalid/inactive и перечисленные технические границы; не exhaustive Double.","modTestLoadTableConfig.RunAudit03LoadTableTests","docs/regression/Audit03/load_table_diagnostic_v143_2026-10-03.txt; docs/regression/Audit03/full_off_profile_scope_final_v173_2026-10-03.txt; docs/regression/Audit03/full_on_profile_scope_final_v173_2026-10-03.txt","","docs/NDM_Audit03_Final_Config_Review.md"
"rngLoadCombinations.Slot4.My, tf*m","rngLoadCombinations","Config!R7","UserInput","User load units / ID / path / profile / comment","VerifiedEditableBehavior","Минимум K02: активный effect/invalid/inactive и перечисленные технические границы; не exhaustive Double.","modTestLoadTableConfig.RunAudit03LoadTableTests","docs/regression/Audit03/load_table_diagnostic_v143_2026-10-03.txt; docs/regression/Audit03/full_off_profile_scope_final_v173_2026-10-03.txt; docs/regression/Audit03/full_on_profile_scope_final_v173_2026-10-03.txt","","docs/NDM_Audit03_Final_Config_Review.md"
"rngLoadCombinations.Slot4.ProfileId","rngLoadCombinations","Config!S7","UserInput","User load units / ID / path / profile / comment","VerifiedEditableBehavior","Минимум K02: активный effect/invalid/inactive и перечисленные технические границы; не exhaustive Double.","modTestLoadTableConfig.RunAudit03LoadTableTests","docs/regression/Audit03/load_table_diagnostic_v143_2026-10-03.txt; docs/regression/Audit03/full_off_profile_scope_final_v173_2026-10-03.txt; docs/regression/Audit03/full_on_profile_scope_final_v173_2026-10-03.txt","","docs/NDM_Audit03_Final_Config_Review.md"
"rngLoadCombinations.Slot4.LoadPath","rngLoadCombinations","Config!T7","UserInput","User load units / ID / path / profile / comment","VerifiedEditableBehavior","Минимум K02: активный effect/invalid/inactive и перечисленные технические границы; не exhaustive Double.","modTestLoadTableConfig.RunAudit03LoadTableTests","docs/regression/Audit03/load_table_diagnostic_v143_2026-10-03.txt; docs/regression/Audit03/full_off_profile_scope_final_v173_2026-10-03.txt; docs/regression/Audit03/full_on_profile_scope_final_v173_2026-10-03.txt","","docs/NDM_Audit03_Final_Config_Review.md"
"rngLoadCombinations.Slot4.Comment","rngLoadCombinations","Config!U7","UserInput","User load units / ID / path / profile / comment","VerifiedEditableBehavior","Минимум K02: активный effect/invalid/inactive и перечисленные технические границы; не exhaustive Double.","modTestLoadTableConfig.RunAudit03LoadTableTests","docs/regression/Audit03/load_table_diagnostic_v143_2026-10-03.txt; docs/regression/Audit03/full_off_profile_scope_final_v173_2026-10-03.txt; docs/regression/Audit03/full_on_profile_scope_final_v173_2026-10-03.txt","","docs/NDM_Audit03_Final_Config_Review.md"
"rngLoadCombinations.Slot5.CombinationID","rngLoadCombinations","Config!O8","UserInput","User load units / ID / path / profile / comment","VerifiedEditableBehavior","Минимум K02: активный effect/invalid/inactive и перечисленные технические границы; не exhaustive Double.","modTestLoadTableConfig.RunAudit03LoadTableTests","docs/regression/Audit03/load_table_diagnostic_v143_2026-10-03.txt; docs/regression/Audit03/full_off_profile_scope_final_v173_2026-10-03.txt; docs/regression/Audit03/full_on_profile_scope_final_v173_2026-10-03.txt","","docs/NDM_Audit03_Final_Config_Review.md"
"rngLoadCombinations.Slot5.N, tf","rngLoadCombinations","Config!P8","UserInput","User load units / ID / path / profile / comment","VerifiedEditableBehavior","Минимум K02: активный effect/invalid/inactive и перечисленные технические границы; не exhaustive Double.","modTestLoadTableConfig.RunAudit03LoadTableTests","docs/regression/Audit03/load_table_diagnostic_v143_2026-10-03.txt; docs/regression/Audit03/full_off_profile_scope_final_v173_2026-10-03.txt; docs/regression/Audit03/full_on_profile_scope_final_v173_2026-10-03.txt","","docs/NDM_Audit03_Final_Config_Review.md"
"rngLoadCombinations.Slot5.Mx, tf*m","rngLoadCombinations","Config!Q8","UserInput","User load units / ID / path / profile / comment","VerifiedEditableBehavior","Минимум K02: активный effect/invalid/inactive и перечисленные технические границы; не exhaustive Double.","modTestLoadTableConfig.RunAudit03LoadTableTests","docs/regression/Audit03/load_table_diagnostic_v143_2026-10-03.txt; docs/regression/Audit03/full_off_profile_scope_final_v173_2026-10-03.txt; docs/regression/Audit03/full_on_profile_scope_final_v173_2026-10-03.txt","","docs/NDM_Audit03_Final_Config_Review.md"
"rngLoadCombinations.Slot5.My, tf*m","rngLoadCombinations","Config!R8","UserInput","User load units / ID / path / profile / comment","VerifiedEditableBehavior","Минимум K02: активный effect/invalid/inactive и перечисленные технические границы; не exhaustive Double.","modTestLoadTableConfig.RunAudit03LoadTableTests","docs/regression/Audit03/load_table_diagnostic_v143_2026-10-03.txt; docs/regression/Audit03/full_off_profile_scope_final_v173_2026-10-03.txt; docs/regression/Audit03/full_on_profile_scope_final_v173_2026-10-03.txt","","docs/NDM_Audit03_Final_Config_Review.md"
"rngLoadCombinations.Slot5.ProfileId","rngLoadCombinations","Config!S8","UserInput","User load units / ID / path / profile / comment","VerifiedEditableBehavior","Минимум K02: активный effect/invalid/inactive и перечисленные технические границы; не exhaustive Double.","modTestLoadTableConfig.RunAudit03LoadTableTests","docs/regression/Audit03/load_table_diagnostic_v143_2026-10-03.txt; docs/regression/Audit03/full_off_profile_scope_final_v173_2026-10-03.txt; docs/regression/Audit03/full_on_profile_scope_final_v173_2026-10-03.txt","","docs/NDM_Audit03_Final_Config_Review.md"
"rngLoadCombinations.Slot5.LoadPath","rngLoadCombinations","Config!T8","UserInput","User load units / ID / path / profile / comment","VerifiedEditableBehavior","Минимум K02: активный effect/invalid/inactive и перечисленные технические границы; не exhaustive Double.","modTestLoadTableConfig.RunAudit03LoadTableTests","docs/regression/Audit03/load_table_diagnostic_v143_2026-10-03.txt; docs/regression/Audit03/full_off_profile_scope_final_v173_2026-10-03.txt; docs/regression/Audit03/full_on_profile_scope_final_v173_2026-10-03.txt","","docs/NDM_Audit03_Final_Config_Review.md"
"rngLoadCombinations.Slot5.Comment","rngLoadCombinations","Config!U8","UserInput","User load units / ID / path / profile / comment","VerifiedEditableBehavior","Минимум K02: активный effect/invalid/inactive и перечисленные технические границы; не exhaustive Double.","modTestLoadTableConfig.RunAudit03LoadTableTests","docs/regression/Audit03/load_table_diagnostic_v143_2026-10-03.txt; docs/regression/Audit03/full_off_profile_scope_final_v173_2026-10-03.txt; docs/regression/Audit03/full_on_profile_scope_final_v173_2026-10-03.txt","","docs/NDM_Audit03_Final_Config_Review.md"
"rngLoadCombinations.Slot6.CombinationID","rngLoadCombinations","Config!O9","UserInput","User load units / ID / path / profile / comment","VerifiedEditableBehavior","Минимум K02: активный effect/invalid/inactive и перечисленные технические границы; не exhaustive Double.","modTestLoadTableConfig.RunAudit03LoadTableTests","docs/regression/Audit03/load_table_diagnostic_v143_2026-10-03.txt; docs/regression/Audit03/full_off_profile_scope_final_v173_2026-10-03.txt; docs/regression/Audit03/full_on_profile_scope_final_v173_2026-10-03.txt","","docs/NDM_Audit03_Final_Config_Review.md"
"rngLoadCombinations.Slot6.N, tf","rngLoadCombinations","Config!P9","UserInput","User load units / ID / path / profile / comment","VerifiedEditableBehavior","Минимум K02: активный effect/invalid/inactive и перечисленные технические границы; не exhaustive Double.","modTestLoadTableConfig.RunAudit03LoadTableTests","docs/regression/Audit03/load_table_diagnostic_v143_2026-10-03.txt; docs/regression/Audit03/full_off_profile_scope_final_v173_2026-10-03.txt; docs/regression/Audit03/full_on_profile_scope_final_v173_2026-10-03.txt","","docs/NDM_Audit03_Final_Config_Review.md"
"rngLoadCombinations.Slot6.Mx, tf*m","rngLoadCombinations","Config!Q9","UserInput","User load units / ID / path / profile / comment","VerifiedEditableBehavior","Минимум K02: активный effect/invalid/inactive и перечисленные технические границы; не exhaustive Double.","modTestLoadTableConfig.RunAudit03LoadTableTests","docs/regression/Audit03/load_table_diagnostic_v143_2026-10-03.txt; docs/regression/Audit03/full_off_profile_scope_final_v173_2026-10-03.txt; docs/regression/Audit03/full_on_profile_scope_final_v173_2026-10-03.txt","","docs/NDM_Audit03_Final_Config_Review.md"
"rngLoadCombinations.Slot6.My, tf*m","rngLoadCombinations","Config!R9","UserInput","User load units / ID / path / profile / comment","VerifiedEditableBehavior","Минимум K02: активный effect/invalid/inactive и перечисленные технические границы; не exhaustive Double.","modTestLoadTableConfig.RunAudit03LoadTableTests","docs/regression/Audit03/load_table_diagnostic_v143_2026-10-03.txt; docs/regression/Audit03/full_off_profile_scope_final_v173_2026-10-03.txt; docs/regression/Audit03/full_on_profile_scope_final_v173_2026-10-03.txt","","docs/NDM_Audit03_Final_Config_Review.md"
"rngLoadCombinations.Slot6.ProfileId","rngLoadCombinations","Config!S9","UserInput","User load units / ID / path / profile / comment","VerifiedEditableBehavior","Минимум K02: активный effect/invalid/inactive и перечисленные технические границы; не exhaustive Double.","modTestLoadTableConfig.RunAudit03LoadTableTests","docs/regression/Audit03/load_table_diagnostic_v143_2026-10-03.txt; docs/regression/Audit03/full_off_profile_scope_final_v173_2026-10-03.txt; docs/regression/Audit03/full_on_profile_scope_final_v173_2026-10-03.txt","","docs/NDM_Audit03_Final_Config_Review.md"
"rngLoadCombinations.Slot6.LoadPath","rngLoadCombinations","Config!T9","UserInput","User load units / ID / path / profile / comment","VerifiedEditableBehavior","Минимум K02: активный effect/invalid/inactive и перечисленные технические границы; не exhaustive Double.","modTestLoadTableConfig.RunAudit03LoadTableTests","docs/regression/Audit03/load_table_diagnostic_v143_2026-10-03.txt; docs/regression/Audit03/full_off_profile_scope_final_v173_2026-10-03.txt; docs/regression/Audit03/full_on_profile_scope_final_v173_2026-10-03.txt","","docs/NDM_Audit03_Final_Config_Review.md"
"rngLoadCombinations.Slot6.Comment","rngLoadCombinations","Config!U9","UserInput","User load units / ID / path / profile / comment","VerifiedEditableBehavior","Минимум K02: активный effect/invalid/inactive и перечисленные технические границы; не exhaustive Double.","modTestLoadTableConfig.RunAudit03LoadTableTests","docs/regression/Audit03/load_table_diagnostic_v143_2026-10-03.txt; docs/regression/Audit03/full_off_profile_scope_final_v173_2026-10-03.txt; docs/regression/Audit03/full_on_profile_scope_final_v173_2026-10-03.txt","","docs/NDM_Audit03_Final_Config_Review.md"
"rngLoadCombinations.Slot7.CombinationID","rngLoadCombinations","Config!O10","UserInput","User load units / ID / path / profile / comment","VerifiedEditableBehavior","Минимум K02: активный effect/invalid/inactive и перечисленные технические границы; не exhaustive Double.","modTestLoadTableConfig.RunAudit03LoadTableTests","docs/regression/Audit03/load_table_diagnostic_v143_2026-10-03.txt; docs/regression/Audit03/full_off_profile_scope_final_v173_2026-10-03.txt; docs/regression/Audit03/full_on_profile_scope_final_v173_2026-10-03.txt","","docs/NDM_Audit03_Final_Config_Review.md"
"rngLoadCombinations.Slot7.N, tf","rngLoadCombinations","Config!P10","UserInput","User load units / ID / path / profile / comment","VerifiedEditableBehavior","Минимум K02: активный effect/invalid/inactive и перечисленные технические границы; не exhaustive Double.","modTestLoadTableConfig.RunAudit03LoadTableTests","docs/regression/Audit03/load_table_diagnostic_v143_2026-10-03.txt; docs/regression/Audit03/full_off_profile_scope_final_v173_2026-10-03.txt; docs/regression/Audit03/full_on_profile_scope_final_v173_2026-10-03.txt","","docs/NDM_Audit03_Final_Config_Review.md"
"rngLoadCombinations.Slot7.Mx, tf*m","rngLoadCombinations","Config!Q10","UserInput","User load units / ID / path / profile / comment","VerifiedEditableBehavior","Минимум K02: активный effect/invalid/inactive и перечисленные технические границы; не exhaustive Double.","modTestLoadTableConfig.RunAudit03LoadTableTests","docs/regression/Audit03/load_table_diagnostic_v143_2026-10-03.txt; docs/regression/Audit03/full_off_profile_scope_final_v173_2026-10-03.txt; docs/regression/Audit03/full_on_profile_scope_final_v173_2026-10-03.txt","","docs/NDM_Audit03_Final_Config_Review.md"
"rngLoadCombinations.Slot7.My, tf*m","rngLoadCombinations","Config!R10","UserInput","User load units / ID / path / profile / comment","VerifiedEditableBehavior","Минимум K02: активный effect/invalid/inactive и перечисленные технические границы; не exhaustive Double.","modTestLoadTableConfig.RunAudit03LoadTableTests","docs/regression/Audit03/load_table_diagnostic_v143_2026-10-03.txt; docs/regression/Audit03/full_off_profile_scope_final_v173_2026-10-03.txt; docs/regression/Audit03/full_on_profile_scope_final_v173_2026-10-03.txt","","docs/NDM_Audit03_Final_Config_Review.md"
"rngLoadCombinations.Slot7.ProfileId","rngLoadCombinations","Config!S10","UserInput","User load units / ID / path / profile / comment","VerifiedEditableBehavior","Минимум K02: активный effect/invalid/inactive и перечисленные технические границы; не exhaustive Double.","modTestLoadTableConfig.RunAudit03LoadTableTests","docs/regression/Audit03/load_table_diagnostic_v143_2026-10-03.txt; docs/regression/Audit03/full_off_profile_scope_final_v173_2026-10-03.txt; docs/regression/Audit03/full_on_profile_scope_final_v173_2026-10-03.txt","","docs/NDM_Audit03_Final_Config_Review.md"
"rngLoadCombinations.Slot7.LoadPath","rngLoadCombinations","Config!T10","UserInput","User load units / ID / path / profile / comment","VerifiedEditableBehavior","Минимум K02: активный effect/invalid/inactive и перечисленные технические границы; не exhaustive Double.","modTestLoadTableConfig.RunAudit03LoadTableTests","docs/regression/Audit03/load_table_diagnostic_v143_2026-10-03.txt; docs/regression/Audit03/full_off_profile_scope_final_v173_2026-10-03.txt; docs/regression/Audit03/full_on_profile_scope_final_v173_2026-10-03.txt","","docs/NDM_Audit03_Final_Config_Review.md"
"rngLoadCombinations.Slot7.Comment","rngLoadCombinations","Config!U10","UserInput","User load units / ID / path / profile / comment","VerifiedEditableBehavior","Минимум K02: активный effect/invalid/inactive и перечисленные технические границы; не exhaustive Double.","modTestLoadTableConfig.RunAudit03LoadTableTests","docs/regression/Audit03/load_table_diagnostic_v143_2026-10-03.txt; docs/regression/Audit03/full_off_profile_scope_final_v173_2026-10-03.txt; docs/regression/Audit03/full_on_profile_scope_final_v173_2026-10-03.txt","","docs/NDM_Audit03_Final_Config_Review.md"
"rngLoadCombinations.Slot8.CombinationID","rngLoadCombinations","Config!O11","UserInput","User load units / ID / path / profile / comment","VerifiedEditableBehavior","Минимум K02: активный effect/invalid/inactive и перечисленные технические границы; не exhaustive Double.","modTestLoadTableConfig.RunAudit03LoadTableTests","docs/regression/Audit03/load_table_diagnostic_v143_2026-10-03.txt; docs/regression/Audit03/full_off_profile_scope_final_v173_2026-10-03.txt; docs/regression/Audit03/full_on_profile_scope_final_v173_2026-10-03.txt","","docs/NDM_Audit03_Final_Config_Review.md"
"rngLoadCombinations.Slot8.N, tf","rngLoadCombinations","Config!P11","UserInput","User load units / ID / path / profile / comment","VerifiedEditableBehavior","Минимум K02: активный effect/invalid/inactive и перечисленные технические границы; не exhaustive Double.","modTestLoadTableConfig.RunAudit03LoadTableTests","docs/regression/Audit03/load_table_diagnostic_v143_2026-10-03.txt; docs/regression/Audit03/full_off_profile_scope_final_v173_2026-10-03.txt; docs/regression/Audit03/full_on_profile_scope_final_v173_2026-10-03.txt","","docs/NDM_Audit03_Final_Config_Review.md"
"rngLoadCombinations.Slot8.Mx, tf*m","rngLoadCombinations","Config!Q11","UserInput","User load units / ID / path / profile / comment","VerifiedEditableBehavior","Минимум K02: активный effect/invalid/inactive и перечисленные технические границы; не exhaustive Double.","modTestLoadTableConfig.RunAudit03LoadTableTests","docs/regression/Audit03/load_table_diagnostic_v143_2026-10-03.txt; docs/regression/Audit03/full_off_profile_scope_final_v173_2026-10-03.txt; docs/regression/Audit03/full_on_profile_scope_final_v173_2026-10-03.txt","","docs/NDM_Audit03_Final_Config_Review.md"
"rngLoadCombinations.Slot8.My, tf*m","rngLoadCombinations","Config!R11","UserInput","User load units / ID / path / profile / comment","VerifiedEditableBehavior","Минимум K02: активный effect/invalid/inactive и перечисленные технические границы; не exhaustive Double.","modTestLoadTableConfig.RunAudit03LoadTableTests","docs/regression/Audit03/load_table_diagnostic_v143_2026-10-03.txt; docs/regression/Audit03/full_off_profile_scope_final_v173_2026-10-03.txt; docs/regression/Audit03/full_on_profile_scope_final_v173_2026-10-03.txt","","docs/NDM_Audit03_Final_Config_Review.md"
"rngLoadCombinations.Slot8.ProfileId","rngLoadCombinations","Config!S11","UserInput","User load units / ID / path / profile / comment","VerifiedEditableBehavior","Минимум K02: активный effect/invalid/inactive и перечисленные технические границы; не exhaustive Double.","modTestLoadTableConfig.RunAudit03LoadTableTests","docs/regression/Audit03/load_table_diagnostic_v143_2026-10-03.txt; docs/regression/Audit03/full_off_profile_scope_final_v173_2026-10-03.txt; docs/regression/Audit03/full_on_profile_scope_final_v173_2026-10-03.txt","","docs/NDM_Audit03_Final_Config_Review.md"
"rngLoadCombinations.Slot8.LoadPath","rngLoadCombinations","Config!T11","UserInput","User load units / ID / path / profile / comment","VerifiedEditableBehavior","Минимум K02: активный effect/invalid/inactive и перечисленные технические границы; не exhaustive Double.","modTestLoadTableConfig.RunAudit03LoadTableTests","docs/regression/Audit03/load_table_diagnostic_v143_2026-10-03.txt; docs/regression/Audit03/full_off_profile_scope_final_v173_2026-10-03.txt; docs/regression/Audit03/full_on_profile_scope_final_v173_2026-10-03.txt","","docs/NDM_Audit03_Final_Config_Review.md"
"rngLoadCombinations.Slot8.Comment","rngLoadCombinations","Config!U11","UserInput","User load units / ID / path / profile / comment","VerifiedEditableBehavior","Минимум K02: активный effect/invalid/inactive и перечисленные технические границы; не exhaustive Double.","modTestLoadTableConfig.RunAudit03LoadTableTests","docs/regression/Audit03/load_table_diagnostic_v143_2026-10-03.txt; docs/regression/Audit03/full_off_profile_scope_final_v173_2026-10-03.txt; docs/regression/Audit03/full_on_profile_scope_final_v173_2026-10-03.txt","","docs/NDM_Audit03_Final_Config_Review.md"
"rngLoadCombinations.Slot9.CombinationID","rngLoadCombinations","Config!O12","UserInput","User load units / ID / path / profile / comment","VerifiedEditableBehavior","Минимум K02: активный effect/invalid/inactive и перечисленные технические границы; не exhaustive Double.","modTestLoadTableConfig.RunAudit03LoadTableTests","docs/regression/Audit03/load_table_diagnostic_v143_2026-10-03.txt; docs/regression/Audit03/full_off_profile_scope_final_v173_2026-10-03.txt; docs/regression/Audit03/full_on_profile_scope_final_v173_2026-10-03.txt","","docs/NDM_Audit03_Final_Config_Review.md"
"rngLoadCombinations.Slot9.N, tf","rngLoadCombinations","Config!P12","UserInput","User load units / ID / path / profile / comment","VerifiedEditableBehavior","Минимум K02: активный effect/invalid/inactive и перечисленные технические границы; не exhaustive Double.","modTestLoadTableConfig.RunAudit03LoadTableTests","docs/regression/Audit03/load_table_diagnostic_v143_2026-10-03.txt; docs/regression/Audit03/full_off_profile_scope_final_v173_2026-10-03.txt; docs/regression/Audit03/full_on_profile_scope_final_v173_2026-10-03.txt","","docs/NDM_Audit03_Final_Config_Review.md"
"rngLoadCombinations.Slot9.Mx, tf*m","rngLoadCombinations","Config!Q12","UserInput","User load units / ID / path / profile / comment","VerifiedEditableBehavior","Минимум K02: активный effect/invalid/inactive и перечисленные технические границы; не exhaustive Double.","modTestLoadTableConfig.RunAudit03LoadTableTests","docs/regression/Audit03/load_table_diagnostic_v143_2026-10-03.txt; docs/regression/Audit03/full_off_profile_scope_final_v173_2026-10-03.txt; docs/regression/Audit03/full_on_profile_scope_final_v173_2026-10-03.txt","","docs/NDM_Audit03_Final_Config_Review.md"
"rngLoadCombinations.Slot9.My, tf*m","rngLoadCombinations","Config!R12","UserInput","User load units / ID / path / profile / comment","VerifiedEditableBehavior","Минимум K02: активный effect/invalid/inactive и перечисленные технические границы; не exhaustive Double.","modTestLoadTableConfig.RunAudit03LoadTableTests","docs/regression/Audit03/load_table_diagnostic_v143_2026-10-03.txt; docs/regression/Audit03/full_off_profile_scope_final_v173_2026-10-03.txt; docs/regression/Audit03/full_on_profile_scope_final_v173_2026-10-03.txt","","docs/NDM_Audit03_Final_Config_Review.md"
"rngLoadCombinations.Slot9.ProfileId","rngLoadCombinations","Config!S12","UserInput","User load units / ID / path / profile / comment","VerifiedEditableBehavior","Минимум K02: активный effect/invalid/inactive и перечисленные технические границы; не exhaustive Double.","modTestLoadTableConfig.RunAudit03LoadTableTests","docs/regression/Audit03/load_table_diagnostic_v143_2026-10-03.txt; docs/regression/Audit03/full_off_profile_scope_final_v173_2026-10-03.txt; docs/regression/Audit03/full_on_profile_scope_final_v173_2026-10-03.txt","","docs/NDM_Audit03_Final_Config_Review.md"
"rngLoadCombinations.Slot9.LoadPath","rngLoadCombinations","Config!T12","UserInput","User load units / ID / path / profile / comment","VerifiedEditableBehavior","Минимум K02: активный effect/invalid/inactive и перечисленные технические границы; не exhaustive Double.","modTestLoadTableConfig.RunAudit03LoadTableTests","docs/regression/Audit03/load_table_diagnostic_v143_2026-10-03.txt; docs/regression/Audit03/full_off_profile_scope_final_v173_2026-10-03.txt; docs/regression/Audit03/full_on_profile_scope_final_v173_2026-10-03.txt","","docs/NDM_Audit03_Final_Config_Review.md"
"rngLoadCombinations.Slot9.Comment","rngLoadCombinations","Config!U12","UserInput","User load units / ID / path / profile / comment","VerifiedEditableBehavior","Минимум K02: активный effect/invalid/inactive и перечисленные технические границы; не exhaustive Double.","modTestLoadTableConfig.RunAudit03LoadTableTests","docs/regression/Audit03/load_table_diagnostic_v143_2026-10-03.txt; docs/regression/Audit03/full_off_profile_scope_final_v173_2026-10-03.txt; docs/regression/Audit03/full_on_profile_scope_final_v173_2026-10-03.txt","","docs/NDM_Audit03_Final_Config_Review.md"
"rngLoadCombinations.Slot10.CombinationID","rngLoadCombinations","Config!O13","UserInput","User load units / ID / path / profile / comment","VerifiedEditableBehavior","Минимум K02: активный effect/invalid/inactive и перечисленные технические границы; не exhaustive Double.","modTestLoadTableConfig.RunAudit03LoadTableTests","docs/regression/Audit03/load_table_diagnostic_v143_2026-10-03.txt; docs/regression/Audit03/full_off_profile_scope_final_v173_2026-10-03.txt; docs/regression/Audit03/full_on_profile_scope_final_v173_2026-10-03.txt","","docs/NDM_Audit03_Final_Config_Review.md"
"rngLoadCombinations.Slot10.N, tf","rngLoadCombinations","Config!P13","UserInput","User load units / ID / path / profile / comment","VerifiedEditableBehavior","Минимум K02: активный effect/invalid/inactive и перечисленные технические границы; не exhaustive Double.","modTestLoadTableConfig.RunAudit03LoadTableTests","docs/regression/Audit03/load_table_diagnostic_v143_2026-10-03.txt; docs/regression/Audit03/full_off_profile_scope_final_v173_2026-10-03.txt; docs/regression/Audit03/full_on_profile_scope_final_v173_2026-10-03.txt","","docs/NDM_Audit03_Final_Config_Review.md"
"rngLoadCombinations.Slot10.Mx, tf*m","rngLoadCombinations","Config!Q13","UserInput","User load units / ID / path / profile / comment","VerifiedEditableBehavior","Минимум K02: активный effect/invalid/inactive и перечисленные технические границы; не exhaustive Double.","modTestLoadTableConfig.RunAudit03LoadTableTests","docs/regression/Audit03/load_table_diagnostic_v143_2026-10-03.txt; docs/regression/Audit03/full_off_profile_scope_final_v173_2026-10-03.txt; docs/regression/Audit03/full_on_profile_scope_final_v173_2026-10-03.txt","","docs/NDM_Audit03_Final_Config_Review.md"
"rngLoadCombinations.Slot10.My, tf*m","rngLoadCombinations","Config!R13","UserInput","User load units / ID / path / profile / comment","VerifiedEditableBehavior","Минимум K02: активный effect/invalid/inactive и перечисленные технические границы; не exhaustive Double.","modTestLoadTableConfig.RunAudit03LoadTableTests","docs/regression/Audit03/load_table_diagnostic_v143_2026-10-03.txt; docs/regression/Audit03/full_off_profile_scope_final_v173_2026-10-03.txt; docs/regression/Audit03/full_on_profile_scope_final_v173_2026-10-03.txt","","docs/NDM_Audit03_Final_Config_Review.md"
"rngLoadCombinations.Slot10.ProfileId","rngLoadCombinations","Config!S13","UserInput","User load units / ID / path / profile / comment","VerifiedEditableBehavior","Минимум K02: активный effect/invalid/inactive и перечисленные технические границы; не exhaustive Double.","modTestLoadTableConfig.RunAudit03LoadTableTests","docs/regression/Audit03/load_table_diagnostic_v143_2026-10-03.txt; docs/regression/Audit03/full_off_profile_scope_final_v173_2026-10-03.txt; docs/regression/Audit03/full_on_profile_scope_final_v173_2026-10-03.txt","","docs/NDM_Audit03_Final_Config_Review.md"
"rngLoadCombinations.Slot10.LoadPath","rngLoadCombinations","Config!T13","UserInput","User load units / ID / path / profile / comment","VerifiedEditableBehavior","Минимум K02: активный effect/invalid/inactive и перечисленные технические границы; не exhaustive Double.","modTestLoadTableConfig.RunAudit03LoadTableTests","docs/regression/Audit03/load_table_diagnostic_v143_2026-10-03.txt; docs/regression/Audit03/full_off_profile_scope_final_v173_2026-10-03.txt; docs/regression/Audit03/full_on_profile_scope_final_v173_2026-10-03.txt","","docs/NDM_Audit03_Final_Config_Review.md"
"rngLoadCombinations.Slot10.Comment","rngLoadCombinations","Config!U13","UserInput","User load units / ID / path / profile / comment","VerifiedEditableBehavior","Минимум K02: активный effect/invalid/inactive и перечисленные технические границы; не exhaustive Double.","modTestLoadTableConfig.RunAudit03LoadTableTests","docs/regression/Audit03/load_table_diagnostic_v143_2026-10-03.txt; docs/regression/Audit03/full_off_profile_scope_final_v173_2026-10-03.txt; docs/regression/Audit03/full_on_profile_scope_final_v173_2026-10-03.txt","","docs/NDM_Audit03_Final_Config_Review.md"
"rngLoadCombinations.Slot11.CombinationID","rngLoadCombinations","Config!O14","UserInput","User load units / ID / path / profile / comment","VerifiedEditableBehavior","Минимум K02: активный effect/invalid/inactive и перечисленные технические границы; не exhaustive Double.","modTestLoadTableConfig.RunAudit03LoadTableTests","docs/regression/Audit03/load_table_diagnostic_v143_2026-10-03.txt; docs/regression/Audit03/full_off_profile_scope_final_v173_2026-10-03.txt; docs/regression/Audit03/full_on_profile_scope_final_v173_2026-10-03.txt","","docs/NDM_Audit03_Final_Config_Review.md"
"rngLoadCombinations.Slot11.N, tf","rngLoadCombinations","Config!P14","UserInput","User load units / ID / path / profile / comment","VerifiedEditableBehavior","Минимум K02: активный effect/invalid/inactive и перечисленные технические границы; не exhaustive Double.","modTestLoadTableConfig.RunAudit03LoadTableTests","docs/regression/Audit03/load_table_diagnostic_v143_2026-10-03.txt; docs/regression/Audit03/full_off_profile_scope_final_v173_2026-10-03.txt; docs/regression/Audit03/full_on_profile_scope_final_v173_2026-10-03.txt","","docs/NDM_Audit03_Final_Config_Review.md"
"rngLoadCombinations.Slot11.Mx, tf*m","rngLoadCombinations","Config!Q14","UserInput","User load units / ID / path / profile / comment","VerifiedEditableBehavior","Минимум K02: активный effect/invalid/inactive и перечисленные технические границы; не exhaustive Double.","modTestLoadTableConfig.RunAudit03LoadTableTests","docs/regression/Audit03/load_table_diagnostic_v143_2026-10-03.txt; docs/regression/Audit03/full_off_profile_scope_final_v173_2026-10-03.txt; docs/regression/Audit03/full_on_profile_scope_final_v173_2026-10-03.txt","","docs/NDM_Audit03_Final_Config_Review.md"
"rngLoadCombinations.Slot11.My, tf*m","rngLoadCombinations","Config!R14","UserInput","User load units / ID / path / profile / comment","VerifiedEditableBehavior","Минимум K02: активный effect/invalid/inactive и перечисленные технические границы; не exhaustive Double.","modTestLoadTableConfig.RunAudit03LoadTableTests","docs/regression/Audit03/load_table_diagnostic_v143_2026-10-03.txt; docs/regression/Audit03/full_off_profile_scope_final_v173_2026-10-03.txt; docs/regression/Audit03/full_on_profile_scope_final_v173_2026-10-03.txt","","docs/NDM_Audit03_Final_Config_Review.md"
"rngLoadCombinations.Slot11.ProfileId","rngLoadCombinations","Config!S14","UserInput","User load units / ID / path / profile / comment","VerifiedEditableBehavior","Минимум K02: активный effect/invalid/inactive и перечисленные технические границы; не exhaustive Double.","modTestLoadTableConfig.RunAudit03LoadTableTests","docs/regression/Audit03/load_table_diagnostic_v143_2026-10-03.txt; docs/regression/Audit03/full_off_profile_scope_final_v173_2026-10-03.txt; docs/regression/Audit03/full_on_profile_scope_final_v173_2026-10-03.txt","","docs/NDM_Audit03_Final_Config_Review.md"
"rngLoadCombinations.Slot11.LoadPath","rngLoadCombinations","Config!T14","UserInput","User load units / ID / path / profile / comment","VerifiedEditableBehavior","Минимум K02: активный effect/invalid/inactive и перечисленные технические границы; не exhaustive Double.","modTestLoadTableConfig.RunAudit03LoadTableTests","docs/regression/Audit03/load_table_diagnostic_v143_2026-10-03.txt; docs/regression/Audit03/full_off_profile_scope_final_v173_2026-10-03.txt; docs/regression/Audit03/full_on_profile_scope_final_v173_2026-10-03.txt","","docs/NDM_Audit03_Final_Config_Review.md"
"rngLoadCombinations.Slot11.Comment","rngLoadCombinations","Config!U14","UserInput","User load units / ID / path / profile / comment","VerifiedEditableBehavior","Минимум K02: активный effect/invalid/inactive и перечисленные технические границы; не exhaustive Double.","modTestLoadTableConfig.RunAudit03LoadTableTests","docs/regression/Audit03/load_table_diagnostic_v143_2026-10-03.txt; docs/regression/Audit03/full_off_profile_scope_final_v173_2026-10-03.txt; docs/regression/Audit03/full_on_profile_scope_final_v173_2026-10-03.txt","","docs/NDM_Audit03_Final_Config_Review.md"
"rngLoadCombinations.Slot12.CombinationID","rngLoadCombinations","Config!O15","UserInput","User load units / ID / path / profile / comment","VerifiedEditableBehavior","Минимум K02: активный effect/invalid/inactive и перечисленные технические границы; не exhaustive Double.","modTestLoadTableConfig.RunAudit03LoadTableTests","docs/regression/Audit03/load_table_diagnostic_v143_2026-10-03.txt; docs/regression/Audit03/full_off_profile_scope_final_v173_2026-10-03.txt; docs/regression/Audit03/full_on_profile_scope_final_v173_2026-10-03.txt","","docs/NDM_Audit03_Final_Config_Review.md"
"rngLoadCombinations.Slot12.N, tf","rngLoadCombinations","Config!P15","UserInput","User load units / ID / path / profile / comment","VerifiedEditableBehavior","Минимум K02: активный effect/invalid/inactive и перечисленные технические границы; не exhaustive Double.","modTestLoadTableConfig.RunAudit03LoadTableTests","docs/regression/Audit03/load_table_diagnostic_v143_2026-10-03.txt; docs/regression/Audit03/full_off_profile_scope_final_v173_2026-10-03.txt; docs/regression/Audit03/full_on_profile_scope_final_v173_2026-10-03.txt","","docs/NDM_Audit03_Final_Config_Review.md"
"rngLoadCombinations.Slot12.Mx, tf*m","rngLoadCombinations","Config!Q15","UserInput","User load units / ID / path / profile / comment","VerifiedEditableBehavior","Минимум K02: активный effect/invalid/inactive и перечисленные технические границы; не exhaustive Double.","modTestLoadTableConfig.RunAudit03LoadTableTests","docs/regression/Audit03/load_table_diagnostic_v143_2026-10-03.txt; docs/regression/Audit03/full_off_profile_scope_final_v173_2026-10-03.txt; docs/regression/Audit03/full_on_profile_scope_final_v173_2026-10-03.txt","","docs/NDM_Audit03_Final_Config_Review.md"
"rngLoadCombinations.Slot12.My, tf*m","rngLoadCombinations","Config!R15","UserInput","User load units / ID / path / profile / comment","VerifiedEditableBehavior","Минимум K02: активный effect/invalid/inactive и перечисленные технические границы; не exhaustive Double.","modTestLoadTableConfig.RunAudit03LoadTableTests","docs/regression/Audit03/load_table_diagnostic_v143_2026-10-03.txt; docs/regression/Audit03/full_off_profile_scope_final_v173_2026-10-03.txt; docs/regression/Audit03/full_on_profile_scope_final_v173_2026-10-03.txt","","docs/NDM_Audit03_Final_Config_Review.md"
"rngLoadCombinations.Slot12.ProfileId","rngLoadCombinations","Config!S15","UserInput","User load units / ID / path / profile / comment","VerifiedEditableBehavior","Минимум K02: активный effect/invalid/inactive и перечисленные технические границы; не exhaustive Double.","modTestLoadTableConfig.RunAudit03LoadTableTests","docs/regression/Audit03/load_table_diagnostic_v143_2026-10-03.txt; docs/regression/Audit03/full_off_profile_scope_final_v173_2026-10-03.txt; docs/regression/Audit03/full_on_profile_scope_final_v173_2026-10-03.txt","","docs/NDM_Audit03_Final_Config_Review.md"
"rngLoadCombinations.Slot12.LoadPath","rngLoadCombinations","Config!T15","UserInput","User load units / ID / path / profile / comment","VerifiedEditableBehavior","Минимум K02: активный effect/invalid/inactive и перечисленные технические границы; не exhaustive Double.","modTestLoadTableConfig.RunAudit03LoadTableTests","docs/regression/Audit03/load_table_diagnostic_v143_2026-10-03.txt; docs/regression/Audit03/full_off_profile_scope_final_v173_2026-10-03.txt; docs/regression/Audit03/full_on_profile_scope_final_v173_2026-10-03.txt","","docs/NDM_Audit03_Final_Config_Review.md"
"rngLoadCombinations.Slot12.Comment","rngLoadCombinations","Config!U15","UserInput","User load units / ID / path / profile / comment","VerifiedEditableBehavior","Минимум K02: активный effect/invalid/inactive и перечисленные технические границы; не exhaustive Double.","modTestLoadTableConfig.RunAudit03LoadTableTests","docs/regression/Audit03/load_table_diagnostic_v143_2026-10-03.txt; docs/regression/Audit03/full_off_profile_scope_final_v173_2026-10-03.txt; docs/regression/Audit03/full_on_profile_scope_final_v173_2026-10-03.txt","","docs/NDM_Audit03_Final_Config_Review.md"
"rngLoadCombinations.Slot13.CombinationID","rngLoadCombinations","Config!O16","UserInput","User load units / ID / path / profile / comment","VerifiedEditableBehavior","Минимум K02: активный effect/invalid/inactive и перечисленные технические границы; не exhaustive Double.","modTestLoadTableConfig.RunAudit03LoadTableTests","docs/regression/Audit03/load_table_diagnostic_v143_2026-10-03.txt; docs/regression/Audit03/full_off_profile_scope_final_v173_2026-10-03.txt; docs/regression/Audit03/full_on_profile_scope_final_v173_2026-10-03.txt","","docs/NDM_Audit03_Final_Config_Review.md"
"rngLoadCombinations.Slot13.N, tf","rngLoadCombinations","Config!P16","UserInput","User load units / ID / path / profile / comment","VerifiedEditableBehavior","Минимум K02: активный effect/invalid/inactive и перечисленные технические границы; не exhaustive Double.","modTestLoadTableConfig.RunAudit03LoadTableTests","docs/regression/Audit03/load_table_diagnostic_v143_2026-10-03.txt; docs/regression/Audit03/full_off_profile_scope_final_v173_2026-10-03.txt; docs/regression/Audit03/full_on_profile_scope_final_v173_2026-10-03.txt","","docs/NDM_Audit03_Final_Config_Review.md"
"rngLoadCombinations.Slot13.Mx, tf*m","rngLoadCombinations","Config!Q16","UserInput","User load units / ID / path / profile / comment","VerifiedEditableBehavior","Минимум K02: активный effect/invalid/inactive и перечисленные технические границы; не exhaustive Double.","modTestLoadTableConfig.RunAudit03LoadTableTests","docs/regression/Audit03/load_table_diagnostic_v143_2026-10-03.txt; docs/regression/Audit03/full_off_profile_scope_final_v173_2026-10-03.txt; docs/regression/Audit03/full_on_profile_scope_final_v173_2026-10-03.txt","","docs/NDM_Audit03_Final_Config_Review.md"
"rngLoadCombinations.Slot13.My, tf*m","rngLoadCombinations","Config!R16","UserInput","User load units / ID / path / profile / comment","VerifiedEditableBehavior","Минимум K02: активный effect/invalid/inactive и перечисленные технические границы; не exhaustive Double.","modTestLoadTableConfig.RunAudit03LoadTableTests","docs/regression/Audit03/load_table_diagnostic_v143_2026-10-03.txt; docs/regression/Audit03/full_off_profile_scope_final_v173_2026-10-03.txt; docs/regression/Audit03/full_on_profile_scope_final_v173_2026-10-03.txt","","docs/NDM_Audit03_Final_Config_Review.md"
"rngLoadCombinations.Slot13.ProfileId","rngLoadCombinations","Config!S16","UserInput","User load units / ID / path / profile / comment","VerifiedEditableBehavior","Минимум K02: активный effect/invalid/inactive и перечисленные технические границы; не exhaustive Double.","modTestLoadTableConfig.RunAudit03LoadTableTests","docs/regression/Audit03/load_table_diagnostic_v143_2026-10-03.txt; docs/regression/Audit03/full_off_profile_scope_final_v173_2026-10-03.txt; docs/regression/Audit03/full_on_profile_scope_final_v173_2026-10-03.txt","","docs/NDM_Audit03_Final_Config_Review.md"
"rngLoadCombinations.Slot13.LoadPath","rngLoadCombinations","Config!T16","UserInput","User load units / ID / path / profile / comment","VerifiedEditableBehavior","Минимум K02: активный effect/invalid/inactive и перечисленные технические границы; не exhaustive Double.","modTestLoadTableConfig.RunAudit03LoadTableTests","docs/regression/Audit03/load_table_diagnostic_v143_2026-10-03.txt; docs/regression/Audit03/full_off_profile_scope_final_v173_2026-10-03.txt; docs/regression/Audit03/full_on_profile_scope_final_v173_2026-10-03.txt","","docs/NDM_Audit03_Final_Config_Review.md"
"rngLoadCombinations.Slot13.Comment","rngLoadCombinations","Config!U16","UserInput","User load units / ID / path / profile / comment","VerifiedEditableBehavior","Минимум K02: активный effect/invalid/inactive и перечисленные технические границы; не exhaustive Double.","modTestLoadTableConfig.RunAudit03LoadTableTests","docs/regression/Audit03/load_table_diagnostic_v143_2026-10-03.txt; docs/regression/Audit03/full_off_profile_scope_final_v173_2026-10-03.txt; docs/regression/Audit03/full_on_profile_scope_final_v173_2026-10-03.txt","","docs/NDM_Audit03_Final_Config_Review.md"
"rngLoadCombinations.Slot14.CombinationID","rngLoadCombinations","Config!O17","UserInput","User load units / ID / path / profile / comment","VerifiedEditableBehavior","Минимум K02: активный effect/invalid/inactive и перечисленные технические границы; не exhaustive Double.","modTestLoadTableConfig.RunAudit03LoadTableTests","docs/regression/Audit03/load_table_diagnostic_v143_2026-10-03.txt; docs/regression/Audit03/full_off_profile_scope_final_v173_2026-10-03.txt; docs/regression/Audit03/full_on_profile_scope_final_v173_2026-10-03.txt","","docs/NDM_Audit03_Final_Config_Review.md"
"rngLoadCombinations.Slot14.N, tf","rngLoadCombinations","Config!P17","UserInput","User load units / ID / path / profile / comment","VerifiedEditableBehavior","Минимум K02: активный effect/invalid/inactive и перечисленные технические границы; не exhaustive Double.","modTestLoadTableConfig.RunAudit03LoadTableTests","docs/regression/Audit03/load_table_diagnostic_v143_2026-10-03.txt; docs/regression/Audit03/full_off_profile_scope_final_v173_2026-10-03.txt; docs/regression/Audit03/full_on_profile_scope_final_v173_2026-10-03.txt","","docs/NDM_Audit03_Final_Config_Review.md"
"rngLoadCombinations.Slot14.Mx, tf*m","rngLoadCombinations","Config!Q17","UserInput","User load units / ID / path / profile / comment","VerifiedEditableBehavior","Минимум K02: активный effect/invalid/inactive и перечисленные технические границы; не exhaustive Double.","modTestLoadTableConfig.RunAudit03LoadTableTests","docs/regression/Audit03/load_table_diagnostic_v143_2026-10-03.txt; docs/regression/Audit03/full_off_profile_scope_final_v173_2026-10-03.txt; docs/regression/Audit03/full_on_profile_scope_final_v173_2026-10-03.txt","","docs/NDM_Audit03_Final_Config_Review.md"
"rngLoadCombinations.Slot14.My, tf*m","rngLoadCombinations","Config!R17","UserInput","User load units / ID / path / profile / comment","VerifiedEditableBehavior","Минимум K02: активный effect/invalid/inactive и перечисленные технические границы; не exhaustive Double.","modTestLoadTableConfig.RunAudit03LoadTableTests","docs/regression/Audit03/load_table_diagnostic_v143_2026-10-03.txt; docs/regression/Audit03/full_off_profile_scope_final_v173_2026-10-03.txt; docs/regression/Audit03/full_on_profile_scope_final_v173_2026-10-03.txt","","docs/NDM_Audit03_Final_Config_Review.md"
"rngLoadCombinations.Slot14.ProfileId","rngLoadCombinations","Config!S17","UserInput","User load units / ID / path / profile / comment","VerifiedEditableBehavior","Минимум K02: активный effect/invalid/inactive и перечисленные технические границы; не exhaustive Double.","modTestLoadTableConfig.RunAudit03LoadTableTests","docs/regression/Audit03/load_table_diagnostic_v143_2026-10-03.txt; docs/regression/Audit03/full_off_profile_scope_final_v173_2026-10-03.txt; docs/regression/Audit03/full_on_profile_scope_final_v173_2026-10-03.txt","","docs/NDM_Audit03_Final_Config_Review.md"
"rngLoadCombinations.Slot14.LoadPath","rngLoadCombinations","Config!T17","UserInput","User load units / ID / path / profile / comment","VerifiedEditableBehavior","Минимум K02: активный effect/invalid/inactive и перечисленные технические границы; не exhaustive Double.","modTestLoadTableConfig.RunAudit03LoadTableTests","docs/regression/Audit03/load_table_diagnostic_v143_2026-10-03.txt; docs/regression/Audit03/full_off_profile_scope_final_v173_2026-10-03.txt; docs/regression/Audit03/full_on_profile_scope_final_v173_2026-10-03.txt","","docs/NDM_Audit03_Final_Config_Review.md"
"rngLoadCombinations.Slot14.Comment","rngLoadCombinations","Config!U17","UserInput","User load units / ID / path / profile / comment","VerifiedEditableBehavior","Минимум K02: активный effect/invalid/inactive и перечисленные технические границы; не exhaustive Double.","modTestLoadTableConfig.RunAudit03LoadTableTests","docs/regression/Audit03/load_table_diagnostic_v143_2026-10-03.txt; docs/regression/Audit03/full_off_profile_scope_final_v173_2026-10-03.txt; docs/regression/Audit03/full_on_profile_scope_final_v173_2026-10-03.txt","","docs/NDM_Audit03_Final_Config_Review.md"
"rngLoadCombinations.Slot15.CombinationID","rngLoadCombinations","Config!O18","UserInput","User load units / ID / path / profile / comment","VerifiedEditableBehavior","Минимум K02: активный effect/invalid/inactive и перечисленные технические границы; не exhaustive Double.","modTestLoadTableConfig.RunAudit03LoadTableTests","docs/regression/Audit03/load_table_diagnostic_v143_2026-10-03.txt; docs/regression/Audit03/full_off_profile_scope_final_v173_2026-10-03.txt; docs/regression/Audit03/full_on_profile_scope_final_v173_2026-10-03.txt","","docs/NDM_Audit03_Final_Config_Review.md"
"rngLoadCombinations.Slot15.N, tf","rngLoadCombinations","Config!P18","UserInput","User load units / ID / path / profile / comment","VerifiedEditableBehavior","Минимум K02: активный effect/invalid/inactive и перечисленные технические границы; не exhaustive Double.","modTestLoadTableConfig.RunAudit03LoadTableTests","docs/regression/Audit03/load_table_diagnostic_v143_2026-10-03.txt; docs/regression/Audit03/full_off_profile_scope_final_v173_2026-10-03.txt; docs/regression/Audit03/full_on_profile_scope_final_v173_2026-10-03.txt","","docs/NDM_Audit03_Final_Config_Review.md"
"rngLoadCombinations.Slot15.Mx, tf*m","rngLoadCombinations","Config!Q18","UserInput","User load units / ID / path / profile / comment","VerifiedEditableBehavior","Минимум K02: активный effect/invalid/inactive и перечисленные технические границы; не exhaustive Double.","modTestLoadTableConfig.RunAudit03LoadTableTests","docs/regression/Audit03/load_table_diagnostic_v143_2026-10-03.txt; docs/regression/Audit03/full_off_profile_scope_final_v173_2026-10-03.txt; docs/regression/Audit03/full_on_profile_scope_final_v173_2026-10-03.txt","","docs/NDM_Audit03_Final_Config_Review.md"
"rngLoadCombinations.Slot15.My, tf*m","rngLoadCombinations","Config!R18","UserInput","User load units / ID / path / profile / comment","VerifiedEditableBehavior","Минимум K02: активный effect/invalid/inactive и перечисленные технические границы; не exhaustive Double.","modTestLoadTableConfig.RunAudit03LoadTableTests","docs/regression/Audit03/load_table_diagnostic_v143_2026-10-03.txt; docs/regression/Audit03/full_off_profile_scope_final_v173_2026-10-03.txt; docs/regression/Audit03/full_on_profile_scope_final_v173_2026-10-03.txt","","docs/NDM_Audit03_Final_Config_Review.md"
"rngLoadCombinations.Slot15.ProfileId","rngLoadCombinations","Config!S18","UserInput","User load units / ID / path / profile / comment","VerifiedEditableBehavior","Минимум K02: активный effect/invalid/inactive и перечисленные технические границы; не exhaustive Double.","modTestLoadTableConfig.RunAudit03LoadTableTests","docs/regression/Audit03/load_table_diagnostic_v143_2026-10-03.txt; docs/regression/Audit03/full_off_profile_scope_final_v173_2026-10-03.txt; docs/regression/Audit03/full_on_profile_scope_final_v173_2026-10-03.txt","","docs/NDM_Audit03_Final_Config_Review.md"
"rngLoadCombinations.Slot15.LoadPath","rngLoadCombinations","Config!T18","UserInput","User load units / ID / path / profile / comment","VerifiedEditableBehavior","Минимум K02: активный effect/invalid/inactive и перечисленные технические границы; не exhaustive Double.","modTestLoadTableConfig.RunAudit03LoadTableTests","docs/regression/Audit03/load_table_diagnostic_v143_2026-10-03.txt; docs/regression/Audit03/full_off_profile_scope_final_v173_2026-10-03.txt; docs/regression/Audit03/full_on_profile_scope_final_v173_2026-10-03.txt","","docs/NDM_Audit03_Final_Config_Review.md"
"rngLoadCombinations.Slot15.Comment","rngLoadCombinations","Config!U18","UserInput","User load units / ID / path / profile / comment","VerifiedEditableBehavior","Минимум K02: активный effect/invalid/inactive и перечисленные технические границы; не exhaustive Double.","modTestLoadTableConfig.RunAudit03LoadTableTests","docs/regression/Audit03/load_table_diagnostic_v143_2026-10-03.txt; docs/regression/Audit03/full_off_profile_scope_final_v173_2026-10-03.txt; docs/regression/Audit03/full_on_profile_scope_final_v173_2026-10-03.txt","","docs/NDM_Audit03_Final_Config_Review.md"
"rngLoadCombinations.Slot16.CombinationID","rngLoadCombinations","Config!O19","UserInput","User load units / ID / path / profile / comment","VerifiedEditableBehavior","Минимум K02: активный effect/invalid/inactive и перечисленные технические границы; не exhaustive Double.","modTestLoadTableConfig.RunAudit03LoadTableTests","docs/regression/Audit03/load_table_diagnostic_v143_2026-10-03.txt; docs/regression/Audit03/full_off_profile_scope_final_v173_2026-10-03.txt; docs/regression/Audit03/full_on_profile_scope_final_v173_2026-10-03.txt","","docs/NDM_Audit03_Final_Config_Review.md"
"rngLoadCombinations.Slot16.N, tf","rngLoadCombinations","Config!P19","UserInput","User load units / ID / path / profile / comment","VerifiedEditableBehavior","Минимум K02: активный effect/invalid/inactive и перечисленные технические границы; не exhaustive Double.","modTestLoadTableConfig.RunAudit03LoadTableTests","docs/regression/Audit03/load_table_diagnostic_v143_2026-10-03.txt; docs/regression/Audit03/full_off_profile_scope_final_v173_2026-10-03.txt; docs/regression/Audit03/full_on_profile_scope_final_v173_2026-10-03.txt","","docs/NDM_Audit03_Final_Config_Review.md"
"rngLoadCombinations.Slot16.Mx, tf*m","rngLoadCombinations","Config!Q19","UserInput","User load units / ID / path / profile / comment","VerifiedEditableBehavior","Минимум K02: активный effect/invalid/inactive и перечисленные технические границы; не exhaustive Double.","modTestLoadTableConfig.RunAudit03LoadTableTests","docs/regression/Audit03/load_table_diagnostic_v143_2026-10-03.txt; docs/regression/Audit03/full_off_profile_scope_final_v173_2026-10-03.txt; docs/regression/Audit03/full_on_profile_scope_final_v173_2026-10-03.txt","","docs/NDM_Audit03_Final_Config_Review.md"
"rngLoadCombinations.Slot16.My, tf*m","rngLoadCombinations","Config!R19","UserInput","User load units / ID / path / profile / comment","VerifiedEditableBehavior","Минимум K02: активный effect/invalid/inactive и перечисленные технические границы; не exhaustive Double.","modTestLoadTableConfig.RunAudit03LoadTableTests","docs/regression/Audit03/load_table_diagnostic_v143_2026-10-03.txt; docs/regression/Audit03/full_off_profile_scope_final_v173_2026-10-03.txt; docs/regression/Audit03/full_on_profile_scope_final_v173_2026-10-03.txt","","docs/NDM_Audit03_Final_Config_Review.md"
"rngLoadCombinations.Slot16.ProfileId","rngLoadCombinations","Config!S19","UserInput","User load units / ID / path / profile / comment","VerifiedEditableBehavior","Минимум K02: активный effect/invalid/inactive и перечисленные технические границы; не exhaustive Double.","modTestLoadTableConfig.RunAudit03LoadTableTests","docs/regression/Audit03/load_table_diagnostic_v143_2026-10-03.txt; docs/regression/Audit03/full_off_profile_scope_final_v173_2026-10-03.txt; docs/regression/Audit03/full_on_profile_scope_final_v173_2026-10-03.txt","","docs/NDM_Audit03_Final_Config_Review.md"
"rngLoadCombinations.Slot16.LoadPath","rngLoadCombinations","Config!T19","UserInput","User load units / ID / path / profile / comment","VerifiedEditableBehavior","Минимум K02: активный effect/invalid/inactive и перечисленные технические границы; не exhaustive Double.","modTestLoadTableConfig.RunAudit03LoadTableTests","docs/regression/Audit03/load_table_diagnostic_v143_2026-10-03.txt; docs/regression/Audit03/full_off_profile_scope_final_v173_2026-10-03.txt; docs/regression/Audit03/full_on_profile_scope_final_v173_2026-10-03.txt","","docs/NDM_Audit03_Final_Config_Review.md"
"rngLoadCombinations.Slot16.Comment","rngLoadCombinations","Config!U19","UserInput","User load units / ID / path / profile / comment","VerifiedEditableBehavior","Минимум K02: активный effect/invalid/inactive и перечисленные технические границы; не exhaustive Double.","modTestLoadTableConfig.RunAudit03LoadTableTests","docs/regression/Audit03/load_table_diagnostic_v143_2026-10-03.txt; docs/regression/Audit03/full_off_profile_scope_final_v173_2026-10-03.txt; docs/regression/Audit03/full_on_profile_scope_final_v173_2026-10-03.txt","","docs/NDM_Audit03_Final_Config_Review.md"
"rngLoadCombinations.Slot17.CombinationID","rngLoadCombinations","Config!O20","UserInput","User load units / ID / path / profile / comment","VerifiedEditableBehavior","Минимум K02: активный effect/invalid/inactive и перечисленные технические границы; не exhaustive Double.","modTestLoadTableConfig.RunAudit03LoadTableTests","docs/regression/Audit03/load_table_diagnostic_v143_2026-10-03.txt; docs/regression/Audit03/full_off_profile_scope_final_v173_2026-10-03.txt; docs/regression/Audit03/full_on_profile_scope_final_v173_2026-10-03.txt","","docs/NDM_Audit03_Final_Config_Review.md"
"rngLoadCombinations.Slot17.N, tf","rngLoadCombinations","Config!P20","UserInput","User load units / ID / path / profile / comment","VerifiedEditableBehavior","Минимум K02: активный effect/invalid/inactive и перечисленные технические границы; не exhaustive Double.","modTestLoadTableConfig.RunAudit03LoadTableTests","docs/regression/Audit03/load_table_diagnostic_v143_2026-10-03.txt; docs/regression/Audit03/full_off_profile_scope_final_v173_2026-10-03.txt; docs/regression/Audit03/full_on_profile_scope_final_v173_2026-10-03.txt","","docs/NDM_Audit03_Final_Config_Review.md"
"rngLoadCombinations.Slot17.Mx, tf*m","rngLoadCombinations","Config!Q20","UserInput","User load units / ID / path / profile / comment","VerifiedEditableBehavior","Минимум K02: активный effect/invalid/inactive и перечисленные технические границы; не exhaustive Double.","modTestLoadTableConfig.RunAudit03LoadTableTests","docs/regression/Audit03/load_table_diagnostic_v143_2026-10-03.txt; docs/regression/Audit03/full_off_profile_scope_final_v173_2026-10-03.txt; docs/regression/Audit03/full_on_profile_scope_final_v173_2026-10-03.txt","","docs/NDM_Audit03_Final_Config_Review.md"
"rngLoadCombinations.Slot17.My, tf*m","rngLoadCombinations","Config!R20","UserInput","User load units / ID / path / profile / comment","VerifiedEditableBehavior","Минимум K02: активный effect/invalid/inactive и перечисленные технические границы; не exhaustive Double.","modTestLoadTableConfig.RunAudit03LoadTableTests","docs/regression/Audit03/load_table_diagnostic_v143_2026-10-03.txt; docs/regression/Audit03/full_off_profile_scope_final_v173_2026-10-03.txt; docs/regression/Audit03/full_on_profile_scope_final_v173_2026-10-03.txt","","docs/NDM_Audit03_Final_Config_Review.md"
"rngLoadCombinations.Slot17.ProfileId","rngLoadCombinations","Config!S20","UserInput","User load units / ID / path / profile / comment","VerifiedEditableBehavior","Минимум K02: активный effect/invalid/inactive и перечисленные технические границы; не exhaustive Double.","modTestLoadTableConfig.RunAudit03LoadTableTests","docs/regression/Audit03/load_table_diagnostic_v143_2026-10-03.txt; docs/regression/Audit03/full_off_profile_scope_final_v173_2026-10-03.txt; docs/regression/Audit03/full_on_profile_scope_final_v173_2026-10-03.txt","","docs/NDM_Audit03_Final_Config_Review.md"
"rngLoadCombinations.Slot17.LoadPath","rngLoadCombinations","Config!T20","UserInput","User load units / ID / path / profile / comment","VerifiedEditableBehavior","Минимум K02: активный effect/invalid/inactive и перечисленные технические границы; не exhaustive Double.","modTestLoadTableConfig.RunAudit03LoadTableTests","docs/regression/Audit03/load_table_diagnostic_v143_2026-10-03.txt; docs/regression/Audit03/full_off_profile_scope_final_v173_2026-10-03.txt; docs/regression/Audit03/full_on_profile_scope_final_v173_2026-10-03.txt","","docs/NDM_Audit03_Final_Config_Review.md"
"rngLoadCombinations.Slot17.Comment","rngLoadCombinations","Config!U20","UserInput","User load units / ID / path / profile / comment","VerifiedEditableBehavior","Минимум K02: активный effect/invalid/inactive и перечисленные технические границы; не exhaustive Double.","modTestLoadTableConfig.RunAudit03LoadTableTests","docs/regression/Audit03/load_table_diagnostic_v143_2026-10-03.txt; docs/regression/Audit03/full_off_profile_scope_final_v173_2026-10-03.txt; docs/regression/Audit03/full_on_profile_scope_final_v173_2026-10-03.txt","","docs/NDM_Audit03_Final_Config_Review.md"
"rngLoadCombinations.Slot18.CombinationID","rngLoadCombinations","Config!O21","UserInput","User load units / ID / path / profile / comment","VerifiedEditableBehavior","Минимум K02: активный effect/invalid/inactive и перечисленные технические границы; не exhaustive Double.","modTestLoadTableConfig.RunAudit03LoadTableTests","docs/regression/Audit03/load_table_diagnostic_v143_2026-10-03.txt; docs/regression/Audit03/full_off_profile_scope_final_v173_2026-10-03.txt; docs/regression/Audit03/full_on_profile_scope_final_v173_2026-10-03.txt","","docs/NDM_Audit03_Final_Config_Review.md"
"rngLoadCombinations.Slot18.N, tf","rngLoadCombinations","Config!P21","UserInput","User load units / ID / path / profile / comment","VerifiedEditableBehavior","Минимум K02: активный effect/invalid/inactive и перечисленные технические границы; не exhaustive Double.","modTestLoadTableConfig.RunAudit03LoadTableTests","docs/regression/Audit03/load_table_diagnostic_v143_2026-10-03.txt; docs/regression/Audit03/full_off_profile_scope_final_v173_2026-10-03.txt; docs/regression/Audit03/full_on_profile_scope_final_v173_2026-10-03.txt","","docs/NDM_Audit03_Final_Config_Review.md"
"rngLoadCombinations.Slot18.Mx, tf*m","rngLoadCombinations","Config!Q21","UserInput","User load units / ID / path / profile / comment","VerifiedEditableBehavior","Минимум K02: активный effect/invalid/inactive и перечисленные технические границы; не exhaustive Double.","modTestLoadTableConfig.RunAudit03LoadTableTests","docs/regression/Audit03/load_table_diagnostic_v143_2026-10-03.txt; docs/regression/Audit03/full_off_profile_scope_final_v173_2026-10-03.txt; docs/regression/Audit03/full_on_profile_scope_final_v173_2026-10-03.txt","","docs/NDM_Audit03_Final_Config_Review.md"
"rngLoadCombinations.Slot18.My, tf*m","rngLoadCombinations","Config!R21","UserInput","User load units / ID / path / profile / comment","VerifiedEditableBehavior","Минимум K02: активный effect/invalid/inactive и перечисленные технические границы; не exhaustive Double.","modTestLoadTableConfig.RunAudit03LoadTableTests","docs/regression/Audit03/load_table_diagnostic_v143_2026-10-03.txt; docs/regression/Audit03/full_off_profile_scope_final_v173_2026-10-03.txt; docs/regression/Audit03/full_on_profile_scope_final_v173_2026-10-03.txt","","docs/NDM_Audit03_Final_Config_Review.md"
"rngLoadCombinations.Slot18.ProfileId","rngLoadCombinations","Config!S21","UserInput","User load units / ID / path / profile / comment","VerifiedEditableBehavior","Минимум K02: активный effect/invalid/inactive и перечисленные технические границы; не exhaustive Double.","modTestLoadTableConfig.RunAudit03LoadTableTests","docs/regression/Audit03/load_table_diagnostic_v143_2026-10-03.txt; docs/regression/Audit03/full_off_profile_scope_final_v173_2026-10-03.txt; docs/regression/Audit03/full_on_profile_scope_final_v173_2026-10-03.txt","","docs/NDM_Audit03_Final_Config_Review.md"
"rngLoadCombinations.Slot18.LoadPath","rngLoadCombinations","Config!T21","UserInput","User load units / ID / path / profile / comment","VerifiedEditableBehavior","Минимум K02: активный effect/invalid/inactive и перечисленные технические границы; не exhaustive Double.","modTestLoadTableConfig.RunAudit03LoadTableTests","docs/regression/Audit03/load_table_diagnostic_v143_2026-10-03.txt; docs/regression/Audit03/full_off_profile_scope_final_v173_2026-10-03.txt; docs/regression/Audit03/full_on_profile_scope_final_v173_2026-10-03.txt","","docs/NDM_Audit03_Final_Config_Review.md"
"rngLoadCombinations.Slot18.Comment","rngLoadCombinations","Config!U21","UserInput","User load units / ID / path / profile / comment","VerifiedEditableBehavior","Минимум K02: активный effect/invalid/inactive и перечисленные технические границы; не exhaustive Double.","modTestLoadTableConfig.RunAudit03LoadTableTests","docs/regression/Audit03/load_table_diagnostic_v143_2026-10-03.txt; docs/regression/Audit03/full_off_profile_scope_final_v173_2026-10-03.txt; docs/regression/Audit03/full_on_profile_scope_final_v173_2026-10-03.txt","","docs/NDM_Audit03_Final_Config_Review.md"
"rngLoadCombinations.Slot19.CombinationID","rngLoadCombinations","Config!O22","UserInput","User load units / ID / path / profile / comment","VerifiedEditableBehavior","Минимум K02: активный effect/invalid/inactive и перечисленные технические границы; не exhaustive Double.","modTestLoadTableConfig.RunAudit03LoadTableTests","docs/regression/Audit03/load_table_diagnostic_v143_2026-10-03.txt; docs/regression/Audit03/full_off_profile_scope_final_v173_2026-10-03.txt; docs/regression/Audit03/full_on_profile_scope_final_v173_2026-10-03.txt","","docs/NDM_Audit03_Final_Config_Review.md"
"rngLoadCombinations.Slot19.N, tf","rngLoadCombinations","Config!P22","UserInput","User load units / ID / path / profile / comment","VerifiedEditableBehavior","Минимум K02: активный effect/invalid/inactive и перечисленные технические границы; не exhaustive Double.","modTestLoadTableConfig.RunAudit03LoadTableTests","docs/regression/Audit03/load_table_diagnostic_v143_2026-10-03.txt; docs/regression/Audit03/full_off_profile_scope_final_v173_2026-10-03.txt; docs/regression/Audit03/full_on_profile_scope_final_v173_2026-10-03.txt","","docs/NDM_Audit03_Final_Config_Review.md"
"rngLoadCombinations.Slot19.Mx, tf*m","rngLoadCombinations","Config!Q22","UserInput","User load units / ID / path / profile / comment","VerifiedEditableBehavior","Минимум K02: активный effect/invalid/inactive и перечисленные технические границы; не exhaustive Double.","modTestLoadTableConfig.RunAudit03LoadTableTests","docs/regression/Audit03/load_table_diagnostic_v143_2026-10-03.txt; docs/regression/Audit03/full_off_profile_scope_final_v173_2026-10-03.txt; docs/regression/Audit03/full_on_profile_scope_final_v173_2026-10-03.txt","","docs/NDM_Audit03_Final_Config_Review.md"
"rngLoadCombinations.Slot19.My, tf*m","rngLoadCombinations","Config!R22","UserInput","User load units / ID / path / profile / comment","VerifiedEditableBehavior","Минимум K02: активный effect/invalid/inactive и перечисленные технические границы; не exhaustive Double.","modTestLoadTableConfig.RunAudit03LoadTableTests","docs/regression/Audit03/load_table_diagnostic_v143_2026-10-03.txt; docs/regression/Audit03/full_off_profile_scope_final_v173_2026-10-03.txt; docs/regression/Audit03/full_on_profile_scope_final_v173_2026-10-03.txt","","docs/NDM_Audit03_Final_Config_Review.md"
"rngLoadCombinations.Slot19.ProfileId","rngLoadCombinations","Config!S22","UserInput","User load units / ID / path / profile / comment","VerifiedEditableBehavior","Минимум K02: активный effect/invalid/inactive и перечисленные технические границы; не exhaustive Double.","modTestLoadTableConfig.RunAudit03LoadTableTests","docs/regression/Audit03/load_table_diagnostic_v143_2026-10-03.txt; docs/regression/Audit03/full_off_profile_scope_final_v173_2026-10-03.txt; docs/regression/Audit03/full_on_profile_scope_final_v173_2026-10-03.txt","","docs/NDM_Audit03_Final_Config_Review.md"
"rngLoadCombinations.Slot19.LoadPath","rngLoadCombinations","Config!T22","UserInput","User load units / ID / path / profile / comment","VerifiedEditableBehavior","Минимум K02: активный effect/invalid/inactive и перечисленные технические границы; не exhaustive Double.","modTestLoadTableConfig.RunAudit03LoadTableTests","docs/regression/Audit03/load_table_diagnostic_v143_2026-10-03.txt; docs/regression/Audit03/full_off_profile_scope_final_v173_2026-10-03.txt; docs/regression/Audit03/full_on_profile_scope_final_v173_2026-10-03.txt","","docs/NDM_Audit03_Final_Config_Review.md"
"rngLoadCombinations.Slot19.Comment","rngLoadCombinations","Config!U22","UserInput","User load units / ID / path / profile / comment","VerifiedEditableBehavior","Минимум K02: активный effect/invalid/inactive и перечисленные технические границы; не exhaustive Double.","modTestLoadTableConfig.RunAudit03LoadTableTests","docs/regression/Audit03/load_table_diagnostic_v143_2026-10-03.txt; docs/regression/Audit03/full_off_profile_scope_final_v173_2026-10-03.txt; docs/regression/Audit03/full_on_profile_scope_final_v173_2026-10-03.txt","","docs/NDM_Audit03_Final_Config_Review.md"
"rngLoadCombinations.Slot20.CombinationID","rngLoadCombinations","Config!O23","UserInput","User load units / ID / path / profile / comment","VerifiedEditableBehavior","Минимум K02: активный effect/invalid/inactive и перечисленные технические границы; не exhaustive Double.","modTestLoadTableConfig.RunAudit03LoadTableTests","docs/regression/Audit03/load_table_diagnostic_v143_2026-10-03.txt; docs/regression/Audit03/full_off_profile_scope_final_v173_2026-10-03.txt; docs/regression/Audit03/full_on_profile_scope_final_v173_2026-10-03.txt","","docs/NDM_Audit03_Final_Config_Review.md"
"rngLoadCombinations.Slot20.N, tf","rngLoadCombinations","Config!P23","UserInput","User load units / ID / path / profile / comment","VerifiedEditableBehavior","Минимум K02: активный effect/invalid/inactive и перечисленные технические границы; не exhaustive Double.","modTestLoadTableConfig.RunAudit03LoadTableTests","docs/regression/Audit03/load_table_diagnostic_v143_2026-10-03.txt; docs/regression/Audit03/full_off_profile_scope_final_v173_2026-10-03.txt; docs/regression/Audit03/full_on_profile_scope_final_v173_2026-10-03.txt","","docs/NDM_Audit03_Final_Config_Review.md"
"rngLoadCombinations.Slot20.Mx, tf*m","rngLoadCombinations","Config!Q23","UserInput","User load units / ID / path / profile / comment","VerifiedEditableBehavior","Минимум K02: активный effect/invalid/inactive и перечисленные технические границы; не exhaustive Double.","modTestLoadTableConfig.RunAudit03LoadTableTests","docs/regression/Audit03/load_table_diagnostic_v143_2026-10-03.txt; docs/regression/Audit03/full_off_profile_scope_final_v173_2026-10-03.txt; docs/regression/Audit03/full_on_profile_scope_final_v173_2026-10-03.txt","","docs/NDM_Audit03_Final_Config_Review.md"
"rngLoadCombinations.Slot20.My, tf*m","rngLoadCombinations","Config!R23","UserInput","User load units / ID / path / profile / comment","VerifiedEditableBehavior","Минимум K02: активный effect/invalid/inactive и перечисленные технические границы; не exhaustive Double.","modTestLoadTableConfig.RunAudit03LoadTableTests","docs/regression/Audit03/load_table_diagnostic_v143_2026-10-03.txt; docs/regression/Audit03/full_off_profile_scope_final_v173_2026-10-03.txt; docs/regression/Audit03/full_on_profile_scope_final_v173_2026-10-03.txt","","docs/NDM_Audit03_Final_Config_Review.md"
"rngLoadCombinations.Slot20.ProfileId","rngLoadCombinations","Config!S23","UserInput","User load units / ID / path / profile / comment","VerifiedEditableBehavior","Минимум K02: активный effect/invalid/inactive и перечисленные технические границы; не exhaustive Double.","modTestLoadTableConfig.RunAudit03LoadTableTests","docs/regression/Audit03/load_table_diagnostic_v143_2026-10-03.txt; docs/regression/Audit03/full_off_profile_scope_final_v173_2026-10-03.txt; docs/regression/Audit03/full_on_profile_scope_final_v173_2026-10-03.txt","","docs/NDM_Audit03_Final_Config_Review.md"
"rngLoadCombinations.Slot20.LoadPath","rngLoadCombinations","Config!T23","UserInput","User load units / ID / path / profile / comment","VerifiedEditableBehavior","Минимум K02: активный effect/invalid/inactive и перечисленные технические границы; не exhaustive Double.","modTestLoadTableConfig.RunAudit03LoadTableTests","docs/regression/Audit03/load_table_diagnostic_v143_2026-10-03.txt; docs/regression/Audit03/full_off_profile_scope_final_v173_2026-10-03.txt; docs/regression/Audit03/full_on_profile_scope_final_v173_2026-10-03.txt","","docs/NDM_Audit03_Final_Config_Review.md"
"rngLoadCombinations.Slot20.Comment","rngLoadCombinations","Config!U23","UserInput","User load units / ID / path / profile / comment","VerifiedEditableBehavior","Минимум K02: активный effect/invalid/inactive и перечисленные технические границы; не exhaustive Double.","modTestLoadTableConfig.RunAudit03LoadTableTests","docs/regression/Audit03/load_table_diagnostic_v143_2026-10-03.txt; docs/regression/Audit03/full_off_profile_scope_final_v173_2026-10-03.txt; docs/regression/Audit03/full_on_profile_scope_final_v173_2026-10-03.txt","","docs/NDM_Audit03_Final_Config_Review.md"
"rngLoadCombinations.Slot21.CombinationID","rngLoadCombinations","Config!O24","UserInput","User load units / ID / path / profile / comment","VerifiedEditableBehavior","Минимум K02: активный effect/invalid/inactive и перечисленные технические границы; не exhaustive Double.","modTestLoadTableConfig.RunAudit03LoadTableTests","docs/regression/Audit03/load_table_diagnostic_v143_2026-10-03.txt; docs/regression/Audit03/full_off_profile_scope_final_v173_2026-10-03.txt; docs/regression/Audit03/full_on_profile_scope_final_v173_2026-10-03.txt","","docs/NDM_Audit03_Final_Config_Review.md"
"rngLoadCombinations.Slot21.N, tf","rngLoadCombinations","Config!P24","UserInput","User load units / ID / path / profile / comment","VerifiedEditableBehavior","Минимум K02: активный effect/invalid/inactive и перечисленные технические границы; не exhaustive Double.","modTestLoadTableConfig.RunAudit03LoadTableTests","docs/regression/Audit03/load_table_diagnostic_v143_2026-10-03.txt; docs/regression/Audit03/full_off_profile_scope_final_v173_2026-10-03.txt; docs/regression/Audit03/full_on_profile_scope_final_v173_2026-10-03.txt","","docs/NDM_Audit03_Final_Config_Review.md"
"rngLoadCombinations.Slot21.Mx, tf*m","rngLoadCombinations","Config!Q24","UserInput","User load units / ID / path / profile / comment","VerifiedEditableBehavior","Минимум K02: активный effect/invalid/inactive и перечисленные технические границы; не exhaustive Double.","modTestLoadTableConfig.RunAudit03LoadTableTests","docs/regression/Audit03/load_table_diagnostic_v143_2026-10-03.txt; docs/regression/Audit03/full_off_profile_scope_final_v173_2026-10-03.txt; docs/regression/Audit03/full_on_profile_scope_final_v173_2026-10-03.txt","","docs/NDM_Audit03_Final_Config_Review.md"
"rngLoadCombinations.Slot21.My, tf*m","rngLoadCombinations","Config!R24","UserInput","User load units / ID / path / profile / comment","VerifiedEditableBehavior","Минимум K02: активный effect/invalid/inactive и перечисленные технические границы; не exhaustive Double.","modTestLoadTableConfig.RunAudit03LoadTableTests","docs/regression/Audit03/load_table_diagnostic_v143_2026-10-03.txt; docs/regression/Audit03/full_off_profile_scope_final_v173_2026-10-03.txt; docs/regression/Audit03/full_on_profile_scope_final_v173_2026-10-03.txt","","docs/NDM_Audit03_Final_Config_Review.md"
"rngLoadCombinations.Slot21.ProfileId","rngLoadCombinations","Config!S24","UserInput","User load units / ID / path / profile / comment","VerifiedEditableBehavior","Минимум K02: активный effect/invalid/inactive и перечисленные технические границы; не exhaustive Double.","modTestLoadTableConfig.RunAudit03LoadTableTests","docs/regression/Audit03/load_table_diagnostic_v143_2026-10-03.txt; docs/regression/Audit03/full_off_profile_scope_final_v173_2026-10-03.txt; docs/regression/Audit03/full_on_profile_scope_final_v173_2026-10-03.txt","","docs/NDM_Audit03_Final_Config_Review.md"
"rngLoadCombinations.Slot21.LoadPath","rngLoadCombinations","Config!T24","UserInput","User load units / ID / path / profile / comment","VerifiedEditableBehavior","Минимум K02: активный effect/invalid/inactive и перечисленные технические границы; не exhaustive Double.","modTestLoadTableConfig.RunAudit03LoadTableTests","docs/regression/Audit03/load_table_diagnostic_v143_2026-10-03.txt; docs/regression/Audit03/full_off_profile_scope_final_v173_2026-10-03.txt; docs/regression/Audit03/full_on_profile_scope_final_v173_2026-10-03.txt","","docs/NDM_Audit03_Final_Config_Review.md"
"rngLoadCombinations.Slot21.Comment","rngLoadCombinations","Config!U24","UserInput","User load units / ID / path / profile / comment","VerifiedEditableBehavior","Минимум K02: активный effect/invalid/inactive и перечисленные технические границы; не exhaustive Double.","modTestLoadTableConfig.RunAudit03LoadTableTests","docs/regression/Audit03/load_table_diagnostic_v143_2026-10-03.txt; docs/regression/Audit03/full_off_profile_scope_final_v173_2026-10-03.txt; docs/regression/Audit03/full_on_profile_scope_final_v173_2026-10-03.txt","","docs/NDM_Audit03_Final_Config_Review.md"
"rngLoadCombinations.Slot22.CombinationID","rngLoadCombinations","Config!O25","UserInput","User load units / ID / path / profile / comment","VerifiedEditableBehavior","Минимум K02: активный effect/invalid/inactive и перечисленные технические границы; не exhaustive Double.","modTestLoadTableConfig.RunAudit03LoadTableTests","docs/regression/Audit03/load_table_diagnostic_v143_2026-10-03.txt; docs/regression/Audit03/full_off_profile_scope_final_v173_2026-10-03.txt; docs/regression/Audit03/full_on_profile_scope_final_v173_2026-10-03.txt","","docs/NDM_Audit03_Final_Config_Review.md"
"rngLoadCombinations.Slot22.N, tf","rngLoadCombinations","Config!P25","UserInput","User load units / ID / path / profile / comment","VerifiedEditableBehavior","Минимум K02: активный effect/invalid/inactive и перечисленные технические границы; не exhaustive Double.","modTestLoadTableConfig.RunAudit03LoadTableTests","docs/regression/Audit03/load_table_diagnostic_v143_2026-10-03.txt; docs/regression/Audit03/full_off_profile_scope_final_v173_2026-10-03.txt; docs/regression/Audit03/full_on_profile_scope_final_v173_2026-10-03.txt","","docs/NDM_Audit03_Final_Config_Review.md"
"rngLoadCombinations.Slot22.Mx, tf*m","rngLoadCombinations","Config!Q25","UserInput","User load units / ID / path / profile / comment","VerifiedEditableBehavior","Минимум K02: активный effect/invalid/inactive и перечисленные технические границы; не exhaustive Double.","modTestLoadTableConfig.RunAudit03LoadTableTests","docs/regression/Audit03/load_table_diagnostic_v143_2026-10-03.txt; docs/regression/Audit03/full_off_profile_scope_final_v173_2026-10-03.txt; docs/regression/Audit03/full_on_profile_scope_final_v173_2026-10-03.txt","","docs/NDM_Audit03_Final_Config_Review.md"
"rngLoadCombinations.Slot22.My, tf*m","rngLoadCombinations","Config!R25","UserInput","User load units / ID / path / profile / comment","VerifiedEditableBehavior","Минимум K02: активный effect/invalid/inactive и перечисленные технические границы; не exhaustive Double.","modTestLoadTableConfig.RunAudit03LoadTableTests","docs/regression/Audit03/load_table_diagnostic_v143_2026-10-03.txt; docs/regression/Audit03/full_off_profile_scope_final_v173_2026-10-03.txt; docs/regression/Audit03/full_on_profile_scope_final_v173_2026-10-03.txt","","docs/NDM_Audit03_Final_Config_Review.md"
"rngLoadCombinations.Slot22.ProfileId","rngLoadCombinations","Config!S25","UserInput","User load units / ID / path / profile / comment","VerifiedEditableBehavior","Минимум K02: активный effect/invalid/inactive и перечисленные технические границы; не exhaustive Double.","modTestLoadTableConfig.RunAudit03LoadTableTests","docs/regression/Audit03/load_table_diagnostic_v143_2026-10-03.txt; docs/regression/Audit03/full_off_profile_scope_final_v173_2026-10-03.txt; docs/regression/Audit03/full_on_profile_scope_final_v173_2026-10-03.txt","","docs/NDM_Audit03_Final_Config_Review.md"
"rngLoadCombinations.Slot22.LoadPath","rngLoadCombinations","Config!T25","UserInput","User load units / ID / path / profile / comment","VerifiedEditableBehavior","Минимум K02: активный effect/invalid/inactive и перечисленные технические границы; не exhaustive Double.","modTestLoadTableConfig.RunAudit03LoadTableTests","docs/regression/Audit03/load_table_diagnostic_v143_2026-10-03.txt; docs/regression/Audit03/full_off_profile_scope_final_v173_2026-10-03.txt; docs/regression/Audit03/full_on_profile_scope_final_v173_2026-10-03.txt","","docs/NDM_Audit03_Final_Config_Review.md"
"rngLoadCombinations.Slot22.Comment","rngLoadCombinations","Config!U25","UserInput","User load units / ID / path / profile / comment","VerifiedEditableBehavior","Минимум K02: активный effect/invalid/inactive и перечисленные технические границы; не exhaustive Double.","modTestLoadTableConfig.RunAudit03LoadTableTests","docs/regression/Audit03/load_table_diagnostic_v143_2026-10-03.txt; docs/regression/Audit03/full_off_profile_scope_final_v173_2026-10-03.txt; docs/regression/Audit03/full_on_profile_scope_final_v173_2026-10-03.txt","","docs/NDM_Audit03_Final_Config_Review.md"
"rngLoadCombinations.Slot23.CombinationID","rngLoadCombinations","Config!O26","UserInput","User load units / ID / path / profile / comment","VerifiedEditableBehavior","Минимум K02: активный effect/invalid/inactive и перечисленные технические границы; не exhaustive Double.","modTestLoadTableConfig.RunAudit03LoadTableTests","docs/regression/Audit03/load_table_diagnostic_v143_2026-10-03.txt; docs/regression/Audit03/full_off_profile_scope_final_v173_2026-10-03.txt; docs/regression/Audit03/full_on_profile_scope_final_v173_2026-10-03.txt","","docs/NDM_Audit03_Final_Config_Review.md"
"rngLoadCombinations.Slot23.N, tf","rngLoadCombinations","Config!P26","UserInput","User load units / ID / path / profile / comment","VerifiedEditableBehavior","Минимум K02: активный effect/invalid/inactive и перечисленные технические границы; не exhaustive Double.","modTestLoadTableConfig.RunAudit03LoadTableTests","docs/regression/Audit03/load_table_diagnostic_v143_2026-10-03.txt; docs/regression/Audit03/full_off_profile_scope_final_v173_2026-10-03.txt; docs/regression/Audit03/full_on_profile_scope_final_v173_2026-10-03.txt","","docs/NDM_Audit03_Final_Config_Review.md"
"rngLoadCombinations.Slot23.Mx, tf*m","rngLoadCombinations","Config!Q26","UserInput","User load units / ID / path / profile / comment","VerifiedEditableBehavior","Минимум K02: активный effect/invalid/inactive и перечисленные технические границы; не exhaustive Double.","modTestLoadTableConfig.RunAudit03LoadTableTests","docs/regression/Audit03/load_table_diagnostic_v143_2026-10-03.txt; docs/regression/Audit03/full_off_profile_scope_final_v173_2026-10-03.txt; docs/regression/Audit03/full_on_profile_scope_final_v173_2026-10-03.txt","","docs/NDM_Audit03_Final_Config_Review.md"
"rngLoadCombinations.Slot23.My, tf*m","rngLoadCombinations","Config!R26","UserInput","User load units / ID / path / profile / comment","VerifiedEditableBehavior","Минимум K02: активный effect/invalid/inactive и перечисленные технические границы; не exhaustive Double.","modTestLoadTableConfig.RunAudit03LoadTableTests","docs/regression/Audit03/load_table_diagnostic_v143_2026-10-03.txt; docs/regression/Audit03/full_off_profile_scope_final_v173_2026-10-03.txt; docs/regression/Audit03/full_on_profile_scope_final_v173_2026-10-03.txt","","docs/NDM_Audit03_Final_Config_Review.md"
"rngLoadCombinations.Slot23.ProfileId","rngLoadCombinations","Config!S26","UserInput","User load units / ID / path / profile / comment","VerifiedEditableBehavior","Минимум K02: активный effect/invalid/inactive и перечисленные технические границы; не exhaustive Double.","modTestLoadTableConfig.RunAudit03LoadTableTests","docs/regression/Audit03/load_table_diagnostic_v143_2026-10-03.txt; docs/regression/Audit03/full_off_profile_scope_final_v173_2026-10-03.txt; docs/regression/Audit03/full_on_profile_scope_final_v173_2026-10-03.txt","","docs/NDM_Audit03_Final_Config_Review.md"
"rngLoadCombinations.Slot23.LoadPath","rngLoadCombinations","Config!T26","UserInput","User load units / ID / path / profile / comment","VerifiedEditableBehavior","Минимум K02: активный effect/invalid/inactive и перечисленные технические границы; не exhaustive Double.","modTestLoadTableConfig.RunAudit03LoadTableTests","docs/regression/Audit03/load_table_diagnostic_v143_2026-10-03.txt; docs/regression/Audit03/full_off_profile_scope_final_v173_2026-10-03.txt; docs/regression/Audit03/full_on_profile_scope_final_v173_2026-10-03.txt","","docs/NDM_Audit03_Final_Config_Review.md"
"rngLoadCombinations.Slot23.Comment","rngLoadCombinations","Config!U26","UserInput","User load units / ID / path / profile / comment","VerifiedEditableBehavior","Минимум K02: активный effect/invalid/inactive и перечисленные технические границы; не exhaustive Double.","modTestLoadTableConfig.RunAudit03LoadTableTests","docs/regression/Audit03/load_table_diagnostic_v143_2026-10-03.txt; docs/regression/Audit03/full_off_profile_scope_final_v173_2026-10-03.txt; docs/regression/Audit03/full_on_profile_scope_final_v173_2026-10-03.txt","","docs/NDM_Audit03_Final_Config_Review.md"
"rngLoadCombinations.Slot24.CombinationID","rngLoadCombinations","Config!O27","UserInput","User load units / ID / path / profile / comment","VerifiedEditableBehavior","Минимум K02: активный effect/invalid/inactive и перечисленные технические границы; не exhaustive Double.","modTestLoadTableConfig.RunAudit03LoadTableTests","docs/regression/Audit03/load_table_diagnostic_v143_2026-10-03.txt; docs/regression/Audit03/full_off_profile_scope_final_v173_2026-10-03.txt; docs/regression/Audit03/full_on_profile_scope_final_v173_2026-10-03.txt","","docs/NDM_Audit03_Final_Config_Review.md"
"rngLoadCombinations.Slot24.N, tf","rngLoadCombinations","Config!P27","UserInput","User load units / ID / path / profile / comment","VerifiedEditableBehavior","Минимум K02: активный effect/invalid/inactive и перечисленные технические границы; не exhaustive Double.","modTestLoadTableConfig.RunAudit03LoadTableTests","docs/regression/Audit03/load_table_diagnostic_v143_2026-10-03.txt; docs/regression/Audit03/full_off_profile_scope_final_v173_2026-10-03.txt; docs/regression/Audit03/full_on_profile_scope_final_v173_2026-10-03.txt","","docs/NDM_Audit03_Final_Config_Review.md"
"rngLoadCombinations.Slot24.Mx, tf*m","rngLoadCombinations","Config!Q27","UserInput","User load units / ID / path / profile / comment","VerifiedEditableBehavior","Минимум K02: активный effect/invalid/inactive и перечисленные технические границы; не exhaustive Double.","modTestLoadTableConfig.RunAudit03LoadTableTests","docs/regression/Audit03/load_table_diagnostic_v143_2026-10-03.txt; docs/regression/Audit03/full_off_profile_scope_final_v173_2026-10-03.txt; docs/regression/Audit03/full_on_profile_scope_final_v173_2026-10-03.txt","","docs/NDM_Audit03_Final_Config_Review.md"
"rngLoadCombinations.Slot24.My, tf*m","rngLoadCombinations","Config!R27","UserInput","User load units / ID / path / profile / comment","VerifiedEditableBehavior","Минимум K02: активный effect/invalid/inactive и перечисленные технические границы; не exhaustive Double.","modTestLoadTableConfig.RunAudit03LoadTableTests","docs/regression/Audit03/load_table_diagnostic_v143_2026-10-03.txt; docs/regression/Audit03/full_off_profile_scope_final_v173_2026-10-03.txt; docs/regression/Audit03/full_on_profile_scope_final_v173_2026-10-03.txt","","docs/NDM_Audit03_Final_Config_Review.md"
"rngLoadCombinations.Slot24.ProfileId","rngLoadCombinations","Config!S27","UserInput","User load units / ID / path / profile / comment","VerifiedEditableBehavior","Минимум K02: активный effect/invalid/inactive и перечисленные технические границы; не exhaustive Double.","modTestLoadTableConfig.RunAudit03LoadTableTests","docs/regression/Audit03/load_table_diagnostic_v143_2026-10-03.txt; docs/regression/Audit03/full_off_profile_scope_final_v173_2026-10-03.txt; docs/regression/Audit03/full_on_profile_scope_final_v173_2026-10-03.txt","","docs/NDM_Audit03_Final_Config_Review.md"
"rngLoadCombinations.Slot24.LoadPath","rngLoadCombinations","Config!T27","UserInput","User load units / ID / path / profile / comment","VerifiedEditableBehavior","Минимум K02: активный effect/invalid/inactive и перечисленные технические границы; не exhaustive Double.","modTestLoadTableConfig.RunAudit03LoadTableTests","docs/regression/Audit03/load_table_diagnostic_v143_2026-10-03.txt; docs/regression/Audit03/full_off_profile_scope_final_v173_2026-10-03.txt; docs/regression/Audit03/full_on_profile_scope_final_v173_2026-10-03.txt","","docs/NDM_Audit03_Final_Config_Review.md"
"rngLoadCombinations.Slot24.Comment","rngLoadCombinations","Config!U27","UserInput","User load units / ID / path / profile / comment","VerifiedEditableBehavior","Минимум K02: активный effect/invalid/inactive и перечисленные технические границы; не exhaustive Double.","modTestLoadTableConfig.RunAudit03LoadTableTests","docs/regression/Audit03/load_table_diagnostic_v143_2026-10-03.txt; docs/regression/Audit03/full_off_profile_scope_final_v173_2026-10-03.txt; docs/regression/Audit03/full_on_profile_scope_final_v173_2026-10-03.txt","","docs/NDM_Audit03_Final_Config_Review.md"
"rngLoadCombinations.Slot25.CombinationID","rngLoadCombinations","Config!O28","UserInput","User load units / ID / path / profile / comment","VerifiedEditableBehavior","Минимум K02: активный effect/invalid/inactive и перечисленные технические границы; не exhaustive Double.","modTestLoadTableConfig.RunAudit03LoadTableTests","docs/regression/Audit03/load_table_diagnostic_v143_2026-10-03.txt; docs/regression/Audit03/full_off_profile_scope_final_v173_2026-10-03.txt; docs/regression/Audit03/full_on_profile_scope_final_v173_2026-10-03.txt","","docs/NDM_Audit03_Final_Config_Review.md"
"rngLoadCombinations.Slot25.N, tf","rngLoadCombinations","Config!P28","UserInput","User load units / ID / path / profile / comment","VerifiedEditableBehavior","Минимум K02: активный effect/invalid/inactive и перечисленные технические границы; не exhaustive Double.","modTestLoadTableConfig.RunAudit03LoadTableTests","docs/regression/Audit03/load_table_diagnostic_v143_2026-10-03.txt; docs/regression/Audit03/full_off_profile_scope_final_v173_2026-10-03.txt; docs/regression/Audit03/full_on_profile_scope_final_v173_2026-10-03.txt","","docs/NDM_Audit03_Final_Config_Review.md"
"rngLoadCombinations.Slot25.Mx, tf*m","rngLoadCombinations","Config!Q28","UserInput","User load units / ID / path / profile / comment","VerifiedEditableBehavior","Минимум K02: активный effect/invalid/inactive и перечисленные технические границы; не exhaustive Double.","modTestLoadTableConfig.RunAudit03LoadTableTests","docs/regression/Audit03/load_table_diagnostic_v143_2026-10-03.txt; docs/regression/Audit03/full_off_profile_scope_final_v173_2026-10-03.txt; docs/regression/Audit03/full_on_profile_scope_final_v173_2026-10-03.txt","","docs/NDM_Audit03_Final_Config_Review.md"
"rngLoadCombinations.Slot25.My, tf*m","rngLoadCombinations","Config!R28","UserInput","User load units / ID / path / profile / comment","VerifiedEditableBehavior","Минимум K02: активный effect/invalid/inactive и перечисленные технические границы; не exhaustive Double.","modTestLoadTableConfig.RunAudit03LoadTableTests","docs/regression/Audit03/load_table_diagnostic_v143_2026-10-03.txt; docs/regression/Audit03/full_off_profile_scope_final_v173_2026-10-03.txt; docs/regression/Audit03/full_on_profile_scope_final_v173_2026-10-03.txt","","docs/NDM_Audit03_Final_Config_Review.md"
"rngLoadCombinations.Slot25.ProfileId","rngLoadCombinations","Config!S28","UserInput","User load units / ID / path / profile / comment","VerifiedEditableBehavior","Минимум K02: активный effect/invalid/inactive и перечисленные технические границы; не exhaustive Double.","modTestLoadTableConfig.RunAudit03LoadTableTests","docs/regression/Audit03/load_table_diagnostic_v143_2026-10-03.txt; docs/regression/Audit03/full_off_profile_scope_final_v173_2026-10-03.txt; docs/regression/Audit03/full_on_profile_scope_final_v173_2026-10-03.txt","","docs/NDM_Audit03_Final_Config_Review.md"
"rngLoadCombinations.Slot25.LoadPath","rngLoadCombinations","Config!T28","UserInput","User load units / ID / path / profile / comment","VerifiedEditableBehavior","Минимум K02: активный effect/invalid/inactive и перечисленные технические границы; не exhaustive Double.","modTestLoadTableConfig.RunAudit03LoadTableTests","docs/regression/Audit03/load_table_diagnostic_v143_2026-10-03.txt; docs/regression/Audit03/full_off_profile_scope_final_v173_2026-10-03.txt; docs/regression/Audit03/full_on_profile_scope_final_v173_2026-10-03.txt","","docs/NDM_Audit03_Final_Config_Review.md"
"rngLoadCombinations.Slot25.Comment","rngLoadCombinations","Config!U28","UserInput","User load units / ID / path / profile / comment","VerifiedEditableBehavior","Минимум K02: активный effect/invalid/inactive и перечисленные технические границы; не exhaustive Double.","modTestLoadTableConfig.RunAudit03LoadTableTests","docs/regression/Audit03/load_table_diagnostic_v143_2026-10-03.txt; docs/regression/Audit03/full_off_profile_scope_final_v173_2026-10-03.txt; docs/regression/Audit03/full_on_profile_scope_final_v173_2026-10-03.txt","","docs/NDM_Audit03_Final_Config_Review.md"
"rngLoadCombinations.Slot26.CombinationID","rngLoadCombinations","Config!O29","UserInput","User load units / ID / path / profile / comment","VerifiedEditableBehavior","Минимум K02: активный effect/invalid/inactive и перечисленные технические границы; не exhaustive Double.","modTestLoadTableConfig.RunAudit03LoadTableTests","docs/regression/Audit03/load_table_diagnostic_v143_2026-10-03.txt; docs/regression/Audit03/full_off_profile_scope_final_v173_2026-10-03.txt; docs/regression/Audit03/full_on_profile_scope_final_v173_2026-10-03.txt","","docs/NDM_Audit03_Final_Config_Review.md"
"rngLoadCombinations.Slot26.N, tf","rngLoadCombinations","Config!P29","UserInput","User load units / ID / path / profile / comment","VerifiedEditableBehavior","Минимум K02: активный effect/invalid/inactive и перечисленные технические границы; не exhaustive Double.","modTestLoadTableConfig.RunAudit03LoadTableTests","docs/regression/Audit03/load_table_diagnostic_v143_2026-10-03.txt; docs/regression/Audit03/full_off_profile_scope_final_v173_2026-10-03.txt; docs/regression/Audit03/full_on_profile_scope_final_v173_2026-10-03.txt","","docs/NDM_Audit03_Final_Config_Review.md"
"rngLoadCombinations.Slot26.Mx, tf*m","rngLoadCombinations","Config!Q29","UserInput","User load units / ID / path / profile / comment","VerifiedEditableBehavior","Минимум K02: активный effect/invalid/inactive и перечисленные технические границы; не exhaustive Double.","modTestLoadTableConfig.RunAudit03LoadTableTests","docs/regression/Audit03/load_table_diagnostic_v143_2026-10-03.txt; docs/regression/Audit03/full_off_profile_scope_final_v173_2026-10-03.txt; docs/regression/Audit03/full_on_profile_scope_final_v173_2026-10-03.txt","","docs/NDM_Audit03_Final_Config_Review.md"
"rngLoadCombinations.Slot26.My, tf*m","rngLoadCombinations","Config!R29","UserInput","User load units / ID / path / profile / comment","VerifiedEditableBehavior","Минимум K02: активный effect/invalid/inactive и перечисленные технические границы; не exhaustive Double.","modTestLoadTableConfig.RunAudit03LoadTableTests","docs/regression/Audit03/load_table_diagnostic_v143_2026-10-03.txt; docs/regression/Audit03/full_off_profile_scope_final_v173_2026-10-03.txt; docs/regression/Audit03/full_on_profile_scope_final_v173_2026-10-03.txt","","docs/NDM_Audit03_Final_Config_Review.md"
"rngLoadCombinations.Slot26.ProfileId","rngLoadCombinations","Config!S29","UserInput","User load units / ID / path / profile / comment","VerifiedEditableBehavior","Минимум K02: активный effect/invalid/inactive и перечисленные технические границы; не exhaustive Double.","modTestLoadTableConfig.RunAudit03LoadTableTests","docs/regression/Audit03/load_table_diagnostic_v143_2026-10-03.txt; docs/regression/Audit03/full_off_profile_scope_final_v173_2026-10-03.txt; docs/regression/Audit03/full_on_profile_scope_final_v173_2026-10-03.txt","","docs/NDM_Audit03_Final_Config_Review.md"
"rngLoadCombinations.Slot26.LoadPath","rngLoadCombinations","Config!T29","UserInput","User load units / ID / path / profile / comment","VerifiedEditableBehavior","Минимум K02: активный effect/invalid/inactive и перечисленные технические границы; не exhaustive Double.","modTestLoadTableConfig.RunAudit03LoadTableTests","docs/regression/Audit03/load_table_diagnostic_v143_2026-10-03.txt; docs/regression/Audit03/full_off_profile_scope_final_v173_2026-10-03.txt; docs/regression/Audit03/full_on_profile_scope_final_v173_2026-10-03.txt","","docs/NDM_Audit03_Final_Config_Review.md"
"rngLoadCombinations.Slot26.Comment","rngLoadCombinations","Config!U29","UserInput","User load units / ID / path / profile / comment","VerifiedEditableBehavior","Минимум K02: активный effect/invalid/inactive и перечисленные технические границы; не exhaustive Double.","modTestLoadTableConfig.RunAudit03LoadTableTests","docs/regression/Audit03/load_table_diagnostic_v143_2026-10-03.txt; docs/regression/Audit03/full_off_profile_scope_final_v173_2026-10-03.txt; docs/regression/Audit03/full_on_profile_scope_final_v173_2026-10-03.txt","","docs/NDM_Audit03_Final_Config_Review.md"
"rngLoadCombinations.Slot27.CombinationID","rngLoadCombinations","Config!O30","UserInput","User load units / ID / path / profile / comment","VerifiedEditableBehavior","Минимум K02: активный effect/invalid/inactive и перечисленные технические границы; не exhaustive Double.","modTestLoadTableConfig.RunAudit03LoadTableTests","docs/regression/Audit03/load_table_diagnostic_v143_2026-10-03.txt; docs/regression/Audit03/full_off_profile_scope_final_v173_2026-10-03.txt; docs/regression/Audit03/full_on_profile_scope_final_v173_2026-10-03.txt","","docs/NDM_Audit03_Final_Config_Review.md"
"rngLoadCombinations.Slot27.N, tf","rngLoadCombinations","Config!P30","UserInput","User load units / ID / path / profile / comment","VerifiedEditableBehavior","Минимум K02: активный effect/invalid/inactive и перечисленные технические границы; не exhaustive Double.","modTestLoadTableConfig.RunAudit03LoadTableTests","docs/regression/Audit03/load_table_diagnostic_v143_2026-10-03.txt; docs/regression/Audit03/full_off_profile_scope_final_v173_2026-10-03.txt; docs/regression/Audit03/full_on_profile_scope_final_v173_2026-10-03.txt","","docs/NDM_Audit03_Final_Config_Review.md"
"rngLoadCombinations.Slot27.Mx, tf*m","rngLoadCombinations","Config!Q30","UserInput","User load units / ID / path / profile / comment","VerifiedEditableBehavior","Минимум K02: активный effect/invalid/inactive и перечисленные технические границы; не exhaustive Double.","modTestLoadTableConfig.RunAudit03LoadTableTests","docs/regression/Audit03/load_table_diagnostic_v143_2026-10-03.txt; docs/regression/Audit03/full_off_profile_scope_final_v173_2026-10-03.txt; docs/regression/Audit03/full_on_profile_scope_final_v173_2026-10-03.txt","","docs/NDM_Audit03_Final_Config_Review.md"
"rngLoadCombinations.Slot27.My, tf*m","rngLoadCombinations","Config!R30","UserInput","User load units / ID / path / profile / comment","VerifiedEditableBehavior","Минимум K02: активный effect/invalid/inactive и перечисленные технические границы; не exhaustive Double.","modTestLoadTableConfig.RunAudit03LoadTableTests","docs/regression/Audit03/load_table_diagnostic_v143_2026-10-03.txt; docs/regression/Audit03/full_off_profile_scope_final_v173_2026-10-03.txt; docs/regression/Audit03/full_on_profile_scope_final_v173_2026-10-03.txt","","docs/NDM_Audit03_Final_Config_Review.md"
"rngLoadCombinations.Slot27.ProfileId","rngLoadCombinations","Config!S30","UserInput","User load units / ID / path / profile / comment","VerifiedEditableBehavior","Минимум K02: активный effect/invalid/inactive и перечисленные технические границы; не exhaustive Double.","modTestLoadTableConfig.RunAudit03LoadTableTests","docs/regression/Audit03/load_table_diagnostic_v143_2026-10-03.txt; docs/regression/Audit03/full_off_profile_scope_final_v173_2026-10-03.txt; docs/regression/Audit03/full_on_profile_scope_final_v173_2026-10-03.txt","","docs/NDM_Audit03_Final_Config_Review.md"
"rngLoadCombinations.Slot27.LoadPath","rngLoadCombinations","Config!T30","UserInput","User load units / ID / path / profile / comment","VerifiedEditableBehavior","Минимум K02: активный effect/invalid/inactive и перечисленные технические границы; не exhaustive Double.","modTestLoadTableConfig.RunAudit03LoadTableTests","docs/regression/Audit03/load_table_diagnostic_v143_2026-10-03.txt; docs/regression/Audit03/full_off_profile_scope_final_v173_2026-10-03.txt; docs/regression/Audit03/full_on_profile_scope_final_v173_2026-10-03.txt","","docs/NDM_Audit03_Final_Config_Review.md"
"rngLoadCombinations.Slot27.Comment","rngLoadCombinations","Config!U30","UserInput","User load units / ID / path / profile / comment","VerifiedEditableBehavior","Минимум K02: активный effect/invalid/inactive и перечисленные технические границы; не exhaustive Double.","modTestLoadTableConfig.RunAudit03LoadTableTests","docs/regression/Audit03/load_table_diagnostic_v143_2026-10-03.txt; docs/regression/Audit03/full_off_profile_scope_final_v173_2026-10-03.txt; docs/regression/Audit03/full_on_profile_scope_final_v173_2026-10-03.txt","","docs/NDM_Audit03_Final_Config_Review.md"
"rngLoadCombinations.Slot28.CombinationID","rngLoadCombinations","Config!O31","UserInput","User load units / ID / path / profile / comment","VerifiedEditableBehavior","Минимум K02: активный effect/invalid/inactive и перечисленные технические границы; не exhaustive Double.","modTestLoadTableConfig.RunAudit03LoadTableTests","docs/regression/Audit03/load_table_diagnostic_v143_2026-10-03.txt; docs/regression/Audit03/full_off_profile_scope_final_v173_2026-10-03.txt; docs/regression/Audit03/full_on_profile_scope_final_v173_2026-10-03.txt","","docs/NDM_Audit03_Final_Config_Review.md"
"rngLoadCombinations.Slot28.N, tf","rngLoadCombinations","Config!P31","UserInput","User load units / ID / path / profile / comment","VerifiedEditableBehavior","Минимум K02: активный effect/invalid/inactive и перечисленные технические границы; не exhaustive Double.","modTestLoadTableConfig.RunAudit03LoadTableTests","docs/regression/Audit03/load_table_diagnostic_v143_2026-10-03.txt; docs/regression/Audit03/full_off_profile_scope_final_v173_2026-10-03.txt; docs/regression/Audit03/full_on_profile_scope_final_v173_2026-10-03.txt","","docs/NDM_Audit03_Final_Config_Review.md"
"rngLoadCombinations.Slot28.Mx, tf*m","rngLoadCombinations","Config!Q31","UserInput","User load units / ID / path / profile / comment","VerifiedEditableBehavior","Минимум K02: активный effect/invalid/inactive и перечисленные технические границы; не exhaustive Double.","modTestLoadTableConfig.RunAudit03LoadTableTests","docs/regression/Audit03/load_table_diagnostic_v143_2026-10-03.txt; docs/regression/Audit03/full_off_profile_scope_final_v173_2026-10-03.txt; docs/regression/Audit03/full_on_profile_scope_final_v173_2026-10-03.txt","","docs/NDM_Audit03_Final_Config_Review.md"
"rngLoadCombinations.Slot28.My, tf*m","rngLoadCombinations","Config!R31","UserInput","User load units / ID / path / profile / comment","VerifiedEditableBehavior","Минимум K02: активный effect/invalid/inactive и перечисленные технические границы; не exhaustive Double.","modTestLoadTableConfig.RunAudit03LoadTableTests","docs/regression/Audit03/load_table_diagnostic_v143_2026-10-03.txt; docs/regression/Audit03/full_off_profile_scope_final_v173_2026-10-03.txt; docs/regression/Audit03/full_on_profile_scope_final_v173_2026-10-03.txt","","docs/NDM_Audit03_Final_Config_Review.md"
"rngLoadCombinations.Slot28.ProfileId","rngLoadCombinations","Config!S31","UserInput","User load units / ID / path / profile / comment","VerifiedEditableBehavior","Минимум K02: активный effect/invalid/inactive и перечисленные технические границы; не exhaustive Double.","modTestLoadTableConfig.RunAudit03LoadTableTests","docs/regression/Audit03/load_table_diagnostic_v143_2026-10-03.txt; docs/regression/Audit03/full_off_profile_scope_final_v173_2026-10-03.txt; docs/regression/Audit03/full_on_profile_scope_final_v173_2026-10-03.txt","","docs/NDM_Audit03_Final_Config_Review.md"
"rngLoadCombinations.Slot28.LoadPath","rngLoadCombinations","Config!T31","UserInput","User load units / ID / path / profile / comment","VerifiedEditableBehavior","Минимум K02: активный effect/invalid/inactive и перечисленные технические границы; не exhaustive Double.","modTestLoadTableConfig.RunAudit03LoadTableTests","docs/regression/Audit03/load_table_diagnostic_v143_2026-10-03.txt; docs/regression/Audit03/full_off_profile_scope_final_v173_2026-10-03.txt; docs/regression/Audit03/full_on_profile_scope_final_v173_2026-10-03.txt","","docs/NDM_Audit03_Final_Config_Review.md"
"rngLoadCombinations.Slot28.Comment","rngLoadCombinations","Config!U31","UserInput","User load units / ID / path / profile / comment","VerifiedEditableBehavior","Минимум K02: активный effect/invalid/inactive и перечисленные технические границы; не exhaustive Double.","modTestLoadTableConfig.RunAudit03LoadTableTests","docs/regression/Audit03/load_table_diagnostic_v143_2026-10-03.txt; docs/regression/Audit03/full_off_profile_scope_final_v173_2026-10-03.txt; docs/regression/Audit03/full_on_profile_scope_final_v173_2026-10-03.txt","","docs/NDM_Audit03_Final_Config_Review.md"
"rngLoadCombinations.Slot29.CombinationID","rngLoadCombinations","Config!O32","UserInput","User load units / ID / path / profile / comment","VerifiedEditableBehavior","Минимум K02: активный effect/invalid/inactive и перечисленные технические границы; не exhaustive Double.","modTestLoadTableConfig.RunAudit03LoadTableTests","docs/regression/Audit03/load_table_diagnostic_v143_2026-10-03.txt; docs/regression/Audit03/full_off_profile_scope_final_v173_2026-10-03.txt; docs/regression/Audit03/full_on_profile_scope_final_v173_2026-10-03.txt","","docs/NDM_Audit03_Final_Config_Review.md"
"rngLoadCombinations.Slot29.N, tf","rngLoadCombinations","Config!P32","UserInput","User load units / ID / path / profile / comment","VerifiedEditableBehavior","Минимум K02: активный effect/invalid/inactive и перечисленные технические границы; не exhaustive Double.","modTestLoadTableConfig.RunAudit03LoadTableTests","docs/regression/Audit03/load_table_diagnostic_v143_2026-10-03.txt; docs/regression/Audit03/full_off_profile_scope_final_v173_2026-10-03.txt; docs/regression/Audit03/full_on_profile_scope_final_v173_2026-10-03.txt","","docs/NDM_Audit03_Final_Config_Review.md"
"rngLoadCombinations.Slot29.Mx, tf*m","rngLoadCombinations","Config!Q32","UserInput","User load units / ID / path / profile / comment","VerifiedEditableBehavior","Минимум K02: активный effect/invalid/inactive и перечисленные технические границы; не exhaustive Double.","modTestLoadTableConfig.RunAudit03LoadTableTests","docs/regression/Audit03/load_table_diagnostic_v143_2026-10-03.txt; docs/regression/Audit03/full_off_profile_scope_final_v173_2026-10-03.txt; docs/regression/Audit03/full_on_profile_scope_final_v173_2026-10-03.txt","","docs/NDM_Audit03_Final_Config_Review.md"
"rngLoadCombinations.Slot29.My, tf*m","rngLoadCombinations","Config!R32","UserInput","User load units / ID / path / profile / comment","VerifiedEditableBehavior","Минимум K02: активный effect/invalid/inactive и перечисленные технические границы; не exhaustive Double.","modTestLoadTableConfig.RunAudit03LoadTableTests","docs/regression/Audit03/load_table_diagnostic_v143_2026-10-03.txt; docs/regression/Audit03/full_off_profile_scope_final_v173_2026-10-03.txt; docs/regression/Audit03/full_on_profile_scope_final_v173_2026-10-03.txt","","docs/NDM_Audit03_Final_Config_Review.md"
"rngLoadCombinations.Slot29.ProfileId","rngLoadCombinations","Config!S32","UserInput","User load units / ID / path / profile / comment","VerifiedEditableBehavior","Минимум K02: активный effect/invalid/inactive и перечисленные технические границы; не exhaustive Double.","modTestLoadTableConfig.RunAudit03LoadTableTests","docs/regression/Audit03/load_table_diagnostic_v143_2026-10-03.txt; docs/regression/Audit03/full_off_profile_scope_final_v173_2026-10-03.txt; docs/regression/Audit03/full_on_profile_scope_final_v173_2026-10-03.txt","","docs/NDM_Audit03_Final_Config_Review.md"
"rngLoadCombinations.Slot29.LoadPath","rngLoadCombinations","Config!T32","UserInput","User load units / ID / path / profile / comment","VerifiedEditableBehavior","Минимум K02: активный effect/invalid/inactive и перечисленные технические границы; не exhaustive Double.","modTestLoadTableConfig.RunAudit03LoadTableTests","docs/regression/Audit03/load_table_diagnostic_v143_2026-10-03.txt; docs/regression/Audit03/full_off_profile_scope_final_v173_2026-10-03.txt; docs/regression/Audit03/full_on_profile_scope_final_v173_2026-10-03.txt","","docs/NDM_Audit03_Final_Config_Review.md"
"rngLoadCombinations.Slot29.Comment","rngLoadCombinations","Config!U32","UserInput","User load units / ID / path / profile / comment","VerifiedEditableBehavior","Минимум K02: активный effect/invalid/inactive и перечисленные технические границы; не exhaustive Double.","modTestLoadTableConfig.RunAudit03LoadTableTests","docs/regression/Audit03/load_table_diagnostic_v143_2026-10-03.txt; docs/regression/Audit03/full_off_profile_scope_final_v173_2026-10-03.txt; docs/regression/Audit03/full_on_profile_scope_final_v173_2026-10-03.txt","","docs/NDM_Audit03_Final_Config_Review.md"
"rngLoadCombinations.Slot30.CombinationID","rngLoadCombinations","Config!O33","UserInput","User load units / ID / path / profile / comment","VerifiedEditableBehavior","Минимум K02: активный effect/invalid/inactive и перечисленные технические границы; не exhaustive Double.","modTestLoadTableConfig.RunAudit03LoadTableTests","docs/regression/Audit03/load_table_diagnostic_v143_2026-10-03.txt; docs/regression/Audit03/full_off_profile_scope_final_v173_2026-10-03.txt; docs/regression/Audit03/full_on_profile_scope_final_v173_2026-10-03.txt","","docs/NDM_Audit03_Final_Config_Review.md"
"rngLoadCombinations.Slot30.N, tf","rngLoadCombinations","Config!P33","UserInput","User load units / ID / path / profile / comment","VerifiedEditableBehavior","Минимум K02: активный effect/invalid/inactive и перечисленные технические границы; не exhaustive Double.","modTestLoadTableConfig.RunAudit03LoadTableTests","docs/regression/Audit03/load_table_diagnostic_v143_2026-10-03.txt; docs/regression/Audit03/full_off_profile_scope_final_v173_2026-10-03.txt; docs/regression/Audit03/full_on_profile_scope_final_v173_2026-10-03.txt","","docs/NDM_Audit03_Final_Config_Review.md"
"rngLoadCombinations.Slot30.Mx, tf*m","rngLoadCombinations","Config!Q33","UserInput","User load units / ID / path / profile / comment","VerifiedEditableBehavior","Минимум K02: активный effect/invalid/inactive и перечисленные технические границы; не exhaustive Double.","modTestLoadTableConfig.RunAudit03LoadTableTests","docs/regression/Audit03/load_table_diagnostic_v143_2026-10-03.txt; docs/regression/Audit03/full_off_profile_scope_final_v173_2026-10-03.txt; docs/regression/Audit03/full_on_profile_scope_final_v173_2026-10-03.txt","","docs/NDM_Audit03_Final_Config_Review.md"
"rngLoadCombinations.Slot30.My, tf*m","rngLoadCombinations","Config!R33","UserInput","User load units / ID / path / profile / comment","VerifiedEditableBehavior","Минимум K02: активный effect/invalid/inactive и перечисленные технические границы; не exhaustive Double.","modTestLoadTableConfig.RunAudit03LoadTableTests","docs/regression/Audit03/load_table_diagnostic_v143_2026-10-03.txt; docs/regression/Audit03/full_off_profile_scope_final_v173_2026-10-03.txt; docs/regression/Audit03/full_on_profile_scope_final_v173_2026-10-03.txt","","docs/NDM_Audit03_Final_Config_Review.md"
"rngLoadCombinations.Slot30.ProfileId","rngLoadCombinations","Config!S33","UserInput","User load units / ID / path / profile / comment","VerifiedEditableBehavior","Минимум K02: активный effect/invalid/inactive и перечисленные технические границы; не exhaustive Double.","modTestLoadTableConfig.RunAudit03LoadTableTests","docs/regression/Audit03/load_table_diagnostic_v143_2026-10-03.txt; docs/regression/Audit03/full_off_profile_scope_final_v173_2026-10-03.txt; docs/regression/Audit03/full_on_profile_scope_final_v173_2026-10-03.txt","","docs/NDM_Audit03_Final_Config_Review.md"
"rngLoadCombinations.Slot30.LoadPath","rngLoadCombinations","Config!T33","UserInput","User load units / ID / path / profile / comment","VerifiedEditableBehavior","Минимум K02: активный effect/invalid/inactive и перечисленные технические границы; не exhaustive Double.","modTestLoadTableConfig.RunAudit03LoadTableTests","docs/regression/Audit03/load_table_diagnostic_v143_2026-10-03.txt; docs/regression/Audit03/full_off_profile_scope_final_v173_2026-10-03.txt; docs/regression/Audit03/full_on_profile_scope_final_v173_2026-10-03.txt","","docs/NDM_Audit03_Final_Config_Review.md"
"rngLoadCombinations.Slot30.Comment","rngLoadCombinations","Config!U33","UserInput","User load units / ID / path / profile / comment","VerifiedEditableBehavior","Минимум K02: активный effect/invalid/inactive и перечисленные технические границы; не exhaustive Double.","modTestLoadTableConfig.RunAudit03LoadTableTests","docs/regression/Audit03/load_table_diagnostic_v143_2026-10-03.txt; docs/regression/Audit03/full_off_profile_scope_final_v173_2026-10-03.txt; docs/regression/Audit03/full_on_profile_scope_final_v173_2026-10-03.txt","","docs/NDM_Audit03_Final_Config_Review.md"
"rngStabilityDurationLoads.Slot1.LC","rngStabilityDurationLoads","Config!P38","DerivedFormula","User load units / ID / path / profile / comment","VerifiedDerivedDependence","Минимум K02: активный effect/invalid/inactive и перечисленные технические границы; не exhaustive Double.","metadata.duration.Slot1","docs/regression/Audit03/config_metadata_clean_controls_v300b_2026-10-05.txt","","docs/NDM_Audit03_Final_Config_Review.md"
"rngStabilityDurationLoads.Slot1.N, tf","rngStabilityDurationLoads","Config!Q38","UserInput","User load units / ID / path / profile / comment","VerifiedEditableBehavior","Минимум K02: активный effect/invalid/inactive и перечисленные технические границы; не exhaustive Double.","modTestProfileConfig.RunAudit03DurationConfigTests","docs/regression/Audit03/duration_v178_2026-10-03.txt; docs/regression/Audit03/full_off_duration_v179_2026-10-03.txt; docs/regression/Audit03/full_on_duration_v179_2026-10-03.txt","","docs/NDM_Audit03_Final_Config_Review.md"
"rngStabilityDurationLoads.Slot1.Mx, tf*m","rngStabilityDurationLoads","Config!R38","UserInput","User load units / ID / path / profile / comment","VerifiedEditableBehavior","Минимум K02: активный effect/invalid/inactive и перечисленные технические границы; не exhaustive Double.","modTestProfileConfig.RunAudit03DurationConfigTests","docs/regression/Audit03/duration_v178_2026-10-03.txt; docs/regression/Audit03/full_off_duration_v179_2026-10-03.txt; docs/regression/Audit03/full_on_duration_v179_2026-10-03.txt","","docs/NDM_Audit03_Final_Config_Review.md"
"rngStabilityDurationLoads.Slot1.My, tf*m","rngStabilityDurationLoads","Config!S38","UserInput","User load units / ID / path / profile / comment","VerifiedEditableBehavior","Минимум K02: активный effect/invalid/inactive и перечисленные технические границы; не exhaustive Double.","modTestProfileConfig.RunAudit03DurationConfigTests","docs/regression/Audit03/duration_v178_2026-10-03.txt; docs/regression/Audit03/full_off_duration_v179_2026-10-03.txt; docs/regression/Audit03/full_on_duration_v179_2026-10-03.txt","","docs/NDM_Audit03_Final_Config_Review.md"
"rngStabilityDurationLoads.Slot2.LC","rngStabilityDurationLoads","Config!P39","DerivedFormula","User load units / ID / path / profile / comment","VerifiedDerivedDependence","Минимум K02: активный effect/invalid/inactive и перечисленные технические границы; не exhaustive Double.","metadata.duration.Slot2","docs/regression/Audit03/config_metadata_clean_controls_v300b_2026-10-05.txt","","docs/NDM_Audit03_Final_Config_Review.md"
"rngStabilityDurationLoads.Slot2.N, tf","rngStabilityDurationLoads","Config!Q39","UserInput","User load units / ID / path / profile / comment","VerifiedEditableBehavior","Минимум K02: активный effect/invalid/inactive и перечисленные технические границы; не exhaustive Double.","modTestProfileConfig.RunAudit03DurationConfigTests","docs/regression/Audit03/duration_v178_2026-10-03.txt; docs/regression/Audit03/full_off_duration_v179_2026-10-03.txt; docs/regression/Audit03/full_on_duration_v179_2026-10-03.txt","","docs/NDM_Audit03_Final_Config_Review.md"
"rngStabilityDurationLoads.Slot2.Mx, tf*m","rngStabilityDurationLoads","Config!R39","UserInput","User load units / ID / path / profile / comment","VerifiedEditableBehavior","Минимум K02: активный effect/invalid/inactive и перечисленные технические границы; не exhaustive Double.","modTestProfileConfig.RunAudit03DurationConfigTests","docs/regression/Audit03/duration_v178_2026-10-03.txt; docs/regression/Audit03/full_off_duration_v179_2026-10-03.txt; docs/regression/Audit03/full_on_duration_v179_2026-10-03.txt","","docs/NDM_Audit03_Final_Config_Review.md"
"rngStabilityDurationLoads.Slot2.My, tf*m","rngStabilityDurationLoads","Config!S39","UserInput","User load units / ID / path / profile / comment","VerifiedEditableBehavior","Минимум K02: активный effect/invalid/inactive и перечисленные технические границы; не exhaustive Double.","modTestProfileConfig.RunAudit03DurationConfigTests","docs/regression/Audit03/duration_v178_2026-10-03.txt; docs/regression/Audit03/full_off_duration_v179_2026-10-03.txt; docs/regression/Audit03/full_on_duration_v179_2026-10-03.txt","","docs/NDM_Audit03_Final_Config_Review.md"
"rngStabilityDurationLoads.Slot3.LC","rngStabilityDurationLoads","Config!P40","DerivedFormula","User load units / ID / path / profile / comment","VerifiedDerivedDependence","Минимум K02: активный effect/invalid/inactive и перечисленные технические границы; не exhaustive Double.","metadata.duration.Slot3","docs/regression/Audit03/config_metadata_clean_controls_v300b_2026-10-05.txt","","docs/NDM_Audit03_Final_Config_Review.md"
"rngStabilityDurationLoads.Slot3.N, tf","rngStabilityDurationLoads","Config!Q40","UserInput","User load units / ID / path / profile / comment","VerifiedEditableBehavior","Минимум K02: активный effect/invalid/inactive и перечисленные технические границы; не exhaustive Double.","modTestProfileConfig.RunAudit03DurationConfigTests","docs/regression/Audit03/duration_v178_2026-10-03.txt; docs/regression/Audit03/full_off_duration_v179_2026-10-03.txt; docs/regression/Audit03/full_on_duration_v179_2026-10-03.txt","","docs/NDM_Audit03_Final_Config_Review.md"
"rngStabilityDurationLoads.Slot3.Mx, tf*m","rngStabilityDurationLoads","Config!R40","UserInput","User load units / ID / path / profile / comment","VerifiedEditableBehavior","Минимум K02: активный effect/invalid/inactive и перечисленные технические границы; не exhaustive Double.","modTestProfileConfig.RunAudit03DurationConfigTests","docs/regression/Audit03/duration_v178_2026-10-03.txt; docs/regression/Audit03/full_off_duration_v179_2026-10-03.txt; docs/regression/Audit03/full_on_duration_v179_2026-10-03.txt","","docs/NDM_Audit03_Final_Config_Review.md"
"rngStabilityDurationLoads.Slot3.My, tf*m","rngStabilityDurationLoads","Config!S40","UserInput","User load units / ID / path / profile / comment","VerifiedEditableBehavior","Минимум K02: активный effect/invalid/inactive и перечисленные технические границы; не exhaustive Double.","modTestProfileConfig.RunAudit03DurationConfigTests","docs/regression/Audit03/duration_v178_2026-10-03.txt; docs/regression/Audit03/full_off_duration_v179_2026-10-03.txt; docs/regression/Audit03/full_on_duration_v179_2026-10-03.txt","","docs/NDM_Audit03_Final_Config_Review.md"
"rngStabilityDurationLoads.Slot4.LC","rngStabilityDurationLoads","Config!P41","DerivedFormula","User load units / ID / path / profile / comment","VerifiedDerivedDependence","Минимум K02: активный effect/invalid/inactive и перечисленные технические границы; не exhaustive Double.","metadata.duration.Slot4","docs/regression/Audit03/config_metadata_clean_controls_v300b_2026-10-05.txt","","docs/NDM_Audit03_Final_Config_Review.md"
"rngStabilityDurationLoads.Slot4.N, tf","rngStabilityDurationLoads","Config!Q41","UserInput","User load units / ID / path / profile / comment","VerifiedEditableBehavior","Минимум K02: активный effect/invalid/inactive и перечисленные технические границы; не exhaustive Double.","modTestProfileConfig.RunAudit03DurationConfigTests","docs/regression/Audit03/duration_v178_2026-10-03.txt; docs/regression/Audit03/full_off_duration_v179_2026-10-03.txt; docs/regression/Audit03/full_on_duration_v179_2026-10-03.txt","","docs/NDM_Audit03_Final_Config_Review.md"
"rngStabilityDurationLoads.Slot4.Mx, tf*m","rngStabilityDurationLoads","Config!R41","UserInput","User load units / ID / path / profile / comment","VerifiedEditableBehavior","Минимум K02: активный effect/invalid/inactive и перечисленные технические границы; не exhaustive Double.","modTestProfileConfig.RunAudit03DurationConfigTests","docs/regression/Audit03/duration_v178_2026-10-03.txt; docs/regression/Audit03/full_off_duration_v179_2026-10-03.txt; docs/regression/Audit03/full_on_duration_v179_2026-10-03.txt","","docs/NDM_Audit03_Final_Config_Review.md"
"rngStabilityDurationLoads.Slot4.My, tf*m","rngStabilityDurationLoads","Config!S41","UserInput","User load units / ID / path / profile / comment","VerifiedEditableBehavior","Минимум K02: активный effect/invalid/inactive и перечисленные технические границы; не exhaustive Double.","modTestProfileConfig.RunAudit03DurationConfigTests","docs/regression/Audit03/duration_v178_2026-10-03.txt; docs/regression/Audit03/full_off_duration_v179_2026-10-03.txt; docs/regression/Audit03/full_on_duration_v179_2026-10-03.txt","","docs/NDM_Audit03_Final_Config_Review.md"
"rngStabilityDurationLoads.Slot5.LC","rngStabilityDurationLoads","Config!P42","DerivedFormula","User load units / ID / path / profile / comment","VerifiedDerivedDependence","Минимум K02: активный effect/invalid/inactive и перечисленные технические границы; не exhaustive Double.","metadata.duration.Slot5","docs/regression/Audit03/config_metadata_clean_controls_v300b_2026-10-05.txt","","docs/NDM_Audit03_Final_Config_Review.md"
"rngStabilityDurationLoads.Slot5.N, tf","rngStabilityDurationLoads","Config!Q42","UserInput","User load units / ID / path / profile / comment","VerifiedEditableBehavior","Минимум K02: активный effect/invalid/inactive и перечисленные технические границы; не exhaustive Double.","modTestProfileConfig.RunAudit03DurationConfigTests","docs/regression/Audit03/duration_v178_2026-10-03.txt; docs/regression/Audit03/full_off_duration_v179_2026-10-03.txt; docs/regression/Audit03/full_on_duration_v179_2026-10-03.txt","","docs/NDM_Audit03_Final_Config_Review.md"
"rngStabilityDurationLoads.Slot5.Mx, tf*m","rngStabilityDurationLoads","Config!R42","UserInput","User load units / ID / path / profile / comment","VerifiedEditableBehavior","Минимум K02: активный effect/invalid/inactive и перечисленные технические границы; не exhaustive Double.","modTestProfileConfig.RunAudit03DurationConfigTests","docs/regression/Audit03/duration_v178_2026-10-03.txt; docs/regression/Audit03/full_off_duration_v179_2026-10-03.txt; docs/regression/Audit03/full_on_duration_v179_2026-10-03.txt","","docs/NDM_Audit03_Final_Config_Review.md"
"rngStabilityDurationLoads.Slot5.My, tf*m","rngStabilityDurationLoads","Config!S42","UserInput","User load units / ID / path / profile / comment","VerifiedEditableBehavior","Минимум K02: активный effect/invalid/inactive и перечисленные технические границы; не exhaustive Double.","modTestProfileConfig.RunAudit03DurationConfigTests","docs/regression/Audit03/duration_v178_2026-10-03.txt; docs/regression/Audit03/full_off_duration_v179_2026-10-03.txt; docs/regression/Audit03/full_on_duration_v179_2026-10-03.txt","","docs/NDM_Audit03_Final_Config_Review.md"
"rngStabilityDurationLoads.Slot6.LC","rngStabilityDurationLoads","Config!P43","DerivedFormula","User load units / ID / path / profile / comment","VerifiedDerivedDependence","Минимум K02: активный effect/invalid/inactive и перечисленные технические границы; не exhaustive Double.","metadata.duration.Slot6","docs/regression/Audit03/config_metadata_clean_controls_v300b_2026-10-05.txt","","docs/NDM_Audit03_Final_Config_Review.md"
"rngStabilityDurationLoads.Slot6.N, tf","rngStabilityDurationLoads","Config!Q43","UserInput","User load units / ID / path / profile / comment","VerifiedEditableBehavior","Минимум K02: активный effect/invalid/inactive и перечисленные технические границы; не exhaustive Double.","modTestProfileConfig.RunAudit03DurationConfigTests","docs/regression/Audit03/duration_v178_2026-10-03.txt; docs/regression/Audit03/full_off_duration_v179_2026-10-03.txt; docs/regression/Audit03/full_on_duration_v179_2026-10-03.txt","","docs/NDM_Audit03_Final_Config_Review.md"
"rngStabilityDurationLoads.Slot6.Mx, tf*m","rngStabilityDurationLoads","Config!R43","UserInput","User load units / ID / path / profile / comment","VerifiedEditableBehavior","Минимум K02: активный effect/invalid/inactive и перечисленные технические границы; не exhaustive Double.","modTestProfileConfig.RunAudit03DurationConfigTests","docs/regression/Audit03/duration_v178_2026-10-03.txt; docs/regression/Audit03/full_off_duration_v179_2026-10-03.txt; docs/regression/Audit03/full_on_duration_v179_2026-10-03.txt","","docs/NDM_Audit03_Final_Config_Review.md"
"rngStabilityDurationLoads.Slot6.My, tf*m","rngStabilityDurationLoads","Config!S43","UserInput","User load units / ID / path / profile / comment","VerifiedEditableBehavior","Минимум K02: активный effect/invalid/inactive и перечисленные технические границы; не exhaustive Double.","modTestProfileConfig.RunAudit03DurationConfigTests","docs/regression/Audit03/duration_v178_2026-10-03.txt; docs/regression/Audit03/full_off_duration_v179_2026-10-03.txt; docs/regression/Audit03/full_on_duration_v179_2026-10-03.txt","","docs/NDM_Audit03_Final_Config_Review.md"
"rngStabilityDurationLoads.Slot7.LC","rngStabilityDurationLoads","Config!P44","DerivedFormula","User load units / ID / path / profile / comment","VerifiedDerivedDependence","Минимум K02: активный effect/invalid/inactive и перечисленные технические границы; не exhaustive Double.","metadata.duration.Slot7","docs/regression/Audit03/config_metadata_clean_controls_v300b_2026-10-05.txt","","docs/NDM_Audit03_Final_Config_Review.md"
"rngStabilityDurationLoads.Slot7.N, tf","rngStabilityDurationLoads","Config!Q44","UserInput","User load units / ID / path / profile / comment","VerifiedEditableBehavior","Минимум K02: активный effect/invalid/inactive и перечисленные технические границы; не exhaustive Double.","modTestProfileConfig.RunAudit03DurationConfigTests","docs/regression/Audit03/duration_v178_2026-10-03.txt; docs/regression/Audit03/full_off_duration_v179_2026-10-03.txt; docs/regression/Audit03/full_on_duration_v179_2026-10-03.txt","","docs/NDM_Audit03_Final_Config_Review.md"
"rngStabilityDurationLoads.Slot7.Mx, tf*m","rngStabilityDurationLoads","Config!R44","UserInput","User load units / ID / path / profile / comment","VerifiedEditableBehavior","Минимум K02: активный effect/invalid/inactive и перечисленные технические границы; не exhaustive Double.","modTestProfileConfig.RunAudit03DurationConfigTests","docs/regression/Audit03/duration_v178_2026-10-03.txt; docs/regression/Audit03/full_off_duration_v179_2026-10-03.txt; docs/regression/Audit03/full_on_duration_v179_2026-10-03.txt","","docs/NDM_Audit03_Final_Config_Review.md"
"rngStabilityDurationLoads.Slot7.My, tf*m","rngStabilityDurationLoads","Config!S44","UserInput","User load units / ID / path / profile / comment","VerifiedEditableBehavior","Минимум K02: активный effect/invalid/inactive и перечисленные технические границы; не exhaustive Double.","modTestProfileConfig.RunAudit03DurationConfigTests","docs/regression/Audit03/duration_v178_2026-10-03.txt; docs/regression/Audit03/full_off_duration_v179_2026-10-03.txt; docs/regression/Audit03/full_on_duration_v179_2026-10-03.txt","","docs/NDM_Audit03_Final_Config_Review.md"
"rngStabilityDurationLoads.Slot8.LC","rngStabilityDurationLoads","Config!P45","DerivedFormula","User load units / ID / path / profile / comment","VerifiedDerivedDependence","Минимум K02: активный effect/invalid/inactive и перечисленные технические границы; не exhaustive Double.","metadata.duration.Slot8","docs/regression/Audit03/config_metadata_clean_controls_v300b_2026-10-05.txt","","docs/NDM_Audit03_Final_Config_Review.md"
"rngStabilityDurationLoads.Slot8.N, tf","rngStabilityDurationLoads","Config!Q45","UserInput","User load units / ID / path / profile / comment","VerifiedEditableBehavior","Минимум K02: активный effect/invalid/inactive и перечисленные технические границы; не exhaustive Double.","modTestProfileConfig.RunAudit03DurationConfigTests","docs/regression/Audit03/duration_v178_2026-10-03.txt; docs/regression/Audit03/full_off_duration_v179_2026-10-03.txt; docs/regression/Audit03/full_on_duration_v179_2026-10-03.txt","","docs/NDM_Audit03_Final_Config_Review.md"
"rngStabilityDurationLoads.Slot8.Mx, tf*m","rngStabilityDurationLoads","Config!R45","UserInput","User load units / ID / path / profile / comment","VerifiedEditableBehavior","Минимум K02: активный effect/invalid/inactive и перечисленные технические границы; не exhaustive Double.","modTestProfileConfig.RunAudit03DurationConfigTests","docs/regression/Audit03/duration_v178_2026-10-03.txt; docs/regression/Audit03/full_off_duration_v179_2026-10-03.txt; docs/regression/Audit03/full_on_duration_v179_2026-10-03.txt","","docs/NDM_Audit03_Final_Config_Review.md"
"rngStabilityDurationLoads.Slot8.My, tf*m","rngStabilityDurationLoads","Config!S45","UserInput","User load units / ID / path / profile / comment","VerifiedEditableBehavior","Минимум K02: активный effect/invalid/inactive и перечисленные технические границы; не exhaustive Double.","modTestProfileConfig.RunAudit03DurationConfigTests","docs/regression/Audit03/duration_v178_2026-10-03.txt; docs/regression/Audit03/full_off_duration_v179_2026-10-03.txt; docs/regression/Audit03/full_on_duration_v179_2026-10-03.txt","","docs/NDM_Audit03_Final_Config_Review.md"
"rngStabilityDurationLoads.Slot9.LC","rngStabilityDurationLoads","Config!P46","DerivedFormula","User load units / ID / path / profile / comment","VerifiedDerivedDependence","Минимум K02: активный effect/invalid/inactive и перечисленные технические границы; не exhaustive Double.","metadata.duration.Slot9","docs/regression/Audit03/config_metadata_clean_controls_v300b_2026-10-05.txt","","docs/NDM_Audit03_Final_Config_Review.md"
"rngStabilityDurationLoads.Slot9.N, tf","rngStabilityDurationLoads","Config!Q46","UserInput","User load units / ID / path / profile / comment","VerifiedEditableBehavior","Минимум K02: активный effect/invalid/inactive и перечисленные технические границы; не exhaustive Double.","modTestProfileConfig.RunAudit03DurationConfigTests","docs/regression/Audit03/duration_v178_2026-10-03.txt; docs/regression/Audit03/full_off_duration_v179_2026-10-03.txt; docs/regression/Audit03/full_on_duration_v179_2026-10-03.txt","","docs/NDM_Audit03_Final_Config_Review.md"
"rngStabilityDurationLoads.Slot9.Mx, tf*m","rngStabilityDurationLoads","Config!R46","UserInput","User load units / ID / path / profile / comment","VerifiedEditableBehavior","Минимум K02: активный effect/invalid/inactive и перечисленные технические границы; не exhaustive Double.","modTestProfileConfig.RunAudit03DurationConfigTests","docs/regression/Audit03/duration_v178_2026-10-03.txt; docs/regression/Audit03/full_off_duration_v179_2026-10-03.txt; docs/regression/Audit03/full_on_duration_v179_2026-10-03.txt","","docs/NDM_Audit03_Final_Config_Review.md"
"rngStabilityDurationLoads.Slot9.My, tf*m","rngStabilityDurationLoads","Config!S46","UserInput","User load units / ID / path / profile / comment","VerifiedEditableBehavior","Минимум K02: активный effect/invalid/inactive и перечисленные технические границы; не exhaustive Double.","modTestProfileConfig.RunAudit03DurationConfigTests","docs/regression/Audit03/duration_v178_2026-10-03.txt; docs/regression/Audit03/full_off_duration_v179_2026-10-03.txt; docs/regression/Audit03/full_on_duration_v179_2026-10-03.txt","","docs/NDM_Audit03_Final_Config_Review.md"
"rngStabilityDurationLoads.Slot10.LC","rngStabilityDurationLoads","Config!P47","DerivedFormula","User load units / ID / path / profile / comment","VerifiedDerivedDependence","Минимум K02: активный effect/invalid/inactive и перечисленные технические границы; не exhaustive Double.","metadata.duration.Slot10","docs/regression/Audit03/config_metadata_clean_controls_v300b_2026-10-05.txt","","docs/NDM_Audit03_Final_Config_Review.md"
"rngStabilityDurationLoads.Slot10.N, tf","rngStabilityDurationLoads","Config!Q47","UserInput","User load units / ID / path / profile / comment","VerifiedEditableBehavior","Минимум K02: активный effect/invalid/inactive и перечисленные технические границы; не exhaustive Double.","modTestProfileConfig.RunAudit03DurationConfigTests","docs/regression/Audit03/duration_v178_2026-10-03.txt; docs/regression/Audit03/full_off_duration_v179_2026-10-03.txt; docs/regression/Audit03/full_on_duration_v179_2026-10-03.txt","","docs/NDM_Audit03_Final_Config_Review.md"
"rngStabilityDurationLoads.Slot10.Mx, tf*m","rngStabilityDurationLoads","Config!R47","UserInput","User load units / ID / path / profile / comment","VerifiedEditableBehavior","Минимум K02: активный effect/invalid/inactive и перечисленные технические границы; не exhaustive Double.","modTestProfileConfig.RunAudit03DurationConfigTests","docs/regression/Audit03/duration_v178_2026-10-03.txt; docs/regression/Audit03/full_off_duration_v179_2026-10-03.txt; docs/regression/Audit03/full_on_duration_v179_2026-10-03.txt","","docs/NDM_Audit03_Final_Config_Review.md"
"rngStabilityDurationLoads.Slot10.My, tf*m","rngStabilityDurationLoads","Config!S47","UserInput","User load units / ID / path / profile / comment","VerifiedEditableBehavior","Минимум K02: активный effect/invalid/inactive и перечисленные технические границы; не exhaustive Double.","modTestProfileConfig.RunAudit03DurationConfigTests","docs/regression/Audit03/duration_v178_2026-10-03.txt; docs/regression/Audit03/full_off_duration_v179_2026-10-03.txt; docs/regression/Audit03/full_on_duration_v179_2026-10-03.txt","","docs/NDM_Audit03_Final_Config_Review.md"
"rngStabilityDurationLoads.Slot11.LC","rngStabilityDurationLoads","Config!P48","DerivedFormula","User load units / ID / path / profile / comment","VerifiedDerivedDependence","Минимум K02: активный effect/invalid/inactive и перечисленные технические границы; не exhaustive Double.","metadata.duration.Slot11","docs/regression/Audit03/config_metadata_clean_controls_v300b_2026-10-05.txt","","docs/NDM_Audit03_Final_Config_Review.md"
"rngStabilityDurationLoads.Slot11.N, tf","rngStabilityDurationLoads","Config!Q48","UserInput","User load units / ID / path / profile / comment","VerifiedEditableBehavior","Минимум K02: активный effect/invalid/inactive и перечисленные технические границы; не exhaustive Double.","modTestProfileConfig.RunAudit03DurationConfigTests","docs/regression/Audit03/duration_v178_2026-10-03.txt; docs/regression/Audit03/full_off_duration_v179_2026-10-03.txt; docs/regression/Audit03/full_on_duration_v179_2026-10-03.txt","","docs/NDM_Audit03_Final_Config_Review.md"
"rngStabilityDurationLoads.Slot11.Mx, tf*m","rngStabilityDurationLoads","Config!R48","UserInput","User load units / ID / path / profile / comment","VerifiedEditableBehavior","Минимум K02: активный effect/invalid/inactive и перечисленные технические границы; не exhaustive Double.","modTestProfileConfig.RunAudit03DurationConfigTests","docs/regression/Audit03/duration_v178_2026-10-03.txt; docs/regression/Audit03/full_off_duration_v179_2026-10-03.txt; docs/regression/Audit03/full_on_duration_v179_2026-10-03.txt","","docs/NDM_Audit03_Final_Config_Review.md"
"rngStabilityDurationLoads.Slot11.My, tf*m","rngStabilityDurationLoads","Config!S48","UserInput","User load units / ID / path / profile / comment","VerifiedEditableBehavior","Минимум K02: активный effect/invalid/inactive и перечисленные технические границы; не exhaustive Double.","modTestProfileConfig.RunAudit03DurationConfigTests","docs/regression/Audit03/duration_v178_2026-10-03.txt; docs/regression/Audit03/full_off_duration_v179_2026-10-03.txt; docs/regression/Audit03/full_on_duration_v179_2026-10-03.txt","","docs/NDM_Audit03_Final_Config_Review.md"
"rngStabilityDurationLoads.Slot12.LC","rngStabilityDurationLoads","Config!P49","DerivedFormula","User load units / ID / path / profile / comment","VerifiedDerivedDependence","Минимум K02: активный effect/invalid/inactive и перечисленные технические границы; не exhaustive Double.","metadata.duration.Slot12","docs/regression/Audit03/config_metadata_clean_controls_v300b_2026-10-05.txt","","docs/NDM_Audit03_Final_Config_Review.md"
"rngStabilityDurationLoads.Slot12.N, tf","rngStabilityDurationLoads","Config!Q49","UserInput","User load units / ID / path / profile / comment","VerifiedEditableBehavior","Минимум K02: активный effect/invalid/inactive и перечисленные технические границы; не exhaustive Double.","modTestProfileConfig.RunAudit03DurationConfigTests","docs/regression/Audit03/duration_v178_2026-10-03.txt; docs/regression/Audit03/full_off_duration_v179_2026-10-03.txt; docs/regression/Audit03/full_on_duration_v179_2026-10-03.txt","","docs/NDM_Audit03_Final_Config_Review.md"
"rngStabilityDurationLoads.Slot12.Mx, tf*m","rngStabilityDurationLoads","Config!R49","UserInput","User load units / ID / path / profile / comment","VerifiedEditableBehavior","Минимум K02: активный effect/invalid/inactive и перечисленные технические границы; не exhaustive Double.","modTestProfileConfig.RunAudit03DurationConfigTests","docs/regression/Audit03/duration_v178_2026-10-03.txt; docs/regression/Audit03/full_off_duration_v179_2026-10-03.txt; docs/regression/Audit03/full_on_duration_v179_2026-10-03.txt","","docs/NDM_Audit03_Final_Config_Review.md"
"rngStabilityDurationLoads.Slot12.My, tf*m","rngStabilityDurationLoads","Config!S49","UserInput","User load units / ID / path / profile / comment","VerifiedEditableBehavior","Минимум K02: активный effect/invalid/inactive и перечисленные технические границы; не exhaustive Double.","modTestProfileConfig.RunAudit03DurationConfigTests","docs/regression/Audit03/duration_v178_2026-10-03.txt; docs/regression/Audit03/full_off_duration_v179_2026-10-03.txt; docs/regression/Audit03/full_on_duration_v179_2026-10-03.txt","","docs/NDM_Audit03_Final_Config_Review.md"
"rngStabilityDurationLoads.Slot13.LC","rngStabilityDurationLoads","Config!P50","DerivedFormula","User load units / ID / path / profile / comment","VerifiedDerivedDependence","Минимум K02: активный effect/invalid/inactive и перечисленные технические границы; не exhaustive Double.","metadata.duration.Slot13","docs/regression/Audit03/config_metadata_clean_controls_v300b_2026-10-05.txt","","docs/NDM_Audit03_Final_Config_Review.md"
"rngStabilityDurationLoads.Slot13.N, tf","rngStabilityDurationLoads","Config!Q50","UserInput","User load units / ID / path / profile / comment","VerifiedEditableBehavior","Минимум K02: активный effect/invalid/inactive и перечисленные технические границы; не exhaustive Double.","modTestProfileConfig.RunAudit03DurationConfigTests","docs/regression/Audit03/duration_v178_2026-10-03.txt; docs/regression/Audit03/full_off_duration_v179_2026-10-03.txt; docs/regression/Audit03/full_on_duration_v179_2026-10-03.txt","","docs/NDM_Audit03_Final_Config_Review.md"
"rngStabilityDurationLoads.Slot13.Mx, tf*m","rngStabilityDurationLoads","Config!R50","UserInput","User load units / ID / path / profile / comment","VerifiedEditableBehavior","Минимум K02: активный effect/invalid/inactive и перечисленные технические границы; не exhaustive Double.","modTestProfileConfig.RunAudit03DurationConfigTests","docs/regression/Audit03/duration_v178_2026-10-03.txt; docs/regression/Audit03/full_off_duration_v179_2026-10-03.txt; docs/regression/Audit03/full_on_duration_v179_2026-10-03.txt","","docs/NDM_Audit03_Final_Config_Review.md"
"rngStabilityDurationLoads.Slot13.My, tf*m","rngStabilityDurationLoads","Config!S50","UserInput","User load units / ID / path / profile / comment","VerifiedEditableBehavior","Минимум K02: активный effect/invalid/inactive и перечисленные технические границы; не exhaustive Double.","modTestProfileConfig.RunAudit03DurationConfigTests","docs/regression/Audit03/duration_v178_2026-10-03.txt; docs/regression/Audit03/full_off_duration_v179_2026-10-03.txt; docs/regression/Audit03/full_on_duration_v179_2026-10-03.txt","","docs/NDM_Audit03_Final_Config_Review.md"
"rngStabilityDurationLoads.Slot14.LC","rngStabilityDurationLoads","Config!P51","DerivedFormula","User load units / ID / path / profile / comment","VerifiedDerivedDependence","Минимум K02: активный effect/invalid/inactive и перечисленные технические границы; не exhaustive Double.","metadata.duration.Slot14","docs/regression/Audit03/config_metadata_clean_controls_v300b_2026-10-05.txt","","docs/NDM_Audit03_Final_Config_Review.md"
"rngStabilityDurationLoads.Slot14.N, tf","rngStabilityDurationLoads","Config!Q51","UserInput","User load units / ID / path / profile / comment","VerifiedEditableBehavior","Минимум K02: активный effect/invalid/inactive и перечисленные технические границы; не exhaustive Double.","modTestProfileConfig.RunAudit03DurationConfigTests","docs/regression/Audit03/duration_v178_2026-10-03.txt; docs/regression/Audit03/full_off_duration_v179_2026-10-03.txt; docs/regression/Audit03/full_on_duration_v179_2026-10-03.txt","","docs/NDM_Audit03_Final_Config_Review.md"
"rngStabilityDurationLoads.Slot14.Mx, tf*m","rngStabilityDurationLoads","Config!R51","UserInput","User load units / ID / path / profile / comment","VerifiedEditableBehavior","Минимум K02: активный effect/invalid/inactive и перечисленные технические границы; не exhaustive Double.","modTestProfileConfig.RunAudit03DurationConfigTests","docs/regression/Audit03/duration_v178_2026-10-03.txt; docs/regression/Audit03/full_off_duration_v179_2026-10-03.txt; docs/regression/Audit03/full_on_duration_v179_2026-10-03.txt","","docs/NDM_Audit03_Final_Config_Review.md"
"rngStabilityDurationLoads.Slot14.My, tf*m","rngStabilityDurationLoads","Config!S51","UserInput","User load units / ID / path / profile / comment","VerifiedEditableBehavior","Минимум K02: активный effect/invalid/inactive и перечисленные технические границы; не exhaustive Double.","modTestProfileConfig.RunAudit03DurationConfigTests","docs/regression/Audit03/duration_v178_2026-10-03.txt; docs/regression/Audit03/full_off_duration_v179_2026-10-03.txt; docs/regression/Audit03/full_on_duration_v179_2026-10-03.txt","","docs/NDM_Audit03_Final_Config_Review.md"
"rngStabilityDurationLoads.Slot15.LC","rngStabilityDurationLoads","Config!P52","DerivedFormula","User load units / ID / path / profile / comment","VerifiedDerivedDependence","Минимум K02: активный effect/invalid/inactive и перечисленные технические границы; не exhaustive Double.","metadata.duration.Slot15","docs/regression/Audit03/config_metadata_clean_controls_v300b_2026-10-05.txt","","docs/NDM_Audit03_Final_Config_Review.md"
"rngStabilityDurationLoads.Slot15.N, tf","rngStabilityDurationLoads","Config!Q52","UserInput","User load units / ID / path / profile / comment","VerifiedEditableBehavior","Минимум K02: активный effect/invalid/inactive и перечисленные технические границы; не exhaustive Double.","modTestProfileConfig.RunAudit03DurationConfigTests","docs/regression/Audit03/duration_v178_2026-10-03.txt; docs/regression/Audit03/full_off_duration_v179_2026-10-03.txt; docs/regression/Audit03/full_on_duration_v179_2026-10-03.txt","","docs/NDM_Audit03_Final_Config_Review.md"
"rngStabilityDurationLoads.Slot15.Mx, tf*m","rngStabilityDurationLoads","Config!R52","UserInput","User load units / ID / path / profile / comment","VerifiedEditableBehavior","Минимум K02: активный effect/invalid/inactive и перечисленные технические границы; не exhaustive Double.","modTestProfileConfig.RunAudit03DurationConfigTests","docs/regression/Audit03/duration_v178_2026-10-03.txt; docs/regression/Audit03/full_off_duration_v179_2026-10-03.txt; docs/regression/Audit03/full_on_duration_v179_2026-10-03.txt","","docs/NDM_Audit03_Final_Config_Review.md"
"rngStabilityDurationLoads.Slot15.My, tf*m","rngStabilityDurationLoads","Config!S52","UserInput","User load units / ID / path / profile / comment","VerifiedEditableBehavior","Минимум K02: активный effect/invalid/inactive и перечисленные технические границы; не exhaustive Double.","modTestProfileConfig.RunAudit03DurationConfigTests","docs/regression/Audit03/duration_v178_2026-10-03.txt; docs/regression/Audit03/full_off_duration_v179_2026-10-03.txt; docs/regression/Audit03/full_on_duration_v179_2026-10-03.txt","","docs/NDM_Audit03_Final_Config_Review.md"
"rngStabilityDurationLoads.Slot16.LC","rngStabilityDurationLoads","Config!P53","DerivedFormula","User load units / ID / path / profile / comment","VerifiedDerivedDependence","Минимум K02: активный effect/invalid/inactive и перечисленные технические границы; не exhaustive Double.","metadata.duration.Slot16","docs/regression/Audit03/config_metadata_clean_controls_v300b_2026-10-05.txt","","docs/NDM_Audit03_Final_Config_Review.md"
"rngStabilityDurationLoads.Slot16.N, tf","rngStabilityDurationLoads","Config!Q53","UserInput","User load units / ID / path / profile / comment","VerifiedEditableBehavior","Минимум K02: активный effect/invalid/inactive и перечисленные технические границы; не exhaustive Double.","modTestProfileConfig.RunAudit03DurationConfigTests","docs/regression/Audit03/duration_v178_2026-10-03.txt; docs/regression/Audit03/full_off_duration_v179_2026-10-03.txt; docs/regression/Audit03/full_on_duration_v179_2026-10-03.txt","","docs/NDM_Audit03_Final_Config_Review.md"
"rngStabilityDurationLoads.Slot16.Mx, tf*m","rngStabilityDurationLoads","Config!R53","UserInput","User load units / ID / path / profile / comment","VerifiedEditableBehavior","Минимум K02: активный effect/invalid/inactive и перечисленные технические границы; не exhaustive Double.","modTestProfileConfig.RunAudit03DurationConfigTests","docs/regression/Audit03/duration_v178_2026-10-03.txt; docs/regression/Audit03/full_off_duration_v179_2026-10-03.txt; docs/regression/Audit03/full_on_duration_v179_2026-10-03.txt","","docs/NDM_Audit03_Final_Config_Review.md"
"rngStabilityDurationLoads.Slot16.My, tf*m","rngStabilityDurationLoads","Config!S53","UserInput","User load units / ID / path / profile / comment","VerifiedEditableBehavior","Минимум K02: активный effect/invalid/inactive и перечисленные технические границы; не exhaustive Double.","modTestProfileConfig.RunAudit03DurationConfigTests","docs/regression/Audit03/duration_v178_2026-10-03.txt; docs/regression/Audit03/full_off_duration_v179_2026-10-03.txt; docs/regression/Audit03/full_on_duration_v179_2026-10-03.txt","","docs/NDM_Audit03_Final_Config_Review.md"
"rngStabilityDurationLoads.Slot17.LC","rngStabilityDurationLoads","Config!P54","DerivedFormula","User load units / ID / path / profile / comment","VerifiedDerivedDependence","Минимум K02: активный effect/invalid/inactive и перечисленные технические границы; не exhaustive Double.","metadata.duration.Slot17","docs/regression/Audit03/config_metadata_clean_controls_v300b_2026-10-05.txt","","docs/NDM_Audit03_Final_Config_Review.md"
"rngStabilityDurationLoads.Slot17.N, tf","rngStabilityDurationLoads","Config!Q54","UserInput","User load units / ID / path / profile / comment","VerifiedEditableBehavior","Минимум K02: активный effect/invalid/inactive и перечисленные технические границы; не exhaustive Double.","modTestProfileConfig.RunAudit03DurationConfigTests","docs/regression/Audit03/duration_v178_2026-10-03.txt; docs/regression/Audit03/full_off_duration_v179_2026-10-03.txt; docs/regression/Audit03/full_on_duration_v179_2026-10-03.txt","","docs/NDM_Audit03_Final_Config_Review.md"
"rngStabilityDurationLoads.Slot17.Mx, tf*m","rngStabilityDurationLoads","Config!R54","UserInput","User load units / ID / path / profile / comment","VerifiedEditableBehavior","Минимум K02: активный effect/invalid/inactive и перечисленные технические границы; не exhaustive Double.","modTestProfileConfig.RunAudit03DurationConfigTests","docs/regression/Audit03/duration_v178_2026-10-03.txt; docs/regression/Audit03/full_off_duration_v179_2026-10-03.txt; docs/regression/Audit03/full_on_duration_v179_2026-10-03.txt","","docs/NDM_Audit03_Final_Config_Review.md"
"rngStabilityDurationLoads.Slot17.My, tf*m","rngStabilityDurationLoads","Config!S54","UserInput","User load units / ID / path / profile / comment","VerifiedEditableBehavior","Минимум K02: активный effect/invalid/inactive и перечисленные технические границы; не exhaustive Double.","modTestProfileConfig.RunAudit03DurationConfigTests","docs/regression/Audit03/duration_v178_2026-10-03.txt; docs/regression/Audit03/full_off_duration_v179_2026-10-03.txt; docs/regression/Audit03/full_on_duration_v179_2026-10-03.txt","","docs/NDM_Audit03_Final_Config_Review.md"
"rngStabilityDurationLoads.Slot18.LC","rngStabilityDurationLoads","Config!P55","DerivedFormula","User load units / ID / path / profile / comment","VerifiedDerivedDependence","Минимум K02: активный effect/invalid/inactive и перечисленные технические границы; не exhaustive Double.","metadata.duration.Slot18","docs/regression/Audit03/config_metadata_clean_controls_v300b_2026-10-05.txt","","docs/NDM_Audit03_Final_Config_Review.md"
"rngStabilityDurationLoads.Slot18.N, tf","rngStabilityDurationLoads","Config!Q55","UserInput","User load units / ID / path / profile / comment","VerifiedEditableBehavior","Минимум K02: активный effect/invalid/inactive и перечисленные технические границы; не exhaustive Double.","modTestProfileConfig.RunAudit03DurationConfigTests","docs/regression/Audit03/duration_v178_2026-10-03.txt; docs/regression/Audit03/full_off_duration_v179_2026-10-03.txt; docs/regression/Audit03/full_on_duration_v179_2026-10-03.txt","","docs/NDM_Audit03_Final_Config_Review.md"
"rngStabilityDurationLoads.Slot18.Mx, tf*m","rngStabilityDurationLoads","Config!R55","UserInput","User load units / ID / path / profile / comment","VerifiedEditableBehavior","Минимум K02: активный effect/invalid/inactive и перечисленные технические границы; не exhaustive Double.","modTestProfileConfig.RunAudit03DurationConfigTests","docs/regression/Audit03/duration_v178_2026-10-03.txt; docs/regression/Audit03/full_off_duration_v179_2026-10-03.txt; docs/regression/Audit03/full_on_duration_v179_2026-10-03.txt","","docs/NDM_Audit03_Final_Config_Review.md"
"rngStabilityDurationLoads.Slot18.My, tf*m","rngStabilityDurationLoads","Config!S55","UserInput","User load units / ID / path / profile / comment","VerifiedEditableBehavior","Минимум K02: активный effect/invalid/inactive и перечисленные технические границы; не exhaustive Double.","modTestProfileConfig.RunAudit03DurationConfigTests","docs/regression/Audit03/duration_v178_2026-10-03.txt; docs/regression/Audit03/full_off_duration_v179_2026-10-03.txt; docs/regression/Audit03/full_on_duration_v179_2026-10-03.txt","","docs/NDM_Audit03_Final_Config_Review.md"
"rngStabilityDurationLoads.Slot19.LC","rngStabilityDurationLoads","Config!P56","DerivedFormula","User load units / ID / path / profile / comment","VerifiedDerivedDependence","Минимум K02: активный effect/invalid/inactive и перечисленные технические границы; не exhaustive Double.","metadata.duration.Slot19","docs/regression/Audit03/config_metadata_clean_controls_v300b_2026-10-05.txt","","docs/NDM_Audit03_Final_Config_Review.md"
"rngStabilityDurationLoads.Slot19.N, tf","rngStabilityDurationLoads","Config!Q56","UserInput","User load units / ID / path / profile / comment","VerifiedEditableBehavior","Минимум K02: активный effect/invalid/inactive и перечисленные технические границы; не exhaustive Double.","modTestProfileConfig.RunAudit03DurationConfigTests","docs/regression/Audit03/duration_v178_2026-10-03.txt; docs/regression/Audit03/full_off_duration_v179_2026-10-03.txt; docs/regression/Audit03/full_on_duration_v179_2026-10-03.txt","","docs/NDM_Audit03_Final_Config_Review.md"
"rngStabilityDurationLoads.Slot19.Mx, tf*m","rngStabilityDurationLoads","Config!R56","UserInput","User load units / ID / path / profile / comment","VerifiedEditableBehavior","Минимум K02: активный effect/invalid/inactive и перечисленные технические границы; не exhaustive Double.","modTestProfileConfig.RunAudit03DurationConfigTests","docs/regression/Audit03/duration_v178_2026-10-03.txt; docs/regression/Audit03/full_off_duration_v179_2026-10-03.txt; docs/regression/Audit03/full_on_duration_v179_2026-10-03.txt","","docs/NDM_Audit03_Final_Config_Review.md"
"rngStabilityDurationLoads.Slot19.My, tf*m","rngStabilityDurationLoads","Config!S56","UserInput","User load units / ID / path / profile / comment","VerifiedEditableBehavior","Минимум K02: активный effect/invalid/inactive и перечисленные технические границы; не exhaustive Double.","modTestProfileConfig.RunAudit03DurationConfigTests","docs/regression/Audit03/duration_v178_2026-10-03.txt; docs/regression/Audit03/full_off_duration_v179_2026-10-03.txt; docs/regression/Audit03/full_on_duration_v179_2026-10-03.txt","","docs/NDM_Audit03_Final_Config_Review.md"
"rngStabilityDurationLoads.Slot20.LC","rngStabilityDurationLoads","Config!P57","DerivedFormula","User load units / ID / path / profile / comment","VerifiedDerivedDependence","Минимум K02: активный effect/invalid/inactive и перечисленные технические границы; не exhaustive Double.","metadata.duration.Slot20","docs/regression/Audit03/config_metadata_clean_controls_v300b_2026-10-05.txt","","docs/NDM_Audit03_Final_Config_Review.md"
"rngStabilityDurationLoads.Slot20.N, tf","rngStabilityDurationLoads","Config!Q57","UserInput","User load units / ID / path / profile / comment","VerifiedEditableBehavior","Минимум K02: активный effect/invalid/inactive и перечисленные технические границы; не exhaustive Double.","modTestProfileConfig.RunAudit03DurationConfigTests","docs/regression/Audit03/duration_v178_2026-10-03.txt; docs/regression/Audit03/full_off_duration_v179_2026-10-03.txt; docs/regression/Audit03/full_on_duration_v179_2026-10-03.txt","","docs/NDM_Audit03_Final_Config_Review.md"
"rngStabilityDurationLoads.Slot20.Mx, tf*m","rngStabilityDurationLoads","Config!R57","UserInput","User load units / ID / path / profile / comment","VerifiedEditableBehavior","Минимум K02: активный effect/invalid/inactive и перечисленные технические границы; не exhaustive Double.","modTestProfileConfig.RunAudit03DurationConfigTests","docs/regression/Audit03/duration_v178_2026-10-03.txt; docs/regression/Audit03/full_off_duration_v179_2026-10-03.txt; docs/regression/Audit03/full_on_duration_v179_2026-10-03.txt","","docs/NDM_Audit03_Final_Config_Review.md"
"rngStabilityDurationLoads.Slot20.My, tf*m","rngStabilityDurationLoads","Config!S57","UserInput","User load units / ID / path / profile / comment","VerifiedEditableBehavior","Минимум K02: активный effect/invalid/inactive и перечисленные технические границы; не exhaustive Double.","modTestProfileConfig.RunAudit03DurationConfigTests","docs/regression/Audit03/duration_v178_2026-10-03.txt; docs/regression/Audit03/full_off_duration_v179_2026-10-03.txt; docs/regression/Audit03/full_on_duration_v179_2026-10-03.txt","","docs/NDM_Audit03_Final_Config_Review.md"
"rngStabilityDurationLoads.Slot21.LC","rngStabilityDurationLoads","Config!P58","DerivedFormula","User load units / ID / path / profile / comment","VerifiedDerivedDependence","Минимум K02: активный effect/invalid/inactive и перечисленные технические границы; не exhaustive Double.","metadata.duration.Slot21","docs/regression/Audit03/config_metadata_clean_controls_v300b_2026-10-05.txt","","docs/NDM_Audit03_Final_Config_Review.md"
"rngStabilityDurationLoads.Slot21.N, tf","rngStabilityDurationLoads","Config!Q58","UserInput","User load units / ID / path / profile / comment","VerifiedEditableBehavior","Минимум K02: активный effect/invalid/inactive и перечисленные технические границы; не exhaustive Double.","modTestProfileConfig.RunAudit03DurationConfigTests","docs/regression/Audit03/duration_v178_2026-10-03.txt; docs/regression/Audit03/full_off_duration_v179_2026-10-03.txt; docs/regression/Audit03/full_on_duration_v179_2026-10-03.txt","","docs/NDM_Audit03_Final_Config_Review.md"
"rngStabilityDurationLoads.Slot21.Mx, tf*m","rngStabilityDurationLoads","Config!R58","UserInput","User load units / ID / path / profile / comment","VerifiedEditableBehavior","Минимум K02: активный effect/invalid/inactive и перечисленные технические границы; не exhaustive Double.","modTestProfileConfig.RunAudit03DurationConfigTests","docs/regression/Audit03/duration_v178_2026-10-03.txt; docs/regression/Audit03/full_off_duration_v179_2026-10-03.txt; docs/regression/Audit03/full_on_duration_v179_2026-10-03.txt","","docs/NDM_Audit03_Final_Config_Review.md"
"rngStabilityDurationLoads.Slot21.My, tf*m","rngStabilityDurationLoads","Config!S58","UserInput","User load units / ID / path / profile / comment","VerifiedEditableBehavior","Минимум K02: активный effect/invalid/inactive и перечисленные технические границы; не exhaustive Double.","modTestProfileConfig.RunAudit03DurationConfigTests","docs/regression/Audit03/duration_v178_2026-10-03.txt; docs/regression/Audit03/full_off_duration_v179_2026-10-03.txt; docs/regression/Audit03/full_on_duration_v179_2026-10-03.txt","","docs/NDM_Audit03_Final_Config_Review.md"
"rngStabilityDurationLoads.Slot22.LC","rngStabilityDurationLoads","Config!P59","DerivedFormula","User load units / ID / path / profile / comment","VerifiedDerivedDependence","Минимум K02: активный effect/invalid/inactive и перечисленные технические границы; не exhaustive Double.","metadata.duration.Slot22","docs/regression/Audit03/config_metadata_clean_controls_v300b_2026-10-05.txt","","docs/NDM_Audit03_Final_Config_Review.md"
"rngStabilityDurationLoads.Slot22.N, tf","rngStabilityDurationLoads","Config!Q59","UserInput","User load units / ID / path / profile / comment","VerifiedEditableBehavior","Минимум K02: активный effect/invalid/inactive и перечисленные технические границы; не exhaustive Double.","modTestProfileConfig.RunAudit03DurationConfigTests","docs/regression/Audit03/duration_v178_2026-10-03.txt; docs/regression/Audit03/full_off_duration_v179_2026-10-03.txt; docs/regression/Audit03/full_on_duration_v179_2026-10-03.txt","","docs/NDM_Audit03_Final_Config_Review.md"
"rngStabilityDurationLoads.Slot22.Mx, tf*m","rngStabilityDurationLoads","Config!R59","UserInput","User load units / ID / path / profile / comment","VerifiedEditableBehavior","Минимум K02: активный effect/invalid/inactive и перечисленные технические границы; не exhaustive Double.","modTestProfileConfig.RunAudit03DurationConfigTests","docs/regression/Audit03/duration_v178_2026-10-03.txt; docs/regression/Audit03/full_off_duration_v179_2026-10-03.txt; docs/regression/Audit03/full_on_duration_v179_2026-10-03.txt","","docs/NDM_Audit03_Final_Config_Review.md"
"rngStabilityDurationLoads.Slot22.My, tf*m","rngStabilityDurationLoads","Config!S59","UserInput","User load units / ID / path / profile / comment","VerifiedEditableBehavior","Минимум K02: активный effect/invalid/inactive и перечисленные технические границы; не exhaustive Double.","modTestProfileConfig.RunAudit03DurationConfigTests","docs/regression/Audit03/duration_v178_2026-10-03.txt; docs/regression/Audit03/full_off_duration_v179_2026-10-03.txt; docs/regression/Audit03/full_on_duration_v179_2026-10-03.txt","","docs/NDM_Audit03_Final_Config_Review.md"
"rngStabilityDurationLoads.Slot23.LC","rngStabilityDurationLoads","Config!P60","DerivedFormula","User load units / ID / path / profile / comment","VerifiedDerivedDependence","Минимум K02: активный effect/invalid/inactive и перечисленные технические границы; не exhaustive Double.","metadata.duration.Slot23","docs/regression/Audit03/config_metadata_clean_controls_v300b_2026-10-05.txt","","docs/NDM_Audit03_Final_Config_Review.md"
"rngStabilityDurationLoads.Slot23.N, tf","rngStabilityDurationLoads","Config!Q60","UserInput","User load units / ID / path / profile / comment","VerifiedEditableBehavior","Минимум K02: активный effect/invalid/inactive и перечисленные технические границы; не exhaustive Double.","modTestProfileConfig.RunAudit03DurationConfigTests","docs/regression/Audit03/duration_v178_2026-10-03.txt; docs/regression/Audit03/full_off_duration_v179_2026-10-03.txt; docs/regression/Audit03/full_on_duration_v179_2026-10-03.txt","","docs/NDM_Audit03_Final_Config_Review.md"
"rngStabilityDurationLoads.Slot23.Mx, tf*m","rngStabilityDurationLoads","Config!R60","UserInput","User load units / ID / path / profile / comment","VerifiedEditableBehavior","Минимум K02: активный effect/invalid/inactive и перечисленные технические границы; не exhaustive Double.","modTestProfileConfig.RunAudit03DurationConfigTests","docs/regression/Audit03/duration_v178_2026-10-03.txt; docs/regression/Audit03/full_off_duration_v179_2026-10-03.txt; docs/regression/Audit03/full_on_duration_v179_2026-10-03.txt","","docs/NDM_Audit03_Final_Config_Review.md"
"rngStabilityDurationLoads.Slot23.My, tf*m","rngStabilityDurationLoads","Config!S60","UserInput","User load units / ID / path / profile / comment","VerifiedEditableBehavior","Минимум K02: активный effect/invalid/inactive и перечисленные технические границы; не exhaustive Double.","modTestProfileConfig.RunAudit03DurationConfigTests","docs/regression/Audit03/duration_v178_2026-10-03.txt; docs/regression/Audit03/full_off_duration_v179_2026-10-03.txt; docs/regression/Audit03/full_on_duration_v179_2026-10-03.txt","","docs/NDM_Audit03_Final_Config_Review.md"
"rngStabilityDurationLoads.Slot24.LC","rngStabilityDurationLoads","Config!P61","DerivedFormula","User load units / ID / path / profile / comment","VerifiedDerivedDependence","Минимум K02: активный effect/invalid/inactive и перечисленные технические границы; не exhaustive Double.","metadata.duration.Slot24","docs/regression/Audit03/config_metadata_clean_controls_v300b_2026-10-05.txt","","docs/NDM_Audit03_Final_Config_Review.md"
"rngStabilityDurationLoads.Slot24.N, tf","rngStabilityDurationLoads","Config!Q61","UserInput","User load units / ID / path / profile / comment","VerifiedEditableBehavior","Минимум K02: активный effect/invalid/inactive и перечисленные технические границы; не exhaustive Double.","modTestProfileConfig.RunAudit03DurationConfigTests","docs/regression/Audit03/duration_v178_2026-10-03.txt; docs/regression/Audit03/full_off_duration_v179_2026-10-03.txt; docs/regression/Audit03/full_on_duration_v179_2026-10-03.txt","","docs/NDM_Audit03_Final_Config_Review.md"
"rngStabilityDurationLoads.Slot24.Mx, tf*m","rngStabilityDurationLoads","Config!R61","UserInput","User load units / ID / path / profile / comment","VerifiedEditableBehavior","Минимум K02: активный effect/invalid/inactive и перечисленные технические границы; не exhaustive Double.","modTestProfileConfig.RunAudit03DurationConfigTests","docs/regression/Audit03/duration_v178_2026-10-03.txt; docs/regression/Audit03/full_off_duration_v179_2026-10-03.txt; docs/regression/Audit03/full_on_duration_v179_2026-10-03.txt","","docs/NDM_Audit03_Final_Config_Review.md"
"rngStabilityDurationLoads.Slot24.My, tf*m","rngStabilityDurationLoads","Config!S61","UserInput","User load units / ID / path / profile / comment","VerifiedEditableBehavior","Минимум K02: активный effect/invalid/inactive и перечисленные технические границы; не exhaustive Double.","modTestProfileConfig.RunAudit03DurationConfigTests","docs/regression/Audit03/duration_v178_2026-10-03.txt; docs/regression/Audit03/full_off_duration_v179_2026-10-03.txt; docs/regression/Audit03/full_on_duration_v179_2026-10-03.txt","","docs/NDM_Audit03_Final_Config_Review.md"
"rngStabilityDurationLoads.Slot25.LC","rngStabilityDurationLoads","Config!P62","DerivedFormula","User load units / ID / path / profile / comment","VerifiedDerivedDependence","Минимум K02: активный effect/invalid/inactive и перечисленные технические границы; не exhaustive Double.","metadata.duration.Slot25","docs/regression/Audit03/config_metadata_clean_controls_v300b_2026-10-05.txt","","docs/NDM_Audit03_Final_Config_Review.md"
"rngStabilityDurationLoads.Slot25.N, tf","rngStabilityDurationLoads","Config!Q62","UserInput","User load units / ID / path / profile / comment","VerifiedEditableBehavior","Минимум K02: активный effect/invalid/inactive и перечисленные технические границы; не exhaustive Double.","modTestProfileConfig.RunAudit03DurationConfigTests","docs/regression/Audit03/duration_v178_2026-10-03.txt; docs/regression/Audit03/full_off_duration_v179_2026-10-03.txt; docs/regression/Audit03/full_on_duration_v179_2026-10-03.txt","","docs/NDM_Audit03_Final_Config_Review.md"
"rngStabilityDurationLoads.Slot25.Mx, tf*m","rngStabilityDurationLoads","Config!R62","UserInput","User load units / ID / path / profile / comment","VerifiedEditableBehavior","Минимум K02: активный effect/invalid/inactive и перечисленные технические границы; не exhaustive Double.","modTestProfileConfig.RunAudit03DurationConfigTests","docs/regression/Audit03/duration_v178_2026-10-03.txt; docs/regression/Audit03/full_off_duration_v179_2026-10-03.txt; docs/regression/Audit03/full_on_duration_v179_2026-10-03.txt","","docs/NDM_Audit03_Final_Config_Review.md"
"rngStabilityDurationLoads.Slot25.My, tf*m","rngStabilityDurationLoads","Config!S62","UserInput","User load units / ID / path / profile / comment","VerifiedEditableBehavior","Минимум K02: активный effect/invalid/inactive и перечисленные технические границы; не exhaustive Double.","modTestProfileConfig.RunAudit03DurationConfigTests","docs/regression/Audit03/duration_v178_2026-10-03.txt; docs/regression/Audit03/full_off_duration_v179_2026-10-03.txt; docs/regression/Audit03/full_on_duration_v179_2026-10-03.txt","","docs/NDM_Audit03_Final_Config_Review.md"
"rngStabilityDurationLoads.Slot26.LC","rngStabilityDurationLoads","Config!P63","DerivedFormula","User load units / ID / path / profile / comment","VerifiedDerivedDependence","Минимум K02: активный effect/invalid/inactive и перечисленные технические границы; не exhaustive Double.","metadata.duration.Slot26","docs/regression/Audit03/config_metadata_clean_controls_v300b_2026-10-05.txt","","docs/NDM_Audit03_Final_Config_Review.md"
"rngStabilityDurationLoads.Slot26.N, tf","rngStabilityDurationLoads","Config!Q63","UserInput","User load units / ID / path / profile / comment","VerifiedEditableBehavior","Минимум K02: активный effect/invalid/inactive и перечисленные технические границы; не exhaustive Double.","modTestProfileConfig.RunAudit03DurationConfigTests","docs/regression/Audit03/duration_v178_2026-10-03.txt; docs/regression/Audit03/full_off_duration_v179_2026-10-03.txt; docs/regression/Audit03/full_on_duration_v179_2026-10-03.txt","","docs/NDM_Audit03_Final_Config_Review.md"
"rngStabilityDurationLoads.Slot26.Mx, tf*m","rngStabilityDurationLoads","Config!R63","UserInput","User load units / ID / path / profile / comment","VerifiedEditableBehavior","Минимум K02: активный effect/invalid/inactive и перечисленные технические границы; не exhaustive Double.","modTestProfileConfig.RunAudit03DurationConfigTests","docs/regression/Audit03/duration_v178_2026-10-03.txt; docs/regression/Audit03/full_off_duration_v179_2026-10-03.txt; docs/regression/Audit03/full_on_duration_v179_2026-10-03.txt","","docs/NDM_Audit03_Final_Config_Review.md"
"rngStabilityDurationLoads.Slot26.My, tf*m","rngStabilityDurationLoads","Config!S63","UserInput","User load units / ID / path / profile / comment","VerifiedEditableBehavior","Минимум K02: активный effect/invalid/inactive и перечисленные технические границы; не exhaustive Double.","modTestProfileConfig.RunAudit03DurationConfigTests","docs/regression/Audit03/duration_v178_2026-10-03.txt; docs/regression/Audit03/full_off_duration_v179_2026-10-03.txt; docs/regression/Audit03/full_on_duration_v179_2026-10-03.txt","","docs/NDM_Audit03_Final_Config_Review.md"
"rngStabilityDurationLoads.Slot27.LC","rngStabilityDurationLoads","Config!P64","DerivedFormula","User load units / ID / path / profile / comment","VerifiedDerivedDependence","Минимум K02: активный effect/invalid/inactive и перечисленные технические границы; не exhaustive Double.","metadata.duration.Slot27","docs/regression/Audit03/config_metadata_clean_controls_v300b_2026-10-05.txt","","docs/NDM_Audit03_Final_Config_Review.md"
"rngStabilityDurationLoads.Slot27.N, tf","rngStabilityDurationLoads","Config!Q64","UserInput","User load units / ID / path / profile / comment","VerifiedEditableBehavior","Минимум K02: активный effect/invalid/inactive и перечисленные технические границы; не exhaustive Double.","modTestProfileConfig.RunAudit03DurationConfigTests","docs/regression/Audit03/duration_v178_2026-10-03.txt; docs/regression/Audit03/full_off_duration_v179_2026-10-03.txt; docs/regression/Audit03/full_on_duration_v179_2026-10-03.txt","","docs/NDM_Audit03_Final_Config_Review.md"
"rngStabilityDurationLoads.Slot27.Mx, tf*m","rngStabilityDurationLoads","Config!R64","UserInput","User load units / ID / path / profile / comment","VerifiedEditableBehavior","Минимум K02: активный effect/invalid/inactive и перечисленные технические границы; не exhaustive Double.","modTestProfileConfig.RunAudit03DurationConfigTests","docs/regression/Audit03/duration_v178_2026-10-03.txt; docs/regression/Audit03/full_off_duration_v179_2026-10-03.txt; docs/regression/Audit03/full_on_duration_v179_2026-10-03.txt","","docs/NDM_Audit03_Final_Config_Review.md"
"rngStabilityDurationLoads.Slot27.My, tf*m","rngStabilityDurationLoads","Config!S64","UserInput","User load units / ID / path / profile / comment","VerifiedEditableBehavior","Минимум K02: активный effect/invalid/inactive и перечисленные технические границы; не exhaustive Double.","modTestProfileConfig.RunAudit03DurationConfigTests","docs/regression/Audit03/duration_v178_2026-10-03.txt; docs/regression/Audit03/full_off_duration_v179_2026-10-03.txt; docs/regression/Audit03/full_on_duration_v179_2026-10-03.txt","","docs/NDM_Audit03_Final_Config_Review.md"
"rngStabilityDurationLoads.Slot28.LC","rngStabilityDurationLoads","Config!P65","DerivedFormula","User load units / ID / path / profile / comment","VerifiedDerivedDependence","Минимум K02: активный effect/invalid/inactive и перечисленные технические границы; не exhaustive Double.","metadata.duration.Slot28","docs/regression/Audit03/config_metadata_clean_controls_v300b_2026-10-05.txt","","docs/NDM_Audit03_Final_Config_Review.md"
"rngStabilityDurationLoads.Slot28.N, tf","rngStabilityDurationLoads","Config!Q65","UserInput","User load units / ID / path / profile / comment","VerifiedEditableBehavior","Минимум K02: активный effect/invalid/inactive и перечисленные технические границы; не exhaustive Double.","modTestProfileConfig.RunAudit03DurationConfigTests","docs/regression/Audit03/duration_v178_2026-10-03.txt; docs/regression/Audit03/full_off_duration_v179_2026-10-03.txt; docs/regression/Audit03/full_on_duration_v179_2026-10-03.txt","","docs/NDM_Audit03_Final_Config_Review.md"
"rngStabilityDurationLoads.Slot28.Mx, tf*m","rngStabilityDurationLoads","Config!R65","UserInput","User load units / ID / path / profile / comment","VerifiedEditableBehavior","Минимум K02: активный effect/invalid/inactive и перечисленные технические границы; не exhaustive Double.","modTestProfileConfig.RunAudit03DurationConfigTests","docs/regression/Audit03/duration_v178_2026-10-03.txt; docs/regression/Audit03/full_off_duration_v179_2026-10-03.txt; docs/regression/Audit03/full_on_duration_v179_2026-10-03.txt","","docs/NDM_Audit03_Final_Config_Review.md"
"rngStabilityDurationLoads.Slot28.My, tf*m","rngStabilityDurationLoads","Config!S65","UserInput","User load units / ID / path / profile / comment","VerifiedEditableBehavior","Минимум K02: активный effect/invalid/inactive и перечисленные технические границы; не exhaustive Double.","modTestProfileConfig.RunAudit03DurationConfigTests","docs/regression/Audit03/duration_v178_2026-10-03.txt; docs/regression/Audit03/full_off_duration_v179_2026-10-03.txt; docs/regression/Audit03/full_on_duration_v179_2026-10-03.txt","","docs/NDM_Audit03_Final_Config_Review.md"
"rngStabilityDurationLoads.Slot29.LC","rngStabilityDurationLoads","Config!P66","DerivedFormula","User load units / ID / path / profile / comment","VerifiedDerivedDependence","Минимум K02: активный effect/invalid/inactive и перечисленные технические границы; не exhaustive Double.","metadata.duration.Slot29","docs/regression/Audit03/config_metadata_clean_controls_v300b_2026-10-05.txt","","docs/NDM_Audit03_Final_Config_Review.md"
"rngStabilityDurationLoads.Slot29.N, tf","rngStabilityDurationLoads","Config!Q66","UserInput","User load units / ID / path / profile / comment","VerifiedEditableBehavior","Минимум K02: активный effect/invalid/inactive и перечисленные технические границы; не exhaustive Double.","modTestProfileConfig.RunAudit03DurationConfigTests","docs/regression/Audit03/duration_v178_2026-10-03.txt; docs/regression/Audit03/full_off_duration_v179_2026-10-03.txt; docs/regression/Audit03/full_on_duration_v179_2026-10-03.txt","","docs/NDM_Audit03_Final_Config_Review.md"
"rngStabilityDurationLoads.Slot29.Mx, tf*m","rngStabilityDurationLoads","Config!R66","UserInput","User load units / ID / path / profile / comment","VerifiedEditableBehavior","Минимум K02: активный effect/invalid/inactive и перечисленные технические границы; не exhaustive Double.","modTestProfileConfig.RunAudit03DurationConfigTests","docs/regression/Audit03/duration_v178_2026-10-03.txt; docs/regression/Audit03/full_off_duration_v179_2026-10-03.txt; docs/regression/Audit03/full_on_duration_v179_2026-10-03.txt","","docs/NDM_Audit03_Final_Config_Review.md"
"rngStabilityDurationLoads.Slot29.My, tf*m","rngStabilityDurationLoads","Config!S66","UserInput","User load units / ID / path / profile / comment","VerifiedEditableBehavior","Минимум K02: активный effect/invalid/inactive и перечисленные технические границы; не exhaustive Double.","modTestProfileConfig.RunAudit03DurationConfigTests","docs/regression/Audit03/duration_v178_2026-10-03.txt; docs/regression/Audit03/full_off_duration_v179_2026-10-03.txt; docs/regression/Audit03/full_on_duration_v179_2026-10-03.txt","","docs/NDM_Audit03_Final_Config_Review.md"
"rngStabilityDurationLoads.Slot30.LC","rngStabilityDurationLoads","Config!P67","DerivedFormula","User load units / ID / path / profile / comment","VerifiedDerivedDependence","Минимум K02: активный effect/invalid/inactive и перечисленные технические границы; не exhaustive Double.","metadata.duration.Slot30","docs/regression/Audit03/config_metadata_clean_controls_v300b_2026-10-05.txt","","docs/NDM_Audit03_Final_Config_Review.md"
"rngStabilityDurationLoads.Slot30.N, tf","rngStabilityDurationLoads","Config!Q67","UserInput","User load units / ID / path / profile / comment","VerifiedEditableBehavior","Минимум K02: активный effect/invalid/inactive и перечисленные технические границы; не exhaustive Double.","modTestProfileConfig.RunAudit03DurationConfigTests","docs/regression/Audit03/duration_v178_2026-10-03.txt; docs/regression/Audit03/full_off_duration_v179_2026-10-03.txt; docs/regression/Audit03/full_on_duration_v179_2026-10-03.txt","","docs/NDM_Audit03_Final_Config_Review.md"
"rngStabilityDurationLoads.Slot30.Mx, tf*m","rngStabilityDurationLoads","Config!R67","UserInput","User load units / ID / path / profile / comment","VerifiedEditableBehavior","Минимум K02: активный effect/invalid/inactive и перечисленные технические границы; не exhaustive Double.","modTestProfileConfig.RunAudit03DurationConfigTests","docs/regression/Audit03/duration_v178_2026-10-03.txt; docs/regression/Audit03/full_off_duration_v179_2026-10-03.txt; docs/regression/Audit03/full_on_duration_v179_2026-10-03.txt","","docs/NDM_Audit03_Final_Config_Review.md"
"rngStabilityDurationLoads.Slot30.My, tf*m","rngStabilityDurationLoads","Config!S67","UserInput","User load units / ID / path / profile / comment","VerifiedEditableBehavior","Минимум K02: активный effect/invalid/inactive и перечисленные технические границы; не exhaustive Double.","modTestProfileConfig.RunAudit03DurationConfigTests","docs/regression/Audit03/duration_v178_2026-10-03.txt; docs/regression/Audit03/full_off_duration_v179_2026-10-03.txt; docs/regression/Audit03/full_on_duration_v179_2026-10-03.txt","","docs/NDM_Audit03_Final_Config_Review.md"
"SP35.Table721.AI61","rngSP35Table721","Config!AI61","NormativeTableValue","-","VerifiedTableBehaviorAndReferenceClassification","Минимум K02: активный effect/invalid/inactive и перечисленные технические границы; не exhaustive Double.","audit03.table.behavior.2.1","docs/regression/Audit03/sp35_table_behavior_positive_v302_2026-10-05.txt; docs/regression/Audit03/sp35_table_invalid_positive_v302_2026-10-05.txt; docs/regression/Audit03/sp35_table_diagnostic_positive_v302_2026-10-05.txt","","docs/NDM_Audit03_Final_Config_Review.md"
"SP35.Table721.AJ61","rngSP35Table721","Config!AJ61","NormativeTableValue","-","VerifiedTableBehaviorAndReferenceClassification","Минимум K02: активный effect/invalid/inactive и перечисленные технические границы; не exhaustive Double.","audit03.table.behavior.2.2","docs/regression/Audit03/sp35_table_behavior_positive_v302_2026-10-05.txt; docs/regression/Audit03/sp35_table_invalid_positive_v302_2026-10-05.txt; docs/regression/Audit03/sp35_table_diagnostic_positive_v302_2026-10-05.txt","","docs/NDM_Audit03_Final_Config_Review.md"
"SP35.Table721.AK61","rngSP35Table721","Config!AK61","NormativeTableValue","-","VerifiedTableBehaviorAndReferenceClassification","Минимум K02: активный effect/invalid/inactive и перечисленные технические границы; не exhaustive Double.","audit03.table.behavior.2.3","docs/regression/Audit03/sp35_table_behavior_positive_v302_2026-10-05.txt; docs/regression/Audit03/sp35_table_invalid_positive_v302_2026-10-05.txt; docs/regression/Audit03/sp35_table_diagnostic_positive_v302_2026-10-05.txt","","docs/NDM_Audit03_Final_Config_Review.md"
"SP35.Table721.AL61","rngSP35Table721","Config!AL61","NormativeTableValue","-","VerifiedTableBehaviorAndReferenceClassification","Минимум K02: активный effect/invalid/inactive и перечисленные технические границы; не exhaustive Double.","audit03.table.behavior.2.4","docs/regression/Audit03/sp35_table_behavior_positive_v302_2026-10-05.txt; docs/regression/Audit03/sp35_table_invalid_positive_v302_2026-10-05.txt; docs/regression/Audit03/sp35_table_diagnostic_positive_v302_2026-10-05.txt","","docs/NDM_Audit03_Final_Config_Review.md"
"SP35.Table721.AM61","rngSP35Table721","Config!AM61","NormativeTableValue","-","VerifiedTableBehaviorAndReferenceClassification","Минимум K02: активный effect/invalid/inactive и перечисленные технические границы; не exhaustive Double.","audit03.table.behavior.2.5","docs/regression/Audit03/sp35_table_behavior_positive_v302_2026-10-05.txt; docs/regression/Audit03/sp35_table_invalid_positive_v302_2026-10-05.txt; docs/regression/Audit03/sp35_table_diagnostic_positive_v302_2026-10-05.txt","","docs/NDM_Audit03_Final_Config_Review.md"
"SP35.Table721.AN61","rngSP35Table721","Config!AN61","NormativeTableValue","-","VerifiedTableBehaviorAndReferenceClassification","Минимум K02: активный effect/invalid/inactive и перечисленные технические границы; не exhaustive Double.","audit03.table.behavior.2.6","docs/regression/Audit03/sp35_table_behavior_positive_v302_2026-10-05.txt; docs/regression/Audit03/sp35_table_invalid_positive_v302_2026-10-05.txt; docs/regression/Audit03/sp35_table_diagnostic_positive_v302_2026-10-05.txt","","docs/NDM_Audit03_Final_Config_Review.md"
"SP35.Table721.AO61","rngSP35Table721","Config!AO61","NormativeTableValue","-","VerifiedTableBehaviorAndReferenceClassification","Минимум K02: активный effect/invalid/inactive и перечисленные технические границы; не exhaustive Double.","audit03.table.behavior.2.7","docs/regression/Audit03/sp35_table_behavior_positive_v302_2026-10-05.txt; docs/regression/Audit03/sp35_table_invalid_positive_v302_2026-10-05.txt; docs/regression/Audit03/sp35_table_diagnostic_positive_v302_2026-10-05.txt","","docs/NDM_Audit03_Final_Config_Review.md"
"SP35.Table721.AP61","rngSP35Table721","Config!AP61","NormativeTableValue","-","VerifiedTableBehaviorAndReferenceClassification","Минимум K02: активный effect/invalid/inactive и перечисленные технические границы; не exhaustive Double.","audit03.table.behavior.2.8","docs/regression/Audit03/sp35_table_behavior_positive_v302_2026-10-05.txt; docs/regression/Audit03/sp35_table_invalid_positive_v302_2026-10-05.txt; docs/regression/Audit03/sp35_table_diagnostic_positive_v302_2026-10-05.txt","","docs/NDM_Audit03_Final_Config_Review.md"
"SP35.Table721.AI62","rngSP35Table721","Config!AI62","NormativeTableValue","-","VerifiedTableBehaviorAndReferenceClassification","Минимум K02: активный effect/invalid/inactive и перечисленные технические границы; не exhaustive Double.","audit03.table.behavior.3.1","docs/regression/Audit03/sp35_table_behavior_positive_v302_2026-10-05.txt; docs/regression/Audit03/sp35_table_invalid_positive_v302_2026-10-05.txt; docs/regression/Audit03/sp35_table_diagnostic_positive_v302_2026-10-05.txt","","docs/NDM_Audit03_Final_Config_Review.md"
"SP35.Table721.AJ62","rngSP35Table721","Config!AJ62","NormativeTableValue","-","VerifiedTableBehaviorAndReferenceClassification","Минимум K02: активный effect/invalid/inactive и перечисленные технические границы; не exhaustive Double.","audit03.table.behavior.3.2","docs/regression/Audit03/sp35_table_behavior_positive_v302_2026-10-05.txt; docs/regression/Audit03/sp35_table_invalid_positive_v302_2026-10-05.txt; docs/regression/Audit03/sp35_table_diagnostic_positive_v302_2026-10-05.txt","","docs/NDM_Audit03_Final_Config_Review.md"
"SP35.Table721.AK62","rngSP35Table721","Config!AK62","NormativeTableValue","-","VerifiedTableBehaviorAndReferenceClassification","Минимум K02: активный effect/invalid/inactive и перечисленные технические границы; не exhaustive Double.","audit03.table.behavior.3.3","docs/regression/Audit03/sp35_table_behavior_positive_v302_2026-10-05.txt; docs/regression/Audit03/sp35_table_invalid_positive_v302_2026-10-05.txt; docs/regression/Audit03/sp35_table_diagnostic_positive_v302_2026-10-05.txt","","docs/NDM_Audit03_Final_Config_Review.md"
"SP35.Table721.AL62","rngSP35Table721","Config!AL62","NormativeTableValue","-","VerifiedTableBehaviorAndReferenceClassification","Минимум K02: активный effect/invalid/inactive и перечисленные технические границы; не exhaustive Double.","audit03.table.behavior.3.4","docs/regression/Audit03/sp35_table_behavior_positive_v302_2026-10-05.txt; docs/regression/Audit03/sp35_table_invalid_positive_v302_2026-10-05.txt; docs/regression/Audit03/sp35_table_diagnostic_positive_v302_2026-10-05.txt","","docs/NDM_Audit03_Final_Config_Review.md"
"SP35.Table721.AM62","rngSP35Table721","Config!AM62","NormativeTableValue","-","VerifiedTableBehaviorAndReferenceClassification","Минимум K02: активный effect/invalid/inactive и перечисленные технические границы; не exhaustive Double.","audit03.table.behavior.3.5","docs/regression/Audit03/sp35_table_behavior_positive_v302_2026-10-05.txt; docs/regression/Audit03/sp35_table_invalid_positive_v302_2026-10-05.txt; docs/regression/Audit03/sp35_table_diagnostic_positive_v302_2026-10-05.txt","","docs/NDM_Audit03_Final_Config_Review.md"
"SP35.Table721.AN62","rngSP35Table721","Config!AN62","NormativeTableValue","-","VerifiedTableBehaviorAndReferenceClassification","Минимум K02: активный effect/invalid/inactive и перечисленные технические границы; не exhaustive Double.","audit03.table.behavior.3.6","docs/regression/Audit03/sp35_table_behavior_positive_v302_2026-10-05.txt; docs/regression/Audit03/sp35_table_invalid_positive_v302_2026-10-05.txt; docs/regression/Audit03/sp35_table_diagnostic_positive_v302_2026-10-05.txt","","docs/NDM_Audit03_Final_Config_Review.md"
"SP35.Table721.AO62","rngSP35Table721","Config!AO62","NormativeTableValue","-","VerifiedTableBehaviorAndReferenceClassification","Минимум K02: активный effect/invalid/inactive и перечисленные технические границы; не exhaustive Double.","audit03.table.behavior.3.7","docs/regression/Audit03/sp35_table_behavior_positive_v302_2026-10-05.txt; docs/regression/Audit03/sp35_table_invalid_positive_v302_2026-10-05.txt; docs/regression/Audit03/sp35_table_diagnostic_positive_v302_2026-10-05.txt","","docs/NDM_Audit03_Final_Config_Review.md"
"SP35.Table721.AP62","rngSP35Table721","Config!AP62","NormativeTableValue","-","VerifiedTableBehaviorAndReferenceClassification","Минимум K02: активный effect/invalid/inactive и перечисленные технические границы; не exhaustive Double.","audit03.table.behavior.3.8","docs/regression/Audit03/sp35_table_behavior_positive_v302_2026-10-05.txt; docs/regression/Audit03/sp35_table_invalid_positive_v302_2026-10-05.txt; docs/regression/Audit03/sp35_table_diagnostic_positive_v302_2026-10-05.txt","","docs/NDM_Audit03_Final_Config_Review.md"
"SP35.Table721.AI63","rngSP35Table721","Config!AI63","NormativeTableValue","-","VerifiedTableBehaviorAndReferenceClassification","Минимум K02: активный effect/invalid/inactive и перечисленные технические границы; не exhaustive Double.","audit03.table.behavior.4.1","docs/regression/Audit03/sp35_table_behavior_positive_v302_2026-10-05.txt; docs/regression/Audit03/sp35_table_invalid_positive_v302_2026-10-05.txt; docs/regression/Audit03/sp35_table_diagnostic_positive_v302_2026-10-05.txt","","docs/NDM_Audit03_Final_Config_Review.md"
"SP35.Table721.AJ63","rngSP35Table721","Config!AJ63","NormativeTableValue","-","VerifiedTableBehaviorAndReferenceClassification","Минимум K02: активный effect/invalid/inactive и перечисленные технические границы; не exhaustive Double.","audit03.table.behavior.4.2","docs/regression/Audit03/sp35_table_behavior_positive_v302_2026-10-05.txt; docs/regression/Audit03/sp35_table_invalid_positive_v302_2026-10-05.txt; docs/regression/Audit03/sp35_table_diagnostic_positive_v302_2026-10-05.txt","","docs/NDM_Audit03_Final_Config_Review.md"
"SP35.Table721.AK63","rngSP35Table721","Config!AK63","NormativeTableValue","-","VerifiedTableBehaviorAndReferenceClassification","Минимум K02: активный effect/invalid/inactive и перечисленные технические границы; не exhaustive Double.","audit03.table.behavior.4.3","docs/regression/Audit03/sp35_table_behavior_positive_v302_2026-10-05.txt; docs/regression/Audit03/sp35_table_invalid_positive_v302_2026-10-05.txt; docs/regression/Audit03/sp35_table_diagnostic_positive_v302_2026-10-05.txt","","docs/NDM_Audit03_Final_Config_Review.md"
"SP35.Table721.AL63","rngSP35Table721","Config!AL63","NormativeTableValue","-","VerifiedTableBehaviorAndReferenceClassification","Минимум K02: активный effect/invalid/inactive и перечисленные технические границы; не exhaustive Double.","audit03.table.behavior.4.4","docs/regression/Audit03/sp35_table_behavior_positive_v302_2026-10-05.txt; docs/regression/Audit03/sp35_table_invalid_positive_v302_2026-10-05.txt; docs/regression/Audit03/sp35_table_diagnostic_positive_v302_2026-10-05.txt","","docs/NDM_Audit03_Final_Config_Review.md"
"SP35.Table721.AM63","rngSP35Table721","Config!AM63","NormativeTableValue","-","VerifiedTableBehaviorAndReferenceClassification","Минимум K02: активный effect/invalid/inactive и перечисленные технические границы; не exhaustive Double.","audit03.table.behavior.4.5","docs/regression/Audit03/sp35_table_behavior_positive_v302_2026-10-05.txt; docs/regression/Audit03/sp35_table_invalid_positive_v302_2026-10-05.txt; docs/regression/Audit03/sp35_table_diagnostic_positive_v302_2026-10-05.txt","","docs/NDM_Audit03_Final_Config_Review.md"
"SP35.Table721.AN63","rngSP35Table721","Config!AN63","NormativeTableValue","-","VerifiedTableBehaviorAndReferenceClassification","Минимум K02: активный effect/invalid/inactive и перечисленные технические границы; не exhaustive Double.","audit03.table.behavior.4.6","docs/regression/Audit03/sp35_table_behavior_positive_v302_2026-10-05.txt; docs/regression/Audit03/sp35_table_invalid_positive_v302_2026-10-05.txt; docs/regression/Audit03/sp35_table_diagnostic_positive_v302_2026-10-05.txt","","docs/NDM_Audit03_Final_Config_Review.md"
"SP35.Table721.AO63","rngSP35Table721","Config!AO63","NormativeTableValue","-","VerifiedTableBehaviorAndReferenceClassification","Минимум K02: активный effect/invalid/inactive и перечисленные технические границы; не exhaustive Double.","audit03.table.behavior.4.7","docs/regression/Audit03/sp35_table_behavior_positive_v302_2026-10-05.txt; docs/regression/Audit03/sp35_table_invalid_positive_v302_2026-10-05.txt; docs/regression/Audit03/sp35_table_diagnostic_positive_v302_2026-10-05.txt","","docs/NDM_Audit03_Final_Config_Review.md"
"SP35.Table721.AP63","rngSP35Table721","Config!AP63","NormativeTableValue","-","VerifiedTableBehaviorAndReferenceClassification","Минимум K02: активный effect/invalid/inactive и перечисленные технические границы; не exhaustive Double.","audit03.table.behavior.4.8","docs/regression/Audit03/sp35_table_behavior_positive_v302_2026-10-05.txt; docs/regression/Audit03/sp35_table_invalid_positive_v302_2026-10-05.txt; docs/regression/Audit03/sp35_table_diagnostic_positive_v302_2026-10-05.txt","","docs/NDM_Audit03_Final_Config_Review.md"
"SP35.Table721.AI64","rngSP35Table721","Config!AI64","NormativeTableValue","-","VerifiedTableBehaviorAndReferenceClassification","Минимум K02: активный effect/invalid/inactive и перечисленные технические границы; не exhaustive Double.","audit03.table.behavior.5.1","docs/regression/Audit03/sp35_table_behavior_positive_v302_2026-10-05.txt; docs/regression/Audit03/sp35_table_invalid_positive_v302_2026-10-05.txt; docs/regression/Audit03/sp35_table_diagnostic_positive_v302_2026-10-05.txt","","docs/NDM_Audit03_Final_Config_Review.md"
"SP35.Table721.AJ64","rngSP35Table721","Config!AJ64","NormativeTableValue","-","VerifiedTableBehaviorAndReferenceClassification","Минимум K02: активный effect/invalid/inactive и перечисленные технические границы; не exhaustive Double.","audit03.table.behavior.5.2","docs/regression/Audit03/sp35_table_behavior_positive_v302_2026-10-05.txt; docs/regression/Audit03/sp35_table_invalid_positive_v302_2026-10-05.txt; docs/regression/Audit03/sp35_table_diagnostic_positive_v302_2026-10-05.txt","","docs/NDM_Audit03_Final_Config_Review.md"
"SP35.Table721.AK64","rngSP35Table721","Config!AK64","NormativeTableValue","-","VerifiedTableBehaviorAndReferenceClassification","Минимум K02: активный effect/invalid/inactive и перечисленные технические границы; не exhaustive Double.","audit03.table.behavior.5.3","docs/regression/Audit03/sp35_table_behavior_positive_v302_2026-10-05.txt; docs/regression/Audit03/sp35_table_invalid_positive_v302_2026-10-05.txt; docs/regression/Audit03/sp35_table_diagnostic_positive_v302_2026-10-05.txt","","docs/NDM_Audit03_Final_Config_Review.md"
"SP35.Table721.AL64","rngSP35Table721","Config!AL64","NormativeTableValue","-","VerifiedTableBehaviorAndReferenceClassification","Минимум K02: активный effect/invalid/inactive и перечисленные технические границы; не exhaustive Double.","audit03.table.behavior.5.4","docs/regression/Audit03/sp35_table_behavior_positive_v302_2026-10-05.txt; docs/regression/Audit03/sp35_table_invalid_positive_v302_2026-10-05.txt; docs/regression/Audit03/sp35_table_diagnostic_positive_v302_2026-10-05.txt","","docs/NDM_Audit03_Final_Config_Review.md"
"SP35.Table721.AM64","rngSP35Table721","Config!AM64","NormativeTableValue","-","VerifiedTableBehaviorAndReferenceClassification","Минимум K02: активный effect/invalid/inactive и перечисленные технические границы; не exhaustive Double.","audit03.table.behavior.5.5","docs/regression/Audit03/sp35_table_behavior_positive_v302_2026-10-05.txt; docs/regression/Audit03/sp35_table_invalid_positive_v302_2026-10-05.txt; docs/regression/Audit03/sp35_table_diagnostic_positive_v302_2026-10-05.txt","","docs/NDM_Audit03_Final_Config_Review.md"
"SP35.Table721.AN64","rngSP35Table721","Config!AN64","NormativeTableValue","-","VerifiedTableBehaviorAndReferenceClassification","Минимум K02: активный effect/invalid/inactive и перечисленные технические границы; не exhaustive Double.","audit03.table.behavior.5.6","docs/regression/Audit03/sp35_table_behavior_positive_v302_2026-10-05.txt; docs/regression/Audit03/sp35_table_invalid_positive_v302_2026-10-05.txt; docs/regression/Audit03/sp35_table_diagnostic_positive_v302_2026-10-05.txt","","docs/NDM_Audit03_Final_Config_Review.md"
"SP35.Table721.AO64","rngSP35Table721","Config!AO64","NormativeTableValue","-","VerifiedTableBehaviorAndReferenceClassification","Минимум K02: активный effect/invalid/inactive и перечисленные технические границы; не exhaustive Double.","audit03.table.behavior.5.7","docs/regression/Audit03/sp35_table_behavior_positive_v302_2026-10-05.txt; docs/regression/Audit03/sp35_table_invalid_positive_v302_2026-10-05.txt; docs/regression/Audit03/sp35_table_diagnostic_positive_v302_2026-10-05.txt","","docs/NDM_Audit03_Final_Config_Review.md"
"SP35.Table721.AP64","rngSP35Table721","Config!AP64","NormativeTableValue","-","VerifiedTableBehaviorAndReferenceClassification","Минимум K02: активный effect/invalid/inactive и перечисленные технические границы; не exhaustive Double.","audit03.table.behavior.5.8","docs/regression/Audit03/sp35_table_behavior_positive_v302_2026-10-05.txt; docs/regression/Audit03/sp35_table_invalid_positive_v302_2026-10-05.txt; docs/regression/Audit03/sp35_table_diagnostic_positive_v302_2026-10-05.txt","","docs/NDM_Audit03_Final_Config_Review.md"
"SP35.Table721.AI65","rngSP35Table721","Config!AI65","NormativeTableValue","-","VerifiedTableBehaviorAndReferenceClassification","Минимум K02: активный effect/invalid/inactive и перечисленные технические границы; не exhaustive Double.","audit03.table.behavior.6.1","docs/regression/Audit03/sp35_table_behavior_positive_v302_2026-10-05.txt; docs/regression/Audit03/sp35_table_invalid_positive_v302_2026-10-05.txt; docs/regression/Audit03/sp35_table_diagnostic_positive_v302_2026-10-05.txt","","docs/NDM_Audit03_Final_Config_Review.md"
"SP35.Table721.AJ65","rngSP35Table721","Config!AJ65","NormativeTableValue","-","VerifiedTableBehaviorAndReferenceClassification","Минимум K02: активный effect/invalid/inactive и перечисленные технические границы; не exhaustive Double.","audit03.table.behavior.6.2","docs/regression/Audit03/sp35_table_behavior_positive_v302_2026-10-05.txt; docs/regression/Audit03/sp35_table_invalid_positive_v302_2026-10-05.txt; docs/regression/Audit03/sp35_table_diagnostic_positive_v302_2026-10-05.txt","","docs/NDM_Audit03_Final_Config_Review.md"
"SP35.Table721.AK65","rngSP35Table721","Config!AK65","NormativeTableValue","-","VerifiedTableBehaviorAndReferenceClassification","Минимум K02: активный effect/invalid/inactive и перечисленные технические границы; не exhaustive Double.","audit03.table.behavior.6.3","docs/regression/Audit03/sp35_table_behavior_positive_v302_2026-10-05.txt; docs/regression/Audit03/sp35_table_invalid_positive_v302_2026-10-05.txt; docs/regression/Audit03/sp35_table_diagnostic_positive_v302_2026-10-05.txt","","docs/NDM_Audit03_Final_Config_Review.md"
"SP35.Table721.AL65","rngSP35Table721","Config!AL65","NormativeTableValue","-","VerifiedTableBehaviorAndReferenceClassification","Минимум K02: активный effect/invalid/inactive и перечисленные технические границы; не exhaustive Double.","audit03.table.behavior.6.4","docs/regression/Audit03/sp35_table_behavior_positive_v302_2026-10-05.txt; docs/regression/Audit03/sp35_table_invalid_positive_v302_2026-10-05.txt; docs/regression/Audit03/sp35_table_diagnostic_positive_v302_2026-10-05.txt","","docs/NDM_Audit03_Final_Config_Review.md"
"SP35.Table721.AM65","rngSP35Table721","Config!AM65","NormativeTableValue","-","VerifiedTableBehaviorAndReferenceClassification","Минимум K02: активный effect/invalid/inactive и перечисленные технические границы; не exhaustive Double.","audit03.table.behavior.6.5","docs/regression/Audit03/sp35_table_behavior_positive_v302_2026-10-05.txt; docs/regression/Audit03/sp35_table_invalid_positive_v302_2026-10-05.txt; docs/regression/Audit03/sp35_table_diagnostic_positive_v302_2026-10-05.txt","","docs/NDM_Audit03_Final_Config_Review.md"
"SP35.Table721.AN65","rngSP35Table721","Config!AN65","NormativeTableValue","-","VerifiedTableBehaviorAndReferenceClassification","Минимум K02: активный effect/invalid/inactive и перечисленные технические границы; не exhaustive Double.","audit03.table.behavior.6.6","docs/regression/Audit03/sp35_table_behavior_positive_v302_2026-10-05.txt; docs/regression/Audit03/sp35_table_invalid_positive_v302_2026-10-05.txt; docs/regression/Audit03/sp35_table_diagnostic_positive_v302_2026-10-05.txt","","docs/NDM_Audit03_Final_Config_Review.md"
"SP35.Table721.AO65","rngSP35Table721","Config!AO65","NormativeTableValue","-","VerifiedTableBehaviorAndReferenceClassification","Минимум K02: активный effect/invalid/inactive и перечисленные технические границы; не exhaustive Double.","audit03.table.behavior.6.7","docs/regression/Audit03/sp35_table_behavior_positive_v302_2026-10-05.txt; docs/regression/Audit03/sp35_table_invalid_positive_v302_2026-10-05.txt; docs/regression/Audit03/sp35_table_diagnostic_positive_v302_2026-10-05.txt","","docs/NDM_Audit03_Final_Config_Review.md"
"SP35.Table721.AP65","rngSP35Table721","Config!AP65","NormativeTableValue","-","VerifiedTableBehaviorAndReferenceClassification","Минимум K02: активный effect/invalid/inactive и перечисленные технические границы; не exhaustive Double.","audit03.table.behavior.6.8","docs/regression/Audit03/sp35_table_behavior_positive_v302_2026-10-05.txt; docs/regression/Audit03/sp35_table_invalid_positive_v302_2026-10-05.txt; docs/regression/Audit03/sp35_table_diagnostic_positive_v302_2026-10-05.txt","","docs/NDM_Audit03_Final_Config_Review.md"
"SP35.Table721.AI66","rngSP35Table721","Config!AI66","NormativeTableValue","-","VerifiedTableBehaviorAndReferenceClassification","Минимум K02: активный effect/invalid/inactive и перечисленные технические границы; не exhaustive Double.","audit03.table.behavior.7.1","docs/regression/Audit03/sp35_table_behavior_positive_v302_2026-10-05.txt; docs/regression/Audit03/sp35_table_invalid_positive_v302_2026-10-05.txt; docs/regression/Audit03/sp35_table_diagnostic_positive_v302_2026-10-05.txt","","docs/NDM_Audit03_Final_Config_Review.md"
"SP35.Table721.AJ66","rngSP35Table721","Config!AJ66","NormativeTableValue","-","VerifiedTableBehaviorAndReferenceClassification","Минимум K02: активный effect/invalid/inactive и перечисленные технические границы; не exhaustive Double.","audit03.table.behavior.7.2","docs/regression/Audit03/sp35_table_behavior_positive_v302_2026-10-05.txt; docs/regression/Audit03/sp35_table_invalid_positive_v302_2026-10-05.txt; docs/regression/Audit03/sp35_table_diagnostic_positive_v302_2026-10-05.txt","","docs/NDM_Audit03_Final_Config_Review.md"
"SP35.Table721.AK66","rngSP35Table721","Config!AK66","NormativeTableValue","-","VerifiedTableBehaviorAndReferenceClassification","Минимум K02: активный effect/invalid/inactive и перечисленные технические границы; не exhaustive Double.","audit03.table.behavior.7.3","docs/regression/Audit03/sp35_table_behavior_positive_v302_2026-10-05.txt; docs/regression/Audit03/sp35_table_invalid_positive_v302_2026-10-05.txt; docs/regression/Audit03/sp35_table_diagnostic_positive_v302_2026-10-05.txt","","docs/NDM_Audit03_Final_Config_Review.md"
"SP35.Table721.AL66","rngSP35Table721","Config!AL66","NormativeTableValue","-","VerifiedTableBehaviorAndReferenceClassification","Минимум K02: активный effect/invalid/inactive и перечисленные технические границы; не exhaustive Double.","audit03.table.behavior.7.4","docs/regression/Audit03/sp35_table_behavior_positive_v302_2026-10-05.txt; docs/regression/Audit03/sp35_table_invalid_positive_v302_2026-10-05.txt; docs/regression/Audit03/sp35_table_diagnostic_positive_v302_2026-10-05.txt","","docs/NDM_Audit03_Final_Config_Review.md"
"SP35.Table721.AM66","rngSP35Table721","Config!AM66","NormativeTableValue","-","VerifiedTableBehaviorAndReferenceClassification","Минимум K02: активный effect/invalid/inactive и перечисленные технические границы; не exhaustive Double.","audit03.table.behavior.7.5","docs/regression/Audit03/sp35_table_behavior_positive_v302_2026-10-05.txt; docs/regression/Audit03/sp35_table_invalid_positive_v302_2026-10-05.txt; docs/regression/Audit03/sp35_table_diagnostic_positive_v302_2026-10-05.txt","","docs/NDM_Audit03_Final_Config_Review.md"
"SP35.Table721.AN66","rngSP35Table721","Config!AN66","NormativeTableValue","-","VerifiedTableBehaviorAndReferenceClassification","Минимум K02: активный effect/invalid/inactive и перечисленные технические границы; не exhaustive Double.","audit03.table.behavior.7.6","docs/regression/Audit03/sp35_table_behavior_positive_v302_2026-10-05.txt; docs/regression/Audit03/sp35_table_invalid_positive_v302_2026-10-05.txt; docs/regression/Audit03/sp35_table_diagnostic_positive_v302_2026-10-05.txt","","docs/NDM_Audit03_Final_Config_Review.md"
"SP35.Table721.AO66","rngSP35Table721","Config!AO66","NormativeTableValue","-","VerifiedTableBehaviorAndReferenceClassification","Минимум K02: активный effect/invalid/inactive и перечисленные технические границы; не exhaustive Double.","audit03.table.behavior.7.7","docs/regression/Audit03/sp35_table_behavior_positive_v302_2026-10-05.txt; docs/regression/Audit03/sp35_table_invalid_positive_v302_2026-10-05.txt; docs/regression/Audit03/sp35_table_diagnostic_positive_v302_2026-10-05.txt","","docs/NDM_Audit03_Final_Config_Review.md"
"SP35.Table721.AP66","rngSP35Table721","Config!AP66","NormativeTableValue","-","VerifiedTableBehaviorAndReferenceClassification","Минимум K02: активный effect/invalid/inactive и перечисленные технические границы; не exhaustive Double.","audit03.table.behavior.7.8","docs/regression/Audit03/sp35_table_behavior_positive_v302_2026-10-05.txt; docs/regression/Audit03/sp35_table_invalid_positive_v302_2026-10-05.txt; docs/regression/Audit03/sp35_table_diagnostic_positive_v302_2026-10-05.txt","","docs/NDM_Audit03_Final_Config_Review.md"
"SP35.Table721.AI67","rngSP35Table721","Config!AI67","NormativeTableValue","-","VerifiedTableBehaviorAndReferenceClassification","Минимум K02: активный effect/invalid/inactive и перечисленные технические границы; не exhaustive Double.","audit03.table.behavior.8.1","docs/regression/Audit03/sp35_table_behavior_positive_v302_2026-10-05.txt; docs/regression/Audit03/sp35_table_invalid_positive_v302_2026-10-05.txt; docs/regression/Audit03/sp35_table_diagnostic_positive_v302_2026-10-05.txt","","docs/NDM_Audit03_Final_Config_Review.md"
"SP35.Table721.AJ67","rngSP35Table721","Config!AJ67","NormativeTableValue","-","VerifiedTableBehaviorAndReferenceClassification","Минимум K02: активный effect/invalid/inactive и перечисленные технические границы; не exhaustive Double.","audit03.table.behavior.8.2","docs/regression/Audit03/sp35_table_behavior_positive_v302_2026-10-05.txt; docs/regression/Audit03/sp35_table_invalid_positive_v302_2026-10-05.txt; docs/regression/Audit03/sp35_table_diagnostic_positive_v302_2026-10-05.txt","","docs/NDM_Audit03_Final_Config_Review.md"
"SP35.Table721.AK67","rngSP35Table721","Config!AK67","NormativeTableValue","-","VerifiedTableBehaviorAndReferenceClassification","Минимум K02: активный effect/invalid/inactive и перечисленные технические границы; не exhaustive Double.","audit03.table.behavior.8.3","docs/regression/Audit03/sp35_table_behavior_positive_v302_2026-10-05.txt; docs/regression/Audit03/sp35_table_invalid_positive_v302_2026-10-05.txt; docs/regression/Audit03/sp35_table_diagnostic_positive_v302_2026-10-05.txt","","docs/NDM_Audit03_Final_Config_Review.md"
"SP35.Table721.AL67","rngSP35Table721","Config!AL67","NormativeTableValue","-","VerifiedTableBehaviorAndReferenceClassification","Минимум K02: активный effect/invalid/inactive и перечисленные технические границы; не exhaustive Double.","audit03.table.behavior.8.4","docs/regression/Audit03/sp35_table_behavior_positive_v302_2026-10-05.txt; docs/regression/Audit03/sp35_table_invalid_positive_v302_2026-10-05.txt; docs/regression/Audit03/sp35_table_diagnostic_positive_v302_2026-10-05.txt","","docs/NDM_Audit03_Final_Config_Review.md"
"SP35.Table721.AM67","rngSP35Table721","Config!AM67","NormativeTableValue","-","VerifiedTableBehaviorAndReferenceClassification","Минимум K02: активный effect/invalid/inactive и перечисленные технические границы; не exhaustive Double.","audit03.table.behavior.8.5","docs/regression/Audit03/sp35_table_behavior_positive_v302_2026-10-05.txt; docs/regression/Audit03/sp35_table_invalid_positive_v302_2026-10-05.txt; docs/regression/Audit03/sp35_table_diagnostic_positive_v302_2026-10-05.txt","","docs/NDM_Audit03_Final_Config_Review.md"
"SP35.Table721.AN67","rngSP35Table721","Config!AN67","NormativeTableValue","-","VerifiedTableBehaviorAndReferenceClassification","Минимум K02: активный effect/invalid/inactive и перечисленные технические границы; не exhaustive Double.","audit03.table.behavior.8.6","docs/regression/Audit03/sp35_table_behavior_positive_v302_2026-10-05.txt; docs/regression/Audit03/sp35_table_invalid_positive_v302_2026-10-05.txt; docs/regression/Audit03/sp35_table_diagnostic_positive_v302_2026-10-05.txt","","docs/NDM_Audit03_Final_Config_Review.md"
"SP35.Table721.AO67","rngSP35Table721","Config!AO67","NormativeTableValue","-","VerifiedTableBehaviorAndReferenceClassification","Минимум K02: активный effect/invalid/inactive и перечисленные технические границы; не exhaustive Double.","audit03.table.behavior.8.7","docs/regression/Audit03/sp35_table_behavior_positive_v302_2026-10-05.txt; docs/regression/Audit03/sp35_table_invalid_positive_v302_2026-10-05.txt; docs/regression/Audit03/sp35_table_diagnostic_positive_v302_2026-10-05.txt","","docs/NDM_Audit03_Final_Config_Review.md"
"SP35.Table721.AP67","rngSP35Table721","Config!AP67","NormativeTableValue","-","VerifiedTableBehaviorAndReferenceClassification","Минимум K02: активный effect/invalid/inactive и перечисленные технические границы; не exhaustive Double.","audit03.table.behavior.8.8","docs/regression/Audit03/sp35_table_behavior_positive_v302_2026-10-05.txt; docs/regression/Audit03/sp35_table_invalid_positive_v302_2026-10-05.txt; docs/regression/Audit03/sp35_table_diagnostic_positive_v302_2026-10-05.txt","","docs/NDM_Audit03_Final_Config_Review.md"
"SP35.Table721.AI68","rngSP35Table721","Config!AI68","NormativeTableValue","-","VerifiedTableBehaviorAndReferenceClassification","Минимум K02: активный effect/invalid/inactive и перечисленные технические границы; не exhaustive Double.","audit03.table.behavior.9.1","docs/regression/Audit03/sp35_table_behavior_positive_v302_2026-10-05.txt; docs/regression/Audit03/sp35_table_invalid_positive_v302_2026-10-05.txt; docs/regression/Audit03/sp35_table_diagnostic_positive_v302_2026-10-05.txt","","docs/NDM_Audit03_Final_Config_Review.md"
"SP35.Table721.AJ68","rngSP35Table721","Config!AJ68","NormativeTableValue","-","VerifiedTableBehaviorAndReferenceClassification","Минимум K02: активный effect/invalid/inactive и перечисленные технические границы; не exhaustive Double.","audit03.table.behavior.9.2","docs/regression/Audit03/sp35_table_behavior_positive_v302_2026-10-05.txt; docs/regression/Audit03/sp35_table_invalid_positive_v302_2026-10-05.txt; docs/regression/Audit03/sp35_table_diagnostic_positive_v302_2026-10-05.txt","","docs/NDM_Audit03_Final_Config_Review.md"
"SP35.Table721.AK68","rngSP35Table721","Config!AK68","NormativeTableValue","-","VerifiedTableBehaviorAndReferenceClassification","Минимум K02: активный effect/invalid/inactive и перечисленные технические границы; не exhaustive Double.","audit03.table.behavior.9.3","docs/regression/Audit03/sp35_table_behavior_positive_v302_2026-10-05.txt; docs/regression/Audit03/sp35_table_invalid_positive_v302_2026-10-05.txt; docs/regression/Audit03/sp35_table_diagnostic_positive_v302_2026-10-05.txt","","docs/NDM_Audit03_Final_Config_Review.md"
"SP35.Table721.AL68","rngSP35Table721","Config!AL68","NormativeTableValue","-","VerifiedTableBehaviorAndReferenceClassification","Минимум K02: активный effect/invalid/inactive и перечисленные технические границы; не exhaustive Double.","audit03.table.behavior.9.4","docs/regression/Audit03/sp35_table_behavior_positive_v302_2026-10-05.txt; docs/regression/Audit03/sp35_table_invalid_positive_v302_2026-10-05.txt; docs/regression/Audit03/sp35_table_diagnostic_positive_v302_2026-10-05.txt","","docs/NDM_Audit03_Final_Config_Review.md"
"SP35.Table721.AM68","rngSP35Table721","Config!AM68","NormativeTableValue","-","VerifiedTableBehaviorAndReferenceClassification","Минимум K02: активный effect/invalid/inactive и перечисленные технические границы; не exhaustive Double.","audit03.table.behavior.9.5","docs/regression/Audit03/sp35_table_behavior_positive_v302_2026-10-05.txt; docs/regression/Audit03/sp35_table_invalid_positive_v302_2026-10-05.txt; docs/regression/Audit03/sp35_table_diagnostic_positive_v302_2026-10-05.txt","","docs/NDM_Audit03_Final_Config_Review.md"
"SP35.Table721.AN68","rngSP35Table721","Config!AN68","NormativeTableValue","-","VerifiedTableBehaviorAndReferenceClassification","Минимум K02: активный effect/invalid/inactive и перечисленные технические границы; не exhaustive Double.","audit03.table.behavior.9.6","docs/regression/Audit03/sp35_table_behavior_positive_v302_2026-10-05.txt; docs/regression/Audit03/sp35_table_invalid_positive_v302_2026-10-05.txt; docs/regression/Audit03/sp35_table_diagnostic_positive_v302_2026-10-05.txt","","docs/NDM_Audit03_Final_Config_Review.md"
"SP35.Table721.AO68","rngSP35Table721","Config!AO68","NormativeTableValue","-","VerifiedTableBehaviorAndReferenceClassification","Минимум K02: активный effect/invalid/inactive и перечисленные технические границы; не exhaustive Double.","audit03.table.behavior.9.7","docs/regression/Audit03/sp35_table_behavior_positive_v302_2026-10-05.txt; docs/regression/Audit03/sp35_table_invalid_positive_v302_2026-10-05.txt; docs/regression/Audit03/sp35_table_diagnostic_positive_v302_2026-10-05.txt","","docs/NDM_Audit03_Final_Config_Review.md"
"SP35.Table721.AP68","rngSP35Table721","Config!AP68","NormativeTableValue","-","VerifiedTableBehaviorAndReferenceClassification","Минимум K02: активный effect/invalid/inactive и перечисленные технические границы; не exhaustive Double.","audit03.table.behavior.9.8","docs/regression/Audit03/sp35_table_behavior_positive_v302_2026-10-05.txt; docs/regression/Audit03/sp35_table_invalid_positive_v302_2026-10-05.txt; docs/regression/Audit03/sp35_table_diagnostic_positive_v302_2026-10-05.txt","","docs/NDM_Audit03_Final_Config_Review.md"
"SP35.Table721.AI69","rngSP35Table721","Config!AI69","NormativeTableValue","-","VerifiedTableBehaviorAndReferenceClassification","Минимум K02: активный effect/invalid/inactive и перечисленные технические границы; не exhaustive Double.","audit03.table.behavior.10.1","docs/regression/Audit03/sp35_table_behavior_positive_v302_2026-10-05.txt; docs/regression/Audit03/sp35_table_invalid_positive_v302_2026-10-05.txt; docs/regression/Audit03/sp35_table_diagnostic_positive_v302_2026-10-05.txt","","docs/NDM_Audit03_Final_Config_Review.md"
"SP35.Table721.AJ69","rngSP35Table721","Config!AJ69","NormativeTableValue","-","VerifiedTableBehaviorAndReferenceClassification","Минимум K02: активный effect/invalid/inactive и перечисленные технические границы; не exhaustive Double.","audit03.table.behavior.10.2","docs/regression/Audit03/sp35_table_behavior_positive_v302_2026-10-05.txt; docs/regression/Audit03/sp35_table_invalid_positive_v302_2026-10-05.txt; docs/regression/Audit03/sp35_table_diagnostic_positive_v302_2026-10-05.txt","","docs/NDM_Audit03_Final_Config_Review.md"
"SP35.Table721.AK69","rngSP35Table721","Config!AK69","NormativeTableValue","-","VerifiedTableBehaviorAndReferenceClassification","Минимум K02: активный effect/invalid/inactive и перечисленные технические границы; не exhaustive Double.","audit03.table.behavior.10.3","docs/regression/Audit03/sp35_table_behavior_positive_v302_2026-10-05.txt; docs/regression/Audit03/sp35_table_invalid_positive_v302_2026-10-05.txt; docs/regression/Audit03/sp35_table_diagnostic_positive_v302_2026-10-05.txt","","docs/NDM_Audit03_Final_Config_Review.md"
"SP35.Table721.AL69","rngSP35Table721","Config!AL69","NormativeTableValue","-","VerifiedTableBehaviorAndReferenceClassification","Минимум K02: активный effect/invalid/inactive и перечисленные технические границы; не exhaustive Double.","audit03.table.behavior.10.4","docs/regression/Audit03/sp35_table_behavior_positive_v302_2026-10-05.txt; docs/regression/Audit03/sp35_table_invalid_positive_v302_2026-10-05.txt; docs/regression/Audit03/sp35_table_diagnostic_positive_v302_2026-10-05.txt","","docs/NDM_Audit03_Final_Config_Review.md"
"SP35.Table721.AM69","rngSP35Table721","Config!AM69","NormativeTableValue","-","VerifiedTableBehaviorAndReferenceClassification","Минимум K02: активный effect/invalid/inactive и перечисленные технические границы; не exhaustive Double.","audit03.table.behavior.10.5","docs/regression/Audit03/sp35_table_behavior_positive_v302_2026-10-05.txt; docs/regression/Audit03/sp35_table_invalid_positive_v302_2026-10-05.txt; docs/regression/Audit03/sp35_table_diagnostic_positive_v302_2026-10-05.txt","","docs/NDM_Audit03_Final_Config_Review.md"
"SP35.Table721.AN69","rngSP35Table721","Config!AN69","NormativeTableValue","-","VerifiedTableBehaviorAndReferenceClassification","Минимум K02: активный effect/invalid/inactive и перечисленные технические границы; не exhaustive Double.","audit03.table.behavior.10.6","docs/regression/Audit03/sp35_table_behavior_positive_v302_2026-10-05.txt; docs/regression/Audit03/sp35_table_invalid_positive_v302_2026-10-05.txt; docs/regression/Audit03/sp35_table_diagnostic_positive_v302_2026-10-05.txt","","docs/NDM_Audit03_Final_Config_Review.md"
"SP35.Table721.AO69","rngSP35Table721","Config!AO69","NormativeTableValue","-","VerifiedTableBehaviorAndReferenceClassification","Минимум K02: активный effect/invalid/inactive и перечисленные технические границы; не exhaustive Double.","audit03.table.behavior.10.7","docs/regression/Audit03/sp35_table_behavior_positive_v302_2026-10-05.txt; docs/regression/Audit03/sp35_table_invalid_positive_v302_2026-10-05.txt; docs/regression/Audit03/sp35_table_diagnostic_positive_v302_2026-10-05.txt","","docs/NDM_Audit03_Final_Config_Review.md"
"SP35.Table721.AP69","rngSP35Table721","Config!AP69","NormativeTableValue","-","VerifiedTableBehaviorAndReferenceClassification","Минимум K02: активный effect/invalid/inactive и перечисленные технические границы; не exhaustive Double.","audit03.table.behavior.10.8","docs/regression/Audit03/sp35_table_behavior_positive_v302_2026-10-05.txt; docs/regression/Audit03/sp35_table_invalid_positive_v302_2026-10-05.txt; docs/regression/Audit03/sp35_table_diagnostic_positive_v302_2026-10-05.txt","","docs/NDM_Audit03_Final_Config_Review.md"
"SP35.Table721.AI70","rngSP35Table721","Config!AI70","NormativeTableValue","-","VerifiedTableBehaviorAndReferenceClassification","Минимум K02: активный effect/invalid/inactive и перечисленные технические границы; не exhaustive Double.","audit03.table.behavior.11.1","docs/regression/Audit03/sp35_table_behavior_positive_v302_2026-10-05.txt; docs/regression/Audit03/sp35_table_invalid_positive_v302_2026-10-05.txt; docs/regression/Audit03/sp35_table_diagnostic_positive_v302_2026-10-05.txt","","docs/NDM_Audit03_Final_Config_Review.md"
"SP35.Table721.AJ70","rngSP35Table721","Config!AJ70","NormativeTableValue","-","VerifiedTableBehaviorAndReferenceClassification","Минимум K02: активный effect/invalid/inactive и перечисленные технические границы; не exhaustive Double.","audit03.table.behavior.11.2","docs/regression/Audit03/sp35_table_behavior_positive_v302_2026-10-05.txt; docs/regression/Audit03/sp35_table_invalid_positive_v302_2026-10-05.txt; docs/regression/Audit03/sp35_table_diagnostic_positive_v302_2026-10-05.txt","","docs/NDM_Audit03_Final_Config_Review.md"
"SP35.Table721.AK70","rngSP35Table721","Config!AK70","NormativeTableValue","-","VerifiedTableBehaviorAndReferenceClassification","Минимум K02: активный effect/invalid/inactive и перечисленные технические границы; не exhaustive Double.","audit03.table.behavior.11.3","docs/regression/Audit03/sp35_table_behavior_positive_v302_2026-10-05.txt; docs/regression/Audit03/sp35_table_invalid_positive_v302_2026-10-05.txt; docs/regression/Audit03/sp35_table_diagnostic_positive_v302_2026-10-05.txt","","docs/NDM_Audit03_Final_Config_Review.md"
"SP35.Table721.AL70","rngSP35Table721","Config!AL70","NormativeTableValue","-","VerifiedTableBehaviorAndReferenceClassification","Минимум K02: активный effect/invalid/inactive и перечисленные технические границы; не exhaustive Double.","audit03.table.behavior.11.4","docs/regression/Audit03/sp35_table_behavior_positive_v302_2026-10-05.txt; docs/regression/Audit03/sp35_table_invalid_positive_v302_2026-10-05.txt; docs/regression/Audit03/sp35_table_diagnostic_positive_v302_2026-10-05.txt","","docs/NDM_Audit03_Final_Config_Review.md"
"SP35.Table721.AM70","rngSP35Table721","Config!AM70","NormativeTableValue","-","VerifiedTableBehaviorAndReferenceClassification","Минимум K02: активный effect/invalid/inactive и перечисленные технические границы; не exhaustive Double.","audit03.table.behavior.11.5","docs/regression/Audit03/sp35_table_behavior_positive_v302_2026-10-05.txt; docs/regression/Audit03/sp35_table_invalid_positive_v302_2026-10-05.txt; docs/regression/Audit03/sp35_table_diagnostic_positive_v302_2026-10-05.txt","","docs/NDM_Audit03_Final_Config_Review.md"
"SP35.Table721.AN70","rngSP35Table721","Config!AN70","NormativeTableValue","-","VerifiedTableBehaviorAndReferenceClassification","Минимум K02: активный effect/invalid/inactive и перечисленные технические границы; не exhaustive Double.","audit03.table.behavior.11.6","docs/regression/Audit03/sp35_table_behavior_positive_v302_2026-10-05.txt; docs/regression/Audit03/sp35_table_invalid_positive_v302_2026-10-05.txt; docs/regression/Audit03/sp35_table_diagnostic_positive_v302_2026-10-05.txt","","docs/NDM_Audit03_Final_Config_Review.md"
"SP35.Table721.AO70","rngSP35Table721","Config!AO70","NormativeTableValue","-","VerifiedTableBehaviorAndReferenceClassification","Минимум K02: активный effect/invalid/inactive и перечисленные технические границы; не exhaustive Double.","audit03.table.behavior.11.7","docs/regression/Audit03/sp35_table_behavior_positive_v302_2026-10-05.txt; docs/regression/Audit03/sp35_table_invalid_positive_v302_2026-10-05.txt; docs/regression/Audit03/sp35_table_diagnostic_positive_v302_2026-10-05.txt","","docs/NDM_Audit03_Final_Config_Review.md"
"SP35.Table721.AP70","rngSP35Table721","Config!AP70","NormativeTableValue","-","VerifiedTableBehaviorAndReferenceClassification","Минимум K02: активный effect/invalid/inactive и перечисленные технические границы; не exhaustive Double.","audit03.table.behavior.11.8","docs/regression/Audit03/sp35_table_behavior_positive_v302_2026-10-05.txt; docs/regression/Audit03/sp35_table_invalid_positive_v302_2026-10-05.txt; docs/regression/Audit03/sp35_table_diagnostic_positive_v302_2026-10-05.txt","","docs/NDM_Audit03_Final_Config_Review.md"
"SP35.Table721.AI71","rngSP35Table721","Config!AI71","NormativeTableValue","-","VerifiedTableBehaviorAndReferenceClassification","Минимум K02: активный effect/invalid/inactive и перечисленные технические границы; не exhaustive Double.","audit03.table.behavior.12.1","docs/regression/Audit03/sp35_table_behavior_positive_v302_2026-10-05.txt; docs/regression/Audit03/sp35_table_invalid_positive_v302_2026-10-05.txt; docs/regression/Audit03/sp35_table_diagnostic_positive_v302_2026-10-05.txt","","docs/NDM_Audit03_Final_Config_Review.md"
"SP35.Table721.AJ71","rngSP35Table721","Config!AJ71","NormativeTableValue","-","VerifiedTableBehaviorAndReferenceClassification","Минимум K02: активный effect/invalid/inactive и перечисленные технические границы; не exhaustive Double.","audit03.table.behavior.12.2","docs/regression/Audit03/sp35_table_behavior_positive_v302_2026-10-05.txt; docs/regression/Audit03/sp35_table_invalid_positive_v302_2026-10-05.txt; docs/regression/Audit03/sp35_table_diagnostic_positive_v302_2026-10-05.txt","","docs/NDM_Audit03_Final_Config_Review.md"
"SP35.Table721.AK71","rngSP35Table721","Config!AK71","NormativeTableValue","-","VerifiedTableBehaviorAndReferenceClassification","Минимум K02: активный effect/invalid/inactive и перечисленные технические границы; не exhaustive Double.","audit03.table.behavior.12.3","docs/regression/Audit03/sp35_table_behavior_positive_v302_2026-10-05.txt; docs/regression/Audit03/sp35_table_invalid_positive_v302_2026-10-05.txt; docs/regression/Audit03/sp35_table_diagnostic_positive_v302_2026-10-05.txt","","docs/NDM_Audit03_Final_Config_Review.md"
"SP35.Table721.AL71","rngSP35Table721","Config!AL71","NormativeTableValue","-","VerifiedTableBehaviorAndReferenceClassification","Минимум K02: активный effect/invalid/inactive и перечисленные технические границы; не exhaustive Double.","audit03.table.behavior.12.4","docs/regression/Audit03/sp35_table_behavior_positive_v302_2026-10-05.txt; docs/regression/Audit03/sp35_table_invalid_positive_v302_2026-10-05.txt; docs/regression/Audit03/sp35_table_diagnostic_positive_v302_2026-10-05.txt","","docs/NDM_Audit03_Final_Config_Review.md"
"SP35.Table721.AM71","rngSP35Table721","Config!AM71","NormativeTableValue","-","VerifiedTableBehaviorAndReferenceClassification","Минимум K02: активный effect/invalid/inactive и перечисленные технические границы; не exhaustive Double.","audit03.table.behavior.12.5","docs/regression/Audit03/sp35_table_behavior_positive_v302_2026-10-05.txt; docs/regression/Audit03/sp35_table_invalid_positive_v302_2026-10-05.txt; docs/regression/Audit03/sp35_table_diagnostic_positive_v302_2026-10-05.txt","","docs/NDM_Audit03_Final_Config_Review.md"
"SP35.Table721.AN71","rngSP35Table721","Config!AN71","NormativeTableValue","-","VerifiedTableBehaviorAndReferenceClassification","Минимум K02: активный effect/invalid/inactive и перечисленные технические границы; не exhaustive Double.","audit03.table.behavior.12.6","docs/regression/Audit03/sp35_table_behavior_positive_v302_2026-10-05.txt; docs/regression/Audit03/sp35_table_invalid_positive_v302_2026-10-05.txt; docs/regression/Audit03/sp35_table_diagnostic_positive_v302_2026-10-05.txt","","docs/NDM_Audit03_Final_Config_Review.md"
"SP35.Table721.AO71","rngSP35Table721","Config!AO71","NormativeTableValue","-","VerifiedTableBehaviorAndReferenceClassification","Минимум K02: активный effect/invalid/inactive и перечисленные технические границы; не exhaustive Double.","audit03.table.behavior.12.7","docs/regression/Audit03/sp35_table_behavior_positive_v302_2026-10-05.txt; docs/regression/Audit03/sp35_table_invalid_positive_v302_2026-10-05.txt; docs/regression/Audit03/sp35_table_diagnostic_positive_v302_2026-10-05.txt","","docs/NDM_Audit03_Final_Config_Review.md"
"SP35.Table721.AP71","rngSP35Table721","Config!AP71","NormativeTableValue","-","VerifiedTableBehaviorAndReferenceClassification","Минимум K02: активный effect/invalid/inactive и перечисленные технические границы; не exhaustive Double.","audit03.table.behavior.12.8","docs/regression/Audit03/sp35_table_behavior_positive_v302_2026-10-05.txt; docs/regression/Audit03/sp35_table_invalid_positive_v302_2026-10-05.txt; docs/regression/Audit03/sp35_table_diagnostic_positive_v302_2026-10-05.txt","","docs/NDM_Audit03_Final_Config_Review.md"
"SP35.Table721.AI72","rngSP35Table721","Config!AI72","NormativeTableValue","-","VerifiedTableBehaviorAndReferenceClassification","Минимум K02: активный effect/invalid/inactive и перечисленные технические границы; не exhaustive Double.","audit03.table.behavior.13.1","docs/regression/Audit03/sp35_table_behavior_positive_v302_2026-10-05.txt; docs/regression/Audit03/sp35_table_invalid_positive_v302_2026-10-05.txt; docs/regression/Audit03/sp35_table_diagnostic_positive_v302_2026-10-05.txt","","docs/NDM_Audit03_Final_Config_Review.md"
"SP35.Table721.AJ72","rngSP35Table721","Config!AJ72","NormativeTableValue","-","VerifiedTableBehaviorAndReferenceClassification","Минимум K02: активный effect/invalid/inactive и перечисленные технические границы; не exhaustive Double.","audit03.table.behavior.13.2","docs/regression/Audit03/sp35_table_behavior_positive_v302_2026-10-05.txt; docs/regression/Audit03/sp35_table_invalid_positive_v302_2026-10-05.txt; docs/regression/Audit03/sp35_table_diagnostic_positive_v302_2026-10-05.txt","","docs/NDM_Audit03_Final_Config_Review.md"
"SP35.Table721.AK72","rngSP35Table721","Config!AK72","NormativeTableValue","-","VerifiedTableBehaviorAndReferenceClassification","Минимум K02: активный effect/invalid/inactive и перечисленные технические границы; не exhaustive Double.","audit03.table.behavior.13.3","docs/regression/Audit03/sp35_table_behavior_positive_v302_2026-10-05.txt; docs/regression/Audit03/sp35_table_invalid_positive_v302_2026-10-05.txt; docs/regression/Audit03/sp35_table_diagnostic_positive_v302_2026-10-05.txt","","docs/NDM_Audit03_Final_Config_Review.md"
"SP35.Table721.AL72","rngSP35Table721","Config!AL72","NormativeTableValue","-","VerifiedTableBehaviorAndReferenceClassification","Минимум K02: активный effect/invalid/inactive и перечисленные технические границы; не exhaustive Double.","audit03.table.behavior.13.4","docs/regression/Audit03/sp35_table_behavior_positive_v302_2026-10-05.txt; docs/regression/Audit03/sp35_table_invalid_positive_v302_2026-10-05.txt; docs/regression/Audit03/sp35_table_diagnostic_positive_v302_2026-10-05.txt","","docs/NDM_Audit03_Final_Config_Review.md"
"SP35.Table721.AM72","rngSP35Table721","Config!AM72","NormativeTableValue","-","VerifiedTableBehaviorAndReferenceClassification","Минимум K02: активный effect/invalid/inactive и перечисленные технические границы; не exhaustive Double.","audit03.table.behavior.13.5","docs/regression/Audit03/sp35_table_behavior_positive_v302_2026-10-05.txt; docs/regression/Audit03/sp35_table_invalid_positive_v302_2026-10-05.txt; docs/regression/Audit03/sp35_table_diagnostic_positive_v302_2026-10-05.txt","","docs/NDM_Audit03_Final_Config_Review.md"
"SP35.Table721.AN72","rngSP35Table721","Config!AN72","NormativeTableValue","-","VerifiedTableBehaviorAndReferenceClassification","Минимум K02: активный effect/invalid/inactive и перечисленные технические границы; не exhaustive Double.","audit03.table.behavior.13.6","docs/regression/Audit03/sp35_table_behavior_positive_v302_2026-10-05.txt; docs/regression/Audit03/sp35_table_invalid_positive_v302_2026-10-05.txt; docs/regression/Audit03/sp35_table_diagnostic_positive_v302_2026-10-05.txt","","docs/NDM_Audit03_Final_Config_Review.md"
"SP35.Table721.AO72","rngSP35Table721","Config!AO72","NormativeTableValue","-","VerifiedTableBehaviorAndReferenceClassification","Минимум K02: активный effect/invalid/inactive и перечисленные технические границы; не exhaustive Double.","audit03.table.behavior.13.7","docs/regression/Audit03/sp35_table_behavior_positive_v302_2026-10-05.txt; docs/regression/Audit03/sp35_table_invalid_positive_v302_2026-10-05.txt; docs/regression/Audit03/sp35_table_diagnostic_positive_v302_2026-10-05.txt","","docs/NDM_Audit03_Final_Config_Review.md"
"SP35.Table721.AP72","rngSP35Table721","Config!AP72","NormativeTableValue","-","VerifiedTableBehaviorAndReferenceClassification","Минимум K02: активный effect/invalid/inactive и перечисленные технические границы; не exhaustive Double.","audit03.table.behavior.13.8","docs/regression/Audit03/sp35_table_behavior_positive_v302_2026-10-05.txt; docs/regression/Audit03/sp35_table_invalid_positive_v302_2026-10-05.txt; docs/regression/Audit03/sp35_table_diagnostic_positive_v302_2026-10-05.txt","","docs/NDM_Audit03_Final_Config_Review.md"
"SP35.Table721.AI73","rngSP35Table721","Config!AI73","NormativeTableValue","-","VerifiedTableBehaviorAndReferenceClassification","Минимум K02: активный effect/invalid/inactive и перечисленные технические границы; не exhaustive Double.","audit03.table.behavior.14.1","docs/regression/Audit03/sp35_table_behavior_positive_v302_2026-10-05.txt; docs/regression/Audit03/sp35_table_invalid_positive_v302_2026-10-05.txt; docs/regression/Audit03/sp35_table_diagnostic_positive_v302_2026-10-05.txt","","docs/NDM_Audit03_Final_Config_Review.md"
"SP35.Table721.AJ73","rngSP35Table721","Config!AJ73","NormativeTableValue","-","VerifiedTableBehaviorAndReferenceClassification","Минимум K02: активный effect/invalid/inactive и перечисленные технические границы; не exhaustive Double.","audit03.table.behavior.14.2","docs/regression/Audit03/sp35_table_behavior_positive_v302_2026-10-05.txt; docs/regression/Audit03/sp35_table_invalid_positive_v302_2026-10-05.txt; docs/regression/Audit03/sp35_table_diagnostic_positive_v302_2026-10-05.txt","","docs/NDM_Audit03_Final_Config_Review.md"
"SP35.Table721.AK73","rngSP35Table721","Config!AK73","NormativeTableValue","-","VerifiedTableBehaviorAndReferenceClassification","Минимум K02: активный effect/invalid/inactive и перечисленные технические границы; не exhaustive Double.","audit03.table.behavior.14.3","docs/regression/Audit03/sp35_table_behavior_positive_v302_2026-10-05.txt; docs/regression/Audit03/sp35_table_invalid_positive_v302_2026-10-05.txt; docs/regression/Audit03/sp35_table_diagnostic_positive_v302_2026-10-05.txt","","docs/NDM_Audit03_Final_Config_Review.md"
"SP35.Table721.AL73","rngSP35Table721","Config!AL73","NormativeTableValue","-","VerifiedTableBehaviorAndReferenceClassification","Минимум K02: активный effect/invalid/inactive и перечисленные технические границы; не exhaustive Double.","audit03.table.behavior.14.4","docs/regression/Audit03/sp35_table_behavior_positive_v302_2026-10-05.txt; docs/regression/Audit03/sp35_table_invalid_positive_v302_2026-10-05.txt; docs/regression/Audit03/sp35_table_diagnostic_positive_v302_2026-10-05.txt","","docs/NDM_Audit03_Final_Config_Review.md"
"SP35.Table721.AM73","rngSP35Table721","Config!AM73","NormativeTableValue","-","VerifiedTableBehaviorAndReferenceClassification","Минимум K02: активный effect/invalid/inactive и перечисленные технические границы; не exhaustive Double.","audit03.table.behavior.14.5","docs/regression/Audit03/sp35_table_behavior_positive_v302_2026-10-05.txt; docs/regression/Audit03/sp35_table_invalid_positive_v302_2026-10-05.txt; docs/regression/Audit03/sp35_table_diagnostic_positive_v302_2026-10-05.txt","","docs/NDM_Audit03_Final_Config_Review.md"
"SP35.Table721.AN73","rngSP35Table721","Config!AN73","NormativeTableValue","-","VerifiedTableBehaviorAndReferenceClassification","Минимум K02: активный effect/invalid/inactive и перечисленные технические границы; не exhaustive Double.","audit03.table.behavior.14.6","docs/regression/Audit03/sp35_table_behavior_positive_v302_2026-10-05.txt; docs/regression/Audit03/sp35_table_invalid_positive_v302_2026-10-05.txt; docs/regression/Audit03/sp35_table_diagnostic_positive_v302_2026-10-05.txt","","docs/NDM_Audit03_Final_Config_Review.md"
"SP35.Table721.AO73","rngSP35Table721","Config!AO73","NormativeTableValue","-","VerifiedTableBehaviorAndReferenceClassification","Минимум K02: активный effect/invalid/inactive и перечисленные технические границы; не exhaustive Double.","audit03.table.behavior.14.7","docs/regression/Audit03/sp35_table_behavior_positive_v302_2026-10-05.txt; docs/regression/Audit03/sp35_table_invalid_positive_v302_2026-10-05.txt; docs/regression/Audit03/sp35_table_diagnostic_positive_v302_2026-10-05.txt","","docs/NDM_Audit03_Final_Config_Review.md"
"SP35.Table721.AP73","rngSP35Table721","Config!AP73","NormativeTableValue","-","VerifiedTableBehaviorAndReferenceClassification","Минимум K02: активный effect/invalid/inactive и перечисленные технические границы; не exhaustive Double.","audit03.table.behavior.14.8","docs/regression/Audit03/sp35_table_behavior_positive_v302_2026-10-05.txt; docs/regression/Audit03/sp35_table_invalid_positive_v302_2026-10-05.txt; docs/regression/Audit03/sp35_table_diagnostic_positive_v302_2026-10-05.txt","","docs/NDM_Audit03_Final_Config_Review.md"
"SP35.Table721.AI74","rngSP35Table721","Config!AI74","NormativeTableValue","-","VerifiedTableBehaviorAndReferenceClassification","Минимум K02: активный effect/invalid/inactive и перечисленные технические границы; не exhaustive Double.","audit03.table.behavior.15.1","docs/regression/Audit03/sp35_table_behavior_positive_v302_2026-10-05.txt; docs/regression/Audit03/sp35_table_invalid_positive_v302_2026-10-05.txt; docs/regression/Audit03/sp35_table_diagnostic_positive_v302_2026-10-05.txt","","docs/NDM_Audit03_Final_Config_Review.md"
"SP35.Table721.AJ74","rngSP35Table721","Config!AJ74","NormativeTableValue","-","VerifiedTableBehaviorAndReferenceClassification","Минимум K02: активный effect/invalid/inactive и перечисленные технические границы; не exhaustive Double.","audit03.table.behavior.15.2","docs/regression/Audit03/sp35_table_behavior_positive_v302_2026-10-05.txt; docs/regression/Audit03/sp35_table_invalid_positive_v302_2026-10-05.txt; docs/regression/Audit03/sp35_table_diagnostic_positive_v302_2026-10-05.txt","","docs/NDM_Audit03_Final_Config_Review.md"
"SP35.Table721.AK74","rngSP35Table721","Config!AK74","NormativeTableValue","-","VerifiedTableBehaviorAndReferenceClassification","Минимум K02: активный effect/invalid/inactive и перечисленные технические границы; не exhaustive Double.","audit03.table.behavior.15.3","docs/regression/Audit03/sp35_table_behavior_positive_v302_2026-10-05.txt; docs/regression/Audit03/sp35_table_invalid_positive_v302_2026-10-05.txt; docs/regression/Audit03/sp35_table_diagnostic_positive_v302_2026-10-05.txt","","docs/NDM_Audit03_Final_Config_Review.md"
"SP35.Table721.AL74","rngSP35Table721","Config!AL74","NormativeTableValue","-","VerifiedTableBehaviorAndReferenceClassification","Минимум K02: активный effect/invalid/inactive и перечисленные технические границы; не exhaustive Double.","audit03.table.behavior.15.4","docs/regression/Audit03/sp35_table_behavior_positive_v302_2026-10-05.txt; docs/regression/Audit03/sp35_table_invalid_positive_v302_2026-10-05.txt; docs/regression/Audit03/sp35_table_diagnostic_positive_v302_2026-10-05.txt","","docs/NDM_Audit03_Final_Config_Review.md"
"SP35.Table721.AM74","rngSP35Table721","Config!AM74","NormativeTableValue","-","VerifiedTableBehaviorAndReferenceClassification","Минимум K02: активный effect/invalid/inactive и перечисленные технические границы; не exhaustive Double.","audit03.table.behavior.15.5","docs/regression/Audit03/sp35_table_behavior_positive_v302_2026-10-05.txt; docs/regression/Audit03/sp35_table_invalid_positive_v302_2026-10-05.txt; docs/regression/Audit03/sp35_table_diagnostic_positive_v302_2026-10-05.txt","","docs/NDM_Audit03_Final_Config_Review.md"
"SP35.Table721.AN74","rngSP35Table721","Config!AN74","NormativeTableValue","-","VerifiedTableBehaviorAndReferenceClassification","Минимум K02: активный effect/invalid/inactive и перечисленные технические границы; не exhaustive Double.","audit03.table.behavior.15.6","docs/regression/Audit03/sp35_table_behavior_positive_v302_2026-10-05.txt; docs/regression/Audit03/sp35_table_invalid_positive_v302_2026-10-05.txt; docs/regression/Audit03/sp35_table_diagnostic_positive_v302_2026-10-05.txt","","docs/NDM_Audit03_Final_Config_Review.md"
"SP35.Table721.AO74","rngSP35Table721","Config!AO74","NormativeTableValue","-","VerifiedTableBehaviorAndReferenceClassification","Минимум K02: активный effect/invalid/inactive и перечисленные технические границы; не exhaustive Double.","audit03.table.behavior.15.7","docs/regression/Audit03/sp35_table_behavior_positive_v302_2026-10-05.txt; docs/regression/Audit03/sp35_table_invalid_positive_v302_2026-10-05.txt; docs/regression/Audit03/sp35_table_diagnostic_positive_v302_2026-10-05.txt","","docs/NDM_Audit03_Final_Config_Review.md"
"SP35.Table721.AP74","rngSP35Table721","Config!AP74","NormativeTableValue","-","VerifiedTableBehaviorAndReferenceClassification","Минимум K02: активный effect/invalid/inactive и перечисленные технические границы; не exhaustive Double.","audit03.table.behavior.15.8","docs/regression/Audit03/sp35_table_behavior_positive_v302_2026-10-05.txt; docs/regression/Audit03/sp35_table_invalid_positive_v302_2026-10-05.txt; docs/regression/Audit03/sp35_table_diagnostic_positive_v302_2026-10-05.txt","","docs/NDM_Audit03_Final_Config_Review.md"
"SP35.Table721.AI75","rngSP35Table721","Config!AI75","NormativeTableValue","-","VerifiedTableBehaviorAndReferenceClassification","Минимум K02: активный effect/invalid/inactive и перечисленные технические границы; не exhaustive Double.","audit03.table.behavior.16.1","docs/regression/Audit03/sp35_table_behavior_positive_v302_2026-10-05.txt; docs/regression/Audit03/sp35_table_invalid_positive_v302_2026-10-05.txt; docs/regression/Audit03/sp35_table_diagnostic_positive_v302_2026-10-05.txt","","docs/NDM_Audit03_Final_Config_Review.md"
"SP35.Table721.AJ75","rngSP35Table721","Config!AJ75","NormativeTableValue","-","VerifiedTableBehaviorAndReferenceClassification","Минимум K02: активный effect/invalid/inactive и перечисленные технические границы; не exhaustive Double.","audit03.table.behavior.16.2","docs/regression/Audit03/sp35_table_behavior_positive_v302_2026-10-05.txt; docs/regression/Audit03/sp35_table_invalid_positive_v302_2026-10-05.txt; docs/regression/Audit03/sp35_table_diagnostic_positive_v302_2026-10-05.txt","","docs/NDM_Audit03_Final_Config_Review.md"
"SP35.Table721.AK75","rngSP35Table721","Config!AK75","NormativeTableValue","-","VerifiedTableBehaviorAndReferenceClassification","Минимум K02: активный effect/invalid/inactive и перечисленные технические границы; не exhaustive Double.","audit03.table.behavior.16.3","docs/regression/Audit03/sp35_table_behavior_positive_v302_2026-10-05.txt; docs/regression/Audit03/sp35_table_invalid_positive_v302_2026-10-05.txt; docs/regression/Audit03/sp35_table_diagnostic_positive_v302_2026-10-05.txt","","docs/NDM_Audit03_Final_Config_Review.md"
"SP35.Table721.AL75","rngSP35Table721","Config!AL75","NormativeTableValue","-","VerifiedTableBehaviorAndReferenceClassification","Минимум K02: активный effect/invalid/inactive и перечисленные технические границы; не exhaustive Double.","audit03.table.behavior.16.4","docs/regression/Audit03/sp35_table_behavior_positive_v302_2026-10-05.txt; docs/regression/Audit03/sp35_table_invalid_positive_v302_2026-10-05.txt; docs/regression/Audit03/sp35_table_diagnostic_positive_v302_2026-10-05.txt","","docs/NDM_Audit03_Final_Config_Review.md"
"SP35.Table721.AM75","rngSP35Table721","Config!AM75","NormativeTableValue","-","VerifiedTableBehaviorAndReferenceClassification","Минимум K02: активный effect/invalid/inactive и перечисленные технические границы; не exhaustive Double.","audit03.table.behavior.16.5","docs/regression/Audit03/sp35_table_behavior_positive_v302_2026-10-05.txt; docs/regression/Audit03/sp35_table_invalid_positive_v302_2026-10-05.txt; docs/regression/Audit03/sp35_table_diagnostic_positive_v302_2026-10-05.txt","","docs/NDM_Audit03_Final_Config_Review.md"
"SP35.Table721.AN75","rngSP35Table721","Config!AN75","NormativeTableValue","-","VerifiedTableBehaviorAndReferenceClassification","Минимум K02: активный effect/invalid/inactive и перечисленные технические границы; не exhaustive Double.","audit03.table.behavior.16.6","docs/regression/Audit03/sp35_table_behavior_positive_v302_2026-10-05.txt; docs/regression/Audit03/sp35_table_invalid_positive_v302_2026-10-05.txt; docs/regression/Audit03/sp35_table_diagnostic_positive_v302_2026-10-05.txt","","docs/NDM_Audit03_Final_Config_Review.md"
"SP35.Table721.AO75","rngSP35Table721","Config!AO75","NormativeTableValue","-","VerifiedTableBehaviorAndReferenceClassification","Минимум K02: активный effect/invalid/inactive и перечисленные технические границы; не exhaustive Double.","audit03.table.behavior.16.7","docs/regression/Audit03/sp35_table_behavior_positive_v302_2026-10-05.txt; docs/regression/Audit03/sp35_table_invalid_positive_v302_2026-10-05.txt; docs/regression/Audit03/sp35_table_diagnostic_positive_v302_2026-10-05.txt","","docs/NDM_Audit03_Final_Config_Review.md"
"SP35.Table721.AP75","rngSP35Table721","Config!AP75","NormativeTableValue","-","VerifiedTableBehaviorAndReferenceClassification","Минимум K02: активный effect/invalid/inactive и перечисленные технические границы; не exhaustive Double.","audit03.table.behavior.16.8","docs/regression/Audit03/sp35_table_behavior_positive_v302_2026-10-05.txt; docs/regression/Audit03/sp35_table_invalid_positive_v302_2026-10-05.txt; docs/regression/Audit03/sp35_table_diagnostic_positive_v302_2026-10-05.txt","","docs/NDM_Audit03_Final_Config_Review.md"
"SP35.Table721.AI76","rngSP35Table721","Config!AI76","NormativeTableValue","-","VerifiedTableBehaviorAndReferenceClassification","Минимум K02: активный effect/invalid/inactive и перечисленные технические границы; не exhaustive Double.","audit03.table.behavior.17.1","docs/regression/Audit03/sp35_table_behavior_positive_v302_2026-10-05.txt; docs/regression/Audit03/sp35_table_invalid_positive_v302_2026-10-05.txt; docs/regression/Audit03/sp35_table_diagnostic_positive_v302_2026-10-05.txt","","docs/NDM_Audit03_Final_Config_Review.md"
"SP35.Table721.AJ76","rngSP35Table721","Config!AJ76","NormativeTableValue","-","VerifiedTableBehaviorAndReferenceClassification","Минимум K02: активный effect/invalid/inactive и перечисленные технические границы; не exhaustive Double.","audit03.table.behavior.17.2","docs/regression/Audit03/sp35_table_behavior_positive_v302_2026-10-05.txt; docs/regression/Audit03/sp35_table_invalid_positive_v302_2026-10-05.txt; docs/regression/Audit03/sp35_table_diagnostic_positive_v302_2026-10-05.txt","","docs/NDM_Audit03_Final_Config_Review.md"
"SP35.Table721.AK76","rngSP35Table721","Config!AK76","NormativeTableValue","-","VerifiedTableBehaviorAndReferenceClassification","Минимум K02: активный effect/invalid/inactive и перечисленные технические границы; не exhaustive Double.","audit03.table.behavior.17.3","docs/regression/Audit03/sp35_table_behavior_positive_v302_2026-10-05.txt; docs/regression/Audit03/sp35_table_invalid_positive_v302_2026-10-05.txt; docs/regression/Audit03/sp35_table_diagnostic_positive_v302_2026-10-05.txt","","docs/NDM_Audit03_Final_Config_Review.md"
"SP35.Table721.AL76","rngSP35Table721","Config!AL76","NormativeTableValue","-","VerifiedTableBehaviorAndReferenceClassification","Минимум K02: активный effect/invalid/inactive и перечисленные технические границы; не exhaustive Double.","audit03.table.behavior.17.4","docs/regression/Audit03/sp35_table_behavior_positive_v302_2026-10-05.txt; docs/regression/Audit03/sp35_table_invalid_positive_v302_2026-10-05.txt; docs/regression/Audit03/sp35_table_diagnostic_positive_v302_2026-10-05.txt","","docs/NDM_Audit03_Final_Config_Review.md"
"SP35.Table721.AM76","rngSP35Table721","Config!AM76","NormativeTableValue","-","VerifiedTableBehaviorAndReferenceClassification","Минимум K02: активный effect/invalid/inactive и перечисленные технические границы; не exhaustive Double.","audit03.table.behavior.17.5","docs/regression/Audit03/sp35_table_behavior_positive_v302_2026-10-05.txt; docs/regression/Audit03/sp35_table_invalid_positive_v302_2026-10-05.txt; docs/regression/Audit03/sp35_table_diagnostic_positive_v302_2026-10-05.txt","","docs/NDM_Audit03_Final_Config_Review.md"
"SP35.Table721.AN76","rngSP35Table721","Config!AN76","NormativeTableValue","-","VerifiedTableBehaviorAndReferenceClassification","Минимум K02: активный effect/invalid/inactive и перечисленные технические границы; не exhaustive Double.","audit03.table.behavior.17.6","docs/regression/Audit03/sp35_table_behavior_positive_v302_2026-10-05.txt; docs/regression/Audit03/sp35_table_invalid_positive_v302_2026-10-05.txt; docs/regression/Audit03/sp35_table_diagnostic_positive_v302_2026-10-05.txt","","docs/NDM_Audit03_Final_Config_Review.md"
"SP35.Table721.AO76","rngSP35Table721","Config!AO76","NormativeTableValue","-","VerifiedTableBehaviorAndReferenceClassification","Минимум K02: активный effect/invalid/inactive и перечисленные технические границы; не exhaustive Double.","audit03.table.behavior.17.7","docs/regression/Audit03/sp35_table_behavior_positive_v302_2026-10-05.txt; docs/regression/Audit03/sp35_table_invalid_positive_v302_2026-10-05.txt; docs/regression/Audit03/sp35_table_diagnostic_positive_v302_2026-10-05.txt","","docs/NDM_Audit03_Final_Config_Review.md"
"SP35.Table721.AP76","rngSP35Table721","Config!AP76","NormativeTableValue","-","VerifiedTableBehaviorAndReferenceClassification","Минимум K02: активный effect/invalid/inactive и перечисленные технические границы; не exhaustive Double.","audit03.table.behavior.17.8","docs/regression/Audit03/sp35_table_behavior_positive_v302_2026-10-05.txt; docs/regression/Audit03/sp35_table_invalid_positive_v302_2026-10-05.txt; docs/regression/Audit03/sp35_table_diagnostic_positive_v302_2026-10-05.txt","","docs/NDM_Audit03_Final_Config_Review.md"
"SP35.Table721.AI77","rngSP35Table721","Config!AI77","NormativeTableValue","-","VerifiedTableBehaviorAndReferenceClassification","Минимум K02: активный effect/invalid/inactive и перечисленные технические границы; не exhaustive Double.","audit03.table.behavior.18.1","docs/regression/Audit03/sp35_table_behavior_positive_v302_2026-10-05.txt; docs/regression/Audit03/sp35_table_invalid_positive_v302_2026-10-05.txt; docs/regression/Audit03/sp35_table_diagnostic_positive_v302_2026-10-05.txt","","docs/NDM_Audit03_Final_Config_Review.md"
"SP35.Table721.AJ77","rngSP35Table721","Config!AJ77","NormativeTableValue","-","VerifiedTableBehaviorAndReferenceClassification","Минимум K02: активный effect/invalid/inactive и перечисленные технические границы; не exhaustive Double.","audit03.table.behavior.18.2","docs/regression/Audit03/sp35_table_behavior_positive_v302_2026-10-05.txt; docs/regression/Audit03/sp35_table_invalid_positive_v302_2026-10-05.txt; docs/regression/Audit03/sp35_table_diagnostic_positive_v302_2026-10-05.txt","","docs/NDM_Audit03_Final_Config_Review.md"
"SP35.Table721.AK77","rngSP35Table721","Config!AK77","NormativeTableValue","-","VerifiedTableBehaviorAndReferenceClassification","Минимум K02: активный effect/invalid/inactive и перечисленные технические границы; не exhaustive Double.","audit03.table.behavior.18.3","docs/regression/Audit03/sp35_table_behavior_positive_v302_2026-10-05.txt; docs/regression/Audit03/sp35_table_invalid_positive_v302_2026-10-05.txt; docs/regression/Audit03/sp35_table_diagnostic_positive_v302_2026-10-05.txt","","docs/NDM_Audit03_Final_Config_Review.md"
"SP35.Table721.AL77","rngSP35Table721","Config!AL77","NormativeTableValue","-","VerifiedTableBehaviorAndReferenceClassification","Минимум K02: активный effect/invalid/inactive и перечисленные технические границы; не exhaustive Double.","audit03.table.behavior.18.4","docs/regression/Audit03/sp35_table_behavior_positive_v302_2026-10-05.txt; docs/regression/Audit03/sp35_table_invalid_positive_v302_2026-10-05.txt; docs/regression/Audit03/sp35_table_diagnostic_positive_v302_2026-10-05.txt","","docs/NDM_Audit03_Final_Config_Review.md"
"SP35.Table721.AM77","rngSP35Table721","Config!AM77","NormativeTableValue","-","VerifiedTableBehaviorAndReferenceClassification","Минимум K02: активный effect/invalid/inactive и перечисленные технические границы; не exhaustive Double.","audit03.table.behavior.18.5","docs/regression/Audit03/sp35_table_behavior_positive_v302_2026-10-05.txt; docs/regression/Audit03/sp35_table_invalid_positive_v302_2026-10-05.txt; docs/regression/Audit03/sp35_table_diagnostic_positive_v302_2026-10-05.txt","","docs/NDM_Audit03_Final_Config_Review.md"
"SP35.Table721.AN77","rngSP35Table721","Config!AN77","NormativeTableValue","-","VerifiedTableBehaviorAndReferenceClassification","Минимум K02: активный effect/invalid/inactive и перечисленные технические границы; не exhaustive Double.","audit03.table.behavior.18.6","docs/regression/Audit03/sp35_table_behavior_positive_v302_2026-10-05.txt; docs/regression/Audit03/sp35_table_invalid_positive_v302_2026-10-05.txt; docs/regression/Audit03/sp35_table_diagnostic_positive_v302_2026-10-05.txt","","docs/NDM_Audit03_Final_Config_Review.md"
"SP35.Table721.AO77","rngSP35Table721","Config!AO77","NormativeTableValue","-","VerifiedTableBehaviorAndReferenceClassification","Минимум K02: активный effect/invalid/inactive и перечисленные технические границы; не exhaustive Double.","audit03.table.behavior.18.7","docs/regression/Audit03/sp35_table_behavior_positive_v302_2026-10-05.txt; docs/regression/Audit03/sp35_table_invalid_positive_v302_2026-10-05.txt; docs/regression/Audit03/sp35_table_diagnostic_positive_v302_2026-10-05.txt","","docs/NDM_Audit03_Final_Config_Review.md"
"SP35.Table721.AP77","rngSP35Table721","Config!AP77","NormativeTableValue","-","VerifiedTableBehaviorAndReferenceClassification","Минимум K02: активный effect/invalid/inactive и перечисленные технические границы; не exhaustive Double.","audit03.table.behavior.18.8","docs/regression/Audit03/sp35_table_behavior_positive_v302_2026-10-05.txt; docs/regression/Audit03/sp35_table_invalid_positive_v302_2026-10-05.txt; docs/regression/Audit03/sp35_table_diagnostic_positive_v302_2026-10-05.txt","","docs/NDM_Audit03_Final_Config_Review.md"
"SP35.Table721.AI78","rngSP35Table721","Config!AI78","NormativeTableValue","-","VerifiedTableBehaviorAndReferenceClassification","Минимум K02: активный effect/invalid/inactive и перечисленные технические границы; не exhaustive Double.","audit03.table.behavior.19.1","docs/regression/Audit03/sp35_table_behavior_positive_v302_2026-10-05.txt; docs/regression/Audit03/sp35_table_invalid_positive_v302_2026-10-05.txt; docs/regression/Audit03/sp35_table_diagnostic_positive_v302_2026-10-05.txt","","docs/NDM_Audit03_Final_Config_Review.md"
"SP35.Table721.AJ78","rngSP35Table721","Config!AJ78","NormativeTableValue","-","VerifiedTableBehaviorAndReferenceClassification","Минимум K02: активный effect/invalid/inactive и перечисленные технические границы; не exhaustive Double.","audit03.table.behavior.19.2","docs/regression/Audit03/sp35_table_behavior_positive_v302_2026-10-05.txt; docs/regression/Audit03/sp35_table_invalid_positive_v302_2026-10-05.txt; docs/regression/Audit03/sp35_table_diagnostic_positive_v302_2026-10-05.txt","","docs/NDM_Audit03_Final_Config_Review.md"
"SP35.Table721.AK78","rngSP35Table721","Config!AK78","NormativeTableValue","-","VerifiedTableBehaviorAndReferenceClassification","Минимум K02: активный effect/invalid/inactive и перечисленные технические границы; не exhaustive Double.","audit03.table.behavior.19.3","docs/regression/Audit03/sp35_table_behavior_positive_v302_2026-10-05.txt; docs/regression/Audit03/sp35_table_invalid_positive_v302_2026-10-05.txt; docs/regression/Audit03/sp35_table_diagnostic_positive_v302_2026-10-05.txt","","docs/NDM_Audit03_Final_Config_Review.md"
"SP35.Table721.AL78","rngSP35Table721","Config!AL78","NormativeTableValue","-","VerifiedTableBehaviorAndReferenceClassification","Минимум K02: активный effect/invalid/inactive и перечисленные технические границы; не exhaustive Double.","audit03.table.behavior.19.4","docs/regression/Audit03/sp35_table_behavior_positive_v302_2026-10-05.txt; docs/regression/Audit03/sp35_table_invalid_positive_v302_2026-10-05.txt; docs/regression/Audit03/sp35_table_diagnostic_positive_v302_2026-10-05.txt","","docs/NDM_Audit03_Final_Config_Review.md"
"SP35.Table721.AM78","rngSP35Table721","Config!AM78","NormativeTableValue","-","VerifiedTableBehaviorAndReferenceClassification","Минимум K02: активный effect/invalid/inactive и перечисленные технические границы; не exhaustive Double.","audit03.table.behavior.19.5","docs/regression/Audit03/sp35_table_behavior_positive_v302_2026-10-05.txt; docs/regression/Audit03/sp35_table_invalid_positive_v302_2026-10-05.txt; docs/regression/Audit03/sp35_table_diagnostic_positive_v302_2026-10-05.txt","","docs/NDM_Audit03_Final_Config_Review.md"
"SP35.Table721.AN78","rngSP35Table721","Config!AN78","NormativeTableValue","-","VerifiedTableBehaviorAndReferenceClassification","Минимум K02: активный effect/invalid/inactive и перечисленные технические границы; не exhaustive Double.","audit03.table.behavior.19.6","docs/regression/Audit03/sp35_table_behavior_positive_v302_2026-10-05.txt; docs/regression/Audit03/sp35_table_invalid_positive_v302_2026-10-05.txt; docs/regression/Audit03/sp35_table_diagnostic_positive_v302_2026-10-05.txt","","docs/NDM_Audit03_Final_Config_Review.md"
"SP35.Table721.AO78","rngSP35Table721","Config!AO78","NormativeTableValue","-","VerifiedTableBehaviorAndReferenceClassification","Минимум K02: активный effect/invalid/inactive и перечисленные технические границы; не exhaustive Double.","audit03.table.behavior.19.7","docs/regression/Audit03/sp35_table_behavior_positive_v302_2026-10-05.txt; docs/regression/Audit03/sp35_table_invalid_positive_v302_2026-10-05.txt; docs/regression/Audit03/sp35_table_diagnostic_positive_v302_2026-10-05.txt","","docs/NDM_Audit03_Final_Config_Review.md"
"SP35.Table721.AP78","rngSP35Table721","Config!AP78","NormativeTableValue","-","VerifiedTableBehaviorAndReferenceClassification","Минимум K02: активный effect/invalid/inactive и перечисленные технические границы; не exhaustive Double.","audit03.table.behavior.19.8","docs/regression/Audit03/sp35_table_behavior_positive_v302_2026-10-05.txt; docs/regression/Audit03/sp35_table_invalid_positive_v302_2026-10-05.txt; docs/regression/Audit03/sp35_table_diagnostic_positive_v302_2026-10-05.txt","","docs/NDM_Audit03_Final_Config_Review.md"
"MaterialControl.AM3","UnnamedMaterialDiagramControl","Config!AM3","DerivedFormula","Strain / MPa","VerifiedDerivedDependence","Минимум K02: активный effect/invalid/inactive и перечисленные технические границы; не exhaustive Double.","modTestMaterialDiagrams.TestAudit03MaterialControlUnits","docs/regression/Audit03/material_control_units_positive_v299_2026-10-05.txt; docs/regression/Audit03/full_off_clean_controls_v300_2026-10-05.txt; docs/regression/Audit03/full_on_clean_controls_v300_2026-10-05.txt","","docs/NDM_Audit03_Final_Config_Review.md"
"MaterialControl.AN3","UnnamedMaterialDiagramControl","Config!AN3","DerivedFormula","Strain / MPa","VerifiedDerivedDependence","Минимум K02: активный effect/invalid/inactive и перечисленные технические границы; не exhaustive Double.","modTestMaterialDiagrams.TestAudit03MaterialControlUnits","docs/regression/Audit03/material_control_units_positive_v299_2026-10-05.txt; docs/regression/Audit03/full_off_clean_controls_v300_2026-10-05.txt; docs/regression/Audit03/full_on_clean_controls_v300_2026-10-05.txt","","docs/NDM_Audit03_Final_Config_Review.md"
"MaterialControl.AM4","UnnamedMaterialDiagramControl","Config!AM4","DerivedFormula","Strain / MPa","VerifiedDerivedDependence","Минимум K02: активный effect/invalid/inactive и перечисленные технические границы; не exhaustive Double.","modTestMaterialDiagrams.TestAudit03MaterialControlUnits","docs/regression/Audit03/material_control_units_positive_v299_2026-10-05.txt; docs/regression/Audit03/full_off_clean_controls_v300_2026-10-05.txt; docs/regression/Audit03/full_on_clean_controls_v300_2026-10-05.txt","","docs/NDM_Audit03_Final_Config_Review.md"
"MaterialControl.AN4","UnnamedMaterialDiagramControl","Config!AN4","DerivedFormula","Strain / MPa","VerifiedDerivedDependence","Минимум K02: активный effect/invalid/inactive и перечисленные технические границы; не exhaustive Double.","modTestMaterialDiagrams.TestAudit03MaterialControlUnits","docs/regression/Audit03/material_control_units_positive_v299_2026-10-05.txt; docs/regression/Audit03/full_off_clean_controls_v300_2026-10-05.txt; docs/regression/Audit03/full_on_clean_controls_v300_2026-10-05.txt","","docs/NDM_Audit03_Final_Config_Review.md"
"MaterialControl.AM5","UnnamedMaterialDiagramControl","Config!AM5","ReadOnlyControlValue","Strain / MPa","VerifiedControlValue","Минимум K02: активный effect/invalid/inactive и перечисленные технические границы; не exhaustive Double.","modTestMaterialDiagrams.TestAudit03MaterialControlUnits","docs/regression/Audit03/material_control_units_positive_v299_2026-10-05.txt; docs/regression/Audit03/full_off_clean_controls_v300_2026-10-05.txt; docs/regression/Audit03/full_on_clean_controls_v300_2026-10-05.txt","","docs/NDM_Audit03_Final_Config_Review.md"
"MaterialControl.AN5","UnnamedMaterialDiagramControl","Config!AN5","ReadOnlyControlValue","Strain / MPa","VerifiedControlValue","Минимум K02: активный effect/invalid/inactive и перечисленные технические границы; не exhaustive Double.","modTestMaterialDiagrams.TestAudit03MaterialControlUnits","docs/regression/Audit03/material_control_units_positive_v299_2026-10-05.txt; docs/regression/Audit03/full_off_clean_controls_v300_2026-10-05.txt; docs/regression/Audit03/full_on_clean_controls_v300_2026-10-05.txt","","docs/NDM_Audit03_Final_Config_Review.md"
"MaterialControl.AM6","UnnamedMaterialDiagramControl","Config!AM6","DerivedFormula","Strain / MPa","VerifiedDerivedDependence","Минимум K02: активный effect/invalid/inactive и перечисленные технические границы; не exhaustive Double.","modTestMaterialDiagrams.TestAudit03MaterialControlUnits","docs/regression/Audit03/material_control_units_positive_v299_2026-10-05.txt; docs/regression/Audit03/full_off_clean_controls_v300_2026-10-05.txt; docs/regression/Audit03/full_on_clean_controls_v300_2026-10-05.txt","","docs/NDM_Audit03_Final_Config_Review.md"
"MaterialControl.AN6","UnnamedMaterialDiagramControl","Config!AN6","DerivedFormula","Strain / MPa","VerifiedDerivedDependence","Минимум K02: активный effect/invalid/inactive и перечисленные технические границы; не exhaustive Double.","modTestMaterialDiagrams.TestAudit03MaterialControlUnits","docs/regression/Audit03/material_control_units_positive_v299_2026-10-05.txt; docs/regression/Audit03/full_off_clean_controls_v300_2026-10-05.txt; docs/regression/Audit03/full_on_clean_controls_v300_2026-10-05.txt","","docs/NDM_Audit03_Final_Config_Review.md"
"MaterialControl.AM7","UnnamedMaterialDiagramControl","Config!AM7","DerivedFormula","Strain / MPa","VerifiedDerivedDependence","Минимум K02: активный effect/invalid/inactive и перечисленные технические границы; не exhaustive Double.","modTestMaterialDiagrams.TestAudit03MaterialControlUnits","docs/regression/Audit03/material_control_units_positive_v299_2026-10-05.txt; docs/regression/Audit03/full_off_clean_controls_v300_2026-10-05.txt; docs/regression/Audit03/full_on_clean_controls_v300_2026-10-05.txt","","docs/NDM_Audit03_Final_Config_Review.md"
"MaterialControl.AN7","UnnamedMaterialDiagramControl","Config!AN7","DerivedFormula","Strain / MPa","VerifiedDerivedDependence","Минимум K02: активный effect/invalid/inactive и перечисленные технические границы; не exhaustive Double.","modTestMaterialDiagrams.TestAudit03MaterialControlUnits","docs/regression/Audit03/material_control_units_positive_v299_2026-10-05.txt; docs/regression/Audit03/full_off_clean_controls_v300_2026-10-05.txt; docs/regression/Audit03/full_on_clean_controls_v300_2026-10-05.txt","","docs/NDM_Audit03_Final_Config_Review.md"
"MaterialControl.AM8","UnnamedMaterialDiagramControl","Config!AM8","DerivedFormula","Strain / MPa","VerifiedDerivedDependence","Минимум K02: активный effect/invalid/inactive и перечисленные технические границы; не exhaustive Double.","modTestMaterialDiagrams.TestAudit03MaterialControlUnits","docs/regression/Audit03/material_control_units_positive_v299_2026-10-05.txt; docs/regression/Audit03/full_off_clean_controls_v300_2026-10-05.txt; docs/regression/Audit03/full_on_clean_controls_v300_2026-10-05.txt","","docs/NDM_Audit03_Final_Config_Review.md"
"MaterialControl.AN8","UnnamedMaterialDiagramControl","Config!AN8","DerivedFormula","Strain / MPa","VerifiedDerivedDependence","Минимум K02: активный effect/invalid/inactive и перечисленные технические границы; не exhaustive Double.","modTestMaterialDiagrams.TestAudit03MaterialControlUnits","docs/regression/Audit03/material_control_units_positive_v299_2026-10-05.txt; docs/regression/Audit03/full_off_clean_controls_v300_2026-10-05.txt; docs/regression/Audit03/full_on_clean_controls_v300_2026-10-05.txt","","docs/NDM_Audit03_Final_Config_Review.md"
"MaterialControl.AM9","UnnamedMaterialDiagramControl","Config!AM9","DerivedFormula","Strain / MPa","VerifiedDerivedDependence","Минимум K02: активный effect/invalid/inactive и перечисленные технические границы; не exhaustive Double.","modTestMaterialDiagrams.TestAudit03MaterialControlUnits","docs/regression/Audit03/material_control_units_positive_v299_2026-10-05.txt; docs/regression/Audit03/full_off_clean_controls_v300_2026-10-05.txt; docs/regression/Audit03/full_on_clean_controls_v300_2026-10-05.txt","","docs/NDM_Audit03_Final_Config_Review.md"
"MaterialControl.AN9","UnnamedMaterialDiagramControl","Config!AN9","DerivedFormula","Strain / MPa","VerifiedDerivedDependence","Минимум K02: активный effect/invalid/inactive и перечисленные технические границы; не exhaustive Double.","modTestMaterialDiagrams.TestAudit03MaterialControlUnits","docs/regression/Audit03/material_control_units_positive_v299_2026-10-05.txt; docs/regression/Audit03/full_off_clean_controls_v300_2026-10-05.txt; docs/regression/Audit03/full_on_clean_controls_v300_2026-10-05.txt","","docs/NDM_Audit03_Final_Config_Review.md"
"MaterialControl.AM10","UnnamedMaterialDiagramControl","Config!AM10","DerivedFormula","Strain / MPa","VerifiedDerivedDependence","Минимум K02: активный effect/invalid/inactive и перечисленные технические границы; не exhaustive Double.","modTestMaterialDiagrams.TestAudit03MaterialControlUnits","docs/regression/Audit03/material_control_units_positive_v299_2026-10-05.txt; docs/regression/Audit03/full_off_clean_controls_v300_2026-10-05.txt; docs/regression/Audit03/full_on_clean_controls_v300_2026-10-05.txt","","docs/NDM_Audit03_Final_Config_Review.md"
"MaterialControl.AN10","UnnamedMaterialDiagramControl","Config!AN10","DerivedFormula","Strain / MPa","VerifiedDerivedDependence","Минимум K02: активный effect/invalid/inactive и перечисленные технические границы; не exhaustive Double.","modTestMaterialDiagrams.TestAudit03MaterialControlUnits","docs/regression/Audit03/material_control_units_positive_v299_2026-10-05.txt; docs/regression/Audit03/full_off_clean_controls_v300_2026-10-05.txt; docs/regression/Audit03/full_on_clean_controls_v300_2026-10-05.txt","","docs/NDM_Audit03_Final_Config_Review.md"
"MaterialControl.AM11","UnnamedMaterialDiagramControl","Config!AM11","ReadOnlyControlValue","Strain / MPa","VerifiedControlValue","Минимум K02: активный effect/invalid/inactive и перечисленные технические границы; не exhaustive Double.","modTestMaterialDiagrams.TestAudit03MaterialControlUnits","docs/regression/Audit03/material_control_units_positive_v299_2026-10-05.txt; docs/regression/Audit03/full_off_clean_controls_v300_2026-10-05.txt; docs/regression/Audit03/full_on_clean_controls_v300_2026-10-05.txt","","docs/NDM_Audit03_Final_Config_Review.md"
"MaterialControl.AN11","UnnamedMaterialDiagramControl","Config!AN11","ReadOnlyControlValue","Strain / MPa","VerifiedControlValue","Минимум K02: активный effect/invalid/inactive и перечисленные технические границы; не exhaustive Double.","modTestMaterialDiagrams.TestAudit03MaterialControlUnits","docs/regression/Audit03/material_control_units_positive_v299_2026-10-05.txt; docs/regression/Audit03/full_off_clean_controls_v300_2026-10-05.txt; docs/regression/Audit03/full_on_clean_controls_v300_2026-10-05.txt","","docs/NDM_Audit03_Final_Config_Review.md"
"MaterialControl.AM12","UnnamedMaterialDiagramControl","Config!AM12","DerivedFormula","Strain / MPa","VerifiedDerivedDependence","Минимум K02: активный effect/invalid/inactive и перечисленные технические границы; не exhaustive Double.","modTestMaterialDiagrams.TestAudit03MaterialControlUnits","docs/regression/Audit03/material_control_units_positive_v299_2026-10-05.txt; docs/regression/Audit03/full_off_clean_controls_v300_2026-10-05.txt; docs/regression/Audit03/full_on_clean_controls_v300_2026-10-05.txt","","docs/NDM_Audit03_Final_Config_Review.md"
"MaterialControl.AN12","UnnamedMaterialDiagramControl","Config!AN12","DerivedFormula","Strain / MPa","VerifiedDerivedDependence","Минимум K02: активный effect/invalid/inactive и перечисленные технические границы; не exhaustive Double.","modTestMaterialDiagrams.TestAudit03MaterialControlUnits","docs/regression/Audit03/material_control_units_positive_v299_2026-10-05.txt; docs/regression/Audit03/full_off_clean_controls_v300_2026-10-05.txt; docs/regression/Audit03/full_on_clean_controls_v300_2026-10-05.txt","","docs/NDM_Audit03_Final_Config_Review.md"
"MaterialControl.AM13","UnnamedMaterialDiagramControl","Config!AM13","DerivedFormula","Strain / MPa","VerifiedDerivedDependence","Минимум K02: активный effect/invalid/inactive и перечисленные технические границы; не exhaustive Double.","modTestMaterialDiagrams.TestAudit03MaterialControlUnits","docs/regression/Audit03/material_control_units_positive_v299_2026-10-05.txt; docs/regression/Audit03/full_off_clean_controls_v300_2026-10-05.txt; docs/regression/Audit03/full_on_clean_controls_v300_2026-10-05.txt","","docs/NDM_Audit03_Final_Config_Review.md"
"MaterialControl.AN13","UnnamedMaterialDiagramControl","Config!AN13","DerivedFormula","Strain / MPa","VerifiedDerivedDependence","Минимум K02: активный effect/invalid/inactive и перечисленные технические границы; не exhaustive Double.","modTestMaterialDiagrams.TestAudit03MaterialControlUnits","docs/regression/Audit03/material_control_units_positive_v299_2026-10-05.txt; docs/regression/Audit03/full_off_clean_controls_v300_2026-10-05.txt; docs/regression/Audit03/full_on_clean_controls_v300_2026-10-05.txt","","docs/NDM_Audit03_Final_Config_Review.md"
"MaterialControl.AM14","UnnamedMaterialDiagramControl","Config!AM14","DerivedFormula","Strain / MPa","VerifiedDerivedDependence","Минимум K02: активный effect/invalid/inactive и перечисленные технические границы; не exhaustive Double.","modTestMaterialDiagrams.TestAudit03MaterialControlUnits","docs/regression/Audit03/material_control_units_positive_v299_2026-10-05.txt; docs/regression/Audit03/full_off_clean_controls_v300_2026-10-05.txt; docs/regression/Audit03/full_on_clean_controls_v300_2026-10-05.txt","","docs/NDM_Audit03_Final_Config_Review.md"
"MaterialControl.AN14","UnnamedMaterialDiagramControl","Config!AN14","DerivedFormula","Strain / MPa","VerifiedDerivedDependence","Минимум K02: активный effect/invalid/inactive и перечисленные технические границы; не exhaustive Double.","modTestMaterialDiagrams.TestAudit03MaterialControlUnits","docs/regression/Audit03/material_control_units_positive_v299_2026-10-05.txt; docs/regression/Audit03/full_off_clean_controls_v300_2026-10-05.txt; docs/regression/Audit03/full_on_clean_controls_v300_2026-10-05.txt","","docs/NDM_Audit03_Final_Config_Review.md"
"MaterialControl.AM15","UnnamedMaterialDiagramControl","Config!AM15","DerivedFormula","Strain / MPa","VerifiedDerivedDependence","Минимум K02: активный effect/invalid/inactive и перечисленные технические границы; не exhaustive Double.","modTestMaterialDiagrams.TestAudit03MaterialControlUnits","docs/regression/Audit03/material_control_units_positive_v299_2026-10-05.txt; docs/regression/Audit03/full_off_clean_controls_v300_2026-10-05.txt; docs/regression/Audit03/full_on_clean_controls_v300_2026-10-05.txt","","docs/NDM_Audit03_Final_Config_Review.md"
"MaterialControl.AN15","UnnamedMaterialDiagramControl","Config!AN15","DerivedFormula","Strain / MPa","VerifiedDerivedDependence","Минимум K02: активный effect/invalid/inactive и перечисленные технические границы; не exhaustive Double.","modTestMaterialDiagrams.TestAudit03MaterialControlUnits","docs/regression/Audit03/material_control_units_positive_v299_2026-10-05.txt; docs/regression/Audit03/full_off_clean_controls_v300_2026-10-05.txt; docs/regression/Audit03/full_on_clean_controls_v300_2026-10-05.txt","","docs/NDM_Audit03_Final_Config_Review.md"
"MaterialControl.AM16","UnnamedMaterialDiagramControl","Config!AM16","DerivedFormula","Strain / MPa","VerifiedDerivedDependence","Минимум K02: активный effect/invalid/inactive и перечисленные технические границы; не exhaustive Double.","modTestMaterialDiagrams.TestAudit03MaterialControlUnits","docs/regression/Audit03/material_control_units_positive_v299_2026-10-05.txt; docs/regression/Audit03/full_off_clean_controls_v300_2026-10-05.txt; docs/regression/Audit03/full_on_clean_controls_v300_2026-10-05.txt","","docs/NDM_Audit03_Final_Config_Review.md"
"MaterialControl.AN16","UnnamedMaterialDiagramControl","Config!AN16","DerivedFormula","Strain / MPa","VerifiedDerivedDependence","Минимум K02: активный effect/invalid/inactive и перечисленные технические границы; не exhaustive Double.","modTestMaterialDiagrams.TestAudit03MaterialControlUnits","docs/regression/Audit03/material_control_units_positive_v299_2026-10-05.txt; docs/regression/Audit03/full_off_clean_controls_v300_2026-10-05.txt; docs/regression/Audit03/full_on_clean_controls_v300_2026-10-05.txt","","docs/NDM_Audit03_Final_Config_Review.md"
"MaterialControl.AM17","UnnamedMaterialDiagramControl","Config!AM17","ReadOnlyControlValue","Strain / MPa","VerifiedControlValue","Минимум K02: активный effect/invalid/inactive и перечисленные технические границы; не exhaustive Double.","modTestMaterialDiagrams.TestAudit03MaterialControlUnits","docs/regression/Audit03/material_control_units_positive_v299_2026-10-05.txt; docs/regression/Audit03/full_off_clean_controls_v300_2026-10-05.txt; docs/regression/Audit03/full_on_clean_controls_v300_2026-10-05.txt","","docs/NDM_Audit03_Final_Config_Review.md"
"MaterialControl.AN17","UnnamedMaterialDiagramControl","Config!AN17","ReadOnlyControlValue","Strain / MPa","VerifiedControlValue","Минимум K02: активный effect/invalid/inactive и перечисленные технические границы; не exhaustive Double.","modTestMaterialDiagrams.TestAudit03MaterialControlUnits","docs/regression/Audit03/material_control_units_positive_v299_2026-10-05.txt; docs/regression/Audit03/full_off_clean_controls_v300_2026-10-05.txt; docs/regression/Audit03/full_on_clean_controls_v300_2026-10-05.txt","","docs/NDM_Audit03_Final_Config_Review.md"
"MaterialControl.AM18","UnnamedMaterialDiagramControl","Config!AM18","DerivedFormula","Strain / MPa","VerifiedDerivedDependence","Минимум K02: активный effect/invalid/inactive и перечисленные технические границы; не exhaustive Double.","modTestMaterialDiagrams.TestAudit03MaterialControlUnits","docs/regression/Audit03/material_control_units_positive_v299_2026-10-05.txt; docs/regression/Audit03/full_off_clean_controls_v300_2026-10-05.txt; docs/regression/Audit03/full_on_clean_controls_v300_2026-10-05.txt","","docs/NDM_Audit03_Final_Config_Review.md"
"MaterialControl.AN18","UnnamedMaterialDiagramControl","Config!AN18","DerivedFormula","Strain / MPa","VerifiedDerivedDependence","Минимум K02: активный effect/invalid/inactive и перечисленные технические границы; не exhaustive Double.","modTestMaterialDiagrams.TestAudit03MaterialControlUnits","docs/regression/Audit03/material_control_units_positive_v299_2026-10-05.txt; docs/regression/Audit03/full_off_clean_controls_v300_2026-10-05.txt; docs/regression/Audit03/full_on_clean_controls_v300_2026-10-05.txt","","docs/NDM_Audit03_Final_Config_Review.md"
"MaterialControl.AM19","UnnamedMaterialDiagramControl","Config!AM19","DerivedFormula","Strain / MPa","VerifiedDerivedDependence","Минимум K02: активный effect/invalid/inactive и перечисленные технические границы; не exhaustive Double.","modTestMaterialDiagrams.TestAudit03MaterialControlUnits","docs/regression/Audit03/material_control_units_positive_v299_2026-10-05.txt; docs/regression/Audit03/full_off_clean_controls_v300_2026-10-05.txt; docs/regression/Audit03/full_on_clean_controls_v300_2026-10-05.txt","","docs/NDM_Audit03_Final_Config_Review.md"
"MaterialControl.AN19","UnnamedMaterialDiagramControl","Config!AN19","DerivedFormula","Strain / MPa","VerifiedDerivedDependence","Минимум K02: активный effect/invalid/inactive и перечисленные технические границы; не exhaustive Double.","modTestMaterialDiagrams.TestAudit03MaterialControlUnits","docs/regression/Audit03/material_control_units_positive_v299_2026-10-05.txt; docs/regression/Audit03/full_off_clean_controls_v300_2026-10-05.txt; docs/regression/Audit03/full_on_clean_controls_v300_2026-10-05.txt","","docs/NDM_Audit03_Final_Config_Review.md"
"MaterialControl.AM20","UnnamedMaterialDiagramControl","Config!AM20","DerivedFormula","Strain / MPa","VerifiedDerivedDependence","Минимум K02: активный effect/invalid/inactive и перечисленные технические границы; не exhaustive Double.","modTestMaterialDiagrams.TestAudit03MaterialControlUnits","docs/regression/Audit03/material_control_units_positive_v299_2026-10-05.txt; docs/regression/Audit03/full_off_clean_controls_v300_2026-10-05.txt; docs/regression/Audit03/full_on_clean_controls_v300_2026-10-05.txt","","docs/NDM_Audit03_Final_Config_Review.md"
"MaterialControl.AN20","UnnamedMaterialDiagramControl","Config!AN20","DerivedFormula","Strain / MPa","VerifiedDerivedDependence","Минимум K02: активный effect/invalid/inactive и перечисленные технические границы; не exhaustive Double.","modTestMaterialDiagrams.TestAudit03MaterialControlUnits","docs/regression/Audit03/material_control_units_positive_v299_2026-10-05.txt; docs/regression/Audit03/full_off_clean_controls_v300_2026-10-05.txt; docs/regression/Audit03/full_on_clean_controls_v300_2026-10-05.txt","","docs/NDM_Audit03_Final_Config_Review.md"
"MaterialControl.AM21","UnnamedMaterialDiagramControl","Config!AM21","DerivedFormula","Strain / MPa","VerifiedDerivedDependence","Минимум K02: активный effect/invalid/inactive и перечисленные технические границы; не exhaustive Double.","modTestMaterialDiagrams.TestAudit03MaterialControlUnits","docs/regression/Audit03/material_control_units_positive_v299_2026-10-05.txt; docs/regression/Audit03/full_off_clean_controls_v300_2026-10-05.txt; docs/regression/Audit03/full_on_clean_controls_v300_2026-10-05.txt","","docs/NDM_Audit03_Final_Config_Review.md"
"MaterialControl.AN21","UnnamedMaterialDiagramControl","Config!AN21","DerivedFormula","Strain / MPa","VerifiedDerivedDependence","Минимум K02: активный effect/invalid/inactive и перечисленные технические границы; не exhaustive Double.","modTestMaterialDiagrams.TestAudit03MaterialControlUnits","docs/regression/Audit03/material_control_units_positive_v299_2026-10-05.txt; docs/regression/Audit03/full_off_clean_controls_v300_2026-10-05.txt; docs/regression/Audit03/full_on_clean_controls_v300_2026-10-05.txt","","docs/NDM_Audit03_Final_Config_Review.md"
"MaterialControl.AM22","UnnamedMaterialDiagramControl","Config!AM22","DerivedFormula","Strain / MPa","VerifiedDerivedDependence","Минимум K02: активный effect/invalid/inactive и перечисленные технические границы; не exhaustive Double.","modTestMaterialDiagrams.TestAudit03MaterialControlUnits","docs/regression/Audit03/material_control_units_positive_v299_2026-10-05.txt; docs/regression/Audit03/full_off_clean_controls_v300_2026-10-05.txt; docs/regression/Audit03/full_on_clean_controls_v300_2026-10-05.txt","","docs/NDM_Audit03_Final_Config_Review.md"
"MaterialControl.AN22","UnnamedMaterialDiagramControl","Config!AN22","DerivedFormula","Strain / MPa","VerifiedDerivedDependence","Минимум K02: активный effect/invalid/inactive и перечисленные технические границы; не exhaustive Double.","modTestMaterialDiagrams.TestAudit03MaterialControlUnits","docs/regression/Audit03/material_control_units_positive_v299_2026-10-05.txt; docs/regression/Audit03/full_off_clean_controls_v300_2026-10-05.txt; docs/regression/Audit03/full_on_clean_controls_v300_2026-10-05.txt","","docs/NDM_Audit03_Final_Config_Review.md"
"MaterialControl.AM23","UnnamedMaterialDiagramControl","Config!AM23","ReadOnlyControlValue","Strain / MPa","VerifiedControlValue","Минимум K02: активный effect/invalid/inactive и перечисленные технические границы; не exhaustive Double.","modTestMaterialDiagrams.TestAudit03MaterialControlUnits","docs/regression/Audit03/material_control_units_positive_v299_2026-10-05.txt; docs/regression/Audit03/full_off_clean_controls_v300_2026-10-05.txt; docs/regression/Audit03/full_on_clean_controls_v300_2026-10-05.txt","","docs/NDM_Audit03_Final_Config_Review.md"
"MaterialControl.AN23","UnnamedMaterialDiagramControl","Config!AN23","ReadOnlyControlValue","Strain / MPa","VerifiedControlValue","Минимум K02: активный effect/invalid/inactive и перечисленные технические границы; не exhaustive Double.","modTestMaterialDiagrams.TestAudit03MaterialControlUnits","docs/regression/Audit03/material_control_units_positive_v299_2026-10-05.txt; docs/regression/Audit03/full_off_clean_controls_v300_2026-10-05.txt; docs/regression/Audit03/full_on_clean_controls_v300_2026-10-05.txt","","docs/NDM_Audit03_Final_Config_Review.md"
"MaterialControl.AM24","UnnamedMaterialDiagramControl","Config!AM24","DerivedFormula","Strain / MPa","VerifiedDerivedDependence","Минимум K02: активный effect/invalid/inactive и перечисленные технические границы; не exhaustive Double.","modTestMaterialDiagrams.TestAudit03MaterialControlUnits","docs/regression/Audit03/material_control_units_positive_v299_2026-10-05.txt; docs/regression/Audit03/full_off_clean_controls_v300_2026-10-05.txt; docs/regression/Audit03/full_on_clean_controls_v300_2026-10-05.txt","","docs/NDM_Audit03_Final_Config_Review.md"
"MaterialControl.AN24","UnnamedMaterialDiagramControl","Config!AN24","DerivedFormula","Strain / MPa","VerifiedDerivedDependence","Минимум K02: активный effect/invalid/inactive и перечисленные технические границы; не exhaustive Double.","modTestMaterialDiagrams.TestAudit03MaterialControlUnits","docs/regression/Audit03/material_control_units_positive_v299_2026-10-05.txt; docs/regression/Audit03/full_off_clean_controls_v300_2026-10-05.txt; docs/regression/Audit03/full_on_clean_controls_v300_2026-10-05.txt","","docs/NDM_Audit03_Final_Config_Review.md"
"MaterialControl.AM25","UnnamedMaterialDiagramControl","Config!AM25","DerivedFormula","Strain / MPa","VerifiedDerivedDependence","Минимум K02: активный effect/invalid/inactive и перечисленные технические границы; не exhaustive Double.","modTestMaterialDiagrams.TestAudit03MaterialControlUnits","docs/regression/Audit03/material_control_units_positive_v299_2026-10-05.txt; docs/regression/Audit03/full_off_clean_controls_v300_2026-10-05.txt; docs/regression/Audit03/full_on_clean_controls_v300_2026-10-05.txt","","docs/NDM_Audit03_Final_Config_Review.md"
"MaterialControl.AN25","UnnamedMaterialDiagramControl","Config!AN25","DerivedFormula","Strain / MPa","VerifiedDerivedDependence","Минимум K02: активный effect/invalid/inactive и перечисленные технические границы; не exhaustive Double.","modTestMaterialDiagrams.TestAudit03MaterialControlUnits","docs/regression/Audit03/material_control_units_positive_v299_2026-10-05.txt; docs/regression/Audit03/full_off_clean_controls_v300_2026-10-05.txt; docs/regression/Audit03/full_on_clean_controls_v300_2026-10-05.txt","","docs/NDM_Audit03_Final_Config_Review.md"
"MaterialControl.AM26","UnnamedMaterialDiagramControl","Config!AM26","DerivedFormula","Strain / MPa","VerifiedDerivedDependence","Минимум K02: активный effect/invalid/inactive и перечисленные технические границы; не exhaustive Double.","modTestMaterialDiagrams.TestAudit03MaterialControlUnits","docs/regression/Audit03/material_control_units_positive_v299_2026-10-05.txt; docs/regression/Audit03/full_off_clean_controls_v300_2026-10-05.txt; docs/regression/Audit03/full_on_clean_controls_v300_2026-10-05.txt","","docs/NDM_Audit03_Final_Config_Review.md"
"MaterialControl.AN26","UnnamedMaterialDiagramControl","Config!AN26","DerivedFormula","Strain / MPa","VerifiedDerivedDependence","Минимум K02: активный effect/invalid/inactive и перечисленные технические границы; не exhaustive Double.","modTestMaterialDiagrams.TestAudit03MaterialControlUnits","docs/regression/Audit03/material_control_units_positive_v299_2026-10-05.txt; docs/regression/Audit03/full_off_clean_controls_v300_2026-10-05.txt; docs/regression/Audit03/full_on_clean_controls_v300_2026-10-05.txt","","docs/NDM_Audit03_Final_Config_Review.md"
"MaterialControl.AM27","UnnamedMaterialDiagramControl","Config!AM27","DerivedFormula","Strain / MPa","VerifiedDerivedDependence","Минимум K02: активный effect/invalid/inactive и перечисленные технические границы; не exhaustive Double.","modTestMaterialDiagrams.TestAudit03MaterialControlUnits","docs/regression/Audit03/material_control_units_positive_v299_2026-10-05.txt; docs/regression/Audit03/full_off_clean_controls_v300_2026-10-05.txt; docs/regression/Audit03/full_on_clean_controls_v300_2026-10-05.txt","","docs/NDM_Audit03_Final_Config_Review.md"
"MaterialControl.AN27","UnnamedMaterialDiagramControl","Config!AN27","DerivedFormula","Strain / MPa","VerifiedDerivedDependence","Минимум K02: активный effect/invalid/inactive и перечисленные технические границы; не exhaustive Double.","modTestMaterialDiagrams.TestAudit03MaterialControlUnits","docs/regression/Audit03/material_control_units_positive_v299_2026-10-05.txt; docs/regression/Audit03/full_off_clean_controls_v300_2026-10-05.txt; docs/regression/Audit03/full_on_clean_controls_v300_2026-10-05.txt","","docs/NDM_Audit03_Final_Config_Review.md"
"MaterialControl.AM28","UnnamedMaterialDiagramControl","Config!AM28","DerivedFormula","Strain / MPa","VerifiedDerivedDependence","Минимум K02: активный effect/invalid/inactive и перечисленные технические границы; не exhaustive Double.","modTestMaterialDiagrams.TestAudit03MaterialControlUnits","docs/regression/Audit03/material_control_units_positive_v299_2026-10-05.txt; docs/regression/Audit03/full_off_clean_controls_v300_2026-10-05.txt; docs/regression/Audit03/full_on_clean_controls_v300_2026-10-05.txt","","docs/NDM_Audit03_Final_Config_Review.md"
"MaterialControl.AN28","UnnamedMaterialDiagramControl","Config!AN28","DerivedFormula","Strain / MPa","VerifiedDerivedDependence","Минимум K02: активный effect/invalid/inactive и перечисленные технические границы; не exhaustive Double.","modTestMaterialDiagrams.TestAudit03MaterialControlUnits","docs/regression/Audit03/material_control_units_positive_v299_2026-10-05.txt; docs/regression/Audit03/full_off_clean_controls_v300_2026-10-05.txt; docs/regression/Audit03/full_on_clean_controls_v300_2026-10-05.txt","","docs/NDM_Audit03_Final_Config_Review.md"
"MaterialControl.AM29","UnnamedMaterialDiagramControl","Config!AM29","ReadOnlyControlValue","Strain / MPa","VerifiedControlValue","Минимум K02: активный effect/invalid/inactive и перечисленные технические границы; не exhaustive Double.","modTestMaterialDiagrams.TestAudit03MaterialControlUnits","docs/regression/Audit03/material_control_units_positive_v299_2026-10-05.txt; docs/regression/Audit03/full_off_clean_controls_v300_2026-10-05.txt; docs/regression/Audit03/full_on_clean_controls_v300_2026-10-05.txt","","docs/NDM_Audit03_Final_Config_Review.md"
"MaterialControl.AN29","UnnamedMaterialDiagramControl","Config!AN29","ReadOnlyControlValue","Strain / MPa","VerifiedControlValue","Минимум K02: активный effect/invalid/inactive и перечисленные технические границы; не exhaustive Double.","modTestMaterialDiagrams.TestAudit03MaterialControlUnits","docs/regression/Audit03/material_control_units_positive_v299_2026-10-05.txt; docs/regression/Audit03/full_off_clean_controls_v300_2026-10-05.txt; docs/regression/Audit03/full_on_clean_controls_v300_2026-10-05.txt","","docs/NDM_Audit03_Final_Config_Review.md"
"MaterialControl.AM30","UnnamedMaterialDiagramControl","Config!AM30","DerivedFormula","Strain / MPa","VerifiedDerivedDependence","Минимум K02: активный effect/invalid/inactive и перечисленные технические границы; не exhaustive Double.","modTestMaterialDiagrams.TestAudit03MaterialControlUnits","docs/regression/Audit03/material_control_units_positive_v299_2026-10-05.txt; docs/regression/Audit03/full_off_clean_controls_v300_2026-10-05.txt; docs/regression/Audit03/full_on_clean_controls_v300_2026-10-05.txt","","docs/NDM_Audit03_Final_Config_Review.md"
"MaterialControl.AN30","UnnamedMaterialDiagramControl","Config!AN30","DerivedFormula","Strain / MPa","VerifiedDerivedDependence","Минимум K02: активный effect/invalid/inactive и перечисленные технические границы; не exhaustive Double.","modTestMaterialDiagrams.TestAudit03MaterialControlUnits","docs/regression/Audit03/material_control_units_positive_v299_2026-10-05.txt; docs/regression/Audit03/full_off_clean_controls_v300_2026-10-05.txt; docs/regression/Audit03/full_on_clean_controls_v300_2026-10-05.txt","","docs/NDM_Audit03_Final_Config_Review.md"
"MaterialControl.AM31","UnnamedMaterialDiagramControl","Config!AM31","DerivedFormula","Strain / MPa","VerifiedDerivedDependence","Минимум K02: активный effect/invalid/inactive и перечисленные технические границы; не exhaustive Double.","modTestMaterialDiagrams.TestAudit03MaterialControlUnits","docs/regression/Audit03/material_control_units_positive_v299_2026-10-05.txt; docs/regression/Audit03/full_off_clean_controls_v300_2026-10-05.txt; docs/regression/Audit03/full_on_clean_controls_v300_2026-10-05.txt","","docs/NDM_Audit03_Final_Config_Review.md"
"MaterialControl.AN31","UnnamedMaterialDiagramControl","Config!AN31","DerivedFormula","Strain / MPa","VerifiedDerivedDependence","Минимум K02: активный effect/invalid/inactive и перечисленные технические границы; не exhaustive Double.","modTestMaterialDiagrams.TestAudit03MaterialControlUnits","docs/regression/Audit03/material_control_units_positive_v299_2026-10-05.txt; docs/regression/Audit03/full_off_clean_controls_v300_2026-10-05.txt; docs/regression/Audit03/full_on_clean_controls_v300_2026-10-05.txt","","docs/NDM_Audit03_Final_Config_Review.md"
"MaterialControl.AM32","UnnamedMaterialDiagramControl","Config!AM32","DerivedFormula","Strain / MPa","VerifiedDerivedDependence","Минимум K02: активный effect/invalid/inactive и перечисленные технические границы; не exhaustive Double.","modTestMaterialDiagrams.TestAudit03MaterialControlUnits","docs/regression/Audit03/material_control_units_positive_v299_2026-10-05.txt; docs/regression/Audit03/full_off_clean_controls_v300_2026-10-05.txt; docs/regression/Audit03/full_on_clean_controls_v300_2026-10-05.txt","","docs/NDM_Audit03_Final_Config_Review.md"
"MaterialControl.AN32","UnnamedMaterialDiagramControl","Config!AN32","DerivedFormula","Strain / MPa","VerifiedDerivedDependence","Минимум K02: активный effect/invalid/inactive и перечисленные технические границы; не exhaustive Double.","modTestMaterialDiagrams.TestAudit03MaterialControlUnits","docs/regression/Audit03/material_control_units_positive_v299_2026-10-05.txt; docs/regression/Audit03/full_off_clean_controls_v300_2026-10-05.txt; docs/regression/Audit03/full_on_clean_controls_v300_2026-10-05.txt","","docs/NDM_Audit03_Final_Config_Review.md"
"MaterialControl.AM33","UnnamedMaterialDiagramControl","Config!AM33","DerivedFormula","Strain / MPa","VerifiedDerivedDependence","Минимум K02: активный effect/invalid/inactive и перечисленные технические границы; не exhaustive Double.","modTestMaterialDiagrams.TestAudit03MaterialControlUnits","docs/regression/Audit03/material_control_units_positive_v299_2026-10-05.txt; docs/regression/Audit03/full_off_clean_controls_v300_2026-10-05.txt; docs/regression/Audit03/full_on_clean_controls_v300_2026-10-05.txt","","docs/NDM_Audit03_Final_Config_Review.md"
"MaterialControl.AN33","UnnamedMaterialDiagramControl","Config!AN33","DerivedFormula","Strain / MPa","VerifiedDerivedDependence","Минимум K02: активный effect/invalid/inactive и перечисленные технические границы; не exhaustive Double.","modTestMaterialDiagrams.TestAudit03MaterialControlUnits","docs/regression/Audit03/material_control_units_positive_v299_2026-10-05.txt; docs/regression/Audit03/full_off_clean_controls_v300_2026-10-05.txt; docs/regression/Audit03/full_on_clean_controls_v300_2026-10-05.txt","","docs/NDM_Audit03_Final_Config_Review.md"
"MaterialControl.AM34","UnnamedMaterialDiagramControl","Config!AM34","DerivedFormula","Strain / MPa","VerifiedDerivedDependence","Минимум K02: активный effect/invalid/inactive и перечисленные технические границы; не exhaustive Double.","modTestMaterialDiagrams.TestAudit03MaterialControlUnits","docs/regression/Audit03/material_control_units_positive_v299_2026-10-05.txt; docs/regression/Audit03/full_off_clean_controls_v300_2026-10-05.txt; docs/regression/Audit03/full_on_clean_controls_v300_2026-10-05.txt","","docs/NDM_Audit03_Final_Config_Review.md"
"MaterialControl.AN34","UnnamedMaterialDiagramControl","Config!AN34","DerivedFormula","Strain / MPa","VerifiedDerivedDependence","Минимум K02: активный effect/invalid/inactive и перечисленные технические границы; не exhaustive Double.","modTestMaterialDiagrams.TestAudit03MaterialControlUnits","docs/regression/Audit03/material_control_units_positive_v299_2026-10-05.txt; docs/regression/Audit03/full_off_clean_controls_v300_2026-10-05.txt; docs/regression/Audit03/full_on_clean_controls_v300_2026-10-05.txt","","docs/NDM_Audit03_Final_Config_Review.md"
"MaterialControl.AM35","UnnamedMaterialDiagramControl","Config!AM35","DerivedFormula","Strain / MPa","VerifiedDerivedDependence","Минимум K02: активный effect/invalid/inactive и перечисленные технические границы; не exhaustive Double.","modTestMaterialDiagrams.TestAudit03MaterialControlUnits","docs/regression/Audit03/material_control_units_positive_v299_2026-10-05.txt; docs/regression/Audit03/full_off_clean_controls_v300_2026-10-05.txt; docs/regression/Audit03/full_on_clean_controls_v300_2026-10-05.txt","","docs/NDM_Audit03_Final_Config_Review.md"
"MaterialControl.AN35","UnnamedMaterialDiagramControl","Config!AN35","DerivedFormula","Strain / MPa","VerifiedDerivedDependence","Минимум K02: активный effect/invalid/inactive и перечисленные технические границы; не exhaustive Double.","modTestMaterialDiagrams.TestAudit03MaterialControlUnits","docs/regression/Audit03/material_control_units_positive_v299_2026-10-05.txt; docs/regression/Audit03/full_off_clean_controls_v300_2026-10-05.txt; docs/regression/Audit03/full_on_clean_controls_v300_2026-10-05.txt","","docs/NDM_Audit03_Final_Config_Review.md"
"MaterialControl.AM36","UnnamedMaterialDiagramControl","Config!AM36","ReadOnlyControlValue","Strain / MPa","VerifiedControlValue","Минимум K02: активный effect/invalid/inactive и перечисленные технические границы; не exhaustive Double.","modTestMaterialDiagrams.TestAudit03MaterialControlUnits","docs/regression/Audit03/material_control_units_positive_v299_2026-10-05.txt; docs/regression/Audit03/full_off_clean_controls_v300_2026-10-05.txt; docs/regression/Audit03/full_on_clean_controls_v300_2026-10-05.txt","","docs/NDM_Audit03_Final_Config_Review.md"
"MaterialControl.AN36","UnnamedMaterialDiagramControl","Config!AN36","ReadOnlyControlValue","Strain / MPa","VerifiedControlValue","Минимум K02: активный effect/invalid/inactive и перечисленные технические границы; не exhaustive Double.","modTestMaterialDiagrams.TestAudit03MaterialControlUnits","docs/regression/Audit03/material_control_units_positive_v299_2026-10-05.txt; docs/regression/Audit03/full_off_clean_controls_v300_2026-10-05.txt; docs/regression/Audit03/full_on_clean_controls_v300_2026-10-05.txt","","docs/NDM_Audit03_Final_Config_Review.md"
"MaterialControl.AM37","UnnamedMaterialDiagramControl","Config!AM37","DerivedFormula","Strain / MPa","VerifiedDerivedDependence","Минимум K02: активный effect/invalid/inactive и перечисленные технические границы; не exhaustive Double.","modTestMaterialDiagrams.TestAudit03MaterialControlUnits","docs/regression/Audit03/material_control_units_positive_v299_2026-10-05.txt; docs/regression/Audit03/full_off_clean_controls_v300_2026-10-05.txt; docs/regression/Audit03/full_on_clean_controls_v300_2026-10-05.txt","","docs/NDM_Audit03_Final_Config_Review.md"
"MaterialControl.AN37","UnnamedMaterialDiagramControl","Config!AN37","DerivedFormula","Strain / MPa","VerifiedDerivedDependence","Минимум K02: активный effect/invalid/inactive и перечисленные технические границы; не exhaustive Double.","modTestMaterialDiagrams.TestAudit03MaterialControlUnits","docs/regression/Audit03/material_control_units_positive_v299_2026-10-05.txt; docs/regression/Audit03/full_off_clean_controls_v300_2026-10-05.txt; docs/regression/Audit03/full_on_clean_controls_v300_2026-10-05.txt","","docs/NDM_Audit03_Final_Config_Review.md"
"MaterialControl.AM38","UnnamedMaterialDiagramControl","Config!AM38","DerivedFormula","Strain / MPa","VerifiedDerivedDependence","Минимум K02: активный effect/invalid/inactive и перечисленные технические границы; не exhaustive Double.","modTestMaterialDiagrams.TestAudit03MaterialControlUnits","docs/regression/Audit03/material_control_units_positive_v299_2026-10-05.txt; docs/regression/Audit03/full_off_clean_controls_v300_2026-10-05.txt; docs/regression/Audit03/full_on_clean_controls_v300_2026-10-05.txt","","docs/NDM_Audit03_Final_Config_Review.md"
"MaterialControl.AN38","UnnamedMaterialDiagramControl","Config!AN38","DerivedFormula","Strain / MPa","VerifiedDerivedDependence","Минимум K02: активный effect/invalid/inactive и перечисленные технические границы; не exhaustive Double.","modTestMaterialDiagrams.TestAudit03MaterialControlUnits","docs/regression/Audit03/material_control_units_positive_v299_2026-10-05.txt; docs/regression/Audit03/full_off_clean_controls_v300_2026-10-05.txt; docs/regression/Audit03/full_on_clean_controls_v300_2026-10-05.txt","","docs/NDM_Audit03_Final_Config_Review.md"
"MaterialControl.AM39","UnnamedMaterialDiagramControl","Config!AM39","DerivedFormula","Strain / MPa","VerifiedDerivedDependence","Минимум K02: активный effect/invalid/inactive и перечисленные технические границы; не exhaustive Double.","modTestMaterialDiagrams.TestAudit03MaterialControlUnits","docs/regression/Audit03/material_control_units_positive_v299_2026-10-05.txt; docs/regression/Audit03/full_off_clean_controls_v300_2026-10-05.txt; docs/regression/Audit03/full_on_clean_controls_v300_2026-10-05.txt","","docs/NDM_Audit03_Final_Config_Review.md"
"MaterialControl.AN39","UnnamedMaterialDiagramControl","Config!AN39","DerivedFormula","Strain / MPa","VerifiedDerivedDependence","Минимум K02: активный effect/invalid/inactive и перечисленные технические границы; не exhaustive Double.","modTestMaterialDiagrams.TestAudit03MaterialControlUnits","docs/regression/Audit03/material_control_units_positive_v299_2026-10-05.txt; docs/regression/Audit03/full_off_clean_controls_v300_2026-10-05.txt; docs/regression/Audit03/full_on_clean_controls_v300_2026-10-05.txt","","docs/NDM_Audit03_Final_Config_Review.md"
"MaterialControl.AM40","UnnamedMaterialDiagramControl","Config!AM40","DerivedFormula","Strain / MPa","VerifiedDerivedDependence","Минимум K02: активный effect/invalid/inactive и перечисленные технические границы; не exhaustive Double.","modTestMaterialDiagrams.TestAudit03MaterialControlUnits","docs/regression/Audit03/material_control_units_positive_v299_2026-10-05.txt; docs/regression/Audit03/full_off_clean_controls_v300_2026-10-05.txt; docs/regression/Audit03/full_on_clean_controls_v300_2026-10-05.txt","","docs/NDM_Audit03_Final_Config_Review.md"
"MaterialControl.AN40","UnnamedMaterialDiagramControl","Config!AN40","DerivedFormula","Strain / MPa","VerifiedDerivedDependence","Минимум K02: активный effect/invalid/inactive и перечисленные технические границы; не exhaustive Double.","modTestMaterialDiagrams.TestAudit03MaterialControlUnits","docs/regression/Audit03/material_control_units_positive_v299_2026-10-05.txt; docs/regression/Audit03/full_off_clean_controls_v300_2026-10-05.txt; docs/regression/Audit03/full_on_clean_controls_v300_2026-10-05.txt","","docs/NDM_Audit03_Final_Config_Review.md"
"MaterialControl.AM41","UnnamedMaterialDiagramControl","Config!AM41","DerivedFormula","Strain / MPa","VerifiedDerivedDependence","Минимум K02: активный effect/invalid/inactive и перечисленные технические границы; не exhaustive Double.","modTestMaterialDiagrams.TestAudit03MaterialControlUnits","docs/regression/Audit03/material_control_units_positive_v299_2026-10-05.txt; docs/regression/Audit03/full_off_clean_controls_v300_2026-10-05.txt; docs/regression/Audit03/full_on_clean_controls_v300_2026-10-05.txt","","docs/NDM_Audit03_Final_Config_Review.md"
"MaterialControl.AN41","UnnamedMaterialDiagramControl","Config!AN41","DerivedFormula","Strain / MPa","VerifiedDerivedDependence","Минимум K02: активный effect/invalid/inactive и перечисленные технические границы; не exhaustive Double.","modTestMaterialDiagrams.TestAudit03MaterialControlUnits","docs/regression/Audit03/material_control_units_positive_v299_2026-10-05.txt; docs/regression/Audit03/full_off_clean_controls_v300_2026-10-05.txt; docs/regression/Audit03/full_on_clean_controls_v300_2026-10-05.txt","","docs/NDM_Audit03_Final_Config_Review.md"
"MaterialControl.AM42","UnnamedMaterialDiagramControl","Config!AM42","DerivedFormula","Strain / MPa","VerifiedDerivedDependence","Минимум K02: активный effect/invalid/inactive и перечисленные технические границы; не exhaustive Double.","modTestMaterialDiagrams.TestAudit03MaterialControlUnits","docs/regression/Audit03/material_control_units_positive_v299_2026-10-05.txt; docs/regression/Audit03/full_off_clean_controls_v300_2026-10-05.txt; docs/regression/Audit03/full_on_clean_controls_v300_2026-10-05.txt","","docs/NDM_Audit03_Final_Config_Review.md"
"MaterialControl.AN42","UnnamedMaterialDiagramControl","Config!AN42","DerivedFormula","Strain / MPa","VerifiedDerivedDependence","Минимум K02: активный effect/invalid/inactive и перечисленные технические границы; не exhaustive Double.","modTestMaterialDiagrams.TestAudit03MaterialControlUnits","docs/regression/Audit03/material_control_units_positive_v299_2026-10-05.txt; docs/regression/Audit03/full_off_clean_controls_v300_2026-10-05.txt; docs/regression/Audit03/full_on_clean_controls_v300_2026-10-05.txt","","docs/NDM_Audit03_Final_Config_Review.md"
"MaterialControl.AM43","UnnamedMaterialDiagramControl","Config!AM43","ReadOnlyControlValue","Strain / MPa","VerifiedControlValue","Минимум K02: активный effect/invalid/inactive и перечисленные технические границы; не exhaustive Double.","modTestMaterialDiagrams.TestAudit03MaterialControlUnits","docs/regression/Audit03/material_control_units_positive_v299_2026-10-05.txt; docs/regression/Audit03/full_off_clean_controls_v300_2026-10-05.txt; docs/regression/Audit03/full_on_clean_controls_v300_2026-10-05.txt","","docs/NDM_Audit03_Final_Config_Review.md"
"MaterialControl.AN43","UnnamedMaterialDiagramControl","Config!AN43","ReadOnlyControlValue","Strain / MPa","VerifiedControlValue","Минимум K02: активный effect/invalid/inactive и перечисленные технические границы; не exhaustive Double.","modTestMaterialDiagrams.TestAudit03MaterialControlUnits","docs/regression/Audit03/material_control_units_positive_v299_2026-10-05.txt; docs/regression/Audit03/full_off_clean_controls_v300_2026-10-05.txt; docs/regression/Audit03/full_on_clean_controls_v300_2026-10-05.txt","","docs/NDM_Audit03_Final_Config_Review.md"
"MaterialControl.AM44","UnnamedMaterialDiagramControl","Config!AM44","DerivedFormula","Strain / MPa","VerifiedDerivedDependence","Минимум K02: активный effect/invalid/inactive и перечисленные технические границы; не exhaustive Double.","modTestMaterialDiagrams.TestAudit03MaterialControlUnits","docs/regression/Audit03/material_control_units_positive_v299_2026-10-05.txt; docs/regression/Audit03/full_off_clean_controls_v300_2026-10-05.txt; docs/regression/Audit03/full_on_clean_controls_v300_2026-10-05.txt","","docs/NDM_Audit03_Final_Config_Review.md"
"MaterialControl.AN44","UnnamedMaterialDiagramControl","Config!AN44","DerivedFormula","Strain / MPa","VerifiedDerivedDependence","Минимум K02: активный effect/invalid/inactive и перечисленные технические границы; не exhaustive Double.","modTestMaterialDiagrams.TestAudit03MaterialControlUnits","docs/regression/Audit03/material_control_units_positive_v299_2026-10-05.txt; docs/regression/Audit03/full_off_clean_controls_v300_2026-10-05.txt; docs/regression/Audit03/full_on_clean_controls_v300_2026-10-05.txt","","docs/NDM_Audit03_Final_Config_Review.md"
"MaterialControl.AM45","UnnamedMaterialDiagramControl","Config!AM45","DerivedFormula","Strain / MPa","VerifiedDerivedDependence","Минимум K02: активный effect/invalid/inactive и перечисленные технические границы; не exhaustive Double.","modTestMaterialDiagrams.TestAudit03MaterialControlUnits","docs/regression/Audit03/material_control_units_positive_v299_2026-10-05.txt; docs/regression/Audit03/full_off_clean_controls_v300_2026-10-05.txt; docs/regression/Audit03/full_on_clean_controls_v300_2026-10-05.txt","","docs/NDM_Audit03_Final_Config_Review.md"
"MaterialControl.AN45","UnnamedMaterialDiagramControl","Config!AN45","DerivedFormula","Strain / MPa","VerifiedDerivedDependence","Минимум K02: активный effect/invalid/inactive и перечисленные технические границы; не exhaustive Double.","modTestMaterialDiagrams.TestAudit03MaterialControlUnits","docs/regression/Audit03/material_control_units_positive_v299_2026-10-05.txt; docs/regression/Audit03/full_off_clean_controls_v300_2026-10-05.txt; docs/regression/Audit03/full_on_clean_controls_v300_2026-10-05.txt","","docs/NDM_Audit03_Final_Config_Review.md"
"MaterialControl.AM46","UnnamedMaterialDiagramControl","Config!AM46","DerivedFormula","Strain / MPa","VerifiedDerivedDependence","Минимум K02: активный effect/invalid/inactive и перечисленные технические границы; не exhaustive Double.","modTestMaterialDiagrams.TestAudit03MaterialControlUnits","docs/regression/Audit03/material_control_units_positive_v299_2026-10-05.txt; docs/regression/Audit03/full_off_clean_controls_v300_2026-10-05.txt; docs/regression/Audit03/full_on_clean_controls_v300_2026-10-05.txt","","docs/NDM_Audit03_Final_Config_Review.md"
"MaterialControl.AN46","UnnamedMaterialDiagramControl","Config!AN46","DerivedFormula","Strain / MPa","VerifiedDerivedDependence","Минимум K02: активный effect/invalid/inactive и перечисленные технические границы; не exhaustive Double.","modTestMaterialDiagrams.TestAudit03MaterialControlUnits","docs/regression/Audit03/material_control_units_positive_v299_2026-10-05.txt; docs/regression/Audit03/full_off_clean_controls_v300_2026-10-05.txt; docs/regression/Audit03/full_on_clean_controls_v300_2026-10-05.txt","","docs/NDM_Audit03_Final_Config_Review.md"
"MaterialControl.AM47","UnnamedMaterialDiagramControl","Config!AM47","DerivedFormula","Strain / MPa","VerifiedDerivedDependence","Минимум K02: активный effect/invalid/inactive и перечисленные технические границы; не exhaustive Double.","modTestMaterialDiagrams.TestAudit03MaterialControlUnits","docs/regression/Audit03/material_control_units_positive_v299_2026-10-05.txt; docs/regression/Audit03/full_off_clean_controls_v300_2026-10-05.txt; docs/regression/Audit03/full_on_clean_controls_v300_2026-10-05.txt","","docs/NDM_Audit03_Final_Config_Review.md"
"MaterialControl.AN47","UnnamedMaterialDiagramControl","Config!AN47","DerivedFormula","Strain / MPa","VerifiedDerivedDependence","Минимум K02: активный effect/invalid/inactive и перечисленные технические границы; не exhaustive Double.","modTestMaterialDiagrams.TestAudit03MaterialControlUnits","docs/regression/Audit03/material_control_units_positive_v299_2026-10-05.txt; docs/regression/Audit03/full_off_clean_controls_v300_2026-10-05.txt; docs/regression/Audit03/full_on_clean_controls_v300_2026-10-05.txt","","docs/NDM_Audit03_Final_Config_Review.md"
"MaterialControl.AM48","UnnamedMaterialDiagramControl","Config!AM48","DerivedFormula","Strain / MPa","VerifiedDerivedDependence","Минимум K02: активный effect/invalid/inactive и перечисленные технические границы; не exhaustive Double.","modTestMaterialDiagrams.TestAudit03MaterialControlUnits","docs/regression/Audit03/material_control_units_positive_v299_2026-10-05.txt; docs/regression/Audit03/full_off_clean_controls_v300_2026-10-05.txt; docs/regression/Audit03/full_on_clean_controls_v300_2026-10-05.txt","","docs/NDM_Audit03_Final_Config_Review.md"
"MaterialControl.AN48","UnnamedMaterialDiagramControl","Config!AN48","DerivedFormula","Strain / MPa","VerifiedDerivedDependence","Минимум K02: активный effect/invalid/inactive и перечисленные технические границы; не exhaustive Double.","modTestMaterialDiagrams.TestAudit03MaterialControlUnits","docs/regression/Audit03/material_control_units_positive_v299_2026-10-05.txt; docs/regression/Audit03/full_off_clean_controls_v300_2026-10-05.txt; docs/regression/Audit03/full_on_clean_controls_v300_2026-10-05.txt","","docs/NDM_Audit03_Final_Config_Review.md"
"MaterialControl.AM49","UnnamedMaterialDiagramControl","Config!AM49","DerivedFormula","Strain / MPa","VerifiedDerivedDependence","Минимум K02: активный effect/invalid/inactive и перечисленные технические границы; не exhaustive Double.","modTestMaterialDiagrams.TestAudit03MaterialControlUnits","docs/regression/Audit03/material_control_units_positive_v299_2026-10-05.txt; docs/regression/Audit03/full_off_clean_controls_v300_2026-10-05.txt; docs/regression/Audit03/full_on_clean_controls_v300_2026-10-05.txt","","docs/NDM_Audit03_Final_Config_Review.md"
"MaterialControl.AN49","UnnamedMaterialDiagramControl","Config!AN49","DerivedFormula","Strain / MPa","VerifiedDerivedDependence","Минимум K02: активный effect/invalid/inactive и перечисленные технические границы; не exhaustive Double.","modTestMaterialDiagrams.TestAudit03MaterialControlUnits","docs/regression/Audit03/material_control_units_positive_v299_2026-10-05.txt; docs/regression/Audit03/full_off_clean_controls_v300_2026-10-05.txt; docs/regression/Audit03/full_on_clean_controls_v300_2026-10-05.txt","","docs/NDM_Audit03_Final_Config_Review.md"
"MaterialControl.AM50","UnnamedMaterialDiagramControl","Config!AM50","ReadOnlyControlValue","Strain / MPa","VerifiedControlValue","Минимум K02: активный effect/invalid/inactive и перечисленные технические границы; не exhaustive Double.","modTestMaterialDiagrams.TestAudit03MaterialControlUnits","docs/regression/Audit03/material_control_units_positive_v299_2026-10-05.txt; docs/regression/Audit03/full_off_clean_controls_v300_2026-10-05.txt; docs/regression/Audit03/full_on_clean_controls_v300_2026-10-05.txt","","docs/NDM_Audit03_Final_Config_Review.md"
"MaterialControl.AN50","UnnamedMaterialDiagramControl","Config!AN50","ReadOnlyControlValue","Strain / MPa","VerifiedControlValue","Минимум K02: активный effect/invalid/inactive и перечисленные технические границы; не exhaustive Double.","modTestMaterialDiagrams.TestAudit03MaterialControlUnits","docs/regression/Audit03/material_control_units_positive_v299_2026-10-05.txt; docs/regression/Audit03/full_off_clean_controls_v300_2026-10-05.txt; docs/regression/Audit03/full_on_clean_controls_v300_2026-10-05.txt","","docs/NDM_Audit03_Final_Config_Review.md"
"MaterialControl.AM51","UnnamedMaterialDiagramControl","Config!AM51","DerivedFormula","Strain / MPa","VerifiedDerivedDependence","Минимум K02: активный effect/invalid/inactive и перечисленные технические границы; не exhaustive Double.","modTestMaterialDiagrams.TestAudit03MaterialControlUnits","docs/regression/Audit03/material_control_units_positive_v299_2026-10-05.txt; docs/regression/Audit03/full_off_clean_controls_v300_2026-10-05.txt; docs/regression/Audit03/full_on_clean_controls_v300_2026-10-05.txt","","docs/NDM_Audit03_Final_Config_Review.md"
"MaterialControl.AN51","UnnamedMaterialDiagramControl","Config!AN51","DerivedFormula","Strain / MPa","VerifiedDerivedDependence","Минимум K02: активный effect/invalid/inactive и перечисленные технические границы; не exhaustive Double.","modTestMaterialDiagrams.TestAudit03MaterialControlUnits","docs/regression/Audit03/material_control_units_positive_v299_2026-10-05.txt; docs/regression/Audit03/full_off_clean_controls_v300_2026-10-05.txt; docs/regression/Audit03/full_on_clean_controls_v300_2026-10-05.txt","","docs/NDM_Audit03_Final_Config_Review.md"
"MaterialControl.AM52","UnnamedMaterialDiagramControl","Config!AM52","DerivedFormula","Strain / MPa","VerifiedDerivedDependence","Минимум K02: активный effect/invalid/inactive и перечисленные технические границы; не exhaustive Double.","modTestMaterialDiagrams.TestAudit03MaterialControlUnits","docs/regression/Audit03/material_control_units_positive_v299_2026-10-05.txt; docs/regression/Audit03/full_off_clean_controls_v300_2026-10-05.txt; docs/regression/Audit03/full_on_clean_controls_v300_2026-10-05.txt","","docs/NDM_Audit03_Final_Config_Review.md"
"MaterialControl.AN52","UnnamedMaterialDiagramControl","Config!AN52","DerivedFormula","Strain / MPa","VerifiedDerivedDependence","Минимум K02: активный effect/invalid/inactive и перечисленные технические границы; не exhaustive Double.","modTestMaterialDiagrams.TestAudit03MaterialControlUnits","docs/regression/Audit03/material_control_units_positive_v299_2026-10-05.txt; docs/regression/Audit03/full_off_clean_controls_v300_2026-10-05.txt; docs/regression/Audit03/full_on_clean_controls_v300_2026-10-05.txt","","docs/NDM_Audit03_Final_Config_Review.md"
"MaterialControl.AM53","UnnamedMaterialDiagramControl","Config!AM53","DerivedFormula","Strain / MPa","VerifiedDerivedDependence","Минимум K02: активный effect/invalid/inactive и перечисленные технические границы; не exhaustive Double.","modTestMaterialDiagrams.TestAudit03MaterialControlUnits","docs/regression/Audit03/material_control_units_positive_v299_2026-10-05.txt; docs/regression/Audit03/full_off_clean_controls_v300_2026-10-05.txt; docs/regression/Audit03/full_on_clean_controls_v300_2026-10-05.txt","","docs/NDM_Audit03_Final_Config_Review.md"
"MaterialControl.AN53","UnnamedMaterialDiagramControl","Config!AN53","DerivedFormula","Strain / MPa","VerifiedDerivedDependence","Минимум K02: активный effect/invalid/inactive и перечисленные технические границы; не exhaustive Double.","modTestMaterialDiagrams.TestAudit03MaterialControlUnits","docs/regression/Audit03/material_control_units_positive_v299_2026-10-05.txt; docs/regression/Audit03/full_off_clean_controls_v300_2026-10-05.txt; docs/regression/Audit03/full_on_clean_controls_v300_2026-10-05.txt","","docs/NDM_Audit03_Final_Config_Review.md"
"MaterialControl.AM54","UnnamedMaterialDiagramControl","Config!AM54","DerivedFormula","Strain / MPa","VerifiedDerivedDependence","Минимум K02: активный effect/invalid/inactive и перечисленные технические границы; не exhaustive Double.","modTestMaterialDiagrams.TestAudit03MaterialControlUnits","docs/regression/Audit03/material_control_units_positive_v299_2026-10-05.txt; docs/regression/Audit03/full_off_clean_controls_v300_2026-10-05.txt; docs/regression/Audit03/full_on_clean_controls_v300_2026-10-05.txt","","docs/NDM_Audit03_Final_Config_Review.md"
"MaterialControl.AN54","UnnamedMaterialDiagramControl","Config!AN54","DerivedFormula","Strain / MPa","VerifiedDerivedDependence","Минимум K02: активный effect/invalid/inactive и перечисленные технические границы; не exhaustive Double.","modTestMaterialDiagrams.TestAudit03MaterialControlUnits","docs/regression/Audit03/material_control_units_positive_v299_2026-10-05.txt; docs/regression/Audit03/full_off_clean_controls_v300_2026-10-05.txt; docs/regression/Audit03/full_on_clean_controls_v300_2026-10-05.txt","","docs/NDM_Audit03_Final_Config_Review.md"
