"Id","Block","Address","Role","MergeRange","MergeAnchor","SavedValue","Formula","Type","UserUnits","NewWorkbookDefault","RuntimeDefault","Activity","Consumers","TestId","CoverageStatus"
"General.ExecutionReportEnabled","rngSystemSettings","Config!B5","UserInput","","","Yes","","list","-","Yes","PendingCallSiteReview","PendingPerKeyActiveInactiveReview","CSystemSettingsReader -> settings consumers","NotRun","Inventoried:BehaviorNotAccepted"
"General.NonCriticalMessagesEnabled","rngSystemSettings","Config!B6","UserInput","","","Yes","","list","-","Yes","PendingCallSiteReview","PendingPerKeyActiveInactiveReview","CSystemSettingsReader -> settings consumers","NotRun","Inventoried:BehaviorNotAccepted"
"General.WorstCombinationCriterion","rngSystemSettings","Config!B7","UserInput","","","StrengthCapacity","","list","-","StrengthCapacity","PendingCallSiteReview","PendingPerKeyActiveInactiveReview","CSystemSettingsReader -> settings consumers","NotRun","Inventoried:BehaviorNotAccepted"
"General.DiagramExtension","rngSystemSettings","Config!B8","UserInput","","","Yes","","list","-","Yes","PendingCallSiteReview","PendingPerKeyActiveInactiveReview","CSystemSettingsReader -> settings consumers","NotRun","Inventoried:BehaviorNotAccepted"
"Calculation.ZeroMomentPerDepth","rngSystemSettings","Config!B9","UserInput","","","5.0000000000000001E-4","","TextOrNumber:PendingContractReview","tf*m/mm","0.0005","PendingCallSiteReview","PendingPerKeyActiveInactiveReview","CSystemSettingsReader -> settings consumers","NotRun","Inventoried:BehaviorNotAccepted"
"Geometry.Source","rngSystemSettings","Config!B12","UserInput","","","Generated","","list","-","Generated","PendingCallSiteReview","PendingPerKeyActiveInactiveReview","CSystemSettingsReader -> settings consumers","NotRun","Inventoried:BehaviorNotAccepted"
"Geometry.Type","rngSystemSettings","Config!B13","UserInput","","","RectSet","","list","-","RectSet","PendingCallSiteReview","PendingPerKeyActiveInactiveReview","CSystemSettingsReader -> settings consumers","NotRun","Inventoried:BehaviorNotAccepted"
"Mesh.StepX","rngSystemSettings","Config!B14","UserInput","","","50","","TextOrNumber:PendingContractReview","mm","50","PendingCallSiteReview","PendingPerKeyActiveInactiveReview","CSystemSettingsReader -> settings consumers","NotRun","Inventoried:BehaviorNotAccepted"
"Mesh.StepY","rngSystemSettings","Config!B15","UserInput","","","50","","TextOrNumber:PendingContractReview","mm","50","PendingCallSiteReview","PendingPerKeyActiveInactiveReview","CSystemSettingsReader -> settings consumers","NotRun","Inventoried:BehaviorNotAccepted"
"Mesh.BoundarySubdivisions","rngSystemSettings","Config!B16","UserInput","","","1","","TextOrNumber:PendingContractReview","шт","1","PendingCallSiteReview","PendingPerKeyActiveInactiveReview","CSystemSettingsReader -> settings consumers","NotRun","Inventoried:BehaviorNotAccepted"
"Load.ReferenceOffsetX","rngSystemSettings","Config!B17","UserInput","","","0","","TextOrNumber:PendingContractReview","mm","0","PendingCallSiteReview","PendingPerKeyActiveInactiveReview","CSystemSettingsReader -> settings consumers","NotRun","Inventoried:BehaviorNotAccepted"
"Load.ReferenceOffsetY","rngSystemSettings","Config!B18","UserInput","","","0","","TextOrNumber:PendingContractReview","mm","0","PendingCallSiteReview","PendingPerKeyActiveInactiveReview","CSystemSettingsReader -> settings consumers","NotRun","Inventoried:BehaviorNotAccepted"
"Solver.Method","rngSystemSettings","Config!B22","UserInput","","","Newton","","list","-","Newton","PendingCallSiteReview","PendingPerKeyActiveInactiveReview","CSystemSettingsReader -> settings consumers","NotRun","Inventoried:BehaviorNotAccepted"
"Solver.MaxIterations","rngSystemSettings","Config!B23","UserInput","","","80","","TextOrNumber:PendingContractReview","шт","80","PendingCallSiteReview","PendingPerKeyActiveInactiveReview","CSystemSettingsReader -> settings consumers","NotRun","Inventoried:BehaviorNotAccepted"
"Solver.LoadSteps","rngSystemSettings","Config!B24","UserInput","","","1","","TextOrNumber:PendingContractReview","шт","1","PendingCallSiteReview","PendingPerKeyActiveInactiveReview","CSystemSettingsReader -> settings consumers","NotRun","Inventoried:BehaviorNotAccepted"
"Solver.ToleranceN","rngSystemSettings","Config!B25","UserInput","","","1E-4","","TextOrNumber:PendingContractReview","tf","0.0001","PendingCallSiteReview","PendingPerKeyActiveInactiveReview","CSystemSettingsReader -> settings consumers","NotRun","Inventoried:BehaviorNotAccepted"
"Solver.ToleranceMx","rngSystemSettings","Config!B26","UserInput","","","1E-4","","TextOrNumber:PendingContractReview","tf*m","0.0001","PendingCallSiteReview","PendingPerKeyActiveInactiveReview","CSystemSettingsReader -> settings consumers","NotRun","Inventoried:BehaviorNotAccepted"
"Solver.ToleranceMy","rngSystemSettings","Config!B27","UserInput","","","1E-4","","TextOrNumber:PendingContractReview","tf*m","0.0001","PendingCallSiteReview","PendingPerKeyActiveInactiveReview","CSystemSettingsReader -> settings consumers","NotRun","Inventoried:BehaviorNotAccepted"
"Solver.LineSearchEnabled","rngSystemSettings","Config!B29","UserInput","","","Yes","","list","-","Yes","PendingCallSiteReview","PendingPerKeyActiveInactiveReview","CSystemSettingsReader -> settings consumers","NotRun","Inventoried:BehaviorNotAccepted"
"Solver.DampingInitial","rngSystemSettings","Config!B30","UserInput","","","1","","TextOrNumber:PendingContractReview","-","1","PendingCallSiteReview","PendingPerKeyActiveInactiveReview","CSystemSettingsReader -> settings consumers","NotRun","Inventoried:BehaviorNotAccepted"
"Solver.MinLineSearchAlpha","rngSystemSettings","Config!B31","UserInput","","","3.125E-2","","TextOrNumber:PendingContractReview","-","0.03125","PendingCallSiteReview","PendingPerKeyActiveInactiveReview","CSystemSettingsReader -> settings consumers","NotRun","Inventoried:BehaviorNotAccepted"
"Solver.MaxDeltaEpsilon0","rngSystemSettings","Config!B32","UserInput","","","5.0000000000000001E-4","","TextOrNumber:PendingContractReview","-","0.0005","PendingCallSiteReview","PendingPerKeyActiveInactiveReview","CSystemSettingsReader -> settings consumers","NotRun","Inventoried:BehaviorNotAccepted"
"Solver.MaxDeltaKappa","rngSystemSettings","Config!B33","UserInput","","","1.0000000000000001E-5","","TextOrNumber:PendingContractReview","1/mm","0.00001","PendingCallSiteReview","PendingPerKeyActiveInactiveReview","CSystemSettingsReader -> settings consumers","NotRun","Inventoried:BehaviorNotAccepted"
"Solver.SecantMaxRestarts","rngSystemSettings","Config!B35","UserInput","","","2","","TextOrNumber:PendingContractReview","шт","2","PendingCallSiteReview","PendingPerKeyActiveInactiveReview","CSystemSettingsReader -> settings consumers","NotRun","Inventoried:BehaviorNotAccepted"
"Solver.SecantMinStepNorm","rngSystemSettings","Config!B36","UserInput","","","9.9999999999999998E-13","","TextOrNumber:PendingContractReview","-","0.000000000001","PendingCallSiteReview","PendingPerKeyActiveInactiveReview","CSystemSettingsReader -> settings consumers","NotRun","Inventoried:BehaviorNotAccepted"
"Capacity.SolutionStrategy","rngSystemSettings","Config!B40","UserInput","","","Auto","","list","-","Auto","PendingCallSiteReview","PendingPerKeyActiveInactiveReview","CSystemSettingsReader -> settings consumers","NotRun","Inventoried:BehaviorNotAccepted"
"Capacity.SolverMaxIterations","rngSystemSettings","Config!B41","UserInput","","","60","","TextOrNumber:PendingContractReview","шт","60","PendingCallSiteReview","PendingPerKeyActiveInactiveReview","CSystemSettingsReader -> settings consumers","NotRun","Inventoried:BehaviorNotAccepted"
"Capacity.ToleranceStrain","rngSystemSettings","Config!B43","UserInput","","","1.0000000000000001E-5","","TextOrNumber:PendingContractReview","-","0.00001","PendingCallSiteReview","PendingPerKeyActiveInactiveReview","CSystemSettingsReader -> settings consumers","NotRun","Inventoried:BehaviorNotAccepted"
"Capacity.MaxLambda","rngSystemSettings","Config!B45","UserInput","","","1024","","TextOrNumber:PendingContractReview","-","1024","PendingCallSiteReview","PendingPerKeyActiveInactiveReview","CSystemSettingsReader -> settings consumers","NotRun","Inventoried:BehaviorNotAccepted"
"Capacity.SearchMethod","rngSystemSettings","Config!B46","UserInput","","","Bisection","","list","-","Bisection","PendingCallSiteReview","PendingPerKeyActiveInactiveReview","CSystemSettingsReader -> settings consumers","NotRun","Inventoried:BehaviorNotAccepted"
"Capacity.InitialLambda","rngSystemSettings","Config!B47","UserInput","","","1","","TextOrNumber:PendingContractReview","-","1","PendingCallSiteReview","PendingPerKeyActiveInactiveReview","CSystemSettingsReader -> settings consumers","NotRun","Inventoried:BehaviorNotAccepted"
"Capacity.ToleranceLambda","rngSystemSettings","Config!B48","UserInput","","","0.01","","TextOrNumber:PendingContractReview","-","0.01","PendingCallSiteReview","PendingPerKeyActiveInactiveReview","CSystemSettingsReader -> settings consumers","NotRun","Inventoried:BehaviorNotAccepted"
"Capacity.MaxRetries","rngSystemSettings","Config!B49","UserInput","","","0","","TextOrNumber:PendingContractReview","шт","0","PendingCallSiteReview","PendingPerKeyActiveInactiveReview","CSystemSettingsReader -> settings consumers","NotRun","Inventoried:BehaviorNotAccepted"
"Capacity.BaseLoadSteps","rngSystemSettings","Config!B50","UserInput","","","1","","TextOrNumber:PendingContractReview","шт","1","PendingCallSiteReview","PendingPerKeyActiveInactiveReview","CSystemSettingsReader -> settings consumers","NotRun","Inventoried:BehaviorNotAccepted"
"Stability.Code","rngSystemSettings","Config!B54","UserInput","","","SP35","","list","-","SP35","PendingCallSiteReview","PendingPerKeyActiveInactiveReview","CSystemSettingsReader -> settings consumers","NotRun","Inventoried:BehaviorNotAccepted"
"Stability.ElementLength","rngSystemSettings","Config!B55","UserInput","","","8000","","TextOrNumber:PendingContractReview","mm","8000","PendingCallSiteReview","PendingPerKeyActiveInactiveReview","CSystemSettingsReader -> settings consumers","NotRun","Inventoried:BehaviorNotAccepted"
"Stability.Mu1","rngSystemSettings","Config!B56","UserInput","","","2","","TextOrNumber:PendingContractReview","-","2","PendingCallSiteReview","PendingPerKeyActiveInactiveReview","CSystemSettingsReader -> settings consumers","NotRun","Inventoried:BehaviorNotAccepted"
"Stability.Mu2","rngSystemSettings","Config!B57","UserInput","","","2","","TextOrNumber:PendingContractReview","-","2","PendingCallSiteReview","PendingPerKeyActiveInactiveReview","CSystemSettingsReader -> settings consumers","NotRun","Inventoried:BehaviorNotAccepted"
"Stability.SystemType","rngSystemSettings","Config!B58","UserInput","","","Determinate","","list","-","Determinate","PendingCallSiteReview","PendingPerKeyActiveInactiveReview","CSystemSettingsReader -> settings consumers","NotRun","Inventoried:BehaviorNotAccepted"
"Stability.ZeroMomentEccentricitySign1","rngSystemSettings","Config!B59","UserInput","","","1","","list","-","1","PendingCallSiteReview","PendingPerKeyActiveInactiveReview","CSystemSettingsReader -> settings consumers","NotRun","Inventoried:BehaviorNotAccepted"
"Stability.ZeroMomentEccentricitySign2","rngSystemSettings","Config!B60","UserInput","","","1","","list","-","1","PendingCallSiteReview","PendingPerKeyActiveInactiveReview","CSystemSettingsReader -> settings consumers","NotRun","Inventoried:BehaviorNotAccepted"
"Stability.AccidentalEccentricityMode","rngSystemSettings","Config!B61","UserInput","","","AutoWithμL","","list","-","AutoWithμL","PendingCallSiteReview","PendingPerKeyActiveInactiveReview","CSystemSettingsReader -> settings consumers","NotRun","Inventoried:BehaviorNotAccepted"
"Stability.AccidentalEccentricityUser1","rngSystemSettings","Config!B62","UserInput","","","10","","TextOrNumber:PendingContractReview","mm","10","PendingCallSiteReview","PendingPerKeyActiveInactiveReview","CSystemSettingsReader -> settings consumers","NotRun","Inventoried:BehaviorNotAccepted"
"Stability.AccidentalEccentricityUser2","rngSystemSettings","Config!B63","UserInput","","","10","","TextOrNumber:PendingContractReview","mm","10","PendingCallSiteReview","PendingPerKeyActiveInactiveReview","CSystemSettingsReader -> settings consumers","NotRun","Inventoried:BehaviorNotAccepted"
"Stability.AccidentalEccentricityPlanes","rngSystemSettings","Config!B64","UserInput","","","OnlyMomentPlane","","list","-","OnlyMomentPlane","PendingCallSiteReview","PendingPerKeyActiveInactiveReview","CSystemSettingsReader -> settings consumers","NotRun","Inventoried:BehaviorNotAccepted"
"Stability.PhiLMode","rngSystemSettings","Config!B65","UserInput","","","Auto","","list","-","Auto","PendingCallSiteReview","PendingPerKeyActiveInactiveReview","CSystemSettingsReader -> settings consumers","NotRun","Inventoried:BehaviorNotAccepted"
"Stability.SP63.Ks","rngSystemSettings","Config!B67","UserInput","","","0.7","","TextOrNumber:PendingContractReview","-","0.7","PendingCallSiteReview","PendingPerKeyActiveInactiveReview","CSystemSettingsReader -> settings consumers","NotRun","Inventoried:BehaviorNotAccepted"
"Stability.SP63.DeltaEMin","rngSystemSettings","Config!B68","UserInput","","","0.15","","TextOrNumber:PendingContractReview","-","0.15","PendingCallSiteReview","PendingPerKeyActiveInactiveReview","CSystemSettingsReader -> settings consumers","NotRun","Inventoried:BehaviorNotAccepted"
"Stability.SP63.DeltaEMax","rngSystemSettings","Config!B69","UserInput","","","1.5","","TextOrNumber:PendingContractReview","-","1.5","PendingCallSiteReview","PendingPerKeyActiveInactiveReview","CSystemSettingsReader -> settings consumers","NotRun","Inventoried:BehaviorNotAccepted"
"Stability.SP35.PhiP","rngSystemSettings","Config!B71","UserInput","","","1","","TextOrNumber:PendingContractReview","-","1","PendingCallSiteReview","PendingPerKeyActiveInactiveReview","CSystemSettingsReader -> settings consumers","NotRun","Inventoried:BehaviorNotAccepted"
"Stability.SP35.NOverNcrLimit","rngSystemSettings","Config!B72","UserInput","","","0.7","","TextOrNumber:PendingContractReview","-","0.7","PendingCallSiteReview","PendingPerKeyActiveInactiveReview","CSystemSettingsReader -> settings consumers","NotRun","Inventoried:BehaviorNotAccepted"
"SLS.Crack.Allowable","rngSystemSettings","Config!B75","UserInput","","","0.3","","TextOrNumber:PendingContractReview","mm","0.3","PendingCallSiteReview","PendingPerKeyActiveInactiveReview","CSystemSettingsReader -> settings consumers","NotRun","Inventoried:BehaviorNotAccepted"
"SLS.Crack.InitiationLoadPath","rngSystemSettings","Config!B76","UserInput","","","Auto","","list","-","Auto","PendingCallSiteReview","PendingPerKeyActiveInactiveReview","CSystemSettingsReader -> settings consumers","NotRun","Inventoried:BehaviorNotAccepted"
"SLS.Crack.InitiationSolutionStrategy","rngSystemSettings","Config!B77","UserInput","","","Auto","","list","-","Auto","PendingCallSiteReview","PendingPerKeyActiveInactiveReview","CSystemSettingsReader -> settings consumers","NotRun","Inventoried:BehaviorNotAccepted"
"SLS.Crack.TensionZoneMode","rngSystemSettings","Config!B78","UserInput","","","Effective","","list","-","Effective","PendingCallSiteReview","PendingPerKeyActiveInactiveReview","CSystemSettingsReader -> settings consumers","NotRun","Inventoried:BehaviorNotAccepted"
"SLS.Crack.CoverDistanceMode","rngSystemSettings","Config!B79","UserInput","","","GlobalExtreme","","list","-","GlobalExtreme","PendingCallSiteReview","PendingPerKeyActiveInactiveReview","CSystemSettingsReader -> settings consumers","NotRun","Inventoried:BehaviorNotAccepted"
"SLS.Crack.Phi1","rngSystemSettings","Config!B80","UserInput","","","1.4","","TextOrNumber:PendingContractReview","-","1.4","PendingCallSiteReview","PendingPerKeyActiveInactiveReview","CSystemSettingsReader -> settings consumers","NotRun","Inventoried:BehaviorNotAccepted"
"SLS.Crack.Phi2","rngSystemSettings","Config!B81","UserInput","","","0.5","","TextOrNumber:PendingContractReview","-","0.5","PendingCallSiteReview","PendingPerKeyActiveInactiveReview","CSystemSettingsReader -> settings consumers","NotRun","Inventoried:BehaviorNotAccepted"
"SLS.Crack.Phi3Mode","rngSystemSettings","Config!B82","UserInput","","","Auto","","list","-","Auto","PendingCallSiteReview","PendingPerKeyActiveInactiveReview","CSystemSettingsReader -> settings consumers","NotRun","Inventoried:BehaviorNotAccepted"
"SLS.Crack.Phi3","rngSystemSettings","Config!B83","UserInput","","","1","","TextOrNumber:PendingContractReview","-","1","PendingCallSiteReview","PendingPerKeyActiveInactiveReview","CSystemSettingsReader -> settings consumers","NotRun","Inventoried:BehaviorNotAccepted"
"SLS.Crack.PsiMode","rngSystemSettings","Config!B84","UserInput","","","AlwaysCalc","","list","-","AlwaysCalc","PendingCallSiteReview","PendingPerKeyActiveInactiveReview","CSystemSettingsReader -> settings consumers","NotRun","Inventoried:BehaviorNotAccepted"
"SLS.Crack.SigmaSCrcAveragingMode","rngSystemSettings","Config!B85","UserInput","","","AllSelected","","list","-","AllSelected","PendingCallSiteReview","PendingPerKeyActiveInactiveReview","CSystemSettingsReader -> settings consumers","NotRun","Inventoried:BehaviorNotAccepted"
"SLS.Crack.PsiS","rngSystemSettings","Config!B86","UserInput","","","1","","TextOrNumber:PendingContractReview","-","1","PendingCallSiteReview","PendingPerKeyActiveInactiveReview","CSystemSettingsReader -> settings consumers","NotRun","Inventoried:BehaviorNotAccepted"
"AutoCAD.Export.CombinationID","rngSystemSettings","Config!B89","UserInput","","","Worst","","list","-","Worst","PendingCallSiteReview","PendingPerKeyActiveInactiveReview","CSystemSettingsReader -> settings consumers","NotRun","Inventoried:BehaviorNotAccepted"
"AutoCAD.Export.NeutralLineEnabled","rngSystemSettings","Config!B90","UserInput","","","Yes","","list","-","Yes","PendingCallSiteReview","PendingPerKeyActiveInactiveReview","CSystemSettingsReader -> settings consumers","NotRun","Inventoried:BehaviorNotAccepted"
"AutoCAD.Export.PrincipalAxesMode","rngSystemSettings","Config!B91","UserInput","","","Transformed","","list","-","Transformed","PendingCallSiteReview","PendingPerKeyActiveInactiveReview","CSystemSettingsReader -> settings consumers","NotRun","Inventoried:BehaviorNotAccepted"
"AutoCAD.Export.LoadPointEnabled","rngSystemSettings","Config!B92","UserInput","","","Yes","","list","-","Yes","PendingCallSiteReview","PendingPerKeyActiveInactiveReview","CSystemSettingsReader -> settings consumers","NotRun","Inventoried:BehaviorNotAccepted"
"AutoCAD.Export.ContourEnabled","rngSystemSettings","Config!B93","UserInput","","","Yes","","list","-","Yes","PendingCallSiteReview","PendingPerKeyActiveInactiveReview","CSystemSettingsReader -> settings consumers","NotRun","Inventoried:BehaviorNotAccepted"
"AutoCAD.Export.LabelMode","rngSystemSettings","Config!B94","UserInput","","","NamesAndValues","","list","-","NamesAndValues","PendingCallSiteReview","PendingPerKeyActiveInactiveReview","CSystemSettingsReader -> settings consumers","NotRun","Inventoried:BehaviorNotAccepted"
"AutoCAD.Layer.Concrete","rngSystemSettings","Config!B95","UserInput","","","Concrete","","TextOrNumber:PendingContractReview","-","Concrete","PendingCallSiteReview","PendingPerKeyActiveInactiveReview","CSystemSettingsReader -> settings consumers","NotRun","Inventoried:BehaviorNotAccepted"
"AutoCAD.Layer.Rebar","rngSystemSettings","Config!B96","UserInput","","","Reinf","","TextOrNumber:PendingContractReview","-","Reinf","PendingCallSiteReview","PendingPerKeyActiveInactiveReview","CSystemSettingsReader -> settings consumers","NotRun","Inventoried:BehaviorNotAccepted"
"AutoCAD.Layer.Contour","rngSystemSettings","Config!B97","UserInput","","","RC_NDM_Contour","","TextOrNumber:PendingContractReview","-","RC_NDM_Contour","PendingCallSiteReview","PendingPerKeyActiveInactiveReview","CSystemSettingsReader -> settings consumers","NotRun","Inventoried:BehaviorNotAccepted"
"AutoCAD.Layer.ConcreteTension","rngSystemSettings","Config!B98","UserInput","","","Anno_Concrete_Tension","","TextOrNumber:PendingContractReview","-","Anno_Concrete_Tension","PendingCallSiteReview","PendingPerKeyActiveInactiveReview","CSystemSettingsReader -> settings consumers","NotRun","Inventoried:BehaviorNotAccepted"
"AutoCAD.Layer.ConcreteCompression","rngSystemSettings","Config!B99","UserInput","","","Anno_Concrete_Compression","","TextOrNumber:PendingContractReview","-","Anno_Concrete_Compression","PendingCallSiteReview","PendingPerKeyActiveInactiveReview","CSystemSettingsReader -> settings consumers","NotRun","Inventoried:BehaviorNotAccepted"
"AutoCAD.Layer.RebarTension","rngSystemSettings","Config!B100","UserInput","","","Anno_Rebar_Tension","","TextOrNumber:PendingContractReview","-","Anno_Rebar_Tension","PendingCallSiteReview","PendingPerKeyActiveInactiveReview","CSystemSettingsReader -> settings consumers","NotRun","Inventoried:BehaviorNotAccepted"
"AutoCAD.Layer.RebarCompression","rngSystemSettings","Config!B101","UserInput","","","Anno_Rebar_Compression","","TextOrNumber:PendingContractReview","-","Anno_Rebar_Compression","PendingCallSiteReview","PendingPerKeyActiveInactiveReview","CSystemSettingsReader -> settings consumers","NotRun","Inventoried:BehaviorNotAccepted"
"AutoCAD.Color.ConcreteTension","rngSystemSettings","Config!B102","UserInput","","","9","","TextOrNumber:PendingContractReview","ColorIndex","9","PendingCallSiteReview","PendingPerKeyActiveInactiveReview","CSystemSettingsReader -> settings consumers","NotRun","Inventoried:BehaviorNotAccepted"
"AutoCAD.Color.ConcreteCompression","rngSystemSettings","Config!B103","UserInput","","","5","","TextOrNumber:PendingContractReview","ColorIndex","5","PendingCallSiteReview","PendingPerKeyActiveInactiveReview","CSystemSettingsReader -> settings consumers","NotRun","Inventoried:BehaviorNotAccepted"
"AutoCAD.Color.RebarTension","rngSystemSettings","Config!B104","UserInput","","","1","","TextOrNumber:PendingContractReview","ColorIndex","1","PendingCallSiteReview","PendingPerKeyActiveInactiveReview","CSystemSettingsReader -> settings consumers","NotRun","Inventoried:BehaviorNotAccepted"
"AutoCAD.Color.RebarCompression","rngSystemSettings","Config!B105","UserInput","","","6","","TextOrNumber:PendingContractReview","ColorIndex","6","PendingCallSiteReview","PendingPerKeyActiveInactiveReview","CSystemSettingsReader -> settings consumers","NotRun","Inventoried:BehaviorNotAccepted"
"AutoCAD.Color.Neutral","rngSystemSettings","Config!B106","UserInput","","","8","","TextOrNumber:PendingContractReview","ColorIndex","8","PendingCallSiteReview","PendingPerKeyActiveInactiveReview","CSystemSettingsReader -> settings consumers","NotRun","Inventoried:BehaviorNotAccepted"
"AutoCAD.Import.ConcreteLayer","rngSystemSettings","Config!B109","UserInput","","","Concrete","","TextOrNumber:PendingContractReview","-","Concrete","PendingCallSiteReview","PendingPerKeyActiveInactiveReview","CSystemSettingsReader -> settings consumers","NotRun","Inventoried:BehaviorNotAccepted"
"AutoCAD.Import.RebarLayer","rngSystemSettings","Config!B110","UserInput","","","Reinf","","TextOrNumber:PendingContractReview","-","Reinf","PendingCallSiteReview","PendingPerKeyActiveInactiveReview","CSystemSettingsReader -> settings consumers","NotRun","Inventoried:BehaviorNotAccepted"
"AutoCAD.Import.MinArea","rngSystemSettings","Config!B111","UserInput","","","9.9999999999999995E-7","","TextOrNumber:PendingContractReview","mm2","0.000001","PendingCallSiteReview","PendingPerKeyActiveInactiveReview","CSystemSettingsReader -> settings consumers","NotRun","Inventoried:BehaviorNotAccepted"
"Plot.Enabled","rngSystemSettings","Config!B114","UserInput","","","Yes","","list","-","Yes","PendingCallSiteReview","PendingPerKeyActiveInactiveReview","CSystemSettingsReader -> settings consumers","NotRun","Inventoried:BehaviorNotAccepted"
"Plot.AutoUpdateAfterCalculation","rngSystemSettings","Config!B115","UserInput","","","Yes","","list","-","Yes","PendingCallSiteReview","PendingPerKeyActiveInactiveReview","CSystemSettingsReader -> settings consumers","NotRun","Inventoried:BehaviorNotAccepted"
"Plot.LoadCase","rngSystemSettings","Config!B116","UserInput","","","Worst","","list","-","Worst","PendingCallSiteReview","PendingPerKeyActiveInactiveReview","CSystemSettingsReader -> settings consumers","NotRun","Inventoried:BehaviorNotAccepted"
"Plot.ResultGradient","rngSystemSettings","Config!B117","UserInput","","","Yes","","list","-","Yes","PendingCallSiteReview","PendingPerKeyActiveInactiveReview","CSystemSettingsReader -> settings consumers","NotRun","Inventoried:BehaviorNotAccepted"
"Plot.ResultLabelsEnabled","rngSystemSettings","Config!B118","UserInput","","","No","","list","-","No","PendingCallSiteReview","PendingPerKeyActiveInactiveReview","CSystemSettingsReader -> settings consumers","NotRun","Inventoried:BehaviorNotAccepted"
"Plot.ResultLabelSpacing","rngSystemSettings","Config!B119","UserInput","","","100","","TextOrNumber:PendingContractReview","mm","100","PendingCallSiteReview","PendingPerKeyActiveInactiveReview","CSystemSettingsReader -> settings consumers","NotRun","Inventoried:BehaviorNotAccepted"
"Plot.NeutralLineEnabled","rngSystemSettings","Config!B120","UserInput","","","Yes","","list","-","Yes","PendingCallSiteReview","PendingPerKeyActiveInactiveReview","CSystemSettingsReader -> settings consumers","NotRun","Inventoried:BehaviorNotAccepted"
"Plot.PrincipalAxesMode","rngSystemSettings","Config!B121","UserInput","","","Transformed","","list","-","Transformed","PendingCallSiteReview","PendingPerKeyActiveInactiveReview","CSystemSettingsReader -> settings consumers","NotRun","Inventoried:BehaviorNotAccepted"
"Plot.LoadApplicationPointEnabled","rngSystemSettings","Config!B122","UserInput","","","Yes","","list","-","Yes","PendingCallSiteReview","PendingPerKeyActiveInactiveReview","CSystemSettingsReader -> settings consumers","NotRun","Inventoried:BehaviorNotAccepted"
"Plot.AxisLabelsEnabled","rngSystemSettings","Config!B123","UserInput","","","Yes","","list","-","Yes","PendingCallSiteReview","PendingPerKeyActiveInactiveReview","CSystemSettingsReader -> settings consumers","NotRun","Inventoried:BehaviorNotAccepted"
"Plot.AxisLabelsFontSize","rngSystemSettings","Config!B124","UserInput","","","7.5","","TextOrNumber:PendingContractReview","pt","7.5","PendingCallSiteReview","PendingPerKeyActiveInactiveReview","CSystemSettingsReader -> settings consumers","NotRun","Inventoried:BehaviorNotAccepted"
"Plot.ContourEnabled","rngSystemSettings","Config!B125","UserInput","","","Yes","","list","-","Yes","PendingCallSiteReview","PendingPerKeyActiveInactiveReview","CSystemSettingsReader -> settings consumers","NotRun","Inventoried:BehaviorNotAccepted"
"Plot.LegendEnabled","rngSystemSettings","Config!B126","UserInput","","","Yes","","list","-","Yes","PendingCallSiteReview","PendingPerKeyActiveInactiveReview","CSystemSettingsReader -> settings consumers","NotRun","Inventoried:BehaviorNotAccepted"
"Plot.LegendMode","rngSystemSettings","Config!B127","UserInput","","","Separate","","list","-","Separate","PendingCallSiteReview","PendingPerKeyActiveInactiveReview","CSystemSettingsReader -> settings consumers","NotRun","Inventoried:BehaviorNotAccepted"
"Plot.Color.RebarCompression","rngSystemSettings","Config!B128","UserInput","","","30,80,220","","TextOrNumber:PendingContractReview","RGB","30,80,220","PendingCallSiteReview","PendingPerKeyActiveInactiveReview","CSystemSettingsReader -> settings consumers","NotRun","Inventoried:BehaviorNotAccepted"
"Plot.Color.RebarTension","rngSystemSettings","Config!B129","UserInput","","","210,30,20","","TextOrNumber:PendingContractReview","RGB","210,30,20","PendingCallSiteReview","PendingPerKeyActiveInactiveReview","CSystemSettingsReader -> settings consumers","NotRun","Inventoried:BehaviorNotAccepted"
"Plot.Color.ConcreteCompression","rngSystemSettings","Config!B130","UserInput","","","125,35,210","","TextOrNumber:PendingContractReview","RGB","125,35,210","PendingCallSiteReview","PendingPerKeyActiveInactiveReview","CSystemSettingsReader -> settings consumers","NotRun","Inventoried:BehaviorNotAccepted"
"Plot.Color.ConcreteTension","rngSystemSettings","Config!B131","UserInput","","","0,155,85","","TextOrNumber:PendingContractReview","RGB","0,155,85","PendingCallSiteReview","PendingPerKeyActiveInactiveReview","CSystemSettingsReader -> settings consumers","NotRun","Inventoried:BehaviorNotAccepted"
"Circle.Diameter","rngCircleGeometry","Config!I87","UserInput","","","300","","TextOrNumber:PendingContractReview","mm","300","PendingCallSiteReview","Geometry.Source=Generated; Geometry.Type=Circle; extra rows require an active first row","CSystemSettingsReader -> CSectionTypeRegistry -> CGeometryCircle / CCircleRebarLayoutBuilder","NotRun","Inventoried:BehaviorNotAccepted"
"Rebar.AxisDistance","rngCircleGeometry","Config!I88","UserInput","","","40","","TextOrNumber:PendingContractReview","mm","40","PendingCallSiteReview","Geometry.Source=Generated; Geometry.Type=Circle; extra rows require an active first row","CSystemSettingsReader -> CSectionTypeRegistry -> CGeometryCircle / CCircleRebarLayoutBuilder","NotRun","Inventoried:BehaviorNotAccepted"
"Rebar.Count","rngCircleGeometry","Config!I89","UserInput","","","8","","TextOrNumber:PendingContractReview","шт","8","PendingCallSiteReview","Geometry.Source=Generated; Geometry.Type=Circle; extra rows require an active first row","CSystemSettingsReader -> CSectionTypeRegistry -> CGeometryCircle / CCircleRebarLayoutBuilder","NotRun","Inventoried:BehaviorNotAccepted"
"Rebar.Diameter","rngCircleGeometry","Config!I90","UserInput","","","20","","TextOrNumber:PendingContractReview","mm","20","PendingCallSiteReview","Geometry.Source=Generated; Geometry.Type=Circle; extra rows require an active first row","CSystemSettingsReader -> CSectionTypeRegistry -> CGeometryCircle / CCircleRebarLayoutBuilder","NotRun","Inventoried:BehaviorNotAccepted"
"Rebar.Diameter2","rngCircleGeometry","Config!I92","UserInput","","","","","TextOrNumber:PendingContractReview","mm","","PendingCallSiteReview","Geometry.Source=Generated; Geometry.Type=Circle; extra rows require an active first row","CSystemSettingsReader -> CSectionTypeRegistry -> CGeometryCircle / CCircleRebarLayoutBuilder","NotRun","Inventoried:BehaviorNotAccepted"
"Rebar.Diameter3","rngCircleGeometry","Config!I93","UserInput","","","","","TextOrNumber:PendingContractReview","mm","","PendingCallSiteReview","Geometry.Source=Generated; Geometry.Type=Circle; extra rows require an active first row","CSystemSettingsReader -> CSectionTypeRegistry -> CGeometryCircle / CCircleRebarLayoutBuilder","NotRun","Inventoried:BehaviorNotAccepted"
"Rebar.Loc2row","rngCircleGeometry","Config!I94","UserInput","","","Stacked","","list","-","Stacked","PendingCallSiteReview","Geometry.Source=Generated; Geometry.Type=Circle; extra rows require an active first row","CSystemSettingsReader -> CSectionTypeRegistry -> CGeometryCircle / CCircleRebarLayoutBuilder","NotRun","Inventoried:BehaviorNotAccepted"
"Rebar.Loc3row","rngCircleGeometry","Config!I95","UserInput","","","Stacked","","list","-","Stacked","PendingCallSiteReview","Geometry.Source=Generated; Geometry.Type=Circle; extra rows require an active first row","CSystemSettingsReader -> CSectionTypeRegistry -> CGeometryCircle / CCircleRebarLayoutBuilder","NotRun","Inventoried:BehaviorNotAccepted"
"Steel.R.ULS(I).Compression","rngSteelMaterialParameters","Config!I19","UserInput","","","350","","TextOrNumber:PendingContractReview","MPa","350","PendingCallSiteReview","Selected material, value set, sign branch and TwoLine/ThreeLine model","CSystemSettingsReader -> CMaterialModelProvider -> material spec / solver / engineering calculators","NotRun","Inventoried:BehaviorNotAccepted"
"Steel.R.ULS(I).Tension","rngSteelMaterialParameters","Config!J19","UserInput","","","350","","TextOrNumber:PendingContractReview","MPa","350","PendingCallSiteReview","Selected material, value set, sign branch and TwoLine/ThreeLine model","CSystemSettingsReader -> CMaterialModelProvider -> material spec / solver / engineering calculators","NotRun","Inventoried:BehaviorNotAccepted"
"Steel.R.SLS(II).Compression","rngSteelMaterialParameters","Config!I20","UserInput","","","390","","TextOrNumber:PendingContractReview","MPa","390","PendingCallSiteReview","Selected material, value set, sign branch and TwoLine/ThreeLine model","CSystemSettingsReader -> CMaterialModelProvider -> material spec / solver / engineering calculators","NotRun","Inventoried:BehaviorNotAccepted"
"Steel.R.SLS(II).Tension","rngSteelMaterialParameters","Config!J20","UserInput","","","390","","TextOrNumber:PendingContractReview","MPa","390","PendingCallSiteReview","Selected material, value set, sign branch and TwoLine/ThreeLine model","CSystemSettingsReader -> CMaterialModelProvider -> material spec / solver / engineering calculators","NotRun","Inventoried:BehaviorNotAccepted"
"Steel.E.Compression","rngSteelMaterialParameters","Config!I21","UserInput","","","200000","","TextOrNumber:PendingContractReview","MPa","200000","PendingCallSiteReview","Selected material, value set, sign branch and TwoLine/ThreeLine model","CSystemSettingsReader -> CMaterialModelProvider -> material spec / solver / engineering calculators","NotRun","Inventoried:BehaviorNotAccepted"
"Steel.E.Tension","rngSteelMaterialParameters","Config!J21","UserInput","","","200000","","TextOrNumber:PendingContractReview","MPa","200000","PendingCallSiteReview","Selected material, value set, sign branch and TwoLine/ThreeLine model","CSystemSettingsReader -> CMaterialModelProvider -> material spec / solver / engineering calculators","NotRun","Inventoried:BehaviorNotAccepted"
"Steel.TwoLine.Es2.Compression","rngSteelMaterialParameters","Config!I22","UserInput","","","2.5000000000000001E-2","","TextOrNumber:PendingContractReview","-","0.025","PendingCallSiteReview","Selected material, value set, sign branch and TwoLine/ThreeLine model","CSystemSettingsReader -> CMaterialModelProvider -> material spec / solver / engineering calculators","NotRun","Inventoried:BehaviorNotAccepted"
"Steel.TwoLine.Es2.Tension","rngSteelMaterialParameters","Config!J22","UserInput","","","2.5000000000000001E-2","","TextOrNumber:PendingContractReview","-","0.025","PendingCallSiteReview","Selected material, value set, sign branch and TwoLine/ThreeLine model","CSystemSettingsReader -> CMaterialModelProvider -> material spec / solver / engineering calculators","NotRun","Inventoried:BehaviorNotAccepted"
"Steel.ThreeLine.Es2.Compression","rngSteelMaterialParameters","Config!I23","UserInput","","","1.4999999999999999E-2","","TextOrNumber:PendingContractReview","-","0.015","PendingCallSiteReview","Selected material, value set, sign branch and TwoLine/ThreeLine model","CSystemSettingsReader -> CMaterialModelProvider -> material spec / solver / engineering calculators","NotRun","Inventoried:BehaviorNotAccepted"
"Steel.ThreeLine.Es2.Tension","rngSteelMaterialParameters","Config!J23","UserInput","","","1.4999999999999999E-2","","TextOrNumber:PendingContractReview","-","0.015","PendingCallSiteReview","Selected material, value set, sign branch and TwoLine/ThreeLine model","CSystemSettingsReader -> CMaterialModelProvider -> material spec / solver / engineering calculators","NotRun","Inventoried:BehaviorNotAccepted"
"Concrete.R.ULS(I).Compression","rngConcreteMaterialParameters","Config!I27","UserInput","","","15.5","","TextOrNumber:PendingContractReview","MPa","15.5","PendingCallSiteReview","Selected material, value set, sign branch and TwoLine/ThreeLine model","CSystemSettingsReader -> CMaterialModelProvider -> material spec / solver / engineering calculators","NotRun","Inventoried:BehaviorNotAccepted"
"Concrete.R.ULS(I).Tension","rngConcreteMaterialParameters","Config!J27","UserInput","","","1.1000000000000001","","TextOrNumber:PendingContractReview","MPa","1.10","PendingCallSiteReview","Selected material, value set, sign branch and TwoLine/ThreeLine model","CSystemSettingsReader -> CMaterialModelProvider -> material spec / solver / engineering calculators","NotRun","Inventoried:BehaviorNotAccepted"
"Concrete.R.SLS(II).Compression","rngConcreteMaterialParameters","Config!I28","UserInput","","","22","","TextOrNumber:PendingContractReview","MPa","22.0","PendingCallSiteReview","Selected material, value set, sign branch and TwoLine/ThreeLine model","CSystemSettingsReader -> CMaterialModelProvider -> material spec / solver / engineering calculators","NotRun","Inventoried:BehaviorNotAccepted"
"Concrete.R.SLS(II).Tension","rngConcreteMaterialParameters","Config!J28","UserInput","","","1.8","","TextOrNumber:PendingContractReview","MPa","1.80","PendingCallSiteReview","Selected material, value set, sign branch and TwoLine/ThreeLine model","CSystemSettingsReader -> CMaterialModelProvider -> material spec / solver / engineering calculators","NotRun","Inventoried:BehaviorNotAccepted"
"Concrete.Rb.mc2.Compression","rngConcreteMaterialParameters","Config!I29","UserInput","","","14.6","","TextOrNumber:PendingContractReview","MPa","14.6","PendingCallSiteReview","Selected material, value set, sign branch and TwoLine/ThreeLine model","CSystemSettingsReader -> CMaterialModelProvider -> material spec / solver / engineering calculators","NotRun","Inventoried:BehaviorNotAccepted"
"Concrete.Rb.mc2.Tension","rngConcreteMaterialParameters","Config!J29","NotEditable:NotApplicableCell","","","-","","TextOrNumber:PendingContractReview","MPa","-","PendingCallSiteReview","Selected material, value set, sign branch and TwoLine/ThreeLine model","CSystemSettingsReader -> CMaterialModelProvider -> material spec / solver / engineering calculators","NotRun","Inventoried:BehaviorNotAccepted"
"Concrete.E.Compression","rngConcreteMaterialParameters","Config!I30","UserInput","","","32500","","TextOrNumber:PendingContractReview","MPa","32500","PendingCallSiteReview","Selected material, value set, sign branch and TwoLine/ThreeLine model","CSystemSettingsReader -> CMaterialModelProvider -> material spec / solver / engineering calculators","NotRun","Inventoried:BehaviorNotAccepted"
"Concrete.E.Tension","rngConcreteMaterialParameters","Config!J30","UserInput","","","32500","","TextOrNumber:PendingContractReview","MPa","32500","PendingCallSiteReview","Selected material, value set, sign branch and TwoLine/ThreeLine model","CSystemSettingsReader -> CMaterialModelProvider -> material spec / solver / engineering calculators","NotRun","Inventoried:BehaviorNotAccepted"
"Concrete.TwoLine.Eb1Red.Compression","rngConcreteMaterialParameters","Config!I31","UserInput","","","1.5E-3","","TextOrNumber:PendingContractReview","-","0.0015","PendingCallSiteReview","Selected material, value set, sign branch and TwoLine/ThreeLine model","CSystemSettingsReader -> CMaterialModelProvider -> material spec / solver / engineering calculators","NotRun","Inventoried:BehaviorNotAccepted"
"Concrete.TwoLine.Eb1Red.Tension","rngConcreteMaterialParameters","Config!J31","UserInput","","","8.0000000000000007E-5","","TextOrNumber:PendingContractReview","-","0.00008","PendingCallSiteReview","Selected material, value set, sign branch and TwoLine/ThreeLine model","CSystemSettingsReader -> CMaterialModelProvider -> material spec / solver / engineering calculators","NotRun","Inventoried:BehaviorNotAccepted"
"Concrete.ThreeLine.Eb0.Compression","rngConcreteMaterialParameters","Config!I32","UserInput","","","2E-3","","TextOrNumber:PendingContractReview","-","0.002","PendingCallSiteReview","Selected material, value set, sign branch and TwoLine/ThreeLine model","CSystemSettingsReader -> CMaterialModelProvider -> material spec / solver / engineering calculators","NotRun","Inventoried:BehaviorNotAccepted"
"Concrete.ThreeLine.Eb0.Tension","rngConcreteMaterialParameters","Config!J32","UserInput","","","1E-4","","TextOrNumber:PendingContractReview","-","0.0001","PendingCallSiteReview","Selected material, value set, sign branch and TwoLine/ThreeLine model","CSystemSettingsReader -> CMaterialModelProvider -> material spec / solver / engineering calculators","NotRun","Inventoried:BehaviorNotAccepted"
"Concrete.TwoThreeLine.Eb2.Compression","rngConcreteMaterialParameters","Config!I33","UserInput","","","3.5000000000000001E-3","","TextOrNumber:PendingContractReview","-","0.0035","PendingCallSiteReview","Selected material, value set, sign branch and TwoLine/ThreeLine model","CSystemSettingsReader -> CMaterialModelProvider -> material spec / solver / engineering calculators","NotRun","Inventoried:BehaviorNotAccepted"
"Concrete.TwoThreeLine.Eb2.Tension","rngConcreteMaterialParameters","Config!J33","UserInput","","","1.4999999999999999E-4","","TextOrNumber:PendingContractReview","-","0.00015","PendingCallSiteReview","Selected material, value set, sign branch and TwoLine/ThreeLine model","CSystemSettingsReader -> CMaterialModelProvider -> material spec / solver / engineering calculators","NotRun","Inventoried:BehaviorNotAccepted"
"Units.Length.Input","rngUnitSettings","Config!I4","UserInput","","","mm","","list","-","mm","PendingCallSiteReview","All input for this physical quantity","CUnitSystem -> input boundaries","NotRun","Inventoried:BehaviorNotAccepted"
"Units.Length.Output","rngUnitSettings","Config!K4","UserInput","","","m","","list","-","m","PendingCallSiteReview","All output for this physical quantity","CUnitSystem -> writers / export / plot","NotRun","Inventoried:BehaviorNotAccepted"
"Units.Area.Input","rngUnitSettings","Config!I5","UserInput","","","mm2","","list","-","mm2","PendingCallSiteReview","All input for this physical quantity","CUnitSystem -> input boundaries","NotRun","Inventoried:BehaviorNotAccepted"
"Units.Area.Output","rngUnitSettings","Config!K5","UserInput","","","m2","","list","-","m2","PendingCallSiteReview","All output for this physical quantity","CUnitSystem -> writers / export / plot","NotRun","Inventoried:BehaviorNotAccepted"
"Units.Force.Input","rngUnitSettings","Config!I6","UserInput","","","tf","","list","-","tf","PendingCallSiteReview","All input for this physical quantity","CUnitSystem -> input boundaries","NotRun","Inventoried:BehaviorNotAccepted"
"Units.Force.Output","rngUnitSettings","Config!K6","UserInput","","","tf","","list","-","tf","PendingCallSiteReview","All output for this physical quantity","CUnitSystem -> writers / export / plot","NotRun","Inventoried:BehaviorNotAccepted"
"Units.Moment.Input","rngUnitSettings","Config!I7","UserInput","","","tf*m","","list","-","tf*m","PendingCallSiteReview","All input for this physical quantity","CUnitSystem -> input boundaries","NotRun","Inventoried:BehaviorNotAccepted"
"Units.Moment.Output","rngUnitSettings","Config!K7","UserInput","","","tf*m","","list","-","tf*m","PendingCallSiteReview","All output for this physical quantity","CUnitSystem -> writers / export / plot","NotRun","Inventoried:BehaviorNotAccepted"
"Units.Stress.Input","rngUnitSettings","Config!I8","UserInput","","","MPa","","list","-","MPa","PendingCallSiteReview","All input for this physical quantity","CUnitSystem -> input boundaries","NotRun","Inventoried:BehaviorNotAccepted"
"Units.Stress.Output","rngUnitSettings","Config!K8","UserInput","","","MPa","","list","-","MPa","PendingCallSiteReview","All output for this physical quantity","CUnitSystem -> writers / export / plot","NotRun","Inventoried:BehaviorNotAccepted"
"Units.Curvature.Input","rngUnitSettings","Config!I9","UserInput","","","1/mm","","list","-","1/mm","PendingCallSiteReview","All input for this physical quantity","CUnitSystem -> input boundaries","NotRun","Inventoried:BehaviorNotAccepted"
"Units.Curvature.Output","rngUnitSettings","Config!K9","UserInput","","","1/mm","","list","-","1/mm","PendingCallSiteReview","All output for this physical quantity","CUnitSystem -> writers / export / plot","NotRun","Inventoried:BehaviorNotAccepted"
"Signs.+N","rngSignConventionSettings","Config!I13","UserInput","","","Compression","","list","-","Compression","PendingCallSiteReview","All input/output for selected sign convention","CUnitSystem -> loads and output; internal signs unchanged","NotRun","Inventoried:BehaviorNotAccepted"
"Signs.+Mx","rngSignConventionSettings","Config!I14","UserInput","","","+Y tension","","list","-","+Y tension","PendingCallSiteReview","All input/output for selected sign convention","CUnitSystem -> loads and output; internal signs unchanged","NotRun","Inventoried:BehaviorNotAccepted"
"Signs.+My","rngSignConventionSettings","Config!I15","UserInput","","","+X tension","","list","-","+X tension","PendingCallSiteReview","All input/output for selected sign convention","CUnitSystem -> loads and output; internal signs unchanged","NotRun","Inventoried:BehaviorNotAccepted"
"PR1.Profile.DisplayName","rngCalculationProfiles","Config!J39","UserInput","","","PR1","","TextOrNumber:PendingContractReview","-","PR1","PendingCallSiteReview","LC selects this ProfileId; own calculation or visualization role","CCalculationProfileCatalog -> batch / material spec / snapshot presentation","NotRun","Inventoried:BehaviorNotAccepted"
"PR2.Profile.DisplayName","rngCalculationProfiles","Config!K39","UserInput","","","PR2","","TextOrNumber:PendingContractReview","-","PR2","PendingCallSiteReview","LC selects this ProfileId; own calculation or visualization role","CCalculationProfileCatalog -> batch / material spec / snapshot presentation","NotRun","Inventoried:BehaviorNotAccepted"
"PR3.Profile.DisplayName","rngCalculationProfiles","Config!L39","UserInput","","","PR3","","TextOrNumber:PendingContractReview","-","PR3","PendingCallSiteReview","LC selects this ProfileId; own calculation or visualization role","CCalculationProfileCatalog -> batch / material spec / snapshot presentation","NotRun","Inventoried:BehaviorNotAccepted"
"PR4.Profile.DisplayName","rngCalculationProfiles","Config!M39","UserInput","","","PR4","","TextOrNumber:PendingContractReview","-","PR4","PendingCallSiteReview","LC selects this ProfileId; own calculation or visualization role","CCalculationProfileCatalog -> batch / material spec / snapshot presentation","NotRun","Inventoried:BehaviorNotAccepted"
"PR1.Profile.Description","rngCalculationProfiles","Config!J40","UserInput","","","Прочность, несущая способность и устойчивость","","TextOrNumber:PendingContractReview","-","Прочность, несущая способность и устойчивость","PendingCallSiteReview","LC selects this ProfileId; own calculation or visualization role","CCalculationProfileCatalog -> batch / material spec / snapshot presentation","NotRun","Inventoried:BehaviorNotAccepted"
"PR2.Profile.Description","rngCalculationProfiles","Config!K40","UserInput","","","Расчет раскрытия нормальных и продольных трещин","","TextOrNumber:PendingContractReview","-","Расчет раскрытия нормальных и продольных трещин","PendingCallSiteReview","LC selects this ProfileId; own calculation or visualization role","CCalculationProfileCatalog -> batch / material spec / snapshot presentation","NotRun","Inventoried:BehaviorNotAccepted"
"PR3.Profile.Description","rngCalculationProfiles","Config!L40","UserInput","","","Прочность, capacity и трещины","","TextOrNumber:PendingContractReview","-","Прочность, capacity и трещины","PendingCallSiteReview","LC selects this ProfileId; own calculation or visualization role","CCalculationProfileCatalog -> batch / material spec / snapshot presentation","NotRun","Inventoried:BehaviorNotAccepted"
"PR4.Profile.Description","rngCalculationProfiles","Config!M40","UserInput","","","Только прямое НДС по прочности","","TextOrNumber:PendingContractReview","-","Только прямое НДС по прочности","PendingCallSiteReview","LC selects this ProfileId; own calculation or visualization role","CCalculationProfileCatalog -> batch / material spec / snapshot presentation","NotRun","Inventoried:BehaviorNotAccepted"
"PR1.Calculation.Strength.DirectState","rngCalculationProfiles","Config!J42","UserInput","","","Yes","","list","-","Yes","PendingCallSiteReview","LC selects this ProfileId; own calculation or visualization role","CCalculationProfileCatalog -> batch / material spec / snapshot presentation","NotRun","Inventoried:BehaviorNotAccepted"
"PR2.Calculation.Strength.DirectState","rngCalculationProfiles","Config!K42","UserInput","","","No","","list","-","No","PendingCallSiteReview","LC selects this ProfileId; own calculation or visualization role","CCalculationProfileCatalog -> batch / material spec / snapshot presentation","NotRun","Inventoried:BehaviorNotAccepted"
"PR3.Calculation.Strength.DirectState","rngCalculationProfiles","Config!L42","UserInput","","","Yes","","list","-","Yes","PendingCallSiteReview","LC selects this ProfileId; own calculation or visualization role","CCalculationProfileCatalog -> batch / material spec / snapshot presentation","NotRun","Inventoried:BehaviorNotAccepted"
"PR4.Calculation.Strength.DirectState","rngCalculationProfiles","Config!M42","UserInput","","","Yes","","list","-","Yes","PendingCallSiteReview","LC selects this ProfileId; own calculation or visualization role","CCalculationProfileCatalog -> batch / material spec / snapshot presentation","NotRun","Inventoried:BehaviorNotAccepted"
"PR1.Calculation.Strength.Capacity","rngCalculationProfiles","Config!J43","UserInput","","","Yes","","list","-","Yes","PendingCallSiteReview","LC selects this ProfileId; own calculation or visualization role","CCalculationProfileCatalog -> batch / material spec / snapshot presentation","NotRun","Inventoried:BehaviorNotAccepted"
"PR2.Calculation.Strength.Capacity","rngCalculationProfiles","Config!K43","UserInput","","","No","","list","-","No","PendingCallSiteReview","LC selects this ProfileId; own calculation or visualization role","CCalculationProfileCatalog -> batch / material spec / snapshot presentation","NotRun","Inventoried:BehaviorNotAccepted"
"PR3.Calculation.Strength.Capacity","rngCalculationProfiles","Config!L43","UserInput","","","Yes","","list","-","Yes","PendingCallSiteReview","LC selects this ProfileId; own calculation or visualization role","CCalculationProfileCatalog -> batch / material spec / snapshot presentation","NotRun","Inventoried:BehaviorNotAccepted"
"PR4.Calculation.Strength.Capacity","rngCalculationProfiles","Config!M43","UserInput","","","No","","list","-","No","PendingCallSiteReview","LC selects this ProfileId; own calculation or visualization role","CCalculationProfileCatalog -> batch / material spec / snapshot presentation","NotRun","Inventoried:BehaviorNotAccepted"
"PR1.Calculation.Crack.Width","rngCalculationProfiles","Config!J44","UserInput","","","No","","list","-","No","PendingCallSiteReview","LC selects this ProfileId; own calculation or visualization role","CCalculationProfileCatalog -> batch / material spec / snapshot presentation","NotRun","Inventoried:BehaviorNotAccepted"
"PR2.Calculation.Crack.Width","rngCalculationProfiles","Config!K44","UserInput","","","Yes","","list","-","Yes","PendingCallSiteReview","LC selects this ProfileId; own calculation or visualization role","CCalculationProfileCatalog -> batch / material spec / snapshot presentation","NotRun","Inventoried:BehaviorNotAccepted"
"PR3.Calculation.Crack.Width","rngCalculationProfiles","Config!L44","UserInput","","","Yes","","list","-","Yes","PendingCallSiteReview","LC selects this ProfileId; own calculation or visualization role","CCalculationProfileCatalog -> batch / material spec / snapshot presentation","NotRun","Inventoried:BehaviorNotAccepted"
"PR4.Calculation.Crack.Width","rngCalculationProfiles","Config!M44","UserInput","","","No","","list","-","No","PendingCallSiteReview","LC selects this ProfileId; own calculation or visualization role","CCalculationProfileCatalog -> batch / material spec / snapshot presentation","NotRun","Inventoried:BehaviorNotAccepted"
"PR1.Calculation.Stability.Enabled","rngCalculationProfiles","Config!J45","UserInput","","","Yes","","list","-","Yes","PendingCallSiteReview","LC selects this ProfileId; own calculation or visualization role","CCalculationProfileCatalog -> batch / material spec / snapshot presentation","NotRun","Inventoried:BehaviorNotAccepted"
"PR2.Calculation.Stability.Enabled","rngCalculationProfiles","Config!K45","UserInput","","","No","","list","-","No","PendingCallSiteReview","LC selects this ProfileId; own calculation or visualization role","CCalculationProfileCatalog -> batch / material spec / snapshot presentation","NotRun","Inventoried:BehaviorNotAccepted"
"PR3.Calculation.Stability.Enabled","rngCalculationProfiles","Config!L45","UserInput","","","No","","list","-","No","PendingCallSiteReview","LC selects this ProfileId; own calculation or visualization role","CCalculationProfileCatalog -> batch / material spec / snapshot presentation","NotRun","Inventoried:BehaviorNotAccepted"
"PR4.Calculation.Stability.Enabled","rngCalculationProfiles","Config!M45","UserInput","","","No","","list","-","No","PendingCallSiteReview","LC selects this ProfileId; own calculation or visualization role","CCalculationProfileCatalog -> batch / material spec / snapshot presentation","NotRun","Inventoried:BehaviorNotAccepted"
"PR1.MaterialModel.Stability.ValueSet","rngCalculationProfiles","Config!J47","UserInput","","","ULS(I)","","list","-","ULS(I)","PendingCallSiteReview","LC selects this ProfileId; own calculation or visualization role","CCalculationProfileCatalog -> batch / material spec / snapshot presentation","NotRun","Inventoried:BehaviorNotAccepted"
"PR2.MaterialModel.Stability.ValueSet","rngCalculationProfiles","Config!K47","UserInput","","","ULS(I)","","list","-","ULS(I)","PendingCallSiteReview","LC selects this ProfileId; own calculation or visualization role","CCalculationProfileCatalog -> batch / material spec / snapshot presentation","NotRun","Inventoried:BehaviorNotAccepted"
"PR3.MaterialModel.Stability.ValueSet","rngCalculationProfiles","Config!L47","UserInput","","","ULS(I)","","list","-","ULS(I)","PendingCallSiteReview","LC selects this ProfileId; own calculation or visualization role","CCalculationProfileCatalog -> batch / material spec / snapshot presentation","NotRun","Inventoried:BehaviorNotAccepted"
"PR4.MaterialModel.Stability.ValueSet","rngCalculationProfiles","Config!M47","UserInput","","","ULS(I)","","list","-","ULS(I)","PendingCallSiteReview","LC selects this ProfileId; own calculation or visualization role","CCalculationProfileCatalog -> batch / material spec / snapshot presentation","NotRun","Inventoried:BehaviorNotAccepted"
"PR1.MaterialModel.Strength.ValueSet","rngCalculationProfiles","Config!J49","UserInput","","","ULS(I)","","list","-","ULS(I)","PendingCallSiteReview","LC selects this ProfileId; own calculation or visualization role","CCalculationProfileCatalog -> batch / material spec / snapshot presentation","NotRun","Inventoried:BehaviorNotAccepted"
"PR2.MaterialModel.Strength.ValueSet","rngCalculationProfiles","Config!K49","UserInput","","","ULS(I)","","list","-","ULS(I)","PendingCallSiteReview","LC selects this ProfileId; own calculation or visualization role","CCalculationProfileCatalog -> batch / material spec / snapshot presentation","NotRun","Inventoried:BehaviorNotAccepted"
"PR3.MaterialModel.Strength.ValueSet","rngCalculationProfiles","Config!L49","UserInput","","","ULS(I)","","list","-","ULS(I)","PendingCallSiteReview","LC selects this ProfileId; own calculation or visualization role","CCalculationProfileCatalog -> batch / material spec / snapshot presentation","NotRun","Inventoried:BehaviorNotAccepted"
"PR4.MaterialModel.Strength.ValueSet","rngCalculationProfiles","Config!M49","UserInput","","","ULS(I)","","list","-","ULS(I)","PendingCallSiteReview","LC selects this ProfileId; own calculation or visualization role","CCalculationProfileCatalog -> batch / material spec / snapshot presentation","NotRun","Inventoried:BehaviorNotAccepted"
"PR1.MaterialModel.Strength.ConcreteDiagram","rngCalculationProfiles","Config!J50","UserInput","","","ThreeLine","","list","-","ThreeLine","PendingCallSiteReview","LC selects this ProfileId; own calculation or visualization role","CCalculationProfileCatalog -> batch / material spec / snapshot presentation","NotRun","Inventoried:BehaviorNotAccepted"
"PR2.MaterialModel.Strength.ConcreteDiagram","rngCalculationProfiles","Config!K50","UserInput","","","ThreeLine","","list","-","ThreeLine","PendingCallSiteReview","LC selects this ProfileId; own calculation or visualization role","CCalculationProfileCatalog -> batch / material spec / snapshot presentation","NotRun","Inventoried:BehaviorNotAccepted"
"PR3.MaterialModel.Strength.ConcreteDiagram","rngCalculationProfiles","Config!L50","UserInput","","","ThreeLine","","list","-","ThreeLine","PendingCallSiteReview","LC selects this ProfileId; own calculation or visualization role","CCalculationProfileCatalog -> batch / material spec / snapshot presentation","NotRun","Inventoried:BehaviorNotAccepted"
"PR4.MaterialModel.Strength.ConcreteDiagram","rngCalculationProfiles","Config!M50","UserInput","","","ThreeLine","","list","-","ThreeLine","PendingCallSiteReview","LC selects this ProfileId; own calculation or visualization role","CCalculationProfileCatalog -> batch / material spec / snapshot presentation","NotRun","Inventoried:BehaviorNotAccepted"
"PR1.MaterialModel.Strength.ConcreteTension","rngCalculationProfiles","Config!J51","UserInput","","","Ignore","","list","-","Ignore","PendingCallSiteReview","LC selects this ProfileId; own calculation or visualization role","CCalculationProfileCatalog -> batch / material spec / snapshot presentation","NotRun","Inventoried:BehaviorNotAccepted"
"PR2.MaterialModel.Strength.ConcreteTension","rngCalculationProfiles","Config!K51","UserInput","","","Ignore","","list","-","Ignore","PendingCallSiteReview","LC selects this ProfileId; own calculation or visualization role","CCalculationProfileCatalog -> batch / material spec / snapshot presentation","NotRun","Inventoried:BehaviorNotAccepted"
"PR3.MaterialModel.Strength.ConcreteTension","rngCalculationProfiles","Config!L51","UserInput","","","Ignore","","list","-","Ignore","PendingCallSiteReview","LC selects this ProfileId; own calculation or visualization role","CCalculationProfileCatalog -> batch / material spec / snapshot presentation","NotRun","Inventoried:BehaviorNotAccepted"
"PR4.MaterialModel.Strength.ConcreteTension","rngCalculationProfiles","Config!M51","UserInput","","","Ignore","","list","-","Ignore","PendingCallSiteReview","LC selects this ProfileId; own calculation or visualization role","CCalculationProfileCatalog -> batch / material spec / snapshot presentation","NotRun","Inventoried:BehaviorNotAccepted"
"PR1.MaterialModel.Strength.SteelDiagram","rngCalculationProfiles","Config!J52","UserInput","","","TwoLine","","list","-","TwoLine","PendingCallSiteReview","LC selects this ProfileId; own calculation or visualization role","CCalculationProfileCatalog -> batch / material spec / snapshot presentation","NotRun","Inventoried:BehaviorNotAccepted"
"PR2.MaterialModel.Strength.SteelDiagram","rngCalculationProfiles","Config!K52","UserInput","","","TwoLine","","list","-","TwoLine","PendingCallSiteReview","LC selects this ProfileId; own calculation or visualization role","CCalculationProfileCatalog -> batch / material spec / snapshot presentation","NotRun","Inventoried:BehaviorNotAccepted"
"PR3.MaterialModel.Strength.SteelDiagram","rngCalculationProfiles","Config!L52","UserInput","","","TwoLine","","list","-","TwoLine","PendingCallSiteReview","LC selects this ProfileId; own calculation or visualization role","CCalculationProfileCatalog -> batch / material spec / snapshot presentation","NotRun","Inventoried:BehaviorNotAccepted"
"PR4.MaterialModel.Strength.SteelDiagram","rngCalculationProfiles","Config!M52","UserInput","","","TwoLine","","list","-","TwoLine","PendingCallSiteReview","LC selects this ProfileId; own calculation or visualization role","CCalculationProfileCatalog -> batch / material spec / snapshot presentation","NotRun","Inventoried:BehaviorNotAccepted"
"PR1.MaterialModel.CrackInitiation.ValueSet","rngCalculationProfiles","Config!J54","UserInput","","","SLS(II)","","list","-","SLS(II)","PendingCallSiteReview","LC selects this ProfileId; own calculation or visualization role","CCalculationProfileCatalog -> batch / material spec / snapshot presentation","NotRun","Inventoried:BehaviorNotAccepted"
"PR2.MaterialModel.CrackInitiation.ValueSet","rngCalculationProfiles","Config!K54","UserInput","","","SLS(II)","","list","-","SLS(II)","PendingCallSiteReview","LC selects this ProfileId; own calculation or visualization role","CCalculationProfileCatalog -> batch / material spec / snapshot presentation","NotRun","Inventoried:BehaviorNotAccepted"
"PR3.MaterialModel.CrackInitiation.ValueSet","rngCalculationProfiles","Config!L54","UserInput","","","SLS(II)","","list","-","SLS(II)","PendingCallSiteReview","LC selects this ProfileId; own calculation or visualization role","CCalculationProfileCatalog -> batch / material spec / snapshot presentation","NotRun","Inventoried:BehaviorNotAccepted"
"PR4.MaterialModel.CrackInitiation.ValueSet","rngCalculationProfiles","Config!M54","UserInput","","","SLS(II)","","list","-","SLS(II)","PendingCallSiteReview","LC selects this ProfileId; own calculation or visualization role","CCalculationProfileCatalog -> batch / material spec / snapshot presentation","NotRun","Inventoried:BehaviorNotAccepted"
"PR1.MaterialModel.CrackInitiation.ConcreteDiagram","rngCalculationProfiles","Config!J55","UserInput","","","ThreeLine","","list","-","ThreeLine","PendingCallSiteReview","LC selects this ProfileId; own calculation or visualization role","CCalculationProfileCatalog -> batch / material spec / snapshot presentation","NotRun","Inventoried:BehaviorNotAccepted"
"PR2.MaterialModel.CrackInitiation.ConcreteDiagram","rngCalculationProfiles","Config!K55","UserInput","","","ThreeLine","","list","-","ThreeLine","PendingCallSiteReview","LC selects this ProfileId; own calculation or visualization role","CCalculationProfileCatalog -> batch / material spec / snapshot presentation","NotRun","Inventoried:BehaviorNotAccepted"
"PR3.MaterialModel.CrackInitiation.ConcreteDiagram","rngCalculationProfiles","Config!L55","UserInput","","","ThreeLine","","list","-","ThreeLine","PendingCallSiteReview","LC selects this ProfileId; own calculation or visualization role","CCalculationProfileCatalog -> batch / material spec / snapshot presentation","NotRun","Inventoried:BehaviorNotAccepted"
"PR4.MaterialModel.CrackInitiation.ConcreteDiagram","rngCalculationProfiles","Config!M55","UserInput","","","ThreeLine","","list","-","ThreeLine","PendingCallSiteReview","LC selects this ProfileId; own calculation or visualization role","CCalculationProfileCatalog -> batch / material spec / snapshot presentation","NotRun","Inventoried:BehaviorNotAccepted"
"PR1.MaterialModel.CrackInitiation.ConcreteTension","rngCalculationProfiles","Config!J56","UserInput","","","UseDiagram","","TextOrNumber:PendingContractReview","-","UseDiagram","PendingCallSiteReview","LC selects this ProfileId; own calculation or visualization role","CCalculationProfileCatalog -> batch / material spec / snapshot presentation","NotRun","Inventoried:BehaviorNotAccepted"
"PR2.MaterialModel.CrackInitiation.ConcreteTension","rngCalculationProfiles","Config!K56","UserInput","","","UseDiagram","","TextOrNumber:PendingContractReview","-","UseDiagram","PendingCallSiteReview","LC selects this ProfileId; own calculation or visualization role","CCalculationProfileCatalog -> batch / material spec / snapshot presentation","NotRun","Inventoried:BehaviorNotAccepted"
"PR3.MaterialModel.CrackInitiation.ConcreteTension","rngCalculationProfiles","Config!L56","UserInput","","","UseDiagram","","TextOrNumber:PendingContractReview","-","UseDiagram","PendingCallSiteReview","LC selects this ProfileId; own calculation or visualization role","CCalculationProfileCatalog -> batch / material spec / snapshot presentation","NotRun","Inventoried:BehaviorNotAccepted"
"PR4.MaterialModel.CrackInitiation.ConcreteTension","rngCalculationProfiles","Config!M56","UserInput","","","UseDiagram","","TextOrNumber:PendingContractReview","-","UseDiagram","PendingCallSiteReview","LC selects this ProfileId; own calculation or visualization role","CCalculationProfileCatalog -> batch / material spec / snapshot presentation","NotRun","Inventoried:BehaviorNotAccepted"
"PR1.MaterialModel.CrackInitiation.SteelDiagram","rngCalculationProfiles","Config!J57","UserInput","","","TwoLine","","list","-","TwoLine","PendingCallSiteReview","LC selects this ProfileId; own calculation or visualization role","CCalculationProfileCatalog -> batch / material spec / snapshot presentation","NotRun","Inventoried:BehaviorNotAccepted"
"PR2.MaterialModel.CrackInitiation.SteelDiagram","rngCalculationProfiles","Config!K57","UserInput","","","TwoLine","","list","-","TwoLine","PendingCallSiteReview","LC selects this ProfileId; own calculation or visualization role","CCalculationProfileCatalog -> batch / material spec / snapshot presentation","NotRun","Inventoried:BehaviorNotAccepted"
"PR3.MaterialModel.CrackInitiation.SteelDiagram","rngCalculationProfiles","Config!L57","UserInput","","","TwoLine","","list","-","TwoLine","PendingCallSiteReview","LC selects this ProfileId; own calculation or visualization role","CCalculationProfileCatalog -> batch / material spec / snapshot presentation","NotRun","Inventoried:BehaviorNotAccepted"
"PR4.MaterialModel.CrackInitiation.SteelDiagram","rngCalculationProfiles","Config!M57","UserInput","","","TwoLine","","list","-","TwoLine","PendingCallSiteReview","LC selects this ProfileId; own calculation or visualization role","CCalculationProfileCatalog -> batch / material spec / snapshot presentation","NotRun","Inventoried:BehaviorNotAccepted"
"PR1.MaterialModel.CrackedState.ValueSet","rngCalculationProfiles","Config!J59","UserInput","","","SLS(II)","","list","-","SLS(II)","PendingCallSiteReview","LC selects this ProfileId; own calculation or visualization role","CCalculationProfileCatalog -> batch / material spec / snapshot presentation","NotRun","Inventoried:BehaviorNotAccepted"
"PR2.MaterialModel.CrackedState.ValueSet","rngCalculationProfiles","Config!K59","UserInput","","","SLS(II)","","list","-","SLS(II)","PendingCallSiteReview","LC selects this ProfileId; own calculation or visualization role","CCalculationProfileCatalog -> batch / material spec / snapshot presentation","NotRun","Inventoried:BehaviorNotAccepted"
"PR3.MaterialModel.CrackedState.ValueSet","rngCalculationProfiles","Config!L59","UserInput","","","SLS(II)","","list","-","SLS(II)","PendingCallSiteReview","LC selects this ProfileId; own calculation or visualization role","CCalculationProfileCatalog -> batch / material spec / snapshot presentation","NotRun","Inventoried:BehaviorNotAccepted"
"PR4.MaterialModel.CrackedState.ValueSet","rngCalculationProfiles","Config!M59","UserInput","","","SLS(II)","","list","-","SLS(II)","PendingCallSiteReview","LC selects this ProfileId; own calculation or visualization role","CCalculationProfileCatalog -> batch / material spec / snapshot presentation","NotRun","Inventoried:BehaviorNotAccepted"
"PR1.MaterialModel.CrackedState.ConcreteDiagram","rngCalculationProfiles","Config!J60","UserInput","","","TwoLine","","list","-","TwoLine","PendingCallSiteReview","LC selects this ProfileId; own calculation or visualization role","CCalculationProfileCatalog -> batch / material spec / snapshot presentation","NotRun","Inventoried:BehaviorNotAccepted"
"PR2.MaterialModel.CrackedState.ConcreteDiagram","rngCalculationProfiles","Config!K60","UserInput","","","TwoLine","","list","-","TwoLine","PendingCallSiteReview","LC selects this ProfileId; own calculation or visualization role","CCalculationProfileCatalog -> batch / material spec / snapshot presentation","NotRun","Inventoried:BehaviorNotAccepted"
"PR3.MaterialModel.CrackedState.ConcreteDiagram","rngCalculationProfiles","Config!L60","UserInput","","","TwoLine","","list","-","TwoLine","PendingCallSiteReview","LC selects this ProfileId; own calculation or visualization role","CCalculationProfileCatalog -> batch / material spec / snapshot presentation","NotRun","Inventoried:BehaviorNotAccepted"
"PR4.MaterialModel.CrackedState.ConcreteDiagram","rngCalculationProfiles","Config!M60","UserInput","","","TwoLine","","list","-","TwoLine","PendingCallSiteReview","LC selects this ProfileId; own calculation or visualization role","CCalculationProfileCatalog -> batch / material spec / snapshot presentation","NotRun","Inventoried:BehaviorNotAccepted"
"PR1.MaterialModel.CrackedState.ConcreteTension","rngCalculationProfiles","Config!J61","UserInput","","","Ignore","","TextOrNumber:PendingContractReview","-","Ignore","PendingCallSiteReview","LC selects this ProfileId; own calculation or visualization role","CCalculationProfileCatalog -> batch / material spec / snapshot presentation","NotRun","Inventoried:BehaviorNotAccepted"
"PR2.MaterialModel.CrackedState.ConcreteTension","rngCalculationProfiles","Config!K61","UserInput","","","Ignore","","TextOrNumber:PendingContractReview","-","Ignore","PendingCallSiteReview","LC selects this ProfileId; own calculation or visualization role","CCalculationProfileCatalog -> batch / material spec / snapshot presentation","NotRun","Inventoried:BehaviorNotAccepted"
"PR3.MaterialModel.CrackedState.ConcreteTension","rngCalculationProfiles","Config!L61","UserInput","","","Ignore","","TextOrNumber:PendingContractReview","-","Ignore","PendingCallSiteReview","LC selects this ProfileId; own calculation or visualization role","CCalculationProfileCatalog -> batch / material spec / snapshot presentation","NotRun","Inventoried:BehaviorNotAccepted"
"PR4.MaterialModel.CrackedState.ConcreteTension","rngCalculationProfiles","Config!M61","UserInput","","","Ignore","","TextOrNumber:PendingContractReview","-","Ignore","PendingCallSiteReview","LC selects this ProfileId; own calculation or visualization role","CCalculationProfileCatalog -> batch / material spec / snapshot presentation","NotRun","Inventoried:BehaviorNotAccepted"
"PR1.MaterialModel.CrackedState.SteelDiagram","rngCalculationProfiles","Config!J62","UserInput","","","TwoLine","","list","-","TwoLine","PendingCallSiteReview","LC selects this ProfileId; own calculation or visualization role","CCalculationProfileCatalog -> batch / material spec / snapshot presentation","NotRun","Inventoried:BehaviorNotAccepted"
"PR2.MaterialModel.CrackedState.SteelDiagram","rngCalculationProfiles","Config!K62","UserInput","","","TwoLine","","list","-","TwoLine","PendingCallSiteReview","LC selects this ProfileId; own calculation or visualization role","CCalculationProfileCatalog -> batch / material spec / snapshot presentation","NotRun","Inventoried:BehaviorNotAccepted"
"PR3.MaterialModel.CrackedState.SteelDiagram","rngCalculationProfiles","Config!L62","UserInput","","","TwoLine","","list","-","TwoLine","PendingCallSiteReview","LC selects this ProfileId; own calculation or visualization role","CCalculationProfileCatalog -> batch / material spec / snapshot presentation","NotRun","Inventoried:BehaviorNotAccepted"
"PR4.MaterialModel.CrackedState.SteelDiagram","rngCalculationProfiles","Config!M62","UserInput","","","TwoLine","","list","-","TwoLine","PendingCallSiteReview","LC selects this ProfileId; own calculation or visualization role","CCalculationProfileCatalog -> batch / material spec / snapshot presentation","NotRun","Inventoried:BehaviorNotAccepted"
"PR1.Visualization.State","rngCalculationProfiles","Config!J64","UserInput","","","StrengthState","","list","-","StrengthState","PendingCallSiteReview","LC selects this ProfileId; own calculation or visualization role","CCalculationProfileCatalog -> batch / material spec / snapshot presentation","NotRun","Inventoried:BehaviorNotAccepted"
"PR2.Visualization.State","rngCalculationProfiles","Config!K64","UserInput","","","CrackedState","","list","-","CrackedState","PendingCallSiteReview","LC selects this ProfileId; own calculation or visualization role","CCalculationProfileCatalog -> batch / material spec / snapshot presentation","NotRun","Inventoried:BehaviorNotAccepted"
"PR3.Visualization.State","rngCalculationProfiles","Config!L64","UserInput","","","StrengthState","","list","-","StrengthState","PendingCallSiteReview","LC selects this ProfileId; own calculation or visualization role","CCalculationProfileCatalog -> batch / material spec / snapshot presentation","NotRun","Inventoried:BehaviorNotAccepted"
"PR4.Visualization.State","rngCalculationProfiles","Config!M64","UserInput","","","StrengthState","","list","-","StrengthState","PendingCallSiteReview","LC selects this ProfileId; own calculation or visualization role","CCalculationProfileCatalog -> batch / material spec / snapshot presentation","NotRun","Inventoried:BehaviorNotAccepted"
"PR1.Visualization.Quantity","rngCalculationProfiles","Config!J65","UserInput","","","Stress","","list","-","Stress","PendingCallSiteReview","LC selects this ProfileId; own calculation or visualization role","CCalculationProfileCatalog -> batch / material spec / snapshot presentation","NotRun","Inventoried:BehaviorNotAccepted"
"PR2.Visualization.Quantity","rngCalculationProfiles","Config!K65","UserInput","","","Stress","","list","-","Stress","PendingCallSiteReview","LC selects this ProfileId; own calculation or visualization role","CCalculationProfileCatalog -> batch / material spec / snapshot presentation","NotRun","Inventoried:BehaviorNotAccepted"
"PR3.Visualization.Quantity","rngCalculationProfiles","Config!L65","UserInput","","","Stress","","list","-","Stress","PendingCallSiteReview","LC selects this ProfileId; own calculation or visualization role","CCalculationProfileCatalog -> batch / material spec / snapshot presentation","NotRun","Inventoried:BehaviorNotAccepted"
"PR4.Visualization.Quantity","rngCalculationProfiles","Config!M65","UserInput","","","Strain","","list","-","Strain","PendingCallSiteReview","LC selects this ProfileId; own calculation or visualization role","CCalculationProfileCatalog -> batch / material spec / snapshot presentation","NotRun","Inventoried:BehaviorNotAccepted"
"PR1.Visualization.StressPrecision","rngCalculationProfiles","Config!J66","UserInput","","","1","","TextOrNumber:PendingContractReview","-","1","PendingCallSiteReview","LC selects this ProfileId; own calculation or visualization role","CCalculationProfileCatalog -> batch / material spec / snapshot presentation","NotRun","Inventoried:BehaviorNotAccepted"
"PR2.Visualization.StressPrecision","rngCalculationProfiles","Config!K66","UserInput","","","1","","TextOrNumber:PendingContractReview","-","1","PendingCallSiteReview","LC selects this ProfileId; own calculation or visualization role","CCalculationProfileCatalog -> batch / material spec / snapshot presentation","NotRun","Inventoried:BehaviorNotAccepted"
"PR3.Visualization.StressPrecision","rngCalculationProfiles","Config!L66","UserInput","","","1","","TextOrNumber:PendingContractReview","-","1","PendingCallSiteReview","LC selects this ProfileId; own calculation or visualization role","CCalculationProfileCatalog -> batch / material spec / snapshot presentation","NotRun","Inventoried:BehaviorNotAccepted"
"PR4.Visualization.StressPrecision","rngCalculationProfiles","Config!M66","UserInput","","","1","","TextOrNumber:PendingContractReview","-","1","PendingCallSiteReview","LC selects this ProfileId; own calculation or visualization role","CCalculationProfileCatalog -> batch / material spec / snapshot presentation","NotRun","Inventoried:BehaviorNotAccepted"
"PR1.Visualization.StrainPrecision","rngCalculationProfiles","Config!J67","UserInput","","","6","","TextOrNumber:PendingContractReview","-","6","PendingCallSiteReview","LC selects this ProfileId; own calculation or visualization role","CCalculationProfileCatalog -> batch / material spec / snapshot presentation","NotRun","Inventoried:BehaviorNotAccepted"
"PR2.Visualization.StrainPrecision","rngCalculationProfiles","Config!K67","UserInput","","","6","","TextOrNumber:PendingContractReview","-","6","PendingCallSiteReview","LC selects this ProfileId; own calculation or visualization role","CCalculationProfileCatalog -> batch / material spec / snapshot presentation","NotRun","Inventoried:BehaviorNotAccepted"
"PR3.Visualization.StrainPrecision","rngCalculationProfiles","Config!L67","UserInput","","","6","","TextOrNumber:PendingContractReview","-","6","PendingCallSiteReview","LC selects this ProfileId; own calculation or visualization role","CCalculationProfileCatalog -> batch / material spec / snapshot presentation","NotRun","Inventoried:BehaviorNotAccepted"
"PR4.Visualization.StrainPrecision","rngCalculationProfiles","Config!M67","UserInput","","","6","","TextOrNumber:PendingContractReview","-","6","PendingCallSiteReview","LC selects this ProfileId; own calculation or visualization role","CCalculationProfileCatalog -> batch / material spec / snapshot presentation","NotRun","Inventoried:BehaviorNotAccepted"
"Plot.Rebar.Enabled","rngPlotAnnotationSettings","Config!I71","UserInput","","","Yes","","list","Yes/No","PendingCatalogMapping","PendingCallSiteReview","Enabled annotation type Rebar; presentation only","CSystemSettingsReader -> CPlotAnnotationLayout / CSectionPlotter","NotRun","Inventoried:BehaviorNotAccepted"
"Plot.Dimension.Enabled","rngPlotAnnotationSettings","Config!J71","UserInput","","","Yes","","list","Yes/No","PendingCatalogMapping","PendingCallSiteReview","Enabled annotation type Dimension; presentation only","CSystemSettingsReader -> CPlotAnnotationLayout / CSectionPlotter","NotRun","Inventoried:BehaviorNotAccepted"
"Plot.Rebar.Placement","rngPlotAnnotationSettings","Config!I72","UserInput","","","Outside","","list","-","PendingCatalogMapping","PendingCallSiteReview","Enabled annotation type Rebar; presentation only","CSystemSettingsReader -> CPlotAnnotationLayout / CSectionPlotter","NotRun","Inventoried:BehaviorNotAccepted"
"Plot.Dimension.Placement","rngPlotAnnotationSettings","Config!J72","UserInput","","","Outside","","list","-","PendingCatalogMapping","PendingCallSiteReview","Enabled annotation type Dimension; presentation only","CSystemSettingsReader -> CPlotAnnotationLayout / CSectionPlotter","NotRun","Inventoried:BehaviorNotAccepted"
"Plot.Rebar.Offset","rngPlotAnnotationSettings","Config!I73","UserInput","","","60","","TextOrNumber:PendingContractReview","мм","PendingCatalogMapping","PendingCallSiteReview","Enabled annotation type Rebar; presentation only","CSystemSettingsReader -> CPlotAnnotationLayout / CSectionPlotter","NotRun","Inventoried:BehaviorNotAccepted"
"Plot.Dimension.Offset","rngPlotAnnotationSettings","Config!J73","UserInput","","","100","","TextOrNumber:PendingContractReview","мм","PendingCatalogMapping","PendingCallSiteReview","Enabled annotation type Dimension; presentation only","CSystemSettingsReader -> CPlotAnnotationLayout / CSectionPlotter","NotRun","Inventoried:BehaviorNotAccepted"
"Plot.Rebar.LineEnabled","rngPlotAnnotationSettings","Config!I74","UserInput","","","Yes","","list","Yes/No","PendingCatalogMapping","PendingCallSiteReview","Enabled annotation type Rebar; presentation only","CSystemSettingsReader -> CPlotAnnotationLayout / CSectionPlotter","NotRun","Inventoried:BehaviorNotAccepted"
"Plot.Dimension.LineEnabled","rngPlotAnnotationSettings","Config!J74","NotEditable:NotApplicableCell","","","-","","TextOrNumber:PendingContractReview","Yes/No","PendingCatalogMapping","PendingCallSiteReview","Enabled annotation type Dimension; presentation only","CSystemSettingsReader -> CPlotAnnotationLayout / CSectionPlotter","NotRun","Inventoried:BehaviorNotAccepted"
"Plot.Rebar.LineWeight","rngPlotAnnotationSettings","Config!I75","UserInput","","","1.35","","TextOrNumber:PendingContractReview","pt","PendingCatalogMapping","PendingCallSiteReview","Enabled annotation type Rebar; presentation only","CSystemSettingsReader -> CPlotAnnotationLayout / CSectionPlotter","NotRun","Inventoried:BehaviorNotAccepted"
"Plot.Dimension.LineWeight","rngPlotAnnotationSettings","Config!J75","UserInput","","","1.75","","TextOrNumber:PendingContractReview","pt","PendingCatalogMapping","PendingCallSiteReview","Enabled annotation type Dimension; presentation only","CSystemSettingsReader -> CPlotAnnotationLayout / CSectionPlotter","NotRun","Inventoried:BehaviorNotAccepted"
"Plot.Rebar.ExtensionLineWeight","rngPlotAnnotationSettings","Config!I76","NotEditable:NotApplicableCell","","","-","","TextOrNumber:PendingContractReview","pt","PendingCatalogMapping","PendingCallSiteReview","Enabled annotation type Rebar; presentation only","CSystemSettingsReader -> CPlotAnnotationLayout / CSectionPlotter","NotRun","Inventoried:BehaviorNotAccepted"
"Plot.Dimension.ExtensionLineWeight","rngPlotAnnotationSettings","Config!J76","UserInput","","","0.85","","TextOrNumber:PendingContractReview","pt","PendingCatalogMapping","PendingCallSiteReview","Enabled annotation type Dimension; presentation only","CSystemSettingsReader -> CPlotAnnotationLayout / CSectionPlotter","NotRun","Inventoried:BehaviorNotAccepted"
"Plot.Rebar.TextUnits","rngPlotAnnotationSettings","Config!I77","UserInput","","","pt","","list","-","PendingCatalogMapping","PendingCallSiteReview","Enabled annotation type Rebar; presentation only","CSystemSettingsReader -> CPlotAnnotationLayout / CSectionPlotter","NotRun","Inventoried:BehaviorNotAccepted"
"Plot.Dimension.TextUnits","rngPlotAnnotationSettings","Config!J77","UserInput","","","pt","","list","-","PendingCatalogMapping","PendingCallSiteReview","Enabled annotation type Dimension; presentation only","CSystemSettingsReader -> CPlotAnnotationLayout / CSectionPlotter","NotRun","Inventoried:BehaviorNotAccepted"
"Plot.Rebar.TextHeight","rngPlotAnnotationSettings","Config!I78","UserInput","","","13","","TextOrNumber:PendingContractReview","pt","PendingCatalogMapping","PendingCallSiteReview","Enabled annotation type Rebar; presentation only","CSystemSettingsReader -> CPlotAnnotationLayout / CSectionPlotter","NotRun","Inventoried:BehaviorNotAccepted"
"Plot.Dimension.TextHeight","rngPlotAnnotationSettings","Config!J78","UserInput","","","13","","TextOrNumber:PendingContractReview","pt","PendingCatalogMapping","PendingCallSiteReview","Enabled annotation type Dimension; presentation only","CSystemSettingsReader -> CPlotAnnotationLayout / CSectionPlotter","NotRun","Inventoried:BehaviorNotAccepted"
"Plot.Rebar.TextGap","rngPlotAnnotationSettings","Config!I79","UserInput","","","9","","TextOrNumber:PendingContractReview","pt","PendingCatalogMapping","PendingCallSiteReview","Enabled annotation type Rebar; presentation only","CSystemSettingsReader -> CPlotAnnotationLayout / CSectionPlotter","NotRun","Inventoried:BehaviorNotAccepted"
"Plot.Dimension.TextGap","rngPlotAnnotationSettings","Config!J79","UserInput","","","9","","TextOrNumber:PendingContractReview","pt","PendingCatalogMapping","PendingCallSiteReview","Enabled annotation type Dimension; presentation only","CSystemSettingsReader -> CPlotAnnotationLayout / CSectionPlotter","NotRun","Inventoried:BehaviorNotAccepted"
"Plot.Rebar.ArrowType","rngPlotAnnotationSettings","Config!I80","NotEditable:NotApplicableCell","","","-","","TextOrNumber:PendingContractReview","-","PendingCatalogMapping","PendingCallSiteReview","Enabled annotation type Rebar; presentation only","CSystemSettingsReader -> CPlotAnnotationLayout / CSectionPlotter","NotRun","Inventoried:BehaviorNotAccepted"
"Plot.Dimension.ArrowType","rngPlotAnnotationSettings","Config!J80","UserInput","","","Triangle","","list","-","PendingCatalogMapping","PendingCallSiteReview","Enabled annotation type Dimension; presentation only","CSystemSettingsReader -> CPlotAnnotationLayout / CSectionPlotter","NotRun","Inventoried:BehaviorNotAccepted"
"Plot.Rebar.ArrowSize","rngPlotAnnotationSettings","Config!I81","NotEditable:NotApplicableCell","","","-","","TextOrNumber:PendingContractReview","-","PendingCatalogMapping","PendingCallSiteReview","Enabled annotation type Rebar; presentation only","CSystemSettingsReader -> CPlotAnnotationLayout / CSectionPlotter","NotRun","Inventoried:BehaviorNotAccepted"
"Plot.Dimension.ArrowSize","rngPlotAnnotationSettings","Config!J81","UserInput","","","Medium","","list","-","PendingCatalogMapping","PendingCallSiteReview","Enabled annotation type Dimension; presentation only","CSystemSettingsReader -> CPlotAnnotationLayout / CSectionPlotter","NotRun","Inventoried:BehaviorNotAccepted"
"Plot.Rebar.Color","rngPlotAnnotationSettings","Config!I82","UserInput","","","20,30,90","","TextOrNumber:PendingContractReview","RGB","PendingCatalogMapping","PendingCallSiteReview","Enabled annotation type Rebar; presentation only","CSystemSettingsReader -> CPlotAnnotationLayout / CSectionPlotter","NotRun","Inventoried:BehaviorNotAccepted"
"Plot.Dimension.Color","rngPlotAnnotationSettings","Config!J82","UserInput","","","20,30,90","","TextOrNumber:PendingContractReview","RGB","PendingCatalogMapping","PendingCallSiteReview","Enabled annotation type Dimension; presentation only","CSystemSettingsReader -> CPlotAnnotationLayout / CSectionPlotter","NotRun","Inventoried:BehaviorNotAccepted"
"Plot.Rebar.ExtensionLineColor","rngPlotAnnotationSettings","Config!I83","NotEditable:NotApplicableCell","","","-","","TextOrNumber:PendingContractReview","RGB","PendingCatalogMapping","PendingCallSiteReview","Enabled annotation type Rebar; presentation only","CSystemSettingsReader -> CPlotAnnotationLayout / CSectionPlotter","NotRun","Inventoried:BehaviorNotAccepted"
"Plot.Dimension.ExtensionLineColor","rngPlotAnnotationSettings","Config!J83","UserInput","","","140,140,140","","TextOrNumber:PendingContractReview","RGB","PendingCatalogMapping","PendingCallSiteReview","Enabled annotation type Dimension; presentation only","CSystemSettingsReader -> CPlotAnnotationLayout / CSectionPlotter","NotRun","Inventoried:BehaviorNotAccepted"
"rngRoundedRectangleGeometry.Dimensions.Размеры сечения.B.Config!I130","rngRoundedRectangleGeometry","Config!I130","UserInput","","","800","","TextOrNumber:PendingContractReview","Length input / count / selector: see physical field","PendingCatalogMapping","PendingCallSiteReview","Generated selected shape; face/side/row contract; inactive geometry does not affect active shape","CSystemSettingsReader -> geometry / rebar builder -> CSectionModel","NotRun","Inventoried:BehaviorNotAccepted"
"rngRoundedRectangleGeometry.Dimensions.Размеры сечения.H.Config!J130","rngRoundedRectangleGeometry","Config!J130","UserInput","","","250","","TextOrNumber:PendingContractReview","Length input / count / selector: see physical field","PendingCatalogMapping","PendingCallSiteReview","Generated selected shape; face/side/row contract; inactive geometry does not affect active shape","CSystemSettingsReader -> geometry / rebar builder -> CSectionModel","NotRun","Inventoried:BehaviorNotAccepted"
"rngRoundedRectangleGeometry.Side.тип Simple / Tapered.слева.Config!I134","rngRoundedRectangleGeometry","Config!I134","UserInput","","","Simple","","list","Length input / count / selector: see physical field","PendingCatalogMapping","PendingCallSiteReview","Generated selected shape; face/side/row contract; inactive geometry does not affect active shape","CSystemSettingsReader -> geometry / rebar builder -> CSectionModel","NotRun","Inventoried:BehaviorNotAccepted"
"rngRoundedRectangleGeometry.Side.тип Simple / Tapered.справа.Config!J134","rngRoundedRectangleGeometry","Config!J134","UserInput","","","Tapered","","list","Length input / count / selector: see physical field","PendingCatalogMapping","PendingCallSiteReview","Generated selected shape; face/side/row contract; inactive geometry does not affect active shape","CSystemSettingsReader -> geometry / rebar builder -> CSectionModel","NotRun","Inventoried:BehaviorNotAccepted"
"rngRoundedRectangleGeometry.Side.W.слева.Config!I135","rngRoundedRectangleGeometry","Config!I135","UserInput","","","0","","TextOrNumber:PendingContractReview","Length input / count / selector: see physical field","PendingCatalogMapping","PendingCallSiteReview","Generated selected shape; face/side/row contract; inactive geometry does not affect active shape","CSystemSettingsReader -> geometry / rebar builder -> CSectionModel","NotRun","Inventoried:BehaviorNotAccepted"
"rngRoundedRectangleGeometry.Side.W.справа.Config!J135","rngRoundedRectangleGeometry","Config!J135","UserInput","","","150","","TextOrNumber:PendingContractReview","Length input / count / selector: see physical field","PendingCatalogMapping","PendingCallSiteReview","Generated selected shape; face/side/row contract; inactive geometry does not affect active shape","CSystemSettingsReader -> geometry / rebar builder -> CSectionModel","NotRun","Inventoried:BehaviorNotAccepted"
"rngRoundedRectangleGeometry.Side.R1.слева.Config!I136","rngRoundedRectangleGeometry","Config!I136","UserInput","","","40","","TextOrNumber:PendingContractReview","Length input / count / selector: see physical field","PendingCatalogMapping","PendingCallSiteReview","Generated selected shape; face/side/row contract; inactive geometry does not affect active shape","CSystemSettingsReader -> geometry / rebar builder -> CSectionModel","NotRun","Inventoried:BehaviorNotAccepted"
"rngRoundedRectangleGeometry.Side.R1.справа.Config!J136","rngRoundedRectangleGeometry","Config!J136","UserInput","","","40","","TextOrNumber:PendingContractReview","Length input / count / selector: see physical field","PendingCatalogMapping","PendingCallSiteReview","Generated selected shape; face/side/row contract; inactive geometry does not affect active shape","CSystemSettingsReader -> geometry / rebar builder -> CSectionModel","NotRun","Inventoried:BehaviorNotAccepted"
"rngRoundedRectangleGeometry.Side.R2.слева.Config!I137","rngRoundedRectangleGeometry","Config!I137","UserInput","","","0","","TextOrNumber:PendingContractReview","Length input / count / selector: see physical field","PendingCatalogMapping","PendingCallSiteReview","Generated selected shape; face/side/row contract; inactive geometry does not affect active shape","CSystemSettingsReader -> geometry / rebar builder -> CSectionModel","NotRun","Inventoried:BehaviorNotAccepted"
"rngRoundedRectangleGeometry.Side.R2.справа.Config!J137","rngRoundedRectangleGeometry","Config!J137","UserInput","","","80","","TextOrNumber:PendingContractReview","Length input / count / selector: see physical field","PendingCatalogMapping","PendingCallSiteReview","Generated selected shape; face/side/row contract; inactive geometry does not affect active shape","CSystemSettingsReader -> geometry / rebar builder -> CSectionModel","NotRun","Inventoried:BehaviorNotAccepted"
"rngRoundedRectangleGeometry.MainRebar.H - левая.as.Config!I140","rngRoundedRectangleGeometry","Config!I140","UserInput","","","40","","TextOrNumber:PendingContractReview","Length input / count / selector: see physical field","PendingCatalogMapping","PendingCallSiteReview","Generated selected shape; face/side/row contract; inactive geometry does not affect active shape","CSystemSettingsReader -> geometry / rebar builder -> CSectionModel","NotRun","Inventoried:BehaviorNotAccepted"
"rngRoundedRectangleGeometry.MainRebar.H - левая.d.Config!J140","rngRoundedRectangleGeometry","Config!J140","UserInput","","","32","","TextOrNumber:PendingContractReview","Length input / count / selector: see physical field","PendingCatalogMapping","PendingCallSiteReview","Generated selected shape; face/side/row contract; inactive geometry does not affect active shape","CSystemSettingsReader -> geometry / rebar builder -> CSectionModel","NotRun","Inventoried:BehaviorNotAccepted"
"rngRoundedRectangleGeometry.MainRebar.H - левая.n.Config!K140","rngRoundedRectangleGeometry","Config!K140","UserInput","","","5","","TextOrNumber:PendingContractReview","Length input / count / selector: see physical field","PendingCatalogMapping","PendingCallSiteReview","Generated selected shape; face/side/row contract; inactive geometry does not affect active shape","CSystemSettingsReader -> geometry / rebar builder -> CSectionModel","NotRun","Inventoried:BehaviorNotAccepted"
"rngRoundedRectangleGeometry.MainRebar.H - правая.as.Config!I141","rngRoundedRectangleGeometry","Config!I141","UserInput","","","40","","TextOrNumber:PendingContractReview","Length input / count / selector: see physical field","PendingCatalogMapping","PendingCallSiteReview","Generated selected shape; face/side/row contract; inactive geometry does not affect active shape","CSystemSettingsReader -> geometry / rebar builder -> CSectionModel","NotRun","Inventoried:BehaviorNotAccepted"
"rngRoundedRectangleGeometry.MainRebar.H - правая.d.Config!J141","rngRoundedRectangleGeometry","Config!J141","UserInput","","","32","","TextOrNumber:PendingContractReview","Length input / count / selector: see physical field","PendingCatalogMapping","PendingCallSiteReview","Generated selected shape; face/side/row contract; inactive geometry does not affect active shape","CSystemSettingsReader -> geometry / rebar builder -> CSectionModel","NotRun","Inventoried:BehaviorNotAccepted"
"rngRoundedRectangleGeometry.MainRebar.H - правая.n.Config!K141","rngRoundedRectangleGeometry","Config!K141","UserInput","","","5","","TextOrNumber:PendingContractReview","Length input / count / selector: see physical field","PendingCatalogMapping","PendingCallSiteReview","Generated selected shape; face/side/row contract; inactive geometry does not affect active shape","CSystemSettingsReader -> geometry / rebar builder -> CSectionModel","NotRun","Inventoried:BehaviorNotAccepted"
"rngRoundedRectangleGeometry.MainRebar.B - верхняя.as.Config!I142","rngRoundedRectangleGeometry","Config!I142","UserInput","","","40","","TextOrNumber:PendingContractReview","Length input / count / selector: see physical field","PendingCatalogMapping","PendingCallSiteReview","Generated selected shape; face/side/row contract; inactive geometry does not affect active shape","CSystemSettingsReader -> geometry / rebar builder -> CSectionModel","NotRun","Inventoried:BehaviorNotAccepted"
"rngRoundedRectangleGeometry.MainRebar.B - верхняя.d.Config!J142","rngRoundedRectangleGeometry","Config!J142","UserInput","","","32","","TextOrNumber:PendingContractReview","Length input / count / selector: see physical field","PendingCatalogMapping","PendingCallSiteReview","Generated selected shape; face/side/row contract; inactive geometry does not affect active shape","CSystemSettingsReader -> geometry / rebar builder -> CSectionModel","NotRun","Inventoried:BehaviorNotAccepted"
"rngRoundedRectangleGeometry.MainRebar.B - верхняя.n.Config!K142","rngRoundedRectangleGeometry","Config!K142","UserInput","","","8","","TextOrNumber:PendingContractReview","Length input / count / selector: see physical field","PendingCatalogMapping","PendingCallSiteReview","Generated selected shape; face/side/row contract; inactive geometry does not affect active shape","CSystemSettingsReader -> geometry / rebar builder -> CSectionModel","NotRun","Inventoried:BehaviorNotAccepted"
"rngRoundedRectangleGeometry.MainRebar.B - нижняя.as.Config!I143","rngRoundedRectangleGeometry","Config!I143","UserInput","","","40","","TextOrNumber:PendingContractReview","Length input / count / selector: see physical field","PendingCatalogMapping","PendingCallSiteReview","Generated selected shape; face/side/row contract; inactive geometry does not affect active shape","CSystemSettingsReader -> geometry / rebar builder -> CSectionModel","NotRun","Inventoried:BehaviorNotAccepted"
"rngRoundedRectangleGeometry.MainRebar.B - нижняя.d.Config!J143","rngRoundedRectangleGeometry","Config!J143","UserInput","","","32","","TextOrNumber:PendingContractReview","Length input / count / selector: see physical field","PendingCatalogMapping","PendingCallSiteReview","Generated selected shape; face/side/row contract; inactive geometry does not affect active shape","CSystemSettingsReader -> geometry / rebar builder -> CSectionModel","NotRun","Inventoried:BehaviorNotAccepted"
"rngRoundedRectangleGeometry.MainRebar.B - нижняя.n.Config!K143","rngRoundedRectangleGeometry","Config!K143","UserInput","","","8","","TextOrNumber:PendingContractReview","Length input / count / selector: see physical field","PendingCatalogMapping","PendingCallSiteReview","Generated selected shape; face/side/row contract; inactive geometry does not affect active shape","CSystemSettingsReader -> geometry / rebar builder -> CSectionModel","NotRun","Inventoried:BehaviorNotAccepted"
"rngRoundedRectangleGeometry.ExtraRebar.H - левая.d2.Config!I146","rngRoundedRectangleGeometry","Config!I146","UserInput","","","","","TextOrNumber:PendingContractReview","Length input / count / selector: see physical field","PendingCatalogMapping","PendingCallSiteReview","Generated selected shape; face/side/row contract; inactive geometry does not affect active shape","CSystemSettingsReader -> geometry / rebar builder -> CSectionModel","NotRun","Inventoried:BehaviorNotAccepted"
"rngRoundedRectangleGeometry.ExtraRebar.H - левая.положение.Config!J146","rngRoundedRectangleGeometry","Config!J146","UserInput","","","Stacked","","list","Length input / count / selector: see physical field","PendingCatalogMapping","PendingCallSiteReview","Generated selected shape; face/side/row contract; inactive geometry does not affect active shape","CSystemSettingsReader -> geometry / rebar builder -> CSectionModel","NotRun","Inventoried:BehaviorNotAccepted"
"rngRoundedRectangleGeometry.ExtraRebar.H - левая.привязка.Config!K146","rngRoundedRectangleGeometry","Config!K146","UserInput","","","EachBar","","list","Length input / count / selector: see physical field","PendingCatalogMapping","PendingCallSiteReview","Generated selected shape; face/side/row contract; inactive geometry does not affect active shape","CSystemSettingsReader -> geometry / rebar builder -> CSectionModel","NotRun","Inventoried:BehaviorNotAccepted"
"rngRoundedRectangleGeometry.ExtraRebar.H - левая.d3.Config!L146","rngRoundedRectangleGeometry","Config!L146","UserInput","","","","","TextOrNumber:PendingContractReview","Length input / count / selector: see physical field","PendingCatalogMapping","PendingCallSiteReview","Generated selected shape; face/side/row contract; inactive geometry does not affect active shape","CSystemSettingsReader -> geometry / rebar builder -> CSectionModel","NotRun","Inventoried:BehaviorNotAccepted"
"rngRoundedRectangleGeometry.ExtraRebar.H - левая.положение.Config!M146","rngRoundedRectangleGeometry","Config!M146","UserInput","","","Stacked","","list","Length input / count / selector: see physical field","PendingCatalogMapping","PendingCallSiteReview","Generated selected shape; face/side/row contract; inactive geometry does not affect active shape","CSystemSettingsReader -> geometry / rebar builder -> CSectionModel","NotRun","Inventoried:BehaviorNotAccepted"
"rngRoundedRectangleGeometry.ExtraRebar.H - левая.привязка.Config!N146","rngRoundedRectangleGeometry","Config!N146","UserInput","","","EachBar","","list","Length input / count / selector: see physical field","PendingCatalogMapping","PendingCallSiteReview","Generated selected shape; face/side/row contract; inactive geometry does not affect active shape","CSystemSettingsReader -> geometry / rebar builder -> CSectionModel","NotRun","Inventoried:BehaviorNotAccepted"
"rngRoundedRectangleGeometry.ExtraRebar.H - правая.d2.Config!I147","rngRoundedRectangleGeometry","Config!I147","UserInput","","","","","TextOrNumber:PendingContractReview","Length input / count / selector: see physical field","PendingCatalogMapping","PendingCallSiteReview","Generated selected shape; face/side/row contract; inactive geometry does not affect active shape","CSystemSettingsReader -> geometry / rebar builder -> CSectionModel","NotRun","Inventoried:BehaviorNotAccepted"
"rngRoundedRectangleGeometry.ExtraRebar.H - правая.положение.Config!J147","rngRoundedRectangleGeometry","Config!J147","UserInput","","","Stacked","","list","Length input / count / selector: see physical field","PendingCatalogMapping","PendingCallSiteReview","Generated selected shape; face/side/row contract; inactive geometry does not affect active shape","CSystemSettingsReader -> geometry / rebar builder -> CSectionModel","NotRun","Inventoried:BehaviorNotAccepted"
"rngRoundedRectangleGeometry.ExtraRebar.H - правая.привязка.Config!K147","rngRoundedRectangleGeometry","Config!K147","UserInput","","","EachBar","","list","Length input / count / selector: see physical field","PendingCatalogMapping","PendingCallSiteReview","Generated selected shape; face/side/row contract; inactive geometry does not affect active shape","CSystemSettingsReader -> geometry / rebar builder -> CSectionModel","NotRun","Inventoried:BehaviorNotAccepted"
"rngRoundedRectangleGeometry.ExtraRebar.H - правая.d3.Config!L147","rngRoundedRectangleGeometry","Config!L147","UserInput","","","","","TextOrNumber:PendingContractReview","Length input / count / selector: see physical field","PendingCatalogMapping","PendingCallSiteReview","Generated selected shape; face/side/row contract; inactive geometry does not affect active shape","CSystemSettingsReader -> geometry / rebar builder -> CSectionModel","NotRun","Inventoried:BehaviorNotAccepted"
"rngRoundedRectangleGeometry.ExtraRebar.H - правая.положение.Config!M147","rngRoundedRectangleGeometry","Config!M147","UserInput","","","Stacked","","list","Length input / count / selector: see physical field","PendingCatalogMapping","PendingCallSiteReview","Generated selected shape; face/side/row contract; inactive geometry does not affect active shape","CSystemSettingsReader -> geometry / rebar builder -> CSectionModel","NotRun","Inventoried:BehaviorNotAccepted"
"rngRoundedRectangleGeometry.ExtraRebar.H - правая.привязка.Config!N147","rngRoundedRectangleGeometry","Config!N147","UserInput","","","EachBar","","list","Length input / count / selector: see physical field","PendingCatalogMapping","PendingCallSiteReview","Generated selected shape; face/side/row contract; inactive geometry does not affect active shape","CSystemSettingsReader -> geometry / rebar builder -> CSectionModel","NotRun","Inventoried:BehaviorNotAccepted"
"rngRoundedRectangleGeometry.ExtraRebar.B - верхняя.d2.Config!I148","rngRoundedRectangleGeometry","Config!I148","UserInput","","","","","TextOrNumber:PendingContractReview","Length input / count / selector: see physical field","PendingCatalogMapping","PendingCallSiteReview","Generated selected shape; face/side/row contract; inactive geometry does not affect active shape","CSystemSettingsReader -> geometry / rebar builder -> CSectionModel","NotRun","Inventoried:BehaviorNotAccepted"
"rngRoundedRectangleGeometry.ExtraRebar.B - верхняя.положение.Config!J148","rngRoundedRectangleGeometry","Config!J148","UserInput","","","Stacked","","list","Length input / count / selector: see physical field","PendingCatalogMapping","PendingCallSiteReview","Generated selected shape; face/side/row contract; inactive geometry does not affect active shape","CSystemSettingsReader -> geometry / rebar builder -> CSectionModel","NotRun","Inventoried:BehaviorNotAccepted"
"rngRoundedRectangleGeometry.ExtraRebar.B - верхняя.привязка.Config!K148","rngRoundedRectangleGeometry","Config!K148","UserInput","","","EachBar","","list","Length input / count / selector: see physical field","PendingCatalogMapping","PendingCallSiteReview","Generated selected shape; face/side/row contract; inactive geometry does not affect active shape","CSystemSettingsReader -> geometry / rebar builder -> CSectionModel","NotRun","Inventoried:BehaviorNotAccepted"
"rngRoundedRectangleGeometry.ExtraRebar.B - верхняя.d3.Config!L148","rngRoundedRectangleGeometry","Config!L148","UserInput","","","","","TextOrNumber:PendingContractReview","Length input / count / selector: see physical field","PendingCatalogMapping","PendingCallSiteReview","Generated selected shape; face/side/row contract; inactive geometry does not affect active shape","CSystemSettingsReader -> geometry / rebar builder -> CSectionModel","NotRun","Inventoried:BehaviorNotAccepted"
"rngRoundedRectangleGeometry.ExtraRebar.B - верхняя.положение.Config!M148","rngRoundedRectangleGeometry","Config!M148","UserInput","","","Stacked","","list","Length input / count / selector: see physical field","PendingCatalogMapping","PendingCallSiteReview","Generated selected shape; face/side/row contract; inactive geometry does not affect active shape","CSystemSettingsReader -> geometry / rebar builder -> CSectionModel","NotRun","Inventoried:BehaviorNotAccepted"
"rngRoundedRectangleGeometry.ExtraRebar.B - верхняя.привязка.Config!N148","rngRoundedRectangleGeometry","Config!N148","UserInput","","","EachBar","","list","Length input / count / selector: see physical field","PendingCatalogMapping","PendingCallSiteReview","Generated selected shape; face/side/row contract; inactive geometry does not affect active shape","CSystemSettingsReader -> geometry / rebar builder -> CSectionModel","NotRun","Inventoried:BehaviorNotAccepted"
"rngRoundedRectangleGeometry.ExtraRebar.B - нижняя.d2.Config!I149","rngRoundedRectangleGeometry","Config!I149","UserInput","","","","","TextOrNumber:PendingContractReview","Length input / count / selector: see physical field","PendingCatalogMapping","PendingCallSiteReview","Generated selected shape; face/side/row contract; inactive geometry does not affect active shape","CSystemSettingsReader -> geometry / rebar builder -> CSectionModel","NotRun","Inventoried:BehaviorNotAccepted"
"rngRoundedRectangleGeometry.ExtraRebar.B - нижняя.положение.Config!J149","rngRoundedRectangleGeometry","Config!J149","UserInput","","","Stacked","","list","Length input / count / selector: see physical field","PendingCatalogMapping","PendingCallSiteReview","Generated selected shape; face/side/row contract; inactive geometry does not affect active shape","CSystemSettingsReader -> geometry / rebar builder -> CSectionModel","NotRun","Inventoried:BehaviorNotAccepted"
"rngRoundedRectangleGeometry.ExtraRebar.B - нижняя.привязка.Config!K149","rngRoundedRectangleGeometry","Config!K149","UserInput","","","EachBar","","list","Length input / count / selector: see physical field","PendingCatalogMapping","PendingCallSiteReview","Generated selected shape; face/side/row contract; inactive geometry does not affect active shape","CSystemSettingsReader -> geometry / rebar builder -> CSectionModel","NotRun","Inventoried:BehaviorNotAccepted"
"rngRoundedRectangleGeometry.ExtraRebar.B - нижняя.d3.Config!L149","rngRoundedRectangleGeometry","Config!L149","UserInput","","","","","TextOrNumber:PendingContractReview","Length input / count / selector: see physical field","PendingCatalogMapping","PendingCallSiteReview","Generated selected shape; face/side/row contract; inactive geometry does not affect active shape","CSystemSettingsReader -> geometry / rebar builder -> CSectionModel","NotRun","Inventoried:BehaviorNotAccepted"
"rngRoundedRectangleGeometry.ExtraRebar.B - нижняя.положение.Config!M149","rngRoundedRectangleGeometry","Config!M149","UserInput","","","Stacked","","list","Length input / count / selector: see physical field","PendingCatalogMapping","PendingCallSiteReview","Generated selected shape; face/side/row contract; inactive geometry does not affect active shape","CSystemSettingsReader -> geometry / rebar builder -> CSectionModel","NotRun","Inventoried:BehaviorNotAccepted"
"rngRoundedRectangleGeometry.ExtraRebar.B - нижняя.привязка.Config!N149","rngRoundedRectangleGeometry","Config!N149","UserInput","","","EachBar","","list","Length input / count / selector: see physical field","PendingCatalogMapping","PendingCallSiteReview","Generated selected shape; face/side/row contract; inactive geometry does not affect active shape","CSystemSettingsReader -> geometry / rebar builder -> CSectionModel","NotRun","Inventoried:BehaviorNotAccepted"
"rngHollowRectangleGeometry.General.HollowRectangle.InnerOffsetX.Значение.Config!I155","rngHollowRectangleGeometry","Config!I155","UserInput","","","0","","TextOrNumber:PendingContractReview","Length input / count / selector: see physical field","PendingCatalogMapping","PendingCallSiteReview","Generated selected shape; face/side/row contract; inactive geometry does not affect active shape","CSystemSettingsReader -> geometry / rebar builder -> CSectionModel","NotRun","Inventoried:BehaviorNotAccepted"
"rngHollowRectangleGeometry.General.HollowRectangle.InnerOffsetY.Значение.Config!I156","rngHollowRectangleGeometry","Config!I156","UserInput","","","0","","TextOrNumber:PendingContractReview","Length input / count / selector: see physical field","PendingCatalogMapping","PendingCallSiteReview","Generated selected shape; face/side/row contract; inactive geometry does not affect active shape","CSystemSettingsReader -> geometry / rebar builder -> CSectionModel","NotRun","Inventoried:BehaviorNotAccepted"
"rngHollowRectangleGeometry.Dimensions.800.H.Config!H159","rngHollowRectangleGeometry","Config!H159","UserInput","","","800","","TextOrNumber:PendingContractReview","Length input / count / selector: see physical field","PendingCatalogMapping","PendingCallSiteReview","Generated selected shape; face/side/row contract; inactive geometry does not affect active shape","CSystemSettingsReader -> geometry / rebar builder -> CSectionModel","NotRun","Inventoried:BehaviorNotAccepted"
"rngHollowRectangleGeometry.Dimensions.800.B.Config!I159","rngHollowRectangleGeometry","Config!I159","UserInput","","","500","","TextOrNumber:PendingContractReview","Length input / count / selector: see physical field","PendingCatalogMapping","PendingCallSiteReview","Generated selected shape; face/side/row contract; inactive geometry does not affect active shape","CSystemSettingsReader -> geometry / rebar builder -> CSectionModel","NotRun","Inventoried:BehaviorNotAccepted"
"rngHollowRectangleGeometry.Dimensions.800.R.Config!J159","rngHollowRectangleGeometry","Config!J159","UserInput","","","180","","TextOrNumber:PendingContractReview","Length input / count / selector: see physical field","PendingCatalogMapping","PendingCallSiteReview","Generated selected shape; face/side/row contract; inactive geometry does not affect active shape","CSystemSettingsReader -> geometry / rebar builder -> CSectionModel","NotRun","Inventoried:BehaviorNotAccepted"
"rngHollowRectangleGeometry.Dimensions.800.H_o.Config!K159","rngHollowRectangleGeometry","Config!K159","UserInput","","","500","","TextOrNumber:PendingContractReview","Length input / count / selector: see physical field","PendingCatalogMapping","PendingCallSiteReview","Generated selected shape; face/side/row contract; inactive geometry does not affect active shape","CSystemSettingsReader -> geometry / rebar builder -> CSectionModel","NotRun","Inventoried:BehaviorNotAccepted"
"rngHollowRectangleGeometry.Dimensions.800.B_o.Config!L159","rngHollowRectangleGeometry","Config!L159","UserInput","","","200","","TextOrNumber:PendingContractReview","Length input / count / selector: see physical field","PendingCatalogMapping","PendingCallSiteReview","Generated selected shape; face/side/row contract; inactive geometry does not affect active shape","CSystemSettingsReader -> geometry / rebar builder -> CSectionModel","NotRun","Inventoried:BehaviorNotAccepted"
"rngHollowRectangleGeometry.Dimensions.800.R_o.Config!M159","rngHollowRectangleGeometry","Config!M159","UserInput","","","30","","TextOrNumber:PendingContractReview","Length input / count / selector: see physical field","PendingCatalogMapping","PendingCallSiteReview","Generated selected shape; face/side/row contract; inactive geometry does not affect active shape","CSystemSettingsReader -> geometry / rebar builder -> CSectionModel","NotRun","Inventoried:BehaviorNotAccepted"
"rngHollowRectangleGeometry.MainRebar.H - левая.as.Config!I163","rngHollowRectangleGeometry","Config!I163","UserInput","","","40","","TextOrNumber:PendingContractReview","Length input / count / selector: see physical field","PendingCatalogMapping","PendingCallSiteReview","Generated selected shape; face/side/row contract; inactive geometry does not affect active shape","CSystemSettingsReader -> geometry / rebar builder -> CSectionModel","NotRun","Inventoried:BehaviorNotAccepted"
"rngHollowRectangleGeometry.MainRebar.H - левая.d.Config!J163","rngHollowRectangleGeometry","Config!J163","UserInput","","","20","","TextOrNumber:PendingContractReview","Length input / count / selector: see physical field","PendingCatalogMapping","PendingCallSiteReview","Generated selected shape; face/side/row contract; inactive geometry does not affect active shape","CSystemSettingsReader -> geometry / rebar builder -> CSectionModel","NotRun","Inventoried:BehaviorNotAccepted"
"rngHollowRectangleGeometry.MainRebar.H - левая.n.Config!K163","rngHollowRectangleGeometry","Config!K163","UserInput","","","6","","TextOrNumber:PendingContractReview","Length input / count / selector: see physical field","PendingCatalogMapping","PendingCallSiteReview","Generated selected shape; face/side/row contract; inactive geometry does not affect active shape","CSystemSettingsReader -> geometry / rebar builder -> CSectionModel","NotRun","Inventoried:BehaviorNotAccepted"
"rngHollowRectangleGeometry.MainRebar.H - правая.as.Config!I164","rngHollowRectangleGeometry","Config!I164","UserInput","","","40","","TextOrNumber:PendingContractReview","Length input / count / selector: see physical field","PendingCatalogMapping","PendingCallSiteReview","Generated selected shape; face/side/row contract; inactive geometry does not affect active shape","CSystemSettingsReader -> geometry / rebar builder -> CSectionModel","NotRun","Inventoried:BehaviorNotAccepted"
"rngHollowRectangleGeometry.MainRebar.H - правая.d.Config!J164","rngHollowRectangleGeometry","Config!J164","UserInput","","","20","","TextOrNumber:PendingContractReview","Length input / count / selector: see physical field","PendingCatalogMapping","PendingCallSiteReview","Generated selected shape; face/side/row contract; inactive geometry does not affect active shape","CSystemSettingsReader -> geometry / rebar builder -> CSectionModel","NotRun","Inventoried:BehaviorNotAccepted"
"rngHollowRectangleGeometry.MainRebar.H - правая.n.Config!K164","rngHollowRectangleGeometry","Config!K164","UserInput","","","6","","TextOrNumber:PendingContractReview","Length input / count / selector: see physical field","PendingCatalogMapping","PendingCallSiteReview","Generated selected shape; face/side/row contract; inactive geometry does not affect active shape","CSystemSettingsReader -> geometry / rebar builder -> CSectionModel","NotRun","Inventoried:BehaviorNotAccepted"
"rngHollowRectangleGeometry.MainRebar.B - верхняя.as.Config!I165","rngHollowRectangleGeometry","Config!I165","UserInput","","","40","","TextOrNumber:PendingContractReview","Length input / count / selector: see physical field","PendingCatalogMapping","PendingCallSiteReview","Generated selected shape; face/side/row contract; inactive geometry does not affect active shape","CSystemSettingsReader -> geometry / rebar builder -> CSectionModel","NotRun","Inventoried:BehaviorNotAccepted"
"rngHollowRectangleGeometry.MainRebar.B - верхняя.d.Config!J165","rngHollowRectangleGeometry","Config!J165","UserInput","","","20","","TextOrNumber:PendingContractReview","Length input / count / selector: see physical field","PendingCatalogMapping","PendingCallSiteReview","Generated selected shape; face/side/row contract; inactive geometry does not affect active shape","CSystemSettingsReader -> geometry / rebar builder -> CSectionModel","NotRun","Inventoried:BehaviorNotAccepted"
"rngHollowRectangleGeometry.MainRebar.B - верхняя.n.Config!K165","rngHollowRectangleGeometry","Config!K165","UserInput","","","8","","TextOrNumber:PendingContractReview","Length input / count / selector: see physical field","PendingCatalogMapping","PendingCallSiteReview","Generated selected shape; face/side/row contract; inactive geometry does not affect active shape","CSystemSettingsReader -> geometry / rebar builder -> CSectionModel","NotRun","Inventoried:BehaviorNotAccepted"
"rngHollowRectangleGeometry.MainRebar.B - нижняя.as.Config!I166","rngHollowRectangleGeometry","Config!I166","UserInput","","","40","","TextOrNumber:PendingContractReview","Length input / count / selector: see physical field","PendingCatalogMapping","PendingCallSiteReview","Generated selected shape; face/side/row contract; inactive geometry does not affect active shape","CSystemSettingsReader -> geometry / rebar builder -> CSectionModel","NotRun","Inventoried:BehaviorNotAccepted"
"rngHollowRectangleGeometry.MainRebar.B - нижняя.d.Config!J166","rngHollowRectangleGeometry","Config!J166","UserInput","","","20","","TextOrNumber:PendingContractReview","Length input / count / selector: see physical field","PendingCatalogMapping","PendingCallSiteReview","Generated selected shape; face/side/row contract; inactive geometry does not affect active shape","CSystemSettingsReader -> geometry / rebar builder -> CSectionModel","NotRun","Inventoried:BehaviorNotAccepted"
"rngHollowRectangleGeometry.MainRebar.B - нижняя.n.Config!K166","rngHollowRectangleGeometry","Config!K166","UserInput","","","8","","TextOrNumber:PendingContractReview","Length input / count / selector: see physical field","PendingCatalogMapping","PendingCallSiteReview","Generated selected shape; face/side/row contract; inactive geometry does not affect active shape","CSystemSettingsReader -> geometry / rebar builder -> CSectionModel","NotRun","Inventoried:BehaviorNotAccepted"
"rngHollowRectangleGeometry.MainRebar.H_o - левая.as.Config!I167","rngHollowRectangleGeometry","Config!I167","UserInput","","","40","","TextOrNumber:PendingContractReview","Length input / count / selector: see physical field","PendingCatalogMapping","PendingCallSiteReview","Generated selected shape; face/side/row contract; inactive geometry does not affect active shape","CSystemSettingsReader -> geometry / rebar builder -> CSectionModel","NotRun","Inventoried:BehaviorNotAccepted"
"rngHollowRectangleGeometry.MainRebar.H_o - левая.d.Config!J167","rngHollowRectangleGeometry","Config!J167","UserInput","","","20","","TextOrNumber:PendingContractReview","Length input / count / selector: see physical field","PendingCatalogMapping","PendingCallSiteReview","Generated selected shape; face/side/row contract; inactive geometry does not affect active shape","CSystemSettingsReader -> geometry / rebar builder -> CSectionModel","NotRun","Inventoried:BehaviorNotAccepted"
"rngHollowRectangleGeometry.MainRebar.H_o - левая.n.Config!K167","rngHollowRectangleGeometry","Config!K167","NotEditable:NotApplicableCell","","","-","","TextOrNumber:PendingContractReview","Length input / count / selector: see physical field","PendingCatalogMapping","PendingCallSiteReview","Generated selected shape; face/side/row contract; inactive geometry does not affect active shape","CSystemSettingsReader -> geometry / rebar builder -> CSectionModel","NotRun","Inventoried:BehaviorNotAccepted"
"rngHollowRectangleGeometry.MainRebar.H_o - правая.as.Config!I168","rngHollowRectangleGeometry","Config!I168","UserInput","","","40","","TextOrNumber:PendingContractReview","Length input / count / selector: see physical field","PendingCatalogMapping","PendingCallSiteReview","Generated selected shape; face/side/row contract; inactive geometry does not affect active shape","CSystemSettingsReader -> geometry / rebar builder -> CSectionModel","NotRun","Inventoried:BehaviorNotAccepted"
"rngHollowRectangleGeometry.MainRebar.H_o - правая.d.Config!J168","rngHollowRectangleGeometry","Config!J168","UserInput","","","20","","TextOrNumber:PendingContractReview","Length input / count / selector: see physical field","PendingCatalogMapping","PendingCallSiteReview","Generated selected shape; face/side/row contract; inactive geometry does not affect active shape","CSystemSettingsReader -> geometry / rebar builder -> CSectionModel","NotRun","Inventoried:BehaviorNotAccepted"
"rngHollowRectangleGeometry.MainRebar.H_o - правая.n.Config!K168","rngHollowRectangleGeometry","Config!K168","NotEditable:NotApplicableCell","","","-","","TextOrNumber:PendingContractReview","Length input / count / selector: see physical field","PendingCatalogMapping","PendingCallSiteReview","Generated selected shape; face/side/row contract; inactive geometry does not affect active shape","CSystemSettingsReader -> geometry / rebar builder -> CSectionModel","NotRun","Inventoried:BehaviorNotAccepted"
"rngHollowRectangleGeometry.MainRebar.B_o - верхняя.as.Config!I169","rngHollowRectangleGeometry","Config!I169","UserInput","","","40","","TextOrNumber:PendingContractReview","Length input / count / selector: see physical field","PendingCatalogMapping","PendingCallSiteReview","Generated selected shape; face/side/row contract; inactive geometry does not affect active shape","CSystemSettingsReader -> geometry / rebar builder -> CSectionModel","NotRun","Inventoried:BehaviorNotAccepted"
"rngHollowRectangleGeometry.MainRebar.B_o - верхняя.d.Config!J169","rngHollowRectangleGeometry","Config!J169","UserInput","","","20","","TextOrNumber:PendingContractReview","Length input / count / selector: see physical field","PendingCatalogMapping","PendingCallSiteReview","Generated selected shape; face/side/row contract; inactive geometry does not affect active shape","CSystemSettingsReader -> geometry / rebar builder -> CSectionModel","NotRun","Inventoried:BehaviorNotAccepted"
"rngHollowRectangleGeometry.MainRebar.B_o - верхняя.n.Config!K169","rngHollowRectangleGeometry","Config!K169","NotEditable:NotApplicableCell","","","-","","TextOrNumber:PendingContractReview","Length input / count / selector: see physical field","PendingCatalogMapping","PendingCallSiteReview","Generated selected shape; face/side/row contract; inactive geometry does not affect active shape","CSystemSettingsReader -> geometry / rebar builder -> CSectionModel","NotRun","Inventoried:BehaviorNotAccepted"
"rngHollowRectangleGeometry.MainRebar.B_o - нижняя.as.Config!I170","rngHollowRectangleGeometry","Config!I170","UserInput","","","40","","TextOrNumber:PendingContractReview","Length input / count / selector: see physical field","PendingCatalogMapping","PendingCallSiteReview","Generated selected shape; face/side/row contract; inactive geometry does not affect active shape","CSystemSettingsReader -> geometry / rebar builder -> CSectionModel","NotRun","Inventoried:BehaviorNotAccepted"
"rngHollowRectangleGeometry.MainRebar.B_o - нижняя.d.Config!J170","rngHollowRectangleGeometry","Config!J170","UserInput","","","20","","TextOrNumber:PendingContractReview","Length input / count / selector: see physical field","PendingCatalogMapping","PendingCallSiteReview","Generated selected shape; face/side/row contract; inactive geometry does not affect active shape","CSystemSettingsReader -> geometry / rebar builder -> CSectionModel","NotRun","Inventoried:BehaviorNotAccepted"
"rngHollowRectangleGeometry.MainRebar.B_o - нижняя.n.Config!K170","rngHollowRectangleGeometry","Config!K170","NotEditable:NotApplicableCell","","","-","","TextOrNumber:PendingContractReview","Length input / count / selector: see physical field","PendingCatalogMapping","PendingCallSiteReview","Generated selected shape; face/side/row contract; inactive geometry does not affect active shape","CSystemSettingsReader -> geometry / rebar builder -> CSectionModel","NotRun","Inventoried:BehaviorNotAccepted"
"rngHollowRectangleGeometry.ExtraRebar.H - левая.d2.Config!I173","rngHollowRectangleGeometry","Config!I173","UserInput","","","","","TextOrNumber:PendingContractReview","Length input / count / selector: see physical field","PendingCatalogMapping","PendingCallSiteReview","Generated selected shape; face/side/row contract; inactive geometry does not affect active shape","CSystemSettingsReader -> geometry / rebar builder -> CSectionModel","NotRun","Inventoried:BehaviorNotAccepted"
"rngHollowRectangleGeometry.ExtraRebar.H - левая.положение.Config!J173","rngHollowRectangleGeometry","Config!J173","UserInput","","","Stacked","","list","Length input / count / selector: see physical field","PendingCatalogMapping","PendingCallSiteReview","Generated selected shape; face/side/row contract; inactive geometry does not affect active shape","CSystemSettingsReader -> geometry / rebar builder -> CSectionModel","NotRun","Inventoried:BehaviorNotAccepted"
"rngHollowRectangleGeometry.ExtraRebar.H - левая.привязка.Config!K173","rngHollowRectangleGeometry","Config!K173","UserInput","","","EachBar","","list","Length input / count / selector: see physical field","PendingCatalogMapping","PendingCallSiteReview","Generated selected shape; face/side/row contract; inactive geometry does not affect active shape","CSystemSettingsReader -> geometry / rebar builder -> CSectionModel","NotRun","Inventoried:BehaviorNotAccepted"
"rngHollowRectangleGeometry.ExtraRebar.H - левая.d3.Config!L173","rngHollowRectangleGeometry","Config!L173","UserInput","","","","","TextOrNumber:PendingContractReview","Length input / count / selector: see physical field","PendingCatalogMapping","PendingCallSiteReview","Generated selected shape; face/side/row contract; inactive geometry does not affect active shape","CSystemSettingsReader -> geometry / rebar builder -> CSectionModel","NotRun","Inventoried:BehaviorNotAccepted"
"rngHollowRectangleGeometry.ExtraRebar.H - левая.положение.Config!M173","rngHollowRectangleGeometry","Config!M173","UserInput","","","Stacked","","list","Length input / count / selector: see physical field","PendingCatalogMapping","PendingCallSiteReview","Generated selected shape; face/side/row contract; inactive geometry does not affect active shape","CSystemSettingsReader -> geometry / rebar builder -> CSectionModel","NotRun","Inventoried:BehaviorNotAccepted"
"rngHollowRectangleGeometry.ExtraRebar.H - левая.привязка.Config!N173","rngHollowRectangleGeometry","Config!N173","UserInput","","","EachBar","","list","Length input / count / selector: see physical field","PendingCatalogMapping","PendingCallSiteReview","Generated selected shape; face/side/row contract; inactive geometry does not affect active shape","CSystemSettingsReader -> geometry / rebar builder -> CSectionModel","NotRun","Inventoried:BehaviorNotAccepted"
"rngHollowRectangleGeometry.ExtraRebar.H - правая.d2.Config!I174","rngHollowRectangleGeometry","Config!I174","UserInput","","","","","TextOrNumber:PendingContractReview","Length input / count / selector: see physical field","PendingCatalogMapping","PendingCallSiteReview","Generated selected shape; face/side/row contract; inactive geometry does not affect active shape","CSystemSettingsReader -> geometry / rebar builder -> CSectionModel","NotRun","Inventoried:BehaviorNotAccepted"
"rngHollowRectangleGeometry.ExtraRebar.H - правая.положение.Config!J174","rngHollowRectangleGeometry","Config!J174","UserInput","","","Stacked","","list","Length input / count / selector: see physical field","PendingCatalogMapping","PendingCallSiteReview","Generated selected shape; face/side/row contract; inactive geometry does not affect active shape","CSystemSettingsReader -> geometry / rebar builder -> CSectionModel","NotRun","Inventoried:BehaviorNotAccepted"
"rngHollowRectangleGeometry.ExtraRebar.H - правая.привязка.Config!K174","rngHollowRectangleGeometry","Config!K174","UserInput","","","EachBar","","list","Length input / count / selector: see physical field","PendingCatalogMapping","PendingCallSiteReview","Generated selected shape; face/side/row contract; inactive geometry does not affect active shape","CSystemSettingsReader -> geometry / rebar builder -> CSectionModel","NotRun","Inventoried:BehaviorNotAccepted"
"rngHollowRectangleGeometry.ExtraRebar.H - правая.d3.Config!L174","rngHollowRectangleGeometry","Config!L174","UserInput","","","","","TextOrNumber:PendingContractReview","Length input / count / selector: see physical field","PendingCatalogMapping","PendingCallSiteReview","Generated selected shape; face/side/row contract; inactive geometry does not affect active shape","CSystemSettingsReader -> geometry / rebar builder -> CSectionModel","NotRun","Inventoried:BehaviorNotAccepted"
"rngHollowRectangleGeometry.ExtraRebar.H - правая.положение.Config!M174","rngHollowRectangleGeometry","Config!M174","UserInput","","","Stacked","","list","Length input / count / selector: see physical field","PendingCatalogMapping","PendingCallSiteReview","Generated selected shape; face/side/row contract; inactive geometry does not affect active shape","CSystemSettingsReader -> geometry / rebar builder -> CSectionModel","NotRun","Inventoried:BehaviorNotAccepted"
"rngHollowRectangleGeometry.ExtraRebar.H - правая.привязка.Config!N174","rngHollowRectangleGeometry","Config!N174","UserInput","","","EachBar","","list","Length input / count / selector: see physical field","PendingCatalogMapping","PendingCallSiteReview","Generated selected shape; face/side/row contract; inactive geometry does not affect active shape","CSystemSettingsReader -> geometry / rebar builder -> CSectionModel","NotRun","Inventoried:BehaviorNotAccepted"
"rngHollowRectangleGeometry.ExtraRebar.B - верхняя.d2.Config!I175","rngHollowRectangleGeometry","Config!I175","UserInput","","","","","TextOrNumber:PendingContractReview","Length input / count / selector: see physical field","PendingCatalogMapping","PendingCallSiteReview","Generated selected shape; face/side/row contract; inactive geometry does not affect active shape","CSystemSettingsReader -> geometry / rebar builder -> CSectionModel","NotRun","Inventoried:BehaviorNotAccepted"
"rngHollowRectangleGeometry.ExtraRebar.B - верхняя.положение.Config!J175","rngHollowRectangleGeometry","Config!J175","UserInput","","","Stacked","","list","Length input / count / selector: see physical field","PendingCatalogMapping","PendingCallSiteReview","Generated selected shape; face/side/row contract; inactive geometry does not affect active shape","CSystemSettingsReader -> geometry / rebar builder -> CSectionModel","NotRun","Inventoried:BehaviorNotAccepted"
"rngHollowRectangleGeometry.ExtraRebar.B - верхняя.привязка.Config!K175","rngHollowRectangleGeometry","Config!K175","UserInput","","","EachBar","","list","Length input / count / selector: see physical field","PendingCatalogMapping","PendingCallSiteReview","Generated selected shape; face/side/row contract; inactive geometry does not affect active shape","CSystemSettingsReader -> geometry / rebar builder -> CSectionModel","NotRun","Inventoried:BehaviorNotAccepted"
"rngHollowRectangleGeometry.ExtraRebar.B - верхняя.d3.Config!L175","rngHollowRectangleGeometry","Config!L175","UserInput","","","","","TextOrNumber:PendingContractReview","Length input / count / selector: see physical field","PendingCatalogMapping","PendingCallSiteReview","Generated selected shape; face/side/row contract; inactive geometry does not affect active shape","CSystemSettingsReader -> geometry / rebar builder -> CSectionModel","NotRun","Inventoried:BehaviorNotAccepted"
"rngHollowRectangleGeometry.ExtraRebar.B - верхняя.положение.Config!M175","rngHollowRectangleGeometry","Config!M175","UserInput","","","Stacked","","list","Length input / count / selector: see physical field","PendingCatalogMapping","PendingCallSiteReview","Generated selected shape; face/side/row contract; inactive geometry does not affect active shape","CSystemSettingsReader -> geometry / rebar builder -> CSectionModel","NotRun","Inventoried:BehaviorNotAccepted"
"rngHollowRectangleGeometry.ExtraRebar.B - верхняя.привязка.Config!N175","rngHollowRectangleGeometry","Config!N175","UserInput","","","EachBar","","list","Length input / count / selector: see physical field","PendingCatalogMapping","PendingCallSiteReview","Generated selected shape; face/side/row contract; inactive geometry does not affect active shape","CSystemSettingsReader -> geometry / rebar builder -> CSectionModel","NotRun","Inventoried:BehaviorNotAccepted"
"rngHollowRectangleGeometry.ExtraRebar.B - нижняя.d2.Config!I176","rngHollowRectangleGeometry","Config!I176","UserInput","","","","","TextOrNumber:PendingContractReview","Length input / count / selector: see physical field","PendingCatalogMapping","PendingCallSiteReview","Generated selected shape; face/side/row contract; inactive geometry does not affect active shape","CSystemSettingsReader -> geometry / rebar builder -> CSectionModel","NotRun","Inventoried:BehaviorNotAccepted"
"rngHollowRectangleGeometry.ExtraRebar.B - нижняя.положение.Config!J176","rngHollowRectangleGeometry","Config!J176","UserInput","","","Stacked","","list","Length input / count / selector: see physical field","PendingCatalogMapping","PendingCallSiteReview","Generated selected shape; face/side/row contract; inactive geometry does not affect active shape","CSystemSettingsReader -> geometry / rebar builder -> CSectionModel","NotRun","Inventoried:BehaviorNotAccepted"
"rngHollowRectangleGeometry.ExtraRebar.B - нижняя.привязка.Config!K176","rngHollowRectangleGeometry","Config!K176","UserInput","","","EachBar","","list","Length input / count / selector: see physical field","PendingCatalogMapping","PendingCallSiteReview","Generated selected shape; face/side/row contract; inactive geometry does not affect active shape","CSystemSettingsReader -> geometry / rebar builder -> CSectionModel","NotRun","Inventoried:BehaviorNotAccepted"
"rngHollowRectangleGeometry.ExtraRebar.B - нижняя.d3.Config!L176","rngHollowRectangleGeometry","Config!L176","UserInput","","","","","TextOrNumber:PendingContractReview","Length input / count / selector: see physical field","PendingCatalogMapping","PendingCallSiteReview","Generated selected shape; face/side/row contract; inactive geometry does not affect active shape","CSystemSettingsReader -> geometry / rebar builder -> CSectionModel","NotRun","Inventoried:BehaviorNotAccepted"
"rngHollowRectangleGeometry.ExtraRebar.B - нижняя.положение.Config!M176","rngHollowRectangleGeometry","Config!M176","UserInput","","","Stacked","","list","Length input / count / selector: see physical field","PendingCatalogMapping","PendingCallSiteReview","Generated selected shape; face/side/row contract; inactive geometry does not affect active shape","CSystemSettingsReader -> geometry / rebar builder -> CSectionModel","NotRun","Inventoried:BehaviorNotAccepted"
"rngHollowRectangleGeometry.ExtraRebar.B - нижняя.привязка.Config!N176","rngHollowRectangleGeometry","Config!N176","UserInput","","","EachBar","","list","Length input / count / selector: see physical field","PendingCatalogMapping","PendingCallSiteReview","Generated selected shape; face/side/row contract; inactive geometry does not affect active shape","CSystemSettingsReader -> geometry / rebar builder -> CSectionModel","NotRun","Inventoried:BehaviorNotAccepted"
"rngHollowRectangleGeometry.ExtraRebar.H_o - левая.d2.Config!I177","rngHollowRectangleGeometry","Config!I177","UserInput","","","","","TextOrNumber:PendingContractReview","Length input / count / selector: see physical field","PendingCatalogMapping","PendingCallSiteReview","Generated selected shape; face/side/row contract; inactive geometry does not affect active shape","CSystemSettingsReader -> geometry / rebar builder -> CSectionModel","NotRun","Inventoried:BehaviorNotAccepted"
"rngHollowRectangleGeometry.ExtraRebar.H_o - левая.положение.Config!J177","rngHollowRectangleGeometry","Config!J177","UserInput","","","Stacked","","list","Length input / count / selector: see physical field","PendingCatalogMapping","PendingCallSiteReview","Generated selected shape; face/side/row contract; inactive geometry does not affect active shape","CSystemSettingsReader -> geometry / rebar builder -> CSectionModel","NotRun","Inventoried:BehaviorNotAccepted"
"rngHollowRectangleGeometry.ExtraRebar.H_o - левая.привязка.Config!K177","rngHollowRectangleGeometry","Config!K177","UserInput","","","EachBar","","list","Length input / count / selector: see physical field","PendingCatalogMapping","PendingCallSiteReview","Generated selected shape; face/side/row contract; inactive geometry does not affect active shape","CSystemSettingsReader -> geometry / rebar builder -> CSectionModel","NotRun","Inventoried:BehaviorNotAccepted"
"rngHollowRectangleGeometry.ExtraRebar.H_o - левая.d3.Config!L177","rngHollowRectangleGeometry","Config!L177","UserInput","","","","","TextOrNumber:PendingContractReview","Length input / count / selector: see physical field","PendingCatalogMapping","PendingCallSiteReview","Generated selected shape; face/side/row contract; inactive geometry does not affect active shape","CSystemSettingsReader -> geometry / rebar builder -> CSectionModel","NotRun","Inventoried:BehaviorNotAccepted"
"rngHollowRectangleGeometry.ExtraRebar.H_o - левая.положение.Config!M177","rngHollowRectangleGeometry","Config!M177","UserInput","","","Stacked","","list","Length input / count / selector: see physical field","PendingCatalogMapping","PendingCallSiteReview","Generated selected shape; face/side/row contract; inactive geometry does not affect active shape","CSystemSettingsReader -> geometry / rebar builder -> CSectionModel","NotRun","Inventoried:BehaviorNotAccepted"
"rngHollowRectangleGeometry.ExtraRebar.H_o - левая.привязка.Config!N177","rngHollowRectangleGeometry","Config!N177","UserInput","","","EachBar","","list","Length input / count / selector: see physical field","PendingCatalogMapping","PendingCallSiteReview","Generated selected shape; face/side/row contract; inactive geometry does not affect active shape","CSystemSettingsReader -> geometry / rebar builder -> CSectionModel","NotRun","Inventoried:BehaviorNotAccepted"
"rngHollowRectangleGeometry.ExtraRebar.H_o - правая.d2.Config!I178","rngHollowRectangleGeometry","Config!I178","UserInput","","","","","TextOrNumber:PendingContractReview","Length input / count / selector: see physical field","PendingCatalogMapping","PendingCallSiteReview","Generated selected shape; face/side/row contract; inactive geometry does not affect active shape","CSystemSettingsReader -> geometry / rebar builder -> CSectionModel","NotRun","Inventoried:BehaviorNotAccepted"
"rngHollowRectangleGeometry.ExtraRebar.H_o - правая.положение.Config!J178","rngHollowRectangleGeometry","Config!J178","UserInput","","","Stacked","","list","Length input / count / selector: see physical field","PendingCatalogMapping","PendingCallSiteReview","Generated selected shape; face/side/row contract; inactive geometry does not affect active shape","CSystemSettingsReader -> geometry / rebar builder -> CSectionModel","NotRun","Inventoried:BehaviorNotAccepted"
"rngHollowRectangleGeometry.ExtraRebar.H_o - правая.привязка.Config!K178","rngHollowRectangleGeometry","Config!K178","UserInput","","","EachBar","","list","Length input / count / selector: see physical field","PendingCatalogMapping","PendingCallSiteReview","Generated selected shape; face/side/row contract; inactive geometry does not affect active shape","CSystemSettingsReader -> geometry / rebar builder -> CSectionModel","NotRun","Inventoried:BehaviorNotAccepted"
"rngHollowRectangleGeometry.ExtraRebar.H_o - правая.d3.Config!L178","rngHollowRectangleGeometry","Config!L178","UserInput","","","","","TextOrNumber:PendingContractReview","Length input / count / selector: see physical field","PendingCatalogMapping","PendingCallSiteReview","Generated selected shape; face/side/row contract; inactive geometry does not affect active shape","CSystemSettingsReader -> geometry / rebar builder -> CSectionModel","NotRun","Inventoried:BehaviorNotAccepted"
"rngHollowRectangleGeometry.ExtraRebar.H_o - правая.положение.Config!M178","rngHollowRectangleGeometry","Config!M178","UserInput","","","Stacked","","list","Length input / count / selector: see physical field","PendingCatalogMapping","PendingCallSiteReview","Generated selected shape; face/side/row contract; inactive geometry does not affect active shape","CSystemSettingsReader -> geometry / rebar builder -> CSectionModel","NotRun","Inventoried:BehaviorNotAccepted"
"rngHollowRectangleGeometry.ExtraRebar.H_o - правая.привязка.Config!N178","rngHollowRectangleGeometry","Config!N178","UserInput","","","EachBar","","list","Length input / count / selector: see physical field","PendingCatalogMapping","PendingCallSiteReview","Generated selected shape; face/side/row contract; inactive geometry does not affect active shape","CSystemSettingsReader -> geometry / rebar builder -> CSectionModel","NotRun","Inventoried:BehaviorNotAccepted"
"rngHollowRectangleGeometry.ExtraRebar.B_o - верхняя.d2.Config!I179","rngHollowRectangleGeometry","Config!I179","UserInput","","","","","TextOrNumber:PendingContractReview","Length input / count / selector: see physical field","PendingCatalogMapping","PendingCallSiteReview","Generated selected shape; face/side/row contract; inactive geometry does not affect active shape","CSystemSettingsReader -> geometry / rebar builder -> CSectionModel","NotRun","Inventoried:BehaviorNotAccepted"
"rngHollowRectangleGeometry.ExtraRebar.B_o - верхняя.положение.Config!J179","rngHollowRectangleGeometry","Config!J179","UserInput","","","Stacked","","list","Length input / count / selector: see physical field","PendingCatalogMapping","PendingCallSiteReview","Generated selected shape; face/side/row contract; inactive geometry does not affect active shape","CSystemSettingsReader -> geometry / rebar builder -> CSectionModel","NotRun","Inventoried:BehaviorNotAccepted"
"rngHollowRectangleGeometry.ExtraRebar.B_o - верхняя.привязка.Config!K179","rngHollowRectangleGeometry","Config!K179","UserInput","","","EachBar","","list","Length input / count / selector: see physical field","PendingCatalogMapping","PendingCallSiteReview","Generated selected shape; face/side/row contract; inactive geometry does not affect active shape","CSystemSettingsReader -> geometry / rebar builder -> CSectionModel","NotRun","Inventoried:BehaviorNotAccepted"
"rngHollowRectangleGeometry.ExtraRebar.B_o - верхняя.d3.Config!L179","rngHollowRectangleGeometry","Config!L179","UserInput","","","","","TextOrNumber:PendingContractReview","Length input / count / selector: see physical field","PendingCatalogMapping","PendingCallSiteReview","Generated selected shape; face/side/row contract; inactive geometry does not affect active shape","CSystemSettingsReader -> geometry / rebar builder -> CSectionModel","NotRun","Inventoried:BehaviorNotAccepted"
"rngHollowRectangleGeometry.ExtraRebar.B_o - верхняя.положение.Config!M179","rngHollowRectangleGeometry","Config!M179","UserInput","","","Stacked","","list","Length input / count / selector: see physical field","PendingCatalogMapping","PendingCallSiteReview","Generated selected shape; face/side/row contract; inactive geometry does not affect active shape","CSystemSettingsReader -> geometry / rebar builder -> CSectionModel","NotRun","Inventoried:BehaviorNotAccepted"
"rngHollowRectangleGeometry.ExtraRebar.B_o - верхняя.привязка.Config!N179","rngHollowRectangleGeometry","Config!N179","UserInput","","","EachBar","","list","Length input / count / selector: see physical field","PendingCatalogMapping","PendingCallSiteReview","Generated selected shape; face/side/row contract; inactive geometry does not affect active shape","CSystemSettingsReader -> geometry / rebar builder -> CSectionModel","NotRun","Inventoried:BehaviorNotAccepted"
"rngHollowRectangleGeometry.ExtraRebar.B_o - нижняя.d2.Config!I180","rngHollowRectangleGeometry","Config!I180","UserInput","","","","","TextOrNumber:PendingContractReview","Length input / count / selector: see physical field","PendingCatalogMapping","PendingCallSiteReview","Generated selected shape; face/side/row contract; inactive geometry does not affect active shape","CSystemSettingsReader -> geometry / rebar builder -> CSectionModel","NotRun","Inventoried:BehaviorNotAccepted"
"rngHollowRectangleGeometry.ExtraRebar.B_o - нижняя.положение.Config!J180","rngHollowRectangleGeometry","Config!J180","UserInput","","","Stacked","","list","Length input / count / selector: see physical field","PendingCatalogMapping","PendingCallSiteReview","Generated selected shape; face/side/row contract; inactive geometry does not affect active shape","CSystemSettingsReader -> geometry / rebar builder -> CSectionModel","NotRun","Inventoried:BehaviorNotAccepted"
"rngHollowRectangleGeometry.ExtraRebar.B_o - нижняя.привязка.Config!K180","rngHollowRectangleGeometry","Config!K180","UserInput","","","EachBar","","list","Length input / count / selector: see physical field","PendingCatalogMapping","PendingCallSiteReview","Generated selected shape; face/side/row contract; inactive geometry does not affect active shape","CSystemSettingsReader -> geometry / rebar builder -> CSectionModel","NotRun","Inventoried:BehaviorNotAccepted"
"rngHollowRectangleGeometry.ExtraRebar.B_o - нижняя.d3.Config!L180","rngHollowRectangleGeometry","Config!L180","UserInput","","","","","TextOrNumber:PendingContractReview","Length input / count / selector: see physical field","PendingCatalogMapping","PendingCallSiteReview","Generated selected shape; face/side/row contract; inactive geometry does not affect active shape","CSystemSettingsReader -> geometry / rebar builder -> CSectionModel","NotRun","Inventoried:BehaviorNotAccepted"
"rngHollowRectangleGeometry.ExtraRebar.B_o - нижняя.положение.Config!M180","rngHollowRectangleGeometry","Config!M180","UserInput","","","Stacked","","list","Length input / count / selector: see physical field","PendingCatalogMapping","PendingCallSiteReview","Generated selected shape; face/side/row contract; inactive geometry does not affect active shape","CSystemSettingsReader -> geometry / rebar builder -> CSectionModel","NotRun","Inventoried:BehaviorNotAccepted"
"rngHollowRectangleGeometry.ExtraRebar.B_o - нижняя.привязка.Config!N180","rngHollowRectangleGeometry","Config!N180","UserInput","","","EachBar","","list","Length input / count / selector: see physical field","PendingCatalogMapping","PendingCallSiteReview","Generated selected shape; face/side/row contract; inactive geometry does not affect active shape","CSystemSettingsReader -> geometry / rebar builder -> CSectionModel","NotRun","Inventoried:BehaviorNotAccepted"
"rngRectSetGeometry.General.RectSet.SectionType.Значение.Config!I100","rngRectSetGeometry","Config!I100","UserInput","","","LSection","","list","Length input / count / selector: see physical field","PendingCatalogMapping","PendingCallSiteReview","Generated selected shape; face/side/row contract; inactive geometry does not affect active shape","CSystemSettingsReader -> geometry / rebar builder -> CSectionModel","NotRun","Inventoried:BehaviorNotAccepted"
"rngRectSetGeometry.General.RectSet.UpperOffsetX.Значение.Config!I101","rngRectSetGeometry","Config!I101","UserInput","","","0","","TextOrNumber:PendingContractReview","Length input / count / selector: see physical field","PendingCatalogMapping","PendingCallSiteReview","Generated selected shape; face/side/row contract; inactive geometry does not affect active shape","CSystemSettingsReader -> geometry / rebar builder -> CSectionModel","NotRun","Inventoried:BehaviorNotAccepted"
"rngRectSetGeometry.Dimensions.550.H1.Config!H105","rngRectSetGeometry","Config!H105","UserInput","","","550","","TextOrNumber:PendingContractReview","Length input / count / selector: see physical field","PendingCatalogMapping","PendingCallSiteReview","Generated selected shape; face/side/row contract; inactive geometry does not affect active shape","CSystemSettingsReader -> geometry / rebar builder -> CSectionModel","NotRun","Inventoried:BehaviorNotAccepted"
"rngRectSetGeometry.Dimensions.550.B1.Config!I105","rngRectSetGeometry","Config!I105","UserInput","","","250","","TextOrNumber:PendingContractReview","Length input / count / selector: see physical field","PendingCatalogMapping","PendingCallSiteReview","Generated selected shape; face/side/row contract; inactive geometry does not affect active shape","CSystemSettingsReader -> geometry / rebar builder -> CSectionModel","NotRun","Inventoried:BehaviorNotAccepted"
"rngRectSetGeometry.Dimensions.550.H2.Config!J105","rngRectSetGeometry","Config!J105","UserInput","","","250","","TextOrNumber:PendingContractReview","Length input / count / selector: see physical field","PendingCatalogMapping","PendingCallSiteReview","Generated selected shape; face/side/row contract; inactive geometry does not affect active shape","CSystemSettingsReader -> geometry / rebar builder -> CSectionModel","NotRun","Inventoried:BehaviorNotAccepted"
"rngRectSetGeometry.Dimensions.550.B2.Config!K105","rngRectSetGeometry","Config!K105","UserInput","","","600","","TextOrNumber:PendingContractReview","Length input / count / selector: see physical field","PendingCatalogMapping","PendingCallSiteReview","Generated selected shape; face/side/row contract; inactive geometry does not affect active shape","CSystemSettingsReader -> geometry / rebar builder -> CSectionModel","NotRun","Inventoried:BehaviorNotAccepted"
"rngRectSetGeometry.MainRebar.H1 - левая.as.Config!I108","rngRectSetGeometry","Config!I108","UserInput","","","40","","TextOrNumber:PendingContractReview","Length input / count / selector: see physical field","PendingCatalogMapping","PendingCallSiteReview","Generated selected shape; face/side/row contract; inactive geometry does not affect active shape","CSystemSettingsReader -> geometry / rebar builder -> CSectionModel","NotRun","Inventoried:BehaviorNotAccepted"
"rngRectSetGeometry.MainRebar.H1 - левая.d.Config!J108","rngRectSetGeometry","Config!J108","UserInput","","","32","","TextOrNumber:PendingContractReview","Length input / count / selector: see physical field","PendingCatalogMapping","PendingCallSiteReview","Generated selected shape; face/side/row contract; inactive geometry does not affect active shape","CSystemSettingsReader -> geometry / rebar builder -> CSectionModel","NotRun","Inventoried:BehaviorNotAccepted"
"rngRectSetGeometry.MainRebar.H1 - левая.n.Config!K108","rngRectSetGeometry","Config!K108","UserInput","","","5","","TextOrNumber:PendingContractReview","Length input / count / selector: see physical field","PendingCatalogMapping","PendingCallSiteReview","Generated selected shape; face/side/row contract; inactive geometry does not affect active shape","CSystemSettingsReader -> geometry / rebar builder -> CSectionModel","NotRun","Inventoried:BehaviorNotAccepted"
"rngRectSetGeometry.MainRebar.H1 - левая.t нач..Config!L108","rngRectSetGeometry","Config!L108","UserInput","","","80","","TextOrNumber:PendingContractReview","Length input / count / selector: see physical field","PendingCatalogMapping","PendingCallSiteReview","Generated selected shape; face/side/row contract; inactive geometry does not affect active shape","CSystemSettingsReader -> geometry / rebar builder -> CSectionModel","NotRun","Inventoried:BehaviorNotAccepted"
"rngRectSetGeometry.MainRebar.H1 - левая.t кон..Config!M108","rngRectSetGeometry","Config!M108","UserInput","","","80","","TextOrNumber:PendingContractReview","Length input / count / selector: see physical field","PendingCatalogMapping","PendingCallSiteReview","Generated selected shape; face/side/row contract; inactive geometry does not affect active shape","CSystemSettingsReader -> geometry / rebar builder -> CSectionModel","NotRun","Inventoried:BehaviorNotAccepted"
"rngRectSetGeometry.MainRebar.H1 - правая.as.Config!I109","rngRectSetGeometry","Config!I109","UserInput","","","40","","TextOrNumber:PendingContractReview","Length input / count / selector: see physical field","PendingCatalogMapping","PendingCallSiteReview","Generated selected shape; face/side/row contract; inactive geometry does not affect active shape","CSystemSettingsReader -> geometry / rebar builder -> CSectionModel","NotRun","Inventoried:BehaviorNotAccepted"
"rngRectSetGeometry.MainRebar.H1 - правая.d.Config!J109","rngRectSetGeometry","Config!J109","UserInput","","","32","","TextOrNumber:PendingContractReview","Length input / count / selector: see physical field","PendingCatalogMapping","PendingCallSiteReview","Generated selected shape; face/side/row contract; inactive geometry does not affect active shape","CSystemSettingsReader -> geometry / rebar builder -> CSectionModel","NotRun","Inventoried:BehaviorNotAccepted"
"rngRectSetGeometry.MainRebar.H1 - правая.n.Config!K109","rngRectSetGeometry","Config!K109","UserInput","","","5","","TextOrNumber:PendingContractReview","Length input / count / selector: see physical field","PendingCatalogMapping","PendingCallSiteReview","Generated selected shape; face/side/row contract; inactive geometry does not affect active shape","CSystemSettingsReader -> geometry / rebar builder -> CSectionModel","NotRun","Inventoried:BehaviorNotAccepted"
"rngRectSetGeometry.MainRebar.H1 - правая.t нач..Config!L109","rngRectSetGeometry","Config!L109","UserInput","","","80","","TextOrNumber:PendingContractReview","Length input / count / selector: see physical field","PendingCatalogMapping","PendingCallSiteReview","Generated selected shape; face/side/row contract; inactive geometry does not affect active shape","CSystemSettingsReader -> geometry / rebar builder -> CSectionModel","NotRun","Inventoried:BehaviorNotAccepted"
"rngRectSetGeometry.MainRebar.H1 - правая.t кон..Config!M109","rngRectSetGeometry","Config!M109","UserInput","","","80","","TextOrNumber:PendingContractReview","Length input / count / selector: see physical field","PendingCatalogMapping","PendingCallSiteReview","Generated selected shape; face/side/row contract; inactive geometry does not affect active shape","CSystemSettingsReader -> geometry / rebar builder -> CSectionModel","NotRun","Inventoried:BehaviorNotAccepted"
"rngRectSetGeometry.MainRebar.B1 - верхняя.as.Config!I110","rngRectSetGeometry","Config!I110","UserInput","","","40","","TextOrNumber:PendingContractReview","Length input / count / selector: see physical field","PendingCatalogMapping","PendingCallSiteReview","Generated selected shape; face/side/row contract; inactive geometry does not affect active shape","CSystemSettingsReader -> geometry / rebar builder -> CSectionModel","NotRun","Inventoried:BehaviorNotAccepted"
"rngRectSetGeometry.MainRebar.B1 - верхняя.d.Config!J110","rngRectSetGeometry","Config!J110","UserInput","","","32","","TextOrNumber:PendingContractReview","Length input / count / selector: see physical field","PendingCatalogMapping","PendingCallSiteReview","Generated selected shape; face/side/row contract; inactive geometry does not affect active shape","CSystemSettingsReader -> geometry / rebar builder -> CSectionModel","NotRun","Inventoried:BehaviorNotAccepted"
"rngRectSetGeometry.MainRebar.B1 - верхняя.n.Config!K110","rngRectSetGeometry","Config!K110","UserInput","","","2","","TextOrNumber:PendingContractReview","Length input / count / selector: see physical field","PendingCatalogMapping","PendingCallSiteReview","Generated selected shape; face/side/row contract; inactive geometry does not affect active shape","CSystemSettingsReader -> geometry / rebar builder -> CSectionModel","NotRun","Inventoried:BehaviorNotAccepted"
"rngRectSetGeometry.MainRebar.B1 - верхняя.t нач..Config!L110","rngRectSetGeometry","Config!L110","UserInput","","","80","","TextOrNumber:PendingContractReview","Length input / count / selector: see physical field","PendingCatalogMapping","PendingCallSiteReview","Generated selected shape; face/side/row contract; inactive geometry does not affect active shape","CSystemSettingsReader -> geometry / rebar builder -> CSectionModel","NotRun","Inventoried:BehaviorNotAccepted"
"rngRectSetGeometry.MainRebar.B1 - верхняя.t кон..Config!M110","rngRectSetGeometry","Config!M110","UserInput","","","80","","TextOrNumber:PendingContractReview","Length input / count / selector: see physical field","PendingCatalogMapping","PendingCallSiteReview","Generated selected shape; face/side/row contract; inactive geometry does not affect active shape","CSystemSettingsReader -> geometry / rebar builder -> CSectionModel","NotRun","Inventoried:BehaviorNotAccepted"
"rngRectSetGeometry.MainRebar.B1 - нижняя.as.Config!I111","rngRectSetGeometry","Config!I111","UserInput","","","40","","TextOrNumber:PendingContractReview","Length input / count / selector: see physical field","PendingCatalogMapping","PendingCallSiteReview","Generated selected shape; face/side/row contract; inactive geometry does not affect active shape","CSystemSettingsReader -> geometry / rebar builder -> CSectionModel","NotRun","Inventoried:BehaviorNotAccepted"
"rngRectSetGeometry.MainRebar.B1 - нижняя.d.Config!J111","rngRectSetGeometry","Config!J111","UserInput","","","32","","TextOrNumber:PendingContractReview","Length input / count / selector: see physical field","PendingCatalogMapping","PendingCallSiteReview","Generated selected shape; face/side/row contract; inactive geometry does not affect active shape","CSystemSettingsReader -> geometry / rebar builder -> CSectionModel","NotRun","Inventoried:BehaviorNotAccepted"
"rngRectSetGeometry.MainRebar.B1 - нижняя.n.Config!K111","rngRectSetGeometry","Config!K111","UserInput","","","2","","TextOrNumber:PendingContractReview","Length input / count / selector: see physical field","PendingCatalogMapping","PendingCallSiteReview","Generated selected shape; face/side/row contract; inactive geometry does not affect active shape","CSystemSettingsReader -> geometry / rebar builder -> CSectionModel","NotRun","Inventoried:BehaviorNotAccepted"
"rngRectSetGeometry.MainRebar.B1 - нижняя.t нач..Config!L111","rngRectSetGeometry","Config!L111","UserInput","","","80","","TextOrNumber:PendingContractReview","Length input / count / selector: see physical field","PendingCatalogMapping","PendingCallSiteReview","Generated selected shape; face/side/row contract; inactive geometry does not affect active shape","CSystemSettingsReader -> geometry / rebar builder -> CSectionModel","NotRun","Inventoried:BehaviorNotAccepted"
"rngRectSetGeometry.MainRebar.B1 - нижняя.t кон..Config!M111","rngRectSetGeometry","Config!M111","UserInput","","","80","","TextOrNumber:PendingContractReview","Length input / count / selector: see physical field","PendingCatalogMapping","PendingCallSiteReview","Generated selected shape; face/side/row contract; inactive geometry does not affect active shape","CSystemSettingsReader -> geometry / rebar builder -> CSectionModel","NotRun","Inventoried:BehaviorNotAccepted"
"rngRectSetGeometry.MainRebar.H2 - левая.as.Config!I112","rngRectSetGeometry","Config!I112","UserInput","","","40","","TextOrNumber:PendingContractReview","Length input / count / selector: see physical field","PendingCatalogMapping","PendingCallSiteReview","Generated selected shape; face/side/row contract; inactive geometry does not affect active shape","CSystemSettingsReader -> geometry / rebar builder -> CSectionModel","NotRun","Inventoried:BehaviorNotAccepted"
"rngRectSetGeometry.MainRebar.H2 - левая.d.Config!J112","rngRectSetGeometry","Config!J112","UserInput","","","32","","TextOrNumber:PendingContractReview","Length input / count / selector: see physical field","PendingCatalogMapping","PendingCallSiteReview","Generated selected shape; face/side/row contract; inactive geometry does not affect active shape","CSystemSettingsReader -> geometry / rebar builder -> CSectionModel","NotRun","Inventoried:BehaviorNotAccepted"
"rngRectSetGeometry.MainRebar.H2 - левая.n.Config!K112","rngRectSetGeometry","Config!K112","UserInput","","","2","","TextOrNumber:PendingContractReview","Length input / count / selector: see physical field","PendingCatalogMapping","PendingCallSiteReview","Generated selected shape; face/side/row contract; inactive geometry does not affect active shape","CSystemSettingsReader -> geometry / rebar builder -> CSectionModel","NotRun","Inventoried:BehaviorNotAccepted"
"rngRectSetGeometry.MainRebar.H2 - левая.t нач..Config!L112","rngRectSetGeometry","Config!L112","UserInput","","","80","","TextOrNumber:PendingContractReview","Length input / count / selector: see physical field","PendingCatalogMapping","PendingCallSiteReview","Generated selected shape; face/side/row contract; inactive geometry does not affect active shape","CSystemSettingsReader -> geometry / rebar builder -> CSectionModel","NotRun","Inventoried:BehaviorNotAccepted"
"rngRectSetGeometry.MainRebar.H2 - левая.t кон..Config!M112","rngRectSetGeometry","Config!M112","UserInput","","","80","","TextOrNumber:PendingContractReview","Length input / count / selector: see physical field","PendingCatalogMapping","PendingCallSiteReview","Generated selected shape; face/side/row contract; inactive geometry does not affect active shape","CSystemSettingsReader -> geometry / rebar builder -> CSectionModel","NotRun","Inventoried:BehaviorNotAccepted"
"rngRectSetGeometry.MainRebar.H2 - правая.as.Config!I113","rngRectSetGeometry","Config!I113","UserInput","","","40","","TextOrNumber:PendingContractReview","Length input / count / selector: see physical field","PendingCatalogMapping","PendingCallSiteReview","Generated selected shape; face/side/row contract; inactive geometry does not affect active shape","CSystemSettingsReader -> geometry / rebar builder -> CSectionModel","NotRun","Inventoried:BehaviorNotAccepted"
"rngRectSetGeometry.MainRebar.H2 - правая.d.Config!J113","rngRectSetGeometry","Config!J113","UserInput","","","32","","TextOrNumber:PendingContractReview","Length input / count / selector: see physical field","PendingCatalogMapping","PendingCallSiteReview","Generated selected shape; face/side/row contract; inactive geometry does not affect active shape","CSystemSettingsReader -> geometry / rebar builder -> CSectionModel","NotRun","Inventoried:BehaviorNotAccepted"
"rngRectSetGeometry.MainRebar.H2 - правая.n.Config!K113","rngRectSetGeometry","Config!K113","UserInput","","","2","","TextOrNumber:PendingContractReview","Length input / count / selector: see physical field","PendingCatalogMapping","PendingCallSiteReview","Generated selected shape; face/side/row contract; inactive geometry does not affect active shape","CSystemSettingsReader -> geometry / rebar builder -> CSectionModel","NotRun","Inventoried:BehaviorNotAccepted"
"rngRectSetGeometry.MainRebar.H2 - правая.t нач..Config!L113","rngRectSetGeometry","Config!L113","UserInput","","","80","","TextOrNumber:PendingContractReview","Length input / count / selector: see physical field","PendingCatalogMapping","PendingCallSiteReview","Generated selected shape; face/side/row contract; inactive geometry does not affect active shape","CSystemSettingsReader -> geometry / rebar builder -> CSectionModel","NotRun","Inventoried:BehaviorNotAccepted"
"rngRectSetGeometry.MainRebar.H2 - правая.t кон..Config!M113","rngRectSetGeometry","Config!M113","UserInput","","","80","","TextOrNumber:PendingContractReview","Length input / count / selector: see physical field","PendingCatalogMapping","PendingCallSiteReview","Generated selected shape; face/side/row contract; inactive geometry does not affect active shape","CSystemSettingsReader -> geometry / rebar builder -> CSectionModel","NotRun","Inventoried:BehaviorNotAccepted"
"rngRectSetGeometry.MainRebar.B2 - верхняя.as.Config!I114","rngRectSetGeometry","Config!I114","UserInput","","","40","","TextOrNumber:PendingContractReview","Length input / count / selector: see physical field","PendingCatalogMapping","PendingCallSiteReview","Generated selected shape; face/side/row contract; inactive geometry does not affect active shape","CSystemSettingsReader -> geometry / rebar builder -> CSectionModel","NotRun","Inventoried:BehaviorNotAccepted"
"rngRectSetGeometry.MainRebar.B2 - верхняя.d.Config!J114","rngRectSetGeometry","Config!J114","UserInput","","","32","","TextOrNumber:PendingContractReview","Length input / count / selector: see physical field","PendingCatalogMapping","PendingCallSiteReview","Generated selected shape; face/side/row contract; inactive geometry does not affect active shape","CSystemSettingsReader -> geometry / rebar builder -> CSectionModel","NotRun","Inventoried:BehaviorNotAccepted"
"rngRectSetGeometry.MainRebar.B2 - верхняя.n.Config!K114","rngRectSetGeometry","Config!K114","UserInput","","","5","","TextOrNumber:PendingContractReview","Length input / count / selector: see physical field","PendingCatalogMapping","PendingCallSiteReview","Generated selected shape; face/side/row contract; inactive geometry does not affect active shape","CSystemSettingsReader -> geometry / rebar builder -> CSectionModel","NotRun","Inventoried:BehaviorNotAccepted"
"rngRectSetGeometry.MainRebar.B2 - верхняя.t нач..Config!L114","rngRectSetGeometry","Config!L114","UserInput","","","80","","TextOrNumber:PendingContractReview","Length input / count / selector: see physical field","PendingCatalogMapping","PendingCallSiteReview","Generated selected shape; face/side/row contract; inactive geometry does not affect active shape","CSystemSettingsReader -> geometry / rebar builder -> CSectionModel","NotRun","Inventoried:BehaviorNotAccepted"
"rngRectSetGeometry.MainRebar.B2 - верхняя.t кон..Config!M114","rngRectSetGeometry","Config!M114","UserInput","","","80","","TextOrNumber:PendingContractReview","Length input / count / selector: see physical field","PendingCatalogMapping","PendingCallSiteReview","Generated selected shape; face/side/row contract; inactive geometry does not affect active shape","CSystemSettingsReader -> geometry / rebar builder -> CSectionModel","NotRun","Inventoried:BehaviorNotAccepted"
"rngRectSetGeometry.MainRebar.B2 - нижняя.as.Config!I115","rngRectSetGeometry","Config!I115","UserInput","","","40","","TextOrNumber:PendingContractReview","Length input / count / selector: see physical field","PendingCatalogMapping","PendingCallSiteReview","Generated selected shape; face/side/row contract; inactive geometry does not affect active shape","CSystemSettingsReader -> geometry / rebar builder -> CSectionModel","NotRun","Inventoried:BehaviorNotAccepted"
"rngRectSetGeometry.MainRebar.B2 - нижняя.d.Config!J115","rngRectSetGeometry","Config!J115","UserInput","","","32","","TextOrNumber:PendingContractReview","Length input / count / selector: see physical field","PendingCatalogMapping","PendingCallSiteReview","Generated selected shape; face/side/row contract; inactive geometry does not affect active shape","CSystemSettingsReader -> geometry / rebar builder -> CSectionModel","NotRun","Inventoried:BehaviorNotAccepted"
"rngRectSetGeometry.MainRebar.B2 - нижняя.n.Config!K115","rngRectSetGeometry","Config!K115","UserInput","","","5","","TextOrNumber:PendingContractReview","Length input / count / selector: see physical field","PendingCatalogMapping","PendingCallSiteReview","Generated selected shape; face/side/row contract; inactive geometry does not affect active shape","CSystemSettingsReader -> geometry / rebar builder -> CSectionModel","NotRun","Inventoried:BehaviorNotAccepted"
"rngRectSetGeometry.MainRebar.B2 - нижняя.t нач..Config!L115","rngRectSetGeometry","Config!L115","UserInput","","","80","","TextOrNumber:PendingContractReview","Length input / count / selector: see physical field","PendingCatalogMapping","PendingCallSiteReview","Generated selected shape; face/side/row contract; inactive geometry does not affect active shape","CSystemSettingsReader -> geometry / rebar builder -> CSectionModel","NotRun","Inventoried:BehaviorNotAccepted"
"rngRectSetGeometry.MainRebar.B2 - нижняя.t кон..Config!M115","rngRectSetGeometry","Config!M115","UserInput","","","80","","TextOrNumber:PendingContractReview","Length input / count / selector: see physical field","PendingCatalogMapping","PendingCallSiteReview","Generated selected shape; face/side/row contract; inactive geometry does not affect active shape","CSystemSettingsReader -> geometry / rebar builder -> CSectionModel","NotRun","Inventoried:BehaviorNotAccepted"
"rngRectSetGeometry.ExtraRebar.H1 - левая.d2.Config!I118","rngRectSetGeometry","Config!I118","UserInput","","","","","TextOrNumber:PendingContractReview","Length input / count / selector: see physical field","PendingCatalogMapping","PendingCallSiteReview","Generated selected shape; face/side/row contract; inactive geometry does not affect active shape","CSystemSettingsReader -> geometry / rebar builder -> CSectionModel","NotRun","Inventoried:BehaviorNotAccepted"
"rngRectSetGeometry.ExtraRebar.H1 - левая.положение.Config!J118","rngRectSetGeometry","Config!J118","UserInput","J118:J119","J118","Stacked","","list","Length input / count / selector: see physical field","PendingCatalogMapping","PendingCallSiteReview","Generated selected shape; face/side/row contract; inactive geometry does not affect active shape","CSystemSettingsReader -> geometry / rebar builder -> CSectionModel","NotRun","Inventoried:BehaviorNotAccepted"
"rngRectSetGeometry.ExtraRebar.H1 - левая.привязка.Config!K118","rngRectSetGeometry","Config!K118","UserInput","K118:K119","K118","EachBar","","list","Length input / count / selector: see physical field","PendingCatalogMapping","PendingCallSiteReview","Generated selected shape; face/side/row contract; inactive geometry does not affect active shape","CSystemSettingsReader -> geometry / rebar builder -> CSectionModel","NotRun","Inventoried:BehaviorNotAccepted"
"rngRectSetGeometry.ExtraRebar.H1 - левая.d3.Config!L118","rngRectSetGeometry","Config!L118","UserInput","","","","","TextOrNumber:PendingContractReview","Length input / count / selector: see physical field","PendingCatalogMapping","PendingCallSiteReview","Generated selected shape; face/side/row contract; inactive geometry does not affect active shape","CSystemSettingsReader -> geometry / rebar builder -> CSectionModel","NotRun","Inventoried:BehaviorNotAccepted"
"rngRectSetGeometry.ExtraRebar.H1 - левая.положение.Config!M118","rngRectSetGeometry","Config!M118","UserInput","M118:M119","M118","Stacked","","list","Length input / count / selector: see physical field","PendingCatalogMapping","PendingCallSiteReview","Generated selected shape; face/side/row contract; inactive geometry does not affect active shape","CSystemSettingsReader -> geometry / rebar builder -> CSectionModel","NotRun","Inventoried:BehaviorNotAccepted"
"rngRectSetGeometry.ExtraRebar.H1 - левая.привязка.Config!N118","rngRectSetGeometry","Config!N118","UserInput","N118:N119","N118","EachBar","","list","Length input / count / selector: see physical field","PendingCatalogMapping","PendingCallSiteReview","Generated selected shape; face/side/row contract; inactive geometry does not affect active shape","CSystemSettingsReader -> geometry / rebar builder -> CSectionModel","NotRun","Inventoried:BehaviorNotAccepted"
"rngRectSetGeometry.ExtraRebar.H1 - правая.d2.Config!I119","rngRectSetGeometry","Config!I119","UserInput","","","","","TextOrNumber:PendingContractReview","Length input / count / selector: see physical field","PendingCatalogMapping","PendingCallSiteReview","Generated selected shape; face/side/row contract; inactive geometry does not affect active shape","CSystemSettingsReader -> geometry / rebar builder -> CSectionModel","NotRun","Inventoried:BehaviorNotAccepted"
"rngRectSetGeometry.ExtraRebar.H1 - правая.положение.Config!J119","rngRectSetGeometry","Config!J119","NotEditable:MergedFollower","J118:J119","J118","","","MergedFollower","Length input / count / selector: see physical field","PendingCatalogMapping","PendingCallSiteReview","Generated selected shape; face/side/row contract; inactive geometry does not affect active shape","CSystemSettingsReader -> geometry / rebar builder -> CSectionModel","NotRun","Inventoried:BehaviorNotAccepted"
"rngRectSetGeometry.ExtraRebar.H1 - правая.привязка.Config!K119","rngRectSetGeometry","Config!K119","NotEditable:MergedFollower","K118:K119","K118","","","MergedFollower","Length input / count / selector: see physical field","PendingCatalogMapping","PendingCallSiteReview","Generated selected shape; face/side/row contract; inactive geometry does not affect active shape","CSystemSettingsReader -> geometry / rebar builder -> CSectionModel","NotRun","Inventoried:BehaviorNotAccepted"
"rngRectSetGeometry.ExtraRebar.H1 - правая.d3.Config!L119","rngRectSetGeometry","Config!L119","UserInput","","","","","TextOrNumber:PendingContractReview","Length input / count / selector: see physical field","PendingCatalogMapping","PendingCallSiteReview","Generated selected shape; face/side/row contract; inactive geometry does not affect active shape","CSystemSettingsReader -> geometry / rebar builder -> CSectionModel","NotRun","Inventoried:BehaviorNotAccepted"
"rngRectSetGeometry.ExtraRebar.H1 - правая.положение.Config!M119","rngRectSetGeometry","Config!M119","NotEditable:MergedFollower","M118:M119","M118","","","MergedFollower","Length input / count / selector: see physical field","PendingCatalogMapping","PendingCallSiteReview","Generated selected shape; face/side/row contract; inactive geometry does not affect active shape","CSystemSettingsReader -> geometry / rebar builder -> CSectionModel","NotRun","Inventoried:BehaviorNotAccepted"
"rngRectSetGeometry.ExtraRebar.H1 - правая.привязка.Config!N119","rngRectSetGeometry","Config!N119","NotEditable:MergedFollower","N118:N119","N118","","","MergedFollower","Length input / count / selector: see physical field","PendingCatalogMapping","PendingCallSiteReview","Generated selected shape; face/side/row contract; inactive geometry does not affect active shape","CSystemSettingsReader -> geometry / rebar builder -> CSectionModel","NotRun","Inventoried:BehaviorNotAccepted"
"rngRectSetGeometry.ExtraRebar.B1 - верхняя.d2.Config!I120","rngRectSetGeometry","Config!I120","UserInput","","","","","TextOrNumber:PendingContractReview","Length input / count / selector: see physical field","PendingCatalogMapping","PendingCallSiteReview","Generated selected shape; face/side/row contract; inactive geometry does not affect active shape","CSystemSettingsReader -> geometry / rebar builder -> CSectionModel","NotRun","Inventoried:BehaviorNotAccepted"
"rngRectSetGeometry.ExtraRebar.B1 - верхняя.положение.Config!J120","rngRectSetGeometry","Config!J120","UserInput","J120:J121","J120","Stacked","","list","Length input / count / selector: see physical field","PendingCatalogMapping","PendingCallSiteReview","Generated selected shape; face/side/row contract; inactive geometry does not affect active shape","CSystemSettingsReader -> geometry / rebar builder -> CSectionModel","NotRun","Inventoried:BehaviorNotAccepted"
"rngRectSetGeometry.ExtraRebar.B1 - верхняя.привязка.Config!K120","rngRectSetGeometry","Config!K120","UserInput","K120:K121","K120","EachBar","","list","Length input / count / selector: see physical field","PendingCatalogMapping","PendingCallSiteReview","Generated selected shape; face/side/row contract; inactive geometry does not affect active shape","CSystemSettingsReader -> geometry / rebar builder -> CSectionModel","NotRun","Inventoried:BehaviorNotAccepted"
"rngRectSetGeometry.ExtraRebar.B1 - верхняя.d3.Config!L120","rngRectSetGeometry","Config!L120","UserInput","","","","","TextOrNumber:PendingContractReview","Length input / count / selector: see physical field","PendingCatalogMapping","PendingCallSiteReview","Generated selected shape; face/side/row contract; inactive geometry does not affect active shape","CSystemSettingsReader -> geometry / rebar builder -> CSectionModel","NotRun","Inventoried:BehaviorNotAccepted"
"rngRectSetGeometry.ExtraRebar.B1 - верхняя.положение.Config!M120","rngRectSetGeometry","Config!M120","UserInput","M120:M121","M120","Stacked","","list","Length input / count / selector: see physical field","PendingCatalogMapping","PendingCallSiteReview","Generated selected shape; face/side/row contract; inactive geometry does not affect active shape","CSystemSettingsReader -> geometry / rebar builder -> CSectionModel","NotRun","Inventoried:BehaviorNotAccepted"
"rngRectSetGeometry.ExtraRebar.B1 - верхняя.привязка.Config!N120","rngRectSetGeometry","Config!N120","UserInput","N120:N121","N120","EachBar","","list","Length input / count / selector: see physical field","PendingCatalogMapping","PendingCallSiteReview","Generated selected shape; face/side/row contract; inactive geometry does not affect active shape","CSystemSettingsReader -> geometry / rebar builder -> CSectionModel","NotRun","Inventoried:BehaviorNotAccepted"
"rngRectSetGeometry.ExtraRebar.B1 - нижняя.d2.Config!I121","rngRectSetGeometry","Config!I121","UserInput","","","","","TextOrNumber:PendingContractReview","Length input / count / selector: see physical field","PendingCatalogMapping","PendingCallSiteReview","Generated selected shape; face/side/row contract; inactive geometry does not affect active shape","CSystemSettingsReader -> geometry / rebar builder -> CSectionModel","NotRun","Inventoried:BehaviorNotAccepted"
"rngRectSetGeometry.ExtraRebar.B1 - нижняя.положение.Config!J121","rngRectSetGeometry","Config!J121","NotEditable:MergedFollower","J120:J121","J120","","","MergedFollower","Length input / count / selector: see physical field","PendingCatalogMapping","PendingCallSiteReview","Generated selected shape; face/side/row contract; inactive geometry does not affect active shape","CSystemSettingsReader -> geometry / rebar builder -> CSectionModel","NotRun","Inventoried:BehaviorNotAccepted"
"rngRectSetGeometry.ExtraRebar.B1 - нижняя.привязка.Config!K121","rngRectSetGeometry","Config!K121","NotEditable:MergedFollower","K120:K121","K120","","","MergedFollower","Length input / count / selector: see physical field","PendingCatalogMapping","PendingCallSiteReview","Generated selected shape; face/side/row contract; inactive geometry does not affect active shape","CSystemSettingsReader -> geometry / rebar builder -> CSectionModel","NotRun","Inventoried:BehaviorNotAccepted"
"rngRectSetGeometry.ExtraRebar.B1 - нижняя.d3.Config!L121","rngRectSetGeometry","Config!L121","UserInput","","","","","TextOrNumber:PendingContractReview","Length input / count / selector: see physical field","PendingCatalogMapping","PendingCallSiteReview","Generated selected shape; face/side/row contract; inactive geometry does not affect active shape","CSystemSettingsReader -> geometry / rebar builder -> CSectionModel","NotRun","Inventoried:BehaviorNotAccepted"
"rngRectSetGeometry.ExtraRebar.B1 - нижняя.положение.Config!M121","rngRectSetGeometry","Config!M121","NotEditable:MergedFollower","M120:M121","M120","","","MergedFollower","Length input / count / selector: see physical field","PendingCatalogMapping","PendingCallSiteReview","Generated selected shape; face/side/row contract; inactive geometry does not affect active shape","CSystemSettingsReader -> geometry / rebar builder -> CSectionModel","NotRun","Inventoried:BehaviorNotAccepted"
"rngRectSetGeometry.ExtraRebar.B1 - нижняя.привязка.Config!N121","rngRectSetGeometry","Config!N121","NotEditable:MergedFollower","N120:N121","N120","","","MergedFollower","Length input / count / selector: see physical field","PendingCatalogMapping","PendingCallSiteReview","Generated selected shape; face/side/row contract; inactive geometry does not affect active shape","CSystemSettingsReader -> geometry / rebar builder -> CSectionModel","NotRun","Inventoried:BehaviorNotAccepted"
"rngRectSetGeometry.ExtraRebar.H2 - левая.d2.Config!I122","rngRectSetGeometry","Config!I122","UserInput","","","","","TextOrNumber:PendingContractReview","Length input / count / selector: see physical field","PendingCatalogMapping","PendingCallSiteReview","Generated selected shape; face/side/row contract; inactive geometry does not affect active shape","CSystemSettingsReader -> geometry / rebar builder -> CSectionModel","NotRun","Inventoried:BehaviorNotAccepted"
"rngRectSetGeometry.ExtraRebar.H2 - левая.положение.Config!J122","rngRectSetGeometry","Config!J122","UserInput","J122:J123","J122","Stacked","","list","Length input / count / selector: see physical field","PendingCatalogMapping","PendingCallSiteReview","Generated selected shape; face/side/row contract; inactive geometry does not affect active shape","CSystemSettingsReader -> geometry / rebar builder -> CSectionModel","NotRun","Inventoried:BehaviorNotAccepted"
"rngRectSetGeometry.ExtraRebar.H2 - левая.привязка.Config!K122","rngRectSetGeometry","Config!K122","UserInput","K122:K123","K122","EachBar","","list","Length input / count / selector: see physical field","PendingCatalogMapping","PendingCallSiteReview","Generated selected shape; face/side/row contract; inactive geometry does not affect active shape","CSystemSettingsReader -> geometry / rebar builder -> CSectionModel","NotRun","Inventoried:BehaviorNotAccepted"
"rngRectSetGeometry.ExtraRebar.H2 - левая.d3.Config!L122","rngRectSetGeometry","Config!L122","UserInput","","","","","TextOrNumber:PendingContractReview","Length input / count / selector: see physical field","PendingCatalogMapping","PendingCallSiteReview","Generated selected shape; face/side/row contract; inactive geometry does not affect active shape","CSystemSettingsReader -> geometry / rebar builder -> CSectionModel","NotRun","Inventoried:BehaviorNotAccepted"
"rngRectSetGeometry.ExtraRebar.H2 - левая.положение.Config!M122","rngRectSetGeometry","Config!M122","UserInput","M122:M123","M122","Stacked","","list","Length input / count / selector: see physical field","PendingCatalogMapping","PendingCallSiteReview","Generated selected shape; face/side/row contract; inactive geometry does not affect active shape","CSystemSettingsReader -> geometry / rebar builder -> CSectionModel","NotRun","Inventoried:BehaviorNotAccepted"
"rngRectSetGeometry.ExtraRebar.H2 - левая.привязка.Config!N122","rngRectSetGeometry","Config!N122","UserInput","N122:N123","N122","EachBar","","list","Length input / count / selector: see physical field","PendingCatalogMapping","PendingCallSiteReview","Generated selected shape; face/side/row contract; inactive geometry does not affect active shape","CSystemSettingsReader -> geometry / rebar builder -> CSectionModel","NotRun","Inventoried:BehaviorNotAccepted"
"rngRectSetGeometry.ExtraRebar.H2 - правая.d2.Config!I123","rngRectSetGeometry","Config!I123","UserInput","","","","","TextOrNumber:PendingContractReview","Length input / count / selector: see physical field","PendingCatalogMapping","PendingCallSiteReview","Generated selected shape; face/side/row contract; inactive geometry does not affect active shape","CSystemSettingsReader -> geometry / rebar builder -> CSectionModel","NotRun","Inventoried:BehaviorNotAccepted"
"rngRectSetGeometry.ExtraRebar.H2 - правая.положение.Config!J123","rngRectSetGeometry","Config!J123","NotEditable:MergedFollower","J122:J123","J122","","","MergedFollower","Length input / count / selector: see physical field","PendingCatalogMapping","PendingCallSiteReview","Generated selected shape; face/side/row contract; inactive geometry does not affect active shape","CSystemSettingsReader -> geometry / rebar builder -> CSectionModel","NotRun","Inventoried:BehaviorNotAccepted"
"rngRectSetGeometry.ExtraRebar.H2 - правая.привязка.Config!K123","rngRectSetGeometry","Config!K123","NotEditable:MergedFollower","K122:K123","K122","","","MergedFollower","Length input / count / selector: see physical field","PendingCatalogMapping","PendingCallSiteReview","Generated selected shape; face/side/row contract; inactive geometry does not affect active shape","CSystemSettingsReader -> geometry / rebar builder -> CSectionModel","NotRun","Inventoried:BehaviorNotAccepted"
"rngRectSetGeometry.ExtraRebar.H2 - правая.d3.Config!L123","rngRectSetGeometry","Config!L123","UserInput","","","","","TextOrNumber:PendingContractReview","Length input / count / selector: see physical field","PendingCatalogMapping","PendingCallSiteReview","Generated selected shape; face/side/row contract; inactive geometry does not affect active shape","CSystemSettingsReader -> geometry / rebar builder -> CSectionModel","NotRun","Inventoried:BehaviorNotAccepted"
"rngRectSetGeometry.ExtraRebar.H2 - правая.положение.Config!M123","rngRectSetGeometry","Config!M123","NotEditable:MergedFollower","M122:M123","M122","","","MergedFollower","Length input / count / selector: see physical field","PendingCatalogMapping","PendingCallSiteReview","Generated selected shape; face/side/row contract; inactive geometry does not affect active shape","CSystemSettingsReader -> geometry / rebar builder -> CSectionModel","NotRun","Inventoried:BehaviorNotAccepted"
"rngRectSetGeometry.ExtraRebar.H2 - правая.привязка.Config!N123","rngRectSetGeometry","Config!N123","NotEditable:MergedFollower","N122:N123","N122","","","MergedFollower","Length input / count / selector: see physical field","PendingCatalogMapping","PendingCallSiteReview","Generated selected shape; face/side/row contract; inactive geometry does not affect active shape","CSystemSettingsReader -> geometry / rebar builder -> CSectionModel","NotRun","Inventoried:BehaviorNotAccepted"
"rngRectSetGeometry.ExtraRebar.B2 - верхняя.d2.Config!I124","rngRectSetGeometry","Config!I124","UserInput","","","","","TextOrNumber:PendingContractReview","Length input / count / selector: see physical field","PendingCatalogMapping","PendingCallSiteReview","Generated selected shape; face/side/row contract; inactive geometry does not affect active shape","CSystemSettingsReader -> geometry / rebar builder -> CSectionModel","NotRun","Inventoried:BehaviorNotAccepted"
"rngRectSetGeometry.ExtraRebar.B2 - верхняя.положение.Config!J124","rngRectSetGeometry","Config!J124","UserInput","J124:J125","J124","Stacked","","list","Length input / count / selector: see physical field","PendingCatalogMapping","PendingCallSiteReview","Generated selected shape; face/side/row contract; inactive geometry does not affect active shape","CSystemSettingsReader -> geometry / rebar builder -> CSectionModel","NotRun","Inventoried:BehaviorNotAccepted"
"rngRectSetGeometry.ExtraRebar.B2 - верхняя.привязка.Config!K124","rngRectSetGeometry","Config!K124","UserInput","K124:K125","K124","EachBar","","list","Length input / count / selector: see physical field","PendingCatalogMapping","PendingCallSiteReview","Generated selected shape; face/side/row contract; inactive geometry does not affect active shape","CSystemSettingsReader -> geometry / rebar builder -> CSectionModel","NotRun","Inventoried:BehaviorNotAccepted"
"rngRectSetGeometry.ExtraRebar.B2 - верхняя.d3.Config!L124","rngRectSetGeometry","Config!L124","UserInput","","","","","TextOrNumber:PendingContractReview","Length input / count / selector: see physical field","PendingCatalogMapping","PendingCallSiteReview","Generated selected shape; face/side/row contract; inactive geometry does not affect active shape","CSystemSettingsReader -> geometry / rebar builder -> CSectionModel","NotRun","Inventoried:BehaviorNotAccepted"
"rngRectSetGeometry.ExtraRebar.B2 - верхняя.положение.Config!M124","rngRectSetGeometry","Config!M124","UserInput","M124:M125","M124","Stacked","","list","Length input / count / selector: see physical field","PendingCatalogMapping","PendingCallSiteReview","Generated selected shape; face/side/row contract; inactive geometry does not affect active shape","CSystemSettingsReader -> geometry / rebar builder -> CSectionModel","NotRun","Inventoried:BehaviorNotAccepted"
"rngRectSetGeometry.ExtraRebar.B2 - верхняя.привязка.Config!N124","rngRectSetGeometry","Config!N124","UserInput","N124:N125","N124","EachBar","","list","Length input / count / selector: see physical field","PendingCatalogMapping","PendingCallSiteReview","Generated selected shape; face/side/row contract; inactive geometry does not affect active shape","CSystemSettingsReader -> geometry / rebar builder -> CSectionModel","NotRun","Inventoried:BehaviorNotAccepted"
"rngRectSetGeometry.ExtraRebar.B2 - нижняя.d2.Config!I125","rngRectSetGeometry","Config!I125","UserInput","","","","","TextOrNumber:PendingContractReview","Length input / count / selector: see physical field","PendingCatalogMapping","PendingCallSiteReview","Generated selected shape; face/side/row contract; inactive geometry does not affect active shape","CSystemSettingsReader -> geometry / rebar builder -> CSectionModel","NotRun","Inventoried:BehaviorNotAccepted"
"rngRectSetGeometry.ExtraRebar.B2 - нижняя.положение.Config!J125","rngRectSetGeometry","Config!J125","NotEditable:MergedFollower","J124:J125","J124","","","MergedFollower","Length input / count / selector: see physical field","PendingCatalogMapping","PendingCallSiteReview","Generated selected shape; face/side/row contract; inactive geometry does not affect active shape","CSystemSettingsReader -> geometry / rebar builder -> CSectionModel","NotRun","Inventoried:BehaviorNotAccepted"
"rngRectSetGeometry.ExtraRebar.B2 - нижняя.привязка.Config!K125","rngRectSetGeometry","Config!K125","NotEditable:MergedFollower","K124:K125","K124","","","MergedFollower","Length input / count / selector: see physical field","PendingCatalogMapping","PendingCallSiteReview","Generated selected shape; face/side/row contract; inactive geometry does not affect active shape","CSystemSettingsReader -> geometry / rebar builder -> CSectionModel","NotRun","Inventoried:BehaviorNotAccepted"
"rngRectSetGeometry.ExtraRebar.B2 - нижняя.d3.Config!L125","rngRectSetGeometry","Config!L125","UserInput","","","","","TextOrNumber:PendingContractReview","Length input / count / selector: see physical field","PendingCatalogMapping","PendingCallSiteReview","Generated selected shape; face/side/row contract; inactive geometry does not affect active shape","CSystemSettingsReader -> geometry / rebar builder -> CSectionModel","NotRun","Inventoried:BehaviorNotAccepted"
"rngRectSetGeometry.ExtraRebar.B2 - нижняя.положение.Config!M125","rngRectSetGeometry","Config!M125","NotEditable:MergedFollower","M124:M125","M124","","","MergedFollower","Length input / count / selector: see physical field","PendingCatalogMapping","PendingCallSiteReview","Generated selected shape; face/side/row contract; inactive geometry does not affect active shape","CSystemSettingsReader -> geometry / rebar builder -> CSectionModel","NotRun","Inventoried:BehaviorNotAccepted"
"rngRectSetGeometry.ExtraRebar.B2 - нижняя.привязка.Config!N125","rngRectSetGeometry","Config!N125","NotEditable:MergedFollower","N124:N125","N124","","","MergedFollower","Length input / count / selector: see physical field","PendingCatalogMapping","PendingCallSiteReview","Generated selected shape; face/side/row contract; inactive geometry does not affect active shape","CSystemSettingsReader -> geometry / rebar builder -> CSectionModel","NotRun","Inventoried:BehaviorNotAccepted"
"rngLoadCombinations.Slot1.CombinationID","rngLoadCombinations","Config!O4","UserInput","","","","","TextOrNumber:PendingContractReview","User load units / ID / path / profile / comment","PendingCatalogMapping","PendingCallSiteReview","Requested source LC slot; gaps and IDs preserved","CLoadCombinationReader -> batch -> typed results","NotRun","Inventoried:BehaviorNotAccepted"
"rngLoadCombinations.Slot1.N, tf","rngLoadCombinations","Config!P4","UserInput","","","","","TextOrNumber:PendingContractReview","User load units / ID / path / profile / comment","PendingCatalogMapping","PendingCallSiteReview","Requested source LC slot; gaps and IDs preserved","CLoadCombinationReader -> batch -> typed results","NotRun","Inventoried:BehaviorNotAccepted"
"rngLoadCombinations.Slot1.Mx, tf*m","rngLoadCombinations","Config!Q4","UserInput","","","","","TextOrNumber:PendingContractReview","User load units / ID / path / profile / comment","PendingCatalogMapping","PendingCallSiteReview","Requested source LC slot; gaps and IDs preserved","CLoadCombinationReader -> batch -> typed results","NotRun","Inventoried:BehaviorNotAccepted"
"rngLoadCombinations.Slot1.My, tf*m","rngLoadCombinations","Config!R4","UserInput","","","","","TextOrNumber:PendingContractReview","User load units / ID / path / profile / comment","PendingCatalogMapping","PendingCallSiteReview","Requested source LC slot; gaps and IDs preserved","CLoadCombinationReader -> batch -> typed results","NotRun","Inventoried:BehaviorNotAccepted"
"rngLoadCombinations.Slot1.ProfileId","rngLoadCombinations","Config!S4","UserInput","","","PR1","","list","User load units / ID / path / profile / comment","PendingCatalogMapping","PendingCallSiteReview","Requested source LC slot; gaps and IDs preserved","CLoadCombinationReader -> batch -> typed results","NotRun","Inventoried:BehaviorNotAccepted"
"rngLoadCombinations.Slot1.CapacityLoadPath","rngLoadCombinations","Config!T4","UserInput","","","","","list","User load units / ID / path / profile / comment","PendingCatalogMapping","PendingCallSiteReview","Requested source LC slot; gaps and IDs preserved","CLoadCombinationReader -> batch -> typed results","NotRun","Inventoried:BehaviorNotAccepted"
"rngLoadCombinations.Slot1.Comment","rngLoadCombinations","Config!U4","UserInput","","","","","TextOrNumber:PendingContractReview","User load units / ID / path / profile / comment","PendingCatalogMapping","PendingCallSiteReview","Requested source LC slot; gaps and IDs preserved","CLoadCombinationReader -> batch -> typed results","NotRun","Inventoried:BehaviorNotAccepted"
"rngLoadCombinations.Slot2.CombinationID","rngLoadCombinations","Config!O5","UserInput","","","","","TextOrNumber:PendingContractReview","User load units / ID / path / profile / comment","PendingCatalogMapping","PendingCallSiteReview","Requested source LC slot; gaps and IDs preserved","CLoadCombinationReader -> batch -> typed results","NotRun","Inventoried:BehaviorNotAccepted"
"rngLoadCombinations.Slot2.N, tf","rngLoadCombinations","Config!P5","UserInput","","","","","TextOrNumber:PendingContractReview","User load units / ID / path / profile / comment","PendingCatalogMapping","PendingCallSiteReview","Requested source LC slot; gaps and IDs preserved","CLoadCombinationReader -> batch -> typed results","NotRun","Inventoried:BehaviorNotAccepted"
"rngLoadCombinations.Slot2.Mx, tf*m","rngLoadCombinations","Config!Q5","UserInput","","","","","TextOrNumber:PendingContractReview","User load units / ID / path / profile / comment","PendingCatalogMapping","PendingCallSiteReview","Requested source LC slot; gaps and IDs preserved","CLoadCombinationReader -> batch -> typed results","NotRun","Inventoried:BehaviorNotAccepted"
"rngLoadCombinations.Slot2.My, tf*m","rngLoadCombinations","Config!R5","UserInput","","","","","TextOrNumber:PendingContractReview","User load units / ID / path / profile / comment","PendingCatalogMapping","PendingCallSiteReview","Requested source LC slot; gaps and IDs preserved","CLoadCombinationReader -> batch -> typed results","NotRun","Inventoried:BehaviorNotAccepted"
"rngLoadCombinations.Slot2.ProfileId","rngLoadCombinations","Config!S5","UserInput","","","","","list","User load units / ID / path / profile / comment","PendingCatalogMapping","PendingCallSiteReview","Requested source LC slot; gaps and IDs preserved","CLoadCombinationReader -> batch -> typed results","NotRun","Inventoried:BehaviorNotAccepted"
"rngLoadCombinations.Slot2.CapacityLoadPath","rngLoadCombinations","Config!T5","UserInput","","","","","list","User load units / ID / path / profile / comment","PendingCatalogMapping","PendingCallSiteReview","Requested source LC slot; gaps and IDs preserved","CLoadCombinationReader -> batch -> typed results","NotRun","Inventoried:BehaviorNotAccepted"
"rngLoadCombinations.Slot2.Comment","rngLoadCombinations","Config!U5","UserInput","","","","","TextOrNumber:PendingContractReview","User load units / ID / path / profile / comment","PendingCatalogMapping","PendingCallSiteReview","Requested source LC slot; gaps and IDs preserved","CLoadCombinationReader -> batch -> typed results","NotRun","Inventoried:BehaviorNotAccepted"
"rngLoadCombinations.Slot3.CombinationID","rngLoadCombinations","Config!O6","UserInput","","","","","TextOrNumber:PendingContractReview","User load units / ID / path / profile / comment","PendingCatalogMapping","PendingCallSiteReview","Requested source LC slot; gaps and IDs preserved","CLoadCombinationReader -> batch -> typed results","NotRun","Inventoried:BehaviorNotAccepted"
"rngLoadCombinations.Slot3.N, tf","rngLoadCombinations","Config!P6","UserInput","","","","","TextOrNumber:PendingContractReview","User load units / ID / path / profile / comment","PendingCatalogMapping","PendingCallSiteReview","Requested source LC slot; gaps and IDs preserved","CLoadCombinationReader -> batch -> typed results","NotRun","Inventoried:BehaviorNotAccepted"
"rngLoadCombinations.Slot3.Mx, tf*m","rngLoadCombinations","Config!Q6","UserInput","","","","","TextOrNumber:PendingContractReview","User load units / ID / path / profile / comment","PendingCatalogMapping","PendingCallSiteReview","Requested source LC slot; gaps and IDs preserved","CLoadCombinationReader -> batch -> typed results","NotRun","Inventoried:BehaviorNotAccepted"
"rngLoadCombinations.Slot3.My, tf*m","rngLoadCombinations","Config!R6","UserInput","","","","","TextOrNumber:PendingContractReview","User load units / ID / path / profile / comment","PendingCatalogMapping","PendingCallSiteReview","Requested source LC slot; gaps and IDs preserved","CLoadCombinationReader -> batch -> typed results","NotRun","Inventoried:BehaviorNotAccepted"
"rngLoadCombinations.Slot3.ProfileId","rngLoadCombinations","Config!S6","UserInput","","","","","list","User load units / ID / path / profile / comment","PendingCatalogMapping","PendingCallSiteReview","Requested source LC slot; gaps and IDs preserved","CLoadCombinationReader -> batch -> typed results","NotRun","Inventoried:BehaviorNotAccepted"
"rngLoadCombinations.Slot3.CapacityLoadPath","rngLoadCombinations","Config!T6","UserInput","","","","","list","User load units / ID / path / profile / comment","PendingCatalogMapping","PendingCallSiteReview","Requested source LC slot; gaps and IDs preserved","CLoadCombinationReader -> batch -> typed results","NotRun","Inventoried:BehaviorNotAccepted"
"rngLoadCombinations.Slot3.Comment","rngLoadCombinations","Config!U6","UserInput","","","","","TextOrNumber:PendingContractReview","User load units / ID / path / profile / comment","PendingCatalogMapping","PendingCallSiteReview","Requested source LC slot; gaps and IDs preserved","CLoadCombinationReader -> batch -> typed results","NotRun","Inventoried:BehaviorNotAccepted"
"rngLoadCombinations.Slot4.CombinationID","rngLoadCombinations","Config!O7","UserInput","","","","","TextOrNumber:PendingContractReview","User load units / ID / path / profile / comment","PendingCatalogMapping","PendingCallSiteReview","Requested source LC slot; gaps and IDs preserved","CLoadCombinationReader -> batch -> typed results","NotRun","Inventoried:BehaviorNotAccepted"
"rngLoadCombinations.Slot4.N, tf","rngLoadCombinations","Config!P7","UserInput","","","","","TextOrNumber:PendingContractReview","User load units / ID / path / profile / comment","PendingCatalogMapping","PendingCallSiteReview","Requested source LC slot; gaps and IDs preserved","CLoadCombinationReader -> batch -> typed results","NotRun","Inventoried:BehaviorNotAccepted"
"rngLoadCombinations.Slot4.Mx, tf*m","rngLoadCombinations","Config!Q7","UserInput","","","","","TextOrNumber:PendingContractReview","User load units / ID / path / profile / comment","PendingCatalogMapping","PendingCallSiteReview","Requested source LC slot; gaps and IDs preserved","CLoadCombinationReader -> batch -> typed results","NotRun","Inventoried:BehaviorNotAccepted"
"rngLoadCombinations.Slot4.My, tf*m","rngLoadCombinations","Config!R7","UserInput","","","","","TextOrNumber:PendingContractReview","User load units / ID / path / profile / comment","PendingCatalogMapping","PendingCallSiteReview","Requested source LC slot; gaps and IDs preserved","CLoadCombinationReader -> batch -> typed results","NotRun","Inventoried:BehaviorNotAccepted"
"rngLoadCombinations.Slot4.ProfileId","rngLoadCombinations","Config!S7","UserInput","","","","","list","User load units / ID / path / profile / comment","PendingCatalogMapping","PendingCallSiteReview","Requested source LC slot; gaps and IDs preserved","CLoadCombinationReader -> batch -> typed results","NotRun","Inventoried:BehaviorNotAccepted"
"rngLoadCombinations.Slot4.CapacityLoadPath","rngLoadCombinations","Config!T7","UserInput","","","","","list","User load units / ID / path / profile / comment","PendingCatalogMapping","PendingCallSiteReview","Requested source LC slot; gaps and IDs preserved","CLoadCombinationReader -> batch -> typed results","NotRun","Inventoried:BehaviorNotAccepted"
"rngLoadCombinations.Slot4.Comment","rngLoadCombinations","Config!U7","UserInput","","","","","TextOrNumber:PendingContractReview","User load units / ID / path / profile / comment","PendingCatalogMapping","PendingCallSiteReview","Requested source LC slot; gaps and IDs preserved","CLoadCombinationReader -> batch -> typed results","NotRun","Inventoried:BehaviorNotAccepted"
"rngLoadCombinations.Slot5.CombinationID","rngLoadCombinations","Config!O8","UserInput","","","","","TextOrNumber:PendingContractReview","User load units / ID / path / profile / comment","PendingCatalogMapping","PendingCallSiteReview","Requested source LC slot; gaps and IDs preserved","CLoadCombinationReader -> batch -> typed results","NotRun","Inventoried:BehaviorNotAccepted"
"rngLoadCombinations.Slot5.N, tf","rngLoadCombinations","Config!P8","UserInput","","","","","TextOrNumber:PendingContractReview","User load units / ID / path / profile / comment","PendingCatalogMapping","PendingCallSiteReview","Requested source LC slot; gaps and IDs preserved","CLoadCombinationReader -> batch -> typed results","NotRun","Inventoried:BehaviorNotAccepted"
"rngLoadCombinations.Slot5.Mx, tf*m","rngLoadCombinations","Config!Q8","UserInput","","","","","TextOrNumber:PendingContractReview","User load units / ID / path / profile / comment","PendingCatalogMapping","PendingCallSiteReview","Requested source LC slot; gaps and IDs preserved","CLoadCombinationReader -> batch -> typed results","NotRun","Inventoried:BehaviorNotAccepted"
"rngLoadCombinations.Slot5.My, tf*m","rngLoadCombinations","Config!R8","UserInput","","","","","TextOrNumber:PendingContractReview","User load units / ID / path / profile / comment","PendingCatalogMapping","PendingCallSiteReview","Requested source LC slot; gaps and IDs preserved","CLoadCombinationReader -> batch -> typed results","NotRun","Inventoried:BehaviorNotAccepted"
"rngLoadCombinations.Slot5.ProfileId","rngLoadCombinations","Config!S8","UserInput","","","","","list","User load units / ID / path / profile / comment","PendingCatalogMapping","PendingCallSiteReview","Requested source LC slot; gaps and IDs preserved","CLoadCombinationReader -> batch -> typed results","NotRun","Inventoried:BehaviorNotAccepted"
"rngLoadCombinations.Slot5.CapacityLoadPath","rngLoadCombinations","Config!T8","UserInput","","","","","list","User load units / ID / path / profile / comment","PendingCatalogMapping","PendingCallSiteReview","Requested source LC slot; gaps and IDs preserved","CLoadCombinationReader -> batch -> typed results","NotRun","Inventoried:BehaviorNotAccepted"
"rngLoadCombinations.Slot5.Comment","rngLoadCombinations","Config!U8","UserInput","","","","","TextOrNumber:PendingContractReview","User load units / ID / path / profile / comment","PendingCatalogMapping","PendingCallSiteReview","Requested source LC slot; gaps and IDs preserved","CLoadCombinationReader -> batch -> typed results","NotRun","Inventoried:BehaviorNotAccepted"
"rngLoadCombinations.Slot6.CombinationID","rngLoadCombinations","Config!O9","UserInput","","","","","TextOrNumber:PendingContractReview","User load units / ID / path / profile / comment","PendingCatalogMapping","PendingCallSiteReview","Requested source LC slot; gaps and IDs preserved","CLoadCombinationReader -> batch -> typed results","NotRun","Inventoried:BehaviorNotAccepted"
"rngLoadCombinations.Slot6.N, tf","rngLoadCombinations","Config!P9","UserInput","","","","","TextOrNumber:PendingContractReview","User load units / ID / path / profile / comment","PendingCatalogMapping","PendingCallSiteReview","Requested source LC slot; gaps and IDs preserved","CLoadCombinationReader -> batch -> typed results","NotRun","Inventoried:BehaviorNotAccepted"
"rngLoadCombinations.Slot6.Mx, tf*m","rngLoadCombinations","Config!Q9","UserInput","","","","","TextOrNumber:PendingContractReview","User load units / ID / path / profile / comment","PendingCatalogMapping","PendingCallSiteReview","Requested source LC slot; gaps and IDs preserved","CLoadCombinationReader -> batch -> typed results","NotRun","Inventoried:BehaviorNotAccepted"
"rngLoadCombinations.Slot6.My, tf*m","rngLoadCombinations","Config!R9","UserInput","","","","","TextOrNumber:PendingContractReview","User load units / ID / path / profile / comment","PendingCatalogMapping","PendingCallSiteReview","Requested source LC slot; gaps and IDs preserved","CLoadCombinationReader -> batch -> typed results","NotRun","Inventoried:BehaviorNotAccepted"
"rngLoadCombinations.Slot6.ProfileId","rngLoadCombinations","Config!S9","UserInput","","","","","list","User load units / ID / path / profile / comment","PendingCatalogMapping","PendingCallSiteReview","Requested source LC slot; gaps and IDs preserved","CLoadCombinationReader -> batch -> typed results","NotRun","Inventoried:BehaviorNotAccepted"
"rngLoadCombinations.Slot6.CapacityLoadPath","rngLoadCombinations","Config!T9","UserInput","","","","","list","User load units / ID / path / profile / comment","PendingCatalogMapping","PendingCallSiteReview","Requested source LC slot; gaps and IDs preserved","CLoadCombinationReader -> batch -> typed results","NotRun","Inventoried:BehaviorNotAccepted"
"rngLoadCombinations.Slot6.Comment","rngLoadCombinations","Config!U9","UserInput","","","","","TextOrNumber:PendingContractReview","User load units / ID / path / profile / comment","PendingCatalogMapping","PendingCallSiteReview","Requested source LC slot; gaps and IDs preserved","CLoadCombinationReader -> batch -> typed results","NotRun","Inventoried:BehaviorNotAccepted"
"rngLoadCombinations.Slot7.CombinationID","rngLoadCombinations","Config!O10","UserInput","","","","","TextOrNumber:PendingContractReview","User load units / ID / path / profile / comment","PendingCatalogMapping","PendingCallSiteReview","Requested source LC slot; gaps and IDs preserved","CLoadCombinationReader -> batch -> typed results","NotRun","Inventoried:BehaviorNotAccepted"
"rngLoadCombinations.Slot7.N, tf","rngLoadCombinations","Config!P10","UserInput","","","","","TextOrNumber:PendingContractReview","User load units / ID / path / profile / comment","PendingCatalogMapping","PendingCallSiteReview","Requested source LC slot; gaps and IDs preserved","CLoadCombinationReader -> batch -> typed results","NotRun","Inventoried:BehaviorNotAccepted"
"rngLoadCombinations.Slot7.Mx, tf*m","rngLoadCombinations","Config!Q10","UserInput","","","","","TextOrNumber:PendingContractReview","User load units / ID / path / profile / comment","PendingCatalogMapping","PendingCallSiteReview","Requested source LC slot; gaps and IDs preserved","CLoadCombinationReader -> batch -> typed results","NotRun","Inventoried:BehaviorNotAccepted"
"rngLoadCombinations.Slot7.My, tf*m","rngLoadCombinations","Config!R10","UserInput","","","","","TextOrNumber:PendingContractReview","User load units / ID / path / profile / comment","PendingCatalogMapping","PendingCallSiteReview","Requested source LC slot; gaps and IDs preserved","CLoadCombinationReader -> batch -> typed results","NotRun","Inventoried:BehaviorNotAccepted"
"rngLoadCombinations.Slot7.ProfileId","rngLoadCombinations","Config!S10","UserInput","","","","","list","User load units / ID / path / profile / comment","PendingCatalogMapping","PendingCallSiteReview","Requested source LC slot; gaps and IDs preserved","CLoadCombinationReader -> batch -> typed results","NotRun","Inventoried:BehaviorNotAccepted"
"rngLoadCombinations.Slot7.CapacityLoadPath","rngLoadCombinations","Config!T10","UserInput","","","","","list","User load units / ID / path / profile / comment","PendingCatalogMapping","PendingCallSiteReview","Requested source LC slot; gaps and IDs preserved","CLoadCombinationReader -> batch -> typed results","NotRun","Inventoried:BehaviorNotAccepted"
"rngLoadCombinations.Slot7.Comment","rngLoadCombinations","Config!U10","UserInput","","","","","TextOrNumber:PendingContractReview","User load units / ID / path / profile / comment","PendingCatalogMapping","PendingCallSiteReview","Requested source LC slot; gaps and IDs preserved","CLoadCombinationReader -> batch -> typed results","NotRun","Inventoried:BehaviorNotAccepted"
"rngLoadCombinations.Slot8.CombinationID","rngLoadCombinations","Config!O11","UserInput","","","","","TextOrNumber:PendingContractReview","User load units / ID / path / profile / comment","PendingCatalogMapping","PendingCallSiteReview","Requested source LC slot; gaps and IDs preserved","CLoadCombinationReader -> batch -> typed results","NotRun","Inventoried:BehaviorNotAccepted"
"rngLoadCombinations.Slot8.N, tf","rngLoadCombinations","Config!P11","UserInput","","","","","TextOrNumber:PendingContractReview","User load units / ID / path / profile / comment","PendingCatalogMapping","PendingCallSiteReview","Requested source LC slot; gaps and IDs preserved","CLoadCombinationReader -> batch -> typed results","NotRun","Inventoried:BehaviorNotAccepted"
"rngLoadCombinations.Slot8.Mx, tf*m","rngLoadCombinations","Config!Q11","UserInput","","","","","TextOrNumber:PendingContractReview","User load units / ID / path / profile / comment","PendingCatalogMapping","PendingCallSiteReview","Requested source LC slot; gaps and IDs preserved","CLoadCombinationReader -> batch -> typed results","NotRun","Inventoried:BehaviorNotAccepted"
"rngLoadCombinations.Slot8.My, tf*m","rngLoadCombinations","Config!R11","UserInput","","","","","TextOrNumber:PendingContractReview","User load units / ID / path / profile / comment","PendingCatalogMapping","PendingCallSiteReview","Requested source LC slot; gaps and IDs preserved","CLoadCombinationReader -> batch -> typed results","NotRun","Inventoried:BehaviorNotAccepted"
"rngLoadCombinations.Slot8.ProfileId","rngLoadCombinations","Config!S11","UserInput","","","","","list","User load units / ID / path / profile / comment","PendingCatalogMapping","PendingCallSiteReview","Requested source LC slot; gaps and IDs preserved","CLoadCombinationReader -> batch -> typed results","NotRun","Inventoried:BehaviorNotAccepted"
"rngLoadCombinations.Slot8.CapacityLoadPath","rngLoadCombinations","Config!T11","UserInput","","","","","list","User load units / ID / path / profile / comment","PendingCatalogMapping","PendingCallSiteReview","Requested source LC slot; gaps and IDs preserved","CLoadCombinationReader -> batch -> typed results","NotRun","Inventoried:BehaviorNotAccepted"
"rngLoadCombinations.Slot8.Comment","rngLoadCombinations","Config!U11","UserInput","","","","","TextOrNumber:PendingContractReview","User load units / ID / path / profile / comment","PendingCatalogMapping","PendingCallSiteReview","Requested source LC slot; gaps and IDs preserved","CLoadCombinationReader -> batch -> typed results","NotRun","Inventoried:BehaviorNotAccepted"
"rngLoadCombinations.Slot9.CombinationID","rngLoadCombinations","Config!O12","UserInput","","","","","TextOrNumber:PendingContractReview","User load units / ID / path / profile / comment","PendingCatalogMapping","PendingCallSiteReview","Requested source LC slot; gaps and IDs preserved","CLoadCombinationReader -> batch -> typed results","NotRun","Inventoried:BehaviorNotAccepted"
"rngLoadCombinations.Slot9.N, tf","rngLoadCombinations","Config!P12","UserInput","","","","","TextOrNumber:PendingContractReview","User load units / ID / path / profile / comment","PendingCatalogMapping","PendingCallSiteReview","Requested source LC slot; gaps and IDs preserved","CLoadCombinationReader -> batch -> typed results","NotRun","Inventoried:BehaviorNotAccepted"
"rngLoadCombinations.Slot9.Mx, tf*m","rngLoadCombinations","Config!Q12","UserInput","","","","","TextOrNumber:PendingContractReview","User load units / ID / path / profile / comment","PendingCatalogMapping","PendingCallSiteReview","Requested source LC slot; gaps and IDs preserved","CLoadCombinationReader -> batch -> typed results","NotRun","Inventoried:BehaviorNotAccepted"
"rngLoadCombinations.Slot9.My, tf*m","rngLoadCombinations","Config!R12","UserInput","","","","","TextOrNumber:PendingContractReview","User load units / ID / path / profile / comment","PendingCatalogMapping","PendingCallSiteReview","Requested source LC slot; gaps and IDs preserved","CLoadCombinationReader -> batch -> typed results","NotRun","Inventoried:BehaviorNotAccepted"
"rngLoadCombinations.Slot9.ProfileId","rngLoadCombinations","Config!S12","UserInput","","","","","list","User load units / ID / path / profile / comment","PendingCatalogMapping","PendingCallSiteReview","Requested source LC slot; gaps and IDs preserved","CLoadCombinationReader -> batch -> typed results","NotRun","Inventoried:BehaviorNotAccepted"
"rngLoadCombinations.Slot9.CapacityLoadPath","rngLoadCombinations","Config!T12","UserInput","","","","","list","User load units / ID / path / profile / comment","PendingCatalogMapping","PendingCallSiteReview","Requested source LC slot; gaps and IDs preserved","CLoadCombinationReader -> batch -> typed results","NotRun","Inventoried:BehaviorNotAccepted"
"rngLoadCombinations.Slot9.Comment","rngLoadCombinations","Config!U12","UserInput","","","","","TextOrNumber:PendingContractReview","User load units / ID / path / profile / comment","PendingCatalogMapping","PendingCallSiteReview","Requested source LC slot; gaps and IDs preserved","CLoadCombinationReader -> batch -> typed results","NotRun","Inventoried:BehaviorNotAccepted"
"rngLoadCombinations.Slot10.CombinationID","rngLoadCombinations","Config!O13","UserInput","","","","","TextOrNumber:PendingContractReview","User load units / ID / path / profile / comment","PendingCatalogMapping","PendingCallSiteReview","Requested source LC slot; gaps and IDs preserved","CLoadCombinationReader -> batch -> typed results","NotRun","Inventoried:BehaviorNotAccepted"
"rngLoadCombinations.Slot10.N, tf","rngLoadCombinations","Config!P13","UserInput","","","","","TextOrNumber:PendingContractReview","User load units / ID / path / profile / comment","PendingCatalogMapping","PendingCallSiteReview","Requested source LC slot; gaps and IDs preserved","CLoadCombinationReader -> batch -> typed results","NotRun","Inventoried:BehaviorNotAccepted"
"rngLoadCombinations.Slot10.Mx, tf*m","rngLoadCombinations","Config!Q13","UserInput","","","","","TextOrNumber:PendingContractReview","User load units / ID / path / profile / comment","PendingCatalogMapping","PendingCallSiteReview","Requested source LC slot; gaps and IDs preserved","CLoadCombinationReader -> batch -> typed results","NotRun","Inventoried:BehaviorNotAccepted"
"rngLoadCombinations.Slot10.My, tf*m","rngLoadCombinations","Config!R13","UserInput","","","","","TextOrNumber:PendingContractReview","User load units / ID / path / profile / comment","PendingCatalogMapping","PendingCallSiteReview","Requested source LC slot; gaps and IDs preserved","CLoadCombinationReader -> batch -> typed results","NotRun","Inventoried:BehaviorNotAccepted"
"rngLoadCombinations.Slot10.ProfileId","rngLoadCombinations","Config!S13","UserInput","","","","","list","User load units / ID / path / profile / comment","PendingCatalogMapping","PendingCallSiteReview","Requested source LC slot; gaps and IDs preserved","CLoadCombinationReader -> batch -> typed results","NotRun","Inventoried:BehaviorNotAccepted"
"rngLoadCombinations.Slot10.CapacityLoadPath","rngLoadCombinations","Config!T13","UserInput","","","","","list","User load units / ID / path / profile / comment","PendingCatalogMapping","PendingCallSiteReview","Requested source LC slot; gaps and IDs preserved","CLoadCombinationReader -> batch -> typed results","NotRun","Inventoried:BehaviorNotAccepted"
"rngLoadCombinations.Slot10.Comment","rngLoadCombinations","Config!U13","UserInput","","","","","TextOrNumber:PendingContractReview","User load units / ID / path / profile / comment","PendingCatalogMapping","PendingCallSiteReview","Requested source LC slot; gaps and IDs preserved","CLoadCombinationReader -> batch -> typed results","NotRun","Inventoried:BehaviorNotAccepted"
"rngLoadCombinations.Slot11.CombinationID","rngLoadCombinations","Config!O14","UserInput","","","","","TextOrNumber:PendingContractReview","User load units / ID / path / profile / comment","PendingCatalogMapping","PendingCallSiteReview","Requested source LC slot; gaps and IDs preserved","CLoadCombinationReader -> batch -> typed results","NotRun","Inventoried:BehaviorNotAccepted"
"rngLoadCombinations.Slot11.N, tf","rngLoadCombinations","Config!P14","UserInput","","","","","TextOrNumber:PendingContractReview","User load units / ID / path / profile / comment","PendingCatalogMapping","PendingCallSiteReview","Requested source LC slot; gaps and IDs preserved","CLoadCombinationReader -> batch -> typed results","NotRun","Inventoried:BehaviorNotAccepted"
"rngLoadCombinations.Slot11.Mx, tf*m","rngLoadCombinations","Config!Q14","UserInput","","","","","TextOrNumber:PendingContractReview","User load units / ID / path / profile / comment","PendingCatalogMapping","PendingCallSiteReview","Requested source LC slot; gaps and IDs preserved","CLoadCombinationReader -> batch -> typed results","NotRun","Inventoried:BehaviorNotAccepted"
"rngLoadCombinations.Slot11.My, tf*m","rngLoadCombinations","Config!R14","UserInput","","","","","TextOrNumber:PendingContractReview","User load units / ID / path / profile / comment","PendingCatalogMapping","PendingCallSiteReview","Requested source LC slot; gaps and IDs preserved","CLoadCombinationReader -> batch -> typed results","NotRun","Inventoried:BehaviorNotAccepted"
"rngLoadCombinations.Slot11.ProfileId","rngLoadCombinations","Config!S14","UserInput","","","","","list","User load units / ID / path / profile / comment","PendingCatalogMapping","PendingCallSiteReview","Requested source LC slot; gaps and IDs preserved","CLoadCombinationReader -> batch -> typed results","NotRun","Inventoried:BehaviorNotAccepted"
"rngLoadCombinations.Slot11.CapacityLoadPath","rngLoadCombinations","Config!T14","UserInput","","","","","list","User load units / ID / path / profile / comment","PendingCatalogMapping","PendingCallSiteReview","Requested source LC slot; gaps and IDs preserved","CLoadCombinationReader -> batch -> typed results","NotRun","Inventoried:BehaviorNotAccepted"
"rngLoadCombinations.Slot11.Comment","rngLoadCombinations","Config!U14","UserInput","","","","","TextOrNumber:PendingContractReview","User load units / ID / path / profile / comment","PendingCatalogMapping","PendingCallSiteReview","Requested source LC slot; gaps and IDs preserved","CLoadCombinationReader -> batch -> typed results","NotRun","Inventoried:BehaviorNotAccepted"
"rngLoadCombinations.Slot12.CombinationID","rngLoadCombinations","Config!O15","UserInput","","","","","TextOrNumber:PendingContractReview","User load units / ID / path / profile / comment","PendingCatalogMapping","PendingCallSiteReview","Requested source LC slot; gaps and IDs preserved","CLoadCombinationReader -> batch -> typed results","NotRun","Inventoried:BehaviorNotAccepted"
"rngLoadCombinations.Slot12.N, tf","rngLoadCombinations","Config!P15","UserInput","","","","","TextOrNumber:PendingContractReview","User load units / ID / path / profile / comment","PendingCatalogMapping","PendingCallSiteReview","Requested source LC slot; gaps and IDs preserved","CLoadCombinationReader -> batch -> typed results","NotRun","Inventoried:BehaviorNotAccepted"
"rngLoadCombinations.Slot12.Mx, tf*m","rngLoadCombinations","Config!Q15","UserInput","","","","","TextOrNumber:PendingContractReview","User load units / ID / path / profile / comment","PendingCatalogMapping","PendingCallSiteReview","Requested source LC slot; gaps and IDs preserved","CLoadCombinationReader -> batch -> typed results","NotRun","Inventoried:BehaviorNotAccepted"
"rngLoadCombinations.Slot12.My, tf*m","rngLoadCombinations","Config!R15","UserInput","","","","","TextOrNumber:PendingContractReview","User load units / ID / path / profile / comment","PendingCatalogMapping","PendingCallSiteReview","Requested source LC slot; gaps and IDs preserved","CLoadCombinationReader -> batch -> typed results","NotRun","Inventoried:BehaviorNotAccepted"
"rngLoadCombinations.Slot12.ProfileId","rngLoadCombinations","Config!S15","UserInput","","","","","list","User load units / ID / path / profile / comment","PendingCatalogMapping","PendingCallSiteReview","Requested source LC slot; gaps and IDs preserved","CLoadCombinationReader -> batch -> typed results","NotRun","Inventoried:BehaviorNotAccepted"
"rngLoadCombinations.Slot12.CapacityLoadPath","rngLoadCombinations","Config!T15","UserInput","","","","","list","User load units / ID / path / profile / comment","PendingCatalogMapping","PendingCallSiteReview","Requested source LC slot; gaps and IDs preserved","CLoadCombinationReader -> batch -> typed results","NotRun","Inventoried:BehaviorNotAccepted"
"rngLoadCombinations.Slot12.Comment","rngLoadCombinations","Config!U15","UserInput","","","","","TextOrNumber:PendingContractReview","User load units / ID / path / profile / comment","PendingCatalogMapping","PendingCallSiteReview","Requested source LC slot; gaps and IDs preserved","CLoadCombinationReader -> batch -> typed results","NotRun","Inventoried:BehaviorNotAccepted"
"rngLoadCombinations.Slot13.CombinationID","rngLoadCombinations","Config!O16","UserInput","","","","","TextOrNumber:PendingContractReview","User load units / ID / path / profile / comment","PendingCatalogMapping","PendingCallSiteReview","Requested source LC slot; gaps and IDs preserved","CLoadCombinationReader -> batch -> typed results","NotRun","Inventoried:BehaviorNotAccepted"
"rngLoadCombinations.Slot13.N, tf","rngLoadCombinations","Config!P16","UserInput","","","","","TextOrNumber:PendingContractReview","User load units / ID / path / profile / comment","PendingCatalogMapping","PendingCallSiteReview","Requested source LC slot; gaps and IDs preserved","CLoadCombinationReader -> batch -> typed results","NotRun","Inventoried:BehaviorNotAccepted"
"rngLoadCombinations.Slot13.Mx, tf*m","rngLoadCombinations","Config!Q16","UserInput","","","","","TextOrNumber:PendingContractReview","User load units / ID / path / profile / comment","PendingCatalogMapping","PendingCallSiteReview","Requested source LC slot; gaps and IDs preserved","CLoadCombinationReader -> batch -> typed results","NotRun","Inventoried:BehaviorNotAccepted"
"rngLoadCombinations.Slot13.My, tf*m","rngLoadCombinations","Config!R16","UserInput","","","","","TextOrNumber:PendingContractReview","User load units / ID / path / profile / comment","PendingCatalogMapping","PendingCallSiteReview","Requested source LC slot; gaps and IDs preserved","CLoadCombinationReader -> batch -> typed results","NotRun","Inventoried:BehaviorNotAccepted"
"rngLoadCombinations.Slot13.ProfileId","rngLoadCombinations","Config!S16","UserInput","","","","","list","User load units / ID / path / profile / comment","PendingCatalogMapping","PendingCallSiteReview","Requested source LC slot; gaps and IDs preserved","CLoadCombinationReader -> batch -> typed results","NotRun","Inventoried:BehaviorNotAccepted"
"rngLoadCombinations.Slot13.CapacityLoadPath","rngLoadCombinations","Config!T16","UserInput","","","","","list","User load units / ID / path / profile / comment","PendingCatalogMapping","PendingCallSiteReview","Requested source LC slot; gaps and IDs preserved","CLoadCombinationReader -> batch -> typed results","NotRun","Inventoried:BehaviorNotAccepted"
"rngLoadCombinations.Slot13.Comment","rngLoadCombinations","Config!U16","UserInput","","","","","TextOrNumber:PendingContractReview","User load units / ID / path / profile / comment","PendingCatalogMapping","PendingCallSiteReview","Requested source LC slot; gaps and IDs preserved","CLoadCombinationReader -> batch -> typed results","NotRun","Inventoried:BehaviorNotAccepted"
"rngLoadCombinations.Slot14.CombinationID","rngLoadCombinations","Config!O17","UserInput","","","","","TextOrNumber:PendingContractReview","User load units / ID / path / profile / comment","PendingCatalogMapping","PendingCallSiteReview","Requested source LC slot; gaps and IDs preserved","CLoadCombinationReader -> batch -> typed results","NotRun","Inventoried:BehaviorNotAccepted"
"rngLoadCombinations.Slot14.N, tf","rngLoadCombinations","Config!P17","UserInput","","","","","TextOrNumber:PendingContractReview","User load units / ID / path / profile / comment","PendingCatalogMapping","PendingCallSiteReview","Requested source LC slot; gaps and IDs preserved","CLoadCombinationReader -> batch -> typed results","NotRun","Inventoried:BehaviorNotAccepted"
"rngLoadCombinations.Slot14.Mx, tf*m","rngLoadCombinations","Config!Q17","UserInput","","","","","TextOrNumber:PendingContractReview","User load units / ID / path / profile / comment","PendingCatalogMapping","PendingCallSiteReview","Requested source LC slot; gaps and IDs preserved","CLoadCombinationReader -> batch -> typed results","NotRun","Inventoried:BehaviorNotAccepted"
"rngLoadCombinations.Slot14.My, tf*m","rngLoadCombinations","Config!R17","UserInput","","","","","TextOrNumber:PendingContractReview","User load units / ID / path / profile / comment","PendingCatalogMapping","PendingCallSiteReview","Requested source LC slot; gaps and IDs preserved","CLoadCombinationReader -> batch -> typed results","NotRun","Inventoried:BehaviorNotAccepted"
"rngLoadCombinations.Slot14.ProfileId","rngLoadCombinations","Config!S17","UserInput","","","","","list","User load units / ID / path / profile / comment","PendingCatalogMapping","PendingCallSiteReview","Requested source LC slot; gaps and IDs preserved","CLoadCombinationReader -> batch -> typed results","NotRun","Inventoried:BehaviorNotAccepted"
"rngLoadCombinations.Slot14.CapacityLoadPath","rngLoadCombinations","Config!T17","UserInput","","","","","list","User load units / ID / path / profile / comment","PendingCatalogMapping","PendingCallSiteReview","Requested source LC slot; gaps and IDs preserved","CLoadCombinationReader -> batch -> typed results","NotRun","Inventoried:BehaviorNotAccepted"
"rngLoadCombinations.Slot14.Comment","rngLoadCombinations","Config!U17","UserInput","","","","","TextOrNumber:PendingContractReview","User load units / ID / path / profile / comment","PendingCatalogMapping","PendingCallSiteReview","Requested source LC slot; gaps and IDs preserved","CLoadCombinationReader -> batch -> typed results","NotRun","Inventoried:BehaviorNotAccepted"
"rngLoadCombinations.Slot15.CombinationID","rngLoadCombinations","Config!O18","UserInput","","","","","TextOrNumber:PendingContractReview","User load units / ID / path / profile / comment","PendingCatalogMapping","PendingCallSiteReview","Requested source LC slot; gaps and IDs preserved","CLoadCombinationReader -> batch -> typed results","NotRun","Inventoried:BehaviorNotAccepted"
"rngLoadCombinations.Slot15.N, tf","rngLoadCombinations","Config!P18","UserInput","","","","","TextOrNumber:PendingContractReview","User load units / ID / path / profile / comment","PendingCatalogMapping","PendingCallSiteReview","Requested source LC slot; gaps and IDs preserved","CLoadCombinationReader -> batch -> typed results","NotRun","Inventoried:BehaviorNotAccepted"
"rngLoadCombinations.Slot15.Mx, tf*m","rngLoadCombinations","Config!Q18","UserInput","","","","","TextOrNumber:PendingContractReview","User load units / ID / path / profile / comment","PendingCatalogMapping","PendingCallSiteReview","Requested source LC slot; gaps and IDs preserved","CLoadCombinationReader -> batch -> typed results","NotRun","Inventoried:BehaviorNotAccepted"
"rngLoadCombinations.Slot15.My, tf*m","rngLoadCombinations","Config!R18","UserInput","","","","","TextOrNumber:PendingContractReview","User load units / ID / path / profile / comment","PendingCatalogMapping","PendingCallSiteReview","Requested source LC slot; gaps and IDs preserved","CLoadCombinationReader -> batch -> typed results","NotRun","Inventoried:BehaviorNotAccepted"
"rngLoadCombinations.Slot15.ProfileId","rngLoadCombinations","Config!S18","UserInput","","","","","list","User load units / ID / path / profile / comment","PendingCatalogMapping","PendingCallSiteReview","Requested source LC slot; gaps and IDs preserved","CLoadCombinationReader -> batch -> typed results","NotRun","Inventoried:BehaviorNotAccepted"
"rngLoadCombinations.Slot15.CapacityLoadPath","rngLoadCombinations","Config!T18","UserInput","","","","","list","User load units / ID / path / profile / comment","PendingCatalogMapping","PendingCallSiteReview","Requested source LC slot; gaps and IDs preserved","CLoadCombinationReader -> batch -> typed results","NotRun","Inventoried:BehaviorNotAccepted"
"rngLoadCombinations.Slot15.Comment","rngLoadCombinations","Config!U18","UserInput","","","","","TextOrNumber:PendingContractReview","User load units / ID / path / profile / comment","PendingCatalogMapping","PendingCallSiteReview","Requested source LC slot; gaps and IDs preserved","CLoadCombinationReader -> batch -> typed results","NotRun","Inventoried:BehaviorNotAccepted"
"rngLoadCombinations.Slot16.CombinationID","rngLoadCombinations","Config!O19","UserInput","","","","","TextOrNumber:PendingContractReview","User load units / ID / path / profile / comment","PendingCatalogMapping","PendingCallSiteReview","Requested source LC slot; gaps and IDs preserved","CLoadCombinationReader -> batch -> typed results","NotRun","Inventoried:BehaviorNotAccepted"
"rngLoadCombinations.Slot16.N, tf","rngLoadCombinations","Config!P19","UserInput","","","","","TextOrNumber:PendingContractReview","User load units / ID / path / profile / comment","PendingCatalogMapping","PendingCallSiteReview","Requested source LC slot; gaps and IDs preserved","CLoadCombinationReader -> batch -> typed results","NotRun","Inventoried:BehaviorNotAccepted"
"rngLoadCombinations.Slot16.Mx, tf*m","rngLoadCombinations","Config!Q19","UserInput","","","","","TextOrNumber:PendingContractReview","User load units / ID / path / profile / comment","PendingCatalogMapping","PendingCallSiteReview","Requested source LC slot; gaps and IDs preserved","CLoadCombinationReader -> batch -> typed results","NotRun","Inventoried:BehaviorNotAccepted"
"rngLoadCombinations.Slot16.My, tf*m","rngLoadCombinations","Config!R19","UserInput","","","","","TextOrNumber:PendingContractReview","User load units / ID / path / profile / comment","PendingCatalogMapping","PendingCallSiteReview","Requested source LC slot; gaps and IDs preserved","CLoadCombinationReader -> batch -> typed results","NotRun","Inventoried:BehaviorNotAccepted"
"rngLoadCombinations.Slot16.ProfileId","rngLoadCombinations","Config!S19","UserInput","","","","","list","User load units / ID / path / profile / comment","PendingCatalogMapping","PendingCallSiteReview","Requested source LC slot; gaps and IDs preserved","CLoadCombinationReader -> batch -> typed results","NotRun","Inventoried:BehaviorNotAccepted"
"rngLoadCombinations.Slot16.CapacityLoadPath","rngLoadCombinations","Config!T19","UserInput","","","","","list","User load units / ID / path / profile / comment","PendingCatalogMapping","PendingCallSiteReview","Requested source LC slot; gaps and IDs preserved","CLoadCombinationReader -> batch -> typed results","NotRun","Inventoried:BehaviorNotAccepted"
"rngLoadCombinations.Slot16.Comment","rngLoadCombinations","Config!U19","UserInput","","","","","TextOrNumber:PendingContractReview","User load units / ID / path / profile / comment","PendingCatalogMapping","PendingCallSiteReview","Requested source LC slot; gaps and IDs preserved","CLoadCombinationReader -> batch -> typed results","NotRun","Inventoried:BehaviorNotAccepted"
"rngLoadCombinations.Slot17.CombinationID","rngLoadCombinations","Config!O20","UserInput","","","","","TextOrNumber:PendingContractReview","User load units / ID / path / profile / comment","PendingCatalogMapping","PendingCallSiteReview","Requested source LC slot; gaps and IDs preserved","CLoadCombinationReader -> batch -> typed results","NotRun","Inventoried:BehaviorNotAccepted"
"rngLoadCombinations.Slot17.N, tf","rngLoadCombinations","Config!P20","UserInput","","","","","TextOrNumber:PendingContractReview","User load units / ID / path / profile / comment","PendingCatalogMapping","PendingCallSiteReview","Requested source LC slot; gaps and IDs preserved","CLoadCombinationReader -> batch -> typed results","NotRun","Inventoried:BehaviorNotAccepted"
"rngLoadCombinations.Slot17.Mx, tf*m","rngLoadCombinations","Config!Q20","UserInput","","","","","TextOrNumber:PendingContractReview","User load units / ID / path / profile / comment","PendingCatalogMapping","PendingCallSiteReview","Requested source LC slot; gaps and IDs preserved","CLoadCombinationReader -> batch -> typed results","NotRun","Inventoried:BehaviorNotAccepted"
"rngLoadCombinations.Slot17.My, tf*m","rngLoadCombinations","Config!R20","UserInput","","","","","TextOrNumber:PendingContractReview","User load units / ID / path / profile / comment","PendingCatalogMapping","PendingCallSiteReview","Requested source LC slot; gaps and IDs preserved","CLoadCombinationReader -> batch -> typed results","NotRun","Inventoried:BehaviorNotAccepted"
"rngLoadCombinations.Slot17.ProfileId","rngLoadCombinations","Config!S20","UserInput","","","","","list","User load units / ID / path / profile / comment","PendingCatalogMapping","PendingCallSiteReview","Requested source LC slot; gaps and IDs preserved","CLoadCombinationReader -> batch -> typed results","NotRun","Inventoried:BehaviorNotAccepted"
"rngLoadCombinations.Slot17.CapacityLoadPath","rngLoadCombinations","Config!T20","UserInput","","","","","list","User load units / ID / path / profile / comment","PendingCatalogMapping","PendingCallSiteReview","Requested source LC slot; gaps and IDs preserved","CLoadCombinationReader -> batch -> typed results","NotRun","Inventoried:BehaviorNotAccepted"
"rngLoadCombinations.Slot17.Comment","rngLoadCombinations","Config!U20","UserInput","","","","","TextOrNumber:PendingContractReview","User load units / ID / path / profile / comment","PendingCatalogMapping","PendingCallSiteReview","Requested source LC slot; gaps and IDs preserved","CLoadCombinationReader -> batch -> typed results","NotRun","Inventoried:BehaviorNotAccepted"
"rngLoadCombinations.Slot18.CombinationID","rngLoadCombinations","Config!O21","UserInput","","","","","TextOrNumber:PendingContractReview","User load units / ID / path / profile / comment","PendingCatalogMapping","PendingCallSiteReview","Requested source LC slot; gaps and IDs preserved","CLoadCombinationReader -> batch -> typed results","NotRun","Inventoried:BehaviorNotAccepted"
"rngLoadCombinations.Slot18.N, tf","rngLoadCombinations","Config!P21","UserInput","","","","","TextOrNumber:PendingContractReview","User load units / ID / path / profile / comment","PendingCatalogMapping","PendingCallSiteReview","Requested source LC slot; gaps and IDs preserved","CLoadCombinationReader -> batch -> typed results","NotRun","Inventoried:BehaviorNotAccepted"
"rngLoadCombinations.Slot18.Mx, tf*m","rngLoadCombinations","Config!Q21","UserInput","","","","","TextOrNumber:PendingContractReview","User load units / ID / path / profile / comment","PendingCatalogMapping","PendingCallSiteReview","Requested source LC slot; gaps and IDs preserved","CLoadCombinationReader -> batch -> typed results","NotRun","Inventoried:BehaviorNotAccepted"
"rngLoadCombinations.Slot18.My, tf*m","rngLoadCombinations","Config!R21","UserInput","","","","","TextOrNumber:PendingContractReview","User load units / ID / path / profile / comment","PendingCatalogMapping","PendingCallSiteReview","Requested source LC slot; gaps and IDs preserved","CLoadCombinationReader -> batch -> typed results","NotRun","Inventoried:BehaviorNotAccepted"
"rngLoadCombinations.Slot18.ProfileId","rngLoadCombinations","Config!S21","UserInput","","","","","list","User load units / ID / path / profile / comment","PendingCatalogMapping","PendingCallSiteReview","Requested source LC slot; gaps and IDs preserved","CLoadCombinationReader -> batch -> typed results","NotRun","Inventoried:BehaviorNotAccepted"
"rngLoadCombinations.Slot18.CapacityLoadPath","rngLoadCombinations","Config!T21","UserInput","","","","","list","User load units / ID / path / profile / comment","PendingCatalogMapping","PendingCallSiteReview","Requested source LC slot; gaps and IDs preserved","CLoadCombinationReader -> batch -> typed results","NotRun","Inventoried:BehaviorNotAccepted"
"rngLoadCombinations.Slot18.Comment","rngLoadCombinations","Config!U21","UserInput","","","","","TextOrNumber:PendingContractReview","User load units / ID / path / profile / comment","PendingCatalogMapping","PendingCallSiteReview","Requested source LC slot; gaps and IDs preserved","CLoadCombinationReader -> batch -> typed results","NotRun","Inventoried:BehaviorNotAccepted"
"rngLoadCombinations.Slot19.CombinationID","rngLoadCombinations","Config!O22","UserInput","","","","","TextOrNumber:PendingContractReview","User load units / ID / path / profile / comment","PendingCatalogMapping","PendingCallSiteReview","Requested source LC slot; gaps and IDs preserved","CLoadCombinationReader -> batch -> typed results","NotRun","Inventoried:BehaviorNotAccepted"
"rngLoadCombinations.Slot19.N, tf","rngLoadCombinations","Config!P22","UserInput","","","","","TextOrNumber:PendingContractReview","User load units / ID / path / profile / comment","PendingCatalogMapping","PendingCallSiteReview","Requested source LC slot; gaps and IDs preserved","CLoadCombinationReader -> batch -> typed results","NotRun","Inventoried:BehaviorNotAccepted"
"rngLoadCombinations.Slot19.Mx, tf*m","rngLoadCombinations","Config!Q22","UserInput","","","","","TextOrNumber:PendingContractReview","User load units / ID / path / profile / comment","PendingCatalogMapping","PendingCallSiteReview","Requested source LC slot; gaps and IDs preserved","CLoadCombinationReader -> batch -> typed results","NotRun","Inventoried:BehaviorNotAccepted"
"rngLoadCombinations.Slot19.My, tf*m","rngLoadCombinations","Config!R22","UserInput","","","","","TextOrNumber:PendingContractReview","User load units / ID / path / profile / comment","PendingCatalogMapping","PendingCallSiteReview","Requested source LC slot; gaps and IDs preserved","CLoadCombinationReader -> batch -> typed results","NotRun","Inventoried:BehaviorNotAccepted"
"rngLoadCombinations.Slot19.ProfileId","rngLoadCombinations","Config!S22","UserInput","","","","","list","User load units / ID / path / profile / comment","PendingCatalogMapping","PendingCallSiteReview","Requested source LC slot; gaps and IDs preserved","CLoadCombinationReader -> batch -> typed results","NotRun","Inventoried:BehaviorNotAccepted"
"rngLoadCombinations.Slot19.CapacityLoadPath","rngLoadCombinations","Config!T22","UserInput","","","","","list","User load units / ID / path / profile / comment","PendingCatalogMapping","PendingCallSiteReview","Requested source LC slot; gaps and IDs preserved","CLoadCombinationReader -> batch -> typed results","NotRun","Inventoried:BehaviorNotAccepted"
"rngLoadCombinations.Slot19.Comment","rngLoadCombinations","Config!U22","UserInput","","","","","TextOrNumber:PendingContractReview","User load units / ID / path / profile / comment","PendingCatalogMapping","PendingCallSiteReview","Requested source LC slot; gaps and IDs preserved","CLoadCombinationReader -> batch -> typed results","NotRun","Inventoried:BehaviorNotAccepted"
"rngLoadCombinations.Slot20.CombinationID","rngLoadCombinations","Config!O23","UserInput","","","","","TextOrNumber:PendingContractReview","User load units / ID / path / profile / comment","PendingCatalogMapping","PendingCallSiteReview","Requested source LC slot; gaps and IDs preserved","CLoadCombinationReader -> batch -> typed results","NotRun","Inventoried:BehaviorNotAccepted"
"rngLoadCombinations.Slot20.N, tf","rngLoadCombinations","Config!P23","UserInput","","","","","TextOrNumber:PendingContractReview","User load units / ID / path / profile / comment","PendingCatalogMapping","PendingCallSiteReview","Requested source LC slot; gaps and IDs preserved","CLoadCombinationReader -> batch -> typed results","NotRun","Inventoried:BehaviorNotAccepted"
"rngLoadCombinations.Slot20.Mx, tf*m","rngLoadCombinations","Config!Q23","UserInput","","","","","TextOrNumber:PendingContractReview","User load units / ID / path / profile / comment","PendingCatalogMapping","PendingCallSiteReview","Requested source LC slot; gaps and IDs preserved","CLoadCombinationReader -> batch -> typed results","NotRun","Inventoried:BehaviorNotAccepted"
"rngLoadCombinations.Slot20.My, tf*m","rngLoadCombinations","Config!R23","UserInput","","","","","TextOrNumber:PendingContractReview","User load units / ID / path / profile / comment","PendingCatalogMapping","PendingCallSiteReview","Requested source LC slot; gaps and IDs preserved","CLoadCombinationReader -> batch -> typed results","NotRun","Inventoried:BehaviorNotAccepted"
"rngLoadCombinations.Slot20.ProfileId","rngLoadCombinations","Config!S23","UserInput","","","","","list","User load units / ID / path / profile / comment","PendingCatalogMapping","PendingCallSiteReview","Requested source LC slot; gaps and IDs preserved","CLoadCombinationReader -> batch -> typed results","NotRun","Inventoried:BehaviorNotAccepted"
"rngLoadCombinations.Slot20.CapacityLoadPath","rngLoadCombinations","Config!T23","UserInput","","","","","list","User load units / ID / path / profile / comment","PendingCatalogMapping","PendingCallSiteReview","Requested source LC slot; gaps and IDs preserved","CLoadCombinationReader -> batch -> typed results","NotRun","Inventoried:BehaviorNotAccepted"
"rngLoadCombinations.Slot20.Comment","rngLoadCombinations","Config!U23","UserInput","","","","","TextOrNumber:PendingContractReview","User load units / ID / path / profile / comment","PendingCatalogMapping","PendingCallSiteReview","Requested source LC slot; gaps and IDs preserved","CLoadCombinationReader -> batch -> typed results","NotRun","Inventoried:BehaviorNotAccepted"
"rngLoadCombinations.Slot21.CombinationID","rngLoadCombinations","Config!O24","UserInput","","","","","TextOrNumber:PendingContractReview","User load units / ID / path / profile / comment","PendingCatalogMapping","PendingCallSiteReview","Requested source LC slot; gaps and IDs preserved","CLoadCombinationReader -> batch -> typed results","NotRun","Inventoried:BehaviorNotAccepted"
"rngLoadCombinations.Slot21.N, tf","rngLoadCombinations","Config!P24","UserInput","","","","","TextOrNumber:PendingContractReview","User load units / ID / path / profile / comment","PendingCatalogMapping","PendingCallSiteReview","Requested source LC slot; gaps and IDs preserved","CLoadCombinationReader -> batch -> typed results","NotRun","Inventoried:BehaviorNotAccepted"
"rngLoadCombinations.Slot21.Mx, tf*m","rngLoadCombinations","Config!Q24","UserInput","","","","","TextOrNumber:PendingContractReview","User load units / ID / path / profile / comment","PendingCatalogMapping","PendingCallSiteReview","Requested source LC slot; gaps and IDs preserved","CLoadCombinationReader -> batch -> typed results","NotRun","Inventoried:BehaviorNotAccepted"
"rngLoadCombinations.Slot21.My, tf*m","rngLoadCombinations","Config!R24","UserInput","","","","","TextOrNumber:PendingContractReview","User load units / ID / path / profile / comment","PendingCatalogMapping","PendingCallSiteReview","Requested source LC slot; gaps and IDs preserved","CLoadCombinationReader -> batch -> typed results","NotRun","Inventoried:BehaviorNotAccepted"
"rngLoadCombinations.Slot21.ProfileId","rngLoadCombinations","Config!S24","UserInput","","","","","list","User load units / ID / path / profile / comment","PendingCatalogMapping","PendingCallSiteReview","Requested source LC slot; gaps and IDs preserved","CLoadCombinationReader -> batch -> typed results","NotRun","Inventoried:BehaviorNotAccepted"
"rngLoadCombinations.Slot21.CapacityLoadPath","rngLoadCombinations","Config!T24","UserInput","","","","","list","User load units / ID / path / profile / comment","PendingCatalogMapping","PendingCallSiteReview","Requested source LC slot; gaps and IDs preserved","CLoadCombinationReader -> batch -> typed results","NotRun","Inventoried:BehaviorNotAccepted"
"rngLoadCombinations.Slot21.Comment","rngLoadCombinations","Config!U24","UserInput","","","","","TextOrNumber:PendingContractReview","User load units / ID / path / profile / comment","PendingCatalogMapping","PendingCallSiteReview","Requested source LC slot; gaps and IDs preserved","CLoadCombinationReader -> batch -> typed results","NotRun","Inventoried:BehaviorNotAccepted"
"rngLoadCombinations.Slot22.CombinationID","rngLoadCombinations","Config!O25","UserInput","","","","","TextOrNumber:PendingContractReview","User load units / ID / path / profile / comment","PendingCatalogMapping","PendingCallSiteReview","Requested source LC slot; gaps and IDs preserved","CLoadCombinationReader -> batch -> typed results","NotRun","Inventoried:BehaviorNotAccepted"
"rngLoadCombinations.Slot22.N, tf","rngLoadCombinations","Config!P25","UserInput","","","","","TextOrNumber:PendingContractReview","User load units / ID / path / profile / comment","PendingCatalogMapping","PendingCallSiteReview","Requested source LC slot; gaps and IDs preserved","CLoadCombinationReader -> batch -> typed results","NotRun","Inventoried:BehaviorNotAccepted"
"rngLoadCombinations.Slot22.Mx, tf*m","rngLoadCombinations","Config!Q25","UserInput","","","","","TextOrNumber:PendingContractReview","User load units / ID / path / profile / comment","PendingCatalogMapping","PendingCallSiteReview","Requested source LC slot; gaps and IDs preserved","CLoadCombinationReader -> batch -> typed results","NotRun","Inventoried:BehaviorNotAccepted"
"rngLoadCombinations.Slot22.My, tf*m","rngLoadCombinations","Config!R25","UserInput","","","","","TextOrNumber:PendingContractReview","User load units / ID / path / profile / comment","PendingCatalogMapping","PendingCallSiteReview","Requested source LC slot; gaps and IDs preserved","CLoadCombinationReader -> batch -> typed results","NotRun","Inventoried:BehaviorNotAccepted"
"rngLoadCombinations.Slot22.ProfileId","rngLoadCombinations","Config!S25","UserInput","","","","","list","User load units / ID / path / profile / comment","PendingCatalogMapping","PendingCallSiteReview","Requested source LC slot; gaps and IDs preserved","CLoadCombinationReader -> batch -> typed results","NotRun","Inventoried:BehaviorNotAccepted"
"rngLoadCombinations.Slot22.CapacityLoadPath","rngLoadCombinations","Config!T25","UserInput","","","","","list","User load units / ID / path / profile / comment","PendingCatalogMapping","PendingCallSiteReview","Requested source LC slot; gaps and IDs preserved","CLoadCombinationReader -> batch -> typed results","NotRun","Inventoried:BehaviorNotAccepted"
"rngLoadCombinations.Slot22.Comment","rngLoadCombinations","Config!U25","UserInput","","","","","TextOrNumber:PendingContractReview","User load units / ID / path / profile / comment","PendingCatalogMapping","PendingCallSiteReview","Requested source LC slot; gaps and IDs preserved","CLoadCombinationReader -> batch -> typed results","NotRun","Inventoried:BehaviorNotAccepted"
"rngLoadCombinations.Slot23.CombinationID","rngLoadCombinations","Config!O26","UserInput","","","","","TextOrNumber:PendingContractReview","User load units / ID / path / profile / comment","PendingCatalogMapping","PendingCallSiteReview","Requested source LC slot; gaps and IDs preserved","CLoadCombinationReader -> batch -> typed results","NotRun","Inventoried:BehaviorNotAccepted"
"rngLoadCombinations.Slot23.N, tf","rngLoadCombinations","Config!P26","UserInput","","","","","TextOrNumber:PendingContractReview","User load units / ID / path / profile / comment","PendingCatalogMapping","PendingCallSiteReview","Requested source LC slot; gaps and IDs preserved","CLoadCombinationReader -> batch -> typed results","NotRun","Inventoried:BehaviorNotAccepted"
"rngLoadCombinations.Slot23.Mx, tf*m","rngLoadCombinations","Config!Q26","UserInput","","","","","TextOrNumber:PendingContractReview","User load units / ID / path / profile / comment","PendingCatalogMapping","PendingCallSiteReview","Requested source LC slot; gaps and IDs preserved","CLoadCombinationReader -> batch -> typed results","NotRun","Inventoried:BehaviorNotAccepted"
"rngLoadCombinations.Slot23.My, tf*m","rngLoadCombinations","Config!R26","UserInput","","","","","TextOrNumber:PendingContractReview","User load units / ID / path / profile / comment","PendingCatalogMapping","PendingCallSiteReview","Requested source LC slot; gaps and IDs preserved","CLoadCombinationReader -> batch -> typed results","NotRun","Inventoried:BehaviorNotAccepted"
"rngLoadCombinations.Slot23.ProfileId","rngLoadCombinations","Config!S26","UserInput","","","","","list","User load units / ID / path / profile / comment","PendingCatalogMapping","PendingCallSiteReview","Requested source LC slot; gaps and IDs preserved","CLoadCombinationReader -> batch -> typed results","NotRun","Inventoried:BehaviorNotAccepted"
"rngLoadCombinations.Slot23.CapacityLoadPath","rngLoadCombinations","Config!T26","UserInput","","","","","list","User load units / ID / path / profile / comment","PendingCatalogMapping","PendingCallSiteReview","Requested source LC slot; gaps and IDs preserved","CLoadCombinationReader -> batch -> typed results","NotRun","Inventoried:BehaviorNotAccepted"
"rngLoadCombinations.Slot23.Comment","rngLoadCombinations","Config!U26","UserInput","","","","","TextOrNumber:PendingContractReview","User load units / ID / path / profile / comment","PendingCatalogMapping","PendingCallSiteReview","Requested source LC slot; gaps and IDs preserved","CLoadCombinationReader -> batch -> typed results","NotRun","Inventoried:BehaviorNotAccepted"
"rngLoadCombinations.Slot24.CombinationID","rngLoadCombinations","Config!O27","UserInput","","","","","TextOrNumber:PendingContractReview","User load units / ID / path / profile / comment","PendingCatalogMapping","PendingCallSiteReview","Requested source LC slot; gaps and IDs preserved","CLoadCombinationReader -> batch -> typed results","NotRun","Inventoried:BehaviorNotAccepted"
"rngLoadCombinations.Slot24.N, tf","rngLoadCombinations","Config!P27","UserInput","","","","","TextOrNumber:PendingContractReview","User load units / ID / path / profile / comment","PendingCatalogMapping","PendingCallSiteReview","Requested source LC slot; gaps and IDs preserved","CLoadCombinationReader -> batch -> typed results","NotRun","Inventoried:BehaviorNotAccepted"
"rngLoadCombinations.Slot24.Mx, tf*m","rngLoadCombinations","Config!Q27","UserInput","","","","","TextOrNumber:PendingContractReview","User load units / ID / path / profile / comment","PendingCatalogMapping","PendingCallSiteReview","Requested source LC slot; gaps and IDs preserved","CLoadCombinationReader -> batch -> typed results","NotRun","Inventoried:BehaviorNotAccepted"
"rngLoadCombinations.Slot24.My, tf*m","rngLoadCombinations","Config!R27","UserInput","","","","","TextOrNumber:PendingContractReview","User load units / ID / path / profile / comment","PendingCatalogMapping","PendingCallSiteReview","Requested source LC slot; gaps and IDs preserved","CLoadCombinationReader -> batch -> typed results","NotRun","Inventoried:BehaviorNotAccepted"
"rngLoadCombinations.Slot24.ProfileId","rngLoadCombinations","Config!S27","UserInput","","","","","list","User load units / ID / path / profile / comment","PendingCatalogMapping","PendingCallSiteReview","Requested source LC slot; gaps and IDs preserved","CLoadCombinationReader -> batch -> typed results","NotRun","Inventoried:BehaviorNotAccepted"
"rngLoadCombinations.Slot24.CapacityLoadPath","rngLoadCombinations","Config!T27","UserInput","","","","","list","User load units / ID / path / profile / comment","PendingCatalogMapping","PendingCallSiteReview","Requested source LC slot; gaps and IDs preserved","CLoadCombinationReader -> batch -> typed results","NotRun","Inventoried:BehaviorNotAccepted"
"rngLoadCombinations.Slot24.Comment","rngLoadCombinations","Config!U27","UserInput","","","","","TextOrNumber:PendingContractReview","User load units / ID / path / profile / comment","PendingCatalogMapping","PendingCallSiteReview","Requested source LC slot; gaps and IDs preserved","CLoadCombinationReader -> batch -> typed results","NotRun","Inventoried:BehaviorNotAccepted"
"rngLoadCombinations.Slot25.CombinationID","rngLoadCombinations","Config!O28","UserInput","","","","","TextOrNumber:PendingContractReview","User load units / ID / path / profile / comment","PendingCatalogMapping","PendingCallSiteReview","Requested source LC slot; gaps and IDs preserved","CLoadCombinationReader -> batch -> typed results","NotRun","Inventoried:BehaviorNotAccepted"
"rngLoadCombinations.Slot25.N, tf","rngLoadCombinations","Config!P28","UserInput","","","","","TextOrNumber:PendingContractReview","User load units / ID / path / profile / comment","PendingCatalogMapping","PendingCallSiteReview","Requested source LC slot; gaps and IDs preserved","CLoadCombinationReader -> batch -> typed results","NotRun","Inventoried:BehaviorNotAccepted"
"rngLoadCombinations.Slot25.Mx, tf*m","rngLoadCombinations","Config!Q28","UserInput","","","","","TextOrNumber:PendingContractReview","User load units / ID / path / profile / comment","PendingCatalogMapping","PendingCallSiteReview","Requested source LC slot; gaps and IDs preserved","CLoadCombinationReader -> batch -> typed results","NotRun","Inventoried:BehaviorNotAccepted"
"rngLoadCombinations.Slot25.My, tf*m","rngLoadCombinations","Config!R28","UserInput","","","","","TextOrNumber:PendingContractReview","User load units / ID / path / profile / comment","PendingCatalogMapping","PendingCallSiteReview","Requested source LC slot; gaps and IDs preserved","CLoadCombinationReader -> batch -> typed results","NotRun","Inventoried:BehaviorNotAccepted"
"rngLoadCombinations.Slot25.ProfileId","rngLoadCombinations","Config!S28","UserInput","","","","","list","User load units / ID / path / profile / comment","PendingCatalogMapping","PendingCallSiteReview","Requested source LC slot; gaps and IDs preserved","CLoadCombinationReader -> batch -> typed results","NotRun","Inventoried:BehaviorNotAccepted"
"rngLoadCombinations.Slot25.CapacityLoadPath","rngLoadCombinations","Config!T28","UserInput","","","","","list","User load units / ID / path / profile / comment","PendingCatalogMapping","PendingCallSiteReview","Requested source LC slot; gaps and IDs preserved","CLoadCombinationReader -> batch -> typed results","NotRun","Inventoried:BehaviorNotAccepted"
"rngLoadCombinations.Slot25.Comment","rngLoadCombinations","Config!U28","UserInput","","","","","TextOrNumber:PendingContractReview","User load units / ID / path / profile / comment","PendingCatalogMapping","PendingCallSiteReview","Requested source LC slot; gaps and IDs preserved","CLoadCombinationReader -> batch -> typed results","NotRun","Inventoried:BehaviorNotAccepted"
"rngLoadCombinations.Slot26.CombinationID","rngLoadCombinations","Config!O29","UserInput","","","","","TextOrNumber:PendingContractReview","User load units / ID / path / profile / comment","PendingCatalogMapping","PendingCallSiteReview","Requested source LC slot; gaps and IDs preserved","CLoadCombinationReader -> batch -> typed results","NotRun","Inventoried:BehaviorNotAccepted"
"rngLoadCombinations.Slot26.N, tf","rngLoadCombinations","Config!P29","UserInput","","","","","TextOrNumber:PendingContractReview","User load units / ID / path / profile / comment","PendingCatalogMapping","PendingCallSiteReview","Requested source LC slot; gaps and IDs preserved","CLoadCombinationReader -> batch -> typed results","NotRun","Inventoried:BehaviorNotAccepted"
"rngLoadCombinations.Slot26.Mx, tf*m","rngLoadCombinations","Config!Q29","UserInput","","","","","TextOrNumber:PendingContractReview","User load units / ID / path / profile / comment","PendingCatalogMapping","PendingCallSiteReview","Requested source LC slot; gaps and IDs preserved","CLoadCombinationReader -> batch -> typed results","NotRun","Inventoried:BehaviorNotAccepted"
"rngLoadCombinations.Slot26.My, tf*m","rngLoadCombinations","Config!R29","UserInput","","","","","TextOrNumber:PendingContractReview","User load units / ID / path / profile / comment","PendingCatalogMapping","PendingCallSiteReview","Requested source LC slot; gaps and IDs preserved","CLoadCombinationReader -> batch -> typed results","NotRun","Inventoried:BehaviorNotAccepted"
"rngLoadCombinations.Slot26.ProfileId","rngLoadCombinations","Config!S29","UserInput","","","","","list","User load units / ID / path / profile / comment","PendingCatalogMapping","PendingCallSiteReview","Requested source LC slot; gaps and IDs preserved","CLoadCombinationReader -> batch -> typed results","NotRun","Inventoried:BehaviorNotAccepted"
"rngLoadCombinations.Slot26.CapacityLoadPath","rngLoadCombinations","Config!T29","UserInput","","","","","list","User load units / ID / path / profile / comment","PendingCatalogMapping","PendingCallSiteReview","Requested source LC slot; gaps and IDs preserved","CLoadCombinationReader -> batch -> typed results","NotRun","Inventoried:BehaviorNotAccepted"
"rngLoadCombinations.Slot26.Comment","rngLoadCombinations","Config!U29","UserInput","","","","","TextOrNumber:PendingContractReview","User load units / ID / path / profile / comment","PendingCatalogMapping","PendingCallSiteReview","Requested source LC slot; gaps and IDs preserved","CLoadCombinationReader -> batch -> typed results","NotRun","Inventoried:BehaviorNotAccepted"
"rngLoadCombinations.Slot27.CombinationID","rngLoadCombinations","Config!O30","UserInput","","","","","TextOrNumber:PendingContractReview","User load units / ID / path / profile / comment","PendingCatalogMapping","PendingCallSiteReview","Requested source LC slot; gaps and IDs preserved","CLoadCombinationReader -> batch -> typed results","NotRun","Inventoried:BehaviorNotAccepted"
"rngLoadCombinations.Slot27.N, tf","rngLoadCombinations","Config!P30","UserInput","","","","","TextOrNumber:PendingContractReview","User load units / ID / path / profile / comment","PendingCatalogMapping","PendingCallSiteReview","Requested source LC slot; gaps and IDs preserved","CLoadCombinationReader -> batch -> typed results","NotRun","Inventoried:BehaviorNotAccepted"
"rngLoadCombinations.Slot27.Mx, tf*m","rngLoadCombinations","Config!Q30","UserInput","","","","","TextOrNumber:PendingContractReview","User load units / ID / path / profile / comment","PendingCatalogMapping","PendingCallSiteReview","Requested source LC slot; gaps and IDs preserved","CLoadCombinationReader -> batch -> typed results","NotRun","Inventoried:BehaviorNotAccepted"
"rngLoadCombinations.Slot27.My, tf*m","rngLoadCombinations","Config!R30","UserInput","","","","","TextOrNumber:PendingContractReview","User load units / ID / path / profile / comment","PendingCatalogMapping","PendingCallSiteReview","Requested source LC slot; gaps and IDs preserved","CLoadCombinationReader -> batch -> typed results","NotRun","Inventoried:BehaviorNotAccepted"
"rngLoadCombinations.Slot27.ProfileId","rngLoadCombinations","Config!S30","UserInput","","","","","list","User load units / ID / path / profile / comment","PendingCatalogMapping","PendingCallSiteReview","Requested source LC slot; gaps and IDs preserved","CLoadCombinationReader -> batch -> typed results","NotRun","Inventoried:BehaviorNotAccepted"
"rngLoadCombinations.Slot27.CapacityLoadPath","rngLoadCombinations","Config!T30","UserInput","","","","","list","User load units / ID / path / profile / comment","PendingCatalogMapping","PendingCallSiteReview","Requested source LC slot; gaps and IDs preserved","CLoadCombinationReader -> batch -> typed results","NotRun","Inventoried:BehaviorNotAccepted"
"rngLoadCombinations.Slot27.Comment","rngLoadCombinations","Config!U30","UserInput","","","","","TextOrNumber:PendingContractReview","User load units / ID / path / profile / comment","PendingCatalogMapping","PendingCallSiteReview","Requested source LC slot; gaps and IDs preserved","CLoadCombinationReader -> batch -> typed results","NotRun","Inventoried:BehaviorNotAccepted"
"rngLoadCombinations.Slot28.CombinationID","rngLoadCombinations","Config!O31","UserInput","","","","","TextOrNumber:PendingContractReview","User load units / ID / path / profile / comment","PendingCatalogMapping","PendingCallSiteReview","Requested source LC slot; gaps and IDs preserved","CLoadCombinationReader -> batch -> typed results","NotRun","Inventoried:BehaviorNotAccepted"
"rngLoadCombinations.Slot28.N, tf","rngLoadCombinations","Config!P31","UserInput","","","","","TextOrNumber:PendingContractReview","User load units / ID / path / profile / comment","PendingCatalogMapping","PendingCallSiteReview","Requested source LC slot; gaps and IDs preserved","CLoadCombinationReader -> batch -> typed results","NotRun","Inventoried:BehaviorNotAccepted"
"rngLoadCombinations.Slot28.Mx, tf*m","rngLoadCombinations","Config!Q31","UserInput","","","","","TextOrNumber:PendingContractReview","User load units / ID / path / profile / comment","PendingCatalogMapping","PendingCallSiteReview","Requested source LC slot; gaps and IDs preserved","CLoadCombinationReader -> batch -> typed results","NotRun","Inventoried:BehaviorNotAccepted"
"rngLoadCombinations.Slot28.My, tf*m","rngLoadCombinations","Config!R31","UserInput","","","","","TextOrNumber:PendingContractReview","User load units / ID / path / profile / comment","PendingCatalogMapping","PendingCallSiteReview","Requested source LC slot; gaps and IDs preserved","CLoadCombinationReader -> batch -> typed results","NotRun","Inventoried:BehaviorNotAccepted"
"rngLoadCombinations.Slot28.ProfileId","rngLoadCombinations","Config!S31","UserInput","","","","","list","User load units / ID / path / profile / comment","PendingCatalogMapping","PendingCallSiteReview","Requested source LC slot; gaps and IDs preserved","CLoadCombinationReader -> batch -> typed results","NotRun","Inventoried:BehaviorNotAccepted"
"rngLoadCombinations.Slot28.CapacityLoadPath","rngLoadCombinations","Config!T31","UserInput","","","","","list","User load units / ID / path / profile / comment","PendingCatalogMapping","PendingCallSiteReview","Requested source LC slot; gaps and IDs preserved","CLoadCombinationReader -> batch -> typed results","NotRun","Inventoried:BehaviorNotAccepted"
"rngLoadCombinations.Slot28.Comment","rngLoadCombinations","Config!U31","UserInput","","","","","TextOrNumber:PendingContractReview","User load units / ID / path / profile / comment","PendingCatalogMapping","PendingCallSiteReview","Requested source LC slot; gaps and IDs preserved","CLoadCombinationReader -> batch -> typed results","NotRun","Inventoried:BehaviorNotAccepted"
"rngLoadCombinations.Slot29.CombinationID","rngLoadCombinations","Config!O32","UserInput","","","","","TextOrNumber:PendingContractReview","User load units / ID / path / profile / comment","PendingCatalogMapping","PendingCallSiteReview","Requested source LC slot; gaps and IDs preserved","CLoadCombinationReader -> batch -> typed results","NotRun","Inventoried:BehaviorNotAccepted"
"rngLoadCombinations.Slot29.N, tf","rngLoadCombinations","Config!P32","UserInput","","","","","TextOrNumber:PendingContractReview","User load units / ID / path / profile / comment","PendingCatalogMapping","PendingCallSiteReview","Requested source LC slot; gaps and IDs preserved","CLoadCombinationReader -> batch -> typed results","NotRun","Inventoried:BehaviorNotAccepted"
"rngLoadCombinations.Slot29.Mx, tf*m","rngLoadCombinations","Config!Q32","UserInput","","","","","TextOrNumber:PendingContractReview","User load units / ID / path / profile / comment","PendingCatalogMapping","PendingCallSiteReview","Requested source LC slot; gaps and IDs preserved","CLoadCombinationReader -> batch -> typed results","NotRun","Inventoried:BehaviorNotAccepted"
"rngLoadCombinations.Slot29.My, tf*m","rngLoadCombinations","Config!R32","UserInput","","","","","TextOrNumber:PendingContractReview","User load units / ID / path / profile / comment","PendingCatalogMapping","PendingCallSiteReview","Requested source LC slot; gaps and IDs preserved","CLoadCombinationReader -> batch -> typed results","NotRun","Inventoried:BehaviorNotAccepted"
"rngLoadCombinations.Slot29.ProfileId","rngLoadCombinations","Config!S32","UserInput","","","","","list","User load units / ID / path / profile / comment","PendingCatalogMapping","PendingCallSiteReview","Requested source LC slot; gaps and IDs preserved","CLoadCombinationReader -> batch -> typed results","NotRun","Inventoried:BehaviorNotAccepted"
"rngLoadCombinations.Slot29.CapacityLoadPath","rngLoadCombinations","Config!T32","UserInput","","","","","list","User load units / ID / path / profile / comment","PendingCatalogMapping","PendingCallSiteReview","Requested source LC slot; gaps and IDs preserved","CLoadCombinationReader -> batch -> typed results","NotRun","Inventoried:BehaviorNotAccepted"
"rngLoadCombinations.Slot29.Comment","rngLoadCombinations","Config!U32","UserInput","","","","","TextOrNumber:PendingContractReview","User load units / ID / path / profile / comment","PendingCatalogMapping","PendingCallSiteReview","Requested source LC slot; gaps and IDs preserved","CLoadCombinationReader -> batch -> typed results","NotRun","Inventoried:BehaviorNotAccepted"
"rngLoadCombinations.Slot30.CombinationID","rngLoadCombinations","Config!O33","UserInput","","","","","TextOrNumber:PendingContractReview","User load units / ID / path / profile / comment","PendingCatalogMapping","PendingCallSiteReview","Requested source LC slot; gaps and IDs preserved","CLoadCombinationReader -> batch -> typed results","NotRun","Inventoried:BehaviorNotAccepted"
"rngLoadCombinations.Slot30.N, tf","rngLoadCombinations","Config!P33","UserInput","","","","","TextOrNumber:PendingContractReview","User load units / ID / path / profile / comment","PendingCatalogMapping","PendingCallSiteReview","Requested source LC slot; gaps and IDs preserved","CLoadCombinationReader -> batch -> typed results","NotRun","Inventoried:BehaviorNotAccepted"
"rngLoadCombinations.Slot30.Mx, tf*m","rngLoadCombinations","Config!Q33","UserInput","","","","","TextOrNumber:PendingContractReview","User load units / ID / path / profile / comment","PendingCatalogMapping","PendingCallSiteReview","Requested source LC slot; gaps and IDs preserved","CLoadCombinationReader -> batch -> typed results","NotRun","Inventoried:BehaviorNotAccepted"
"rngLoadCombinations.Slot30.My, tf*m","rngLoadCombinations","Config!R33","UserInput","","","","","TextOrNumber:PendingContractReview","User load units / ID / path / profile / comment","PendingCatalogMapping","PendingCallSiteReview","Requested source LC slot; gaps and IDs preserved","CLoadCombinationReader -> batch -> typed results","NotRun","Inventoried:BehaviorNotAccepted"
"rngLoadCombinations.Slot30.ProfileId","rngLoadCombinations","Config!S33","UserInput","","","","","list","User load units / ID / path / profile / comment","PendingCatalogMapping","PendingCallSiteReview","Requested source LC slot; gaps and IDs preserved","CLoadCombinationReader -> batch -> typed results","NotRun","Inventoried:BehaviorNotAccepted"
"rngLoadCombinations.Slot30.CapacityLoadPath","rngLoadCombinations","Config!T33","UserInput","","","","","list","User load units / ID / path / profile / comment","PendingCatalogMapping","PendingCallSiteReview","Requested source LC slot; gaps and IDs preserved","CLoadCombinationReader -> batch -> typed results","NotRun","Inventoried:BehaviorNotAccepted"
"rngLoadCombinations.Slot30.Comment","rngLoadCombinations","Config!U33","UserInput","","","","","TextOrNumber:PendingContractReview","User load units / ID / path / profile / comment","PendingCatalogMapping","PendingCallSiteReview","Requested source LC slot; gaps and IDs preserved","CLoadCombinationReader -> batch -> typed results","NotRun","Inventoried:BehaviorNotAccepted"
"rngStabilityDurationLoads.Slot1.LC","rngStabilityDurationLoads","Config!P38","DerivedFormula","","","","IF(INDEX(rngLoadCombinations,2,1)="""","""",INDEX(rngLoadCombinations,2,1))","Formula","User load units / ID / path / profile / comment","PendingCatalogMapping","PendingCallSiteReview","Requested source LC slot; gaps and IDs preserved","modWorkbookCalculation.LoadStabilityDurationLoadsFromWorkbook -> CBatchSectionCalculator -> CStabilityCalculator","NotRun","Inventoried:BehaviorNotAccepted"
"rngStabilityDurationLoads.Slot1.N, tf","rngStabilityDurationLoads","Config!Q38","UserInput","","","0","","TextOrNumber:PendingContractReview","User load units / ID / path / profile / comment","PendingCatalogMapping","PendingCallSiteReview","Requested source LC slot; gaps and IDs preserved","modWorkbookCalculation.LoadStabilityDurationLoadsFromWorkbook -> CBatchSectionCalculator -> CStabilityCalculator","NotRun","Inventoried:BehaviorNotAccepted"
"rngStabilityDurationLoads.Slot1.Mx, tf*m","rngStabilityDurationLoads","Config!R38","UserInput","","","0","","TextOrNumber:PendingContractReview","User load units / ID / path / profile / comment","PendingCatalogMapping","PendingCallSiteReview","Requested source LC slot; gaps and IDs preserved","modWorkbookCalculation.LoadStabilityDurationLoadsFromWorkbook -> CBatchSectionCalculator -> CStabilityCalculator","NotRun","Inventoried:BehaviorNotAccepted"
"rngStabilityDurationLoads.Slot1.My, tf*m","rngStabilityDurationLoads","Config!S38","UserInput","","","0","","TextOrNumber:PendingContractReview","User load units / ID / path / profile / comment","PendingCatalogMapping","PendingCallSiteReview","Requested source LC slot; gaps and IDs preserved","modWorkbookCalculation.LoadStabilityDurationLoadsFromWorkbook -> CBatchSectionCalculator -> CStabilityCalculator","NotRun","Inventoried:BehaviorNotAccepted"
"rngStabilityDurationLoads.Slot2.LC","rngStabilityDurationLoads","Config!P39","DerivedFormula","","","","IF(INDEX(rngLoadCombinations,3,1)="""","""",INDEX(rngLoadCombinations,3,1))","Formula","User load units / ID / path / profile / comment","PendingCatalogMapping","PendingCallSiteReview","Requested source LC slot; gaps and IDs preserved","modWorkbookCalculation.LoadStabilityDurationLoadsFromWorkbook -> CBatchSectionCalculator -> CStabilityCalculator","NotRun","Inventoried:BehaviorNotAccepted"
"rngStabilityDurationLoads.Slot2.N, tf","rngStabilityDurationLoads","Config!Q39","UserInput","","","0","","TextOrNumber:PendingContractReview","User load units / ID / path / profile / comment","PendingCatalogMapping","PendingCallSiteReview","Requested source LC slot; gaps and IDs preserved","modWorkbookCalculation.LoadStabilityDurationLoadsFromWorkbook -> CBatchSectionCalculator -> CStabilityCalculator","NotRun","Inventoried:BehaviorNotAccepted"
"rngStabilityDurationLoads.Slot2.Mx, tf*m","rngStabilityDurationLoads","Config!R39","UserInput","","","0","","TextOrNumber:PendingContractReview","User load units / ID / path / profile / comment","PendingCatalogMapping","PendingCallSiteReview","Requested source LC slot; gaps and IDs preserved","modWorkbookCalculation.LoadStabilityDurationLoadsFromWorkbook -> CBatchSectionCalculator -> CStabilityCalculator","NotRun","Inventoried:BehaviorNotAccepted"
"rngStabilityDurationLoads.Slot2.My, tf*m","rngStabilityDurationLoads","Config!S39","UserInput","","","0","","TextOrNumber:PendingContractReview","User load units / ID / path / profile / comment","PendingCatalogMapping","PendingCallSiteReview","Requested source LC slot; gaps and IDs preserved","modWorkbookCalculation.LoadStabilityDurationLoadsFromWorkbook -> CBatchSectionCalculator -> CStabilityCalculator","NotRun","Inventoried:BehaviorNotAccepted"
"rngStabilityDurationLoads.Slot3.LC","rngStabilityDurationLoads","Config!P40","DerivedFormula","","","","IF(INDEX(rngLoadCombinations,4,1)="""","""",INDEX(rngLoadCombinations,4,1))","Formula","User load units / ID / path / profile / comment","PendingCatalogMapping","PendingCallSiteReview","Requested source LC slot; gaps and IDs preserved","modWorkbookCalculation.LoadStabilityDurationLoadsFromWorkbook -> CBatchSectionCalculator -> CStabilityCalculator","NotRun","Inventoried:BehaviorNotAccepted"
"rngStabilityDurationLoads.Slot3.N, tf","rngStabilityDurationLoads","Config!Q40","UserInput","","","0","","TextOrNumber:PendingContractReview","User load units / ID / path / profile / comment","PendingCatalogMapping","PendingCallSiteReview","Requested source LC slot; gaps and IDs preserved","modWorkbookCalculation.LoadStabilityDurationLoadsFromWorkbook -> CBatchSectionCalculator -> CStabilityCalculator","NotRun","Inventoried:BehaviorNotAccepted"
"rngStabilityDurationLoads.Slot3.Mx, tf*m","rngStabilityDurationLoads","Config!R40","UserInput","","","0","","TextOrNumber:PendingContractReview","User load units / ID / path / profile / comment","PendingCatalogMapping","PendingCallSiteReview","Requested source LC slot; gaps and IDs preserved","modWorkbookCalculation.LoadStabilityDurationLoadsFromWorkbook -> CBatchSectionCalculator -> CStabilityCalculator","NotRun","Inventoried:BehaviorNotAccepted"
"rngStabilityDurationLoads.Slot3.My, tf*m","rngStabilityDurationLoads","Config!S40","UserInput","","","0","","TextOrNumber:PendingContractReview","User load units / ID / path / profile / comment","PendingCatalogMapping","PendingCallSiteReview","Requested source LC slot; gaps and IDs preserved","modWorkbookCalculation.LoadStabilityDurationLoadsFromWorkbook -> CBatchSectionCalculator -> CStabilityCalculator","NotRun","Inventoried:BehaviorNotAccepted"
"rngStabilityDurationLoads.Slot4.LC","rngStabilityDurationLoads","Config!P41","DerivedFormula","","","","IF(INDEX(rngLoadCombinations,5,1)="""","""",INDEX(rngLoadCombinations,5,1))","Formula","User load units / ID / path / profile / comment","PendingCatalogMapping","PendingCallSiteReview","Requested source LC slot; gaps and IDs preserved","modWorkbookCalculation.LoadStabilityDurationLoadsFromWorkbook -> CBatchSectionCalculator -> CStabilityCalculator","NotRun","Inventoried:BehaviorNotAccepted"
"rngStabilityDurationLoads.Slot4.N, tf","rngStabilityDurationLoads","Config!Q41","UserInput","","","0","","TextOrNumber:PendingContractReview","User load units / ID / path / profile / comment","PendingCatalogMapping","PendingCallSiteReview","Requested source LC slot; gaps and IDs preserved","modWorkbookCalculation.LoadStabilityDurationLoadsFromWorkbook -> CBatchSectionCalculator -> CStabilityCalculator","NotRun","Inventoried:BehaviorNotAccepted"
"rngStabilityDurationLoads.Slot4.Mx, tf*m","rngStabilityDurationLoads","Config!R41","UserInput","","","0","","TextOrNumber:PendingContractReview","User load units / ID / path / profile / comment","PendingCatalogMapping","PendingCallSiteReview","Requested source LC slot; gaps and IDs preserved","modWorkbookCalculation.LoadStabilityDurationLoadsFromWorkbook -> CBatchSectionCalculator -> CStabilityCalculator","NotRun","Inventoried:BehaviorNotAccepted"
"rngStabilityDurationLoads.Slot4.My, tf*m","rngStabilityDurationLoads","Config!S41","UserInput","","","0","","TextOrNumber:PendingContractReview","User load units / ID / path / profile / comment","PendingCatalogMapping","PendingCallSiteReview","Requested source LC slot; gaps and IDs preserved","modWorkbookCalculation.LoadStabilityDurationLoadsFromWorkbook -> CBatchSectionCalculator -> CStabilityCalculator","NotRun","Inventoried:BehaviorNotAccepted"
"rngStabilityDurationLoads.Slot5.LC","rngStabilityDurationLoads","Config!P42","DerivedFormula","","","","IF(INDEX(rngLoadCombinations,6,1)="""","""",INDEX(rngLoadCombinations,6,1))","Formula","User load units / ID / path / profile / comment","PendingCatalogMapping","PendingCallSiteReview","Requested source LC slot; gaps and IDs preserved","modWorkbookCalculation.LoadStabilityDurationLoadsFromWorkbook -> CBatchSectionCalculator -> CStabilityCalculator","NotRun","Inventoried:BehaviorNotAccepted"
"rngStabilityDurationLoads.Slot5.N, tf","rngStabilityDurationLoads","Config!Q42","UserInput","","","0","","TextOrNumber:PendingContractReview","User load units / ID / path / profile / comment","PendingCatalogMapping","PendingCallSiteReview","Requested source LC slot; gaps and IDs preserved","modWorkbookCalculation.LoadStabilityDurationLoadsFromWorkbook -> CBatchSectionCalculator -> CStabilityCalculator","NotRun","Inventoried:BehaviorNotAccepted"
"rngStabilityDurationLoads.Slot5.Mx, tf*m","rngStabilityDurationLoads","Config!R42","UserInput","","","0","","TextOrNumber:PendingContractReview","User load units / ID / path / profile / comment","PendingCatalogMapping","PendingCallSiteReview","Requested source LC slot; gaps and IDs preserved","modWorkbookCalculation.LoadStabilityDurationLoadsFromWorkbook -> CBatchSectionCalculator -> CStabilityCalculator","NotRun","Inventoried:BehaviorNotAccepted"
"rngStabilityDurationLoads.Slot5.My, tf*m","rngStabilityDurationLoads","Config!S42","UserInput","","","0","","TextOrNumber:PendingContractReview","User load units / ID / path / profile / comment","PendingCatalogMapping","PendingCallSiteReview","Requested source LC slot; gaps and IDs preserved","modWorkbookCalculation.LoadStabilityDurationLoadsFromWorkbook -> CBatchSectionCalculator -> CStabilityCalculator","NotRun","Inventoried:BehaviorNotAccepted"
"rngStabilityDurationLoads.Slot6.LC","rngStabilityDurationLoads","Config!P43","DerivedFormula","","","","IF(INDEX(rngLoadCombinations,7,1)="""","""",INDEX(rngLoadCombinations,7,1))","Formula","User load units / ID / path / profile / comment","PendingCatalogMapping","PendingCallSiteReview","Requested source LC slot; gaps and IDs preserved","modWorkbookCalculation.LoadStabilityDurationLoadsFromWorkbook -> CBatchSectionCalculator -> CStabilityCalculator","NotRun","Inventoried:BehaviorNotAccepted"
"rngStabilityDurationLoads.Slot6.N, tf","rngStabilityDurationLoads","Config!Q43","UserInput","","","0","","TextOrNumber:PendingContractReview","User load units / ID / path / profile / comment","PendingCatalogMapping","PendingCallSiteReview","Requested source LC slot; gaps and IDs preserved","modWorkbookCalculation.LoadStabilityDurationLoadsFromWorkbook -> CBatchSectionCalculator -> CStabilityCalculator","NotRun","Inventoried:BehaviorNotAccepted"
"rngStabilityDurationLoads.Slot6.Mx, tf*m","rngStabilityDurationLoads","Config!R43","UserInput","","","0","","TextOrNumber:PendingContractReview","User load units / ID / path / profile / comment","PendingCatalogMapping","PendingCallSiteReview","Requested source LC slot; gaps and IDs preserved","modWorkbookCalculation.LoadStabilityDurationLoadsFromWorkbook -> CBatchSectionCalculator -> CStabilityCalculator","NotRun","Inventoried:BehaviorNotAccepted"
"rngStabilityDurationLoads.Slot6.My, tf*m","rngStabilityDurationLoads","Config!S43","UserInput","","","0","","TextOrNumber:PendingContractReview","User load units / ID / path / profile / comment","PendingCatalogMapping","PendingCallSiteReview","Requested source LC slot; gaps and IDs preserved","modWorkbookCalculation.LoadStabilityDurationLoadsFromWorkbook -> CBatchSectionCalculator -> CStabilityCalculator","NotRun","Inventoried:BehaviorNotAccepted"
"rngStabilityDurationLoads.Slot7.LC","rngStabilityDurationLoads","Config!P44","DerivedFormula","","","","IF(INDEX(rngLoadCombinations,8,1)="""","""",INDEX(rngLoadCombinations,8,1))","Formula","User load units / ID / path / profile / comment","PendingCatalogMapping","PendingCallSiteReview","Requested source LC slot; gaps and IDs preserved","modWorkbookCalculation.LoadStabilityDurationLoadsFromWorkbook -> CBatchSectionCalculator -> CStabilityCalculator","NotRun","Inventoried:BehaviorNotAccepted"
"rngStabilityDurationLoads.Slot7.N, tf","rngStabilityDurationLoads","Config!Q44","UserInput","","","0","","TextOrNumber:PendingContractReview","User load units / ID / path / profile / comment","PendingCatalogMapping","PendingCallSiteReview","Requested source LC slot; gaps and IDs preserved","modWorkbookCalculation.LoadStabilityDurationLoadsFromWorkbook -> CBatchSectionCalculator -> CStabilityCalculator","NotRun","Inventoried:BehaviorNotAccepted"
"rngStabilityDurationLoads.Slot7.Mx, tf*m","rngStabilityDurationLoads","Config!R44","UserInput","","","0","","TextOrNumber:PendingContractReview","User load units / ID / path / profile / comment","PendingCatalogMapping","PendingCallSiteReview","Requested source LC slot; gaps and IDs preserved","modWorkbookCalculation.LoadStabilityDurationLoadsFromWorkbook -> CBatchSectionCalculator -> CStabilityCalculator","NotRun","Inventoried:BehaviorNotAccepted"
"rngStabilityDurationLoads.Slot7.My, tf*m","rngStabilityDurationLoads","Config!S44","UserInput","","","0","","TextOrNumber:PendingContractReview","User load units / ID / path / profile / comment","PendingCatalogMapping","PendingCallSiteReview","Requested source LC slot; gaps and IDs preserved","modWorkbookCalculation.LoadStabilityDurationLoadsFromWorkbook -> CBatchSectionCalculator -> CStabilityCalculator","NotRun","Inventoried:BehaviorNotAccepted"
"rngStabilityDurationLoads.Slot8.LC","rngStabilityDurationLoads","Config!P45","DerivedFormula","","","","IF(INDEX(rngLoadCombinations,9,1)="""","""",INDEX(rngLoadCombinations,9,1))","Formula","User load units / ID / path / profile / comment","PendingCatalogMapping","PendingCallSiteReview","Requested source LC slot; gaps and IDs preserved","modWorkbookCalculation.LoadStabilityDurationLoadsFromWorkbook -> CBatchSectionCalculator -> CStabilityCalculator","NotRun","Inventoried:BehaviorNotAccepted"
"rngStabilityDurationLoads.Slot8.N, tf","rngStabilityDurationLoads","Config!Q45","UserInput","","","0","","TextOrNumber:PendingContractReview","User load units / ID / path / profile / comment","PendingCatalogMapping","PendingCallSiteReview","Requested source LC slot; gaps and IDs preserved","modWorkbookCalculation.LoadStabilityDurationLoadsFromWorkbook -> CBatchSectionCalculator -> CStabilityCalculator","NotRun","Inventoried:BehaviorNotAccepted"
"rngStabilityDurationLoads.Slot8.Mx, tf*m","rngStabilityDurationLoads","Config!R45","UserInput","","","0","","TextOrNumber:PendingContractReview","User load units / ID / path / profile / comment","PendingCatalogMapping","PendingCallSiteReview","Requested source LC slot; gaps and IDs preserved","modWorkbookCalculation.LoadStabilityDurationLoadsFromWorkbook -> CBatchSectionCalculator -> CStabilityCalculator","NotRun","Inventoried:BehaviorNotAccepted"
"rngStabilityDurationLoads.Slot8.My, tf*m","rngStabilityDurationLoads","Config!S45","UserInput","","","0","","TextOrNumber:PendingContractReview","User load units / ID / path / profile / comment","PendingCatalogMapping","PendingCallSiteReview","Requested source LC slot; gaps and IDs preserved","modWorkbookCalculation.LoadStabilityDurationLoadsFromWorkbook -> CBatchSectionCalculator -> CStabilityCalculator","NotRun","Inventoried:BehaviorNotAccepted"
"rngStabilityDurationLoads.Slot9.LC","rngStabilityDurationLoads","Config!P46","DerivedFormula","","","","IF(INDEX(rngLoadCombinations,10,1)="""","""",INDEX(rngLoadCombinations,10,1))","Formula","User load units / ID / path / profile / comment","PendingCatalogMapping","PendingCallSiteReview","Requested source LC slot; gaps and IDs preserved","modWorkbookCalculation.LoadStabilityDurationLoadsFromWorkbook -> CBatchSectionCalculator -> CStabilityCalculator","NotRun","Inventoried:BehaviorNotAccepted"
"rngStabilityDurationLoads.Slot9.N, tf","rngStabilityDurationLoads","Config!Q46","UserInput","","","0","","TextOrNumber:PendingContractReview","User load units / ID / path / profile / comment","PendingCatalogMapping","PendingCallSiteReview","Requested source LC slot; gaps and IDs preserved","modWorkbookCalculation.LoadStabilityDurationLoadsFromWorkbook -> CBatchSectionCalculator -> CStabilityCalculator","NotRun","Inventoried:BehaviorNotAccepted"
"rngStabilityDurationLoads.Slot9.Mx, tf*m","rngStabilityDurationLoads","Config!R46","UserInput","","","0","","TextOrNumber:PendingContractReview","User load units / ID / path / profile / comment","PendingCatalogMapping","PendingCallSiteReview","Requested source LC slot; gaps and IDs preserved","modWorkbookCalculation.LoadStabilityDurationLoadsFromWorkbook -> CBatchSectionCalculator -> CStabilityCalculator","NotRun","Inventoried:BehaviorNotAccepted"
"rngStabilityDurationLoads.Slot9.My, tf*m","rngStabilityDurationLoads","Config!S46","UserInput","","","0","","TextOrNumber:PendingContractReview","User load units / ID / path / profile / comment","PendingCatalogMapping","PendingCallSiteReview","Requested source LC slot; gaps and IDs preserved","modWorkbookCalculation.LoadStabilityDurationLoadsFromWorkbook -> CBatchSectionCalculator -> CStabilityCalculator","NotRun","Inventoried:BehaviorNotAccepted"
"rngStabilityDurationLoads.Slot10.LC","rngStabilityDurationLoads","Config!P47","DerivedFormula","","","","IF(INDEX(rngLoadCombinations,11,1)="""","""",INDEX(rngLoadCombinations,11,1))","Formula","User load units / ID / path / profile / comment","PendingCatalogMapping","PendingCallSiteReview","Requested source LC slot; gaps and IDs preserved","modWorkbookCalculation.LoadStabilityDurationLoadsFromWorkbook -> CBatchSectionCalculator -> CStabilityCalculator","NotRun","Inventoried:BehaviorNotAccepted"
"rngStabilityDurationLoads.Slot10.N, tf","rngStabilityDurationLoads","Config!Q47","UserInput","","","0","","TextOrNumber:PendingContractReview","User load units / ID / path / profile / comment","PendingCatalogMapping","PendingCallSiteReview","Requested source LC slot; gaps and IDs preserved","modWorkbookCalculation.LoadStabilityDurationLoadsFromWorkbook -> CBatchSectionCalculator -> CStabilityCalculator","NotRun","Inventoried:BehaviorNotAccepted"
"rngStabilityDurationLoads.Slot10.Mx, tf*m","rngStabilityDurationLoads","Config!R47","UserInput","","","0","","TextOrNumber:PendingContractReview","User load units / ID / path / profile / comment","PendingCatalogMapping","PendingCallSiteReview","Requested source LC slot; gaps and IDs preserved","modWorkbookCalculation.LoadStabilityDurationLoadsFromWorkbook -> CBatchSectionCalculator -> CStabilityCalculator","NotRun","Inventoried:BehaviorNotAccepted"
"rngStabilityDurationLoads.Slot10.My, tf*m","rngStabilityDurationLoads","Config!S47","UserInput","","","0","","TextOrNumber:PendingContractReview","User load units / ID / path / profile / comment","PendingCatalogMapping","PendingCallSiteReview","Requested source LC slot; gaps and IDs preserved","modWorkbookCalculation.LoadStabilityDurationLoadsFromWorkbook -> CBatchSectionCalculator -> CStabilityCalculator","NotRun","Inventoried:BehaviorNotAccepted"
"rngStabilityDurationLoads.Slot11.LC","rngStabilityDurationLoads","Config!P48","DerivedFormula","","","","IF(INDEX(rngLoadCombinations,12,1)="""","""",INDEX(rngLoadCombinations,12,1))","Formula","User load units / ID / path / profile / comment","PendingCatalogMapping","PendingCallSiteReview","Requested source LC slot; gaps and IDs preserved","modWorkbookCalculation.LoadStabilityDurationLoadsFromWorkbook -> CBatchSectionCalculator -> CStabilityCalculator","NotRun","Inventoried:BehaviorNotAccepted"
"rngStabilityDurationLoads.Slot11.N, tf","rngStabilityDurationLoads","Config!Q48","UserInput","","","0","","TextOrNumber:PendingContractReview","User load units / ID / path / profile / comment","PendingCatalogMapping","PendingCallSiteReview","Requested source LC slot; gaps and IDs preserved","modWorkbookCalculation.LoadStabilityDurationLoadsFromWorkbook -> CBatchSectionCalculator -> CStabilityCalculator","NotRun","Inventoried:BehaviorNotAccepted"
"rngStabilityDurationLoads.Slot11.Mx, tf*m","rngStabilityDurationLoads","Config!R48","UserInput","","","0","","TextOrNumber:PendingContractReview","User load units / ID / path / profile / comment","PendingCatalogMapping","PendingCallSiteReview","Requested source LC slot; gaps and IDs preserved","modWorkbookCalculation.LoadStabilityDurationLoadsFromWorkbook -> CBatchSectionCalculator -> CStabilityCalculator","NotRun","Inventoried:BehaviorNotAccepted"
"rngStabilityDurationLoads.Slot11.My, tf*m","rngStabilityDurationLoads","Config!S48","UserInput","","","0","","TextOrNumber:PendingContractReview","User load units / ID / path / profile / comment","PendingCatalogMapping","PendingCallSiteReview","Requested source LC slot; gaps and IDs preserved","modWorkbookCalculation.LoadStabilityDurationLoadsFromWorkbook -> CBatchSectionCalculator -> CStabilityCalculator","NotRun","Inventoried:BehaviorNotAccepted"
"rngStabilityDurationLoads.Slot12.LC","rngStabilityDurationLoads","Config!P49","DerivedFormula","","","","IF(INDEX(rngLoadCombinations,13,1)="""","""",INDEX(rngLoadCombinations,13,1))","Formula","User load units / ID / path / profile / comment","PendingCatalogMapping","PendingCallSiteReview","Requested source LC slot; gaps and IDs preserved","modWorkbookCalculation.LoadStabilityDurationLoadsFromWorkbook -> CBatchSectionCalculator -> CStabilityCalculator","NotRun","Inventoried:BehaviorNotAccepted"
"rngStabilityDurationLoads.Slot12.N, tf","rngStabilityDurationLoads","Config!Q49","UserInput","","","0","","TextOrNumber:PendingContractReview","User load units / ID / path / profile / comment","PendingCatalogMapping","PendingCallSiteReview","Requested source LC slot; gaps and IDs preserved","modWorkbookCalculation.LoadStabilityDurationLoadsFromWorkbook -> CBatchSectionCalculator -> CStabilityCalculator","NotRun","Inventoried:BehaviorNotAccepted"
"rngStabilityDurationLoads.Slot12.Mx, tf*m","rngStabilityDurationLoads","Config!R49","UserInput","","","0","","TextOrNumber:PendingContractReview","User load units / ID / path / profile / comment","PendingCatalogMapping","PendingCallSiteReview","Requested source LC slot; gaps and IDs preserved","modWorkbookCalculation.LoadStabilityDurationLoadsFromWorkbook -> CBatchSectionCalculator -> CStabilityCalculator","NotRun","Inventoried:BehaviorNotAccepted"
"rngStabilityDurationLoads.Slot12.My, tf*m","rngStabilityDurationLoads","Config!S49","UserInput","","","0","","TextOrNumber:PendingContractReview","User load units / ID / path / profile / comment","PendingCatalogMapping","PendingCallSiteReview","Requested source LC slot; gaps and IDs preserved","modWorkbookCalculation.LoadStabilityDurationLoadsFromWorkbook -> CBatchSectionCalculator -> CStabilityCalculator","NotRun","Inventoried:BehaviorNotAccepted"
"rngStabilityDurationLoads.Slot13.LC","rngStabilityDurationLoads","Config!P50","DerivedFormula","","","","IF(INDEX(rngLoadCombinations,14,1)="""","""",INDEX(rngLoadCombinations,14,1))","Formula","User load units / ID / path / profile / comment","PendingCatalogMapping","PendingCallSiteReview","Requested source LC slot; gaps and IDs preserved","modWorkbookCalculation.LoadStabilityDurationLoadsFromWorkbook -> CBatchSectionCalculator -> CStabilityCalculator","NotRun","Inventoried:BehaviorNotAccepted"
"rngStabilityDurationLoads.Slot13.N, tf","rngStabilityDurationLoads","Config!Q50","UserInput","","","0","","TextOrNumber:PendingContractReview","User load units / ID / path / profile / comment","PendingCatalogMapping","PendingCallSiteReview","Requested source LC slot; gaps and IDs preserved","modWorkbookCalculation.LoadStabilityDurationLoadsFromWorkbook -> CBatchSectionCalculator -> CStabilityCalculator","NotRun","Inventoried:BehaviorNotAccepted"
"rngStabilityDurationLoads.Slot13.Mx, tf*m","rngStabilityDurationLoads","Config!R50","UserInput","","","0","","TextOrNumber:PendingContractReview","User load units / ID / path / profile / comment","PendingCatalogMapping","PendingCallSiteReview","Requested source LC slot; gaps and IDs preserved","modWorkbookCalculation.LoadStabilityDurationLoadsFromWorkbook -> CBatchSectionCalculator -> CStabilityCalculator","NotRun","Inventoried:BehaviorNotAccepted"
"rngStabilityDurationLoads.Slot13.My, tf*m","rngStabilityDurationLoads","Config!S50","UserInput","","","0","","TextOrNumber:PendingContractReview","User load units / ID / path / profile / comment","PendingCatalogMapping","PendingCallSiteReview","Requested source LC slot; gaps and IDs preserved","modWorkbookCalculation.LoadStabilityDurationLoadsFromWorkbook -> CBatchSectionCalculator -> CStabilityCalculator","NotRun","Inventoried:BehaviorNotAccepted"
"rngStabilityDurationLoads.Slot14.LC","rngStabilityDurationLoads","Config!P51","DerivedFormula","","","","IF(INDEX(rngLoadCombinations,15,1)="""","""",INDEX(rngLoadCombinations,15,1))","Formula","User load units / ID / path / profile / comment","PendingCatalogMapping","PendingCallSiteReview","Requested source LC slot; gaps and IDs preserved","modWorkbookCalculation.LoadStabilityDurationLoadsFromWorkbook -> CBatchSectionCalculator -> CStabilityCalculator","NotRun","Inventoried:BehaviorNotAccepted"
"rngStabilityDurationLoads.Slot14.N, tf","rngStabilityDurationLoads","Config!Q51","UserInput","","","0","","TextOrNumber:PendingContractReview","User load units / ID / path / profile / comment","PendingCatalogMapping","PendingCallSiteReview","Requested source LC slot; gaps and IDs preserved","modWorkbookCalculation.LoadStabilityDurationLoadsFromWorkbook -> CBatchSectionCalculator -> CStabilityCalculator","NotRun","Inventoried:BehaviorNotAccepted"
"rngStabilityDurationLoads.Slot14.Mx, tf*m","rngStabilityDurationLoads","Config!R51","UserInput","","","0","","TextOrNumber:PendingContractReview","User load units / ID / path / profile / comment","PendingCatalogMapping","PendingCallSiteReview","Requested source LC slot; gaps and IDs preserved","modWorkbookCalculation.LoadStabilityDurationLoadsFromWorkbook -> CBatchSectionCalculator -> CStabilityCalculator","NotRun","Inventoried:BehaviorNotAccepted"
"rngStabilityDurationLoads.Slot14.My, tf*m","rngStabilityDurationLoads","Config!S51","UserInput","","","0","","TextOrNumber:PendingContractReview","User load units / ID / path / profile / comment","PendingCatalogMapping","PendingCallSiteReview","Requested source LC slot; gaps and IDs preserved","modWorkbookCalculation.LoadStabilityDurationLoadsFromWorkbook -> CBatchSectionCalculator -> CStabilityCalculator","NotRun","Inventoried:BehaviorNotAccepted"
"rngStabilityDurationLoads.Slot15.LC","rngStabilityDurationLoads","Config!P52","DerivedFormula","","","","IF(INDEX(rngLoadCombinations,16,1)="""","""",INDEX(rngLoadCombinations,16,1))","Formula","User load units / ID / path / profile / comment","PendingCatalogMapping","PendingCallSiteReview","Requested source LC slot; gaps and IDs preserved","modWorkbookCalculation.LoadStabilityDurationLoadsFromWorkbook -> CBatchSectionCalculator -> CStabilityCalculator","NotRun","Inventoried:BehaviorNotAccepted"
"rngStabilityDurationLoads.Slot15.N, tf","rngStabilityDurationLoads","Config!Q52","UserInput","","","0","","TextOrNumber:PendingContractReview","User load units / ID / path / profile / comment","PendingCatalogMapping","PendingCallSiteReview","Requested source LC slot; gaps and IDs preserved","modWorkbookCalculation.LoadStabilityDurationLoadsFromWorkbook -> CBatchSectionCalculator -> CStabilityCalculator","NotRun","Inventoried:BehaviorNotAccepted"
"rngStabilityDurationLoads.Slot15.Mx, tf*m","rngStabilityDurationLoads","Config!R52","UserInput","","","0","","TextOrNumber:PendingContractReview","User load units / ID / path / profile / comment","PendingCatalogMapping","PendingCallSiteReview","Requested source LC slot; gaps and IDs preserved","modWorkbookCalculation.LoadStabilityDurationLoadsFromWorkbook -> CBatchSectionCalculator -> CStabilityCalculator","NotRun","Inventoried:BehaviorNotAccepted"
"rngStabilityDurationLoads.Slot15.My, tf*m","rngStabilityDurationLoads","Config!S52","UserInput","","","0","","TextOrNumber:PendingContractReview","User load units / ID / path / profile / comment","PendingCatalogMapping","PendingCallSiteReview","Requested source LC slot; gaps and IDs preserved","modWorkbookCalculation.LoadStabilityDurationLoadsFromWorkbook -> CBatchSectionCalculator -> CStabilityCalculator","NotRun","Inventoried:BehaviorNotAccepted"
"rngStabilityDurationLoads.Slot16.LC","rngStabilityDurationLoads","Config!P53","DerivedFormula","","","","IF(INDEX(rngLoadCombinations,17,1)="""","""",INDEX(rngLoadCombinations,17,1))","Formula","User load units / ID / path / profile / comment","PendingCatalogMapping","PendingCallSiteReview","Requested source LC slot; gaps and IDs preserved","modWorkbookCalculation.LoadStabilityDurationLoadsFromWorkbook -> CBatchSectionCalculator -> CStabilityCalculator","NotRun","Inventoried:BehaviorNotAccepted"
"rngStabilityDurationLoads.Slot16.N, tf","rngStabilityDurationLoads","Config!Q53","UserInput","","","0","","TextOrNumber:PendingContractReview","User load units / ID / path / profile / comment","PendingCatalogMapping","PendingCallSiteReview","Requested source LC slot; gaps and IDs preserved","modWorkbookCalculation.LoadStabilityDurationLoadsFromWorkbook -> CBatchSectionCalculator -> CStabilityCalculator","NotRun","Inventoried:BehaviorNotAccepted"
"rngStabilityDurationLoads.Slot16.Mx, tf*m","rngStabilityDurationLoads","Config!R53","UserInput","","","0","","TextOrNumber:PendingContractReview","User load units / ID / path / profile / comment","PendingCatalogMapping","PendingCallSiteReview","Requested source LC slot; gaps and IDs preserved","modWorkbookCalculation.LoadStabilityDurationLoadsFromWorkbook -> CBatchSectionCalculator -> CStabilityCalculator","NotRun","Inventoried:BehaviorNotAccepted"
"rngStabilityDurationLoads.Slot16.My, tf*m","rngStabilityDurationLoads","Config!S53","UserInput","","","0","","TextOrNumber:PendingContractReview","User load units / ID / path / profile / comment","PendingCatalogMapping","PendingCallSiteReview","Requested source LC slot; gaps and IDs preserved","modWorkbookCalculation.LoadStabilityDurationLoadsFromWorkbook -> CBatchSectionCalculator -> CStabilityCalculator","NotRun","Inventoried:BehaviorNotAccepted"
"rngStabilityDurationLoads.Slot17.LC","rngStabilityDurationLoads","Config!P54","DerivedFormula","","","","IF(INDEX(rngLoadCombinations,18,1)="""","""",INDEX(rngLoadCombinations,18,1))","Formula","User load units / ID / path / profile / comment","PendingCatalogMapping","PendingCallSiteReview","Requested source LC slot; gaps and IDs preserved","modWorkbookCalculation.LoadStabilityDurationLoadsFromWorkbook -> CBatchSectionCalculator -> CStabilityCalculator","NotRun","Inventoried:BehaviorNotAccepted"
"rngStabilityDurationLoads.Slot17.N, tf","rngStabilityDurationLoads","Config!Q54","UserInput","","","0","","TextOrNumber:PendingContractReview","User load units / ID / path / profile / comment","PendingCatalogMapping","PendingCallSiteReview","Requested source LC slot; gaps and IDs preserved","modWorkbookCalculation.LoadStabilityDurationLoadsFromWorkbook -> CBatchSectionCalculator -> CStabilityCalculator","NotRun","Inventoried:BehaviorNotAccepted"
"rngStabilityDurationLoads.Slot17.Mx, tf*m","rngStabilityDurationLoads","Config!R54","UserInput","","","0","","TextOrNumber:PendingContractReview","User load units / ID / path / profile / comment","PendingCatalogMapping","PendingCallSiteReview","Requested source LC slot; gaps and IDs preserved","modWorkbookCalculation.LoadStabilityDurationLoadsFromWorkbook -> CBatchSectionCalculator -> CStabilityCalculator","NotRun","Inventoried:BehaviorNotAccepted"
"rngStabilityDurationLoads.Slot17.My, tf*m","rngStabilityDurationLoads","Config!S54","UserInput","","","0","","TextOrNumber:PendingContractReview","User load units / ID / path / profile / comment","PendingCatalogMapping","PendingCallSiteReview","Requested source LC slot; gaps and IDs preserved","modWorkbookCalculation.LoadStabilityDurationLoadsFromWorkbook -> CBatchSectionCalculator -> CStabilityCalculator","NotRun","Inventoried:BehaviorNotAccepted"
"rngStabilityDurationLoads.Slot18.LC","rngStabilityDurationLoads","Config!P55","DerivedFormula","","","","IF(INDEX(rngLoadCombinations,19,1)="""","""",INDEX(rngLoadCombinations,19,1))","Formula","User load units / ID / path / profile / comment","PendingCatalogMapping","PendingCallSiteReview","Requested source LC slot; gaps and IDs preserved","modWorkbookCalculation.LoadStabilityDurationLoadsFromWorkbook -> CBatchSectionCalculator -> CStabilityCalculator","NotRun","Inventoried:BehaviorNotAccepted"
"rngStabilityDurationLoads.Slot18.N, tf","rngStabilityDurationLoads","Config!Q55","UserInput","","","0","","TextOrNumber:PendingContractReview","User load units / ID / path / profile / comment","PendingCatalogMapping","PendingCallSiteReview","Requested source LC slot; gaps and IDs preserved","modWorkbookCalculation.LoadStabilityDurationLoadsFromWorkbook -> CBatchSectionCalculator -> CStabilityCalculator","NotRun","Inventoried:BehaviorNotAccepted"
"rngStabilityDurationLoads.Slot18.Mx, tf*m","rngStabilityDurationLoads","Config!R55","UserInput","","","0","","TextOrNumber:PendingContractReview","User load units / ID / path / profile / comment","PendingCatalogMapping","PendingCallSiteReview","Requested source LC slot; gaps and IDs preserved","modWorkbookCalculation.LoadStabilityDurationLoadsFromWorkbook -> CBatchSectionCalculator -> CStabilityCalculator","NotRun","Inventoried:BehaviorNotAccepted"
"rngStabilityDurationLoads.Slot18.My, tf*m","rngStabilityDurationLoads","Config!S55","UserInput","","","0","","TextOrNumber:PendingContractReview","User load units / ID / path / profile / comment","PendingCatalogMapping","PendingCallSiteReview","Requested source LC slot; gaps and IDs preserved","modWorkbookCalculation.LoadStabilityDurationLoadsFromWorkbook -> CBatchSectionCalculator -> CStabilityCalculator","NotRun","Inventoried:BehaviorNotAccepted"
"rngStabilityDurationLoads.Slot19.LC","rngStabilityDurationLoads","Config!P56","DerivedFormula","","","","IF(INDEX(rngLoadCombinations,20,1)="""","""",INDEX(rngLoadCombinations,20,1))","Formula","User load units / ID / path / profile / comment","PendingCatalogMapping","PendingCallSiteReview","Requested source LC slot; gaps and IDs preserved","modWorkbookCalculation.LoadStabilityDurationLoadsFromWorkbook -> CBatchSectionCalculator -> CStabilityCalculator","NotRun","Inventoried:BehaviorNotAccepted"
"rngStabilityDurationLoads.Slot19.N, tf","rngStabilityDurationLoads","Config!Q56","UserInput","","","0","","TextOrNumber:PendingContractReview","User load units / ID / path / profile / comment","PendingCatalogMapping","PendingCallSiteReview","Requested source LC slot; gaps and IDs preserved","modWorkbookCalculation.LoadStabilityDurationLoadsFromWorkbook -> CBatchSectionCalculator -> CStabilityCalculator","NotRun","Inventoried:BehaviorNotAccepted"
"rngStabilityDurationLoads.Slot19.Mx, tf*m","rngStabilityDurationLoads","Config!R56","UserInput","","","0","","TextOrNumber:PendingContractReview","User load units / ID / path / profile / comment","PendingCatalogMapping","PendingCallSiteReview","Requested source LC slot; gaps and IDs preserved","modWorkbookCalculation.LoadStabilityDurationLoadsFromWorkbook -> CBatchSectionCalculator -> CStabilityCalculator","NotRun","Inventoried:BehaviorNotAccepted"
"rngStabilityDurationLoads.Slot19.My, tf*m","rngStabilityDurationLoads","Config!S56","UserInput","","","0","","TextOrNumber:PendingContractReview","User load units / ID / path / profile / comment","PendingCatalogMapping","PendingCallSiteReview","Requested source LC slot; gaps and IDs preserved","modWorkbookCalculation.LoadStabilityDurationLoadsFromWorkbook -> CBatchSectionCalculator -> CStabilityCalculator","NotRun","Inventoried:BehaviorNotAccepted"
"rngStabilityDurationLoads.Slot20.LC","rngStabilityDurationLoads","Config!P57","DerivedFormula","","","","IF(INDEX(rngLoadCombinations,21,1)="""","""",INDEX(rngLoadCombinations,21,1))","Formula","User load units / ID / path / profile / comment","PendingCatalogMapping","PendingCallSiteReview","Requested source LC slot; gaps and IDs preserved","modWorkbookCalculation.LoadStabilityDurationLoadsFromWorkbook -> CBatchSectionCalculator -> CStabilityCalculator","NotRun","Inventoried:BehaviorNotAccepted"
"rngStabilityDurationLoads.Slot20.N, tf","rngStabilityDurationLoads","Config!Q57","UserInput","","","0","","TextOrNumber:PendingContractReview","User load units / ID / path / profile / comment","PendingCatalogMapping","PendingCallSiteReview","Requested source LC slot; gaps and IDs preserved","modWorkbookCalculation.LoadStabilityDurationLoadsFromWorkbook -> CBatchSectionCalculator -> CStabilityCalculator","NotRun","Inventoried:BehaviorNotAccepted"
"rngStabilityDurationLoads.Slot20.Mx, tf*m","rngStabilityDurationLoads","Config!R57","UserInput","","","0","","TextOrNumber:PendingContractReview","User load units / ID / path / profile / comment","PendingCatalogMapping","PendingCallSiteReview","Requested source LC slot; gaps and IDs preserved","modWorkbookCalculation.LoadStabilityDurationLoadsFromWorkbook -> CBatchSectionCalculator -> CStabilityCalculator","NotRun","Inventoried:BehaviorNotAccepted"
"rngStabilityDurationLoads.Slot20.My, tf*m","rngStabilityDurationLoads","Config!S57","UserInput","","","0","","TextOrNumber:PendingContractReview","User load units / ID / path / profile / comment","PendingCatalogMapping","PendingCallSiteReview","Requested source LC slot; gaps and IDs preserved","modWorkbookCalculation.LoadStabilityDurationLoadsFromWorkbook -> CBatchSectionCalculator -> CStabilityCalculator","NotRun","Inventoried:BehaviorNotAccepted"
"rngStabilityDurationLoads.Slot21.LC","rngStabilityDurationLoads","Config!P58","DerivedFormula","","","","IF(INDEX(rngLoadCombinations,22,1)="""","""",INDEX(rngLoadCombinations,22,1))","Formula","User load units / ID / path / profile / comment","PendingCatalogMapping","PendingCallSiteReview","Requested source LC slot; gaps and IDs preserved","modWorkbookCalculation.LoadStabilityDurationLoadsFromWorkbook -> CBatchSectionCalculator -> CStabilityCalculator","NotRun","Inventoried:BehaviorNotAccepted"
"rngStabilityDurationLoads.Slot21.N, tf","rngStabilityDurationLoads","Config!Q58","UserInput","","","0","","TextOrNumber:PendingContractReview","User load units / ID / path / profile / comment","PendingCatalogMapping","PendingCallSiteReview","Requested source LC slot; gaps and IDs preserved","modWorkbookCalculation.LoadStabilityDurationLoadsFromWorkbook -> CBatchSectionCalculator -> CStabilityCalculator","NotRun","Inventoried:BehaviorNotAccepted"
"rngStabilityDurationLoads.Slot21.Mx, tf*m","rngStabilityDurationLoads","Config!R58","UserInput","","","0","","TextOrNumber:PendingContractReview","User load units / ID / path / profile / comment","PendingCatalogMapping","PendingCallSiteReview","Requested source LC slot; gaps and IDs preserved","modWorkbookCalculation.LoadStabilityDurationLoadsFromWorkbook -> CBatchSectionCalculator -> CStabilityCalculator","NotRun","Inventoried:BehaviorNotAccepted"
"rngStabilityDurationLoads.Slot21.My, tf*m","rngStabilityDurationLoads","Config!S58","UserInput","","","0","","TextOrNumber:PendingContractReview","User load units / ID / path / profile / comment","PendingCatalogMapping","PendingCallSiteReview","Requested source LC slot; gaps and IDs preserved","modWorkbookCalculation.LoadStabilityDurationLoadsFromWorkbook -> CBatchSectionCalculator -> CStabilityCalculator","NotRun","Inventoried:BehaviorNotAccepted"
"rngStabilityDurationLoads.Slot22.LC","rngStabilityDurationLoads","Config!P59","DerivedFormula","","","","IF(INDEX(rngLoadCombinations,23,1)="""","""",INDEX(rngLoadCombinations,23,1))","Formula","User load units / ID / path / profile / comment","PendingCatalogMapping","PendingCallSiteReview","Requested source LC slot; gaps and IDs preserved","modWorkbookCalculation.LoadStabilityDurationLoadsFromWorkbook -> CBatchSectionCalculator -> CStabilityCalculator","NotRun","Inventoried:BehaviorNotAccepted"
"rngStabilityDurationLoads.Slot22.N, tf","rngStabilityDurationLoads","Config!Q59","UserInput","","","0","","TextOrNumber:PendingContractReview","User load units / ID / path / profile / comment","PendingCatalogMapping","PendingCallSiteReview","Requested source LC slot; gaps and IDs preserved","modWorkbookCalculation.LoadStabilityDurationLoadsFromWorkbook -> CBatchSectionCalculator -> CStabilityCalculator","NotRun","Inventoried:BehaviorNotAccepted"
"rngStabilityDurationLoads.Slot22.Mx, tf*m","rngStabilityDurationLoads","Config!R59","UserInput","","","0","","TextOrNumber:PendingContractReview","User load units / ID / path / profile / comment","PendingCatalogMapping","PendingCallSiteReview","Requested source LC slot; gaps and IDs preserved","modWorkbookCalculation.LoadStabilityDurationLoadsFromWorkbook -> CBatchSectionCalculator -> CStabilityCalculator","NotRun","Inventoried:BehaviorNotAccepted"
"rngStabilityDurationLoads.Slot22.My, tf*m","rngStabilityDurationLoads","Config!S59","UserInput","","","0","","TextOrNumber:PendingContractReview","User load units / ID / path / profile / comment","PendingCatalogMapping","PendingCallSiteReview","Requested source LC slot; gaps and IDs preserved","modWorkbookCalculation.LoadStabilityDurationLoadsFromWorkbook -> CBatchSectionCalculator -> CStabilityCalculator","NotRun","Inventoried:BehaviorNotAccepted"
"rngStabilityDurationLoads.Slot23.LC","rngStabilityDurationLoads","Config!P60","DerivedFormula","","","","IF(INDEX(rngLoadCombinations,24,1)="""","""",INDEX(rngLoadCombinations,24,1))","Formula","User load units / ID / path / profile / comment","PendingCatalogMapping","PendingCallSiteReview","Requested source LC slot; gaps and IDs preserved","modWorkbookCalculation.LoadStabilityDurationLoadsFromWorkbook -> CBatchSectionCalculator -> CStabilityCalculator","NotRun","Inventoried:BehaviorNotAccepted"
"rngStabilityDurationLoads.Slot23.N, tf","rngStabilityDurationLoads","Config!Q60","UserInput","","","0","","TextOrNumber:PendingContractReview","User load units / ID / path / profile / comment","PendingCatalogMapping","PendingCallSiteReview","Requested source LC slot; gaps and IDs preserved","modWorkbookCalculation.LoadStabilityDurationLoadsFromWorkbook -> CBatchSectionCalculator -> CStabilityCalculator","NotRun","Inventoried:BehaviorNotAccepted"
"rngStabilityDurationLoads.Slot23.Mx, tf*m","rngStabilityDurationLoads","Config!R60","UserInput","","","0","","TextOrNumber:PendingContractReview","User load units / ID / path / profile / comment","PendingCatalogMapping","PendingCallSiteReview","Requested source LC slot; gaps and IDs preserved","modWorkbookCalculation.LoadStabilityDurationLoadsFromWorkbook -> CBatchSectionCalculator -> CStabilityCalculator","NotRun","Inventoried:BehaviorNotAccepted"
"rngStabilityDurationLoads.Slot23.My, tf*m","rngStabilityDurationLoads","Config!S60","UserInput","","","0","","TextOrNumber:PendingContractReview","User load units / ID / path / profile / comment","PendingCatalogMapping","PendingCallSiteReview","Requested source LC slot; gaps and IDs preserved","modWorkbookCalculation.LoadStabilityDurationLoadsFromWorkbook -> CBatchSectionCalculator -> CStabilityCalculator","NotRun","Inventoried:BehaviorNotAccepted"
"rngStabilityDurationLoads.Slot24.LC","rngStabilityDurationLoads","Config!P61","DerivedFormula","","","","IF(INDEX(rngLoadCombinations,25,1)="""","""",INDEX(rngLoadCombinations,25,1))","Formula","User load units / ID / path / profile / comment","PendingCatalogMapping","PendingCallSiteReview","Requested source LC slot; gaps and IDs preserved","modWorkbookCalculation.LoadStabilityDurationLoadsFromWorkbook -> CBatchSectionCalculator -> CStabilityCalculator","NotRun","Inventoried:BehaviorNotAccepted"
"rngStabilityDurationLoads.Slot24.N, tf","rngStabilityDurationLoads","Config!Q61","UserInput","","","0","","TextOrNumber:PendingContractReview","User load units / ID / path / profile / comment","PendingCatalogMapping","PendingCallSiteReview","Requested source LC slot; gaps and IDs preserved","modWorkbookCalculation.LoadStabilityDurationLoadsFromWorkbook -> CBatchSectionCalculator -> CStabilityCalculator","NotRun","Inventoried:BehaviorNotAccepted"
"rngStabilityDurationLoads.Slot24.Mx, tf*m","rngStabilityDurationLoads","Config!R61","UserInput","","","0","","TextOrNumber:PendingContractReview","User load units / ID / path / profile / comment","PendingCatalogMapping","PendingCallSiteReview","Requested source LC slot; gaps and IDs preserved","modWorkbookCalculation.LoadStabilityDurationLoadsFromWorkbook -> CBatchSectionCalculator -> CStabilityCalculator","NotRun","Inventoried:BehaviorNotAccepted"
"rngStabilityDurationLoads.Slot24.My, tf*m","rngStabilityDurationLoads","Config!S61","UserInput","","","0","","TextOrNumber:PendingContractReview","User load units / ID / path / profile / comment","PendingCatalogMapping","PendingCallSiteReview","Requested source LC slot; gaps and IDs preserved","modWorkbookCalculation.LoadStabilityDurationLoadsFromWorkbook -> CBatchSectionCalculator -> CStabilityCalculator","NotRun","Inventoried:BehaviorNotAccepted"
"rngStabilityDurationLoads.Slot25.LC","rngStabilityDurationLoads","Config!P62","DerivedFormula","","","","IF(INDEX(rngLoadCombinations,26,1)="""","""",INDEX(rngLoadCombinations,26,1))","Formula","User load units / ID / path / profile / comment","PendingCatalogMapping","PendingCallSiteReview","Requested source LC slot; gaps and IDs preserved","modWorkbookCalculation.LoadStabilityDurationLoadsFromWorkbook -> CBatchSectionCalculator -> CStabilityCalculator","NotRun","Inventoried:BehaviorNotAccepted"
"rngStabilityDurationLoads.Slot25.N, tf","rngStabilityDurationLoads","Config!Q62","UserInput","","","0","","TextOrNumber:PendingContractReview","User load units / ID / path / profile / comment","PendingCatalogMapping","PendingCallSiteReview","Requested source LC slot; gaps and IDs preserved","modWorkbookCalculation.LoadStabilityDurationLoadsFromWorkbook -> CBatchSectionCalculator -> CStabilityCalculator","NotRun","Inventoried:BehaviorNotAccepted"
"rngStabilityDurationLoads.Slot25.Mx, tf*m","rngStabilityDurationLoads","Config!R62","UserInput","","","0","","TextOrNumber:PendingContractReview","User load units / ID / path / profile / comment","PendingCatalogMapping","PendingCallSiteReview","Requested source LC slot; gaps and IDs preserved","modWorkbookCalculation.LoadStabilityDurationLoadsFromWorkbook -> CBatchSectionCalculator -> CStabilityCalculator","NotRun","Inventoried:BehaviorNotAccepted"
"rngStabilityDurationLoads.Slot25.My, tf*m","rngStabilityDurationLoads","Config!S62","UserInput","","","0","","TextOrNumber:PendingContractReview","User load units / ID / path / profile / comment","PendingCatalogMapping","PendingCallSiteReview","Requested source LC slot; gaps and IDs preserved","modWorkbookCalculation.LoadStabilityDurationLoadsFromWorkbook -> CBatchSectionCalculator -> CStabilityCalculator","NotRun","Inventoried:BehaviorNotAccepted"
"rngStabilityDurationLoads.Slot26.LC","rngStabilityDurationLoads","Config!P63","DerivedFormula","","","","IF(INDEX(rngLoadCombinations,27,1)="""","""",INDEX(rngLoadCombinations,27,1))","Formula","User load units / ID / path / profile / comment","PendingCatalogMapping","PendingCallSiteReview","Requested source LC slot; gaps and IDs preserved","modWorkbookCalculation.LoadStabilityDurationLoadsFromWorkbook -> CBatchSectionCalculator -> CStabilityCalculator","NotRun","Inventoried:BehaviorNotAccepted"
"rngStabilityDurationLoads.Slot26.N, tf","rngStabilityDurationLoads","Config!Q63","UserInput","","","0","","TextOrNumber:PendingContractReview","User load units / ID / path / profile / comment","PendingCatalogMapping","PendingCallSiteReview","Requested source LC slot; gaps and IDs preserved","modWorkbookCalculation.LoadStabilityDurationLoadsFromWorkbook -> CBatchSectionCalculator -> CStabilityCalculator","NotRun","Inventoried:BehaviorNotAccepted"
"rngStabilityDurationLoads.Slot26.Mx, tf*m","rngStabilityDurationLoads","Config!R63","UserInput","","","0","","TextOrNumber:PendingContractReview","User load units / ID / path / profile / comment","PendingCatalogMapping","PendingCallSiteReview","Requested source LC slot; gaps and IDs preserved","modWorkbookCalculation.LoadStabilityDurationLoadsFromWorkbook -> CBatchSectionCalculator -> CStabilityCalculator","NotRun","Inventoried:BehaviorNotAccepted"
"rngStabilityDurationLoads.Slot26.My, tf*m","rngStabilityDurationLoads","Config!S63","UserInput","","","0","","TextOrNumber:PendingContractReview","User load units / ID / path / profile / comment","PendingCatalogMapping","PendingCallSiteReview","Requested source LC slot; gaps and IDs preserved","modWorkbookCalculation.LoadStabilityDurationLoadsFromWorkbook -> CBatchSectionCalculator -> CStabilityCalculator","NotRun","Inventoried:BehaviorNotAccepted"
"rngStabilityDurationLoads.Slot27.LC","rngStabilityDurationLoads","Config!P64","DerivedFormula","","","","IF(INDEX(rngLoadCombinations,28,1)="""","""",INDEX(rngLoadCombinations,28,1))","Formula","User load units / ID / path / profile / comment","PendingCatalogMapping","PendingCallSiteReview","Requested source LC slot; gaps and IDs preserved","modWorkbookCalculation.LoadStabilityDurationLoadsFromWorkbook -> CBatchSectionCalculator -> CStabilityCalculator","NotRun","Inventoried:BehaviorNotAccepted"
"rngStabilityDurationLoads.Slot27.N, tf","rngStabilityDurationLoads","Config!Q64","UserInput","","","0","","TextOrNumber:PendingContractReview","User load units / ID / path / profile / comment","PendingCatalogMapping","PendingCallSiteReview","Requested source LC slot; gaps and IDs preserved","modWorkbookCalculation.LoadStabilityDurationLoadsFromWorkbook -> CBatchSectionCalculator -> CStabilityCalculator","NotRun","Inventoried:BehaviorNotAccepted"
"rngStabilityDurationLoads.Slot27.Mx, tf*m","rngStabilityDurationLoads","Config!R64","UserInput","","","0","","TextOrNumber:PendingContractReview","User load units / ID / path / profile / comment","PendingCatalogMapping","PendingCallSiteReview","Requested source LC slot; gaps and IDs preserved","modWorkbookCalculation.LoadStabilityDurationLoadsFromWorkbook -> CBatchSectionCalculator -> CStabilityCalculator","NotRun","Inventoried:BehaviorNotAccepted"
"rngStabilityDurationLoads.Slot27.My, tf*m","rngStabilityDurationLoads","Config!S64","UserInput","","","0","","TextOrNumber:PendingContractReview","User load units / ID / path / profile / comment","PendingCatalogMapping","PendingCallSiteReview","Requested source LC slot; gaps and IDs preserved","modWorkbookCalculation.LoadStabilityDurationLoadsFromWorkbook -> CBatchSectionCalculator -> CStabilityCalculator","NotRun","Inventoried:BehaviorNotAccepted"
"rngStabilityDurationLoads.Slot28.LC","rngStabilityDurationLoads","Config!P65","DerivedFormula","","","","IF(INDEX(rngLoadCombinations,29,1)="""","""",INDEX(rngLoadCombinations,29,1))","Formula","User load units / ID / path / profile / comment","PendingCatalogMapping","PendingCallSiteReview","Requested source LC slot; gaps and IDs preserved","modWorkbookCalculation.LoadStabilityDurationLoadsFromWorkbook -> CBatchSectionCalculator -> CStabilityCalculator","NotRun","Inventoried:BehaviorNotAccepted"
"rngStabilityDurationLoads.Slot28.N, tf","rngStabilityDurationLoads","Config!Q65","UserInput","","","0","","TextOrNumber:PendingContractReview","User load units / ID / path / profile / comment","PendingCatalogMapping","PendingCallSiteReview","Requested source LC slot; gaps and IDs preserved","modWorkbookCalculation.LoadStabilityDurationLoadsFromWorkbook -> CBatchSectionCalculator -> CStabilityCalculator","NotRun","Inventoried:BehaviorNotAccepted"
"rngStabilityDurationLoads.Slot28.Mx, tf*m","rngStabilityDurationLoads","Config!R65","UserInput","","","0","","TextOrNumber:PendingContractReview","User load units / ID / path / profile / comment","PendingCatalogMapping","PendingCallSiteReview","Requested source LC slot; gaps and IDs preserved","modWorkbookCalculation.LoadStabilityDurationLoadsFromWorkbook -> CBatchSectionCalculator -> CStabilityCalculator","NotRun","Inventoried:BehaviorNotAccepted"
"rngStabilityDurationLoads.Slot28.My, tf*m","rngStabilityDurationLoads","Config!S65","UserInput","","","0","","TextOrNumber:PendingContractReview","User load units / ID / path / profile / comment","PendingCatalogMapping","PendingCallSiteReview","Requested source LC slot; gaps and IDs preserved","modWorkbookCalculation.LoadStabilityDurationLoadsFromWorkbook -> CBatchSectionCalculator -> CStabilityCalculator","NotRun","Inventoried:BehaviorNotAccepted"
"rngStabilityDurationLoads.Slot29.LC","rngStabilityDurationLoads","Config!P66","DerivedFormula","","","","IF(INDEX(rngLoadCombinations,30,1)="""","""",INDEX(rngLoadCombinations,30,1))","Formula","User load units / ID / path / profile / comment","PendingCatalogMapping","PendingCallSiteReview","Requested source LC slot; gaps and IDs preserved","modWorkbookCalculation.LoadStabilityDurationLoadsFromWorkbook -> CBatchSectionCalculator -> CStabilityCalculator","NotRun","Inventoried:BehaviorNotAccepted"
"rngStabilityDurationLoads.Slot29.N, tf","rngStabilityDurationLoads","Config!Q66","UserInput","","","0","","TextOrNumber:PendingContractReview","User load units / ID / path / profile / comment","PendingCatalogMapping","PendingCallSiteReview","Requested source LC slot; gaps and IDs preserved","modWorkbookCalculation.LoadStabilityDurationLoadsFromWorkbook -> CBatchSectionCalculator -> CStabilityCalculator","NotRun","Inventoried:BehaviorNotAccepted"
"rngStabilityDurationLoads.Slot29.Mx, tf*m","rngStabilityDurationLoads","Config!R66","UserInput","","","0","","TextOrNumber:PendingContractReview","User load units / ID / path / profile / comment","PendingCatalogMapping","PendingCallSiteReview","Requested source LC slot; gaps and IDs preserved","modWorkbookCalculation.LoadStabilityDurationLoadsFromWorkbook -> CBatchSectionCalculator -> CStabilityCalculator","NotRun","Inventoried:BehaviorNotAccepted"
"rngStabilityDurationLoads.Slot29.My, tf*m","rngStabilityDurationLoads","Config!S66","UserInput","","","0","","TextOrNumber:PendingContractReview","User load units / ID / path / profile / comment","PendingCatalogMapping","PendingCallSiteReview","Requested source LC slot; gaps and IDs preserved","modWorkbookCalculation.LoadStabilityDurationLoadsFromWorkbook -> CBatchSectionCalculator -> CStabilityCalculator","NotRun","Inventoried:BehaviorNotAccepted"
"rngStabilityDurationLoads.Slot30.LC","rngStabilityDurationLoads","Config!P67","DerivedFormula","","","","IF(INDEX(rngLoadCombinations,31,1)="""","""",INDEX(rngLoadCombinations,31,1))","Formula","User load units / ID / path / profile / comment","PendingCatalogMapping","PendingCallSiteReview","Requested source LC slot; gaps and IDs preserved","modWorkbookCalculation.LoadStabilityDurationLoadsFromWorkbook -> CBatchSectionCalculator -> CStabilityCalculator","NotRun","Inventoried:BehaviorNotAccepted"
"rngStabilityDurationLoads.Slot30.N, tf","rngStabilityDurationLoads","Config!Q67","UserInput","","","0","","TextOrNumber:PendingContractReview","User load units / ID / path / profile / comment","PendingCatalogMapping","PendingCallSiteReview","Requested source LC slot; gaps and IDs preserved","modWorkbookCalculation.LoadStabilityDurationLoadsFromWorkbook -> CBatchSectionCalculator -> CStabilityCalculator","NotRun","Inventoried:BehaviorNotAccepted"
"rngStabilityDurationLoads.Slot30.Mx, tf*m","rngStabilityDurationLoads","Config!R67","UserInput","","","0","","TextOrNumber:PendingContractReview","User load units / ID / path / profile / comment","PendingCatalogMapping","PendingCallSiteReview","Requested source LC slot; gaps and IDs preserved","modWorkbookCalculation.LoadStabilityDurationLoadsFromWorkbook -> CBatchSectionCalculator -> CStabilityCalculator","NotRun","Inventoried:BehaviorNotAccepted"
"rngStabilityDurationLoads.Slot30.My, tf*m","rngStabilityDurationLoads","Config!S67","UserInput","","","0","","TextOrNumber:PendingContractReview","User load units / ID / path / profile / comment","PendingCatalogMapping","PendingCallSiteReview","Requested source LC slot; gaps and IDs preserved","modWorkbookCalculation.LoadStabilityDurationLoadsFromWorkbook -> CBatchSectionCalculator -> CStabilityCalculator","NotRun","Inventoried:BehaviorNotAccepted"
"SP35.Table721.AI61","rngSP35Table721","Config!AI61","NormativeTableValue","","","4","","TextOrNumber:PendingContractReview","-","PendingCatalogMapping","PendingCallSiteReview","SP35 table branch; normative values, no arbitrary calibration","modWorkbookCalculation.ReadSP35Table721FromWorkbook -> CBatchSectionCalculator -> CStabilityCalculator table interpolation","NotRun","Inventoried:BehaviorNotAccepted"
"SP35.Table721.AJ61","rngSP35Table721","Config!AJ61","NormativeTableValue","","","3.5","","TextOrNumber:PendingContractReview","-","PendingCatalogMapping","PendingCallSiteReview","SP35 table branch; normative values, no arbitrary calibration","modWorkbookCalculation.ReadSP35Table721FromWorkbook -> CBatchSectionCalculator -> CStabilityCalculator table interpolation","NotRun","Inventoried:BehaviorNotAccepted"
"SP35.Table721.AK61","rngSP35Table721","Config!AK61","NormativeTableValue","","","14","","TextOrNumber:PendingContractReview","-","PendingCatalogMapping","PendingCallSiteReview","SP35 table branch; normative values, no arbitrary calibration","modWorkbookCalculation.ReadSP35Table721FromWorkbook -> CBatchSectionCalculator -> CStabilityCalculator table interpolation","NotRun","Inventoried:BehaviorNotAccepted"
"SP35.Table721.AL61","rngSP35Table721","Config!AL61","NormativeTableValue","","","1","","TextOrNumber:PendingContractReview","-","PendingCatalogMapping","PendingCallSiteReview","SP35 table branch; normative values, no arbitrary calibration","modWorkbookCalculation.ReadSP35Table721FromWorkbook -> CBatchSectionCalculator -> CStabilityCalculator table interpolation","NotRun","Inventoried:BehaviorNotAccepted"
"SP35.Table721.AM61","rngSP35Table721","Config!AM61","NormativeTableValue","","","0.9","","TextOrNumber:PendingContractReview","-","PendingCatalogMapping","PendingCallSiteReview","SP35 table branch; normative values, no arbitrary calibration","modWorkbookCalculation.ReadSP35Table721FromWorkbook -> CBatchSectionCalculator -> CStabilityCalculator table interpolation","NotRun","Inventoried:BehaviorNotAccepted"
"SP35.Table721.AN61","rngSP35Table721","Config!AN61","NormativeTableValue","","","0.81","","TextOrNumber:PendingContractReview","-","PendingCatalogMapping","PendingCallSiteReview","SP35 table branch; normative values, no arbitrary calibration","modWorkbookCalculation.ReadSP35Table721FromWorkbook -> CBatchSectionCalculator -> CStabilityCalculator table interpolation","NotRun","Inventoried:BehaviorNotAccepted"
"SP35.Table721.AO61","rngSP35Table721","Config!AO61","NormativeTableValue","","","0.69","","TextOrNumber:PendingContractReview","-","PendingCatalogMapping","PendingCallSiteReview","SP35 table branch; normative values, no arbitrary calibration","modWorkbookCalculation.ReadSP35Table721FromWorkbook -> CBatchSectionCalculator -> CStabilityCalculator table interpolation","NotRun","Inventoried:BehaviorNotAccepted"
"SP35.Table721.AP61","rngSP35Table721","Config!AP61","NormativeTableValue","","","1","","TextOrNumber:PendingContractReview","-","PendingCatalogMapping","PendingCallSiteReview","SP35 table branch; normative values, no arbitrary calibration","modWorkbookCalculation.ReadSP35Table721FromWorkbook -> CBatchSectionCalculator -> CStabilityCalculator table interpolation","NotRun","Inventoried:BehaviorNotAccepted"
"SP35.Table721.AI62","rngSP35Table721","Config!AI62","NormativeTableValue","","","10","","TextOrNumber:PendingContractReview","-","PendingCatalogMapping","PendingCallSiteReview","SP35 table branch; normative values, no arbitrary calibration","modWorkbookCalculation.ReadSP35Table721FromWorkbook -> CBatchSectionCalculator -> CStabilityCalculator table interpolation","NotRun","Inventoried:BehaviorNotAccepted"
"SP35.Table721.AJ62","rngSP35Table721","Config!AJ62","NormativeTableValue","","","8.6999999999999993","","TextOrNumber:PendingContractReview","-","PendingCatalogMapping","PendingCallSiteReview","SP35 table branch; normative values, no arbitrary calibration","modWorkbookCalculation.ReadSP35Table721FromWorkbook -> CBatchSectionCalculator -> CStabilityCalculator table interpolation","NotRun","Inventoried:BehaviorNotAccepted"
"SP35.Table721.AK62","rngSP35Table721","Config!AK62","NormativeTableValue","","","35","","TextOrNumber:PendingContractReview","-","PendingCatalogMapping","PendingCallSiteReview","SP35 table branch; normative values, no arbitrary calibration","modWorkbookCalculation.ReadSP35Table721FromWorkbook -> CBatchSectionCalculator -> CStabilityCalculator table interpolation","NotRun","Inventoried:BehaviorNotAccepted"
"SP35.Table721.AL62","rngSP35Table721","Config!AL62","NormativeTableValue","","","1","","TextOrNumber:PendingContractReview","-","PendingCatalogMapping","PendingCallSiteReview","SP35 table branch; normative values, no arbitrary calibration","modWorkbookCalculation.ReadSP35Table721FromWorkbook -> CBatchSectionCalculator -> CStabilityCalculator table interpolation","NotRun","Inventoried:BehaviorNotAccepted"
"SP35.Table721.AM62","rngSP35Table721","Config!AM62","NormativeTableValue","","","0.86","","TextOrNumber:PendingContractReview","-","PendingCatalogMapping","PendingCallSiteReview","SP35 table branch; normative values, no arbitrary calibration","modWorkbookCalculation.ReadSP35Table721FromWorkbook -> CBatchSectionCalculator -> CStabilityCalculator table interpolation","NotRun","Inventoried:BehaviorNotAccepted"
"SP35.Table721.AN62","rngSP35Table721","Config!AN62","NormativeTableValue","","","0.77","","TextOrNumber:PendingContractReview","-","PendingCatalogMapping","PendingCallSiteReview","SP35 table branch; normative values, no arbitrary calibration","modWorkbookCalculation.ReadSP35Table721FromWorkbook -> CBatchSectionCalculator -> CStabilityCalculator table interpolation","NotRun","Inventoried:BehaviorNotAccepted"
"SP35.Table721.AO62","rngSP35Table721","Config!AO62","NormativeTableValue","","","0.65","","TextOrNumber:PendingContractReview","-","PendingCatalogMapping","PendingCallSiteReview","SP35 table branch; normative values, no arbitrary calibration","modWorkbookCalculation.ReadSP35Table721FromWorkbook -> CBatchSectionCalculator -> CStabilityCalculator table interpolation","NotRun","Inventoried:BehaviorNotAccepted"
"SP35.Table721.AP62","rngSP35Table721","Config!AP62","NormativeTableValue","","","0.84","","TextOrNumber:PendingContractReview","-","PendingCatalogMapping","PendingCallSiteReview","SP35 table branch; normative values, no arbitrary calibration","modWorkbookCalculation.ReadSP35Table721FromWorkbook -> CBatchSectionCalculator -> CStabilityCalculator table interpolation","NotRun","Inventoried:BehaviorNotAccepted"
"SP35.Table721.AI63","rngSP35Table721","Config!AI63","NormativeTableValue","","","12","","TextOrNumber:PendingContractReview","-","PendingCatalogMapping","PendingCallSiteReview","SP35 table branch; normative values, no arbitrary calibration","modWorkbookCalculation.ReadSP35Table721FromWorkbook -> CBatchSectionCalculator -> CStabilityCalculator table interpolation","NotRun","Inventoried:BehaviorNotAccepted"
"SP35.Table721.AJ63","rngSP35Table721","Config!AJ63","NormativeTableValue","","","10.4","","TextOrNumber:PendingContractReview","-","PendingCatalogMapping","PendingCallSiteReview","SP35 table branch; normative values, no arbitrary calibration","modWorkbookCalculation.ReadSP35Table721FromWorkbook -> CBatchSectionCalculator -> CStabilityCalculator table interpolation","NotRun","Inventoried:BehaviorNotAccepted"
"SP35.Table721.AK63","rngSP35Table721","Config!AK63","NormativeTableValue","","","40","","TextOrNumber:PendingContractReview","-","PendingCatalogMapping","PendingCallSiteReview","SP35 table branch; normative values, no arbitrary calibration","modWorkbookCalculation.ReadSP35Table721FromWorkbook -> CBatchSectionCalculator -> CStabilityCalculator table interpolation","NotRun","Inventoried:BehaviorNotAccepted"
"SP35.Table721.AL63","rngSP35Table721","Config!AL63","NormativeTableValue","","","0.95","","TextOrNumber:PendingContractReview","-","PendingCatalogMapping","PendingCallSiteReview","SP35 table branch; normative values, no arbitrary calibration","modWorkbookCalculation.ReadSP35Table721FromWorkbook -> CBatchSectionCalculator -> CStabilityCalculator table interpolation","NotRun","Inventoried:BehaviorNotAccepted"
"SP35.Table721.AM63","rngSP35Table721","Config!AM63","NormativeTableValue","","","0.83","","TextOrNumber:PendingContractReview","-","PendingCatalogMapping","PendingCallSiteReview","SP35 table branch; normative values, no arbitrary calibration","modWorkbookCalculation.ReadSP35Table721FromWorkbook -> CBatchSectionCalculator -> CStabilityCalculator table interpolation","NotRun","Inventoried:BehaviorNotAccepted"
"SP35.Table721.AN63","rngSP35Table721","Config!AN63","NormativeTableValue","","","0.74","","TextOrNumber:PendingContractReview","-","PendingCatalogMapping","PendingCallSiteReview","SP35 table branch; normative values, no arbitrary calibration","modWorkbookCalculation.ReadSP35Table721FromWorkbook -> CBatchSectionCalculator -> CStabilityCalculator table interpolation","NotRun","Inventoried:BehaviorNotAccepted"
"SP35.Table721.AO63","rngSP35Table721","Config!AO63","NormativeTableValue","","","0.62","","TextOrNumber:PendingContractReview","-","PendingCatalogMapping","PendingCallSiteReview","SP35 table branch; normative values, no arbitrary calibration","modWorkbookCalculation.ReadSP35Table721FromWorkbook -> CBatchSectionCalculator -> CStabilityCalculator table interpolation","NotRun","Inventoried:BehaviorNotAccepted"
"SP35.Table721.AP63","rngSP35Table721","Config!AP63","NormativeTableValue","","","0.79","","TextOrNumber:PendingContractReview","-","PendingCatalogMapping","PendingCallSiteReview","SP35 table branch; normative values, no arbitrary calibration","modWorkbookCalculation.ReadSP35Table721FromWorkbook -> CBatchSectionCalculator -> CStabilityCalculator table interpolation","NotRun","Inventoried:BehaviorNotAccepted"
"SP35.Table721.AI64","rngSP35Table721","Config!AI64","NormativeTableValue","","","14","","TextOrNumber:PendingContractReview","-","PendingCatalogMapping","PendingCallSiteReview","SP35 table branch; normative values, no arbitrary calibration","modWorkbookCalculation.ReadSP35Table721FromWorkbook -> CBatchSectionCalculator -> CStabilityCalculator table interpolation","NotRun","Inventoried:BehaviorNotAccepted"
"SP35.Table721.AJ64","rngSP35Table721","Config!AJ64","NormativeTableValue","","","12.1","","TextOrNumber:PendingContractReview","-","PendingCatalogMapping","PendingCallSiteReview","SP35 table branch; normative values, no arbitrary calibration","modWorkbookCalculation.ReadSP35Table721FromWorkbook -> CBatchSectionCalculator -> CStabilityCalculator table interpolation","NotRun","Inventoried:BehaviorNotAccepted"
"SP35.Table721.AK64","rngSP35Table721","Config!AK64","NormativeTableValue","","","48.5","","TextOrNumber:PendingContractReview","-","PendingCatalogMapping","PendingCallSiteReview","SP35 table branch; normative values, no arbitrary calibration","modWorkbookCalculation.ReadSP35Table721FromWorkbook -> CBatchSectionCalculator -> CStabilityCalculator table interpolation","NotRun","Inventoried:BehaviorNotAccepted"
"SP35.Table721.AL64","rngSP35Table721","Config!AL64","NormativeTableValue","","","0.9","","TextOrNumber:PendingContractReview","-","PendingCatalogMapping","PendingCallSiteReview","SP35 table branch; normative values, no arbitrary calibration","modWorkbookCalculation.ReadSP35Table721FromWorkbook -> CBatchSectionCalculator -> CStabilityCalculator table interpolation","NotRun","Inventoried:BehaviorNotAccepted"
"SP35.Table721.AM64","rngSP35Table721","Config!AM64","NormativeTableValue","","","0.79","","TextOrNumber:PendingContractReview","-","PendingCatalogMapping","PendingCallSiteReview","SP35 table branch; normative values, no arbitrary calibration","modWorkbookCalculation.ReadSP35Table721FromWorkbook -> CBatchSectionCalculator -> CStabilityCalculator table interpolation","NotRun","Inventoried:BehaviorNotAccepted"
"SP35.Table721.AN64","rngSP35Table721","Config!AN64","NormativeTableValue","","","0.7","","TextOrNumber:PendingContractReview","-","PendingCatalogMapping","PendingCallSiteReview","SP35 table branch; normative values, no arbitrary calibration","modWorkbookCalculation.ReadSP35Table721FromWorkbook -> CBatchSectionCalculator -> CStabilityCalculator table interpolation","NotRun","Inventoried:BehaviorNotAccepted"
"SP35.Table721.AO64","rngSP35Table721","Config!AO64","NormativeTableValue","","","0.57999999999999996","","TextOrNumber:PendingContractReview","-","PendingCatalogMapping","PendingCallSiteReview","SP35 table branch; normative values, no arbitrary calibration","modWorkbookCalculation.ReadSP35Table721FromWorkbook -> CBatchSectionCalculator -> CStabilityCalculator table interpolation","NotRun","Inventoried:BehaviorNotAccepted"
"SP35.Table721.AP64","rngSP35Table721","Config!AP64","NormativeTableValue","","","0.7","","TextOrNumber:PendingContractReview","-","PendingCatalogMapping","PendingCallSiteReview","SP35 table branch; normative values, no arbitrary calibration","modWorkbookCalculation.ReadSP35Table721FromWorkbook -> CBatchSectionCalculator -> CStabilityCalculator table interpolation","NotRun","Inventoried:BehaviorNotAccepted"
"SP35.Table721.AI65","rngSP35Table721","Config!AI65","NormativeTableValue","","","16","","TextOrNumber:PendingContractReview","-","PendingCatalogMapping","PendingCallSiteReview","SP35 table branch; normative values, no arbitrary calibration","modWorkbookCalculation.ReadSP35Table721FromWorkbook -> CBatchSectionCalculator -> CStabilityCalculator table interpolation","NotRun","Inventoried:BehaviorNotAccepted"
"SP35.Table721.AJ65","rngSP35Table721","Config!AJ65","NormativeTableValue","","","13.8","","TextOrNumber:PendingContractReview","-","PendingCatalogMapping","PendingCallSiteReview","SP35 table branch; normative values, no arbitrary calibration","modWorkbookCalculation.ReadSP35Table721FromWorkbook -> CBatchSectionCalculator -> CStabilityCalculator table interpolation","NotRun","Inventoried:BehaviorNotAccepted"
"SP35.Table721.AK65","rngSP35Table721","Config!AK65","NormativeTableValue","","","55","","TextOrNumber:PendingContractReview","-","PendingCatalogMapping","PendingCallSiteReview","SP35 table branch; normative values, no arbitrary calibration","modWorkbookCalculation.ReadSP35Table721FromWorkbook -> CBatchSectionCalculator -> CStabilityCalculator table interpolation","NotRun","Inventoried:BehaviorNotAccepted"
"SP35.Table721.AL65","rngSP35Table721","Config!AL65","NormativeTableValue","","","0.86","","TextOrNumber:PendingContractReview","-","PendingCatalogMapping","PendingCallSiteReview","SP35 table branch; normative values, no arbitrary calibration","modWorkbookCalculation.ReadSP35Table721FromWorkbook -> CBatchSectionCalculator -> CStabilityCalculator table interpolation","NotRun","Inventoried:BehaviorNotAccepted"
"SP35.Table721.AM65","rngSP35Table721","Config!AM65","NormativeTableValue","","","0.75","","TextOrNumber:PendingContractReview","-","PendingCatalogMapping","PendingCallSiteReview","SP35 table branch; normative values, no arbitrary calibration","modWorkbookCalculation.ReadSP35Table721FromWorkbook -> CBatchSectionCalculator -> CStabilityCalculator table interpolation","NotRun","Inventoried:BehaviorNotAccepted"
"SP35.Table721.AN65","rngSP35Table721","Config!AN65","NormativeTableValue","","","0.66","","TextOrNumber:PendingContractReview","-","PendingCatalogMapping","PendingCallSiteReview","SP35 table branch; normative values, no arbitrary calibration","modWorkbookCalculation.ReadSP35Table721FromWorkbook -> CBatchSectionCalculator -> CStabilityCalculator table interpolation","NotRun","Inventoried:BehaviorNotAccepted"
"SP35.Table721.AO65","rngSP35Table721","Config!AO65","NormativeTableValue","","","0.55000000000000004","","TextOrNumber:PendingContractReview","-","PendingCatalogMapping","PendingCallSiteReview","SP35 table branch; normative values, no arbitrary calibration","modWorkbookCalculation.ReadSP35Table721FromWorkbook -> CBatchSectionCalculator -> CStabilityCalculator table interpolation","NotRun","Inventoried:BehaviorNotAccepted"
"SP35.Table721.AP65","rngSP35Table721","Config!AP65","NormativeTableValue","","","0.65","","TextOrNumber:PendingContractReview","-","PendingCatalogMapping","PendingCallSiteReview","SP35 table branch; normative values, no arbitrary calibration","modWorkbookCalculation.ReadSP35Table721FromWorkbook -> CBatchSectionCalculator -> CStabilityCalculator table interpolation","NotRun","Inventoried:BehaviorNotAccepted"
"SP35.Table721.AI66","rngSP35Table721","Config!AI66","NormativeTableValue","","","18","","TextOrNumber:PendingContractReview","-","PendingCatalogMapping","PendingCallSiteReview","SP35 table branch; normative values, no arbitrary calibration","modWorkbookCalculation.ReadSP35Table721FromWorkbook -> CBatchSectionCalculator -> CStabilityCalculator table interpolation","NotRun","Inventoried:BehaviorNotAccepted"
"SP35.Table721.AJ66","rngSP35Table721","Config!AJ66","NormativeTableValue","","","15.6","","TextOrNumber:PendingContractReview","-","PendingCatalogMapping","PendingCallSiteReview","SP35 table branch; normative values, no arbitrary calibration","modWorkbookCalculation.ReadSP35Table721FromWorkbook -> CBatchSectionCalculator -> CStabilityCalculator table interpolation","NotRun","Inventoried:BehaviorNotAccepted"
"SP35.Table721.AK66","rngSP35Table721","Config!AK66","NormativeTableValue","","","62.5","","TextOrNumber:PendingContractReview","-","PendingCatalogMapping","PendingCallSiteReview","SP35 table branch; normative values, no arbitrary calibration","modWorkbookCalculation.ReadSP35Table721FromWorkbook -> CBatchSectionCalculator -> CStabilityCalculator table interpolation","NotRun","Inventoried:BehaviorNotAccepted"
"SP35.Table721.AL66","rngSP35Table721","Config!AL66","NormativeTableValue","","","0.82","","TextOrNumber:PendingContractReview","-","PendingCatalogMapping","PendingCallSiteReview","SP35 table branch; normative values, no arbitrary calibration","modWorkbookCalculation.ReadSP35Table721FromWorkbook -> CBatchSectionCalculator -> CStabilityCalculator table interpolation","NotRun","Inventoried:BehaviorNotAccepted"
"SP35.Table721.AM66","rngSP35Table721","Config!AM66","NormativeTableValue","","","0.71","","TextOrNumber:PendingContractReview","-","PendingCatalogMapping","PendingCallSiteReview","SP35 table branch; normative values, no arbitrary calibration","modWorkbookCalculation.ReadSP35Table721FromWorkbook -> CBatchSectionCalculator -> CStabilityCalculator table interpolation","NotRun","Inventoried:BehaviorNotAccepted"
"SP35.Table721.AN66","rngSP35Table721","Config!AN66","NormativeTableValue","","","0.62","","TextOrNumber:PendingContractReview","-","PendingCatalogMapping","PendingCallSiteReview","SP35 table branch; normative values, no arbitrary calibration","modWorkbookCalculation.ReadSP35Table721FromWorkbook -> CBatchSectionCalculator -> CStabilityCalculator table interpolation","NotRun","Inventoried:BehaviorNotAccepted"
"SP35.Table721.AO66","rngSP35Table721","Config!AO66","NormativeTableValue","","","0.51","","TextOrNumber:PendingContractReview","-","PendingCatalogMapping","PendingCallSiteReview","SP35 table branch; normative values, no arbitrary calibration","modWorkbookCalculation.ReadSP35Table721FromWorkbook -> CBatchSectionCalculator -> CStabilityCalculator table interpolation","NotRun","Inventoried:BehaviorNotAccepted"
"SP35.Table721.AP66","rngSP35Table721","Config!AP66","NormativeTableValue","","","0.56000000000000005","","TextOrNumber:PendingContractReview","-","PendingCatalogMapping","PendingCallSiteReview","SP35 table branch; normative values, no arbitrary calibration","modWorkbookCalculation.ReadSP35Table721FromWorkbook -> CBatchSectionCalculator -> CStabilityCalculator table interpolation","NotRun","Inventoried:BehaviorNotAccepted"
"SP35.Table721.AI67","rngSP35Table721","Config!AI67","NormativeTableValue","","","20","","TextOrNumber:PendingContractReview","-","PendingCatalogMapping","PendingCallSiteReview","SP35 table branch; normative values, no arbitrary calibration","modWorkbookCalculation.ReadSP35Table721FromWorkbook -> CBatchSectionCalculator -> CStabilityCalculator table interpolation","NotRun","Inventoried:BehaviorNotAccepted"
"SP35.Table721.AJ67","rngSP35Table721","Config!AJ67","NormativeTableValue","","","17.3","","TextOrNumber:PendingContractReview","-","PendingCatalogMapping","PendingCallSiteReview","SP35 table branch; normative values, no arbitrary calibration","modWorkbookCalculation.ReadSP35Table721FromWorkbook -> CBatchSectionCalculator -> CStabilityCalculator table interpolation","NotRun","Inventoried:BehaviorNotAccepted"
"SP35.Table721.AK67","rngSP35Table721","Config!AK67","NormativeTableValue","","","70","","TextOrNumber:PendingContractReview","-","PendingCatalogMapping","PendingCallSiteReview","SP35 table branch; normative values, no arbitrary calibration","modWorkbookCalculation.ReadSP35Table721FromWorkbook -> CBatchSectionCalculator -> CStabilityCalculator table interpolation","NotRun","Inventoried:BehaviorNotAccepted"
"SP35.Table721.AL67","rngSP35Table721","Config!AL67","NormativeTableValue","","","0.78","","TextOrNumber:PendingContractReview","-","PendingCatalogMapping","PendingCallSiteReview","SP35 table branch; normative values, no arbitrary calibration","modWorkbookCalculation.ReadSP35Table721FromWorkbook -> CBatchSectionCalculator -> CStabilityCalculator table interpolation","NotRun","Inventoried:BehaviorNotAccepted"
"SP35.Table721.AM67","rngSP35Table721","Config!AM67","NormativeTableValue","","","0.67","","TextOrNumber:PendingContractReview","-","PendingCatalogMapping","PendingCallSiteReview","SP35 table branch; normative values, no arbitrary calibration","modWorkbookCalculation.ReadSP35Table721FromWorkbook -> CBatchSectionCalculator -> CStabilityCalculator table interpolation","NotRun","Inventoried:BehaviorNotAccepted"
"SP35.Table721.AN67","rngSP35Table721","Config!AN67","NormativeTableValue","","","0.56999999999999995","","TextOrNumber:PendingContractReview","-","PendingCatalogMapping","PendingCallSiteReview","SP35 table branch; normative values, no arbitrary calibration","modWorkbookCalculation.ReadSP35Table721FromWorkbook -> CBatchSectionCalculator -> CStabilityCalculator table interpolation","NotRun","Inventoried:BehaviorNotAccepted"
"SP35.Table721.AO67","rngSP35Table721","Config!AO67","NormativeTableValue","","","0.48","","TextOrNumber:PendingContractReview","-","PendingCatalogMapping","PendingCallSiteReview","SP35 table branch; normative values, no arbitrary calibration","modWorkbookCalculation.ReadSP35Table721FromWorkbook -> CBatchSectionCalculator -> CStabilityCalculator table interpolation","NotRun","Inventoried:BehaviorNotAccepted"
"SP35.Table721.AP67","rngSP35Table721","Config!AP67","NormativeTableValue","","","0.47","","TextOrNumber:PendingContractReview","-","PendingCatalogMapping","PendingCallSiteReview","SP35 table branch; normative values, no arbitrary calibration","modWorkbookCalculation.ReadSP35Table721FromWorkbook -> CBatchSectionCalculator -> CStabilityCalculator table interpolation","NotRun","Inventoried:BehaviorNotAccepted"
"SP35.Table721.AI68","rngSP35Table721","Config!AI68","NormativeTableValue","","","22","","TextOrNumber:PendingContractReview","-","PendingCatalogMapping","PendingCallSiteReview","SP35 table branch; normative values, no arbitrary calibration","modWorkbookCalculation.ReadSP35Table721FromWorkbook -> CBatchSectionCalculator -> CStabilityCalculator table interpolation","NotRun","Inventoried:BehaviorNotAccepted"
"SP35.Table721.AJ68","rngSP35Table721","Config!AJ68","NormativeTableValue","","","19.100000000000001","","TextOrNumber:PendingContractReview","-","PendingCatalogMapping","PendingCallSiteReview","SP35 table branch; normative values, no arbitrary calibration","modWorkbookCalculation.ReadSP35Table721FromWorkbook -> CBatchSectionCalculator -> CStabilityCalculator table interpolation","NotRun","Inventoried:BehaviorNotAccepted"
"SP35.Table721.AK68","rngSP35Table721","Config!AK68","NormativeTableValue","","","75","","TextOrNumber:PendingContractReview","-","PendingCatalogMapping","PendingCallSiteReview","SP35 table branch; normative values, no arbitrary calibration","modWorkbookCalculation.ReadSP35Table721FromWorkbook -> CBatchSectionCalculator -> CStabilityCalculator table interpolation","NotRun","Inventoried:BehaviorNotAccepted"
"SP35.Table721.AL68","rngSP35Table721","Config!AL68","NormativeTableValue","","","0.72","","TextOrNumber:PendingContractReview","-","PendingCatalogMapping","PendingCallSiteReview","SP35 table branch; normative values, no arbitrary calibration","modWorkbookCalculation.ReadSP35Table721FromWorkbook -> CBatchSectionCalculator -> CStabilityCalculator table interpolation","NotRun","Inventoried:BehaviorNotAccepted"
"SP35.Table721.AM68","rngSP35Table721","Config!AM68","NormativeTableValue","","","0.6","","TextOrNumber:PendingContractReview","-","PendingCatalogMapping","PendingCallSiteReview","SP35 table branch; normative values, no arbitrary calibration","modWorkbookCalculation.ReadSP35Table721FromWorkbook -> CBatchSectionCalculator -> CStabilityCalculator table interpolation","NotRun","Inventoried:BehaviorNotAccepted"
"SP35.Table721.AN68","rngSP35Table721","Config!AN68","NormativeTableValue","","","0.52","","TextOrNumber:PendingContractReview","-","PendingCatalogMapping","PendingCallSiteReview","SP35 table branch; normative values, no arbitrary calibration","modWorkbookCalculation.ReadSP35Table721FromWorkbook -> CBatchSectionCalculator -> CStabilityCalculator table interpolation","NotRun","Inventoried:BehaviorNotAccepted"
"SP35.Table721.AO68","rngSP35Table721","Config!AO68","NormativeTableValue","","","0.43","","TextOrNumber:PendingContractReview","-","PendingCatalogMapping","PendingCallSiteReview","SP35 table branch; normative values, no arbitrary calibration","modWorkbookCalculation.ReadSP35Table721FromWorkbook -> CBatchSectionCalculator -> CStabilityCalculator table interpolation","NotRun","Inventoried:BehaviorNotAccepted"
"SP35.Table721.AP68","rngSP35Table721","Config!AP68","NormativeTableValue","","","0.41","","TextOrNumber:PendingContractReview","-","PendingCatalogMapping","PendingCallSiteReview","SP35 table branch; normative values, no arbitrary calibration","modWorkbookCalculation.ReadSP35Table721FromWorkbook -> CBatchSectionCalculator -> CStabilityCalculator table interpolation","NotRun","Inventoried:BehaviorNotAccepted"
"SP35.Table721.AI69","rngSP35Table721","Config!AI69","NormativeTableValue","","","24","","TextOrNumber:PendingContractReview","-","PendingCatalogMapping","PendingCallSiteReview","SP35 table branch; normative values, no arbitrary calibration","modWorkbookCalculation.ReadSP35Table721FromWorkbook -> CBatchSectionCalculator -> CStabilityCalculator table interpolation","NotRun","Inventoried:BehaviorNotAccepted"
"SP35.Table721.AJ69","rngSP35Table721","Config!AJ69","NormativeTableValue","","","20.8","","TextOrNumber:PendingContractReview","-","PendingCatalogMapping","PendingCallSiteReview","SP35 table branch; normative values, no arbitrary calibration","modWorkbookCalculation.ReadSP35Table721FromWorkbook -> CBatchSectionCalculator -> CStabilityCalculator table interpolation","NotRun","Inventoried:BehaviorNotAccepted"
"SP35.Table721.AK69","rngSP35Table721","Config!AK69","NormativeTableValue","","","83","","TextOrNumber:PendingContractReview","-","PendingCatalogMapping","PendingCallSiteReview","SP35 table branch; normative values, no arbitrary calibration","modWorkbookCalculation.ReadSP35Table721FromWorkbook -> CBatchSectionCalculator -> CStabilityCalculator table interpolation","NotRun","Inventoried:BehaviorNotAccepted"
"SP35.Table721.AL69","rngSP35Table721","Config!AL69","NormativeTableValue","","","0.67","","TextOrNumber:PendingContractReview","-","PendingCatalogMapping","PendingCallSiteReview","SP35 table branch; normative values, no arbitrary calibration","modWorkbookCalculation.ReadSP35Table721FromWorkbook -> CBatchSectionCalculator -> CStabilityCalculator table interpolation","NotRun","Inventoried:BehaviorNotAccepted"
"SP35.Table721.AM69","rngSP35Table721","Config!AM69","NormativeTableValue","","","0.55000000000000004","","TextOrNumber:PendingContractReview","-","PendingCatalogMapping","PendingCallSiteReview","SP35 table branch; normative values, no arbitrary calibration","modWorkbookCalculation.ReadSP35Table721FromWorkbook -> CBatchSectionCalculator -> CStabilityCalculator table interpolation","NotRun","Inventoried:BehaviorNotAccepted"
"SP35.Table721.AN69","rngSP35Table721","Config!AN69","NormativeTableValue","","","0.47","","TextOrNumber:PendingContractReview","-","PendingCatalogMapping","PendingCallSiteReview","SP35 table branch; normative values, no arbitrary calibration","modWorkbookCalculation.ReadSP35Table721FromWorkbook -> CBatchSectionCalculator -> CStabilityCalculator table interpolation","NotRun","Inventoried:BehaviorNotAccepted"
"SP35.Table721.AO69","rngSP35Table721","Config!AO69","NormativeTableValue","","","0.38","","TextOrNumber:PendingContractReview","-","PendingCatalogMapping","PendingCallSiteReview","SP35 table branch; normative values, no arbitrary calibration","modWorkbookCalculation.ReadSP35Table721FromWorkbook -> CBatchSectionCalculator -> CStabilityCalculator table interpolation","NotRun","Inventoried:BehaviorNotAccepted"
"SP35.Table721.AP69","rngSP35Table721","Config!AP69","NormativeTableValue","","","0.32","","TextOrNumber:PendingContractReview","-","PendingCatalogMapping","PendingCallSiteReview","SP35 table branch; normative values, no arbitrary calibration","modWorkbookCalculation.ReadSP35Table721FromWorkbook -> CBatchSectionCalculator -> CStabilityCalculator table interpolation","NotRun","Inventoried:BehaviorNotAccepted"
"SP35.Table721.AI70","rngSP35Table721","Config!AI70","NormativeTableValue","","","26","","TextOrNumber:PendingContractReview","-","PendingCatalogMapping","PendingCallSiteReview","SP35 table branch; normative values, no arbitrary calibration","modWorkbookCalculation.ReadSP35Table721FromWorkbook -> CBatchSectionCalculator -> CStabilityCalculator table interpolation","NotRun","Inventoried:BehaviorNotAccepted"
"SP35.Table721.AJ70","rngSP35Table721","Config!AJ70","NormativeTableValue","","","22.5","","TextOrNumber:PendingContractReview","-","PendingCatalogMapping","PendingCallSiteReview","SP35 table branch; normative values, no arbitrary calibration","modWorkbookCalculation.ReadSP35Table721FromWorkbook -> CBatchSectionCalculator -> CStabilityCalculator table interpolation","NotRun","Inventoried:BehaviorNotAccepted"
"SP35.Table721.AK70","rngSP35Table721","Config!AK70","NormativeTableValue","","","90","","TextOrNumber:PendingContractReview","-","PendingCatalogMapping","PendingCallSiteReview","SP35 table branch; normative values, no arbitrary calibration","modWorkbookCalculation.ReadSP35Table721FromWorkbook -> CBatchSectionCalculator -> CStabilityCalculator table interpolation","NotRun","Inventoried:BehaviorNotAccepted"
"SP35.Table721.AL70","rngSP35Table721","Config!AL70","NormativeTableValue","","","0.62","","TextOrNumber:PendingContractReview","-","PendingCatalogMapping","PendingCallSiteReview","SP35 table branch; normative values, no arbitrary calibration","modWorkbookCalculation.ReadSP35Table721FromWorkbook -> CBatchSectionCalculator -> CStabilityCalculator table interpolation","NotRun","Inventoried:BehaviorNotAccepted"
"SP35.Table721.AM70","rngSP35Table721","Config!AM70","NormativeTableValue","","","0.51","","TextOrNumber:PendingContractReview","-","PendingCatalogMapping","PendingCallSiteReview","SP35 table branch; normative values, no arbitrary calibration","modWorkbookCalculation.ReadSP35Table721FromWorkbook -> CBatchSectionCalculator -> CStabilityCalculator table interpolation","NotRun","Inventoried:BehaviorNotAccepted"
"SP35.Table721.AN70","rngSP35Table721","Config!AN70","NormativeTableValue","","","0.44","","TextOrNumber:PendingContractReview","-","PendingCatalogMapping","PendingCallSiteReview","SP35 table branch; normative values, no arbitrary calibration","modWorkbookCalculation.ReadSP35Table721FromWorkbook -> CBatchSectionCalculator -> CStabilityCalculator table interpolation","NotRun","Inventoried:BehaviorNotAccepted"
"SP35.Table721.AO70","rngSP35Table721","Config!AO70","NormativeTableValue","","","0.35","","TextOrNumber:PendingContractReview","-","PendingCatalogMapping","PendingCallSiteReview","SP35 table branch; normative values, no arbitrary calibration","modWorkbookCalculation.ReadSP35Table721FromWorkbook -> CBatchSectionCalculator -> CStabilityCalculator table interpolation","NotRun","Inventoried:BehaviorNotAccepted"
"SP35.Table721.AP70","rngSP35Table721","Config!AP70","NormativeTableValue","","","0.25","","TextOrNumber:PendingContractReview","-","PendingCatalogMapping","PendingCallSiteReview","SP35 table branch; normative values, no arbitrary calibration","modWorkbookCalculation.ReadSP35Table721FromWorkbook -> CBatchSectionCalculator -> CStabilityCalculator table interpolation","NotRun","Inventoried:BehaviorNotAccepted"
"SP35.Table721.AI71","rngSP35Table721","Config!AI71","NormativeTableValue","","","28","","TextOrNumber:PendingContractReview","-","PendingCatalogMapping","PendingCallSiteReview","SP35 table branch; normative values, no arbitrary calibration","modWorkbookCalculation.ReadSP35Table721FromWorkbook -> CBatchSectionCalculator -> CStabilityCalculator table interpolation","NotRun","Inventoried:BehaviorNotAccepted"
"SP35.Table721.AJ71","rngSP35Table721","Config!AJ71","NormativeTableValue","","","24.3","","TextOrNumber:PendingContractReview","-","PendingCatalogMapping","PendingCallSiteReview","SP35 table branch; normative values, no arbitrary calibration","modWorkbookCalculation.ReadSP35Table721FromWorkbook -> CBatchSectionCalculator -> CStabilityCalculator table interpolation","NotRun","Inventoried:BehaviorNotAccepted"
"SP35.Table721.AK71","rngSP35Table721","Config!AK71","NormativeTableValue","","","97","","TextOrNumber:PendingContractReview","-","PendingCatalogMapping","PendingCallSiteReview","SP35 table branch; normative values, no arbitrary calibration","modWorkbookCalculation.ReadSP35Table721FromWorkbook -> CBatchSectionCalculator -> CStabilityCalculator table interpolation","NotRun","Inventoried:BehaviorNotAccepted"
"SP35.Table721.AL71","rngSP35Table721","Config!AL71","NormativeTableValue","","","0.57999999999999996","","TextOrNumber:PendingContractReview","-","PendingCatalogMapping","PendingCallSiteReview","SP35 table branch; normative values, no arbitrary calibration","modWorkbookCalculation.ReadSP35Table721FromWorkbook -> CBatchSectionCalculator -> CStabilityCalculator table interpolation","NotRun","Inventoried:BehaviorNotAccepted"
"SP35.Table721.AM71","rngSP35Table721","Config!AM71","NormativeTableValue","","","0.49","","TextOrNumber:PendingContractReview","-","PendingCatalogMapping","PendingCallSiteReview","SP35 table branch; normative values, no arbitrary calibration","modWorkbookCalculation.ReadSP35Table721FromWorkbook -> CBatchSectionCalculator -> CStabilityCalculator table interpolation","NotRun","Inventoried:BehaviorNotAccepted"
"SP35.Table721.AN71","rngSP35Table721","Config!AN71","NormativeTableValue","","","0.43","","TextOrNumber:PendingContractReview","-","PendingCatalogMapping","PendingCallSiteReview","SP35 table branch; normative values, no arbitrary calibration","modWorkbookCalculation.ReadSP35Table721FromWorkbook -> CBatchSectionCalculator -> CStabilityCalculator table interpolation","NotRun","Inventoried:BehaviorNotAccepted"
"SP35.Table721.AO71","rngSP35Table721","Config!AO71","NormativeTableValue","","","0.34","","TextOrNumber:PendingContractReview","-","PendingCatalogMapping","PendingCallSiteReview","SP35 table branch; normative values, no arbitrary calibration","modWorkbookCalculation.ReadSP35Table721FromWorkbook -> CBatchSectionCalculator -> CStabilityCalculator table interpolation","NotRun","Inventoried:BehaviorNotAccepted"
"SP35.Table721.AP71","rngSP35Table721","Config!AP71","NormativeTableValue","","","0.2","","TextOrNumber:PendingContractReview","-","PendingCatalogMapping","PendingCallSiteReview","SP35 table branch; normative values, no arbitrary calibration","modWorkbookCalculation.ReadSP35Table721FromWorkbook -> CBatchSectionCalculator -> CStabilityCalculator table interpolation","NotRun","Inventoried:BehaviorNotAccepted"
"SP35.Table721.AI72","rngSP35Table721","Config!AI72","NormativeTableValue","","","30","","TextOrNumber:PendingContractReview","-","PendingCatalogMapping","PendingCallSiteReview","SP35 table branch; normative values, no arbitrary calibration","modWorkbookCalculation.ReadSP35Table721FromWorkbook -> CBatchSectionCalculator -> CStabilityCalculator table interpolation","NotRun","Inventoried:BehaviorNotAccepted"
"SP35.Table721.AJ72","rngSP35Table721","Config!AJ72","NormativeTableValue","","","26","","TextOrNumber:PendingContractReview","-","PendingCatalogMapping","PendingCallSiteReview","SP35 table branch; normative values, no arbitrary calibration","modWorkbookCalculation.ReadSP35Table721FromWorkbook -> CBatchSectionCalculator -> CStabilityCalculator table interpolation","NotRun","Inventoried:BehaviorNotAccepted"
"SP35.Table721.AK72","rngSP35Table721","Config!AK72","NormativeTableValue","","","105","","TextOrNumber:PendingContractReview","-","PendingCatalogMapping","PendingCallSiteReview","SP35 table branch; normative values, no arbitrary calibration","modWorkbookCalculation.ReadSP35Table721FromWorkbook -> CBatchSectionCalculator -> CStabilityCalculator table interpolation","NotRun","Inventoried:BehaviorNotAccepted"
"SP35.Table721.AL72","rngSP35Table721","Config!AL72","NormativeTableValue","","","0.53","","TextOrNumber:PendingContractReview","-","PendingCatalogMapping","PendingCallSiteReview","SP35 table branch; normative values, no arbitrary calibration","modWorkbookCalculation.ReadSP35Table721FromWorkbook -> CBatchSectionCalculator -> CStabilityCalculator table interpolation","NotRun","Inventoried:BehaviorNotAccepted"
"SP35.Table721.AM72","rngSP35Table721","Config!AM72","NormativeTableValue","","","0.45","","TextOrNumber:PendingContractReview","-","PendingCatalogMapping","PendingCallSiteReview","SP35 table branch; normative values, no arbitrary calibration","modWorkbookCalculation.ReadSP35Table721FromWorkbook -> CBatchSectionCalculator -> CStabilityCalculator table interpolation","NotRun","Inventoried:BehaviorNotAccepted"
"SP35.Table721.AN72","rngSP35Table721","Config!AN72","NormativeTableValue","","","0.39","","TextOrNumber:PendingContractReview","-","PendingCatalogMapping","PendingCallSiteReview","SP35 table branch; normative values, no arbitrary calibration","modWorkbookCalculation.ReadSP35Table721FromWorkbook -> CBatchSectionCalculator -> CStabilityCalculator table interpolation","NotRun","Inventoried:BehaviorNotAccepted"
"SP35.Table721.AO72","rngSP35Table721","Config!AO72","NormativeTableValue","","","0.32","","TextOrNumber:PendingContractReview","-","PendingCatalogMapping","PendingCallSiteReview","SP35 table branch; normative values, no arbitrary calibration","modWorkbookCalculation.ReadSP35Table721FromWorkbook -> CBatchSectionCalculator -> CStabilityCalculator table interpolation","NotRun","Inventoried:BehaviorNotAccepted"
"SP35.Table721.AP72","rngSP35Table721","Config!AP72","NormativeTableValue","","","0.16","","TextOrNumber:PendingContractReview","-","PendingCatalogMapping","PendingCallSiteReview","SP35 table branch; normative values, no arbitrary calibration","modWorkbookCalculation.ReadSP35Table721FromWorkbook -> CBatchSectionCalculator -> CStabilityCalculator table interpolation","NotRun","Inventoried:BehaviorNotAccepted"
"SP35.Table721.AI73","rngSP35Table721","Config!AI73","NormativeTableValue","","","32","","TextOrNumber:PendingContractReview","-","PendingCatalogMapping","PendingCallSiteReview","SP35 table branch; normative values, no arbitrary calibration","modWorkbookCalculation.ReadSP35Table721FromWorkbook -> CBatchSectionCalculator -> CStabilityCalculator table interpolation","NotRun","Inventoried:BehaviorNotAccepted"
"SP35.Table721.AJ73","rngSP35Table721","Config!AJ73","NormativeTableValue","","","27.7","","TextOrNumber:PendingContractReview","-","PendingCatalogMapping","PendingCallSiteReview","SP35 table branch; normative values, no arbitrary calibration","modWorkbookCalculation.ReadSP35Table721FromWorkbook -> CBatchSectionCalculator -> CStabilityCalculator table interpolation","NotRun","Inventoried:BehaviorNotAccepted"
"SP35.Table721.AK73","rngSP35Table721","Config!AK73","NormativeTableValue","","","110","","TextOrNumber:PendingContractReview","-","PendingCatalogMapping","PendingCallSiteReview","SP35 table branch; normative values, no arbitrary calibration","modWorkbookCalculation.ReadSP35Table721FromWorkbook -> CBatchSectionCalculator -> CStabilityCalculator table interpolation","NotRun","Inventoried:BehaviorNotAccepted"
"SP35.Table721.AL73","rngSP35Table721","Config!AL73","NormativeTableValue","","","0.48","","TextOrNumber:PendingContractReview","-","PendingCatalogMapping","PendingCallSiteReview","SP35 table branch; normative values, no arbitrary calibration","modWorkbookCalculation.ReadSP35Table721FromWorkbook -> CBatchSectionCalculator -> CStabilityCalculator table interpolation","NotRun","Inventoried:BehaviorNotAccepted"
"SP35.Table721.AM73","rngSP35Table721","Config!AM73","NormativeTableValue","","","0.41","","TextOrNumber:PendingContractReview","-","PendingCatalogMapping","PendingCallSiteReview","SP35 table branch; normative values, no arbitrary calibration","modWorkbookCalculation.ReadSP35Table721FromWorkbook -> CBatchSectionCalculator -> CStabilityCalculator table interpolation","NotRun","Inventoried:BehaviorNotAccepted"
"SP35.Table721.AN73","rngSP35Table721","Config!AN73","NormativeTableValue","","","0.36","","TextOrNumber:PendingContractReview","-","PendingCatalogMapping","PendingCallSiteReview","SP35 table branch; normative values, no arbitrary calibration","modWorkbookCalculation.ReadSP35Table721FromWorkbook -> CBatchSectionCalculator -> CStabilityCalculator table interpolation","NotRun","Inventoried:BehaviorNotAccepted"
"SP35.Table721.AO73","rngSP35Table721","Config!AO73","NormativeTableValue","","","0.31","","TextOrNumber:PendingContractReview","-","PendingCatalogMapping","PendingCallSiteReview","SP35 table branch; normative values, no arbitrary calibration","modWorkbookCalculation.ReadSP35Table721FromWorkbook -> CBatchSectionCalculator -> CStabilityCalculator table interpolation","NotRun","Inventoried:BehaviorNotAccepted"
"SP35.Table721.AP73","rngSP35Table721","Config!AP73","NormativeTableValue","","","0.14000000000000001","","TextOrNumber:PendingContractReview","-","PendingCatalogMapping","PendingCallSiteReview","SP35 table branch; normative values, no arbitrary calibration","modWorkbookCalculation.ReadSP35Table721FromWorkbook -> CBatchSectionCalculator -> CStabilityCalculator table interpolation","NotRun","Inventoried:BehaviorNotAccepted"
"SP35.Table721.AI74","rngSP35Table721","Config!AI74","NormativeTableValue","","","34","","TextOrNumber:PendingContractReview","-","PendingCatalogMapping","PendingCallSiteReview","SP35 table branch; normative values, no arbitrary calibration","modWorkbookCalculation.ReadSP35Table721FromWorkbook -> CBatchSectionCalculator -> CStabilityCalculator table interpolation","NotRun","Inventoried:BehaviorNotAccepted"
"SP35.Table721.AJ74","rngSP35Table721","Config!AJ74","NormativeTableValue","","","29","","TextOrNumber:PendingContractReview","-","PendingCatalogMapping","PendingCallSiteReview","SP35 table branch; normative values, no arbitrary calibration","modWorkbookCalculation.ReadSP35Table721FromWorkbook -> CBatchSectionCalculator -> CStabilityCalculator table interpolation","NotRun","Inventoried:BehaviorNotAccepted"
"SP35.Table721.AK74","rngSP35Table721","Config!AK74","NormativeTableValue","","","120","","TextOrNumber:PendingContractReview","-","PendingCatalogMapping","PendingCallSiteReview","SP35 table branch; normative values, no arbitrary calibration","modWorkbookCalculation.ReadSP35Table721FromWorkbook -> CBatchSectionCalculator -> CStabilityCalculator table interpolation","NotRun","Inventoried:BehaviorNotAccepted"
"SP35.Table721.AL74","rngSP35Table721","Config!AL74","NormativeTableValue","","","0.43","","TextOrNumber:PendingContractReview","-","PendingCatalogMapping","PendingCallSiteReview","SP35 table branch; normative values, no arbitrary calibration","modWorkbookCalculation.ReadSP35Table721FromWorkbook -> CBatchSectionCalculator -> CStabilityCalculator table interpolation","NotRun","Inventoried:BehaviorNotAccepted"
"SP35.Table721.AM74","rngSP35Table721","Config!AM74","NormativeTableValue","","","0.36","","TextOrNumber:PendingContractReview","-","PendingCatalogMapping","PendingCallSiteReview","SP35 table branch; normative values, no arbitrary calibration","modWorkbookCalculation.ReadSP35Table721FromWorkbook -> CBatchSectionCalculator -> CStabilityCalculator table interpolation","NotRun","Inventoried:BehaviorNotAccepted"
"SP35.Table721.AN74","rngSP35Table721","Config!AN74","NormativeTableValue","","","0.31","","TextOrNumber:PendingContractReview","-","PendingCatalogMapping","PendingCallSiteReview","SP35 table branch; normative values, no arbitrary calibration","modWorkbookCalculation.ReadSP35Table721FromWorkbook -> CBatchSectionCalculator -> CStabilityCalculator table interpolation","NotRun","Inventoried:BehaviorNotAccepted"
"SP35.Table721.AO74","rngSP35Table721","Config!AO74","NormativeTableValue","","","0.25","","TextOrNumber:PendingContractReview","-","PendingCatalogMapping","PendingCallSiteReview","SP35 table branch; normative values, no arbitrary calibration","modWorkbookCalculation.ReadSP35Table721FromWorkbook -> CBatchSectionCalculator -> CStabilityCalculator table interpolation","NotRun","Inventoried:BehaviorNotAccepted"
"SP35.Table721.AP74","rngSP35Table721","Config!AP74","NormativeTableValue","","","0.1","","TextOrNumber:PendingContractReview","-","PendingCatalogMapping","PendingCallSiteReview","SP35 table branch; normative values, no arbitrary calibration","modWorkbookCalculation.ReadSP35Table721FromWorkbook -> CBatchSectionCalculator -> CStabilityCalculator table interpolation","NotRun","Inventoried:BehaviorNotAccepted"
"SP35.Table721.AI75","rngSP35Table721","Config!AI75","NormativeTableValue","","","38","","TextOrNumber:PendingContractReview","-","PendingCatalogMapping","PendingCallSiteReview","SP35 table branch; normative values, no arbitrary calibration","modWorkbookCalculation.ReadSP35Table721FromWorkbook -> CBatchSectionCalculator -> CStabilityCalculator table interpolation","NotRun","Inventoried:BehaviorNotAccepted"
"SP35.Table721.AJ75","rngSP35Table721","Config!AJ75","NormativeTableValue","","","33","","TextOrNumber:PendingContractReview","-","PendingCatalogMapping","PendingCallSiteReview","SP35 table branch; normative values, no arbitrary calibration","modWorkbookCalculation.ReadSP35Table721FromWorkbook -> CBatchSectionCalculator -> CStabilityCalculator table interpolation","NotRun","Inventoried:BehaviorNotAccepted"
"SP35.Table721.AK75","rngSP35Table721","Config!AK75","NormativeTableValue","","","130","","TextOrNumber:PendingContractReview","-","PendingCatalogMapping","PendingCallSiteReview","SP35 table branch; normative values, no arbitrary calibration","modWorkbookCalculation.ReadSP35Table721FromWorkbook -> CBatchSectionCalculator -> CStabilityCalculator table interpolation","NotRun","Inventoried:BehaviorNotAccepted"
"SP35.Table721.AL75","rngSP35Table721","Config!AL75","NormativeTableValue","","","0.38","","TextOrNumber:PendingContractReview","-","PendingCatalogMapping","PendingCallSiteReview","SP35 table branch; normative values, no arbitrary calibration","modWorkbookCalculation.ReadSP35Table721FromWorkbook -> CBatchSectionCalculator -> CStabilityCalculator table interpolation","NotRun","Inventoried:BehaviorNotAccepted"
"SP35.Table721.AM75","rngSP35Table721","Config!AM75","NormativeTableValue","","","0.32","","TextOrNumber:PendingContractReview","-","PendingCatalogMapping","PendingCallSiteReview","SP35 table branch; normative values, no arbitrary calibration","modWorkbookCalculation.ReadSP35Table721FromWorkbook -> CBatchSectionCalculator -> CStabilityCalculator table interpolation","NotRun","Inventoried:BehaviorNotAccepted"
"SP35.Table721.AN75","rngSP35Table721","Config!AN75","NormativeTableValue","","","0.28000000000000003","","TextOrNumber:PendingContractReview","-","PendingCatalogMapping","PendingCallSiteReview","SP35 table branch; normative values, no arbitrary calibration","modWorkbookCalculation.ReadSP35Table721FromWorkbook -> CBatchSectionCalculator -> CStabilityCalculator table interpolation","NotRun","Inventoried:BehaviorNotAccepted"
"SP35.Table721.AO75","rngSP35Table721","Config!AO75","NormativeTableValue","","","0.24","","TextOrNumber:PendingContractReview","-","PendingCatalogMapping","PendingCallSiteReview","SP35 table branch; normative values, no arbitrary calibration","modWorkbookCalculation.ReadSP35Table721FromWorkbook -> CBatchSectionCalculator -> CStabilityCalculator table interpolation","NotRun","Inventoried:BehaviorNotAccepted"
"SP35.Table721.AP75","rngSP35Table721","Config!AP75","NormativeTableValue","","","0.08","","TextOrNumber:PendingContractReview","-","PendingCatalogMapping","PendingCallSiteReview","SP35 table branch; normative values, no arbitrary calibration","modWorkbookCalculation.ReadSP35Table721FromWorkbook -> CBatchSectionCalculator -> CStabilityCalculator table interpolation","NotRun","Inventoried:BehaviorNotAccepted"
"SP35.Table721.AI76","rngSP35Table721","Config!AI76","NormativeTableValue","","","40","","TextOrNumber:PendingContractReview","-","PendingCatalogMapping","PendingCallSiteReview","SP35 table branch; normative values, no arbitrary calibration","modWorkbookCalculation.ReadSP35Table721FromWorkbook -> CBatchSectionCalculator -> CStabilityCalculator table interpolation","NotRun","Inventoried:BehaviorNotAccepted"
"SP35.Table721.AJ76","rngSP35Table721","Config!AJ76","NormativeTableValue","","","34.6","","TextOrNumber:PendingContractReview","-","PendingCatalogMapping","PendingCallSiteReview","SP35 table branch; normative values, no arbitrary calibration","modWorkbookCalculation.ReadSP35Table721FromWorkbook -> CBatchSectionCalculator -> CStabilityCalculator table interpolation","NotRun","Inventoried:BehaviorNotAccepted"
"SP35.Table721.AK76","rngSP35Table721","Config!AK76","NormativeTableValue","","","140","","TextOrNumber:PendingContractReview","-","PendingCatalogMapping","PendingCallSiteReview","SP35 table branch; normative values, no arbitrary calibration","modWorkbookCalculation.ReadSP35Table721FromWorkbook -> CBatchSectionCalculator -> CStabilityCalculator table interpolation","NotRun","Inventoried:BehaviorNotAccepted"
"SP35.Table721.AL76","rngSP35Table721","Config!AL76","NormativeTableValue","","","0.35","","TextOrNumber:PendingContractReview","-","PendingCatalogMapping","PendingCallSiteReview","SP35 table branch; normative values, no arbitrary calibration","modWorkbookCalculation.ReadSP35Table721FromWorkbook -> CBatchSectionCalculator -> CStabilityCalculator table interpolation","NotRun","Inventoried:BehaviorNotAccepted"
"SP35.Table721.AM76","rngSP35Table721","Config!AM76","NormativeTableValue","","","0.28999999999999998","","TextOrNumber:PendingContractReview","-","PendingCatalogMapping","PendingCallSiteReview","SP35 table branch; normative values, no arbitrary calibration","modWorkbookCalculation.ReadSP35Table721FromWorkbook -> CBatchSectionCalculator -> CStabilityCalculator table interpolation","NotRun","Inventoried:BehaviorNotAccepted"
"SP35.Table721.AN76","rngSP35Table721","Config!AN76","NormativeTableValue","","","0.25","","TextOrNumber:PendingContractReview","-","PendingCatalogMapping","PendingCallSiteReview","SP35 table branch; normative values, no arbitrary calibration","modWorkbookCalculation.ReadSP35Table721FromWorkbook -> CBatchSectionCalculator -> CStabilityCalculator table interpolation","NotRun","Inventoried:BehaviorNotAccepted"
"SP35.Table721.AO76","rngSP35Table721","Config!AO76","NormativeTableValue","","","0.21","","TextOrNumber:PendingContractReview","-","PendingCatalogMapping","PendingCallSiteReview","SP35 table branch; normative values, no arbitrary calibration","modWorkbookCalculation.ReadSP35Table721FromWorkbook -> CBatchSectionCalculator -> CStabilityCalculator table interpolation","NotRun","Inventoried:BehaviorNotAccepted"
"SP35.Table721.AP76","rngSP35Table721","Config!AP76","NormativeTableValue","","","7.0000000000000007E-2","","TextOrNumber:PendingContractReview","-","PendingCatalogMapping","PendingCallSiteReview","SP35 table branch; normative values, no arbitrary calibration","modWorkbookCalculation.ReadSP35Table721FromWorkbook -> CBatchSectionCalculator -> CStabilityCalculator table interpolation","NotRun","Inventoried:BehaviorNotAccepted"
"SP35.Table721.AI77","rngSP35Table721","Config!AI77","NormativeTableValue","","","43","","TextOrNumber:PendingContractReview","-","PendingCatalogMapping","PendingCallSiteReview","SP35 table branch; normative values, no arbitrary calibration","modWorkbookCalculation.ReadSP35Table721FromWorkbook -> CBatchSectionCalculator -> CStabilityCalculator table interpolation","NotRun","Inventoried:BehaviorNotAccepted"
"SP35.Table721.AJ77","rngSP35Table721","Config!AJ77","NormativeTableValue","","","37.5","","TextOrNumber:PendingContractReview","-","PendingCatalogMapping","PendingCallSiteReview","SP35 table branch; normative values, no arbitrary calibration","modWorkbookCalculation.ReadSP35Table721FromWorkbook -> CBatchSectionCalculator -> CStabilityCalculator table interpolation","NotRun","Inventoried:BehaviorNotAccepted"
"SP35.Table721.AK77","rngSP35Table721","Config!AK77","NormativeTableValue","","","150","","TextOrNumber:PendingContractReview","-","PendingCatalogMapping","PendingCallSiteReview","SP35 table branch; normative values, no arbitrary calibration","modWorkbookCalculation.ReadSP35Table721FromWorkbook -> CBatchSectionCalculator -> CStabilityCalculator table interpolation","NotRun","Inventoried:BehaviorNotAccepted"
"SP35.Table721.AL77","rngSP35Table721","Config!AL77","NormativeTableValue","","","0.33","","TextOrNumber:PendingContractReview","-","PendingCatalogMapping","PendingCallSiteReview","SP35 table branch; normative values, no arbitrary calibration","modWorkbookCalculation.ReadSP35Table721FromWorkbook -> CBatchSectionCalculator -> CStabilityCalculator table interpolation","NotRun","Inventoried:BehaviorNotAccepted"
"SP35.Table721.AM77","rngSP35Table721","Config!AM77","NormativeTableValue","","","0.28000000000000003","","TextOrNumber:PendingContractReview","-","PendingCatalogMapping","PendingCallSiteReview","SP35 table branch; normative values, no arbitrary calibration","modWorkbookCalculation.ReadSP35Table721FromWorkbook -> CBatchSectionCalculator -> CStabilityCalculator table interpolation","NotRun","Inventoried:BehaviorNotAccepted"
"SP35.Table721.AN77","rngSP35Table721","Config!AN77","NormativeTableValue","","","0.24","","TextOrNumber:PendingContractReview","-","PendingCatalogMapping","PendingCallSiteReview","SP35 table branch; normative values, no arbitrary calibration","modWorkbookCalculation.ReadSP35Table721FromWorkbook -> CBatchSectionCalculator -> CStabilityCalculator table interpolation","NotRun","Inventoried:BehaviorNotAccepted"
"SP35.Table721.AO77","rngSP35Table721","Config!AO77","NormativeTableValue","","","0.21","","TextOrNumber:PendingContractReview","-","PendingCatalogMapping","PendingCallSiteReview","SP35 table branch; normative values, no arbitrary calibration","modWorkbookCalculation.ReadSP35Table721FromWorkbook -> CBatchSectionCalculator -> CStabilityCalculator table interpolation","NotRun","Inventoried:BehaviorNotAccepted"
"SP35.Table721.AP77","rngSP35Table721","Config!AP77","NormativeTableValue","","","0.06","","TextOrNumber:PendingContractReview","-","PendingCatalogMapping","PendingCallSiteReview","SP35 table branch; normative values, no arbitrary calibration","modWorkbookCalculation.ReadSP35Table721FromWorkbook -> CBatchSectionCalculator -> CStabilityCalculator table interpolation","NotRun","Inventoried:BehaviorNotAccepted"
"SP35.Table721.AI78","rngSP35Table721","Config!AI78","NormativeTableValue","","","1000000","","TextOrNumber:PendingContractReview","-","PendingCatalogMapping","PendingCallSiteReview","SP35 table branch; normative values, no arbitrary calibration","modWorkbookCalculation.ReadSP35Table721FromWorkbook -> CBatchSectionCalculator -> CStabilityCalculator table interpolation","NotRun","Inventoried:BehaviorNotAccepted"
"SP35.Table721.AJ78","rngSP35Table721","Config!AJ78","NormativeTableValue","","","1000000","","TextOrNumber:PendingContractReview","-","PendingCatalogMapping","PendingCallSiteReview","SP35 table branch; normative values, no arbitrary calibration","modWorkbookCalculation.ReadSP35Table721FromWorkbook -> CBatchSectionCalculator -> CStabilityCalculator table interpolation","NotRun","Inventoried:BehaviorNotAccepted"
"SP35.Table721.AK78","rngSP35Table721","Config!AK78","NormativeTableValue","","","1000000","","TextOrNumber:PendingContractReview","-","PendingCatalogMapping","PendingCallSiteReview","SP35 table branch; normative values, no arbitrary calibration","modWorkbookCalculation.ReadSP35Table721FromWorkbook -> CBatchSectionCalculator -> CStabilityCalculator table interpolation","NotRun","Inventoried:BehaviorNotAccepted"
"SP35.Table721.AL78","rngSP35Table721","Config!AL78","NormativeTableValue","","","0.33","","TextOrNumber:PendingContractReview","-","PendingCatalogMapping","PendingCallSiteReview","SP35 table branch; normative values, no arbitrary calibration","modWorkbookCalculation.ReadSP35Table721FromWorkbook -> CBatchSectionCalculator -> CStabilityCalculator table interpolation","NotRun","Inventoried:BehaviorNotAccepted"
"SP35.Table721.AM78","rngSP35Table721","Config!AM78","NormativeTableValue","","","0.28000000000000003","","TextOrNumber:PendingContractReview","-","PendingCatalogMapping","PendingCallSiteReview","SP35 table branch; normative values, no arbitrary calibration","modWorkbookCalculation.ReadSP35Table721FromWorkbook -> CBatchSectionCalculator -> CStabilityCalculator table interpolation","NotRun","Inventoried:BehaviorNotAccepted"
"SP35.Table721.AN78","rngSP35Table721","Config!AN78","NormativeTableValue","","","0.24","","TextOrNumber:PendingContractReview","-","PendingCatalogMapping","PendingCallSiteReview","SP35 table branch; normative values, no arbitrary calibration","modWorkbookCalculation.ReadSP35Table721FromWorkbook -> CBatchSectionCalculator -> CStabilityCalculator table interpolation","NotRun","Inventoried:BehaviorNotAccepted"
"SP35.Table721.AO78","rngSP35Table721","Config!AO78","NormativeTableValue","","","0.21","","TextOrNumber:PendingContractReview","-","PendingCatalogMapping","PendingCallSiteReview","SP35 table branch; normative values, no arbitrary calibration","modWorkbookCalculation.ReadSP35Table721FromWorkbook -> CBatchSectionCalculator -> CStabilityCalculator table interpolation","NotRun","Inventoried:BehaviorNotAccepted"
"SP35.Table721.AP78","rngSP35Table721","Config!AP78","NormativeTableValue","","","0.06","","TextOrNumber:PendingContractReview","-","PendingCatalogMapping","PendingCallSiteReview","SP35 table branch; normative values, no arbitrary calibration","modWorkbookCalculation.ReadSP35Table721FromWorkbook -> CBatchSectionCalculator -> CStabilityCalculator table interpolation","NotRun","Inventoried:BehaviorNotAccepted"
"MaterialControl.AM3","UnnamedMaterialDiagramControl","Config!AM3","DerivedFormula","","","-3.5000000000000001E-3","-$I$33","Formula","Strain / MPa","PendingCatalogMapping","PendingCallSiteReview","Corresponding material parameters; checking only","No solver consumer; visible independent formula control","NotRun","Inventoried:BehaviorNotAccepted"
"MaterialControl.AN3","UnnamedMaterialDiagramControl","Config!AN3","DerivedFormula","","","-15.5","-$I$27","Formula","Strain / MPa","PendingCatalogMapping","PendingCallSiteReview","Corresponding material parameters; checking only","No solver consumer; visible independent formula control","NotRun","Inventoried:BehaviorNotAccepted"
"MaterialControl.AM4","UnnamedMaterialDiagramControl","Config!AM4","DerivedFormula","","","-1.5E-3","-$I$31","Formula","Strain / MPa","PendingCatalogMapping","PendingCallSiteReview","Corresponding material parameters; checking only","No solver consumer; visible independent formula control","NotRun","Inventoried:BehaviorNotAccepted"
"MaterialControl.AN4","UnnamedMaterialDiagramControl","Config!AN4","DerivedFormula","","","-15.5","-$I$27","Formula","Strain / MPa","PendingCatalogMapping","PendingCallSiteReview","Corresponding material parameters; checking only","No solver consumer; visible independent formula control","NotRun","Inventoried:BehaviorNotAccepted"
"MaterialControl.AM5","UnnamedMaterialDiagramControl","Config!AM5","ReadOnlyControlValue","","","0","","TextOrNumber:PendingContractReview","Strain / MPa","PendingCatalogMapping","PendingCallSiteReview","Corresponding material parameters; checking only","No solver consumer; visible independent formula control","NotRun","Inventoried:BehaviorNotAccepted"
"MaterialControl.AN5","UnnamedMaterialDiagramControl","Config!AN5","ReadOnlyControlValue","","","0","","TextOrNumber:PendingContractReview","Strain / MPa","PendingCatalogMapping","PendingCallSiteReview","Corresponding material parameters; checking only","No solver consumer; visible independent formula control","NotRun","Inventoried:BehaviorNotAccepted"
"MaterialControl.AM6","UnnamedMaterialDiagramControl","Config!AM6","DerivedFormula","","","8.0000000000000007E-5","$J$31","Formula","Strain / MPa","PendingCatalogMapping","PendingCallSiteReview","Corresponding material parameters; checking only","No solver consumer; visible independent formula control","NotRun","Inventoried:BehaviorNotAccepted"
"MaterialControl.AN6","UnnamedMaterialDiagramControl","Config!AN6","DerivedFormula","","","1.1000000000000001","$J$27","Formula","Strain / MPa","PendingCatalogMapping","PendingCallSiteReview","Corresponding material parameters; checking only","No solver consumer; visible independent formula control","NotRun","Inventoried:BehaviorNotAccepted"
"MaterialControl.AM7","UnnamedMaterialDiagramControl","Config!AM7","DerivedFormula","","","1.4999999999999999E-4","$J$33","Formula","Strain / MPa","PendingCatalogMapping","PendingCallSiteReview","Corresponding material parameters; checking only","No solver consumer; visible independent formula control","NotRun","Inventoried:BehaviorNotAccepted"
"MaterialControl.AN7","UnnamedMaterialDiagramControl","Config!AN7","DerivedFormula","","","1.1000000000000001","$J$27","Formula","Strain / MPa","PendingCatalogMapping","PendingCallSiteReview","Corresponding material parameters; checking only","No solver consumer; visible independent formula control","NotRun","Inventoried:BehaviorNotAccepted"
"MaterialControl.AM8","UnnamedMaterialDiagramControl","Config!AM8","DerivedFormula","","","-3.5000000000000001E-3","-$I$33","Formula","Strain / MPa","PendingCatalogMapping","PendingCallSiteReview","Corresponding material parameters; checking only","No solver consumer; visible independent formula control","NotRun","Inventoried:BehaviorNotAccepted"
"MaterialControl.AN8","UnnamedMaterialDiagramControl","Config!AN8","DerivedFormula","","","-15.5","-$I$27","Formula","Strain / MPa","PendingCatalogMapping","PendingCallSiteReview","Corresponding material parameters; checking only","No solver consumer; visible independent formula control","NotRun","Inventoried:BehaviorNotAccepted"
"MaterialControl.AM9","UnnamedMaterialDiagramControl","Config!AM9","DerivedFormula","","","-2E-3","-$I$32","Formula","Strain / MPa","PendingCatalogMapping","PendingCallSiteReview","Corresponding material parameters; checking only","No solver consumer; visible independent formula control","NotRun","Inventoried:BehaviorNotAccepted"
"MaterialControl.AN9","UnnamedMaterialDiagramControl","Config!AN9","DerivedFormula","","","-15.5","-$I$27","Formula","Strain / MPa","PendingCatalogMapping","PendingCallSiteReview","Corresponding material parameters; checking only","No solver consumer; visible independent formula control","NotRun","Inventoried:BehaviorNotAccepted"
"MaterialControl.AM10","UnnamedMaterialDiagramControl","Config!AM10","DerivedFormula","","","-2.8615384615384614E-4","-0.6*$I$27/$I$30","Formula","Strain / MPa","PendingCatalogMapping","PendingCallSiteReview","Corresponding material parameters; checking only","No solver consumer; visible independent formula control","NotRun","Inventoried:BehaviorNotAccepted"
"MaterialControl.AN10","UnnamedMaterialDiagramControl","Config!AN10","DerivedFormula","","","-9.2999999999999989","-0.6*$I$27","Formula","Strain / MPa","PendingCatalogMapping","PendingCallSiteReview","Corresponding material parameters; checking only","No solver consumer; visible independent formula control","NotRun","Inventoried:BehaviorNotAccepted"
"MaterialControl.AM11","UnnamedMaterialDiagramControl","Config!AM11","ReadOnlyControlValue","","","0","","TextOrNumber:PendingContractReview","Strain / MPa","PendingCatalogMapping","PendingCallSiteReview","Corresponding material parameters; checking only","No solver consumer; visible independent formula control","NotRun","Inventoried:BehaviorNotAccepted"
"MaterialControl.AN11","UnnamedMaterialDiagramControl","Config!AN11","ReadOnlyControlValue","","","0","","TextOrNumber:PendingContractReview","Strain / MPa","PendingCatalogMapping","PendingCallSiteReview","Corresponding material parameters; checking only","No solver consumer; visible independent formula control","NotRun","Inventoried:BehaviorNotAccepted"
"MaterialControl.AM12","UnnamedMaterialDiagramControl","Config!AM12","DerivedFormula","","","2.0307692307692308E-5","0.6*$J$27/$J$30","Formula","Strain / MPa","PendingCatalogMapping","PendingCallSiteReview","Corresponding material parameters; checking only","No solver consumer; visible independent formula control","NotRun","Inventoried:BehaviorNotAccepted"
"MaterialControl.AN12","UnnamedMaterialDiagramControl","Config!AN12","DerivedFormula","","","0.66","0.6*$J$27","Formula","Strain / MPa","PendingCatalogMapping","PendingCallSiteReview","Corresponding material parameters; checking only","No solver consumer; visible independent formula control","NotRun","Inventoried:BehaviorNotAccepted"
"MaterialControl.AM13","UnnamedMaterialDiagramControl","Config!AM13","DerivedFormula","","","1E-4","$J$32","Formula","Strain / MPa","PendingCatalogMapping","PendingCallSiteReview","Corresponding material parameters; checking only","No solver consumer; visible independent formula control","NotRun","Inventoried:BehaviorNotAccepted"
"MaterialControl.AN13","UnnamedMaterialDiagramControl","Config!AN13","DerivedFormula","","","1.1000000000000001","$J$27","Formula","Strain / MPa","PendingCatalogMapping","PendingCallSiteReview","Corresponding material parameters; checking only","No solver consumer; visible independent formula control","NotRun","Inventoried:BehaviorNotAccepted"
"MaterialControl.AM14","UnnamedMaterialDiagramControl","Config!AM14","DerivedFormula","","","1.4999999999999999E-4","$J$33","Formula","Strain / MPa","PendingCatalogMapping","PendingCallSiteReview","Corresponding material parameters; checking only","No solver consumer; visible independent formula control","NotRun","Inventoried:BehaviorNotAccepted"
"MaterialControl.AN14","UnnamedMaterialDiagramControl","Config!AN14","DerivedFormula","","","1.1000000000000001","$J$27","Formula","Strain / MPa","PendingCatalogMapping","PendingCallSiteReview","Corresponding material parameters; checking only","No solver consumer; visible independent formula control","NotRun","Inventoried:BehaviorNotAccepted"
"MaterialControl.AM15","UnnamedMaterialDiagramControl","Config!AM15","DerivedFormula","","","-3.5000000000000001E-3","-$I$33","Formula","Strain / MPa","PendingCatalogMapping","PendingCallSiteReview","Corresponding material parameters; checking only","No solver consumer; visible independent formula control","NotRun","Inventoried:BehaviorNotAccepted"
"MaterialControl.AN15","UnnamedMaterialDiagramControl","Config!AN15","DerivedFormula","","","-22","-$I$28","Formula","Strain / MPa","PendingCatalogMapping","PendingCallSiteReview","Corresponding material parameters; checking only","No solver consumer; visible independent formula control","NotRun","Inventoried:BehaviorNotAccepted"
"MaterialControl.AM16","UnnamedMaterialDiagramControl","Config!AM16","DerivedFormula","","","-1.5E-3","-$I$31","Formula","Strain / MPa","PendingCatalogMapping","PendingCallSiteReview","Corresponding material parameters; checking only","No solver consumer; visible independent formula control","NotRun","Inventoried:BehaviorNotAccepted"
"MaterialControl.AN16","UnnamedMaterialDiagramControl","Config!AN16","DerivedFormula","","","-22","-$I$28","Formula","Strain / MPa","PendingCatalogMapping","PendingCallSiteReview","Corresponding material parameters; checking only","No solver consumer; visible independent formula control","NotRun","Inventoried:BehaviorNotAccepted"
"MaterialControl.AM17","UnnamedMaterialDiagramControl","Config!AM17","ReadOnlyControlValue","","","0","","TextOrNumber:PendingContractReview","Strain / MPa","PendingCatalogMapping","PendingCallSiteReview","Corresponding material parameters; checking only","No solver consumer; visible independent formula control","NotRun","Inventoried:BehaviorNotAccepted"
"MaterialControl.AN17","UnnamedMaterialDiagramControl","Config!AN17","ReadOnlyControlValue","","","0","","TextOrNumber:PendingContractReview","Strain / MPa","PendingCatalogMapping","PendingCallSiteReview","Corresponding material parameters; checking only","No solver consumer; visible independent formula control","NotRun","Inventoried:BehaviorNotAccepted"
"MaterialControl.AM18","UnnamedMaterialDiagramControl","Config!AM18","DerivedFormula","","","8.0000000000000007E-5","$J$31","Formula","Strain / MPa","PendingCatalogMapping","PendingCallSiteReview","Corresponding material parameters; checking only","No solver consumer; visible independent formula control","NotRun","Inventoried:BehaviorNotAccepted"
"MaterialControl.AN18","UnnamedMaterialDiagramControl","Config!AN18","DerivedFormula","","","1.8","$J$28","Formula","Strain / MPa","PendingCatalogMapping","PendingCallSiteReview","Corresponding material parameters; checking only","No solver consumer; visible independent formula control","NotRun","Inventoried:BehaviorNotAccepted"
"MaterialControl.AM19","UnnamedMaterialDiagramControl","Config!AM19","DerivedFormula","","","1.4999999999999999E-4","$J$33","Formula","Strain / MPa","PendingCatalogMapping","PendingCallSiteReview","Corresponding material parameters; checking only","No solver consumer; visible independent formula control","NotRun","Inventoried:BehaviorNotAccepted"
"MaterialControl.AN19","UnnamedMaterialDiagramControl","Config!AN19","DerivedFormula","","","1.8","$J$28","Formula","Strain / MPa","PendingCatalogMapping","PendingCallSiteReview","Corresponding material parameters; checking only","No solver consumer; visible independent formula control","NotRun","Inventoried:BehaviorNotAccepted"
"MaterialControl.AM20","UnnamedMaterialDiagramControl","Config!AM20","DerivedFormula","","","-3.5000000000000001E-3","-$I$33","Formula","Strain / MPa","PendingCatalogMapping","PendingCallSiteReview","Corresponding material parameters; checking only","No solver consumer; visible independent formula control","NotRun","Inventoried:BehaviorNotAccepted"
"MaterialControl.AN20","UnnamedMaterialDiagramControl","Config!AN20","DerivedFormula","","","-22","-$I$28","Formula","Strain / MPa","PendingCatalogMapping","PendingCallSiteReview","Corresponding material parameters; checking only","No solver consumer; visible independent formula control","NotRun","Inventoried:BehaviorNotAccepted"
"MaterialControl.AM21","UnnamedMaterialDiagramControl","Config!AM21","DerivedFormula","","","-2E-3","-$I$32","Formula","Strain / MPa","PendingCatalogMapping","PendingCallSiteReview","Corresponding material parameters; checking only","No solver consumer; visible independent formula control","NotRun","Inventoried:BehaviorNotAccepted"
"MaterialControl.AN21","UnnamedMaterialDiagramControl","Config!AN21","DerivedFormula","","","-22","-$I$28","Formula","Strain / MPa","PendingCatalogMapping","PendingCallSiteReview","Corresponding material parameters; checking only","No solver consumer; visible independent formula control","NotRun","Inventoried:BehaviorNotAccepted"
"MaterialControl.AM22","UnnamedMaterialDiagramControl","Config!AM22","DerivedFormula","","","-4.0615384615384613E-4","-0.6*$I$28/$I$30","Formula","Strain / MPa","PendingCatalogMapping","PendingCallSiteReview","Corresponding material parameters; checking only","No solver consumer; visible independent formula control","NotRun","Inventoried:BehaviorNotAccepted"
"MaterialControl.AN22","UnnamedMaterialDiagramControl","Config!AN22","DerivedFormula","","","-13.2","-0.6*$I$28","Formula","Strain / MPa","PendingCatalogMapping","PendingCallSiteReview","Corresponding material parameters; checking only","No solver consumer; visible independent formula control","NotRun","Inventoried:BehaviorNotAccepted"
"MaterialControl.AM23","UnnamedMaterialDiagramControl","Config!AM23","ReadOnlyControlValue","","","0","","TextOrNumber:PendingContractReview","Strain / MPa","PendingCatalogMapping","PendingCallSiteReview","Corresponding material parameters; checking only","No solver consumer; visible independent formula control","NotRun","Inventoried:BehaviorNotAccepted"
"MaterialControl.AN23","UnnamedMaterialDiagramControl","Config!AN23","ReadOnlyControlValue","","","0","","TextOrNumber:PendingContractReview","Strain / MPa","PendingCatalogMapping","PendingCallSiteReview","Corresponding material parameters; checking only","No solver consumer; visible independent formula control","NotRun","Inventoried:BehaviorNotAccepted"
"MaterialControl.AM24","UnnamedMaterialDiagramControl","Config!AM24","DerivedFormula","","","3.3230769230769236E-5","0.6*$J$28/$J$30","Formula","Strain / MPa","PendingCatalogMapping","PendingCallSiteReview","Corresponding material parameters; checking only","No solver consumer; visible independent formula control","NotRun","Inventoried:BehaviorNotAccepted"
"MaterialControl.AN24","UnnamedMaterialDiagramControl","Config!AN24","DerivedFormula","","","1.08","0.6*$J$28","Formula","Strain / MPa","PendingCatalogMapping","PendingCallSiteReview","Corresponding material parameters; checking only","No solver consumer; visible independent formula control","NotRun","Inventoried:BehaviorNotAccepted"
"MaterialControl.AM25","UnnamedMaterialDiagramControl","Config!AM25","DerivedFormula","","","1E-4","$J$32","Formula","Strain / MPa","PendingCatalogMapping","PendingCallSiteReview","Corresponding material parameters; checking only","No solver consumer; visible independent formula control","NotRun","Inventoried:BehaviorNotAccepted"
"MaterialControl.AN25","UnnamedMaterialDiagramControl","Config!AN25","DerivedFormula","","","1.8","$J$28","Formula","Strain / MPa","PendingCatalogMapping","PendingCallSiteReview","Corresponding material parameters; checking only","No solver consumer; visible independent formula control","NotRun","Inventoried:BehaviorNotAccepted"
"MaterialControl.AM26","UnnamedMaterialDiagramControl","Config!AM26","DerivedFormula","","","1.4999999999999999E-4","$J$33","Formula","Strain / MPa","PendingCatalogMapping","PendingCallSiteReview","Corresponding material parameters; checking only","No solver consumer; visible independent formula control","NotRun","Inventoried:BehaviorNotAccepted"
"MaterialControl.AN26","UnnamedMaterialDiagramControl","Config!AN26","DerivedFormula","","","1.8","$J$28","Formula","Strain / MPa","PendingCatalogMapping","PendingCallSiteReview","Corresponding material parameters; checking only","No solver consumer; visible independent formula control","NotRun","Inventoried:BehaviorNotAccepted"
"MaterialControl.AM27","UnnamedMaterialDiagramControl","Config!AM27","DerivedFormula","","","-2.5000000000000001E-2","-$I$22","Formula","Strain / MPa","PendingCatalogMapping","PendingCallSiteReview","Corresponding material parameters; checking only","No solver consumer; visible independent formula control","NotRun","Inventoried:BehaviorNotAccepted"
"MaterialControl.AN27","UnnamedMaterialDiagramControl","Config!AN27","DerivedFormula","","","-350","-$I$19","Formula","Strain / MPa","PendingCatalogMapping","PendingCallSiteReview","Corresponding material parameters; checking only","No solver consumer; visible independent formula control","NotRun","Inventoried:BehaviorNotAccepted"
"MaterialControl.AM28","UnnamedMaterialDiagramControl","Config!AM28","DerivedFormula","","","-1.75E-3","-$I$19/$I$21","Formula","Strain / MPa","PendingCatalogMapping","PendingCallSiteReview","Corresponding material parameters; checking only","No solver consumer; visible independent formula control","NotRun","Inventoried:BehaviorNotAccepted"
"MaterialControl.AN28","UnnamedMaterialDiagramControl","Config!AN28","DerivedFormula","","","-350","-$I$19","Formula","Strain / MPa","PendingCatalogMapping","PendingCallSiteReview","Corresponding material parameters; checking only","No solver consumer; visible independent formula control","NotRun","Inventoried:BehaviorNotAccepted"
"MaterialControl.AM29","UnnamedMaterialDiagramControl","Config!AM29","ReadOnlyControlValue","","","0","","TextOrNumber:PendingContractReview","Strain / MPa","PendingCatalogMapping","PendingCallSiteReview","Corresponding material parameters; checking only","No solver consumer; visible independent formula control","NotRun","Inventoried:BehaviorNotAccepted"
"MaterialControl.AN29","UnnamedMaterialDiagramControl","Config!AN29","ReadOnlyControlValue","","","0","","TextOrNumber:PendingContractReview","Strain / MPa","PendingCatalogMapping","PendingCallSiteReview","Corresponding material parameters; checking only","No solver consumer; visible independent formula control","NotRun","Inventoried:BehaviorNotAccepted"
"MaterialControl.AM30","UnnamedMaterialDiagramControl","Config!AM30","DerivedFormula","","","1.75E-3","$J$19/$J$21","Formula","Strain / MPa","PendingCatalogMapping","PendingCallSiteReview","Corresponding material parameters; checking only","No solver consumer; visible independent formula control","NotRun","Inventoried:BehaviorNotAccepted"
"MaterialControl.AN30","UnnamedMaterialDiagramControl","Config!AN30","DerivedFormula","","","350","$J$19","Formula","Strain / MPa","PendingCatalogMapping","PendingCallSiteReview","Corresponding material parameters; checking only","No solver consumer; visible independent formula control","NotRun","Inventoried:BehaviorNotAccepted"
"MaterialControl.AM31","UnnamedMaterialDiagramControl","Config!AM31","DerivedFormula","","","2.5000000000000001E-2","$J$22","Formula","Strain / MPa","PendingCatalogMapping","PendingCallSiteReview","Corresponding material parameters; checking only","No solver consumer; visible independent formula control","NotRun","Inventoried:BehaviorNotAccepted"
"MaterialControl.AN31","UnnamedMaterialDiagramControl","Config!AN31","DerivedFormula","","","350","$J$19","Formula","Strain / MPa","PendingCatalogMapping","PendingCallSiteReview","Corresponding material parameters; checking only","No solver consumer; visible independent formula control","NotRun","Inventoried:BehaviorNotAccepted"
"MaterialControl.AM32","UnnamedMaterialDiagramControl","Config!AM32","DerivedFormula","","","-1.4999999999999999E-2","-$I$23","Formula","Strain / MPa","PendingCatalogMapping","PendingCallSiteReview","Corresponding material parameters; checking only","No solver consumer; visible independent formula control","NotRun","Inventoried:BehaviorNotAccepted"
"MaterialControl.AN32","UnnamedMaterialDiagramControl","Config!AN32","DerivedFormula","","","-385.00000000000006","-1.1*$I$19","Formula","Strain / MPa","PendingCatalogMapping","PendingCallSiteReview","Corresponding material parameters; checking only","No solver consumer; visible independent formula control","NotRun","Inventoried:BehaviorNotAccepted"
"MaterialControl.AM33","UnnamedMaterialDiagramControl","Config!AM33","DerivedFormula","","","-5.9249999999999997E-3","-(2*($I$19/$I$21+0.002)-(0.9*$I$19/$I$21))","Formula","Strain / MPa","PendingCatalogMapping","PendingCallSiteReview","Corresponding material parameters; checking only","No solver consumer; visible independent formula control","NotRun","Inventoried:BehaviorNotAccepted"
"MaterialControl.AN33","UnnamedMaterialDiagramControl","Config!AN33","DerivedFormula","","","-385.00000000000006","-1.1*$I$19","Formula","Strain / MPa","PendingCatalogMapping","PendingCallSiteReview","Corresponding material parameters; checking only","No solver consumer; visible independent formula control","NotRun","Inventoried:BehaviorNotAccepted"
"MaterialControl.AM34","UnnamedMaterialDiagramControl","Config!AM34","DerivedFormula","","","-3.7499999999999999E-3","-($I$19/$I$21+0.002)","Formula","Strain / MPa","PendingCatalogMapping","PendingCallSiteReview","Corresponding material parameters; checking only","No solver consumer; visible independent formula control","NotRun","Inventoried:BehaviorNotAccepted"
"MaterialControl.AN34","UnnamedMaterialDiagramControl","Config!AN34","DerivedFormula","","","-350","-$I$19","Formula","Strain / MPa","PendingCatalogMapping","PendingCallSiteReview","Corresponding material parameters; checking only","No solver consumer; visible independent formula control","NotRun","Inventoried:BehaviorNotAccepted"
"MaterialControl.AM35","UnnamedMaterialDiagramControl","Config!AM35","DerivedFormula","","","-1.575E-3","-(0.9*$I$19/$I$21)","Formula","Strain / MPa","PendingCatalogMapping","PendingCallSiteReview","Corresponding material parameters; checking only","No solver consumer; visible independent formula control","NotRun","Inventoried:BehaviorNotAccepted"
"MaterialControl.AN35","UnnamedMaterialDiagramControl","Config!AN35","DerivedFormula","","","-315","-0.9*$I$19","Formula","Strain / MPa","PendingCatalogMapping","PendingCallSiteReview","Corresponding material parameters; checking only","No solver consumer; visible independent formula control","NotRun","Inventoried:BehaviorNotAccepted"
"MaterialControl.AM36","UnnamedMaterialDiagramControl","Config!AM36","ReadOnlyControlValue","","","0","","TextOrNumber:PendingContractReview","Strain / MPa","PendingCatalogMapping","PendingCallSiteReview","Corresponding material parameters; checking only","No solver consumer; visible independent formula control","NotRun","Inventoried:BehaviorNotAccepted"
"MaterialControl.AN36","UnnamedMaterialDiagramControl","Config!AN36","ReadOnlyControlValue","","","0","","TextOrNumber:PendingContractReview","Strain / MPa","PendingCatalogMapping","PendingCallSiteReview","Corresponding material parameters; checking only","No solver consumer; visible independent formula control","NotRun","Inventoried:BehaviorNotAccepted"
"MaterialControl.AM37","UnnamedMaterialDiagramControl","Config!AM37","DerivedFormula","","","1.575E-3","(0.9*$J$19/$J$21)","Formula","Strain / MPa","PendingCatalogMapping","PendingCallSiteReview","Corresponding material parameters; checking only","No solver consumer; visible independent formula control","NotRun","Inventoried:BehaviorNotAccepted"
"MaterialControl.AN37","UnnamedMaterialDiagramControl","Config!AN37","DerivedFormula","","","315","0.9*$J$19","Formula","Strain / MPa","PendingCatalogMapping","PendingCallSiteReview","Corresponding material parameters; checking only","No solver consumer; visible independent formula control","NotRun","Inventoried:BehaviorNotAccepted"
"MaterialControl.AM38","UnnamedMaterialDiagramControl","Config!AM38","DerivedFormula","","","3.7499999999999999E-3","($J$19/$J$21+0.002)","Formula","Strain / MPa","PendingCatalogMapping","PendingCallSiteReview","Corresponding material parameters; checking only","No solver consumer; visible independent formula control","NotRun","Inventoried:BehaviorNotAccepted"
"MaterialControl.AN38","UnnamedMaterialDiagramControl","Config!AN38","DerivedFormula","","","350","$J$19","Formula","Strain / MPa","PendingCatalogMapping","PendingCallSiteReview","Corresponding material parameters; checking only","No solver consumer; visible independent formula control","NotRun","Inventoried:BehaviorNotAccepted"
"MaterialControl.AM39","UnnamedMaterialDiagramControl","Config!AM39","DerivedFormula","","","5.9249999999999997E-3","(2*($J$19/$J$21+0.002)-(0.9*$J$19/$J$21))","Formula","Strain / MPa","PendingCatalogMapping","PendingCallSiteReview","Corresponding material parameters; checking only","No solver consumer; visible independent formula control","NotRun","Inventoried:BehaviorNotAccepted"
"MaterialControl.AN39","UnnamedMaterialDiagramControl","Config!AN39","DerivedFormula","","","385.00000000000006","1.1*$J$19","Formula","Strain / MPa","PendingCatalogMapping","PendingCallSiteReview","Corresponding material parameters; checking only","No solver consumer; visible independent formula control","NotRun","Inventoried:BehaviorNotAccepted"
"MaterialControl.AM40","UnnamedMaterialDiagramControl","Config!AM40","DerivedFormula","","","1.4999999999999999E-2","$J$23","Formula","Strain / MPa","PendingCatalogMapping","PendingCallSiteReview","Corresponding material parameters; checking only","No solver consumer; visible independent formula control","NotRun","Inventoried:BehaviorNotAccepted"
"MaterialControl.AN40","UnnamedMaterialDiagramControl","Config!AN40","DerivedFormula","","","385.00000000000006","1.1*$J$19","Formula","Strain / MPa","PendingCatalogMapping","PendingCallSiteReview","Corresponding material parameters; checking only","No solver consumer; visible independent formula control","NotRun","Inventoried:BehaviorNotAccepted"
"MaterialControl.AM41","UnnamedMaterialDiagramControl","Config!AM41","DerivedFormula","","","-2.5000000000000001E-2","-$I$22","Formula","Strain / MPa","PendingCatalogMapping","PendingCallSiteReview","Corresponding material parameters; checking only","No solver consumer; visible independent formula control","NotRun","Inventoried:BehaviorNotAccepted"
"MaterialControl.AN41","UnnamedMaterialDiagramControl","Config!AN41","DerivedFormula","","","-390","-$I$20","Formula","Strain / MPa","PendingCatalogMapping","PendingCallSiteReview","Corresponding material parameters; checking only","No solver consumer; visible independent formula control","NotRun","Inventoried:BehaviorNotAccepted"
"MaterialControl.AM42","UnnamedMaterialDiagramControl","Config!AM42","DerivedFormula","","","-1.9499999999999999E-3","-$I$20/$I$21","Formula","Strain / MPa","PendingCatalogMapping","PendingCallSiteReview","Corresponding material parameters; checking only","No solver consumer; visible independent formula control","NotRun","Inventoried:BehaviorNotAccepted"
"MaterialControl.AN42","UnnamedMaterialDiagramControl","Config!AN42","DerivedFormula","","","-390","-$I$20","Formula","Strain / MPa","PendingCatalogMapping","PendingCallSiteReview","Corresponding material parameters; checking only","No solver consumer; visible independent formula control","NotRun","Inventoried:BehaviorNotAccepted"
"MaterialControl.AM43","UnnamedMaterialDiagramControl","Config!AM43","ReadOnlyControlValue","","","0","","TextOrNumber:PendingContractReview","Strain / MPa","PendingCatalogMapping","PendingCallSiteReview","Corresponding material parameters; checking only","No solver consumer; visible independent formula control","NotRun","Inventoried:BehaviorNotAccepted"
"MaterialControl.AN43","UnnamedMaterialDiagramControl","Config!AN43","ReadOnlyControlValue","","","0","","TextOrNumber:PendingContractReview","Strain / MPa","PendingCatalogMapping","PendingCallSiteReview","Corresponding material parameters; checking only","No solver consumer; visible independent formula control","NotRun","Inventoried:BehaviorNotAccepted"
"MaterialControl.AM44","UnnamedMaterialDiagramControl","Config!AM44","DerivedFormula","","","1.9499999999999999E-3","$J$20/$J$21","Formula","Strain / MPa","PendingCatalogMapping","PendingCallSiteReview","Corresponding material parameters; checking only","No solver consumer; visible independent formula control","NotRun","Inventoried:BehaviorNotAccepted"
"MaterialControl.AN44","UnnamedMaterialDiagramControl","Config!AN44","DerivedFormula","","","390","$J$20","Formula","Strain / MPa","PendingCatalogMapping","PendingCallSiteReview","Corresponding material parameters; checking only","No solver consumer; visible independent formula control","NotRun","Inventoried:BehaviorNotAccepted"
"MaterialControl.AM45","UnnamedMaterialDiagramControl","Config!AM45","DerivedFormula","","","2.5000000000000001E-2","$J$22","Formula","Strain / MPa","PendingCatalogMapping","PendingCallSiteReview","Corresponding material parameters; checking only","No solver consumer; visible independent formula control","NotRun","Inventoried:BehaviorNotAccepted"
"MaterialControl.AN45","UnnamedMaterialDiagramControl","Config!AN45","DerivedFormula","","","390","$J$20","Formula","Strain / MPa","PendingCatalogMapping","PendingCallSiteReview","Corresponding material parameters; checking only","No solver consumer; visible independent formula control","NotRun","Inventoried:BehaviorNotAccepted"
"MaterialControl.AM46","UnnamedMaterialDiagramControl","Config!AM46","DerivedFormula","","","-1.4999999999999999E-2","-$I$23","Formula","Strain / MPa","PendingCatalogMapping","PendingCallSiteReview","Corresponding material parameters; checking only","No solver consumer; visible independent formula control","NotRun","Inventoried:BehaviorNotAccepted"
"MaterialControl.AN46","UnnamedMaterialDiagramControl","Config!AN46","DerivedFormula","","","-429.00000000000006","-1.1*$I$20","Formula","Strain / MPa","PendingCatalogMapping","PendingCallSiteReview","Corresponding material parameters; checking only","No solver consumer; visible independent formula control","NotRun","Inventoried:BehaviorNotAccepted"
"MaterialControl.AM47","UnnamedMaterialDiagramControl","Config!AM47","DerivedFormula","","","-6.1450000000000012E-3","-(2*($I$20/$I$21+0.002)-(0.9*$I$20/$I$21))","Formula","Strain / MPa","PendingCatalogMapping","PendingCallSiteReview","Corresponding material parameters; checking only","No solver consumer; visible independent formula control","NotRun","Inventoried:BehaviorNotAccepted"
"MaterialControl.AN47","UnnamedMaterialDiagramControl","Config!AN47","DerivedFormula","","","-429.00000000000006","-1.1*$I$20","Formula","Strain / MPa","PendingCatalogMapping","PendingCallSiteReview","Corresponding material parameters; checking only","No solver consumer; visible independent formula control","NotRun","Inventoried:BehaviorNotAccepted"
"MaterialControl.AM48","UnnamedMaterialDiagramControl","Config!AM48","DerivedFormula","","","-3.9500000000000004E-3","-($I$20/$I$21+0.002)","Formula","Strain / MPa","PendingCatalogMapping","PendingCallSiteReview","Corresponding material parameters; checking only","No solver consumer; visible independent formula control","NotRun","Inventoried:BehaviorNotAccepted"
"MaterialControl.AN48","UnnamedMaterialDiagramControl","Config!AN48","DerivedFormula","","","-390","-$I$20","Formula","Strain / MPa","PendingCatalogMapping","PendingCallSiteReview","Corresponding material parameters; checking only","No solver consumer; visible independent formula control","NotRun","Inventoried:BehaviorNotAccepted"
"MaterialControl.AM49","UnnamedMaterialDiagramControl","Config!AM49","DerivedFormula","","","-1.755E-3","-(0.9*$I$20/$I$21)","Formula","Strain / MPa","PendingCatalogMapping","PendingCallSiteReview","Corresponding material parameters; checking only","No solver consumer; visible independent formula control","NotRun","Inventoried:BehaviorNotAccepted"
"MaterialControl.AN49","UnnamedMaterialDiagramControl","Config!AN49","DerivedFormula","","","-351","-0.9*$I$20","Formula","Strain / MPa","PendingCatalogMapping","PendingCallSiteReview","Corresponding material parameters; checking only","No solver consumer; visible independent formula control","NotRun","Inventoried:BehaviorNotAccepted"
"MaterialControl.AM50","UnnamedMaterialDiagramControl","Config!AM50","ReadOnlyControlValue","","","0","","TextOrNumber:PendingContractReview","Strain / MPa","PendingCatalogMapping","PendingCallSiteReview","Corresponding material parameters; checking only","No solver consumer; visible independent formula control","NotRun","Inventoried:BehaviorNotAccepted"
"MaterialControl.AN50","UnnamedMaterialDiagramControl","Config!AN50","ReadOnlyControlValue","","","0","","TextOrNumber:PendingContractReview","Strain / MPa","PendingCatalogMapping","PendingCallSiteReview","Corresponding material parameters; checking only","No solver consumer; visible independent formula control","NotRun","Inventoried:BehaviorNotAccepted"
"MaterialControl.AM51","UnnamedMaterialDiagramControl","Config!AM51","DerivedFormula","","","1.755E-3","(0.9*$J$20/$J$21)","Formula","Strain / MPa","PendingCatalogMapping","PendingCallSiteReview","Corresponding material parameters; checking only","No solver consumer; visible independent formula control","NotRun","Inventoried:BehaviorNotAccepted"
"MaterialControl.AN51","UnnamedMaterialDiagramControl","Config!AN51","DerivedFormula","","","351","0.9*$J$20","Formula","Strain / MPa","PendingCatalogMapping","PendingCallSiteReview","Corresponding material parameters; checking only","No solver consumer; visible independent formula control","NotRun","Inventoried:BehaviorNotAccepted"
"MaterialControl.AM52","UnnamedMaterialDiagramControl","Config!AM52","DerivedFormula","","","3.9500000000000004E-3","($J$20/$J$21+0.002)","Formula","Strain / MPa","PendingCatalogMapping","PendingCallSiteReview","Corresponding material parameters; checking only","No solver consumer; visible independent formula control","NotRun","Inventoried:BehaviorNotAccepted"
"MaterialControl.AN52","UnnamedMaterialDiagramControl","Config!AN52","DerivedFormula","","","390","$J$20","Formula","Strain / MPa","PendingCatalogMapping","PendingCallSiteReview","Corresponding material parameters; checking only","No solver consumer; visible independent formula control","NotRun","Inventoried:BehaviorNotAccepted"
"MaterialControl.AM53","UnnamedMaterialDiagramControl","Config!AM53","DerivedFormula","","","6.1450000000000012E-3","(2*($J$20/$J$21+0.002)-(0.9*$J$20/$J$21))","Formula","Strain / MPa","PendingCatalogMapping","PendingCallSiteReview","Corresponding material parameters; checking only","No solver consumer; visible independent formula control","NotRun","Inventoried:BehaviorNotAccepted"
"MaterialControl.AN53","UnnamedMaterialDiagramControl","Config!AN53","DerivedFormula","","","429.00000000000006","1.1*$J$20","Formula","Strain / MPa","PendingCatalogMapping","PendingCallSiteReview","Corresponding material parameters; checking only","No solver consumer; visible independent formula control","NotRun","Inventoried:BehaviorNotAccepted"
"MaterialControl.AM54","UnnamedMaterialDiagramControl","Config!AM54","DerivedFormula","","","1.4999999999999999E-2","$J$23","Formula","Strain / MPa","PendingCatalogMapping","PendingCallSiteReview","Corresponding material parameters; checking only","No solver consumer; visible independent formula control","NotRun","Inventoried:BehaviorNotAccepted"
"MaterialControl.AN54","UnnamedMaterialDiagramControl","Config!AN54","DerivedFormula","","","429.00000000000006","1.1*$J$20","Formula","Strain / MPa","PendingCatalogMapping","PendingCallSiteReview","Corresponding material parameters; checking only","No solver consumer; visible independent formula control","NotRun","Inventoried:BehaviorNotAccepted"
