SOURCE: C:\Users\avidzba\Desktop\программы\В_РАБОТЕ!\RC_Section_NDM\docs\regression\Audit03\RC_Section_NDM_general_geometry_final_v264.xlsm
SOURCE_SHA256: 60569C86E31F230B0C21B1DC78165F07EC817AC029C77F9E4E38B685EF71B191
FIXTURE: C:\Users\avidzba\AppData\Local\Temp\RC_NDM_ModeSuite_0705910ae24c44a6b96bbcf3943ed33f\RC_Section_NDM.xlsm
GLOBAL_MODE: General.DiagramExtension=No; explicit-On tests retain their setup
===== modTestGeneralGeometryConfig.RunAudit03GeneralGeometryConfigTests =====
SUITE_STARTED: modTestGeneralGeometryConfig.RunAudit03GeneralGeometryConfigTests; 2026-10-04T20:07:21
EXCEL_AFTER_SUITE: pid=21588; workingSet=159776768; privateBytes=113610752; cpu=23.140625
EXCEL_AFTER_SUITE: pid=23476; workingSet=222912512; privateBytes=175136768; cpu=17344.6875
OK: generalGeometry.Geometry.Type.Circle.concrete
OK: generalGeometry.Geometry.Type.Circle.steel
OK: generalGeometry.Geometry.Type.Circle.annotations
OK: generalGeometry.Geometry.Type.Circle.generated
GENERAL_MODEL: generalGeometry.Geometry.Type.Circle|count=281|area=71600
OK: generalGeometry.Geometry.Type.RectSet.concrete
OK: generalGeometry.Geometry.Type.RectSet.steel
OK: generalGeometry.Geometry.Type.RectSet.annotations
OK: generalGeometry.Geometry.Type.RectSet.generated
OK: generalGeometry.Geometry.Type.RectSet.differentSection
GENERAL_MODEL: generalGeometry.Geometry.Type.RectSet|count=787|area=287500
OK: generalGeometry.Geometry.Type.RoundedRectangle.concrete
OK: generalGeometry.Geometry.Type.RoundedRectangle.steel
OK: generalGeometry.Geometry.Type.RoundedRectangle.annotations
OK: generalGeometry.Geometry.Type.RoundedRectangle.generated
OK: generalGeometry.Geometry.Type.RoundedRectangle.differentSection
GENERAL_MODEL: generalGeometry.Geometry.Type.RoundedRectangle|count=668|area=215900
OK: generalGeometry.Geometry.Type.HollowRectangle.concrete
OK: generalGeometry.Geometry.Type.HollowRectangle.steel
OK: generalGeometry.Geometry.Type.HollowRectangle.annotations
OK: generalGeometry.Geometry.Type.HollowRectangle.generated
OK: generalGeometry.Geometry.Type.HollowRectangle.differentSection
GENERAL_MODEL: generalGeometry.Geometry.Type.HollowRectangle|count=1000|area=272800
OK: generalGeometry.Mesh.StepX.moreFibers
OK: generalGeometry.Mesh.StepX.cellArea
OK: generalGeometry.Mesh.StepX.steelUnchanged
GENERAL_NUMBER: generalGeometry.Mesh.StepX.areaAccuracy|actual=71000|expected=70685.8347057704|tolerance=1000
OK: generalGeometry.Mesh.StepX.areaAccuracy
OK: generalGeometry.Mesh.StepY.moreFibers
OK: generalGeometry.Mesh.StepY.cellArea
OK: generalGeometry.Mesh.StepY.steelUnchanged
GENERAL_NUMBER: generalGeometry.Mesh.StepY.areaAccuracy|actual=71000|expected=70685.8347057704|tolerance=1000
OK: generalGeometry.Mesh.StepY.areaAccuracy
GENERAL_NUMBER: generalGeometry.Mesh.BoundarySubdivisions.coarseArea|actual=66550|expected=66550|tolerance=0.00000001
OK: generalGeometry.Mesh.BoundarySubdivisions.coarseArea
GENERAL_NUMBER: generalGeometry.Mesh.BoundarySubdivisions.fineArea|actual=71465.625|expected=71465.625|tolerance=0.00000001
OK: generalGeometry.Mesh.BoundarySubdivisions.fineArea
OK: generalGeometry.Mesh.BoundarySubdivisions.boundaryChanged
OK: generalGeometry.Mesh.BoundarySubdivisions.accuracy
OK: generalGeometry.Mesh.StepX.unitsCount
OK: generalGeometry.Mesh.StepY.unitsSteelCount
GENERAL_NUMBER: generalGeometry.Mesh.units.C1.x|actual=-65|expected=-65|tolerance=0.00000001
OK: generalGeometry.Mesh.units.C1.x
GENERAL_NUMBER: generalGeometry.Mesh.units.C1.y|actual=-135|expected=-135|tolerance=0.00000001
OK: generalGeometry.Mesh.units.C1.y
GENERAL_NUMBER: generalGeometry.Mesh.units.C1.area|actual=100|expected=100|tolerance=0.00000001
OK: generalGeometry.Mesh.units.C1.area
GENERAL_NUMBER: generalGeometry.Mesh.units.C2.x|actual=-55|expected=-55|tolerance=0.00000001
OK: generalGeometry.Mesh.units.C2.x
GENERAL_NUMBER: generalGeometry.Mesh.units.C2.y|actual=-135|expected=-135|tolerance=0.00000001
OK: generalGeometry.Mesh.units.C2.y
GENERAL_NUMBER: generalGeometry.Mesh.units.C2.area|actual=100|expected=100|tolerance=0.00000001
OK: generalGeometry.Mesh.units.C2.area
GENERAL_NUMBER: generalGeometry.Mesh.units.C3.x|actual=-35|expected=-35|tolerance=0.00000001
OK: generalGeometry.Mesh.units.C3.x
GENERAL_NUMBER: generalGeometry.Mesh.units.C3.y|actual=-145|expected=-145|tolerance=0.00000001
OK: generalGeometry.Mesh.units.C3.y
GENERAL_NUMBER: generalGeometry.Mesh.units.C3.area|actual=100|expected=100|tolerance=0.00000001
OK: generalGeometry.Mesh.units.C3.area
GENERAL_NUMBER: generalGeometry.Mesh.units.C4.x|actual=-45|expected=-45|tolerance=0.00000001
OK: generalGeometry.Mesh.units.C4.x
GENERAL_NUMBER: generalGeometry.Mesh.units.C4.y|actual=-135|expected=-135|tolerance=0.00000001
OK: generalGeometry.Mesh.units.C4.y
GENERAL_NUMBER: generalGeometry.Mesh.units.C4.area|actual=100|expected=100|tolerance=0.00000001
OK: generalGeometry.Mesh.units.C4.area
GENERAL_NUMBER: generalGeometry.Mesh.units.C5.x|actual=-35|expected=-35|tolerance=0.00000001
OK: generalGeometry.Mesh.units.C5.x
GENERAL_NUMBER: generalGeometry.Mesh.units.C5.y|actual=-135|expected=-135|tolerance=0.00000001
OK: generalGeometry.Mesh.units.C5.y
GENERAL_NUMBER: generalGeometry.Mesh.units.C5.area|actual=100|expected=100|tolerance=0.00000001
OK: generalGeometry.Mesh.units.C5.area
GENERAL_NUMBER: generalGeometry.Mesh.units.C6.x|actual=-25|expected=-25|tolerance=0.00000001
OK: generalGeometry.Mesh.units.C6.x
GENERAL_NUMBER: generalGeometry.Mesh.units.C6.y|actual=-145|expected=-145|tolerance=0.00000001
OK: generalGeometry.Mesh.units.C6.y
GENERAL_NUMBER: generalGeometry.Mesh.units.C6.area|actual=100|expected=100|tolerance=0.00000001
OK: generalGeometry.Mesh.units.C6.area
GENERAL_NUMBER: generalGeometry.Mesh.units.C7.x|actual=-15|expected=-15|tolerance=0.00000001
OK: generalGeometry.Mesh.units.C7.x
GENERAL_NUMBER: generalGeometry.Mesh.units.C7.y|actual=-145|expected=-145|tolerance=0.00000001
OK: generalGeometry.Mesh.units.C7.y
GENERAL_NUMBER: generalGeometry.Mesh.units.C7.area|actual=100|expected=100|tolerance=0.00000001
OK: generalGeometry.Mesh.units.C7.area
GENERAL_NUMBER: generalGeometry.Mesh.units.C8.x|actual=-25|expected=-25|tolerance=0.00000001
OK: generalGeometry.Mesh.units.C8.x
GENERAL_NUMBER: generalGeometry.Mesh.units.C8.y|actual=-135|expected=-135|tolerance=0.00000001
OK: generalGeometry.Mesh.units.C8.y
GENERAL_NUMBER: generalGeometry.Mesh.units.C8.area|actual=100|expected=100|tolerance=0.00000001
OK: generalGeometry.Mesh.units.C8.area
GENERAL_NUMBER: generalGeometry.Mesh.units.C9.x|actual=-15|expected=-15|tolerance=0.00000001
OK: generalGeometry.Mesh.units.C9.x
GENERAL_NUMBER: generalGeometry.Mesh.units.C9.y|actual=-135|expected=-135|tolerance=0.00000001
OK: generalGeometry.Mesh.units.C9.y
GENERAL_NUMBER: generalGeometry.Mesh.units.C9.area|actual=100|expected=100|tolerance=0.00000001
OK: generalGeometry.Mesh.units.C9.area
GENERAL_NUMBER: generalGeometry.Mesh.units.C10.x|actual=-5|expected=-5|tolerance=0.00000001
OK: generalGeometry.Mesh.units.C10.x
GENERAL_NUMBER: generalGeometry.Mesh.units.C10.y|actual=-145|expected=-145|tolerance=0.00000001
OK: generalGeometry.Mesh.units.C10.y
GENERAL_NUMBER: generalGeometry.Mesh.units.C10.area|actual=100|expected=100|tolerance=0.00000001
OK: generalGeometry.Mesh.units.C10.area
GENERAL_NUMBER: generalGeometry.Mesh.units.C11.x|actual=5|expected=5|tolerance=0.00000001
OK: generalGeometry.Mesh.units.C11.x
GENERAL_NUMBER: generalGeometry.Mesh.units.C11.y|actual=-145|expected=-145|tolerance=0.00000001
OK: generalGeometry.Mesh.units.C11.y
GENERAL_NUMBER: generalGeometry.Mesh.units.C11.area|actual=100|expected=100|tolerance=0.00000001
OK: generalGeometry.Mesh.units.C11.area
GENERAL_NUMBER: generalGeometry.Mesh.units.C12.x|actual=-5|expected=-5|tolerance=0.00000001
OK: generalGeometry.Mesh.units.C12.x
GENERAL_NUMBER: generalGeometry.Mesh.units.C12.y|actual=-135|expected=-135|tolerance=0.00000001
OK: generalGeometry.Mesh.units.C12.y
GENERAL_NUMBER: generalGeometry.Mesh.units.C12.area|actual=100|expected=100|tolerance=0.00000001
OK: generalGeometry.Mesh.units.C12.area
GENERAL_NUMBER: generalGeometry.Mesh.units.C13.x|actual=5|expected=5|tolerance=0.00000001
OK: generalGeometry.Mesh.units.C13.x
GENERAL_NUMBER: generalGeometry.Mesh.units.C13.y|actual=-135|expected=-135|tolerance=0.00000001
OK: generalGeometry.Mesh.units.C13.y
GENERAL_NUMBER: generalGeometry.Mesh.units.C13.area|actual=100|expected=100|tolerance=0.00000001
OK: generalGeometry.Mesh.units.C13.area
GENERAL_NUMBER: generalGeometry.Mesh.units.C14.x|actual=15|expected=15|tolerance=0.00000001
OK: generalGeometry.Mesh.units.C14.x
GENERAL_NUMBER: generalGeometry.Mesh.units.C14.y|actual=-145|expected=-145|tolerance=0.00000001
OK: generalGeometry.Mesh.units.C14.y
GENERAL_NUMBER: generalGeometry.Mesh.units.C14.area|actual=100|expected=100|tolerance=0.00000001
OK: generalGeometry.Mesh.units.C14.area
GENERAL_NUMBER: generalGeometry.Mesh.units.C15.x|actual=25|expected=25|tolerance=0.00000001
OK: generalGeometry.Mesh.units.C15.x
GENERAL_NUMBER: generalGeometry.Mesh.units.C15.y|actual=-145|expected=-145|tolerance=0.00000001
OK: generalGeometry.Mesh.units.C15.y
GENERAL_NUMBER: generalGeometry.Mesh.units.C15.area|actual=100|expected=100|tolerance=0.00000001
OK: generalGeometry.Mesh.units.C15.area
GENERAL_NUMBER: generalGeometry.Mesh.units.C16.x|actual=15|expected=15|tolerance=0.00000001
OK: generalGeometry.Mesh.units.C16.x
GENERAL_NUMBER: generalGeometry.Mesh.units.C16.y|actual=-135|expected=-135|tolerance=0.00000001
OK: generalGeometry.Mesh.units.C16.y
GENERAL_NUMBER: generalGeometry.Mesh.units.C16.area|actual=100|expected=100|tolerance=0.00000001
OK: generalGeometry.Mesh.units.C16.area
GENERAL_NUMBER: generalGeometry.Mesh.units.C17.x|actual=25|expected=25|tolerance=0.00000001
OK: generalGeometry.Mesh.units.C17.x
GENERAL_NUMBER: generalGeometry.Mesh.units.C17.y|actual=-135|expected=-135|tolerance=0.00000001
OK: generalGeometry.Mesh.units.C17.y
GENERAL_NUMBER: generalGeometry.Mesh.units.C17.area|actual=100|expected=100|tolerance=0.00000001
OK: generalGeometry.Mesh.units.C17.area
GENERAL_NUMBER: generalGeometry.Mesh.units.C18.x|actual=35|expected=35|tolerance=0.00000001
OK: generalGeometry.Mesh.units.C18.x
GENERAL_NUMBER: generalGeometry.Mesh.units.C18.y|actual=-145|expected=-145|tolerance=0.00000001
OK: generalGeometry.Mesh.units.C18.y
GENERAL_NUMBER: generalGeometry.Mesh.units.C18.area|actual=100|expected=100|tolerance=0.00000001
OK: generalGeometry.Mesh.units.C18.area
GENERAL_NUMBER: generalGeometry.Mesh.units.C19.x|actual=35|expected=35|tolerance=0.00000001
OK: generalGeometry.Mesh.units.C19.x
GENERAL_NUMBER: generalGeometry.Mesh.units.C19.y|actual=-135|expected=-135|tolerance=0.00000001
OK: generalGeometry.Mesh.units.C19.y
GENERAL_NUMBER: generalGeometry.Mesh.units.C19.area|actual=100|expected=100|tolerance=0.00000001
OK: generalGeometry.Mesh.units.C19.area
GENERAL_NUMBER: generalGeometry.Mesh.units.C20.x|actual=45|expected=45|tolerance=0.00000001
OK: generalGeometry.Mesh.units.C20.x
GENERAL_NUMBER: generalGeometry.Mesh.units.C20.y|actual=-135|expected=-135|tolerance=0.00000001
OK: generalGeometry.Mesh.units.C20.y
GENERAL_NUMBER: generalGeometry.Mesh.units.C20.area|actual=100|expected=100|tolerance=0.00000001
OK: generalGeometry.Mesh.units.C20.area
GENERAL_NUMBER: generalGeometry.Mesh.units.C21.x|actual=55|expected=55|tolerance=0.00000001
OK: generalGeometry.Mesh.units.C21.x
GENERAL_NUMBER: generalGeometry.Mesh.units.C21.y|actual=-135|expected=-135|tolerance=0.00000001
OK: generalGeometry.Mesh.units.C21.y
GENERAL_NUMBER: generalGeometry.Mesh.units.C21.area|actual=100|expected=100|tolerance=0.00000001
OK: generalGeometry.Mesh.units.C21.area
GENERAL_NUMBER: generalGeometry.Mesh.units.C22.x|actual=65|expected=65|tolerance=0.00000001
OK: generalGeometry.Mesh.units.C22.x
GENERAL_NUMBER: generalGeometry.Mesh.units.C22.y|actual=-135|expected=-135|tolerance=0.00000001
OK: generalGeometry.Mesh.units.C22.y
GENERAL_NUMBER: generalGeometry.Mesh.units.C22.area|actual=100|expected=100|tolerance=0.00000001
OK: generalGeometry.Mesh.units.C22.area
GENERAL_NUMBER: generalGeometry.Mesh.units.C23.x|actual=-95|expected=-95|tolerance=0.00000001
OK: generalGeometry.Mesh.units.C23.x
GENERAL_NUMBER: generalGeometry.Mesh.units.C23.y|actual=-115|expected=-115|tolerance=0.00000001
OK: generalGeometry.Mesh.units.C23.y
GENERAL_NUMBER: generalGeometry.Mesh.units.C23.area|actual=100|expected=100|tolerance=0.00000001
OK: generalGeometry.Mesh.units.C23.area
GENERAL_NUMBER: generalGeometry.Mesh.units.C24.x|actual=-75|expected=-75|tolerance=0.00000001
OK: generalGeometry.Mesh.units.C24.x
GENERAL_NUMBER: generalGeometry.Mesh.units.C24.y|actual=-125|expected=-125|tolerance=0.00000001
OK: generalGeometry.Mesh.units.C24.y
GENERAL_NUMBER: generalGeometry.Mesh.units.C24.area|actual=100|expected=100|tolerance=0.00000001
OK: generalGeometry.Mesh.units.C24.area
GENERAL_NUMBER: generalGeometry.Mesh.units.C25.x|actual=-85|expected=-85|tolerance=0.00000001
OK: generalGeometry.Mesh.units.C25.x
GENERAL_NUMBER: generalGeometry.Mesh.units.C25.y|actual=-115|expected=-115|tolerance=0.00000001
OK: generalGeometry.Mesh.units.C25.y
GENERAL_NUMBER: generalGeometry.Mesh.units.C25.area|actual=100|expected=100|tolerance=0.00000001
OK: generalGeometry.Mesh.units.C25.area
GENERAL_NUMBER: generalGeometry.Mesh.units.C26.x|actual=-75|expected=-75|tolerance=0.00000001
OK: generalGeometry.Mesh.units.C26.x
GENERAL_NUMBER: generalGeometry.Mesh.units.C26.y|actual=-115|expected=-115|tolerance=0.00000001
OK: generalGeometry.Mesh.units.C26.y
GENERAL_NUMBER: generalGeometry.Mesh.units.C26.area|actual=100|expected=100|tolerance=0.00000001
OK: generalGeometry.Mesh.units.C26.area
GENERAL_NUMBER: generalGeometry.Mesh.units.C27.x|actual=-60|expected=-60|tolerance=0.00000001
OK: generalGeometry.Mesh.units.C27.x
GENERAL_NUMBER: generalGeometry.Mesh.units.C27.y|actual=-120|expected=-120|tolerance=0.00000001
OK: generalGeometry.Mesh.units.C27.y
GENERAL_NUMBER: generalGeometry.Mesh.units.C27.area|actual=400|expected=400|tolerance=0.00000001
OK: generalGeometry.Mesh.units.C27.area
GENERAL_NUMBER: generalGeometry.Mesh.units.C28.x|actual=-40|expected=-40|tolerance=0.00000001
OK: generalGeometry.Mesh.units.C28.x
GENERAL_NUMBER: generalGeometry.Mesh.units.C28.y|actual=-120|expected=-120|tolerance=0.00000001
OK: generalGeometry.Mesh.units.C28.y
GENERAL_NUMBER: generalGeometry.Mesh.units.C28.area|actual=400|expected=400|tolerance=0.00000001
OK: generalGeometry.Mesh.units.C28.area
GENERAL_NUMBER: generalGeometry.Mesh.units.C29.x|actual=-20|expected=-20|tolerance=0.00000001
OK: generalGeometry.Mesh.units.C29.x
GENERAL_NUMBER: generalGeometry.Mesh.units.C29.y|actual=-120|expected=-120|tolerance=0.00000001
OK: generalGeometry.Mesh.units.C29.y
GENERAL_NUMBER: generalGeometry.Mesh.units.C29.area|actual=400|expected=400|tolerance=0.00000001
OK: generalGeometry.Mesh.units.C29.area
GENERAL_NUMBER: generalGeometry.Mesh.units.C30.x|actual=0|expected=0|tolerance=0.00000001
OK: generalGeometry.Mesh.units.C30.x
GENERAL_NUMBER: generalGeometry.Mesh.units.C30.y|actual=-120|expected=-120|tolerance=0.00000001
OK: generalGeometry.Mesh.units.C30.y
GENERAL_NUMBER: generalGeometry.Mesh.units.C30.area|actual=400|expected=400|tolerance=0.00000001
OK: generalGeometry.Mesh.units.C30.area
GENERAL_NUMBER: generalGeometry.Mesh.units.C31.x|actual=20|expected=20|tolerance=0.00000001
OK: generalGeometry.Mesh.units.C31.x
GENERAL_NUMBER: generalGeometry.Mesh.units.C31.y|actual=-120|expected=-120|tolerance=0.00000001
OK: generalGeometry.Mesh.units.C31.y
GENERAL_NUMBER: generalGeometry.Mesh.units.C31.area|actual=400|expected=400|tolerance=0.00000001
OK: generalGeometry.Mesh.units.C31.area
GENERAL_NUMBER: generalGeometry.Mesh.units.C32.x|actual=40|expected=40|tolerance=0.00000001
OK: generalGeometry.Mesh.units.C32.x
GENERAL_NUMBER: generalGeometry.Mesh.units.C32.y|actual=-120|expected=-120|tolerance=0.00000001
OK: generalGeometry.Mesh.units.C32.y
GENERAL_NUMBER: generalGeometry.Mesh.units.C32.area|actual=400|expected=400|tolerance=0.00000001
OK: generalGeometry.Mesh.units.C32.area
GENERAL_NUMBER: generalGeometry.Mesh.units.C33.x|actual=60|expected=60|tolerance=0.00000001
OK: generalGeometry.Mesh.units.C33.x
GENERAL_NUMBER: generalGeometry.Mesh.units.C33.y|actual=-120|expected=-120|tolerance=0.00000001
OK: generalGeometry.Mesh.units.C33.y
GENERAL_NUMBER: generalGeometry.Mesh.units.C33.area|actual=400|expected=400|tolerance=0.00000001
OK: generalGeometry.Mesh.units.C33.area
GENERAL_NUMBER: generalGeometry.Mesh.units.C34.x|actual=75|expected=75|tolerance=0.00000001
OK: generalGeometry.Mesh.units.C34.x
GENERAL_NUMBER: generalGeometry.Mesh.units.C34.y|actual=-125|expected=-125|tolerance=0.00000001
OK: generalGeometry.Mesh.units.C34.y
GENERAL_NUMBER: generalGeometry.Mesh.units.C34.area|actual=100|expected=100|tolerance=0.00000001
OK: generalGeometry.Mesh.units.C34.area
GENERAL_NUMBER: generalGeometry.Mesh.units.C35.x|actual=75|expected=75|tolerance=0.00000001
OK: generalGeometry.Mesh.units.C35.x
GENERAL_NUMBER: generalGeometry.Mesh.units.C35.y|actual=-115|expected=-115|tolerance=0.00000001
OK: generalGeometry.Mesh.units.C35.y
GENERAL_NUMBER: generalGeometry.Mesh.units.C35.area|actual=100|expected=100|tolerance=0.00000001
OK: generalGeometry.Mesh.units.C35.area
GENERAL_NUMBER: generalGeometry.Mesh.units.C36.x|actual=85|expected=85|tolerance=0.00000001
OK: generalGeometry.Mesh.units.C36.x
GENERAL_NUMBER: generalGeometry.Mesh.units.C36.y|actual=-115|expected=-115|tolerance=0.00000001
OK: generalGeometry.Mesh.units.C36.y
GENERAL_NUMBER: generalGeometry.Mesh.units.C36.area|actual=100|expected=100|tolerance=0.00000001
OK: generalGeometry.Mesh.units.C36.area
GENERAL_NUMBER: generalGeometry.Mesh.units.C37.x|actual=95|expected=95|tolerance=0.00000001
OK: generalGeometry.Mesh.units.C37.x
GENERAL_NUMBER: generalGeometry.Mesh.units.C37.y|actual=-115|expected=-115|tolerance=0.00000001
OK: generalGeometry.Mesh.units.C37.y
GENERAL_NUMBER: generalGeometry.Mesh.units.C37.area|actual=100|expected=100|tolerance=0.00000001
OK: generalGeometry.Mesh.units.C37.area
GENERAL_NUMBER: generalGeometry.Mesh.units.C38.x|actual=-115|expected=-115|tolerance=0.00000001
OK: generalGeometry.Mesh.units.C38.x
GENERAL_NUMBER: generalGeometry.Mesh.units.C38.y|actual=-95|expected=-95|tolerance=0.00000001
OK: generalGeometry.Mesh.units.C38.y
GENERAL_NUMBER: generalGeometry.Mesh.units.C38.area|actual=100|expected=100|tolerance=0.00000001
OK: generalGeometry.Mesh.units.C38.area
GENERAL_NUMBER: generalGeometry.Mesh.units.C39.x|actual=-105|expected=-105|tolerance=0.00000001
OK: generalGeometry.Mesh.units.C39.x
GENERAL_NUMBER: generalGeometry.Mesh.units.C39.y|actual=-105|expected=-105|tolerance=0.00000001
OK: generalGeometry.Mesh.units.C39.y
GENERAL_NUMBER: generalGeometry.Mesh.units.C39.area|actual=100|expected=100|tolerance=0.00000001
OK: generalGeometry.Mesh.units.C39.area
GENERAL_NUMBER: generalGeometry.Mesh.units.C40.x|actual=-95|expected=-95|tolerance=0.00000001
OK: generalGeometry.Mesh.units.C40.x
GENERAL_NUMBER: generalGeometry.Mesh.units.C40.y|actual=-105|expected=-105|tolerance=0.00000001
OK: generalGeometry.Mesh.units.C40.y
GENERAL_NUMBER: generalGeometry.Mesh.units.C40.area|actual=100|expected=100|tolerance=0.00000001
OK: generalGeometry.Mesh.units.C40.area
GENERAL_NUMBER: generalGeometry.Mesh.units.C41.x|actual=-105|expected=-105|tolerance=0.00000001
OK: generalGeometry.Mesh.units.C41.x
GENERAL_NUMBER: generalGeometry.Mesh.units.C41.y|actual=-95|expected=-95|tolerance=0.00000001
OK: generalGeometry.Mesh.units.C41.y
GENERAL_NUMBER: generalGeometry.Mesh.units.C41.area|actual=100|expected=100|tolerance=0.00000001
OK: generalGeometry.Mesh.units.C41.area
GENERAL_NUMBER: generalGeometry.Mesh.units.C42.x|actual=-95|expected=-95|tolerance=0.00000001
OK: generalGeometry.Mesh.units.C42.x
GENERAL_NUMBER: generalGeometry.Mesh.units.C42.y|actual=-95|expected=-95|tolerance=0.00000001
OK: generalGeometry.Mesh.units.C42.y
GENERAL_NUMBER: generalGeometry.Mesh.units.C42.area|actual=100|expected=100|tolerance=0.00000001
OK: generalGeometry.Mesh.units.C42.area
GENERAL_NUMBER: generalGeometry.Mesh.units.C43.x|actual=-80|expected=-80|tolerance=0.00000001
OK: generalGeometry.Mesh.units.C43.x
GENERAL_NUMBER: generalGeometry.Mesh.units.C43.y|actual=-100|expected=-100|tolerance=0.00000001
OK: generalGeometry.Mesh.units.C43.y
GENERAL_NUMBER: generalGeometry.Mesh.units.C43.area|actual=400|expected=400|tolerance=0.00000001
OK: generalGeometry.Mesh.units.C43.area
GENERAL_NUMBER: generalGeometry.Mesh.units.C44.x|actual=-60|expected=-60|tolerance=0.00000001
OK: generalGeometry.Mesh.units.C44.x
GENERAL_NUMBER: generalGeometry.Mesh.units.C44.y|actual=-100|expected=-100|tolerance=0.00000001
OK: generalGeometry.Mesh.units.C44.y
GENERAL_NUMBER: generalGeometry.Mesh.units.C44.area|actual=400|expected=400|tolerance=0.00000001
OK: generalGeometry.Mesh.units.C44.area
GENERAL_NUMBER: generalGeometry.Mesh.units.C45.x|actual=-40|expected=-40|tolerance=0.00000001
OK: generalGeometry.Mesh.units.C45.x
GENERAL_NUMBER: generalGeometry.Mesh.units.C45.y|actual=-100|expected=-100|tolerance=0.00000001
OK: generalGeometry.Mesh.units.C45.y
GENERAL_NUMBER: generalGeometry.Mesh.units.C45.area|actual=400|expected=400|tolerance=0.00000001
OK: generalGeometry.Mesh.units.C45.area
GENERAL_NUMBER: generalGeometry.Mesh.units.C46.x|actual=-20|expected=-20|tolerance=0.00000001
OK: generalGeometry.Mesh.units.C46.x
GENERAL_NUMBER: generalGeometry.Mesh.units.C46.y|actual=-100|expected=-100|tolerance=0.00000001
OK: generalGeometry.Mesh.units.C46.y
GENERAL_NUMBER: generalGeometry.Mesh.units.C46.area|actual=400|expected=400|tolerance=0.00000001
OK: generalGeometry.Mesh.units.C46.area
GENERAL_NUMBER: generalGeometry.Mesh.units.C47.x|actual=0|expected=0|tolerance=0.00000001
OK: generalGeometry.Mesh.units.C47.x
GENERAL_NUMBER: generalGeometry.Mesh.units.C47.y|actual=-100|expected=-100|tolerance=0.00000001
OK: generalGeometry.Mesh.units.C47.y
GENERAL_NUMBER: generalGeometry.Mesh.units.C47.area|actual=400|expected=400|tolerance=0.00000001
OK: generalGeometry.Mesh.units.C47.area
GENERAL_NUMBER: generalGeometry.Mesh.units.C48.x|actual=20|expected=20|tolerance=0.00000001
OK: generalGeometry.Mesh.units.C48.x
GENERAL_NUMBER: generalGeometry.Mesh.units.C48.y|actual=-100|expected=-100|tolerance=0.00000001
OK: generalGeometry.Mesh.units.C48.y
GENERAL_NUMBER: generalGeometry.Mesh.units.C48.area|actual=400|expected=400|tolerance=0.00000001
OK: generalGeometry.Mesh.units.C48.area
GENERAL_NUMBER: generalGeometry.Mesh.units.C49.x|actual=40|expected=40|tolerance=0.00000001
OK: generalGeometry.Mesh.units.C49.x
GENERAL_NUMBER: generalGeometry.Mesh.units.C49.y|actual=-100|expected=-100|tolerance=0.00000001
OK: generalGeometry.Mesh.units.C49.y
GENERAL_NUMBER: generalGeometry.Mesh.units.C49.area|actual=400|expected=400|tolerance=0.00000001
OK: generalGeometry.Mesh.units.C49.area
GENERAL_NUMBER: generalGeometry.Mesh.units.C50.x|actual=60|expected=60|tolerance=0.00000001
OK: generalGeometry.Mesh.units.C50.x
GENERAL_NUMBER: generalGeometry.Mesh.units.C50.y|actual=-100|expected=-100|tolerance=0.00000001
OK: generalGeometry.Mesh.units.C50.y
GENERAL_NUMBER: generalGeometry.Mesh.units.C50.area|actual=400|expected=400|tolerance=0.00000001
OK: generalGeometry.Mesh.units.C50.area
GENERAL_NUMBER: generalGeometry.Mesh.units.C51.x|actual=80|expected=80|tolerance=0.00000001
OK: generalGeometry.Mesh.units.C51.x
GENERAL_NUMBER: generalGeometry.Mesh.units.C51.y|actual=-100|expected=-100|tolerance=0.00000001
OK: generalGeometry.Mesh.units.C51.y
GENERAL_NUMBER: generalGeometry.Mesh.units.C51.area|actual=400|expected=400|tolerance=0.00000001
OK: generalGeometry.Mesh.units.C51.area
GENERAL_NUMBER: generalGeometry.Mesh.units.C52.x|actual=95|expected=95|tolerance=0.00000001
OK: generalGeometry.Mesh.units.C52.x
GENERAL_NUMBER: generalGeometry.Mesh.units.C52.y|actual=-105|expected=-105|tolerance=0.00000001
OK: generalGeometry.Mesh.units.C52.y
GENERAL_NUMBER: generalGeometry.Mesh.units.C52.area|actual=100|expected=100|tolerance=0.00000001
OK: generalGeometry.Mesh.units.C52.area
GENERAL_NUMBER: generalGeometry.Mesh.units.C53.x|actual=105|expected=105|tolerance=0.00000001
OK: generalGeometry.Mesh.units.C53.x
GENERAL_NUMBER: generalGeometry.Mesh.units.C53.y|actual=-105|expected=-105|tolerance=0.00000001
OK: generalGeometry.Mesh.units.C53.y
GENERAL_NUMBER: generalGeometry.Mesh.units.C53.area|actual=100|expected=100|tolerance=0.00000001
OK: generalGeometry.Mesh.units.C53.area
GENERAL_NUMBER: generalGeometry.Mesh.units.C54.x|actual=95|expected=95|tolerance=0.00000001
OK: generalGeometry.Mesh.units.C54.x
GENERAL_NUMBER: generalGeometry.Mesh.units.C54.y|actual=-95|expected=-95|tolerance=0.00000001
OK: generalGeometry.Mesh.units.C54.y
GENERAL_NUMBER: generalGeometry.Mesh.units.C54.area|actual=100|expected=100|tolerance=0.00000001
OK: generalGeometry.Mesh.units.C54.area
GENERAL_NUMBER: generalGeometry.Mesh.units.C55.x|actual=105|expected=105|tolerance=0.00000001
OK: generalGeometry.Mesh.units.C55.x
GENERAL_NUMBER: generalGeometry.Mesh.units.C55.y|actual=-95|expected=-95|tolerance=0.00000001
OK: generalGeometry.Mesh.units.C55.y
GENERAL_NUMBER: generalGeometry.Mesh.units.C55.area|actual=100|expected=100|tolerance=0.00000001
OK: generalGeometry.Mesh.units.C55.area
GENERAL_NUMBER: generalGeometry.Mesh.units.C56.x|actual=115|expected=115|tolerance=0.00000001
OK: generalGeometry.Mesh.units.C56.x
GENERAL_NUMBER: generalGeometry.Mesh.units.C56.y|actual=-95|expected=-95|tolerance=0.00000001
OK: generalGeometry.Mesh.units.C56.y
GENERAL_NUMBER: generalGeometry.Mesh.units.C56.area|actual=100|expected=100|tolerance=0.00000001
OK: generalGeometry.Mesh.units.C56.area
GENERAL_NUMBER: generalGeometry.Mesh.units.C57.x|actual=-115|expected=-115|tolerance=0.00000001
OK: generalGeometry.Mesh.units.C57.x
GENERAL_NUMBER: generalGeometry.Mesh.units.C57.y|actual=-85|expected=-85|tolerance=0.00000001
OK: generalGeometry.Mesh.units.C57.y
GENERAL_NUMBER: generalGeometry.Mesh.units.C57.area|actual=100|expected=100|tolerance=0.00000001
OK: generalGeometry.Mesh.units.C57.area
GENERAL_NUMBER: generalGeometry.Mesh.units.C58.x|actual=-125|expected=-125|tolerance=0.00000001
OK: generalGeometry.Mesh.units.C58.x
GENERAL_NUMBER: generalGeometry.Mesh.units.C58.y|actual=-75|expected=-75|tolerance=0.00000001
OK: generalGeometry.Mesh.units.C58.y
GENERAL_NUMBER: generalGeometry.Mesh.units.C58.area|actual=100|expected=100|tolerance=0.00000001
OK: generalGeometry.Mesh.units.C58.area
GENERAL_NUMBER: generalGeometry.Mesh.units.C59.x|actual=-115|expected=-115|tolerance=0.00000001
OK: generalGeometry.Mesh.units.C59.x
GENERAL_NUMBER: generalGeometry.Mesh.units.C59.y|actual=-75|expected=-75|tolerance=0.00000001
OK: generalGeometry.Mesh.units.C59.y
GENERAL_NUMBER: generalGeometry.Mesh.units.C59.area|actual=100|expected=100|tolerance=0.00000001
OK: generalGeometry.Mesh.units.C59.area
GENERAL_NUMBER: generalGeometry.Mesh.units.C60.x|actual=-100|expected=-100|tolerance=0.00000001
OK: generalGeometry.Mesh.units.C60.x
GENERAL_NUMBER: generalGeometry.Mesh.units.C60.y|actual=-80|expected=-80|tolerance=0.00000001
OK: generalGeometry.Mesh.units.C60.y
GENERAL_NUMBER: generalGeometry.Mesh.units.C60.area|actual=400|expected=400|tolerance=0.00000001
OK: generalGeometry.Mesh.units.C60.area
GENERAL_NUMBER: generalGeometry.Mesh.units.C61.x|actual=-80|expected=-80|tolerance=0.00000001
OK: generalGeometry.Mesh.units.C61.x
GENERAL_NUMBER: generalGeometry.Mesh.units.C61.y|actual=-80|expected=-80|tolerance=0.00000001
OK: generalGeometry.Mesh.units.C61.y
GENERAL_NUMBER: generalGeometry.Mesh.units.C61.area|actual=400|expected=400|tolerance=0.00000001
OK: generalGeometry.Mesh.units.C61.area
GENERAL_NUMBER: generalGeometry.Mesh.units.C62.x|actual=-60|expected=-60|tolerance=0.00000001
OK: generalGeometry.Mesh.units.C62.x
GENERAL_NUMBER: generalGeometry.Mesh.units.C62.y|actual=-80|expected=-80|tolerance=0.00000001
OK: generalGeometry.Mesh.units.C62.y
GENERAL_NUMBER: generalGeometry.Mesh.units.C62.area|actual=400|expected=400|tolerance=0.00000001
OK: generalGeometry.Mesh.units.C62.area
GENERAL_NUMBER: generalGeometry.Mesh.units.C63.x|actual=-40|expected=-40|tolerance=0.00000001
OK: generalGeometry.Mesh.units.C63.x
GENERAL_NUMBER: generalGeometry.Mesh.units.C63.y|actual=-80|expected=-80|tolerance=0.00000001
OK: generalGeometry.Mesh.units.C63.y
GENERAL_NUMBER: generalGeometry.Mesh.units.C63.area|actual=400|expected=400|tolerance=0.00000001
OK: generalGeometry.Mesh.units.C63.area
GENERAL_NUMBER: generalGeometry.Mesh.units.C64.x|actual=-20|expected=-20|tolerance=0.00000001
OK: generalGeometry.Mesh.units.C64.x
GENERAL_NUMBER: generalGeometry.Mesh.units.C64.y|actual=-80|expected=-80|tolerance=0.00000001
OK: generalGeometry.Mesh.units.C64.y
GENERAL_NUMBER: generalGeometry.Mesh.units.C64.area|actual=400|expected=400|tolerance=0.00000001
OK: generalGeometry.Mesh.units.C64.area
GENERAL_NUMBER: generalGeometry.Mesh.units.C65.x|actual=0|expected=0|tolerance=0.00000001
OK: generalGeometry.Mesh.units.C65.x
GENERAL_NUMBER: generalGeometry.Mesh.units.C65.y|actual=-80|expected=-80|tolerance=0.00000001
OK: generalGeometry.Mesh.units.C65.y
GENERAL_NUMBER: generalGeometry.Mesh.units.C65.area|actual=400|expected=400|tolerance=0.00000001
OK: generalGeometry.Mesh.units.C65.area
GENERAL_NUMBER: generalGeometry.Mesh.units.C66.x|actual=20|expected=20|tolerance=0.00000001
OK: generalGeometry.Mesh.units.C66.x
GENERAL_NUMBER: generalGeometry.Mesh.units.C66.y|actual=-80|expected=-80|tolerance=0.00000001
OK: generalGeometry.Mesh.units.C66.y
GENERAL_NUMBER: generalGeometry.Mesh.units.C66.area|actual=400|expected=400|tolerance=0.00000001
OK: generalGeometry.Mesh.units.C66.area
GENERAL_NUMBER: generalGeometry.Mesh.units.C67.x|actual=40|expected=40|tolerance=0.00000001
OK: generalGeometry.Mesh.units.C67.x
GENERAL_NUMBER: generalGeometry.Mesh.units.C67.y|actual=-80|expected=-80|tolerance=0.00000001
OK: generalGeometry.Mesh.units.C67.y
GENERAL_NUMBER: generalGeometry.Mesh.units.C67.area|actual=400|expected=400|tolerance=0.00000001
OK: generalGeometry.Mesh.units.C67.area
GENERAL_NUMBER: generalGeometry.Mesh.units.C68.x|actual=60|expected=60|tolerance=0.00000001
OK: generalGeometry.Mesh.units.C68.x
GENERAL_NUMBER: generalGeometry.Mesh.units.C68.y|actual=-80|expected=-80|tolerance=0.00000001
OK: generalGeometry.Mesh.units.C68.y
GENERAL_NUMBER: generalGeometry.Mesh.units.C68.area|actual=400|expected=400|tolerance=0.00000001
OK: generalGeometry.Mesh.units.C68.area
GENERAL_NUMBER: generalGeometry.Mesh.units.C69.x|actual=80|expected=80|tolerance=0.00000001
OK: generalGeometry.Mesh.units.C69.x
GENERAL_NUMBER: generalGeometry.Mesh.units.C69.y|actual=-80|expected=-80|tolerance=0.00000001
OK: generalGeometry.Mesh.units.C69.y
GENERAL_NUMBER: generalGeometry.Mesh.units.C69.area|actual=400|expected=400|tolerance=0.00000001
OK: generalGeometry.Mesh.units.C69.area
GENERAL_NUMBER: generalGeometry.Mesh.units.C70.x|actual=100|expected=100|tolerance=0.00000001
OK: generalGeometry.Mesh.units.C70.x
GENERAL_NUMBER: generalGeometry.Mesh.units.C70.y|actual=-80|expected=-80|tolerance=0.00000001
OK: generalGeometry.Mesh.units.C70.y
GENERAL_NUMBER: generalGeometry.Mesh.units.C70.area|actual=400|expected=400|tolerance=0.00000001
OK: generalGeometry.Mesh.units.C70.area
GENERAL_NUMBER: generalGeometry.Mesh.units.C71.x|actual=115|expected=115|tolerance=0.00000001
OK: generalGeometry.Mesh.units.C71.x
GENERAL_NUMBER: generalGeometry.Mesh.units.C71.y|actual=-85|expected=-85|tolerance=0.00000001
OK: generalGeometry.Mesh.units.C71.y
GENERAL_NUMBER: generalGeometry.Mesh.units.C71.area|actual=100|expected=100|tolerance=0.00000001
OK: generalGeometry.Mesh.units.C71.area
GENERAL_NUMBER: generalGeometry.Mesh.units.C72.x|actual=115|expected=115|tolerance=0.00000001
OK: generalGeometry.Mesh.units.C72.x
GENERAL_NUMBER: generalGeometry.Mesh.units.C72.y|actual=-75|expected=-75|tolerance=0.00000001
OK: generalGeometry.Mesh.units.C72.y
GENERAL_NUMBER: generalGeometry.Mesh.units.C72.area|actual=100|expected=100|tolerance=0.00000001
OK: generalGeometry.Mesh.units.C72.area
GENERAL_NUMBER: generalGeometry.Mesh.units.C73.x|actual=125|expected=125|tolerance=0.00000001
OK: generalGeometry.Mesh.units.C73.x
GENERAL_NUMBER: generalGeometry.Mesh.units.C73.y|actual=-75|expected=-75|tolerance=0.00000001
OK: generalGeometry.Mesh.units.C73.y
GENERAL_NUMBER: generalGeometry.Mesh.units.C73.area|actual=100|expected=100|tolerance=0.00000001
OK: generalGeometry.Mesh.units.C73.area
GENERAL_NUMBER: generalGeometry.Mesh.units.C74.x|actual=-135|expected=-135|tolerance=0.00000001
OK: generalGeometry.Mesh.units.C74.x
GENERAL_NUMBER: generalGeometry.Mesh.units.C74.y|actual=-65|expected=-65|tolerance=0.00000001
OK: generalGeometry.Mesh.units.C74.y
GENERAL_NUMBER: generalGeometry.Mesh.units.C74.area|actual=100|expected=100|tolerance=0.00000001
OK: generalGeometry.Mesh.units.C74.area
GENERAL_NUMBER: generalGeometry.Mesh.units.C75.x|actual=-135|expected=-135|tolerance=0.00000001
OK: generalGeometry.Mesh.units.C75.x
GENERAL_NUMBER: generalGeometry.Mesh.units.C75.y|actual=-55|expected=-55|tolerance=0.00000001
OK: generalGeometry.Mesh.units.C75.y
GENERAL_NUMBER: generalGeometry.Mesh.units.C75.area|actual=100|expected=100|tolerance=0.00000001
OK: generalGeometry.Mesh.units.C75.area
GENERAL_NUMBER: generalGeometry.Mesh.units.C76.x|actual=-120|expected=-120|tolerance=0.00000001
OK: generalGeometry.Mesh.units.C76.x
GENERAL_NUMBER: generalGeometry.Mesh.units.C76.y|actual=-60|expected=-60|tolerance=0.00000001
OK: generalGeometry.Mesh.units.C76.y
GENERAL_NUMBER: generalGeometry.Mesh.units.C76.area|actual=400|expected=400|tolerance=0.00000001
OK: generalGeometry.Mesh.units.C76.area
GENERAL_NUMBER: generalGeometry.Mesh.units.C77.x|actual=-100|expected=-100|tolerance=0.00000001
OK: generalGeometry.Mesh.units.C77.x
GENERAL_NUMBER: generalGeometry.Mesh.units.C77.y|actual=-60|expected=-60|tolerance=0.00000001
OK: generalGeometry.Mesh.units.C77.y
GENERAL_NUMBER: generalGeometry.Mesh.units.C77.area|actual=400|expected=400|tolerance=0.00000001
OK: generalGeometry.Mesh.units.C77.area
GENERAL_NUMBER: generalGeometry.Mesh.units.C78.x|actual=-80|expected=-80|tolerance=0.00000001
OK: generalGeometry.Mesh.units.C78.x
GENERAL_NUMBER: generalGeometry.Mesh.units.C78.y|actual=-60|expected=-60|tolerance=0.00000001
OK: generalGeometry.Mesh.units.C78.y
GENERAL_NUMBER: generalGeometry.Mesh.units.C78.area|actual=400|expected=400|tolerance=0.00000001
OK: generalGeometry.Mesh.units.C78.area
GENERAL_NUMBER: generalGeometry.Mesh.units.C79.x|actual=-60|expected=-60|tolerance=0.00000001
OK: generalGeometry.Mesh.units.C79.x
GENERAL_NUMBER: generalGeometry.Mesh.units.C79.y|actual=-60|expected=-60|tolerance=0.00000001
OK: generalGeometry.Mesh.units.C79.y
GENERAL_NUMBER: generalGeometry.Mesh.units.C79.area|actual=400|expected=400|tolerance=0.00000001
OK: generalGeometry.Mesh.units.C79.area
GENERAL_NUMBER: generalGeometry.Mesh.units.C80.x|actual=-40|expected=-40|tolerance=0.00000001
OK: generalGeometry.Mesh.units.C80.x
GENERAL_NUMBER: generalGeometry.Mesh.units.C80.y|actual=-60|expected=-60|tolerance=0.00000001
OK: generalGeometry.Mesh.units.C80.y
GENERAL_NUMBER: generalGeometry.Mesh.units.C80.area|actual=400|expected=400|tolerance=0.00000001
OK: generalGeometry.Mesh.units.C80.area
GENERAL_NUMBER: generalGeometry.Mesh.units.C81.x|actual=-20|expected=-20|tolerance=0.00000001
OK: generalGeometry.Mesh.units.C81.x
GENERAL_NUMBER: generalGeometry.Mesh.units.C81.y|actual=-60|expected=-60|tolerance=0.00000001
OK: generalGeometry.Mesh.units.C81.y
GENERAL_NUMBER: generalGeometry.Mesh.units.C81.area|actual=400|expected=400|tolerance=0.00000001
OK: generalGeometry.Mesh.units.C81.area
GENERAL_NUMBER: generalGeometry.Mesh.units.C82.x|actual=0|expected=0|tolerance=0.00000001
OK: generalGeometry.Mesh.units.C82.x
GENERAL_NUMBER: generalGeometry.Mesh.units.C82.y|actual=-60|expected=-60|tolerance=0.00000001
OK: generalGeometry.Mesh.units.C82.y
GENERAL_NUMBER: generalGeometry.Mesh.units.C82.area|actual=400|expected=400|tolerance=0.00000001
OK: generalGeometry.Mesh.units.C82.area
GENERAL_NUMBER: generalGeometry.Mesh.units.C83.x|actual=20|expected=20|tolerance=0.00000001
OK: generalGeometry.Mesh.units.C83.x
GENERAL_NUMBER: generalGeometry.Mesh.units.C83.y|actual=-60|expected=-60|tolerance=0.00000001
OK: generalGeometry.Mesh.units.C83.y
GENERAL_NUMBER: generalGeometry.Mesh.units.C83.area|actual=400|expected=400|tolerance=0.00000001
OK: generalGeometry.Mesh.units.C83.area
GENERAL_NUMBER: generalGeometry.Mesh.units.C84.x|actual=40|expected=40|tolerance=0.00000001
OK: generalGeometry.Mesh.units.C84.x
GENERAL_NUMBER: generalGeometry.Mesh.units.C84.y|actual=-60|expected=-60|tolerance=0.00000001
OK: generalGeometry.Mesh.units.C84.y
GENERAL_NUMBER: generalGeometry.Mesh.units.C84.area|actual=400|expected=400|tolerance=0.00000001
OK: generalGeometry.Mesh.units.C84.area
GENERAL_NUMBER: generalGeometry.Mesh.units.C85.x|actual=60|expected=60|tolerance=0.00000001
OK: generalGeometry.Mesh.units.C85.x
GENERAL_NUMBER: generalGeometry.Mesh.units.C85.y|actual=-60|expected=-60|tolerance=0.00000001
OK: generalGeometry.Mesh.units.C85.y
GENERAL_NUMBER: generalGeometry.Mesh.units.C85.area|actual=400|expected=400|tolerance=0.00000001
OK: generalGeometry.Mesh.units.C85.area
GENERAL_NUMBER: generalGeometry.Mesh.units.C86.x|actual=80|expected=80|tolerance=0.00000001
OK: generalGeometry.Mesh.units.C86.x
GENERAL_NUMBER: generalGeometry.Mesh.units.C86.y|actual=-60|expected=-60|tolerance=0.00000001
OK: generalGeometry.Mesh.units.C86.y
GENERAL_NUMBER: generalGeometry.Mesh.units.C86.area|actual=400|expected=400|tolerance=0.00000001
OK: generalGeometry.Mesh.units.C86.area
GENERAL_NUMBER: generalGeometry.Mesh.units.C87.x|actual=100|expected=100|tolerance=0.00000001
OK: generalGeometry.Mesh.units.C87.x
GENERAL_NUMBER: generalGeometry.Mesh.units.C87.y|actual=-60|expected=-60|tolerance=0.00000001
OK: generalGeometry.Mesh.units.C87.y
GENERAL_NUMBER: generalGeometry.Mesh.units.C87.area|actual=400|expected=400|tolerance=0.00000001
OK: generalGeometry.Mesh.units.C87.area
GENERAL_NUMBER: generalGeometry.Mesh.units.C88.x|actual=120|expected=120|tolerance=0.00000001
OK: generalGeometry.Mesh.units.C88.x
GENERAL_NUMBER: generalGeometry.Mesh.units.C88.y|actual=-60|expected=-60|tolerance=0.00000001
OK: generalGeometry.Mesh.units.C88.y
GENERAL_NUMBER: generalGeometry.Mesh.units.C88.area|actual=400|expected=400|tolerance=0.00000001
OK: generalGeometry.Mesh.units.C88.area
GENERAL_NUMBER: generalGeometry.Mesh.units.C89.x|actual=135|expected=135|tolerance=0.00000001
OK: generalGeometry.Mesh.units.C89.x
GENERAL_NUMBER: generalGeometry.Mesh.units.C89.y|actual=-65|expected=-65|tolerance=0.00000001
OK: generalGeometry.Mesh.units.C89.y
GENERAL_NUMBER: generalGeometry.Mesh.units.C89.area|actual=100|expected=100|tolerance=0.00000001
OK: generalGeometry.Mesh.units.C89.area
GENERAL_NUMBER: generalGeometry.Mesh.units.C90.x|actual=135|expected=135|tolerance=0.00000001
OK: generalGeometry.Mesh.units.C90.x
GENERAL_NUMBER: generalGeometry.Mesh.units.C90.y|actual=-55|expected=-55|tolerance=0.00000001
OK: generalGeometry.Mesh.units.C90.y
GENERAL_NUMBER: generalGeometry.Mesh.units.C90.area|actual=100|expected=100|tolerance=0.00000001
OK: generalGeometry.Mesh.units.C90.area
GENERAL_NUMBER: generalGeometry.Mesh.units.C91.x|actual=-135|expected=-135|tolerance=0.00000001
OK: generalGeometry.Mesh.units.C91.x
GENERAL_NUMBER: generalGeometry.Mesh.units.C91.y|actual=-45|expected=-45|tolerance=0.00000001
OK: generalGeometry.Mesh.units.C91.y
GENERAL_NUMBER: generalGeometry.Mesh.units.C91.area|actual=100|expected=100|tolerance=0.00000001
OK: generalGeometry.Mesh.units.C91.area
GENERAL_NUMBER: generalGeometry.Mesh.units.C92.x|actual=-145|expected=-145|tolerance=0.00000001
OK: generalGeometry.Mesh.units.C92.x
GENERAL_NUMBER: generalGeometry.Mesh.units.C92.y|actual=-35|expected=-35|tolerance=0.00000001
OK: generalGeometry.Mesh.units.C92.y
GENERAL_NUMBER: generalGeometry.Mesh.units.C92.area|actual=100|expected=100|tolerance=0.00000001
OK: generalGeometry.Mesh.units.C92.area
GENERAL_NUMBER: generalGeometry.Mesh.units.C93.x|actual=-135|expected=-135|tolerance=0.00000001
OK: generalGeometry.Mesh.units.C93.x
GENERAL_NUMBER: generalGeometry.Mesh.units.C93.y|actual=-35|expected=-35|tolerance=0.00000001
OK: generalGeometry.Mesh.units.C93.y
GENERAL_NUMBER: generalGeometry.Mesh.units.C93.area|actual=100|expected=100|tolerance=0.00000001
OK: generalGeometry.Mesh.units.C93.area
GENERAL_NUMBER: generalGeometry.Mesh.units.C94.x|actual=-120|expected=-120|tolerance=0.00000001
OK: generalGeometry.Mesh.units.C94.x
GENERAL_NUMBER: generalGeometry.Mesh.units.C94.y|actual=-40|expected=-40|tolerance=0.00000001
OK: generalGeometry.Mesh.units.C94.y
GENERAL_NUMBER: generalGeometry.Mesh.units.C94.area|actual=400|expected=400|tolerance=0.00000001
OK: generalGeometry.Mesh.units.C94.area
GENERAL_NUMBER: generalGeometry.Mesh.units.C95.x|actual=-100|expected=-100|tolerance=0.00000001
OK: generalGeometry.Mesh.units.C95.x
GENERAL_NUMBER: generalGeometry.Mesh.units.C95.y|actual=-40|expected=-40|tolerance=0.00000001
OK: generalGeometry.Mesh.units.C95.y
GENERAL_NUMBER: generalGeometry.Mesh.units.C95.area|actual=400|expected=400|tolerance=0.00000001
OK: generalGeometry.Mesh.units.C95.area
GENERAL_NUMBER: generalGeometry.Mesh.units.C96.x|actual=-80|expected=-80|tolerance=0.00000001
OK: generalGeometry.Mesh.units.C96.x
GENERAL_NUMBER: generalGeometry.Mesh.units.C96.y|actual=-40|expected=-40|tolerance=0.00000001
OK: generalGeometry.Mesh.units.C96.y
GENERAL_NUMBER: generalGeometry.Mesh.units.C96.area|actual=400|expected=400|tolerance=0.00000001
OK: generalGeometry.Mesh.units.C96.area
GENERAL_NUMBER: generalGeometry.Mesh.units.C97.x|actual=-60|expected=-60|tolerance=0.00000001
OK: generalGeometry.Mesh.units.C97.x
GENERAL_NUMBER: generalGeometry.Mesh.units.C97.y|actual=-40|expected=-40|tolerance=0.00000001
OK: generalGeometry.Mesh.units.C97.y
GENERAL_NUMBER: generalGeometry.Mesh.units.C97.area|actual=400|expected=400|tolerance=0.00000001
OK: generalGeometry.Mesh.units.C97.area
GENERAL_NUMBER: generalGeometry.Mesh.units.C98.x|actual=-40|expected=-40|tolerance=0.00000001
OK: generalGeometry.Mesh.units.C98.x
GENERAL_NUMBER: generalGeometry.Mesh.units.C98.y|actual=-40|expected=-40|tolerance=0.00000001
OK: generalGeometry.Mesh.units.C98.y
GENERAL_NUMBER: generalGeometry.Mesh.units.C98.area|actual=400|expected=400|tolerance=0.00000001
OK: generalGeometry.Mesh.units.C98.area
GENERAL_NUMBER: generalGeometry.Mesh.units.C99.x|actual=-20|expected=-20|tolerance=0.00000001
OK: generalGeometry.Mesh.units.C99.x
GENERAL_NUMBER: generalGeometry.Mesh.units.C99.y|actual=-40|expected=-40|tolerance=0.00000001
OK: generalGeometry.Mesh.units.C99.y
GENERAL_NUMBER: generalGeometry.Mesh.units.C99.area|actual=400|expected=400|tolerance=0.00000001
OK: generalGeometry.Mesh.units.C99.area
GENERAL_NUMBER: generalGeometry.Mesh.units.C100.x|actual=0|expected=0|tolerance=0.00000001
OK: generalGeometry.Mesh.units.C100.x
GENERAL_NUMBER: generalGeometry.Mesh.units.C100.y|actual=-40|expected=-40|tolerance=0.00000001
OK: generalGeometry.Mesh.units.C100.y
GENERAL_NUMBER: generalGeometry.Mesh.units.C100.area|actual=400|expected=400|tolerance=0.00000001
OK: generalGeometry.Mesh.units.C100.area
GENERAL_NUMBER: generalGeometry.Mesh.units.C101.x|actual=20|expected=20|tolerance=0.00000001
OK: generalGeometry.Mesh.units.C101.x
GENERAL_NUMBER: generalGeometry.Mesh.units.C101.y|actual=-40|expected=-40|tolerance=0.00000001
OK: generalGeometry.Mesh.units.C101.y
GENERAL_NUMBER: generalGeometry.Mesh.units.C101.area|actual=400|expected=400|tolerance=0.00000001
OK: generalGeometry.Mesh.units.C101.area
GENERAL_NUMBER: generalGeometry.Mesh.units.C102.x|actual=40|expected=40|tolerance=0.00000001
OK: generalGeometry.Mesh.units.C102.x
GENERAL_NUMBER: generalGeometry.Mesh.units.C102.y|actual=-40|expected=-40|tolerance=0.00000001
OK: generalGeometry.Mesh.units.C102.y
GENERAL_NUMBER: generalGeometry.Mesh.units.C102.area|actual=400|expected=400|tolerance=0.00000001
OK: generalGeometry.Mesh.units.C102.area
GENERAL_NUMBER: generalGeometry.Mesh.units.C103.x|actual=60|expected=60|tolerance=0.00000001
OK: generalGeometry.Mesh.units.C103.x
GENERAL_NUMBER: generalGeometry.Mesh.units.C103.y|actual=-40|expected=-40|tolerance=0.00000001
OK: generalGeometry.Mesh.units.C103.y
GENERAL_NUMBER: generalGeometry.Mesh.units.C103.area|actual=400|expected=400|tolerance=0.00000001
OK: generalGeometry.Mesh.units.C103.area
GENERAL_NUMBER: generalGeometry.Mesh.units.C104.x|actual=80|expected=80|tolerance=0.00000001
OK: generalGeometry.Mesh.units.C104.x
GENERAL_NUMBER: generalGeometry.Mesh.units.C104.y|actual=-40|expected=-40|tolerance=0.00000001
OK: generalGeometry.Mesh.units.C104.y
GENERAL_NUMBER: generalGeometry.Mesh.units.C104.area|actual=400|expected=400|tolerance=0.00000001
OK: generalGeometry.Mesh.units.C104.area
GENERAL_NUMBER: generalGeometry.Mesh.units.C105.x|actual=100|expected=100|tolerance=0.00000001
OK: generalGeometry.Mesh.units.C105.x
GENERAL_NUMBER: generalGeometry.Mesh.units.C105.y|actual=-40|expected=-40|tolerance=0.00000001
OK: generalGeometry.Mesh.units.C105.y
GENERAL_NUMBER: generalGeometry.Mesh.units.C105.area|actual=400|expected=400|tolerance=0.00000001
OK: generalGeometry.Mesh.units.C105.area
GENERAL_NUMBER: generalGeometry.Mesh.units.C106.x|actual=120|expected=120|tolerance=0.00000001
OK: generalGeometry.Mesh.units.C106.x
GENERAL_NUMBER: generalGeometry.Mesh.units.C106.y|actual=-40|expected=-40|tolerance=0.00000001
OK: generalGeometry.Mesh.units.C106.y
GENERAL_NUMBER: generalGeometry.Mesh.units.C106.area|actual=400|expected=400|tolerance=0.00000001
OK: generalGeometry.Mesh.units.C106.area
GENERAL_NUMBER: generalGeometry.Mesh.units.C107.x|actual=135|expected=135|tolerance=0.00000001
OK: generalGeometry.Mesh.units.C107.x
GENERAL_NUMBER: generalGeometry.Mesh.units.C107.y|actual=-45|expected=-45|tolerance=0.00000001
OK: generalGeometry.Mesh.units.C107.y
GENERAL_NUMBER: generalGeometry.Mesh.units.C107.area|actual=100|expected=100|tolerance=0.00000001
OK: generalGeometry.Mesh.units.C107.area
GENERAL_NUMBER: generalGeometry.Mesh.units.C108.x|actual=135|expected=135|tolerance=0.00000001
OK: generalGeometry.Mesh.units.C108.x
GENERAL_NUMBER: generalGeometry.Mesh.units.C108.y|actual=-35|expected=-35|tolerance=0.00000001
OK: generalGeometry.Mesh.units.C108.y
GENERAL_NUMBER: generalGeometry.Mesh.units.C108.area|actual=100|expected=100|tolerance=0.00000001
OK: generalGeometry.Mesh.units.C108.area
GENERAL_NUMBER: generalGeometry.Mesh.units.C109.x|actual=145|expected=145|tolerance=0.00000001
OK: generalGeometry.Mesh.units.C109.x
GENERAL_NUMBER: generalGeometry.Mesh.units.C109.y|actual=-35|expected=-35|tolerance=0.00000001
OK: generalGeometry.Mesh.units.C109.y
GENERAL_NUMBER: generalGeometry.Mesh.units.C109.area|actual=100|expected=100|tolerance=0.00000001
OK: generalGeometry.Mesh.units.C109.area
GENERAL_NUMBER: generalGeometry.Mesh.units.C110.x|actual=-145|expected=-145|tolerance=0.00000001
OK: generalGeometry.Mesh.units.C110.x
GENERAL_NUMBER: generalGeometry.Mesh.units.C110.y|actual=-25|expected=-25|tolerance=0.00000001
OK: generalGeometry.Mesh.units.C110.y
GENERAL_NUMBER: generalGeometry.Mesh.units.C110.area|actual=100|expected=100|tolerance=0.00000001
OK: generalGeometry.Mesh.units.C110.area
GENERAL_NUMBER: generalGeometry.Mesh.units.C111.x|actual=-135|expected=-135|tolerance=0.00000001
OK: generalGeometry.Mesh.units.C111.x
GENERAL_NUMBER: generalGeometry.Mesh.units.C111.y|actual=-25|expected=-25|tolerance=0.00000001
OK: generalGeometry.Mesh.units.C111.y
GENERAL_NUMBER: generalGeometry.Mesh.units.C111.area|actual=100|expected=100|tolerance=0.00000001
OK: generalGeometry.Mesh.units.C111.area
GENERAL_NUMBER: generalGeometry.Mesh.units.C112.x|actual=-145|expected=-145|tolerance=0.00000001
OK: generalGeometry.Mesh.units.C112.x
GENERAL_NUMBER: generalGeometry.Mesh.units.C112.y|actual=-15|expected=-15|tolerance=0.00000001
OK: generalGeometry.Mesh.units.C112.y
GENERAL_NUMBER: generalGeometry.Mesh.units.C112.area|actual=100|expected=100|tolerance=0.00000001
OK: generalGeometry.Mesh.units.C112.area
GENERAL_NUMBER: generalGeometry.Mesh.units.C113.x|actual=-135|expected=-135|tolerance=0.00000001
OK: generalGeometry.Mesh.units.C113.x
GENERAL_NUMBER: generalGeometry.Mesh.units.C113.y|actual=-15|expected=-15|tolerance=0.00000001
OK: generalGeometry.Mesh.units.C113.y
GENERAL_NUMBER: generalGeometry.Mesh.units.C113.area|actual=100|expected=100|tolerance=0.00000001
OK: generalGeometry.Mesh.units.C113.area
GENERAL_NUMBER: generalGeometry.Mesh.units.C114.x|actual=-120|expected=-120|tolerance=0.00000001
OK: generalGeometry.Mesh.units.C114.x
GENERAL_NUMBER: generalGeometry.Mesh.units.C114.y|actual=-20|expected=-20|tolerance=0.00000001
OK: generalGeometry.Mesh.units.C114.y
GENERAL_NUMBER: generalGeometry.Mesh.units.C114.area|actual=400|expected=400|tolerance=0.00000001
OK: generalGeometry.Mesh.units.C114.area
GENERAL_NUMBER: generalGeometry.Mesh.units.C115.x|actual=-100|expected=-100|tolerance=0.00000001
OK: generalGeometry.Mesh.units.C115.x
GENERAL_NUMBER: generalGeometry.Mesh.units.C115.y|actual=-20|expected=-20|tolerance=0.00000001
OK: generalGeometry.Mesh.units.C115.y
GENERAL_NUMBER: generalGeometry.Mesh.units.C115.area|actual=400|expected=400|tolerance=0.00000001
OK: generalGeometry.Mesh.units.C115.area
GENERAL_NUMBER: generalGeometry.Mesh.units.C116.x|actual=-80|expected=-80|tolerance=0.00000001
OK: generalGeometry.Mesh.units.C116.x
GENERAL_NUMBER: generalGeometry.Mesh.units.C116.y|actual=-20|expected=-20|tolerance=0.00000001
OK: generalGeometry.Mesh.units.C116.y
GENERAL_NUMBER: generalGeometry.Mesh.units.C116.area|actual=400|expected=400|tolerance=0.00000001
OK: generalGeometry.Mesh.units.C116.area
GENERAL_NUMBER: generalGeometry.Mesh.units.C117.x|actual=-60|expected=-60|tolerance=0.00000001
OK: generalGeometry.Mesh.units.C117.x
GENERAL_NUMBER: generalGeometry.Mesh.units.C117.y|actual=-20|expected=-20|tolerance=0.00000001
OK: generalGeometry.Mesh.units.C117.y
GENERAL_NUMBER: generalGeometry.Mesh.units.C117.area|actual=400|expected=400|tolerance=0.00000001
OK: generalGeometry.Mesh.units.C117.area
GENERAL_NUMBER: generalGeometry.Mesh.units.C118.x|actual=-40|expected=-40|tolerance=0.00000001
OK: generalGeometry.Mesh.units.C118.x
GENERAL_NUMBER: generalGeometry.Mesh.units.C118.y|actual=-20|expected=-20|tolerance=0.00000001
OK: generalGeometry.Mesh.units.C118.y
GENERAL_NUMBER: generalGeometry.Mesh.units.C118.area|actual=400|expected=400|tolerance=0.00000001
OK: generalGeometry.Mesh.units.C118.area
GENERAL_NUMBER: generalGeometry.Mesh.units.C119.x|actual=-20|expected=-20|tolerance=0.00000001
OK: generalGeometry.Mesh.units.C119.x
GENERAL_NUMBER: generalGeometry.Mesh.units.C119.y|actual=-20|expected=-20|tolerance=0.00000001
OK: generalGeometry.Mesh.units.C119.y
GENERAL_NUMBER: generalGeometry.Mesh.units.C119.area|actual=400|expected=400|tolerance=0.00000001
OK: generalGeometry.Mesh.units.C119.area
GENERAL_NUMBER: generalGeometry.Mesh.units.C120.x|actual=0|expected=0|tolerance=0.00000001
OK: generalGeometry.Mesh.units.C120.x
GENERAL_NUMBER: generalGeometry.Mesh.units.C120.y|actual=-20|expected=-20|tolerance=0.00000001
OK: generalGeometry.Mesh.units.C120.y
GENERAL_NUMBER: generalGeometry.Mesh.units.C120.area|actual=400|expected=400|tolerance=0.00000001
OK: generalGeometry.Mesh.units.C120.area
GENERAL_NUMBER: generalGeometry.Mesh.units.C121.x|actual=20|expected=20|tolerance=0.00000001
OK: generalGeometry.Mesh.units.C121.x
GENERAL_NUMBER: generalGeometry.Mesh.units.C121.y|actual=-20|expected=-20|tolerance=0.00000001
OK: generalGeometry.Mesh.units.C121.y
GENERAL_NUMBER: generalGeometry.Mesh.units.C121.area|actual=400|expected=400|tolerance=0.00000001
OK: generalGeometry.Mesh.units.C121.area
GENERAL_NUMBER: generalGeometry.Mesh.units.C122.x|actual=40|expected=40|tolerance=0.00000001
OK: generalGeometry.Mesh.units.C122.x
GENERAL_NUMBER: generalGeometry.Mesh.units.C122.y|actual=-20|expected=-20|tolerance=0.00000001
OK: generalGeometry.Mesh.units.C122.y
GENERAL_NUMBER: generalGeometry.Mesh.units.C122.area|actual=400|expected=400|tolerance=0.00000001
OK: generalGeometry.Mesh.units.C122.area
GENERAL_NUMBER: generalGeometry.Mesh.units.C123.x|actual=60|expected=60|tolerance=0.00000001
OK: generalGeometry.Mesh.units.C123.x
GENERAL_NUMBER: generalGeometry.Mesh.units.C123.y|actual=-20|expected=-20|tolerance=0.00000001
OK: generalGeometry.Mesh.units.C123.y
GENERAL_NUMBER: generalGeometry.Mesh.units.C123.area|actual=400|expected=400|tolerance=0.00000001
OK: generalGeometry.Mesh.units.C123.area
GENERAL_NUMBER: generalGeometry.Mesh.units.C124.x|actual=80|expected=80|tolerance=0.00000001
OK: generalGeometry.Mesh.units.C124.x
GENERAL_NUMBER: generalGeometry.Mesh.units.C124.y|actual=-20|expected=-20|tolerance=0.00000001
OK: generalGeometry.Mesh.units.C124.y
GENERAL_NUMBER: generalGeometry.Mesh.units.C124.area|actual=400|expected=400|tolerance=0.00000001
OK: generalGeometry.Mesh.units.C124.area
GENERAL_NUMBER: generalGeometry.Mesh.units.C125.x|actual=100|expected=100|tolerance=0.00000001
OK: generalGeometry.Mesh.units.C125.x
GENERAL_NUMBER: generalGeometry.Mesh.units.C125.y|actual=-20|expected=-20|tolerance=0.00000001
OK: generalGeometry.Mesh.units.C125.y
GENERAL_NUMBER: generalGeometry.Mesh.units.C125.area|actual=400|expected=400|tolerance=0.00000001
OK: generalGeometry.Mesh.units.C125.area
GENERAL_NUMBER: generalGeometry.Mesh.units.C126.x|actual=120|expected=120|tolerance=0.00000001
OK: generalGeometry.Mesh.units.C126.x
GENERAL_NUMBER: generalGeometry.Mesh.units.C126.y|actual=-20|expected=-20|tolerance=0.00000001
OK: generalGeometry.Mesh.units.C126.y
GENERAL_NUMBER: generalGeometry.Mesh.units.C126.area|actual=400|expected=400|tolerance=0.00000001
OK: generalGeometry.Mesh.units.C126.area
GENERAL_NUMBER: generalGeometry.Mesh.units.C127.x|actual=135|expected=135|tolerance=0.00000001
OK: generalGeometry.Mesh.units.C127.x
GENERAL_NUMBER: generalGeometry.Mesh.units.C127.y|actual=-25|expected=-25|tolerance=0.00000001
OK: generalGeometry.Mesh.units.C127.y
GENERAL_NUMBER: generalGeometry.Mesh.units.C127.area|actual=100|expected=100|tolerance=0.00000001
OK: generalGeometry.Mesh.units.C127.area
GENERAL_NUMBER: generalGeometry.Mesh.units.C128.x|actual=145|expected=145|tolerance=0.00000001
OK: generalGeometry.Mesh.units.C128.x
GENERAL_NUMBER: generalGeometry.Mesh.units.C128.y|actual=-25|expected=-25|tolerance=0.00000001
OK: generalGeometry.Mesh.units.C128.y
GENERAL_NUMBER: generalGeometry.Mesh.units.C128.area|actual=100|expected=100|tolerance=0.00000001
OK: generalGeometry.Mesh.units.C128.area
GENERAL_NUMBER: generalGeometry.Mesh.units.C129.x|actual=135|expected=135|tolerance=0.00000001
OK: generalGeometry.Mesh.units.C129.x
GENERAL_NUMBER: generalGeometry.Mesh.units.C129.y|actual=-15|expected=-15|tolerance=0.00000001
OK: generalGeometry.Mesh.units.C129.y
GENERAL_NUMBER: generalGeometry.Mesh.units.C129.area|actual=100|expected=100|tolerance=0.00000001
OK: generalGeometry.Mesh.units.C129.area
GENERAL_NUMBER: generalGeometry.Mesh.units.C130.x|actual=145|expected=145|tolerance=0.00000001
OK: generalGeometry.Mesh.units.C130.x
GENERAL_NUMBER: generalGeometry.Mesh.units.C130.y|actual=-15|expected=-15|tolerance=0.00000001
OK: generalGeometry.Mesh.units.C130.y
GENERAL_NUMBER: generalGeometry.Mesh.units.C130.area|actual=100|expected=100|tolerance=0.00000001
OK: generalGeometry.Mesh.units.C130.area
GENERAL_NUMBER: generalGeometry.Mesh.units.C131.x|actual=-145|expected=-145|tolerance=0.00000001
OK: generalGeometry.Mesh.units.C131.x
GENERAL_NUMBER: generalGeometry.Mesh.units.C131.y|actual=-5|expected=-5|tolerance=0.00000001
OK: generalGeometry.Mesh.units.C131.y
GENERAL_NUMBER: generalGeometry.Mesh.units.C131.area|actual=100|expected=100|tolerance=0.00000001
OK: generalGeometry.Mesh.units.C131.area
GENERAL_NUMBER: generalGeometry.Mesh.units.C132.x|actual=-135|expected=-135|tolerance=0.00000001
OK: generalGeometry.Mesh.units.C132.x
GENERAL_NUMBER: generalGeometry.Mesh.units.C132.y|actual=-5|expected=-5|tolerance=0.00000001
OK: generalGeometry.Mesh.units.C132.y
GENERAL_NUMBER: generalGeometry.Mesh.units.C132.area|actual=100|expected=100|tolerance=0.00000001
OK: generalGeometry.Mesh.units.C132.area
GENERAL_NUMBER: generalGeometry.Mesh.units.C133.x|actual=-145|expected=-145|tolerance=0.00000001
OK: generalGeometry.Mesh.units.C133.x
GENERAL_NUMBER: generalGeometry.Mesh.units.C133.y|actual=5|expected=5|tolerance=0.00000001
OK: generalGeometry.Mesh.units.C133.y
GENERAL_NUMBER: generalGeometry.Mesh.units.C133.area|actual=100|expected=100|tolerance=0.00000001
OK: generalGeometry.Mesh.units.C133.area
GENERAL_NUMBER: generalGeometry.Mesh.units.C134.x|actual=-135|expected=-135|tolerance=0.00000001
OK: generalGeometry.Mesh.units.C134.x
GENERAL_NUMBER: generalGeometry.Mesh.units.C134.y|actual=5|expected=5|tolerance=0.00000001
OK: generalGeometry.Mesh.units.C134.y
GENERAL_NUMBER: generalGeometry.Mesh.units.C134.area|actual=100|expected=100|tolerance=0.00000001
OK: generalGeometry.Mesh.units.C134.area
GENERAL_NUMBER: generalGeometry.Mesh.units.C135.x|actual=-120|expected=-120|tolerance=0.00000001
OK: generalGeometry.Mesh.units.C135.x
GENERAL_NUMBER: generalGeometry.Mesh.units.C135.y|actual=0|expected=0|tolerance=0.00000001
OK: generalGeometry.Mesh.units.C135.y
GENERAL_NUMBER: generalGeometry.Mesh.units.C135.area|actual=400|expected=400|tolerance=0.00000001
OK: generalGeometry.Mesh.units.C135.area
GENERAL_NUMBER: generalGeometry.Mesh.units.C136.x|actual=-100|expected=-100|tolerance=0.00000001
OK: generalGeometry.Mesh.units.C136.x
GENERAL_NUMBER: generalGeometry.Mesh.units.C136.y|actual=0|expected=0|tolerance=0.00000001
OK: generalGeometry.Mesh.units.C136.y
GENERAL_NUMBER: generalGeometry.Mesh.units.C136.area|actual=400|expected=400|tolerance=0.00000001
OK: generalGeometry.Mesh.units.C136.area
GENERAL_NUMBER: generalGeometry.Mesh.units.C137.x|actual=-80|expected=-80|tolerance=0.00000001
OK: generalGeometry.Mesh.units.C137.x
GENERAL_NUMBER: generalGeometry.Mesh.units.C137.y|actual=0|expected=0|tolerance=0.00000001
OK: generalGeometry.Mesh.units.C137.y
GENERAL_NUMBER: generalGeometry.Mesh.units.C137.area|actual=400|expected=400|tolerance=0.00000001
OK: generalGeometry.Mesh.units.C137.area
GENERAL_NUMBER: generalGeometry.Mesh.units.C138.x|actual=-60|expected=-60|tolerance=0.00000001
OK: generalGeometry.Mesh.units.C138.x
GENERAL_NUMBER: generalGeometry.Mesh.units.C138.y|actual=0|expected=0|tolerance=0.00000001
OK: generalGeometry.Mesh.units.C138.y
GENERAL_NUMBER: generalGeometry.Mesh.units.C138.area|actual=400|expected=400|tolerance=0.00000001
OK: generalGeometry.Mesh.units.C138.area
GENERAL_NUMBER: generalGeometry.Mesh.units.C139.x|actual=-40|expected=-40|tolerance=0.00000001
OK: generalGeometry.Mesh.units.C139.x
GENERAL_NUMBER: generalGeometry.Mesh.units.C139.y|actual=0|expected=0|tolerance=0.00000001
OK: generalGeometry.Mesh.units.C139.y
GENERAL_NUMBER: generalGeometry.Mesh.units.C139.area|actual=400|expected=400|tolerance=0.00000001
OK: generalGeometry.Mesh.units.C139.area
GENERAL_NUMBER: generalGeometry.Mesh.units.C140.x|actual=-20|expected=-20|tolerance=0.00000001
OK: generalGeometry.Mesh.units.C140.x
GENERAL_NUMBER: generalGeometry.Mesh.units.C140.y|actual=0|expected=0|tolerance=0.00000001
OK: generalGeometry.Mesh.units.C140.y
GENERAL_NUMBER: generalGeometry.Mesh.units.C140.area|actual=400|expected=400|tolerance=0.00000001
OK: generalGeometry.Mesh.units.C140.area
GENERAL_NUMBER: generalGeometry.Mesh.units.C141.x|actual=0|expected=0|tolerance=0.00000001
OK: generalGeometry.Mesh.units.C141.x
GENERAL_NUMBER: generalGeometry.Mesh.units.C141.y|actual=0|expected=0|tolerance=0.00000001
OK: generalGeometry.Mesh.units.C141.y
GENERAL_NUMBER: generalGeometry.Mesh.units.C141.area|actual=400|expected=400|tolerance=0.00000001
OK: generalGeometry.Mesh.units.C141.area
GENERAL_NUMBER: generalGeometry.Mesh.units.C142.x|actual=20|expected=20|tolerance=0.00000001
OK: generalGeometry.Mesh.units.C142.x
GENERAL_NUMBER: generalGeometry.Mesh.units.C142.y|actual=0|expected=0|tolerance=0.00000001
OK: generalGeometry.Mesh.units.C142.y
GENERAL_NUMBER: generalGeometry.Mesh.units.C142.area|actual=400|expected=400|tolerance=0.00000001
OK: generalGeometry.Mesh.units.C142.area
GENERAL_NUMBER: generalGeometry.Mesh.units.C143.x|actual=40|expected=40|tolerance=0.00000001
OK: generalGeometry.Mesh.units.C143.x
GENERAL_NUMBER: generalGeometry.Mesh.units.C143.y|actual=0|expected=0|tolerance=0.00000001
OK: generalGeometry.Mesh.units.C143.y
GENERAL_NUMBER: generalGeometry.Mesh.units.C143.area|actual=400|expected=400|tolerance=0.00000001
OK: generalGeometry.Mesh.units.C143.area
GENERAL_NUMBER: generalGeometry.Mesh.units.C144.x|actual=60|expected=60|tolerance=0.00000001
OK: generalGeometry.Mesh.units.C144.x
GENERAL_NUMBER: generalGeometry.Mesh.units.C144.y|actual=0|expected=0|tolerance=0.00000001
OK: generalGeometry.Mesh.units.C144.y
GENERAL_NUMBER: generalGeometry.Mesh.units.C144.area|actual=400|expected=400|tolerance=0.00000001
OK: generalGeometry.Mesh.units.C144.area
GENERAL_NUMBER: generalGeometry.Mesh.units.C145.x|actual=80|expected=80|tolerance=0.00000001
OK: generalGeometry.Mesh.units.C145.x
GENERAL_NUMBER: generalGeometry.Mesh.units.C145.y|actual=0|expected=0|tolerance=0.00000001
OK: generalGeometry.Mesh.units.C145.y
GENERAL_NUMBER: generalGeometry.Mesh.units.C145.area|actual=400|expected=400|tolerance=0.00000001
OK: generalGeometry.Mesh.units.C145.area
GENERAL_NUMBER: generalGeometry.Mesh.units.C146.x|actual=100|expected=100|tolerance=0.00000001
OK: generalGeometry.Mesh.units.C146.x
GENERAL_NUMBER: generalGeometry.Mesh.units.C146.y|actual=0|expected=0|tolerance=0.00000001
OK: generalGeometry.Mesh.units.C146.y
GENERAL_NUMBER: generalGeometry.Mesh.units.C146.area|actual=400|expected=400|tolerance=0.00000001
OK: generalGeometry.Mesh.units.C146.area
GENERAL_NUMBER: generalGeometry.Mesh.units.C147.x|actual=120|expected=120|tolerance=0.00000001
OK: generalGeometry.Mesh.units.C147.x
GENERAL_NUMBER: generalGeometry.Mesh.units.C147.y|actual=0|expected=0|tolerance=0.00000001
OK: generalGeometry.Mesh.units.C147.y
GENERAL_NUMBER: generalGeometry.Mesh.units.C147.area|actual=400|expected=400|tolerance=0.00000001
OK: generalGeometry.Mesh.units.C147.area
GENERAL_NUMBER: generalGeometry.Mesh.units.C148.x|actual=135|expected=135|tolerance=0.00000001
OK: generalGeometry.Mesh.units.C148.x
GENERAL_NUMBER: generalGeometry.Mesh.units.C148.y|actual=-5|expected=-5|tolerance=0.00000001
OK: generalGeometry.Mesh.units.C148.y
GENERAL_NUMBER: generalGeometry.Mesh.units.C148.area|actual=100|expected=100|tolerance=0.00000001
OK: generalGeometry.Mesh.units.C148.area
GENERAL_NUMBER: generalGeometry.Mesh.units.C149.x|actual=145|expected=145|tolerance=0.00000001
OK: generalGeometry.Mesh.units.C149.x
GENERAL_NUMBER: generalGeometry.Mesh.units.C149.y|actual=-5|expected=-5|tolerance=0.00000001
OK: generalGeometry.Mesh.units.C149.y
GENERAL_NUMBER: generalGeometry.Mesh.units.C149.area|actual=100|expected=100|tolerance=0.00000001
OK: generalGeometry.Mesh.units.C149.area
GENERAL_NUMBER: generalGeometry.Mesh.units.C150.x|actual=135|expected=135|tolerance=0.00000001
OK: generalGeometry.Mesh.units.C150.x
GENERAL_NUMBER: generalGeometry.Mesh.units.C150.y|actual=5|expected=5|tolerance=0.00000001
OK: generalGeometry.Mesh.units.C150.y
GENERAL_NUMBER: generalGeometry.Mesh.units.C150.area|actual=100|expected=100|tolerance=0.00000001
OK: generalGeometry.Mesh.units.C150.area
GENERAL_NUMBER: generalGeometry.Mesh.units.C151.x|actual=145|expected=145|tolerance=0.00000001
OK: generalGeometry.Mesh.units.C151.x
GENERAL_NUMBER: generalGeometry.Mesh.units.C151.y|actual=5|expected=5|tolerance=0.00000001
OK: generalGeometry.Mesh.units.C151.y
GENERAL_NUMBER: generalGeometry.Mesh.units.C151.area|actual=100|expected=100|tolerance=0.00000001
OK: generalGeometry.Mesh.units.C151.area
GENERAL_NUMBER: generalGeometry.Mesh.units.C152.x|actual=-145|expected=-145|tolerance=0.00000001
OK: generalGeometry.Mesh.units.C152.x
GENERAL_NUMBER: generalGeometry.Mesh.units.C152.y|actual=15|expected=15|tolerance=0.00000001
OK: generalGeometry.Mesh.units.C152.y
GENERAL_NUMBER: generalGeometry.Mesh.units.C152.area|actual=100|expected=100|tolerance=0.00000001
OK: generalGeometry.Mesh.units.C152.area
GENERAL_NUMBER: generalGeometry.Mesh.units.C153.x|actual=-135|expected=-135|tolerance=0.00000001
OK: generalGeometry.Mesh.units.C153.x
GENERAL_NUMBER: generalGeometry.Mesh.units.C153.y|actual=15|expected=15|tolerance=0.00000001
OK: generalGeometry.Mesh.units.C153.y
GENERAL_NUMBER: generalGeometry.Mesh.units.C153.area|actual=100|expected=100|tolerance=0.00000001
OK: generalGeometry.Mesh.units.C153.area
GENERAL_NUMBER: generalGeometry.Mesh.units.C154.x|actual=-145|expected=-145|tolerance=0.00000001
OK: generalGeometry.Mesh.units.C154.x
GENERAL_NUMBER: generalGeometry.Mesh.units.C154.y|actual=25|expected=25|tolerance=0.00000001
OK: generalGeometry.Mesh.units.C154.y
GENERAL_NUMBER: generalGeometry.Mesh.units.C154.area|actual=100|expected=100|tolerance=0.00000001
OK: generalGeometry.Mesh.units.C154.area
GENERAL_NUMBER: generalGeometry.Mesh.units.C155.x|actual=-135|expected=-135|tolerance=0.00000001
OK: generalGeometry.Mesh.units.C155.x
GENERAL_NUMBER: generalGeometry.Mesh.units.C155.y|actual=25|expected=25|tolerance=0.00000001
OK: generalGeometry.Mesh.units.C155.y
GENERAL_NUMBER: generalGeometry.Mesh.units.C155.area|actual=100|expected=100|tolerance=0.00000001
OK: generalGeometry.Mesh.units.C155.area
GENERAL_NUMBER: generalGeometry.Mesh.units.C156.x|actual=-120|expected=-120|tolerance=0.00000001
OK: generalGeometry.Mesh.units.C156.x
GENERAL_NUMBER: generalGeometry.Mesh.units.C156.y|actual=20|expected=20|tolerance=0.00000001
OK: generalGeometry.Mesh.units.C156.y
GENERAL_NUMBER: generalGeometry.Mesh.units.C156.area|actual=400|expected=400|tolerance=0.00000001
OK: generalGeometry.Mesh.units.C156.area
GENERAL_NUMBER: generalGeometry.Mesh.units.C157.x|actual=-100|expected=-100|tolerance=0.00000001
OK: generalGeometry.Mesh.units.C157.x
GENERAL_NUMBER: generalGeometry.Mesh.units.C157.y|actual=20|expected=20|tolerance=0.00000001
OK: generalGeometry.Mesh.units.C157.y
GENERAL_NUMBER: generalGeometry.Mesh.units.C157.area|actual=400|expected=400|tolerance=0.00000001
OK: generalGeometry.Mesh.units.C157.area
GENERAL_NUMBER: generalGeometry.Mesh.units.C158.x|actual=-80|expected=-80|tolerance=0.00000001
OK: generalGeometry.Mesh.units.C158.x
GENERAL_NUMBER: generalGeometry.Mesh.units.C158.y|actual=20|expected=20|tolerance=0.00000001
OK: generalGeometry.Mesh.units.C158.y
GENERAL_NUMBER: generalGeometry.Mesh.units.C158.area|actual=400|expected=400|tolerance=0.00000001
OK: generalGeometry.Mesh.units.C158.area
GENERAL_NUMBER: generalGeometry.Mesh.units.C159.x|actual=-60|expected=-60|tolerance=0.00000001
OK: generalGeometry.Mesh.units.C159.x
GENERAL_NUMBER: generalGeometry.Mesh.units.C159.y|actual=20|expected=20|tolerance=0.00000001
OK: generalGeometry.Mesh.units.C159.y
GENERAL_NUMBER: generalGeometry.Mesh.units.C159.area|actual=400|expected=400|tolerance=0.00000001
OK: generalGeometry.Mesh.units.C159.area
GENERAL_NUMBER: generalGeometry.Mesh.units.C160.x|actual=-40|expected=-40|tolerance=0.00000001
OK: generalGeometry.Mesh.units.C160.x
GENERAL_NUMBER: generalGeometry.Mesh.units.C160.y|actual=20|expected=20|tolerance=0.00000001
OK: generalGeometry.Mesh.units.C160.y
GENERAL_NUMBER: generalGeometry.Mesh.units.C160.area|actual=400|expected=400|tolerance=0.00000001
OK: generalGeometry.Mesh.units.C160.area
GENERAL_NUMBER: generalGeometry.Mesh.units.C161.x|actual=-20|expected=-20|tolerance=0.00000001
OK: generalGeometry.Mesh.units.C161.x
GENERAL_NUMBER: generalGeometry.Mesh.units.C161.y|actual=20|expected=20|tolerance=0.00000001
OK: generalGeometry.Mesh.units.C161.y
GENERAL_NUMBER: generalGeometry.Mesh.units.C161.area|actual=400|expected=400|tolerance=0.00000001
OK: generalGeometry.Mesh.units.C161.area
GENERAL_NUMBER: generalGeometry.Mesh.units.C162.x|actual=0|expected=0|tolerance=0.00000001
OK: generalGeometry.Mesh.units.C162.x
GENERAL_NUMBER: generalGeometry.Mesh.units.C162.y|actual=20|expected=20|tolerance=0.00000001
OK: generalGeometry.Mesh.units.C162.y
GENERAL_NUMBER: generalGeometry.Mesh.units.C162.area|actual=400|expected=400|tolerance=0.00000001
OK: generalGeometry.Mesh.units.C162.area
GENERAL_NUMBER: generalGeometry.Mesh.units.C163.x|actual=20|expected=20|tolerance=0.00000001
OK: generalGeometry.Mesh.units.C163.x
GENERAL_NUMBER: generalGeometry.Mesh.units.C163.y|actual=20|expected=20|tolerance=0.00000001
OK: generalGeometry.Mesh.units.C163.y
GENERAL_NUMBER: generalGeometry.Mesh.units.C163.area|actual=400|expected=400|tolerance=0.00000001
OK: generalGeometry.Mesh.units.C163.area
GENERAL_NUMBER: generalGeometry.Mesh.units.C164.x|actual=40|expected=40|tolerance=0.00000001
OK: generalGeometry.Mesh.units.C164.x
GENERAL_NUMBER: generalGeometry.Mesh.units.C164.y|actual=20|expected=20|tolerance=0.00000001
OK: generalGeometry.Mesh.units.C164.y
GENERAL_NUMBER: generalGeometry.Mesh.units.C164.area|actual=400|expected=400|tolerance=0.00000001
OK: generalGeometry.Mesh.units.C164.area
GENERAL_NUMBER: generalGeometry.Mesh.units.C165.x|actual=60|expected=60|tolerance=0.00000001
OK: generalGeometry.Mesh.units.C165.x
GENERAL_NUMBER: generalGeometry.Mesh.units.C165.y|actual=20|expected=20|tolerance=0.00000001
OK: generalGeometry.Mesh.units.C165.y
GENERAL_NUMBER: generalGeometry.Mesh.units.C165.area|actual=400|expected=400|tolerance=0.00000001
OK: generalGeometry.Mesh.units.C165.area
GENERAL_NUMBER: generalGeometry.Mesh.units.C166.x|actual=80|expected=80|tolerance=0.00000001
OK: generalGeometry.Mesh.units.C166.x
GENERAL_NUMBER: generalGeometry.Mesh.units.C166.y|actual=20|expected=20|tolerance=0.00000001
OK: generalGeometry.Mesh.units.C166.y
GENERAL_NUMBER: generalGeometry.Mesh.units.C166.area|actual=400|expected=400|tolerance=0.00000001
OK: generalGeometry.Mesh.units.C166.area
GENERAL_NUMBER: generalGeometry.Mesh.units.C167.x|actual=100|expected=100|tolerance=0.00000001
OK: generalGeometry.Mesh.units.C167.x
GENERAL_NUMBER: generalGeometry.Mesh.units.C167.y|actual=20|expected=20|tolerance=0.00000001
OK: generalGeometry.Mesh.units.C167.y
GENERAL_NUMBER: generalGeometry.Mesh.units.C167.area|actual=400|expected=400|tolerance=0.00000001
OK: generalGeometry.Mesh.units.C167.area
GENERAL_NUMBER: generalGeometry.Mesh.units.C168.x|actual=120|expected=120|tolerance=0.00000001
OK: generalGeometry.Mesh.units.C168.x
GENERAL_NUMBER: generalGeometry.Mesh.units.C168.y|actual=20|expected=20|tolerance=0.00000001
OK: generalGeometry.Mesh.units.C168.y
GENERAL_NUMBER: generalGeometry.Mesh.units.C168.area|actual=400|expected=400|tolerance=0.00000001
OK: generalGeometry.Mesh.units.C168.area
GENERAL_NUMBER: generalGeometry.Mesh.units.C169.x|actual=135|expected=135|tolerance=0.00000001
OK: generalGeometry.Mesh.units.C169.x
GENERAL_NUMBER: generalGeometry.Mesh.units.C169.y|actual=15|expected=15|tolerance=0.00000001
OK: generalGeometry.Mesh.units.C169.y
GENERAL_NUMBER: generalGeometry.Mesh.units.C169.area|actual=100|expected=100|tolerance=0.00000001
OK: generalGeometry.Mesh.units.C169.area
GENERAL_NUMBER: generalGeometry.Mesh.units.C170.x|actual=145|expected=145|tolerance=0.00000001
OK: generalGeometry.Mesh.units.C170.x
GENERAL_NUMBER: generalGeometry.Mesh.units.C170.y|actual=15|expected=15|tolerance=0.00000001
OK: generalGeometry.Mesh.units.C170.y
GENERAL_NUMBER: generalGeometry.Mesh.units.C170.area|actual=100|expected=100|tolerance=0.00000001
OK: generalGeometry.Mesh.units.C170.area
GENERAL_NUMBER: generalGeometry.Mesh.units.C171.x|actual=135|expected=135|tolerance=0.00000001
OK: generalGeometry.Mesh.units.C171.x
GENERAL_NUMBER: generalGeometry.Mesh.units.C171.y|actual=25|expected=25|tolerance=0.00000001
OK: generalGeometry.Mesh.units.C171.y
GENERAL_NUMBER: generalGeometry.Mesh.units.C171.area|actual=100|expected=100|tolerance=0.00000001
OK: generalGeometry.Mesh.units.C171.area
GENERAL_NUMBER: generalGeometry.Mesh.units.C172.x|actual=145|expected=145|tolerance=0.00000001
OK: generalGeometry.Mesh.units.C172.x
GENERAL_NUMBER: generalGeometry.Mesh.units.C172.y|actual=25|expected=25|tolerance=0.00000001
OK: generalGeometry.Mesh.units.C172.y
GENERAL_NUMBER: generalGeometry.Mesh.units.C172.area|actual=100|expected=100|tolerance=0.00000001
OK: generalGeometry.Mesh.units.C172.area
GENERAL_NUMBER: generalGeometry.Mesh.units.C173.x|actual=-145|expected=-145|tolerance=0.00000001
OK: generalGeometry.Mesh.units.C173.x
GENERAL_NUMBER: generalGeometry.Mesh.units.C173.y|actual=35|expected=35|tolerance=0.00000001
OK: generalGeometry.Mesh.units.C173.y
GENERAL_NUMBER: generalGeometry.Mesh.units.C173.area|actual=100|expected=100|tolerance=0.00000001
OK: generalGeometry.Mesh.units.C173.area
GENERAL_NUMBER: generalGeometry.Mesh.units.C174.x|actual=-135|expected=-135|tolerance=0.00000001
OK: generalGeometry.Mesh.units.C174.x
GENERAL_NUMBER: generalGeometry.Mesh.units.C174.y|actual=35|expected=35|tolerance=0.00000001
OK: generalGeometry.Mesh.units.C174.y
GENERAL_NUMBER: generalGeometry.Mesh.units.C174.area|actual=100|expected=100|tolerance=0.00000001
OK: generalGeometry.Mesh.units.C174.area
GENERAL_NUMBER: generalGeometry.Mesh.units.C175.x|actual=-135|expected=-135|tolerance=0.00000001
OK: generalGeometry.Mesh.units.C175.x
GENERAL_NUMBER: generalGeometry.Mesh.units.C175.y|actual=45|expected=45|tolerance=0.00000001
OK: generalGeometry.Mesh.units.C175.y
GENERAL_NUMBER: generalGeometry.Mesh.units.C175.area|actual=100|expected=100|tolerance=0.00000001
OK: generalGeometry.Mesh.units.C175.area
GENERAL_NUMBER: generalGeometry.Mesh.units.C176.x|actual=-120|expected=-120|tolerance=0.00000001
OK: generalGeometry.Mesh.units.C176.x
GENERAL_NUMBER: generalGeometry.Mesh.units.C176.y|actual=40|expected=40|tolerance=0.00000001
OK: generalGeometry.Mesh.units.C176.y
GENERAL_NUMBER: generalGeometry.Mesh.units.C176.area|actual=400|expected=400|tolerance=0.00000001
OK: generalGeometry.Mesh.units.C176.area
GENERAL_NUMBER: generalGeometry.Mesh.units.C177.x|actual=-100|expected=-100|tolerance=0.00000001
OK: generalGeometry.Mesh.units.C177.x
GENERAL_NUMBER: generalGeometry.Mesh.units.C177.y|actual=40|expected=40|tolerance=0.00000001
OK: generalGeometry.Mesh.units.C177.y
GENERAL_NUMBER: generalGeometry.Mesh.units.C177.area|actual=400|expected=400|tolerance=0.00000001
OK: generalGeometry.Mesh.units.C177.area
GENERAL_NUMBER: generalGeometry.Mesh.units.C178.x|actual=-80|expected=-80|tolerance=0.00000001
OK: generalGeometry.Mesh.units.C178.x
GENERAL_NUMBER: generalGeometry.Mesh.units.C178.y|actual=40|expected=40|tolerance=0.00000001
OK: generalGeometry.Mesh.units.C178.y
GENERAL_NUMBER: generalGeometry.Mesh.units.C178.area|actual=400|expected=400|tolerance=0.00000001
OK: generalGeometry.Mesh.units.C178.area
GENERAL_NUMBER: generalGeometry.Mesh.units.C179.x|actual=-60|expected=-60|tolerance=0.00000001
OK: generalGeometry.Mesh.units.C179.x
GENERAL_NUMBER: generalGeometry.Mesh.units.C179.y|actual=40|expected=40|tolerance=0.00000001
OK: generalGeometry.Mesh.units.C179.y
GENERAL_NUMBER: generalGeometry.Mesh.units.C179.area|actual=400|expected=400|tolerance=0.00000001
OK: generalGeometry.Mesh.units.C179.area
GENERAL_NUMBER: generalGeometry.Mesh.units.C180.x|actual=-40|expected=-40|tolerance=0.00000001
OK: generalGeometry.Mesh.units.C180.x
GENERAL_NUMBER: generalGeometry.Mesh.units.C180.y|actual=40|expected=40|tolerance=0.00000001
OK: generalGeometry.Mesh.units.C180.y
GENERAL_NUMBER: generalGeometry.Mesh.units.C180.area|actual=400|expected=400|tolerance=0.00000001
OK: generalGeometry.Mesh.units.C180.area
GENERAL_NUMBER: generalGeometry.Mesh.units.C181.x|actual=-20|expected=-20|tolerance=0.00000001
OK: generalGeometry.Mesh.units.C181.x
GENERAL_NUMBER: generalGeometry.Mesh.units.C181.y|actual=40|expected=40|tolerance=0.00000001
OK: generalGeometry.Mesh.units.C181.y
GENERAL_NUMBER: generalGeometry.Mesh.units.C181.area|actual=400|expected=400|tolerance=0.00000001
OK: generalGeometry.Mesh.units.C181.area
GENERAL_NUMBER: generalGeometry.Mesh.units.C182.x|actual=0|expected=0|tolerance=0.00000001
OK: generalGeometry.Mesh.units.C182.x
GENERAL_NUMBER: generalGeometry.Mesh.units.C182.y|actual=40|expected=40|tolerance=0.00000001
OK: generalGeometry.Mesh.units.C182.y
GENERAL_NUMBER: generalGeometry.Mesh.units.C182.area|actual=400|expected=400|tolerance=0.00000001
OK: generalGeometry.Mesh.units.C182.area
GENERAL_NUMBER: generalGeometry.Mesh.units.C183.x|actual=20|expected=20|tolerance=0.00000001
OK: generalGeometry.Mesh.units.C183.x
GENERAL_NUMBER: generalGeometry.Mesh.units.C183.y|actual=40|expected=40|tolerance=0.00000001
OK: generalGeometry.Mesh.units.C183.y
GENERAL_NUMBER: generalGeometry.Mesh.units.C183.area|actual=400|expected=400|tolerance=0.00000001
OK: generalGeometry.Mesh.units.C183.area
GENERAL_NUMBER: generalGeometry.Mesh.units.C184.x|actual=40|expected=40|tolerance=0.00000001
OK: generalGeometry.Mesh.units.C184.x
GENERAL_NUMBER: generalGeometry.Mesh.units.C184.y|actual=40|expected=40|tolerance=0.00000001
OK: generalGeometry.Mesh.units.C184.y
GENERAL_NUMBER: generalGeometry.Mesh.units.C184.area|actual=400|expected=400|tolerance=0.00000001
OK: generalGeometry.Mesh.units.C184.area
GENERAL_NUMBER: generalGeometry.Mesh.units.C185.x|actual=60|expected=60|tolerance=0.00000001
OK: generalGeometry.Mesh.units.C185.x
GENERAL_NUMBER: generalGeometry.Mesh.units.C185.y|actual=40|expected=40|tolerance=0.00000001
OK: generalGeometry.Mesh.units.C185.y
GENERAL_NUMBER: generalGeometry.Mesh.units.C185.area|actual=400|expected=400|tolerance=0.00000001
OK: generalGeometry.Mesh.units.C185.area
GENERAL_NUMBER: generalGeometry.Mesh.units.C186.x|actual=80|expected=80|tolerance=0.00000001
OK: generalGeometry.Mesh.units.C186.x
GENERAL_NUMBER: generalGeometry.Mesh.units.C186.y|actual=40|expected=40|tolerance=0.00000001
OK: generalGeometry.Mesh.units.C186.y
GENERAL_NUMBER: generalGeometry.Mesh.units.C186.area|actual=400|expected=400|tolerance=0.00000001
OK: generalGeometry.Mesh.units.C186.area
GENERAL_NUMBER: generalGeometry.Mesh.units.C187.x|actual=100|expected=100|tolerance=0.00000001
OK: generalGeometry.Mesh.units.C187.x
GENERAL_NUMBER: generalGeometry.Mesh.units.C187.y|actual=40|expected=40|tolerance=0.00000001
OK: generalGeometry.Mesh.units.C187.y
GENERAL_NUMBER: generalGeometry.Mesh.units.C187.area|actual=400|expected=400|tolerance=0.00000001
OK: generalGeometry.Mesh.units.C187.area
GENERAL_NUMBER: generalGeometry.Mesh.units.C188.x|actual=120|expected=120|tolerance=0.00000001
OK: generalGeometry.Mesh.units.C188.x
GENERAL_NUMBER: generalGeometry.Mesh.units.C188.y|actual=40|expected=40|tolerance=0.00000001
OK: generalGeometry.Mesh.units.C188.y
GENERAL_NUMBER: generalGeometry.Mesh.units.C188.area|actual=400|expected=400|tolerance=0.00000001
OK: generalGeometry.Mesh.units.C188.area
GENERAL_NUMBER: generalGeometry.Mesh.units.C189.x|actual=135|expected=135|tolerance=0.00000001
OK: generalGeometry.Mesh.units.C189.x
GENERAL_NUMBER: generalGeometry.Mesh.units.C189.y|actual=35|expected=35|tolerance=0.00000001
OK: generalGeometry.Mesh.units.C189.y
GENERAL_NUMBER: generalGeometry.Mesh.units.C189.area|actual=100|expected=100|tolerance=0.00000001
OK: generalGeometry.Mesh.units.C189.area
GENERAL_NUMBER: generalGeometry.Mesh.units.C190.x|actual=145|expected=145|tolerance=0.00000001
OK: generalGeometry.Mesh.units.C190.x
GENERAL_NUMBER: generalGeometry.Mesh.units.C190.y|actual=35|expected=35|tolerance=0.00000001
OK: generalGeometry.Mesh.units.C190.y
GENERAL_NUMBER: generalGeometry.Mesh.units.C190.area|actual=100|expected=100|tolerance=0.00000001
OK: generalGeometry.Mesh.units.C190.area
GENERAL_NUMBER: generalGeometry.Mesh.units.C191.x|actual=135|expected=135|tolerance=0.00000001
OK: generalGeometry.Mesh.units.C191.x
GENERAL_NUMBER: generalGeometry.Mesh.units.C191.y|actual=45|expected=45|tolerance=0.00000001
OK: generalGeometry.Mesh.units.C191.y
GENERAL_NUMBER: generalGeometry.Mesh.units.C191.area|actual=100|expected=100|tolerance=0.00000001
OK: generalGeometry.Mesh.units.C191.area
GENERAL_NUMBER: generalGeometry.Mesh.units.C192.x|actual=-135|expected=-135|tolerance=0.00000001
OK: generalGeometry.Mesh.units.C192.x
GENERAL_NUMBER: generalGeometry.Mesh.units.C192.y|actual=55|expected=55|tolerance=0.00000001
OK: generalGeometry.Mesh.units.C192.y
GENERAL_NUMBER: generalGeometry.Mesh.units.C192.area|actual=100|expected=100|tolerance=0.00000001
OK: generalGeometry.Mesh.units.C192.area
GENERAL_NUMBER: generalGeometry.Mesh.units.C193.x|actual=-135|expected=-135|tolerance=0.00000001
OK: generalGeometry.Mesh.units.C193.x
GENERAL_NUMBER: generalGeometry.Mesh.units.C193.y|actual=65|expected=65|tolerance=0.00000001
OK: generalGeometry.Mesh.units.C193.y
GENERAL_NUMBER: generalGeometry.Mesh.units.C193.area|actual=100|expected=100|tolerance=0.00000001
OK: generalGeometry.Mesh.units.C193.area
GENERAL_NUMBER: generalGeometry.Mesh.units.C194.x|actual=-120|expected=-120|tolerance=0.00000001
OK: generalGeometry.Mesh.units.C194.x
GENERAL_NUMBER: generalGeometry.Mesh.units.C194.y|actual=60|expected=60|tolerance=0.00000001
OK: generalGeometry.Mesh.units.C194.y
GENERAL_NUMBER: generalGeometry.Mesh.units.C194.area|actual=400|expected=400|tolerance=0.00000001
OK: generalGeometry.Mesh.units.C194.area
GENERAL_NUMBER: generalGeometry.Mesh.units.C195.x|actual=-100|expected=-100|tolerance=0.00000001
OK: generalGeometry.Mesh.units.C195.x
GENERAL_NUMBER: generalGeometry.Mesh.units.C195.y|actual=60|expected=60|tolerance=0.00000001
OK: generalGeometry.Mesh.units.C195.y
GENERAL_NUMBER: generalGeometry.Mesh.units.C195.area|actual=400|expected=400|tolerance=0.00000001
OK: generalGeometry.Mesh.units.C195.area
GENERAL_NUMBER: generalGeometry.Mesh.units.C196.x|actual=-80|expected=-80|tolerance=0.00000001
OK: generalGeometry.Mesh.units.C196.x
GENERAL_NUMBER: generalGeometry.Mesh.units.C196.y|actual=60|expected=60|tolerance=0.00000001
OK: generalGeometry.Mesh.units.C196.y
GENERAL_NUMBER: generalGeometry.Mesh.units.C196.area|actual=400|expected=400|tolerance=0.00000001
OK: generalGeometry.Mesh.units.C196.area
GENERAL_NUMBER: generalGeometry.Mesh.units.C197.x|actual=-60|expected=-60|tolerance=0.00000001
OK: generalGeometry.Mesh.units.C197.x
GENERAL_NUMBER: generalGeometry.Mesh.units.C197.y|actual=60|expected=60|tolerance=0.00000001
OK: generalGeometry.Mesh.units.C197.y
GENERAL_NUMBER: generalGeometry.Mesh.units.C197.area|actual=400|expected=400|tolerance=0.00000001
OK: generalGeometry.Mesh.units.C197.area
GENERAL_NUMBER: generalGeometry.Mesh.units.C198.x|actual=-40|expected=-40|tolerance=0.00000001
OK: generalGeometry.Mesh.units.C198.x
GENERAL_NUMBER: generalGeometry.Mesh.units.C198.y|actual=60|expected=60|tolerance=0.00000001
OK: generalGeometry.Mesh.units.C198.y
GENERAL_NUMBER: generalGeometry.Mesh.units.C198.area|actual=400|expected=400|tolerance=0.00000001
OK: generalGeometry.Mesh.units.C198.area
GENERAL_NUMBER: generalGeometry.Mesh.units.C199.x|actual=-20|expected=-20|tolerance=0.00000001
OK: generalGeometry.Mesh.units.C199.x
GENERAL_NUMBER: generalGeometry.Mesh.units.C199.y|actual=60|expected=60|tolerance=0.00000001
OK: generalGeometry.Mesh.units.C199.y
GENERAL_NUMBER: generalGeometry.Mesh.units.C199.area|actual=400|expected=400|tolerance=0.00000001
OK: generalGeometry.Mesh.units.C199.area
GENERAL_NUMBER: generalGeometry.Mesh.units.C200.x|actual=0|expected=0|tolerance=0.00000001
OK: generalGeometry.Mesh.units.C200.x
GENERAL_NUMBER: generalGeometry.Mesh.units.C200.y|actual=60|expected=60|tolerance=0.00000001
OK: generalGeometry.Mesh.units.C200.y
GENERAL_NUMBER: generalGeometry.Mesh.units.C200.area|actual=400|expected=400|tolerance=0.00000001
OK: generalGeometry.Mesh.units.C200.area
GENERAL_NUMBER: generalGeometry.Mesh.units.C201.x|actual=20|expected=20|tolerance=0.00000001
OK: generalGeometry.Mesh.units.C201.x
GENERAL_NUMBER: generalGeometry.Mesh.units.C201.y|actual=60|expected=60|tolerance=0.00000001
OK: generalGeometry.Mesh.units.C201.y
GENERAL_NUMBER: generalGeometry.Mesh.units.C201.area|actual=400|expected=400|tolerance=0.00000001
OK: generalGeometry.Mesh.units.C201.area
GENERAL_NUMBER: generalGeometry.Mesh.units.C202.x|actual=40|expected=40|tolerance=0.00000001
OK: generalGeometry.Mesh.units.C202.x
GENERAL_NUMBER: generalGeometry.Mesh.units.C202.y|actual=60|expected=60|tolerance=0.00000001
OK: generalGeometry.Mesh.units.C202.y
GENERAL_NUMBER: generalGeometry.Mesh.units.C202.area|actual=400|expected=400|tolerance=0.00000001
OK: generalGeometry.Mesh.units.C202.area
GENERAL_NUMBER: generalGeometry.Mesh.units.C203.x|actual=60|expected=60|tolerance=0.00000001
OK: generalGeometry.Mesh.units.C203.x
GENERAL_NUMBER: generalGeometry.Mesh.units.C203.y|actual=60|expected=60|tolerance=0.00000001
OK: generalGeometry.Mesh.units.C203.y
GENERAL_NUMBER: generalGeometry.Mesh.units.C203.area|actual=400|expected=400|tolerance=0.00000001
OK: generalGeometry.Mesh.units.C203.area
GENERAL_NUMBER: generalGeometry.Mesh.units.C204.x|actual=80|expected=80|tolerance=0.00000001
OK: generalGeometry.Mesh.units.C204.x
GENERAL_NUMBER: generalGeometry.Mesh.units.C204.y|actual=60|expected=60|tolerance=0.00000001
OK: generalGeometry.Mesh.units.C204.y
GENERAL_NUMBER: generalGeometry.Mesh.units.C204.area|actual=400|expected=400|tolerance=0.00000001
OK: generalGeometry.Mesh.units.C204.area
GENERAL_NUMBER: generalGeometry.Mesh.units.C205.x|actual=100|expected=100|tolerance=0.00000001
OK: generalGeometry.Mesh.units.C205.x
GENERAL_NUMBER: generalGeometry.Mesh.units.C205.y|actual=60|expected=60|tolerance=0.00000001
OK: generalGeometry.Mesh.units.C205.y
GENERAL_NUMBER: generalGeometry.Mesh.units.C205.area|actual=400|expected=400|tolerance=0.00000001
OK: generalGeometry.Mesh.units.C205.area
GENERAL_NUMBER: generalGeometry.Mesh.units.C206.x|actual=120|expected=120|tolerance=0.00000001
OK: generalGeometry.Mesh.units.C206.x
GENERAL_NUMBER: generalGeometry.Mesh.units.C206.y|actual=60|expected=60|tolerance=0.00000001
OK: generalGeometry.Mesh.units.C206.y
GENERAL_NUMBER: generalGeometry.Mesh.units.C206.area|actual=400|expected=400|tolerance=0.00000001
OK: generalGeometry.Mesh.units.C206.area
GENERAL_NUMBER: generalGeometry.Mesh.units.C207.x|actual=135|expected=135|tolerance=0.00000001
OK: generalGeometry.Mesh.units.C207.x
GENERAL_NUMBER: generalGeometry.Mesh.units.C207.y|actual=55|expected=55|tolerance=0.00000001
OK: generalGeometry.Mesh.units.C207.y
GENERAL_NUMBER: generalGeometry.Mesh.units.C207.area|actual=100|expected=100|tolerance=0.00000001
OK: generalGeometry.Mesh.units.C207.area
GENERAL_NUMBER: generalGeometry.Mesh.units.C208.x|actual=135|expected=135|tolerance=0.00000001
OK: generalGeometry.Mesh.units.C208.x
GENERAL_NUMBER: generalGeometry.Mesh.units.C208.y|actual=65|expected=65|tolerance=0.00000001
OK: generalGeometry.Mesh.units.C208.y
GENERAL_NUMBER: generalGeometry.Mesh.units.C208.area|actual=100|expected=100|tolerance=0.00000001
OK: generalGeometry.Mesh.units.C208.area
GENERAL_NUMBER: generalGeometry.Mesh.units.C209.x|actual=-125|expected=-125|tolerance=0.00000001
OK: generalGeometry.Mesh.units.C209.x
GENERAL_NUMBER: generalGeometry.Mesh.units.C209.y|actual=75|expected=75|tolerance=0.00000001
OK: generalGeometry.Mesh.units.C209.y
GENERAL_NUMBER: generalGeometry.Mesh.units.C209.area|actual=100|expected=100|tolerance=0.00000001
OK: generalGeometry.Mesh.units.C209.area
GENERAL_NUMBER: generalGeometry.Mesh.units.C210.x|actual=-115|expected=-115|tolerance=0.00000001
OK: generalGeometry.Mesh.units.C210.x
GENERAL_NUMBER: generalGeometry.Mesh.units.C210.y|actual=75|expected=75|tolerance=0.00000001
OK: generalGeometry.Mesh.units.C210.y
GENERAL_NUMBER: generalGeometry.Mesh.units.C210.area|actual=100|expected=100|tolerance=0.00000001
OK: generalGeometry.Mesh.units.C210.area
GENERAL_NUMBER: generalGeometry.Mesh.units.C211.x|actual=-115|expected=-115|tolerance=0.00000001
OK: generalGeometry.Mesh.units.C211.x
GENERAL_NUMBER: generalGeometry.Mesh.units.C211.y|actual=85|expected=85|tolerance=0.00000001
OK: generalGeometry.Mesh.units.C211.y
GENERAL_NUMBER: generalGeometry.Mesh.units.C211.area|actual=100|expected=100|tolerance=0.00000001
OK: generalGeometry.Mesh.units.C211.area
GENERAL_NUMBER: generalGeometry.Mesh.units.C212.x|actual=-100|expected=-100|tolerance=0.00000001
OK: generalGeometry.Mesh.units.C212.x
GENERAL_NUMBER: generalGeometry.Mesh.units.C212.y|actual=80|expected=80|tolerance=0.00000001
OK: generalGeometry.Mesh.units.C212.y
GENERAL_NUMBER: generalGeometry.Mesh.units.C212.area|actual=400|expected=400|tolerance=0.00000001
OK: generalGeometry.Mesh.units.C212.area
GENERAL_NUMBER: generalGeometry.Mesh.units.C213.x|actual=-80|expected=-80|tolerance=0.00000001
OK: generalGeometry.Mesh.units.C213.x
GENERAL_NUMBER: generalGeometry.Mesh.units.C213.y|actual=80|expected=80|tolerance=0.00000001
OK: generalGeometry.Mesh.units.C213.y
GENERAL_NUMBER: generalGeometry.Mesh.units.C213.area|actual=400|expected=400|tolerance=0.00000001
OK: generalGeometry.Mesh.units.C213.area
GENERAL_NUMBER: generalGeometry.Mesh.units.C214.x|actual=-60|expected=-60|tolerance=0.00000001
OK: generalGeometry.Mesh.units.C214.x
GENERAL_NUMBER: generalGeometry.Mesh.units.C214.y|actual=80|expected=80|tolerance=0.00000001
OK: generalGeometry.Mesh.units.C214.y
GENERAL_NUMBER: generalGeometry.Mesh.units.C214.area|actual=400|expected=400|tolerance=0.00000001
OK: generalGeometry.Mesh.units.C214.area
GENERAL_NUMBER: generalGeometry.Mesh.units.C215.x|actual=-40|expected=-40|tolerance=0.00000001
OK: generalGeometry.Mesh.units.C215.x
GENERAL_NUMBER: generalGeometry.Mesh.units.C215.y|actual=80|expected=80|tolerance=0.00000001
OK: generalGeometry.Mesh.units.C215.y
GENERAL_NUMBER: generalGeometry.Mesh.units.C215.area|actual=400|expected=400|tolerance=0.00000001
OK: generalGeometry.Mesh.units.C215.area
GENERAL_NUMBER: generalGeometry.Mesh.units.C216.x|actual=-20|expected=-20|tolerance=0.00000001
OK: generalGeometry.Mesh.units.C216.x
GENERAL_NUMBER: generalGeometry.Mesh.units.C216.y|actual=80|expected=80|tolerance=0.00000001
OK: generalGeometry.Mesh.units.C216.y
GENERAL_NUMBER: generalGeometry.Mesh.units.C216.area|actual=400|expected=400|tolerance=0.00000001
OK: generalGeometry.Mesh.units.C216.area
GENERAL_NUMBER: generalGeometry.Mesh.units.C217.x|actual=0|expected=0|tolerance=0.00000001
OK: generalGeometry.Mesh.units.C217.x
GENERAL_NUMBER: generalGeometry.Mesh.units.C217.y|actual=80|expected=80|tolerance=0.00000001
OK: generalGeometry.Mesh.units.C217.y
GENERAL_NUMBER: generalGeometry.Mesh.units.C217.area|actual=400|expected=400|tolerance=0.00000001
OK: generalGeometry.Mesh.units.C217.area
GENERAL_NUMBER: generalGeometry.Mesh.units.C218.x|actual=20|expected=20|tolerance=0.00000001
OK: generalGeometry.Mesh.units.C218.x
GENERAL_NUMBER: generalGeometry.Mesh.units.C218.y|actual=80|expected=80|tolerance=0.00000001
OK: generalGeometry.Mesh.units.C218.y
GENERAL_NUMBER: generalGeometry.Mesh.units.C218.area|actual=400|expected=400|tolerance=0.00000001
OK: generalGeometry.Mesh.units.C218.area
GENERAL_NUMBER: generalGeometry.Mesh.units.C219.x|actual=40|expected=40|tolerance=0.00000001
OK: generalGeometry.Mesh.units.C219.x
GENERAL_NUMBER: generalGeometry.Mesh.units.C219.y|actual=80|expected=80|tolerance=0.00000001
OK: generalGeometry.Mesh.units.C219.y
GENERAL_NUMBER: generalGeometry.Mesh.units.C219.area|actual=400|expected=400|tolerance=0.00000001
OK: generalGeometry.Mesh.units.C219.area
GENERAL_NUMBER: generalGeometry.Mesh.units.C220.x|actual=60|expected=60|tolerance=0.00000001
OK: generalGeometry.Mesh.units.C220.x
GENERAL_NUMBER: generalGeometry.Mesh.units.C220.y|actual=80|expected=80|tolerance=0.00000001
OK: generalGeometry.Mesh.units.C220.y
GENERAL_NUMBER: generalGeometry.Mesh.units.C220.area|actual=400|expected=400|tolerance=0.00000001
OK: generalGeometry.Mesh.units.C220.area
GENERAL_NUMBER: generalGeometry.Mesh.units.C221.x|actual=80|expected=80|tolerance=0.00000001
OK: generalGeometry.Mesh.units.C221.x
GENERAL_NUMBER: generalGeometry.Mesh.units.C221.y|actual=80|expected=80|tolerance=0.00000001
OK: generalGeometry.Mesh.units.C221.y
GENERAL_NUMBER: generalGeometry.Mesh.units.C221.area|actual=400|expected=400|tolerance=0.00000001
OK: generalGeometry.Mesh.units.C221.area
GENERAL_NUMBER: generalGeometry.Mesh.units.C222.x|actual=100|expected=100|tolerance=0.00000001
OK: generalGeometry.Mesh.units.C222.x
GENERAL_NUMBER: generalGeometry.Mesh.units.C222.y|actual=80|expected=80|tolerance=0.00000001
OK: generalGeometry.Mesh.units.C222.y
GENERAL_NUMBER: generalGeometry.Mesh.units.C222.area|actual=400|expected=400|tolerance=0.00000001
OK: generalGeometry.Mesh.units.C222.area
GENERAL_NUMBER: generalGeometry.Mesh.units.C223.x|actual=115|expected=115|tolerance=0.00000001
OK: generalGeometry.Mesh.units.C223.x
GENERAL_NUMBER: generalGeometry.Mesh.units.C223.y|actual=75|expected=75|tolerance=0.00000001
OK: generalGeometry.Mesh.units.C223.y
GENERAL_NUMBER: generalGeometry.Mesh.units.C223.area|actual=100|expected=100|tolerance=0.00000001
OK: generalGeometry.Mesh.units.C223.area
GENERAL_NUMBER: generalGeometry.Mesh.units.C224.x|actual=125|expected=125|tolerance=0.00000001
OK: generalGeometry.Mesh.units.C224.x
GENERAL_NUMBER: generalGeometry.Mesh.units.C224.y|actual=75|expected=75|tolerance=0.00000001
OK: generalGeometry.Mesh.units.C224.y
GENERAL_NUMBER: generalGeometry.Mesh.units.C224.area|actual=100|expected=100|tolerance=0.00000001
OK: generalGeometry.Mesh.units.C224.area
GENERAL_NUMBER: generalGeometry.Mesh.units.C225.x|actual=115|expected=115|tolerance=0.00000001
OK: generalGeometry.Mesh.units.C225.x
GENERAL_NUMBER: generalGeometry.Mesh.units.C225.y|actual=85|expected=85|tolerance=0.00000001
OK: generalGeometry.Mesh.units.C225.y
GENERAL_NUMBER: generalGeometry.Mesh.units.C225.area|actual=100|expected=100|tolerance=0.00000001
OK: generalGeometry.Mesh.units.C225.area
GENERAL_NUMBER: generalGeometry.Mesh.units.C226.x|actual=-115|expected=-115|tolerance=0.00000001
OK: generalGeometry.Mesh.units.C226.x
GENERAL_NUMBER: generalGeometry.Mesh.units.C226.y|actual=95|expected=95|tolerance=0.00000001
OK: generalGeometry.Mesh.units.C226.y
GENERAL_NUMBER: generalGeometry.Mesh.units.C226.area|actual=100|expected=100|tolerance=0.00000001
OK: generalGeometry.Mesh.units.C226.area
GENERAL_NUMBER: generalGeometry.Mesh.units.C227.x|actual=-105|expected=-105|tolerance=0.00000001
OK: generalGeometry.Mesh.units.C227.x
GENERAL_NUMBER: generalGeometry.Mesh.units.C227.y|actual=95|expected=95|tolerance=0.00000001
OK: generalGeometry.Mesh.units.C227.y
GENERAL_NUMBER: generalGeometry.Mesh.units.C227.area|actual=100|expected=100|tolerance=0.00000001
OK: generalGeometry.Mesh.units.C227.area
GENERAL_NUMBER: generalGeometry.Mesh.units.C228.x|actual=-95|expected=-95|tolerance=0.00000001
OK: generalGeometry.Mesh.units.C228.x
GENERAL_NUMBER: generalGeometry.Mesh.units.C228.y|actual=95|expected=95|tolerance=0.00000001
OK: generalGeometry.Mesh.units.C228.y
GENERAL_NUMBER: generalGeometry.Mesh.units.C228.area|actual=100|expected=100|tolerance=0.00000001
OK: generalGeometry.Mesh.units.C228.area
GENERAL_NUMBER: generalGeometry.Mesh.units.C229.x|actual=-105|expected=-105|tolerance=0.00000001
OK: generalGeometry.Mesh.units.C229.x
GENERAL_NUMBER: generalGeometry.Mesh.units.C229.y|actual=105|expected=105|tolerance=0.00000001
OK: generalGeometry.Mesh.units.C229.y
GENERAL_NUMBER: generalGeometry.Mesh.units.C229.area|actual=100|expected=100|tolerance=0.00000001
OK: generalGeometry.Mesh.units.C229.area
GENERAL_NUMBER: generalGeometry.Mesh.units.C230.x|actual=-95|expected=-95|tolerance=0.00000001
OK: generalGeometry.Mesh.units.C230.x
GENERAL_NUMBER: generalGeometry.Mesh.units.C230.y|actual=105|expected=105|tolerance=0.00000001
OK: generalGeometry.Mesh.units.C230.y
GENERAL_NUMBER: generalGeometry.Mesh.units.C230.area|actual=100|expected=100|tolerance=0.00000001
OK: generalGeometry.Mesh.units.C230.area
GENERAL_NUMBER: generalGeometry.Mesh.units.C231.x|actual=-80|expected=-80|tolerance=0.00000001
OK: generalGeometry.Mesh.units.C231.x
GENERAL_NUMBER: generalGeometry.Mesh.units.C231.y|actual=100|expected=100|tolerance=0.00000001
OK: generalGeometry.Mesh.units.C231.y
GENERAL_NUMBER: generalGeometry.Mesh.units.C231.area|actual=400|expected=400|tolerance=0.00000001
OK: generalGeometry.Mesh.units.C231.area
GENERAL_NUMBER: generalGeometry.Mesh.units.C232.x|actual=-60|expected=-60|tolerance=0.00000001
OK: generalGeometry.Mesh.units.C232.x
GENERAL_NUMBER: generalGeometry.Mesh.units.C232.y|actual=100|expected=100|tolerance=0.00000001
OK: generalGeometry.Mesh.units.C232.y
GENERAL_NUMBER: generalGeometry.Mesh.units.C232.area|actual=400|expected=400|tolerance=0.00000001
OK: generalGeometry.Mesh.units.C232.area
GENERAL_NUMBER: generalGeometry.Mesh.units.C233.x|actual=-40|expected=-40|tolerance=0.00000001
OK: generalGeometry.Mesh.units.C233.x
GENERAL_NUMBER: generalGeometry.Mesh.units.C233.y|actual=100|expected=100|tolerance=0.00000001
OK: generalGeometry.Mesh.units.C233.y
GENERAL_NUMBER: generalGeometry.Mesh.units.C233.area|actual=400|expected=400|tolerance=0.00000001
OK: generalGeometry.Mesh.units.C233.area
GENERAL_NUMBER: generalGeometry.Mesh.units.C234.x|actual=-20|expected=-20|tolerance=0.00000001
OK: generalGeometry.Mesh.units.C234.x
GENERAL_NUMBER: generalGeometry.Mesh.units.C234.y|actual=100|expected=100|tolerance=0.00000001
OK: generalGeometry.Mesh.units.C234.y
GENERAL_NUMBER: generalGeometry.Mesh.units.C234.area|actual=400|expected=400|tolerance=0.00000001
OK: generalGeometry.Mesh.units.C234.area
GENERAL_NUMBER: generalGeometry.Mesh.units.C235.x|actual=0|expected=0|tolerance=0.00000001
OK: generalGeometry.Mesh.units.C235.x
GENERAL_NUMBER: generalGeometry.Mesh.units.C235.y|actual=100|expected=100|tolerance=0.00000001
OK: generalGeometry.Mesh.units.C235.y
GENERAL_NUMBER: generalGeometry.Mesh.units.C235.area|actual=400|expected=400|tolerance=0.00000001
OK: generalGeometry.Mesh.units.C235.area
GENERAL_NUMBER: generalGeometry.Mesh.units.C236.x|actual=20|expected=20|tolerance=0.00000001
OK: generalGeometry.Mesh.units.C236.x
GENERAL_NUMBER: generalGeometry.Mesh.units.C236.y|actual=100|expected=100|tolerance=0.00000001
OK: generalGeometry.Mesh.units.C236.y
GENERAL_NUMBER: generalGeometry.Mesh.units.C236.area|actual=400|expected=400|tolerance=0.00000001
OK: generalGeometry.Mesh.units.C236.area
GENERAL_NUMBER: generalGeometry.Mesh.units.C237.x|actual=40|expected=40|tolerance=0.00000001
OK: generalGeometry.Mesh.units.C237.x
GENERAL_NUMBER: generalGeometry.Mesh.units.C237.y|actual=100|expected=100|tolerance=0.00000001
OK: generalGeometry.Mesh.units.C237.y
GENERAL_NUMBER: generalGeometry.Mesh.units.C237.area|actual=400|expected=400|tolerance=0.00000001
OK: generalGeometry.Mesh.units.C237.area
GENERAL_NUMBER: generalGeometry.Mesh.units.C238.x|actual=60|expected=60|tolerance=0.00000001
OK: generalGeometry.Mesh.units.C238.x
GENERAL_NUMBER: generalGeometry.Mesh.units.C238.y|actual=100|expected=100|tolerance=0.00000001
OK: generalGeometry.Mesh.units.C238.y
GENERAL_NUMBER: generalGeometry.Mesh.units.C238.area|actual=400|expected=400|tolerance=0.00000001
OK: generalGeometry.Mesh.units.C238.area
GENERAL_NUMBER: generalGeometry.Mesh.units.C239.x|actual=80|expected=80|tolerance=0.00000001
OK: generalGeometry.Mesh.units.C239.x
GENERAL_NUMBER: generalGeometry.Mesh.units.C239.y|actual=100|expected=100|tolerance=0.00000001
OK: generalGeometry.Mesh.units.C239.y
GENERAL_NUMBER: generalGeometry.Mesh.units.C239.area|actual=400|expected=400|tolerance=0.00000001
OK: generalGeometry.Mesh.units.C239.area
GENERAL_NUMBER: generalGeometry.Mesh.units.C240.x|actual=95|expected=95|tolerance=0.00000001
OK: generalGeometry.Mesh.units.C240.x
GENERAL_NUMBER: generalGeometry.Mesh.units.C240.y|actual=95|expected=95|tolerance=0.00000001
OK: generalGeometry.Mesh.units.C240.y
GENERAL_NUMBER: generalGeometry.Mesh.units.C240.area|actual=100|expected=100|tolerance=0.00000001
OK: generalGeometry.Mesh.units.C240.area
GENERAL_NUMBER: generalGeometry.Mesh.units.C241.x|actual=105|expected=105|tolerance=0.00000001
OK: generalGeometry.Mesh.units.C241.x
GENERAL_NUMBER: generalGeometry.Mesh.units.C241.y|actual=95|expected=95|tolerance=0.00000001
OK: generalGeometry.Mesh.units.C241.y
GENERAL_NUMBER: generalGeometry.Mesh.units.C241.area|actual=100|expected=100|tolerance=0.00000001
OK: generalGeometry.Mesh.units.C241.area
GENERAL_NUMBER: generalGeometry.Mesh.units.C242.x|actual=95|expected=95|tolerance=0.00000001
OK: generalGeometry.Mesh.units.C242.x
GENERAL_NUMBER: generalGeometry.Mesh.units.C242.y|actual=105|expected=105|tolerance=0.00000001
OK: generalGeometry.Mesh.units.C242.y
GENERAL_NUMBER: generalGeometry.Mesh.units.C242.area|actual=100|expected=100|tolerance=0.00000001
OK: generalGeometry.Mesh.units.C242.area
GENERAL_NUMBER: generalGeometry.Mesh.units.C243.x|actual=105|expected=105|tolerance=0.00000001
OK: generalGeometry.Mesh.units.C243.x
GENERAL_NUMBER: generalGeometry.Mesh.units.C243.y|actual=105|expected=105|tolerance=0.00000001
OK: generalGeometry.Mesh.units.C243.y
GENERAL_NUMBER: generalGeometry.Mesh.units.C243.area|actual=100|expected=100|tolerance=0.00000001
OK: generalGeometry.Mesh.units.C243.area
GENERAL_NUMBER: generalGeometry.Mesh.units.C244.x|actual=115|expected=115|tolerance=0.00000001
OK: generalGeometry.Mesh.units.C244.x
GENERAL_NUMBER: generalGeometry.Mesh.units.C244.y|actual=95|expected=95|tolerance=0.00000001
OK: generalGeometry.Mesh.units.C244.y
GENERAL_NUMBER: generalGeometry.Mesh.units.C244.area|actual=100|expected=100|tolerance=0.00000001
OK: generalGeometry.Mesh.units.C244.area
GENERAL_NUMBER: generalGeometry.Mesh.units.C245.x|actual=-95|expected=-95|tolerance=0.00000001
OK: generalGeometry.Mesh.units.C245.x
GENERAL_NUMBER: generalGeometry.Mesh.units.C245.y|actual=115|expected=115|tolerance=0.00000001
OK: generalGeometry.Mesh.units.C245.y
GENERAL_NUMBER: generalGeometry.Mesh.units.C245.area|actual=100|expected=100|tolerance=0.00000001
OK: generalGeometry.Mesh.units.C245.area
GENERAL_NUMBER: generalGeometry.Mesh.units.C246.x|actual=-85|expected=-85|tolerance=0.00000001
OK: generalGeometry.Mesh.units.C246.x
GENERAL_NUMBER: generalGeometry.Mesh.units.C246.y|actual=115|expected=115|tolerance=0.00000001
OK: generalGeometry.Mesh.units.C246.y
GENERAL_NUMBER: generalGeometry.Mesh.units.C246.area|actual=100|expected=100|tolerance=0.00000001
OK: generalGeometry.Mesh.units.C246.area
GENERAL_NUMBER: generalGeometry.Mesh.units.C247.x|actual=-75|expected=-75|tolerance=0.00000001
OK: generalGeometry.Mesh.units.C247.x
GENERAL_NUMBER: generalGeometry.Mesh.units.C247.y|actual=115|expected=115|tolerance=0.00000001
OK: generalGeometry.Mesh.units.C247.y
GENERAL_NUMBER: generalGeometry.Mesh.units.C247.area|actual=100|expected=100|tolerance=0.00000001
OK: generalGeometry.Mesh.units.C247.area
GENERAL_NUMBER: generalGeometry.Mesh.units.C248.x|actual=-75|expected=-75|tolerance=0.00000001
OK: generalGeometry.Mesh.units.C248.x
GENERAL_NUMBER: generalGeometry.Mesh.units.C248.y|actual=125|expected=125|tolerance=0.00000001
OK: generalGeometry.Mesh.units.C248.y
GENERAL_NUMBER: generalGeometry.Mesh.units.C248.area|actual=100|expected=100|tolerance=0.00000001
OK: generalGeometry.Mesh.units.C248.area
GENERAL_NUMBER: generalGeometry.Mesh.units.C249.x|actual=-60|expected=-60|tolerance=0.00000001
OK: generalGeometry.Mesh.units.C249.x
GENERAL_NUMBER: generalGeometry.Mesh.units.C249.y|actual=120|expected=120|tolerance=0.00000001
OK: generalGeometry.Mesh.units.C249.y
GENERAL_NUMBER: generalGeometry.Mesh.units.C249.area|actual=400|expected=400|tolerance=0.00000001
OK: generalGeometry.Mesh.units.C249.area
GENERAL_NUMBER: generalGeometry.Mesh.units.C250.x|actual=-40|expected=-40|tolerance=0.00000001
OK: generalGeometry.Mesh.units.C250.x
GENERAL_NUMBER: generalGeometry.Mesh.units.C250.y|actual=120|expected=120|tolerance=0.00000001
OK: generalGeometry.Mesh.units.C250.y
GENERAL_NUMBER: generalGeometry.Mesh.units.C250.area|actual=400|expected=400|tolerance=0.00000001
OK: generalGeometry.Mesh.units.C250.area
GENERAL_NUMBER: generalGeometry.Mesh.units.C251.x|actual=-20|expected=-20|tolerance=0.00000001
OK: generalGeometry.Mesh.units.C251.x
GENERAL_NUMBER: generalGeometry.Mesh.units.C251.y|actual=120|expected=120|tolerance=0.00000001
OK: generalGeometry.Mesh.units.C251.y
GENERAL_NUMBER: generalGeometry.Mesh.units.C251.area|actual=400|expected=400|tolerance=0.00000001
OK: generalGeometry.Mesh.units.C251.area
GENERAL_NUMBER: generalGeometry.Mesh.units.C252.x|actual=0|expected=0|tolerance=0.00000001
OK: generalGeometry.Mesh.units.C252.x
GENERAL_NUMBER: generalGeometry.Mesh.units.C252.y|actual=120|expected=120|tolerance=0.00000001
OK: generalGeometry.Mesh.units.C252.y
GENERAL_NUMBER: generalGeometry.Mesh.units.C252.area|actual=400|expected=400|tolerance=0.00000001
OK: generalGeometry.Mesh.units.C252.area
GENERAL_NUMBER: generalGeometry.Mesh.units.C253.x|actual=20|expected=20|tolerance=0.00000001
OK: generalGeometry.Mesh.units.C253.x
GENERAL_NUMBER: generalGeometry.Mesh.units.C253.y|actual=120|expected=120|tolerance=0.00000001
OK: generalGeometry.Mesh.units.C253.y
GENERAL_NUMBER: generalGeometry.Mesh.units.C253.area|actual=400|expected=400|tolerance=0.00000001
OK: generalGeometry.Mesh.units.C253.area
GENERAL_NUMBER: generalGeometry.Mesh.units.C254.x|actual=40|expected=40|tolerance=0.00000001
OK: generalGeometry.Mesh.units.C254.x
GENERAL_NUMBER: generalGeometry.Mesh.units.C254.y|actual=120|expected=120|tolerance=0.00000001
OK: generalGeometry.Mesh.units.C254.y
GENERAL_NUMBER: generalGeometry.Mesh.units.C254.area|actual=400|expected=400|tolerance=0.00000001
OK: generalGeometry.Mesh.units.C254.area
GENERAL_NUMBER: generalGeometry.Mesh.units.C255.x|actual=60|expected=60|tolerance=0.00000001
OK: generalGeometry.Mesh.units.C255.x
GENERAL_NUMBER: generalGeometry.Mesh.units.C255.y|actual=120|expected=120|tolerance=0.00000001
OK: generalGeometry.Mesh.units.C255.y
GENERAL_NUMBER: generalGeometry.Mesh.units.C255.area|actual=400|expected=400|tolerance=0.00000001
OK: generalGeometry.Mesh.units.C255.area
GENERAL_NUMBER: generalGeometry.Mesh.units.C256.x|actual=75|expected=75|tolerance=0.00000001
OK: generalGeometry.Mesh.units.C256.x
GENERAL_NUMBER: generalGeometry.Mesh.units.C256.y|actual=115|expected=115|tolerance=0.00000001
OK: generalGeometry.Mesh.units.C256.y
GENERAL_NUMBER: generalGeometry.Mesh.units.C256.area|actual=100|expected=100|tolerance=0.00000001
OK: generalGeometry.Mesh.units.C256.area
GENERAL_NUMBER: generalGeometry.Mesh.units.C257.x|actual=85|expected=85|tolerance=0.00000001
OK: generalGeometry.Mesh.units.C257.x
GENERAL_NUMBER: generalGeometry.Mesh.units.C257.y|actual=115|expected=115|tolerance=0.00000001
OK: generalGeometry.Mesh.units.C257.y
GENERAL_NUMBER: generalGeometry.Mesh.units.C257.area|actual=100|expected=100|tolerance=0.00000001
OK: generalGeometry.Mesh.units.C257.area
GENERAL_NUMBER: generalGeometry.Mesh.units.C258.x|actual=75|expected=75|tolerance=0.00000001
OK: generalGeometry.Mesh.units.C258.x
GENERAL_NUMBER: generalGeometry.Mesh.units.C258.y|actual=125|expected=125|tolerance=0.00000001
OK: generalGeometry.Mesh.units.C258.y
GENERAL_NUMBER: generalGeometry.Mesh.units.C258.area|actual=100|expected=100|tolerance=0.00000001
OK: generalGeometry.Mesh.units.C258.area
GENERAL_NUMBER: generalGeometry.Mesh.units.C259.x|actual=95|expected=95|tolerance=0.00000001
OK: generalGeometry.Mesh.units.C259.x
GENERAL_NUMBER: generalGeometry.Mesh.units.C259.y|actual=115|expected=115|tolerance=0.00000001
OK: generalGeometry.Mesh.units.C259.y
GENERAL_NUMBER: generalGeometry.Mesh.units.C259.area|actual=100|expected=100|tolerance=0.00000001
OK: generalGeometry.Mesh.units.C259.area
GENERAL_NUMBER: generalGeometry.Mesh.units.C260.x|actual=-65|expected=-65|tolerance=0.00000001
OK: generalGeometry.Mesh.units.C260.x
GENERAL_NUMBER: generalGeometry.Mesh.units.C260.y|actual=135|expected=135|tolerance=0.00000001
OK: generalGeometry.Mesh.units.C260.y
GENERAL_NUMBER: generalGeometry.Mesh.units.C260.area|actual=100|expected=100|tolerance=0.00000001
OK: generalGeometry.Mesh.units.C260.area
GENERAL_NUMBER: generalGeometry.Mesh.units.C261.x|actual=-55|expected=-55|tolerance=0.00000001
OK: generalGeometry.Mesh.units.C261.x
GENERAL_NUMBER: generalGeometry.Mesh.units.C261.y|actual=135|expected=135|tolerance=0.00000001
OK: generalGeometry.Mesh.units.C261.y
GENERAL_NUMBER: generalGeometry.Mesh.units.C261.area|actual=100|expected=100|tolerance=0.00000001
OK: generalGeometry.Mesh.units.C261.area
GENERAL_NUMBER: generalGeometry.Mesh.units.C262.x|actual=-45|expected=-45|tolerance=0.00000001
OK: generalGeometry.Mesh.units.C262.x
GENERAL_NUMBER: generalGeometry.Mesh.units.C262.y|actual=135|expected=135|tolerance=0.00000001
OK: generalGeometry.Mesh.units.C262.y
GENERAL_NUMBER: generalGeometry.Mesh.units.C262.area|actual=100|expected=100|tolerance=0.00000001
OK: generalGeometry.Mesh.units.C262.area
GENERAL_NUMBER: generalGeometry.Mesh.units.C263.x|actual=-35|expected=-35|tolerance=0.00000001
OK: generalGeometry.Mesh.units.C263.x
GENERAL_NUMBER: generalGeometry.Mesh.units.C263.y|actual=135|expected=135|tolerance=0.00000001
OK: generalGeometry.Mesh.units.C263.y
GENERAL_NUMBER: generalGeometry.Mesh.units.C263.area|actual=100|expected=100|tolerance=0.00000001
OK: generalGeometry.Mesh.units.C263.area
GENERAL_NUMBER: generalGeometry.Mesh.units.C264.x|actual=-35|expected=-35|tolerance=0.00000001
OK: generalGeometry.Mesh.units.C264.x
GENERAL_NUMBER: generalGeometry.Mesh.units.C264.y|actual=145|expected=145|tolerance=0.00000001
OK: generalGeometry.Mesh.units.C264.y
GENERAL_NUMBER: generalGeometry.Mesh.units.C264.area|actual=100|expected=100|tolerance=0.00000001
OK: generalGeometry.Mesh.units.C264.area
GENERAL_NUMBER: generalGeometry.Mesh.units.C265.x|actual=-25|expected=-25|tolerance=0.00000001
OK: generalGeometry.Mesh.units.C265.x
GENERAL_NUMBER: generalGeometry.Mesh.units.C265.y|actual=135|expected=135|tolerance=0.00000001
OK: generalGeometry.Mesh.units.C265.y
GENERAL_NUMBER: generalGeometry.Mesh.units.C265.area|actual=100|expected=100|tolerance=0.00000001
OK: generalGeometry.Mesh.units.C265.area
GENERAL_NUMBER: generalGeometry.Mesh.units.C266.x|actual=-15|expected=-15|tolerance=0.00000001
OK: generalGeometry.Mesh.units.C266.x
GENERAL_NUMBER: generalGeometry.Mesh.units.C266.y|actual=135|expected=135|tolerance=0.00000001
OK: generalGeometry.Mesh.units.C266.y
GENERAL_NUMBER: generalGeometry.Mesh.units.C266.area|actual=100|expected=100|tolerance=0.00000001
OK: generalGeometry.Mesh.units.C266.area
GENERAL_NUMBER: generalGeometry.Mesh.units.C267.x|actual=-25|expected=-25|tolerance=0.00000001
OK: generalGeometry.Mesh.units.C267.x
GENERAL_NUMBER: generalGeometry.Mesh.units.C267.y|actual=145|expected=145|tolerance=0.00000001
OK: generalGeometry.Mesh.units.C267.y
GENERAL_NUMBER: generalGeometry.Mesh.units.C267.area|actual=100|expected=100|tolerance=0.00000001
OK: generalGeometry.Mesh.units.C267.area
GENERAL_NUMBER: generalGeometry.Mesh.units.C268.x|actual=-15|expected=-15|tolerance=0.00000001
OK: generalGeometry.Mesh.units.C268.x
GENERAL_NUMBER: generalGeometry.Mesh.units.C268.y|actual=145|expected=145|tolerance=0.00000001
OK: generalGeometry.Mesh.units.C268.y
GENERAL_NUMBER: generalGeometry.Mesh.units.C268.area|actual=100|expected=100|tolerance=0.00000001
OK: generalGeometry.Mesh.units.C268.area
GENERAL_NUMBER: generalGeometry.Mesh.units.C269.x|actual=-5|expected=-5|tolerance=0.00000001
OK: generalGeometry.Mesh.units.C269.x
GENERAL_NUMBER: generalGeometry.Mesh.units.C269.y|actual=135|expected=135|tolerance=0.00000001
OK: generalGeometry.Mesh.units.C269.y
GENERAL_NUMBER: generalGeometry.Mesh.units.C269.area|actual=100|expected=100|tolerance=0.00000001
OK: generalGeometry.Mesh.units.C269.area
GENERAL_NUMBER: generalGeometry.Mesh.units.C270.x|actual=5|expected=5|tolerance=0.00000001
OK: generalGeometry.Mesh.units.C270.x
GENERAL_NUMBER: generalGeometry.Mesh.units.C270.y|actual=135|expected=135|tolerance=0.00000001
OK: generalGeometry.Mesh.units.C270.y
GENERAL_NUMBER: generalGeometry.Mesh.units.C270.area|actual=100|expected=100|tolerance=0.00000001
OK: generalGeometry.Mesh.units.C270.area
GENERAL_NUMBER: generalGeometry.Mesh.units.C271.x|actual=-5|expected=-5|tolerance=0.00000001
OK: generalGeometry.Mesh.units.C271.x
GENERAL_NUMBER: generalGeometry.Mesh.units.C271.y|actual=145|expected=145|tolerance=0.00000001
OK: generalGeometry.Mesh.units.C271.y
GENERAL_NUMBER: generalGeometry.Mesh.units.C271.area|actual=100|expected=100|tolerance=0.00000001
OK: generalGeometry.Mesh.units.C271.area
GENERAL_NUMBER: generalGeometry.Mesh.units.C272.x|actual=5|expected=5|tolerance=0.00000001
OK: generalGeometry.Mesh.units.C272.x
GENERAL_NUMBER: generalGeometry.Mesh.units.C272.y|actual=145|expected=145|tolerance=0.00000001
OK: generalGeometry.Mesh.units.C272.y
GENERAL_NUMBER: generalGeometry.Mesh.units.C272.area|actual=100|expected=100|tolerance=0.00000001
OK: generalGeometry.Mesh.units.C272.area
GENERAL_NUMBER: generalGeometry.Mesh.units.C273.x|actual=15|expected=15|tolerance=0.00000001
OK: generalGeometry.Mesh.units.C273.x
GENERAL_NUMBER: generalGeometry.Mesh.units.C273.y|actual=135|expected=135|tolerance=0.00000001
OK: generalGeometry.Mesh.units.C273.y
GENERAL_NUMBER: generalGeometry.Mesh.units.C273.area|actual=100|expected=100|tolerance=0.00000001
OK: generalGeometry.Mesh.units.C273.area
GENERAL_NUMBER: generalGeometry.Mesh.units.C274.x|actual=25|expected=25|tolerance=0.00000001
OK: generalGeometry.Mesh.units.C274.x
GENERAL_NUMBER: generalGeometry.Mesh.units.C274.y|actual=135|expected=135|tolerance=0.00000001
OK: generalGeometry.Mesh.units.C274.y
GENERAL_NUMBER: generalGeometry.Mesh.units.C274.area|actual=100|expected=100|tolerance=0.00000001
OK: generalGeometry.Mesh.units.C274.area
GENERAL_NUMBER: generalGeometry.Mesh.units.C275.x|actual=15|expected=15|tolerance=0.00000001
OK: generalGeometry.Mesh.units.C275.x
GENERAL_NUMBER: generalGeometry.Mesh.units.C275.y|actual=145|expected=145|tolerance=0.00000001
OK: generalGeometry.Mesh.units.C275.y
GENERAL_NUMBER: generalGeometry.Mesh.units.C275.area|actual=100|expected=100|tolerance=0.00000001
OK: generalGeometry.Mesh.units.C275.area
GENERAL_NUMBER: generalGeometry.Mesh.units.C276.x|actual=25|expected=25|tolerance=0.00000001
OK: generalGeometry.Mesh.units.C276.x
GENERAL_NUMBER: generalGeometry.Mesh.units.C276.y|actual=145|expected=145|tolerance=0.00000001
OK: generalGeometry.Mesh.units.C276.y
GENERAL_NUMBER: generalGeometry.Mesh.units.C276.area|actual=100|expected=100|tolerance=0.00000001
OK: generalGeometry.Mesh.units.C276.area
GENERAL_NUMBER: generalGeometry.Mesh.units.C277.x|actual=35|expected=35|tolerance=0.00000001
OK: generalGeometry.Mesh.units.C277.x
GENERAL_NUMBER: generalGeometry.Mesh.units.C277.y|actual=135|expected=135|tolerance=0.00000001
OK: generalGeometry.Mesh.units.C277.y
GENERAL_NUMBER: generalGeometry.Mesh.units.C277.area|actual=100|expected=100|tolerance=0.00000001
OK: generalGeometry.Mesh.units.C277.area
GENERAL_NUMBER: generalGeometry.Mesh.units.C278.x|actual=45|expected=45|tolerance=0.00000001
OK: generalGeometry.Mesh.units.C278.x
GENERAL_NUMBER: generalGeometry.Mesh.units.C278.y|actual=135|expected=135|tolerance=0.00000001
OK: generalGeometry.Mesh.units.C278.y
GENERAL_NUMBER: generalGeometry.Mesh.units.C278.area|actual=100|expected=100|tolerance=0.00000001
OK: generalGeometry.Mesh.units.C278.area
GENERAL_NUMBER: generalGeometry.Mesh.units.C279.x|actual=35|expected=35|tolerance=0.00000001
OK: generalGeometry.Mesh.units.C279.x
GENERAL_NUMBER: generalGeometry.Mesh.units.C279.y|actual=145|expected=145|tolerance=0.00000001
OK: generalGeometry.Mesh.units.C279.y
GENERAL_NUMBER: generalGeometry.Mesh.units.C279.area|actual=100|expected=100|tolerance=0.00000001
OK: generalGeometry.Mesh.units.C279.area
GENERAL_NUMBER: generalGeometry.Mesh.units.C280.x|actual=55|expected=55|tolerance=0.00000001
OK: generalGeometry.Mesh.units.C280.x
GENERAL_NUMBER: generalGeometry.Mesh.units.C280.y|actual=135|expected=135|tolerance=0.00000001
OK: generalGeometry.Mesh.units.C280.y
GENERAL_NUMBER: generalGeometry.Mesh.units.C280.area|actual=100|expected=100|tolerance=0.00000001
OK: generalGeometry.Mesh.units.C280.area
GENERAL_NUMBER: generalGeometry.Mesh.units.C281.x|actual=65|expected=65|tolerance=0.00000001
OK: generalGeometry.Mesh.units.C281.x
GENERAL_NUMBER: generalGeometry.Mesh.units.C281.y|actual=135|expected=135|tolerance=0.00000001
OK: generalGeometry.Mesh.units.C281.y
GENERAL_NUMBER: generalGeometry.Mesh.units.C281.area|actual=100|expected=100|tolerance=0.00000001
OK: generalGeometry.Mesh.units.C281.area
GENERAL_NUMBER: generalGeometry.Mesh.units.R1.x|actual=120|expected=120|tolerance=0.00000001
OK: generalGeometry.Mesh.units.R1.x
GENERAL_NUMBER: generalGeometry.Mesh.units.R1.y|actual=0|expected=0|tolerance=0.00000001
OK: generalGeometry.Mesh.units.R1.y
GENERAL_NUMBER: generalGeometry.Mesh.units.R1.area|actual=201.061929829747|expected=201.061929829747|tolerance=0.00000001
OK: generalGeometry.Mesh.units.R1.area
GENERAL_NUMBER: generalGeometry.Mesh.units.R2.x|actual=103.923048454133|expected=103.923048454133|tolerance=0.00000001
OK: generalGeometry.Mesh.units.R2.x
GENERAL_NUMBER: generalGeometry.Mesh.units.R2.y|actual=60|expected=60|tolerance=0.00000001
OK: generalGeometry.Mesh.units.R2.y
GENERAL_NUMBER: generalGeometry.Mesh.units.R2.area|actual=201.061929829747|expected=201.061929829747|tolerance=0.00000001
OK: generalGeometry.Mesh.units.R2.area
GENERAL_NUMBER: generalGeometry.Mesh.units.R3.x|actual=60|expected=60|tolerance=0.00000001
OK: generalGeometry.Mesh.units.R3.x
GENERAL_NUMBER: generalGeometry.Mesh.units.R3.y|actual=103.923048454133|expected=103.923048454133|tolerance=0.00000001
OK: generalGeometry.Mesh.units.R3.y
GENERAL_NUMBER: generalGeometry.Mesh.units.R3.area|actual=201.061929829747|expected=201.061929829747|tolerance=0.00000001
OK: generalGeometry.Mesh.units.R3.area
GENERAL_NUMBER: generalGeometry.Mesh.units.R4.x|actual=7.34763812293426E-15|expected=7.34763812293426E-15|tolerance=0.00000001
OK: generalGeometry.Mesh.units.R4.x
GENERAL_NUMBER: generalGeometry.Mesh.units.R4.y|actual=120|expected=120|tolerance=0.00000001
OK: generalGeometry.Mesh.units.R4.y
GENERAL_NUMBER: generalGeometry.Mesh.units.R4.area|actual=201.061929829747|expected=201.061929829747|tolerance=0.00000001
OK: generalGeometry.Mesh.units.R4.area
GENERAL_NUMBER: generalGeometry.Mesh.units.R5.x|actual=-60|expected=-60|tolerance=0.00000001
OK: generalGeometry.Mesh.units.R5.x
GENERAL_NUMBER: generalGeometry.Mesh.units.R5.y|actual=103.923048454133|expected=103.923048454133|tolerance=0.00000001
OK: generalGeometry.Mesh.units.R5.y
GENERAL_NUMBER: generalGeometry.Mesh.units.R5.area|actual=201.061929829747|expected=201.061929829747|tolerance=0.00000001
OK: generalGeometry.Mesh.units.R5.area
GENERAL_NUMBER: generalGeometry.Mesh.units.R6.x|actual=-103.923048454133|expected=-103.923048454133|tolerance=0.00000001
OK: generalGeometry.Mesh.units.R6.x
GENERAL_NUMBER: generalGeometry.Mesh.units.R6.y|actual=60|expected=60|tolerance=0.00000001
OK: generalGeometry.Mesh.units.R6.y
GENERAL_NUMBER: generalGeometry.Mesh.units.R6.area|actual=201.061929829747|expected=201.061929829747|tolerance=0.00000001
OK: generalGeometry.Mesh.units.R6.area
GENERAL_NUMBER: generalGeometry.Mesh.units.R7.x|actual=-120|expected=-120|tolerance=0.00000001
OK: generalGeometry.Mesh.units.R7.x
GENERAL_NUMBER: generalGeometry.Mesh.units.R7.y|actual=1.46952762458685E-14|expected=1.46952762458685E-14|tolerance=0.00000001
OK: generalGeometry.Mesh.units.R7.y
GENERAL_NUMBER: generalGeometry.Mesh.units.R7.area|actual=201.061929829747|expected=201.061929829747|tolerance=0.00000001
OK: generalGeometry.Mesh.units.R7.area
GENERAL_NUMBER: generalGeometry.Mesh.units.R8.x|actual=-103.923048454133|expected=-103.923048454133|tolerance=0.00000001
OK: generalGeometry.Mesh.units.R8.x
GENERAL_NUMBER: generalGeometry.Mesh.units.R8.y|actual=-60|expected=-60|tolerance=0.00000001
OK: generalGeometry.Mesh.units.R8.y
GENERAL_NUMBER: generalGeometry.Mesh.units.R8.area|actual=201.061929829747|expected=201.061929829747|tolerance=0.00000001
OK: generalGeometry.Mesh.units.R8.area
GENERAL_NUMBER: generalGeometry.Mesh.units.R9.x|actual=-60.0000000000001|expected=-60.0000000000001|tolerance=0.00000001
OK: generalGeometry.Mesh.units.R9.x
GENERAL_NUMBER: generalGeometry.Mesh.units.R9.y|actual=-103.923048454133|expected=-103.923048454133|tolerance=0.00000001
OK: generalGeometry.Mesh.units.R9.y
GENERAL_NUMBER: generalGeometry.Mesh.units.R9.area|actual=201.061929829747|expected=201.061929829747|tolerance=0.00000001
OK: generalGeometry.Mesh.units.R9.area
GENERAL_NUMBER: generalGeometry.Mesh.units.R10.x|actual=-2.20429143688028E-14|expected=-2.20429143688028E-14|tolerance=0.00000001
OK: generalGeometry.Mesh.units.R10.x
GENERAL_NUMBER: generalGeometry.Mesh.units.R10.y|actual=-120|expected=-120|tolerance=0.00000001
OK: generalGeometry.Mesh.units.R10.y
GENERAL_NUMBER: generalGeometry.Mesh.units.R10.area|actual=201.061929829747|expected=201.061929829747|tolerance=0.00000001
OK: generalGeometry.Mesh.units.R10.area
GENERAL_NUMBER: generalGeometry.Mesh.units.R11.x|actual=59.9999999999999|expected=59.9999999999999|tolerance=0.00000001
OK: generalGeometry.Mesh.units.R11.x
GENERAL_NUMBER: generalGeometry.Mesh.units.R11.y|actual=-103.923048454133|expected=-103.923048454133|tolerance=0.00000001
OK: generalGeometry.Mesh.units.R11.y
GENERAL_NUMBER: generalGeometry.Mesh.units.R11.area|actual=201.061929829747|expected=201.061929829747|tolerance=0.00000001
OK: generalGeometry.Mesh.units.R11.area
GENERAL_NUMBER: generalGeometry.Mesh.units.R12.x|actual=103.923048454133|expected=103.923048454133|tolerance=0.00000001
OK: generalGeometry.Mesh.units.R12.x
GENERAL_NUMBER: generalGeometry.Mesh.units.R12.y|actual=-60.0000000000001|expected=-60.0000000000001|tolerance=0.00000001
OK: generalGeometry.Mesh.units.R12.y
GENERAL_NUMBER: generalGeometry.Mesh.units.R12.area|actual=201.061929829747|expected=201.061929829747|tolerance=0.00000001
OK: generalGeometry.Mesh.units.R12.area
OK: generalGeometry.Geometry.Source.AutoCAD.noGenerator
GENERAL_NUMBER: generalGeometry.Geometry.Source.AutoCAD.x|actual=20|expected=20|tolerance=0.00000001
OK: generalGeometry.Geometry.Source.AutoCAD.x
GENERAL_NUMBER: generalGeometry.Geometry.Source.AutoCAD.area|actual=40000|expected=40000|tolerance=0.00000001
OK: generalGeometry.Geometry.Source.AutoCAD.area
GENERAL_NUMBER: generalGeometry.Geometry.Source.AutoCAD.changedInputUnit|actual=20|expected=20|tolerance=0.00000001
OK: generalGeometry.Geometry.Source.AutoCAD.changedInputUnit
GENERAL_NUMBER: generalGeometry.Geometry.Source.AutoCAD.changedInputArea|actual=40000|expected=40000|tolerance=0.00000001
OK: generalGeometry.Geometry.Source.AutoCAD.changedInputArea
META: audit03.comments.GENERAL_CONFIG.direct|status=rsSuccess|code=CHECK_PASSED|applies=True|calculated=True|comment=Равновесие найдено методом Newton со ступенчатым приложением нагрузки.
OK: audit03.comments.GENERAL_CONFIG.direct.russianReason
OK: audit03.comments.GENERAL_CONFIG.direct.readable
OK: audit03.comments.GENERAL_CONFIG.direct.noMachinePrefix
META: audit03.comments.GENERAL_CONFIG.capacity|status=rsNotRequested|code=NOT_REQUESTED|applies=False|calculated=False|comment=Проверка несущей способности не запрошена профилем.
OK: audit03.comments.GENERAL_CONFIG.capacity.russianReason
OK: audit03.comments.GENERAL_CONFIG.capacity.readable
OK: audit03.comments.GENERAL_CONFIG.capacity.noMachinePrefix
META: audit03.comments.GENERAL_CONFIG.formation|status=rsNotRequested|code=NOT_REQUESTED|applies=False|calculated=False|comment=
META: audit03.comments.GENERAL_CONFIG.current|status=rsNotRequested|code=NOT_REQUESTED|applies=False|calculated=False|comment=
META: audit03.comments.GENERAL_CONFIG.width|status=rsNotRequested|code=NOT_REQUESTED|applies=False|calculated=False|comment=
META: audit03.comments.GENERAL_CONFIG.longitudinal|status=rsNotRequested|code=NOT_REQUESTED|applies=False|calculated=False|comment=
META: audit03.comments.GENERAL_CONFIG.stability|status=rsNotRequested|code=NOT_REQUESTED|applies=False|calculated=False|comment=
OK: audit03.comments.GENERAL_CONFIG.formulaNoNumFail
OK: audit03.comments.GENERAL_CONFIG.strengthNoCrack
OK: audit03.comments.GENERAL_CONFIG.crackNoCapacity
OK: audit03.comments.GENERAL_CONFIG.overallComposition
OK: audit03.comments.GENERAL_CONFIG.batchOutput
OK: audit03.comments.GENERAL_CONFIG.strengthOutput
OK: audit03.comments.GENERAL_CONFIG.crackOutput
OK: audit03.comments.GENERAL_CONFIG.stabilityOutput
OUTPUT: audit03.comments.GENERAL_CONFIG|strength=|crack=|stability=|batch=
GENERAL_BATCH: profile=PR1|N=-10000|Mx=2999|My=2999|status=OK|solves=1
GENERAL_NUMBER: generalGeometry.Calculation.ZeroMomentPerDepth.2999.mx|actual=0|expected=0|tolerance=0
OK: generalGeometry.Calculation.ZeroMomentPerDepth.2999.mx
GENERAL_NUMBER: generalGeometry.Calculation.ZeroMomentPerDepth.2999.my|actual=0|expected=0|tolerance=0
OK: generalGeometry.Calculation.ZeroMomentPerDepth.2999.my
OK: generalGeometry.Calculation.ZeroMomentPerDepth.2999.state
META: audit03.comments.GENERAL_CONFIG.direct|status=rsSuccess|code=CHECK_PASSED|applies=True|calculated=True|comment=Равновесие найдено методом Newton со ступенчатым приложением нагрузки.
OK: audit03.comments.GENERAL_CONFIG.direct.russianReason
OK: audit03.comments.GENERAL_CONFIG.direct.readable
OK: audit03.comments.GENERAL_CONFIG.direct.noMachinePrefix
META: audit03.comments.GENERAL_CONFIG.capacity|status=rsNotRequested|code=NOT_REQUESTED|applies=False|calculated=False|comment=Проверка несущей способности не запрошена профилем.
OK: audit03.comments.GENERAL_CONFIG.capacity.russianReason
OK: audit03.comments.GENERAL_CONFIG.capacity.readable
OK: audit03.comments.GENERAL_CONFIG.capacity.noMachinePrefix
META: audit03.comments.GENERAL_CONFIG.formation|status=rsNotRequested|code=NOT_REQUESTED|applies=False|calculated=False|comment=
META: audit03.comments.GENERAL_CONFIG.current|status=rsNotRequested|code=NOT_REQUESTED|applies=False|calculated=False|comment=
META: audit03.comments.GENERAL_CONFIG.width|status=rsNotRequested|code=NOT_REQUESTED|applies=False|calculated=False|comment=
META: audit03.comments.GENERAL_CONFIG.longitudinal|status=rsNotRequested|code=NOT_REQUESTED|applies=False|calculated=False|comment=
META: audit03.comments.GENERAL_CONFIG.stability|status=rsNotRequested|code=NOT_REQUESTED|applies=False|calculated=False|comment=
OK: audit03.comments.GENERAL_CONFIG.formulaNoNumFail
OK: audit03.comments.GENERAL_CONFIG.strengthNoCrack
OK: audit03.comments.GENERAL_CONFIG.crackNoCapacity
OK: audit03.comments.GENERAL_CONFIG.overallComposition
OK: audit03.comments.GENERAL_CONFIG.batchOutput
OK: audit03.comments.GENERAL_CONFIG.strengthOutput
OK: audit03.comments.GENERAL_CONFIG.crackOutput
OK: audit03.comments.GENERAL_CONFIG.stabilityOutput
OUTPUT: audit03.comments.GENERAL_CONFIG|strength=|crack=|stability=|batch=
GENERAL_BATCH: profile=PR1|N=-10000|Mx=3000|My=3000|status=OK|solves=1
GENERAL_NUMBER: generalGeometry.Calculation.ZeroMomentPerDepth.3000.mx|actual=0|expected=0|tolerance=0
OK: generalGeometry.Calculation.ZeroMomentPerDepth.3000.mx
GENERAL_NUMBER: generalGeometry.Calculation.ZeroMomentPerDepth.3000.my|actual=0|expected=0|tolerance=0
OK: generalGeometry.Calculation.ZeroMomentPerDepth.3000.my
OK: generalGeometry.Calculation.ZeroMomentPerDepth.3000.state
META: audit03.comments.GENERAL_CONFIG.direct|status=rsSuccess|code=CHECK_PASSED|applies=True|calculated=True|comment=Равновесие найдено методом Newton со ступенчатым приложением нагрузки.
OK: audit03.comments.GENERAL_CONFIG.direct.russianReason
OK: audit03.comments.GENERAL_CONFIG.direct.readable
OK: audit03.comments.GENERAL_CONFIG.direct.noMachinePrefix
META: audit03.comments.GENERAL_CONFIG.capacity|status=rsNotRequested|code=NOT_REQUESTED|applies=False|calculated=False|comment=Проверка несущей способности не запрошена профилем.
OK: audit03.comments.GENERAL_CONFIG.capacity.russianReason
OK: audit03.comments.GENERAL_CONFIG.capacity.readable
OK: audit03.comments.GENERAL_CONFIG.capacity.noMachinePrefix
META: audit03.comments.GENERAL_CONFIG.formation|status=rsNotRequested|code=NOT_REQUESTED|applies=False|calculated=False|comment=
META: audit03.comments.GENERAL_CONFIG.current|status=rsNotRequested|code=NOT_REQUESTED|applies=False|calculated=False|comment=
META: audit03.comments.GENERAL_CONFIG.width|status=rsNotRequested|code=NOT_REQUESTED|applies=False|calculated=False|comment=
META: audit03.comments.GENERAL_CONFIG.longitudinal|status=rsNotRequested|code=NOT_REQUESTED|applies=False|calculated=False|comment=
META: audit03.comments.GENERAL_CONFIG.stability|status=rsNotRequested|code=NOT_REQUESTED|applies=False|calculated=False|comment=
OK: audit03.comments.GENERAL_CONFIG.formulaNoNumFail
OK: audit03.comments.GENERAL_CONFIG.strengthNoCrack
OK: audit03.comments.GENERAL_CONFIG.crackNoCapacity
OK: audit03.comments.GENERAL_CONFIG.overallComposition
OK: audit03.comments.GENERAL_CONFIG.batchOutput
OK: audit03.comments.GENERAL_CONFIG.strengthOutput
OK: audit03.comments.GENERAL_CONFIG.crackOutput
OK: audit03.comments.GENERAL_CONFIG.stabilityOutput
OUTPUT: audit03.comments.GENERAL_CONFIG|strength=|crack=|stability=|batch=
GENERAL_BATCH: profile=PR1|N=-10000|Mx=3001|My=3001|status=OK|solves=1
GENERAL_NUMBER: generalGeometry.Calculation.ZeroMomentPerDepth.3001.mx|actual=3001|expected=3001|tolerance=0
OK: generalGeometry.Calculation.ZeroMomentPerDepth.3001.mx
GENERAL_NUMBER: generalGeometry.Calculation.ZeroMomentPerDepth.3001.my|actual=3001|expected=3001|tolerance=0
OK: generalGeometry.Calculation.ZeroMomentPerDepth.3001.my
OK: generalGeometry.Calculation.ZeroMomentPerDepth.3001.state
META: audit03.comments.GENERAL_CONFIG.direct|status=rsSuccess|code=CHECK_PASSED|applies=True|calculated=True|comment=Равновесие найдено методом Newton со ступенчатым приложением нагрузки.
OK: audit03.comments.GENERAL_CONFIG.direct.russianReason
OK: audit03.comments.GENERAL_CONFIG.direct.readable
OK: audit03.comments.GENERAL_CONFIG.direct.noMachinePrefix
META: audit03.comments.GENERAL_CONFIG.capacity|status=rsNotRequested|code=NOT_REQUESTED|applies=False|calculated=False|comment=Проверка несущей способности не запрошена профилем.
OK: audit03.comments.GENERAL_CONFIG.capacity.russianReason
OK: audit03.comments.GENERAL_CONFIG.capacity.readable
OK: audit03.comments.GENERAL_CONFIG.capacity.noMachinePrefix
META: audit03.comments.GENERAL_CONFIG.formation|status=rsNotRequested|code=NOT_REQUESTED|applies=False|calculated=False|comment=
META: audit03.comments.GENERAL_CONFIG.current|status=rsNotRequested|code=NOT_REQUESTED|applies=False|calculated=False|comment=
META: audit03.comments.GENERAL_CONFIG.width|status=rsNotRequested|code=NOT_REQUESTED|applies=False|calculated=False|comment=
META: audit03.comments.GENERAL_CONFIG.longitudinal|status=rsNotRequested|code=NOT_REQUESTED|applies=False|calculated=False|comment=
META: audit03.comments.GENERAL_CONFIG.stability|status=rsNotRequested|code=NOT_REQUESTED|applies=False|calculated=False|comment=
OK: audit03.comments.GENERAL_CONFIG.formulaNoNumFail
OK: audit03.comments.GENERAL_CONFIG.strengthNoCrack
OK: audit03.comments.GENERAL_CONFIG.crackNoCapacity
OK: audit03.comments.GENERAL_CONFIG.overallComposition
OK: audit03.comments.GENERAL_CONFIG.batchOutput
OK: audit03.comments.GENERAL_CONFIG.strengthOutput
OK: audit03.comments.GENERAL_CONFIG.crackOutput
OK: audit03.comments.GENERAL_CONFIG.stabilityOutput
OUTPUT: audit03.comments.GENERAL_CONFIG|strength=|crack=|stability=|batch=
GENERAL_BATCH: profile=PR1|N=-10000|Mx=2999|My=-2999|status=OK|solves=1
GENERAL_NUMBER: generalGeometry.Calculation.ZeroMomentPerDepth.disabled|actual=2999|expected=2999|tolerance=0
OK: generalGeometry.Calculation.ZeroMomentPerDepth.disabled
META: audit03.comments.GENERAL_CONFIG.direct|status=rsSuccess|code=CHECK_PASSED|applies=True|calculated=True|comment=Равновесие найдено методом Newton со ступенчатым приложением нагрузки.
OK: audit03.comments.GENERAL_CONFIG.direct.russianReason
OK: audit03.comments.GENERAL_CONFIG.direct.readable
OK: audit03.comments.GENERAL_CONFIG.direct.noMachinePrefix
META: audit03.comments.GENERAL_CONFIG.capacity|status=rsNotRequested|code=NOT_REQUESTED|applies=False|calculated=False|comment=Проверка несущей способности не запрошена профилем.
OK: audit03.comments.GENERAL_CONFIG.capacity.russianReason
OK: audit03.comments.GENERAL_CONFIG.capacity.readable
OK: audit03.comments.GENERAL_CONFIG.capacity.noMachinePrefix
META: audit03.comments.GENERAL_CONFIG.formation|status=rsNotRequested|code=NOT_REQUESTED|applies=False|calculated=False|comment=
META: audit03.comments.GENERAL_CONFIG.current|status=rsNotRequested|code=NOT_REQUESTED|applies=False|calculated=False|comment=
META: audit03.comments.GENERAL_CONFIG.width|status=rsNotRequested|code=NOT_REQUESTED|applies=False|calculated=False|comment=
META: audit03.comments.GENERAL_CONFIG.longitudinal|status=rsNotRequested|code=NOT_REQUESTED|applies=False|calculated=False|comment=
META: audit03.comments.GENERAL_CONFIG.stability|status=rsNotRequested|code=NOT_REQUESTED|applies=False|calculated=False|comment=
OK: audit03.comments.GENERAL_CONFIG.formulaNoNumFail
OK: audit03.comments.GENERAL_CONFIG.strengthNoCrack
OK: audit03.comments.GENERAL_CONFIG.crackNoCapacity
OK: audit03.comments.GENERAL_CONFIG.overallComposition
OK: audit03.comments.GENERAL_CONFIG.batchOutput
OK: audit03.comments.GENERAL_CONFIG.strengthOutput
OK: audit03.comments.GENERAL_CONFIG.crackOutput
OK: audit03.comments.GENERAL_CONFIG.stabilityOutput
OUTPUT: audit03.comments.GENERAL_CONFIG|strength=|crack=|stability=|batch=
GENERAL_BATCH: profile=PR1|N=-10000|Mx=3000|My=3001|status=OK|solves=1
GENERAL_NUMBER: generalGeometry.Calculation.ZeroMomentPerDepth.unitsMx|actual=0|expected=0|tolerance=0
OK: generalGeometry.Calculation.ZeroMomentPerDepth.unitsMx
GENERAL_NUMBER: generalGeometry.Calculation.ZeroMomentPerDepth.unitsMy|actual=3001|expected=3001|tolerance=0
OK: generalGeometry.Calculation.ZeroMomentPerDepth.unitsMy
META: audit03.comments.GENERAL_CONFIG.direct|status=rsSuccess|code=CHECK_PASSED|applies=True|calculated=True|comment=Равновесие найдено методом Newton со ступенчатым приложением нагрузки.
OK: audit03.comments.GENERAL_CONFIG.direct.russianReason
OK: audit03.comments.GENERAL_CONFIG.direct.readable
OK: audit03.comments.GENERAL_CONFIG.direct.noMachinePrefix
META: audit03.comments.GENERAL_CONFIG.capacity|status=rsNotRequested|code=NOT_REQUESTED|applies=False|calculated=False|comment=Проверка несущей способности не запрошена профилем.
OK: audit03.comments.GENERAL_CONFIG.capacity.russianReason
OK: audit03.comments.GENERAL_CONFIG.capacity.readable
OK: audit03.comments.GENERAL_CONFIG.capacity.noMachinePrefix
META: audit03.comments.GENERAL_CONFIG.formation|status=rsNotRequested|code=NOT_REQUESTED|applies=False|calculated=False|comment=
META: audit03.comments.GENERAL_CONFIG.current|status=rsNotRequested|code=NOT_REQUESTED|applies=False|calculated=False|comment=
META: audit03.comments.GENERAL_CONFIG.width|status=rsNotRequested|code=NOT_REQUESTED|applies=False|calculated=False|comment=
META: audit03.comments.GENERAL_CONFIG.longitudinal|status=rsNotRequested|code=NOT_REQUESTED|applies=False|calculated=False|comment=
META: audit03.comments.GENERAL_CONFIG.stability|status=rsNotRequested|code=NOT_REQUESTED|applies=False|calculated=False|comment=
OK: audit03.comments.GENERAL_CONFIG.formulaNoNumFail
OK: audit03.comments.GENERAL_CONFIG.strengthNoCrack
OK: audit03.comments.GENERAL_CONFIG.crackNoCapacity
OK: audit03.comments.GENERAL_CONFIG.overallComposition
OK: audit03.comments.GENERAL_CONFIG.batchOutput
OK: audit03.comments.GENERAL_CONFIG.strengthOutput
OK: audit03.comments.GENERAL_CONFIG.crackOutput
OK: audit03.comments.GENERAL_CONFIG.stabilityOutput
OUTPUT: audit03.comments.GENERAL_CONFIG|strength=|crack=|stability=|batch=
GENERAL_BATCH: profile=PR1|N=-10000|Mx=200000|My=100000|status=OK|solves=1
GENERAL_NUMBER: generalGeometry.Load.ReferenceOffsetX.-10.mx|actual=200000|expected=200000|tolerance=1
OK: generalGeometry.Load.ReferenceOffsetX.-10.mx
GENERAL_NUMBER: generalGeometry.Load.ReferenceOffsetX.-10.my|actual=200000|expected=200000|tolerance=1
OK: generalGeometry.Load.ReferenceOffsetX.-10.my
OK: generalGeometry.Load.ReferenceOffsetX.-10.converged
GENERAL_NUMBER: generalGeometry.Load.ReferenceOffsetX.-10.n|actual=-10000|expected=-10000|tolerance=0.01
OK: generalGeometry.Load.ReferenceOffsetX.-10.n
META: audit03.comments.GENERAL_CONFIG.direct|status=rsSuccess|code=CHECK_PASSED|applies=True|calculated=True|comment=Равновесие найдено методом Newton со ступенчатым приложением нагрузки.
OK: audit03.comments.GENERAL_CONFIG.direct.russianReason
OK: audit03.comments.GENERAL_CONFIG.direct.readable
OK: audit03.comments.GENERAL_CONFIG.direct.noMachinePrefix
META: audit03.comments.GENERAL_CONFIG.capacity|status=rsNotRequested|code=NOT_REQUESTED|applies=False|calculated=False|comment=Проверка несущей способности не запрошена профилем.
OK: audit03.comments.GENERAL_CONFIG.capacity.russianReason
OK: audit03.comments.GENERAL_CONFIG.capacity.readable
OK: audit03.comments.GENERAL_CONFIG.capacity.noMachinePrefix
META: audit03.comments.GENERAL_CONFIG.formation|status=rsNotRequested|code=NOT_REQUESTED|applies=False|calculated=False|comment=
META: audit03.comments.GENERAL_CONFIG.current|status=rsNotRequested|code=NOT_REQUESTED|applies=False|calculated=False|comment=
META: audit03.comments.GENERAL_CONFIG.width|status=rsNotRequested|code=NOT_REQUESTED|applies=False|calculated=False|comment=
META: audit03.comments.GENERAL_CONFIG.longitudinal|status=rsNotRequested|code=NOT_REQUESTED|applies=False|calculated=False|comment=
META: audit03.comments.GENERAL_CONFIG.stability|status=rsNotRequested|code=NOT_REQUESTED|applies=False|calculated=False|comment=
OK: audit03.comments.GENERAL_CONFIG.formulaNoNumFail
OK: audit03.comments.GENERAL_CONFIG.strengthNoCrack
OK: audit03.comments.GENERAL_CONFIG.crackNoCapacity
OK: audit03.comments.GENERAL_CONFIG.overallComposition
OK: audit03.comments.GENERAL_CONFIG.batchOutput
OK: audit03.comments.GENERAL_CONFIG.strengthOutput
OK: audit03.comments.GENERAL_CONFIG.crackOutput
OK: audit03.comments.GENERAL_CONFIG.stabilityOutput
OUTPUT: audit03.comments.GENERAL_CONFIG|strength=|crack=|stability=|batch=
GENERAL_BATCH: profile=PR1|N=-10000|Mx=200000|My=100000|status=OK|solves=1
GENERAL_NUMBER: generalGeometry.Load.ReferenceOffsetX.10.mx|actual=200000.000000002|expected=200000|tolerance=1
OK: generalGeometry.Load.ReferenceOffsetX.10.mx
GENERAL_NUMBER: generalGeometry.Load.ReferenceOffsetX.10.my|actual=-1.62092561595273E-12|expected=0|tolerance=1
OK: generalGeometry.Load.ReferenceOffsetX.10.my
OK: generalGeometry.Load.ReferenceOffsetX.10.converged
GENERAL_NUMBER: generalGeometry.Load.ReferenceOffsetX.10.n|actual=-10000|expected=-10000|tolerance=0.01
OK: generalGeometry.Load.ReferenceOffsetX.10.n
META: audit03.comments.GENERAL_CONFIG.direct|status=rsSuccess|code=CHECK_PASSED|applies=True|calculated=True|comment=Равновесие найдено методом Newton со ступенчатым приложением нагрузки.
OK: audit03.comments.GENERAL_CONFIG.direct.russianReason
OK: audit03.comments.GENERAL_CONFIG.direct.readable
OK: audit03.comments.GENERAL_CONFIG.direct.noMachinePrefix
META: audit03.comments.GENERAL_CONFIG.capacity|status=rsNotRequested|code=NOT_REQUESTED|applies=False|calculated=False|comment=Проверка несущей способности не запрошена профилем.
OK: audit03.comments.GENERAL_CONFIG.capacity.russianReason
OK: audit03.comments.GENERAL_CONFIG.capacity.readable
OK: audit03.comments.GENERAL_CONFIG.capacity.noMachinePrefix
META: audit03.comments.GENERAL_CONFIG.formation|status=rsNotRequested|code=NOT_REQUESTED|applies=False|calculated=False|comment=
META: audit03.comments.GENERAL_CONFIG.current|status=rsNotRequested|code=NOT_REQUESTED|applies=False|calculated=False|comment=
META: audit03.comments.GENERAL_CONFIG.width|status=rsNotRequested|code=NOT_REQUESTED|applies=False|calculated=False|comment=
META: audit03.comments.GENERAL_CONFIG.longitudinal|status=rsNotRequested|code=NOT_REQUESTED|applies=False|calculated=False|comment=
META: audit03.comments.GENERAL_CONFIG.stability|status=rsNotRequested|code=NOT_REQUESTED|applies=False|calculated=False|comment=
OK: audit03.comments.GENERAL_CONFIG.formulaNoNumFail
OK: audit03.comments.GENERAL_CONFIG.strengthNoCrack
OK: audit03.comments.GENERAL_CONFIG.crackNoCapacity
OK: audit03.comments.GENERAL_CONFIG.overallComposition
OK: audit03.comments.GENERAL_CONFIG.batchOutput
OK: audit03.comments.GENERAL_CONFIG.strengthOutput
OK: audit03.comments.GENERAL_CONFIG.crackOutput
OK: audit03.comments.GENERAL_CONFIG.stabilityOutput
OUTPUT: audit03.comments.GENERAL_CONFIG|strength=|crack=|stability=|batch=
GENERAL_BATCH: profile=PR1|N=-10000|Mx=200000|My=100000|status=OK|solves=1
GENERAL_NUMBER: generalGeometry.Load.ReferenceOffsetY.-10.mx|actual=300000|expected=300000|tolerance=1
OK: generalGeometry.Load.ReferenceOffsetY.-10.mx
GENERAL_NUMBER: generalGeometry.Load.ReferenceOffsetY.-10.my|actual=100000|expected=100000|tolerance=1
OK: generalGeometry.Load.ReferenceOffsetY.-10.my
OK: generalGeometry.Load.ReferenceOffsetY.-10.converged
GENERAL_NUMBER: generalGeometry.Load.ReferenceOffsetY.-10.n|actual=-10000|expected=-10000|tolerance=0.01
OK: generalGeometry.Load.ReferenceOffsetY.-10.n
META: audit03.comments.GENERAL_CONFIG.direct|status=rsSuccess|code=CHECK_PASSED|applies=True|calculated=True|comment=Равновесие найдено методом Newton со ступенчатым приложением нагрузки.
OK: audit03.comments.GENERAL_CONFIG.direct.russianReason
OK: audit03.comments.GENERAL_CONFIG.direct.readable
OK: audit03.comments.GENERAL_CONFIG.direct.noMachinePrefix
META: audit03.comments.GENERAL_CONFIG.capacity|status=rsNotRequested|code=NOT_REQUESTED|applies=False|calculated=False|comment=Проверка несущей способности не запрошена профилем.
OK: audit03.comments.GENERAL_CONFIG.capacity.russianReason
OK: audit03.comments.GENERAL_CONFIG.capacity.readable
OK: audit03.comments.GENERAL_CONFIG.capacity.noMachinePrefix
META: audit03.comments.GENERAL_CONFIG.formation|status=rsNotRequested|code=NOT_REQUESTED|applies=False|calculated=False|comment=
META: audit03.comments.GENERAL_CONFIG.current|status=rsNotRequested|code=NOT_REQUESTED|applies=False|calculated=False|comment=
META: audit03.comments.GENERAL_CONFIG.width|status=rsNotRequested|code=NOT_REQUESTED|applies=False|calculated=False|comment=
META: audit03.comments.GENERAL_CONFIG.longitudinal|status=rsNotRequested|code=NOT_REQUESTED|applies=False|calculated=False|comment=
META: audit03.comments.GENERAL_CONFIG.stability|status=rsNotRequested|code=NOT_REQUESTED|applies=False|calculated=False|comment=
OK: audit03.comments.GENERAL_CONFIG.formulaNoNumFail
OK: audit03.comments.GENERAL_CONFIG.strengthNoCrack
OK: audit03.comments.GENERAL_CONFIG.crackNoCapacity
OK: audit03.comments.GENERAL_CONFIG.overallComposition
OK: audit03.comments.GENERAL_CONFIG.batchOutput
OK: audit03.comments.GENERAL_CONFIG.strengthOutput
OK: audit03.comments.GENERAL_CONFIG.crackOutput
OK: audit03.comments.GENERAL_CONFIG.stabilityOutput
OUTPUT: audit03.comments.GENERAL_CONFIG|strength=|crack=|stability=|batch=
GENERAL_BATCH: profile=PR1|N=-10000|Mx=200000|My=100000|status=OK|solves=1
GENERAL_NUMBER: generalGeometry.Load.ReferenceOffsetY.10.mx|actual=100000|expected=100000|tolerance=1
OK: generalGeometry.Load.ReferenceOffsetY.10.mx
GENERAL_NUMBER: generalGeometry.Load.ReferenceOffsetY.10.my|actual=100000|expected=100000|tolerance=1
OK: generalGeometry.Load.ReferenceOffsetY.10.my
OK: generalGeometry.Load.ReferenceOffsetY.10.converged
GENERAL_NUMBER: generalGeometry.Load.ReferenceOffsetY.10.n|actual=-10000|expected=-10000|tolerance=0.01
OK: generalGeometry.Load.ReferenceOffsetY.10.n
META: audit03.comments.GENERAL_CONFIG.direct|status=rsSuccess|code=CHECK_PASSED|applies=True|calculated=True|comment=Равновесие найдено методом Newton со ступенчатым приложением нагрузки.
OK: audit03.comments.GENERAL_CONFIG.direct.russianReason
OK: audit03.comments.GENERAL_CONFIG.direct.readable
OK: audit03.comments.GENERAL_CONFIG.direct.noMachinePrefix
META: audit03.comments.GENERAL_CONFIG.capacity|status=rsNotRequested|code=NOT_REQUESTED|applies=False|calculated=False|comment=Проверка несущей способности не запрошена профилем.
OK: audit03.comments.GENERAL_CONFIG.capacity.russianReason
OK: audit03.comments.GENERAL_CONFIG.capacity.readable
OK: audit03.comments.GENERAL_CONFIG.capacity.noMachinePrefix
META: audit03.comments.GENERAL_CONFIG.formation|status=rsNotRequested|code=NOT_REQUESTED|applies=False|calculated=False|comment=
META: audit03.comments.GENERAL_CONFIG.current|status=rsNotRequested|code=NOT_REQUESTED|applies=False|calculated=False|comment=
META: audit03.comments.GENERAL_CONFIG.width|status=rsNotRequested|code=NOT_REQUESTED|applies=False|calculated=False|comment=
META: audit03.comments.GENERAL_CONFIG.longitudinal|status=rsNotRequested|code=NOT_REQUESTED|applies=False|calculated=False|comment=
META: audit03.comments.GENERAL_CONFIG.stability|status=rsNotRequested|code=NOT_REQUESTED|applies=False|calculated=False|comment=
OK: audit03.comments.GENERAL_CONFIG.formulaNoNumFail
OK: audit03.comments.GENERAL_CONFIG.strengthNoCrack
OK: audit03.comments.GENERAL_CONFIG.crackNoCapacity
OK: audit03.comments.GENERAL_CONFIG.overallComposition
OK: audit03.comments.GENERAL_CONFIG.batchOutput
OK: audit03.comments.GENERAL_CONFIG.strengthOutput
OK: audit03.comments.GENERAL_CONFIG.crackOutput
OK: audit03.comments.GENERAL_CONFIG.stabilityOutput
OUTPUT: audit03.comments.GENERAL_CONFIG|strength=|crack=|stability=|batch=
GENERAL_BATCH: profile=PR1|N=-10000|Mx=200000|My=100000|status=OK|solves=1
GENERAL_NUMBER: generalGeometry.Load.ReferenceOffsetX.units|actual=1.24877885809838E-12|expected=0|tolerance=1
OK: generalGeometry.Load.ReferenceOffsetX.units
GENERAL_NUMBER: generalGeometry.Load.ReferenceOffsetY.units|actual=299999.999999999|expected=300000|tolerance=1
OK: generalGeometry.Load.ReferenceOffsetY.units
META: audit03.comments.GENERAL_CONFIG.direct|status=rsSuccess|code=CHECK_PASSED|applies=True|calculated=True|comment=Равновесие найдено методом Newton со ступенчатым приложением нагрузки.
OK: audit03.comments.GENERAL_CONFIG.direct.russianReason
OK: audit03.comments.GENERAL_CONFIG.direct.readable
OK: audit03.comments.GENERAL_CONFIG.direct.noMachinePrefix
META: audit03.comments.GENERAL_CONFIG.capacity|status=rsNotRequested|code=NOT_REQUESTED|applies=False|calculated=False|comment=Проверка несущей способности не запрошена профилем.
OK: audit03.comments.GENERAL_CONFIG.capacity.russianReason
OK: audit03.comments.GENERAL_CONFIG.capacity.readable
OK: audit03.comments.GENERAL_CONFIG.capacity.noMachinePrefix
META: audit03.comments.GENERAL_CONFIG.formation|status=rsNotRequested|code=NOT_REQUESTED|applies=False|calculated=False|comment=
META: audit03.comments.GENERAL_CONFIG.current|status=rsNotRequested|code=NOT_REQUESTED|applies=False|calculated=False|comment=
META: audit03.comments.GENERAL_CONFIG.width|status=rsNotRequested|code=NOT_REQUESTED|applies=False|calculated=False|comment=
META: audit03.comments.GENERAL_CONFIG.longitudinal|status=rsNotRequested|code=NOT_REQUESTED|applies=False|calculated=False|comment=
META: audit03.comments.GENERAL_CONFIG.stability|status=rsNotRequested|code=NOT_REQUESTED|applies=False|calculated=False|comment=
OK: audit03.comments.GENERAL_CONFIG.formulaNoNumFail
OK: audit03.comments.GENERAL_CONFIG.strengthNoCrack
OK: audit03.comments.GENERAL_CONFIG.crackNoCapacity
OK: audit03.comments.GENERAL_CONFIG.overallComposition
OK: audit03.comments.GENERAL_CONFIG.batchOutput
OK: audit03.comments.GENERAL_CONFIG.strengthOutput
OK: audit03.comments.GENERAL_CONFIG.crackOutput
OK: audit03.comments.GENERAL_CONFIG.stabilityOutput
OUTPUT: audit03.comments.GENERAL_CONFIG|strength=|crack=|stability=|batch=
GENERAL_BATCH: profile=PR1|N=-10000|Mx=200000|My=100000|status=OK|solves=1
META: audit03.comments.GENERAL_CONFIG.direct|status=rsSuccess|code=CHECK_PASSED|applies=True|calculated=True|comment=Равновесие найдено методом Newton со ступенчатым приложением нагрузки.
OK: audit03.comments.GENERAL_CONFIG.direct.russianReason
OK: audit03.comments.GENERAL_CONFIG.direct.readable
OK: audit03.comments.GENERAL_CONFIG.direct.noMachinePrefix
META: audit03.comments.GENERAL_CONFIG.capacity|status=rsNotRequested|code=NOT_REQUESTED|applies=False|calculated=False|comment=Проверка несущей способности не запрошена профилем.
OK: audit03.comments.GENERAL_CONFIG.capacity.russianReason
OK: audit03.comments.GENERAL_CONFIG.capacity.readable
OK: audit03.comments.GENERAL_CONFIG.capacity.noMachinePrefix
META: audit03.comments.GENERAL_CONFIG.formation|status=rsNotRequested|code=NOT_REQUESTED|applies=False|calculated=False|comment=
META: audit03.comments.GENERAL_CONFIG.current|status=rsNotRequested|code=NOT_REQUESTED|applies=False|calculated=False|comment=
META: audit03.comments.GENERAL_CONFIG.width|status=rsNotRequested|code=NOT_REQUESTED|applies=False|calculated=False|comment=
META: audit03.comments.GENERAL_CONFIG.longitudinal|status=rsNotRequested|code=NOT_REQUESTED|applies=False|calculated=False|comment=
META: audit03.comments.GENERAL_CONFIG.stability|status=rsNotRequested|code=NOT_REQUESTED|applies=False|calculated=False|comment=
OK: audit03.comments.GENERAL_CONFIG.formulaNoNumFail
OK: audit03.comments.GENERAL_CONFIG.strengthNoCrack
OK: audit03.comments.GENERAL_CONFIG.crackNoCapacity
OK: audit03.comments.GENERAL_CONFIG.overallComposition
OK: audit03.comments.GENERAL_CONFIG.batchOutput
OK: audit03.comments.GENERAL_CONFIG.strengthOutput
OK: audit03.comments.GENERAL_CONFIG.crackOutput
OK: audit03.comments.GENERAL_CONFIG.stabilityOutput
OUTPUT: audit03.comments.GENERAL_CONFIG|strength=|crack=|stability=|batch=
GENERAL_BATCH: profile=PR1|N=-10000|Mx=100000|My=200000|status=OK|solves=1
GENERAL_NUMBER: generalGeometry.Load.ReferenceOffsetX.equivalentPlane|actual=6.20408271198263E-09|expected=6.20408271198263E-09|tolerance=0.000000000001
OK: generalGeometry.Load.ReferenceOffsetX.equivalentPlane
GENERAL_NUMBER: generalGeometry.Load.ReferenceOffsetY.equivalentPlane|actual=1.24081654239653E-08|expected=1.24081654239653E-08|tolerance=0.000000000001
OK: generalGeometry.Load.ReferenceOffsetY.equivalentPlane
GENERAL_NUMBER: generalGeometry.Load.ReferenceOffset.equivalentEps|actual=-3.66148209729168E-06|expected=-3.66148209729168E-06|tolerance=0.0000000001
OK: generalGeometry.Load.ReferenceOffset.equivalentEps
META: audit03.comments.GENERAL_CONFIG.direct|status=rsSuccess|code=CHECK_PASSED|applies=True|calculated=True|comment=Равновесие найдено методом Newton со ступенчатым приложением нагрузки.
OK: audit03.comments.GENERAL_CONFIG.direct.russianReason
OK: audit03.comments.GENERAL_CONFIG.direct.readable
OK: audit03.comments.GENERAL_CONFIG.direct.noMachinePrefix
META: audit03.comments.GENERAL_CONFIG.capacity|status=rsNotRequested|code=NOT_REQUESTED|applies=False|calculated=False|comment=Проверка несущей способности не запрошена профилем.
OK: audit03.comments.GENERAL_CONFIG.capacity.russianReason
OK: audit03.comments.GENERAL_CONFIG.capacity.readable
OK: audit03.comments.GENERAL_CONFIG.capacity.noMachinePrefix
META: audit03.comments.GENERAL_CONFIG.formation|status=rsNotRequested|code=NOT_REQUESTED|applies=False|calculated=False|comment=
META: audit03.comments.GENERAL_CONFIG.current|status=rsNotRequested|code=NOT_REQUESTED|applies=False|calculated=False|comment=
META: audit03.comments.GENERAL_CONFIG.width|status=rsNotRequested|code=NOT_REQUESTED|applies=False|calculated=False|comment=
META: audit03.comments.GENERAL_CONFIG.longitudinal|status=rsNotRequested|code=NOT_REQUESTED|applies=False|calculated=False|comment=
META: audit03.comments.GENERAL_CONFIG.stability|status=rsNotRequested|code=NOT_REQUESTED|applies=False|calculated=False|comment=
OK: audit03.comments.GENERAL_CONFIG.formulaNoNumFail
OK: audit03.comments.GENERAL_CONFIG.strengthNoCrack
OK: audit03.comments.GENERAL_CONFIG.crackNoCapacity
OK: audit03.comments.GENERAL_CONFIG.overallComposition
OK: audit03.comments.GENERAL_CONFIG.batchOutput
OK: audit03.comments.GENERAL_CONFIG.strengthOutput
OK: audit03.comments.GENERAL_CONFIG.crackOutput
OK: audit03.comments.GENERAL_CONFIG.stabilityOutput
OUTPUT: audit03.comments.GENERAL_CONFIG|strength=|crack=|stability=|batch=
GENERAL_BATCH: profile=PR1|N=0|Mx=20000|My=10000|status=OK|solves=1
META: audit03.comments.GENERAL_CONFIG.direct|status=rsSuccess|code=CHECK_PASSED|applies=True|calculated=True|comment=Равновесие найдено методом Newton со ступенчатым приложением нагрузки.
OK: audit03.comments.GENERAL_CONFIG.direct.russianReason
OK: audit03.comments.GENERAL_CONFIG.direct.readable
OK: audit03.comments.GENERAL_CONFIG.direct.noMachinePrefix
META: audit03.comments.GENERAL_CONFIG.capacity|status=rsNotRequested|code=NOT_REQUESTED|applies=False|calculated=False|comment=Проверка несущей способности не запрошена профилем.
OK: audit03.comments.GENERAL_CONFIG.capacity.russianReason
OK: audit03.comments.GENERAL_CONFIG.capacity.readable
OK: audit03.comments.GENERAL_CONFIG.capacity.noMachinePrefix
META: audit03.comments.GENERAL_CONFIG.formation|status=rsNotRequested|code=NOT_REQUESTED|applies=False|calculated=False|comment=
META: audit03.comments.GENERAL_CONFIG.current|status=rsNotRequested|code=NOT_REQUESTED|applies=False|calculated=False|comment=
META: audit03.comments.GENERAL_CONFIG.width|status=rsNotRequested|code=NOT_REQUESTED|applies=False|calculated=False|comment=
META: audit03.comments.GENERAL_CONFIG.longitudinal|status=rsNotRequested|code=NOT_REQUESTED|applies=False|calculated=False|comment=
META: audit03.comments.GENERAL_CONFIG.stability|status=rsNotRequested|code=NOT_REQUESTED|applies=False|calculated=False|comment=
OK: audit03.comments.GENERAL_CONFIG.formulaNoNumFail
OK: audit03.comments.GENERAL_CONFIG.strengthNoCrack
OK: audit03.comments.GENERAL_CONFIG.crackNoCapacity
OK: audit03.comments.GENERAL_CONFIG.overallComposition
OK: audit03.comments.GENERAL_CONFIG.batchOutput
OK: audit03.comments.GENERAL_CONFIG.strengthOutput
OK: audit03.comments.GENERAL_CONFIG.crackOutput
OK: audit03.comments.GENERAL_CONFIG.stabilityOutput
OUTPUT: audit03.comments.GENERAL_CONFIG|strength=|crack=|stability=|batch=
GENERAL_BATCH: profile=PR1|N=0|Mx=20000|My=10000|status=OK|solves=1
OK: generalGeometry.Load.ReferenceOffsetX.inactiveNoN
GENERAL_NUMBER: generalGeometry.Load.ReferenceOffsetX.inactivePlane|actual=1.59378784312696E-09|expected=1.59378784312696E-09|tolerance=0.000000000001
OK: generalGeometry.Load.ReferenceOffsetX.inactivePlane
GENERAL_NUMBER: generalGeometry.Load.ReferenceOffsetY.inactivePlane|actual=3.19401129429334E-09|expected=3.19401129429334E-09|tolerance=0.000000000001
OK: generalGeometry.Load.ReferenceOffsetY.inactivePlane
OK: generalGeometry.Load.ReferenceOffset.inactiveSolveCount
META: audit03.comments.GENERAL_CONFIG.direct|status=rsSuccess|code=CHECK_PASSED|applies=True|calculated=True|comment=Равновесие найдено методом Newton со ступенчатым приложением нагрузки.
OK: audit03.comments.GENERAL_CONFIG.direct.russianReason
OK: audit03.comments.GENERAL_CONFIG.direct.readable
OK: audit03.comments.GENERAL_CONFIG.direct.noMachinePrefix
META: audit03.comments.GENERAL_CONFIG.capacity|status=rsNotRequested|code=NOT_REQUESTED|applies=False|calculated=False|comment=Проверка несущей способности не запрошена профилем.
OK: audit03.comments.GENERAL_CONFIG.capacity.russianReason
OK: audit03.comments.GENERAL_CONFIG.capacity.readable
OK: audit03.comments.GENERAL_CONFIG.capacity.noMachinePrefix
META: audit03.comments.GENERAL_CONFIG.formation|status=rsNotRequested|code=NOT_REQUESTED|applies=False|calculated=False|comment=
META: audit03.comments.GENERAL_CONFIG.current|status=rsNotRequested|code=NOT_REQUESTED|applies=False|calculated=False|comment=
META: audit03.comments.GENERAL_CONFIG.width|status=rsNotRequested|code=NOT_REQUESTED|applies=False|calculated=False|comment=
META: audit03.comments.GENERAL_CONFIG.longitudinal|status=rsNotRequested|code=NOT_REQUESTED|applies=False|calculated=False|comment=
META: audit03.comments.GENERAL_CONFIG.stability|status=rsNotRequested|code=NOT_REQUESTED|applies=False|calculated=False|comment=
OK: audit03.comments.GENERAL_CONFIG.formulaNoNumFail
OK: audit03.comments.GENERAL_CONFIG.strengthNoCrack
OK: audit03.comments.GENERAL_CONFIG.crackNoCapacity
OK: audit03.comments.GENERAL_CONFIG.overallComposition
OK: audit03.comments.GENERAL_CONFIG.batchOutput
OK: audit03.comments.GENERAL_CONFIG.strengthOutput
OK: audit03.comments.GENERAL_CONFIG.crackOutput
OK: audit03.comments.GENERAL_CONFIG.stabilityOutput
OUTPUT: audit03.comments.GENERAL_CONFIG|strength=|crack=|stability=|batch=
GENERAL_BATCH: profile=PR1|N=-10000|Mx=200000|My=100000|status=OK|solves=1
OK: generalGeometry.General.DiagramExtension.PR1.No.normalConverged
OK: generalGeometry.General.DiagramExtension.PR1.No.normalPhysical
OK: generalGeometry.General.DiagramExtension.PR1.No.normalNoExtension
META: audit03.comments.GENERAL_CONFIG.direct|status=rsNumericalFailure|code=NUMERICAL_FAILURE|applies=True|calculated=True|comment=Подбор шага решения не смог уменьшить невязку равновесия.
OK: audit03.comments.GENERAL_CONFIG.direct.reasonPresent
OK: audit03.comments.GENERAL_CONFIG.direct.russianReason
OK: audit03.comments.GENERAL_CONFIG.direct.readable
OK: audit03.comments.GENERAL_CONFIG.direct.noMachinePrefix
OK: audit03.comments.GENERAL_CONFIG.direct.ownSubtree
META: audit03.comments.GENERAL_CONFIG.capacity|status=rsNotRequested|code=NOT_REQUESTED|applies=False|calculated=False|comment=Проверка несущей способности не запрошена профилем.
OK: audit03.comments.GENERAL_CONFIG.capacity.russianReason
OK: audit03.comments.GENERAL_CONFIG.capacity.readable
OK: audit03.comments.GENERAL_CONFIG.capacity.noMachinePrefix
META: audit03.comments.GENERAL_CONFIG.formation|status=rsNotRequested|code=NOT_REQUESTED|applies=False|calculated=False|comment=
META: audit03.comments.GENERAL_CONFIG.current|status=rsNotRequested|code=NOT_REQUESTED|applies=False|calculated=False|comment=
META: audit03.comments.GENERAL_CONFIG.width|status=rsNotRequested|code=NOT_REQUESTED|applies=False|calculated=False|comment=
META: audit03.comments.GENERAL_CONFIG.longitudinal|status=rsNotRequested|code=NOT_REQUESTED|applies=False|calculated=False|comment=
META: audit03.comments.GENERAL_CONFIG.stability|status=rsNotRequested|code=NOT_REQUESTED|applies=False|calculated=False|comment=
OK: audit03.comments.GENERAL_CONFIG.formulaNoNumFail
OK: audit03.comments.GENERAL_CONFIG.strengthNoCrack
OK: audit03.comments.GENERAL_CONFIG.crackNoCapacity
OK: audit03.comments.GENERAL_CONFIG.overallComposition
OK: audit03.comments.GENERAL_CONFIG.batchOutput
OK: audit03.comments.GENERAL_CONFIG.strengthOutput
OK: audit03.comments.GENERAL_CONFIG.crackOutput
OK: audit03.comments.GENERAL_CONFIG.stabilityOutput
OUTPUT: audit03.comments.GENERAL_CONFIG|strength=НДС: Подбор шага решения не смог уменьшить невязку равновесия.|crack=|stability=|batch=НДС: Подбор шага решения не смог уменьшить невязку равновесия.
GENERAL_BATCH: profile=PR1|N=-10000000|Mx=0|My=0|status=NumFail|solves=3
OK: generalGeometry.General.DiagramExtension.PR1.No.offNumFail
META: audit03.comments.GENERAL_CONFIG.direct|status=rsSuccess|code=CHECK_PASSED|applies=True|calculated=True|comment=Равновесие найдено методом Newton со ступенчатым приложением нагрузки.
OK: audit03.comments.GENERAL_CONFIG.direct.russianReason
OK: audit03.comments.GENERAL_CONFIG.direct.readable
OK: audit03.comments.GENERAL_CONFIG.direct.noMachinePrefix
META: audit03.comments.GENERAL_CONFIG.capacity|status=rsNotRequested|code=NOT_REQUESTED|applies=False|calculated=False|comment=Проверка несущей способности не запрошена профилем.
OK: audit03.comments.GENERAL_CONFIG.capacity.russianReason
OK: audit03.comments.GENERAL_CONFIG.capacity.readable
OK: audit03.comments.GENERAL_CONFIG.capacity.noMachinePrefix
META: audit03.comments.GENERAL_CONFIG.formation|status=rsNotRequested|code=NOT_REQUESTED|applies=False|calculated=False|comment=
META: audit03.comments.GENERAL_CONFIG.current|status=rsNotRequested|code=NOT_REQUESTED|applies=False|calculated=False|comment=
META: audit03.comments.GENERAL_CONFIG.width|status=rsNotRequested|code=NOT_REQUESTED|applies=False|calculated=False|comment=
META: audit03.comments.GENERAL_CONFIG.longitudinal|status=rsNotRequested|code=NOT_REQUESTED|applies=False|calculated=False|comment=
META: audit03.comments.GENERAL_CONFIG.stability|status=rsNotRequested|code=NOT_REQUESTED|applies=False|calculated=False|comment=
OK: audit03.comments.GENERAL_CONFIG.formulaNoNumFail
OK: audit03.comments.GENERAL_CONFIG.strengthNoCrack
OK: audit03.comments.GENERAL_CONFIG.crackNoCapacity
OK: audit03.comments.GENERAL_CONFIG.overallComposition
OK: audit03.comments.GENERAL_CONFIG.batchOutput
OK: audit03.comments.GENERAL_CONFIG.strengthOutput
OK: audit03.comments.GENERAL_CONFIG.crackOutput
OK: audit03.comments.GENERAL_CONFIG.stabilityOutput
OUTPUT: audit03.comments.GENERAL_CONFIG|strength=|crack=|stability=|batch=
GENERAL_BATCH: profile=PR1|N=-10000|Mx=200000|My=100000|status=OK|solves=1
OK: generalGeometry.General.DiagramExtension.PR1.Yes.normalConverged
OK: generalGeometry.General.DiagramExtension.PR1.Yes.normalPhysical
OK: generalGeometry.General.DiagramExtension.PR1.Yes.normalNoExtension
GENERAL_NUMBER: generalGeometry.General.DiagramExtension.PR1.Yes.normalEps|actual=-3.66148209729168E-06|expected=-3.66148209729168E-06|tolerance=0.0000000001
OK: generalGeometry.General.DiagramExtension.PR1.Yes.normalEps
GENERAL_NUMBER: generalGeometry.General.DiagramExtension.PR1.Yes.normalKx|actual=1.24081654239653E-08|expected=1.24081654239653E-08|tolerance=0.000000000001
OK: generalGeometry.General.DiagramExtension.PR1.Yes.normalKx
GENERAL_NUMBER: generalGeometry.General.DiagramExtension.PR1.Yes.normalKy|actual=6.20408271198263E-09|expected=6.20408271198263E-09|tolerance=0.000000000001
OK: generalGeometry.General.DiagramExtension.PR1.Yes.normalKy
META: audit03.comments.GENERAL_CONFIG.direct|status=rsCheckFailed|code=STATE_OUTSIDE_PHYSICAL_RANGE|applies=True|calculated=True|comment=Равновесие найдено с расширением диаграмм, но деформации материала вышли за физические пределы. Проверка по физической диаграмме не проходит.
OK: audit03.comments.GENERAL_CONFIG.direct.reasonPresent
OK: audit03.comments.GENERAL_CONFIG.direct.russianReason
OK: audit03.comments.GENERAL_CONFIG.direct.readable
OK: audit03.comments.GENERAL_CONFIG.direct.noMachinePrefix
OK: audit03.comments.GENERAL_CONFIG.direct.ownSubtree
META: audit03.comments.GENERAL_CONFIG.capacity|status=rsNotRequested|code=NOT_REQUESTED|applies=False|calculated=False|comment=Проверка несущей способности не запрошена профилем.
OK: audit03.comments.GENERAL_CONFIG.capacity.russianReason
OK: audit03.comments.GENERAL_CONFIG.capacity.readable
OK: audit03.comments.GENERAL_CONFIG.capacity.noMachinePrefix
META: audit03.comments.GENERAL_CONFIG.formation|status=rsNotRequested|code=NOT_REQUESTED|applies=False|calculated=False|comment=
META: audit03.comments.GENERAL_CONFIG.current|status=rsNotRequested|code=NOT_REQUESTED|applies=False|calculated=False|comment=
META: audit03.comments.GENERAL_CONFIG.width|status=rsNotRequested|code=NOT_REQUESTED|applies=False|calculated=False|comment=
META: audit03.comments.GENERAL_CONFIG.longitudinal|status=rsNotRequested|code=NOT_REQUESTED|applies=False|calculated=False|comment=
META: audit03.comments.GENERAL_CONFIG.stability|status=rsNotRequested|code=NOT_REQUESTED|applies=False|calculated=False|comment=
OK: audit03.comments.GENERAL_CONFIG.formulaNoNumFail
OK: audit03.comments.GENERAL_CONFIG.strengthNoCrack
OK: audit03.comments.GENERAL_CONFIG.crackNoCapacity
OK: audit03.comments.GENERAL_CONFIG.overallComposition
OK: audit03.comments.GENERAL_CONFIG.batchOutput
OK: audit03.comments.GENERAL_CONFIG.strengthOutput
OK: audit03.comments.GENERAL_CONFIG.crackOutput
OK: audit03.comments.GENERAL_CONFIG.stabilityOutput
OUTPUT: audit03.comments.GENERAL_CONFIG|strength=НДС: Равновесие найдено с расширением диаграмм, но деформации материала вышли за физические пределы. Проверка по физической диаграмме не проходит.|crack=|stability=|batch=НДС: Равновесие найдено с расширением диаграмм, но деформации материала вышли за физические пределы. Проверка по физической диаграмме не проходит.
GENERAL_BATCH: profile=PR1|N=-10000000|Mx=0|My=0|status=FAIL|solves=2
OK: generalGeometry.General.DiagramExtension.PR1.Yes.overloadState
OK: generalGeometry.General.DiagramExtension.PR1.Yes.overloadConverged
OK: generalGeometry.General.DiagramExtension.PR1.Yes.overloadExtended
OK: generalGeometry.General.DiagramExtension.PR1.Yes.overloadFail
META: audit03.comments.GENERAL_CONFIG.direct|status=rsNotRequested|code=NOT_REQUESTED|applies=False|calculated=False|comment=
META: audit03.comments.GENERAL_CONFIG.capacity|status=rsNotRequested|code=NOT_REQUESTED|applies=False|calculated=False|comment=Проверка несущей способности не запрошена профилем.
OK: audit03.comments.GENERAL_CONFIG.capacity.russianReason
OK: audit03.comments.GENERAL_CONFIG.capacity.readable
OK: audit03.comments.GENERAL_CONFIG.capacity.noMachinePrefix
META: audit03.comments.GENERAL_CONFIG.formation|status=rsSuccess|code=CHECK_PASSED|applies=True|calculated=True|comment=Трещина не образована: пороговая точка трещинообразования находится за текущей нагрузкой.
OK: audit03.comments.GENERAL_CONFIG.formation.russianReason
OK: audit03.comments.GENERAL_CONFIG.formation.readable
OK: audit03.comments.GENERAL_CONFIG.formation.noMachinePrefix
META: audit03.comments.GENERAL_CONFIG.current|status=rsSuccess|code=CHECK_PASSED|applies=True|calculated=True|comment=Равновесие найдено методом Newton со ступенчатым приложением нагрузки.
OK: audit03.comments.GENERAL_CONFIG.current.russianReason
OK: audit03.comments.GENERAL_CONFIG.current.readable
OK: audit03.comments.GENERAL_CONFIG.current.noMachinePrefix
META: audit03.comments.GENERAL_CONFIG.width|status=rsNotApplicable|code=CRACK_NOT_FORMED|applies=False|calculated=False|comment=Трещина не образована: пороговая точка трещинообразования находится за текущей нагрузкой.
OK: audit03.comments.GENERAL_CONFIG.width.russianReason
OK: audit03.comments.GENERAL_CONFIG.width.readable
OK: audit03.comments.GENERAL_CONFIG.width.noMachinePrefix
META: audit03.comments.GENERAL_CONFIG.longitudinal|status=rsSuccess|code=CHECK_PASSED|applies=True|calculated=True|comment=Проверка продольных трещин проходит. Максимальное сжатие бетона 0.151 МПа; допускаемое Rb,mc2 = 14.600 МПа.
OK: audit03.comments.GENERAL_CONFIG.longitudinal.russianReason
OK: audit03.comments.GENERAL_CONFIG.longitudinal.readable
OK: audit03.comments.GENERAL_CONFIG.longitudinal.noMachinePrefix
META: audit03.comments.GENERAL_CONFIG.stability|status=rsNotRequested|code=NOT_REQUESTED|applies=False|calculated=False|comment=
OK: audit03.comments.GENERAL_CONFIG.formulaNoNumFail
OK: audit03.comments.GENERAL_CONFIG.strengthNoCrack
OK: audit03.comments.GENERAL_CONFIG.crackNoCapacity
OK: audit03.comments.GENERAL_CONFIG.overallComposition
OK: audit03.comments.GENERAL_CONFIG.batchOutput
OK: audit03.comments.GENERAL_CONFIG.strengthOutput
OK: audit03.comments.GENERAL_CONFIG.crackOutput
OK: audit03.comments.GENERAL_CONFIG.stabilityOutput
OUTPUT: audit03.comments.GENERAL_CONFIG|strength=|crack=|stability=|batch=
GENERAL_BATCH: profile=PR2|N=-10000|Mx=200000|My=100000|status=OK|solves=2
OK: generalGeometry.General.DiagramExtension.PR2.No.normalConverged
OK: generalGeometry.General.DiagramExtension.PR2.No.normalPhysical
OK: generalGeometry.General.DiagramExtension.PR2.No.normalNoExtension
META: audit03.comments.GENERAL_CONFIG.direct|status=rsNotRequested|code=NOT_REQUESTED|applies=False|calculated=False|comment=
META: audit03.comments.GENERAL_CONFIG.capacity|status=rsNotRequested|code=NOT_REQUESTED|applies=False|calculated=False|comment=Проверка несущей способности не запрошена профилем.
OK: audit03.comments.GENERAL_CONFIG.capacity.russianReason
OK: audit03.comments.GENERAL_CONFIG.capacity.readable
OK: audit03.comments.GENERAL_CONFIG.capacity.noMachinePrefix
META: audit03.comments.GENERAL_CONFIG.formation|status=rsSuccess|code=CRITERION_NOT_REACHED|applies=True|calculated=True|comment=Путь λ*N увеличивает только центральное сжатие и не создает растяжения для образования нормальной трещины.
OK: audit03.comments.GENERAL_CONFIG.formation.russianReason
OK: audit03.comments.GENERAL_CONFIG.formation.readable
OK: audit03.comments.GENERAL_CONFIG.formation.noMachinePrefix
META: audit03.comments.GENERAL_CONFIG.current|status=rsNumericalFailure|code=SINGULAR_TANGENT|applies=True|calculated=True|comment=Не удалось решить касательную систему: Матрица вырождена.
OK: audit03.comments.GENERAL_CONFIG.current.reasonPresent
OK: audit03.comments.GENERAL_CONFIG.current.russianReason
OK: audit03.comments.GENERAL_CONFIG.current.readable
OK: audit03.comments.GENERAL_CONFIG.current.noMachinePrefix
OK: audit03.comments.GENERAL_CONFIG.current.ownSubtree
META: audit03.comments.GENERAL_CONFIG.width|status=rsBlockedByDependency|code=BLOCKED_BY_DEPENDENCY|applies=True|calculated=False|comment=Расчет не выполнен: нет допустимого обязательного результата CurrentCrackedState. Не удалось решить касательную систему: Матрица вырождена.
OK: audit03.comments.GENERAL_CONFIG.width.reasonPresent
OK: audit03.comments.GENERAL_CONFIG.width.russianReason
OK: audit03.comments.GENERAL_CONFIG.width.readable
OK: audit03.comments.GENERAL_CONFIG.width.noMachinePrefix
OK: audit03.comments.GENERAL_CONFIG.width.ownSubtree
OK: audit03.comments.GENERAL_CONFIG.width.dependencyOncePerIndependentStage
META: audit03.comments.GENERAL_CONFIG.longitudinal|status=rsBlockedByDependency|code=BLOCKED_BY_DEPENDENCY|applies=True|calculated=False|comment=Расчет не выполнен: нет допустимого обязательного результата CurrentCrackedState. Не удалось решить касательную систему: Матрица вырождена.
OK: audit03.comments.GENERAL_CONFIG.longitudinal.reasonPresent
OK: audit03.comments.GENERAL_CONFIG.longitudinal.russianReason
OK: audit03.comments.GENERAL_CONFIG.longitudinal.readable
OK: audit03.comments.GENERAL_CONFIG.longitudinal.noMachinePrefix
OK: audit03.comments.GENERAL_CONFIG.longitudinal.ownSubtree
OK: audit03.comments.GENERAL_CONFIG.longitudinal.dependencyOncePerIndependentStage
META: audit03.comments.GENERAL_CONFIG.stability|status=rsNotRequested|code=NOT_REQUESTED|applies=False|calculated=False|comment=
OK: audit03.comments.GENERAL_CONFIG.widthBlockActualReason
OK: audit03.comments.GENERAL_CONFIG.longitudinalBlockActualReason
OK: audit03.comments.GENERAL_CONFIG.formulaNoNumFail
OK: audit03.comments.GENERAL_CONFIG.strengthNoCrack
OK: audit03.comments.GENERAL_CONFIG.crackNoCapacity
OK: audit03.comments.GENERAL_CONFIG.overallComposition
OK: audit03.comments.GENERAL_CONFIG.batchOutput
OK: audit03.comments.GENERAL_CONFIG.strengthOutput
OK: audit03.comments.GENERAL_CONFIG.crackOutput
OK: audit03.comments.GENERAL_CONFIG.stabilityOutput
OUTPUT: audit03.comments.GENERAL_CONFIG|strength=|crack=НДС: Не удалось решить касательную систему: Матрица вырождена.; Ширина трещин: Расчет не выполнен: нет допустимого обязательного результата CurrentCrackedState.; Продольные трещины: Расчет не выполнен: нет допустимого обязательного результата CurrentCrackedState.|stability=|batch=НДС: Не удалось решить касательную систему: Матрица вырождена.; Ширина трещин: Расчет не выполнен: нет допустимого обязательного результата CurrentCrackedState.; Продольные трещины: Расчет не выполнен: нет допустимого обязательного результата CurrentCrackedState.
GENERAL_BATCH: profile=PR2|N=-10000000|Mx=0|My=0|status=NumFail|solves=3
OK: generalGeometry.General.DiagramExtension.PR2.No.offNumFail
META: audit03.comments.GENERAL_CONFIG.direct|status=rsNotRequested|code=NOT_REQUESTED|applies=False|calculated=False|comment=
META: audit03.comments.GENERAL_CONFIG.capacity|status=rsNotRequested|code=NOT_REQUESTED|applies=False|calculated=False|comment=Проверка несущей способности не запрошена профилем.
OK: audit03.comments.GENERAL_CONFIG.capacity.russianReason
OK: audit03.comments.GENERAL_CONFIG.capacity.readable
OK: audit03.comments.GENERAL_CONFIG.capacity.noMachinePrefix
META: audit03.comments.GENERAL_CONFIG.formation|status=rsSuccess|code=CHECK_PASSED|applies=True|calculated=True|comment=Трещина не образована: пороговая точка трещинообразования находится за текущей нагрузкой.
OK: audit03.comments.GENERAL_CONFIG.formation.russianReason
OK: audit03.comments.GENERAL_CONFIG.formation.readable
OK: audit03.comments.GENERAL_CONFIG.formation.noMachinePrefix
META: audit03.comments.GENERAL_CONFIG.current|status=rsSuccess|code=CHECK_PASSED|applies=True|calculated=True|comment=Равновесие найдено методом Newton со ступенчатым приложением нагрузки.
OK: audit03.comments.GENERAL_CONFIG.current.russianReason
OK: audit03.comments.GENERAL_CONFIG.current.readable
OK: audit03.comments.GENERAL_CONFIG.current.noMachinePrefix
META: audit03.comments.GENERAL_CONFIG.width|status=rsNotApplicable|code=CRACK_NOT_FORMED|applies=False|calculated=False|comment=Трещина не образована: пороговая точка трещинообразования находится за текущей нагрузкой.
OK: audit03.comments.GENERAL_CONFIG.width.russianReason
OK: audit03.comments.GENERAL_CONFIG.width.readable
OK: audit03.comments.GENERAL_CONFIG.width.noMachinePrefix
META: audit03.comments.GENERAL_CONFIG.longitudinal|status=rsSuccess|code=CHECK_PASSED|applies=True|calculated=True|comment=Проверка продольных трещин проходит. Максимальное сжатие бетона 0.151 МПа; допускаемое Rb,mc2 = 14.600 МПа.
OK: audit03.comments.GENERAL_CONFIG.longitudinal.russianReason
OK: audit03.comments.GENERAL_CONFIG.longitudinal.readable
OK: audit03.comments.GENERAL_CONFIG.longitudinal.noMachinePrefix
META: audit03.comments.GENERAL_CONFIG.stability|status=rsNotRequested|code=NOT_REQUESTED|applies=False|calculated=False|comment=
OK: audit03.comments.GENERAL_CONFIG.formulaNoNumFail
OK: audit03.comments.GENERAL_CONFIG.strengthNoCrack
OK: audit03.comments.GENERAL_CONFIG.crackNoCapacity
OK: audit03.comments.GENERAL_CONFIG.overallComposition
OK: audit03.comments.GENERAL_CONFIG.batchOutput
OK: audit03.comments.GENERAL_CONFIG.strengthOutput
OK: audit03.comments.GENERAL_CONFIG.crackOutput
OK: audit03.comments.GENERAL_CONFIG.stabilityOutput
OUTPUT: audit03.comments.GENERAL_CONFIG|strength=|crack=|stability=|batch=
GENERAL_BATCH: profile=PR2|N=-10000|Mx=200000|My=100000|status=OK|solves=2
OK: generalGeometry.General.DiagramExtension.PR2.Yes.normalConverged
OK: generalGeometry.General.DiagramExtension.PR2.Yes.normalPhysical
OK: generalGeometry.General.DiagramExtension.PR2.Yes.normalNoExtension
GENERAL_NUMBER: generalGeometry.General.DiagramExtension.PR2.Yes.normalEps|actual=-6.67871031697108E-06|expected=-6.67871031697108E-06|tolerance=0.0000000001
OK: generalGeometry.General.DiagramExtension.PR2.Yes.normalEps
GENERAL_NUMBER: generalGeometry.General.DiagramExtension.PR2.Yes.normalKx|actual=2.17855641467911E-08|expected=2.17855641467911E-08|tolerance=0.000000000001
OK: generalGeometry.General.DiagramExtension.PR2.Yes.normalKx
GENERAL_NUMBER: generalGeometry.General.DiagramExtension.PR2.Yes.normalKy|actual=1.08927820733955E-08|expected=1.08927820733955E-08|tolerance=0.000000000001
OK: generalGeometry.General.DiagramExtension.PR2.Yes.normalKy
META: audit03.comments.GENERAL_CONFIG.direct|status=rsNotRequested|code=NOT_REQUESTED|applies=False|calculated=False|comment=
META: audit03.comments.GENERAL_CONFIG.capacity|status=rsNotRequested|code=NOT_REQUESTED|applies=False|calculated=False|comment=Проверка несущей способности не запрошена профилем.
OK: audit03.comments.GENERAL_CONFIG.capacity.russianReason
OK: audit03.comments.GENERAL_CONFIG.capacity.readable
OK: audit03.comments.GENERAL_CONFIG.capacity.noMachinePrefix
META: audit03.comments.GENERAL_CONFIG.formation|status=rsSuccess|code=CRITERION_NOT_REACHED|applies=True|calculated=True|comment=Путь λ*N увеличивает только центральное сжатие и не создает растяжения для образования нормальной трещины.
OK: audit03.comments.GENERAL_CONFIG.formation.russianReason
OK: audit03.comments.GENERAL_CONFIG.formation.readable
OK: audit03.comments.GENERAL_CONFIG.formation.noMachinePrefix
META: audit03.comments.GENERAL_CONFIG.current|status=rsCheckFailed|code=STATE_OUTSIDE_PHYSICAL_RANGE|applies=True|calculated=True|comment=Равновесие найдено с расширением диаграмм, но деформации материала вышли за физические пределы. Проверка по физической диаграмме не проходит.
OK: audit03.comments.GENERAL_CONFIG.current.reasonPresent
OK: audit03.comments.GENERAL_CONFIG.current.russianReason
OK: audit03.comments.GENERAL_CONFIG.current.readable
OK: audit03.comments.GENERAL_CONFIG.current.noMachinePrefix
OK: audit03.comments.GENERAL_CONFIG.current.ownSubtree
META: audit03.comments.GENERAL_CONFIG.width|status=rsBlockedByDependency|code=BLOCKED_BY_DEPENDENCY|applies=True|calculated=False|comment=Расчет не выполнен: нет допустимого обязательного результата CurrentCrackedState. Равновесие найдено с расширением диаграмм, но деформации материала вышли за физические пределы. Проверка по физической диаграмме не проходит.
OK: audit03.comments.GENERAL_CONFIG.width.reasonPresent
OK: audit03.comments.GENERAL_CONFIG.width.russianReason
OK: audit03.comments.GENERAL_CONFIG.width.readable
OK: audit03.comments.GENERAL_CONFIG.width.noMachinePrefix
OK: audit03.comments.GENERAL_CONFIG.width.ownSubtree
OK: audit03.comments.GENERAL_CONFIG.width.dependencyOncePerIndependentStage
META: audit03.comments.GENERAL_CONFIG.longitudinal|status=rsBlockedByDependency|code=BLOCKED_BY_DEPENDENCY|applies=True|calculated=False|comment=Расчет не выполнен: нет допустимого обязательного результата CurrentCrackedState. Равновесие найдено с расширением диаграмм, но деформации материала вышли за физические пределы. Проверка по физической диаграмме не проходит.
OK: audit03.comments.GENERAL_CONFIG.longitudinal.reasonPresent
OK: audit03.comments.GENERAL_CONFIG.longitudinal.russianReason
OK: audit03.comments.GENERAL_CONFIG.longitudinal.readable
OK: audit03.comments.GENERAL_CONFIG.longitudinal.noMachinePrefix
OK: audit03.comments.GENERAL_CONFIG.longitudinal.ownSubtree
OK: audit03.comments.GENERAL_CONFIG.longitudinal.dependencyOncePerIndependentStage
META: audit03.comments.GENERAL_CONFIG.stability|status=rsNotRequested|code=NOT_REQUESTED|applies=False|calculated=False|comment=
OK: audit03.comments.GENERAL_CONFIG.widthBlockActualReason
OK: audit03.comments.GENERAL_CONFIG.longitudinalBlockActualReason
OK: audit03.comments.GENERAL_CONFIG.formulaNoNumFail
OK: audit03.comments.GENERAL_CONFIG.strengthNoCrack
OK: audit03.comments.GENERAL_CONFIG.crackNoCapacity
OK: audit03.comments.GENERAL_CONFIG.overallComposition
OK: audit03.comments.GENERAL_CONFIG.batchOutput
OK: audit03.comments.GENERAL_CONFIG.strengthOutput
OK: audit03.comments.GENERAL_CONFIG.crackOutput
OK: audit03.comments.GENERAL_CONFIG.stabilityOutput
OUTPUT: audit03.comments.GENERAL_CONFIG|strength=|crack=НДС: Равновесие найдено с расширением диаграмм, но деформации материала вышли за физические пределы. Проверка по физической диаграмме не проходит.; Ширина трещин: Расчет не выполнен: нет допустимого обязательного результата CurrentCrackedState.; Продольные трещины: Расчет не выполнен: нет допустимого обязательного результата CurrentCrackedState.|stability=|batch=НДС: Равновесие найдено с расширением диаграмм, но деформации материала вышли за физические пределы. Проверка по физической диаграмме не проходит.; Ширина трещин: Расчет не выполнен: нет допустимого обязательного результата CurrentCrackedState.; Продольные трещины: Расчет не выполнен: нет допустимого обязательного результата CurrentCrackedState.
GENERAL_BATCH: profile=PR2|N=-10000000|Mx=0|My=0|status=FAIL|solves=2
OK: generalGeometry.General.DiagramExtension.PR2.Yes.overloadState
OK: generalGeometry.General.DiagramExtension.PR2.Yes.overloadConverged
OK: generalGeometry.General.DiagramExtension.PR2.Yes.overloadExtended
OK: generalGeometry.General.DiagramExtension.PR2.Yes.overloadFail
META: audit03.comments.GENERAL_CONFIG.direct|status=rsSuccess|code=CHECK_PASSED|applies=True|calculated=True|comment=Равновесие найдено методом Newton со ступенчатым приложением нагрузки.
OK: audit03.comments.GENERAL_CONFIG.direct.russianReason
OK: audit03.comments.GENERAL_CONFIG.direct.readable
OK: audit03.comments.GENERAL_CONFIG.direct.noMachinePrefix
META: audit03.comments.GENERAL_CONFIG.capacity|status=rsSuccess|code=CHECK_PASSED|applies=True|calculated=True|comment=Поиск несущей способности через UltimateStrain сошелся.
OK: audit03.comments.GENERAL_CONFIG.capacity.russianReason
OK: audit03.comments.GENERAL_CONFIG.capacity.readable
OK: audit03.comments.GENERAL_CONFIG.capacity.noMachinePrefix
META: audit03.comments.GENERAL_CONFIG.formation|status=rsNotRequested|code=NOT_REQUESTED|applies=False|calculated=False|comment=
META: audit03.comments.GENERAL_CONFIG.current|status=rsNotRequested|code=NOT_REQUESTED|applies=False|calculated=False|comment=
META: audit03.comments.GENERAL_CONFIG.width|status=rsNotRequested|code=NOT_REQUESTED|applies=False|calculated=False|comment=
META: audit03.comments.GENERAL_CONFIG.longitudinal|status=rsNotRequested|code=NOT_REQUESTED|applies=False|calculated=False|comment=
META: audit03.comments.GENERAL_CONFIG.stability|status=rsNotRequested|code=NOT_REQUESTED|applies=False|calculated=False|comment=
OK: audit03.comments.GENERAL_CONFIG.formulaNoNumFail
OK: audit03.comments.GENERAL_CONFIG.strengthNoCrack
OK: audit03.comments.GENERAL_CONFIG.crackNoCapacity
OK: audit03.comments.GENERAL_CONFIG.overallComposition
OK: audit03.comments.GENERAL_CONFIG.batchOutput
OK: audit03.comments.GENERAL_CONFIG.strengthOutput
OK: audit03.comments.GENERAL_CONFIG.crackOutput
OK: audit03.comments.GENERAL_CONFIG.stabilityOutput
OUTPUT: audit03.comments.GENERAL_CONFIG|strength=|crack=|stability=|batch=
GENERAL_BATCH: profile=PR1|N=-10000|Mx=200000|My=100000|status=OK|solves=1
OK: generalGeometry.General.DiagramExtension.capacityPhysical.No
META: audit03.comments.GENERAL_CONFIG.direct|status=rsSuccess|code=CHECK_PASSED|applies=True|calculated=True|comment=Равновесие найдено методом Newton со ступенчатым приложением нагрузки.
OK: audit03.comments.GENERAL_CONFIG.direct.russianReason
OK: audit03.comments.GENERAL_CONFIG.direct.readable
OK: audit03.comments.GENERAL_CONFIG.direct.noMachinePrefix
META: audit03.comments.GENERAL_CONFIG.capacity|status=rsSuccess|code=CHECK_PASSED|applies=True|calculated=True|comment=Поиск несущей способности через UltimateStrain сошелся.
OK: audit03.comments.GENERAL_CONFIG.capacity.russianReason
OK: audit03.comments.GENERAL_CONFIG.capacity.readable
OK: audit03.comments.GENERAL_CONFIG.capacity.noMachinePrefix
META: audit03.comments.GENERAL_CONFIG.formation|status=rsNotRequested|code=NOT_REQUESTED|applies=False|calculated=False|comment=
META: audit03.comments.GENERAL_CONFIG.current|status=rsNotRequested|code=NOT_REQUESTED|applies=False|calculated=False|comment=
META: audit03.comments.GENERAL_CONFIG.width|status=rsNotRequested|code=NOT_REQUESTED|applies=False|calculated=False|comment=
META: audit03.comments.GENERAL_CONFIG.longitudinal|status=rsNotRequested|code=NOT_REQUESTED|applies=False|calculated=False|comment=
META: audit03.comments.GENERAL_CONFIG.stability|status=rsNotRequested|code=NOT_REQUESTED|applies=False|calculated=False|comment=
OK: audit03.comments.GENERAL_CONFIG.formulaNoNumFail
OK: audit03.comments.GENERAL_CONFIG.strengthNoCrack
OK: audit03.comments.GENERAL_CONFIG.crackNoCapacity
OK: audit03.comments.GENERAL_CONFIG.overallComposition
OK: audit03.comments.GENERAL_CONFIG.batchOutput
OK: audit03.comments.GENERAL_CONFIG.strengthOutput
OK: audit03.comments.GENERAL_CONFIG.crackOutput
OK: audit03.comments.GENERAL_CONFIG.stabilityOutput
OUTPUT: audit03.comments.GENERAL_CONFIG|strength=|crack=|stability=|batch=
GENERAL_BATCH: profile=PR1|N=-10000|Mx=200000|My=100000|status=OK|solves=1
OK: generalGeometry.General.DiagramExtension.capacityPhysical.Yes
GENERAL_NUMBER: generalGeometry.General.DiagramExtension.capacityInvariant|actual=361.876592805491|expected=361.876592808136|tolerance=0.0000001
OK: generalGeometry.General.DiagramExtension.capacityInvariant
OK: generalGeometry.invalid.0.General.DiagramExtension.0.rejected
OK: generalGeometry.invalid.0.General.DiagramExtension.0.key
OK: generalGeometry.invalid.0.General.DiagramExtension.0.address
OK: generalGeometry.invalid.0.General.DiagramExtension.0.action
GENERAL_INPUT: generalGeometry.invalid.0.General.DiagramExtension.0|Настройка General.DiagramExtension (лист Config, ячейка B8): Значение переключателя не распознано. Выберите Yes или No.
OK: generalGeometry.invalid.0.General.DiagramExtension.1.rejected
OK: generalGeometry.invalid.0.General.DiagramExtension.1.key
OK: generalGeometry.invalid.0.General.DiagramExtension.1.address
OK: generalGeometry.invalid.0.General.DiagramExtension.1.action
GENERAL_INPUT: generalGeometry.invalid.0.General.DiagramExtension.1|Настройка General.DiagramExtension (лист Config, ячейка B8): Значение переключателя не распознано. Выберите Yes или No.
OK: generalGeometry.invalid.0.General.DiagramExtension.2.rejected
OK: generalGeometry.invalid.0.General.DiagramExtension.2.key
OK: generalGeometry.invalid.0.General.DiagramExtension.2.address
OK: generalGeometry.invalid.0.General.DiagramExtension.2.action
GENERAL_INPUT: generalGeometry.invalid.0.General.DiagramExtension.2|Настройка General.DiagramExtension (лист Config, ячейка B8): Значение переключателя не распознано. Выберите Yes или No.
OK: generalGeometry.invalid.0.General.DiagramExtension.3.rejected
OK: generalGeometry.invalid.0.General.DiagramExtension.3.key
OK: generalGeometry.invalid.0.General.DiagramExtension.3.address
OK: generalGeometry.invalid.0.General.DiagramExtension.3.action
GENERAL_INPUT: generalGeometry.invalid.0.General.DiagramExtension.3|Настройка General.DiagramExtension (лист Config, ячейка B8) содержит ошибку Excel в колонке "значение". Исправьте формулу или введите допустимое значение вместо ошибки Excel.
OK: generalGeometry.missing.0.General.DiagramExtension.rejected
OK: generalGeometry.missing.0.General.DiagramExtension.key
OK: generalGeometry.recovery.0.General.DiagramExtension
OK: generalGeometry.invalid.0.Calculation.ZeroMomentPerDepth.0.rejected
OK: generalGeometry.invalid.0.Calculation.ZeroMomentPerDepth.0.key
OK: generalGeometry.invalid.0.Calculation.ZeroMomentPerDepth.0.address
OK: generalGeometry.invalid.0.Calculation.ZeroMomentPerDepth.0.action
GENERAL_INPUT: generalGeometry.invalid.0.Calculation.ZeroMomentPerDepth.0|Настройка Calculation.ZeroMomentPerDepth (лист Config, ячейка B9): Обязательное числовое значение не задано. Введите число или формулу, возвращающую число; пустое значение и TODO недопустимы.
OK: generalGeometry.invalid.0.Calculation.ZeroMomentPerDepth.1.rejected
OK: generalGeometry.invalid.0.Calculation.ZeroMomentPerDepth.1.key
OK: generalGeometry.invalid.0.Calculation.ZeroMomentPerDepth.1.address
OK: generalGeometry.invalid.0.Calculation.ZeroMomentPerDepth.1.action
GENERAL_INPUT: generalGeometry.invalid.0.Calculation.ZeroMomentPerDepth.1|Настройка Calculation.ZeroMomentPerDepth (лист Config, ячейка B9): Обязательное числовое значение не задано. Введите число или формулу, возвращающую число; пустое значение и TODO недопустимы.
OK: generalGeometry.invalid.0.Calculation.ZeroMomentPerDepth.2.rejected
OK: generalGeometry.invalid.0.Calculation.ZeroMomentPerDepth.2.key
OK: generalGeometry.invalid.0.Calculation.ZeroMomentPerDepth.2.address
OK: generalGeometry.invalid.0.Calculation.ZeroMomentPerDepth.2.action
GENERAL_INPUT: generalGeometry.invalid.0.Calculation.ZeroMomentPerDepth.2|Настройка Calculation.ZeroMomentPerDepth (лист Config, ячейка B9): Не удалось прочитать обязательное число: "abc". Введите конечное число допустимого диапазона или исправьте формулу.
OK: generalGeometry.invalid.0.Calculation.ZeroMomentPerDepth.3.rejected
OK: generalGeometry.invalid.0.Calculation.ZeroMomentPerDepth.3.key
OK: generalGeometry.invalid.0.Calculation.ZeroMomentPerDepth.3.address
OK: generalGeometry.invalid.0.Calculation.ZeroMomentPerDepth.3.action
GENERAL_INPUT: generalGeometry.invalid.0.Calculation.ZeroMomentPerDepth.3|Настройка Calculation.ZeroMomentPerDepth (лист Config, ячейка B9) содержит ошибку Excel в колонке "значение". Исправьте формулу или введите допустимое значение вместо ошибки Excel.
OK: generalGeometry.invalid.0.Calculation.ZeroMomentPerDepth.4.rejected
OK: generalGeometry.invalid.0.Calculation.ZeroMomentPerDepth.4.key
OK: generalGeometry.invalid.0.Calculation.ZeroMomentPerDepth.4.address
OK: generalGeometry.invalid.0.Calculation.ZeroMomentPerDepth.4.action
GENERAL_INPUT: generalGeometry.invalid.0.Calculation.ZeroMomentPerDepth.4|Настройка Calculation.ZeroMomentPerDepth (лист Config, ячейка B9): Calculation.ZeroMomentPerDepth не может быть отрицательным. Введите ноль для отключения фильтра или положительное число в INPUT-единицах момент/длина.
OK: generalGeometry.missing.0.Calculation.ZeroMomentPerDepth.rejected
OK: generalGeometry.missing.0.Calculation.ZeroMomentPerDepth.key
OK: generalGeometry.recovery.0.Calculation.ZeroMomentPerDepth
OK: generalGeometry.invalid.0.Geometry.Source.0.rejected
OK: generalGeometry.invalid.0.Geometry.Source.0.key
OK: generalGeometry.invalid.0.Geometry.Source.0.address
OK: generalGeometry.invalid.0.Geometry.Source.0.action
GENERAL_INPUT: generalGeometry.invalid.0.Geometry.Source.0|Настройка Geometry.Source (лист Config, ячейка B12): Обязательное значение не задано. Заполните значение или выберите допустимый вариант из списка; пустое значение и TODO недопустимы.
OK: generalGeometry.invalid.0.Geometry.Source.1.rejected
OK: generalGeometry.invalid.0.Geometry.Source.1.key
OK: generalGeometry.invalid.0.Geometry.Source.1.address
OK: generalGeometry.invalid.0.Geometry.Source.1.action
GENERAL_INPUT: generalGeometry.invalid.0.Geometry.Source.1|Настройка Geometry.Source (лист Config, ячейка B12): Обязательное значение не задано. Заполните значение или выберите допустимый вариант из списка; пустое значение и TODO недопустимы.
OK: generalGeometry.invalid.0.Geometry.Source.2.rejected
OK: generalGeometry.invalid.0.Geometry.Source.2.key
OK: generalGeometry.invalid.0.Geometry.Source.2.address
OK: generalGeometry.invalid.0.Geometry.Source.2.action
GENERAL_INPUT: generalGeometry.invalid.0.Geometry.Source.2|Настройка Geometry.Source (лист Config, ячейка B12): Недопустимый вариант: "abc". Выберите из списка: Generated, AutoCAD.
OK: generalGeometry.invalid.0.Geometry.Source.3.rejected
OK: generalGeometry.invalid.0.Geometry.Source.3.key
OK: generalGeometry.invalid.0.Geometry.Source.3.address
OK: generalGeometry.invalid.0.Geometry.Source.3.action
GENERAL_INPUT: generalGeometry.invalid.0.Geometry.Source.3|Настройка Geometry.Source (лист Config, ячейка B12) содержит ошибку Excel в колонке "значение". Исправьте формулу или введите допустимое значение вместо ошибки Excel.
OK: generalGeometry.missing.0.Geometry.Source.rejected
OK: generalGeometry.missing.0.Geometry.Source.key
OK: generalGeometry.recovery.0.Geometry.Source
OK: generalGeometry.invalid.0.Geometry.Type.0.rejected
OK: generalGeometry.invalid.0.Geometry.Type.0.key
OK: generalGeometry.invalid.0.Geometry.Type.0.address
OK: generalGeometry.invalid.0.Geometry.Type.0.action
GENERAL_INPUT: generalGeometry.invalid.0.Geometry.Type.0|Настройка Geometry.Type (лист Config, ячейка B13): Обязательное значение не задано. Заполните значение или выберите допустимый вариант из списка; пустое значение и TODO недопустимы.
OK: generalGeometry.invalid.0.Geometry.Type.1.rejected
OK: generalGeometry.invalid.0.Geometry.Type.1.key
OK: generalGeometry.invalid.0.Geometry.Type.1.address
OK: generalGeometry.invalid.0.Geometry.Type.1.action
GENERAL_INPUT: generalGeometry.invalid.0.Geometry.Type.1|Настройка Geometry.Type (лист Config, ячейка B13): Обязательное значение не задано. Заполните значение или выберите допустимый вариант из списка; пустое значение и TODO недопустимы.
OK: generalGeometry.invalid.0.Geometry.Type.2.rejected
OK: generalGeometry.invalid.0.Geometry.Type.2.key
OK: generalGeometry.invalid.0.Geometry.Type.2.address
OK: generalGeometry.invalid.0.Geometry.Type.2.action
GENERAL_INPUT: generalGeometry.invalid.0.Geometry.Type.2|Настройка Geometry.Type (лист Config, ячейка B13): Недопустимый вариант: "abc". Выберите из списка: Circle, RectSet, RoundedRectangle, HollowRectangle.
OK: generalGeometry.invalid.0.Geometry.Type.3.rejected
OK: generalGeometry.invalid.0.Geometry.Type.3.key
OK: generalGeometry.invalid.0.Geometry.Type.3.address
OK: generalGeometry.invalid.0.Geometry.Type.3.action
GENERAL_INPUT: generalGeometry.invalid.0.Geometry.Type.3|Настройка Geometry.Type (лист Config, ячейка B13) содержит ошибку Excel в колонке "значение". Исправьте формулу или введите допустимое значение вместо ошибки Excel.
OK: generalGeometry.missing.0.Geometry.Type.rejected
OK: generalGeometry.missing.0.Geometry.Type.key
OK: generalGeometry.recovery.0.Geometry.Type
OK: generalGeometry.invalid.0.Mesh.StepX.0.rejected
OK: generalGeometry.invalid.0.Mesh.StepX.0.key
OK: generalGeometry.invalid.0.Mesh.StepX.0.address
OK: generalGeometry.invalid.0.Mesh.StepX.0.action
GENERAL_INPUT: generalGeometry.invalid.0.Mesh.StepX.0|Настройка Mesh.StepX (лист Config, ячейка B14): Обязательное числовое значение не задано. Введите число или формулу, возвращающую число; пустое значение и TODO недопустимы.
OK: generalGeometry.invalid.0.Mesh.StepX.1.rejected
OK: generalGeometry.invalid.0.Mesh.StepX.1.key
OK: generalGeometry.invalid.0.Mesh.StepX.1.address
OK: generalGeometry.invalid.0.Mesh.StepX.1.action
GENERAL_INPUT: generalGeometry.invalid.0.Mesh.StepX.1|Настройка Mesh.StepX (лист Config, ячейка B14): Обязательное числовое значение не задано. Введите число или формулу, возвращающую число; пустое значение и TODO недопустимы.
OK: generalGeometry.invalid.0.Mesh.StepX.2.rejected
OK: generalGeometry.invalid.0.Mesh.StepX.2.key
OK: generalGeometry.invalid.0.Mesh.StepX.2.address
OK: generalGeometry.invalid.0.Mesh.StepX.2.action
GENERAL_INPUT: generalGeometry.invalid.0.Mesh.StepX.2|Настройка Mesh.StepX (лист Config, ячейка B14): Не удалось прочитать обязательное число: "abc". Введите конечное число допустимого диапазона или исправьте формулу.
OK: generalGeometry.invalid.0.Mesh.StepX.3.rejected
OK: generalGeometry.invalid.0.Mesh.StepX.3.key
OK: generalGeometry.invalid.0.Mesh.StepX.3.address
OK: generalGeometry.invalid.0.Mesh.StepX.3.action
GENERAL_INPUT: generalGeometry.invalid.0.Mesh.StepX.3|Настройка Mesh.StepX (лист Config, ячейка B14) содержит ошибку Excel в колонке "значение". Исправьте формулу или введите допустимое значение вместо ошибки Excel.
OK: generalGeometry.invalid.0.Mesh.StepX.4.rejected
OK: generalGeometry.invalid.0.Mesh.StepX.4.key
OK: generalGeometry.invalid.0.Mesh.StepX.4.address
OK: generalGeometry.invalid.0.Mesh.StepX.4.action
GENERAL_INPUT: generalGeometry.invalid.0.Mesh.StepX.4|Настройка Mesh.StepX (лист Config, ячейка B14): Шаг бетонной сетки должен быть положительным. Введите число больше нуля в текущей INPUT-единице длины.
OK: generalGeometry.invalid.0.Mesh.StepX.5.rejected
OK: generalGeometry.invalid.0.Mesh.StepX.5.key
OK: generalGeometry.invalid.0.Mesh.StepX.5.address
OK: generalGeometry.invalid.0.Mesh.StepX.5.action
GENERAL_INPUT: generalGeometry.invalid.0.Mesh.StepX.5|Настройка Mesh.StepX (лист Config, ячейка B14): Шаг бетонной сетки должен быть положительным. Введите число больше нуля в текущей INPUT-единице длины.
OK: generalGeometry.missing.0.Mesh.StepX.rejected
OK: generalGeometry.missing.0.Mesh.StepX.key
OK: generalGeometry.recovery.0.Mesh.StepX
OK: generalGeometry.invalid.0.Mesh.StepY.0.rejected
OK: generalGeometry.invalid.0.Mesh.StepY.0.key
OK: generalGeometry.invalid.0.Mesh.StepY.0.address
OK: generalGeometry.invalid.0.Mesh.StepY.0.action
GENERAL_INPUT: generalGeometry.invalid.0.Mesh.StepY.0|Настройка Mesh.StepY (лист Config, ячейка B15): Обязательное числовое значение не задано. Введите число или формулу, возвращающую число; пустое значение и TODO недопустимы.
OK: generalGeometry.invalid.0.Mesh.StepY.1.rejected
OK: generalGeometry.invalid.0.Mesh.StepY.1.key
OK: generalGeometry.invalid.0.Mesh.StepY.1.address
OK: generalGeometry.invalid.0.Mesh.StepY.1.action
GENERAL_INPUT: generalGeometry.invalid.0.Mesh.StepY.1|Настройка Mesh.StepY (лист Config, ячейка B15): Обязательное числовое значение не задано. Введите число или формулу, возвращающую число; пустое значение и TODO недопустимы.
OK: generalGeometry.invalid.0.Mesh.StepY.2.rejected
OK: generalGeometry.invalid.0.Mesh.StepY.2.key
OK: generalGeometry.invalid.0.Mesh.StepY.2.address
OK: generalGeometry.invalid.0.Mesh.StepY.2.action
GENERAL_INPUT: generalGeometry.invalid.0.Mesh.StepY.2|Настройка Mesh.StepY (лист Config, ячейка B15): Не удалось прочитать обязательное число: "abc". Введите конечное число допустимого диапазона или исправьте формулу.
OK: generalGeometry.invalid.0.Mesh.StepY.3.rejected
OK: generalGeometry.invalid.0.Mesh.StepY.3.key
OK: generalGeometry.invalid.0.Mesh.StepY.3.address
OK: generalGeometry.invalid.0.Mesh.StepY.3.action
GENERAL_INPUT: generalGeometry.invalid.0.Mesh.StepY.3|Настройка Mesh.StepY (лист Config, ячейка B15) содержит ошибку Excel в колонке "значение". Исправьте формулу или введите допустимое значение вместо ошибки Excel.
OK: generalGeometry.invalid.0.Mesh.StepY.4.rejected
OK: generalGeometry.invalid.0.Mesh.StepY.4.key
OK: generalGeometry.invalid.0.Mesh.StepY.4.address
OK: generalGeometry.invalid.0.Mesh.StepY.4.action
GENERAL_INPUT: generalGeometry.invalid.0.Mesh.StepY.4|Настройка Mesh.StepY (лист Config, ячейка B15): Шаг бетонной сетки должен быть положительным. Введите число больше нуля в текущей INPUT-единице длины.
OK: generalGeometry.invalid.0.Mesh.StepY.5.rejected
OK: generalGeometry.invalid.0.Mesh.StepY.5.key
OK: generalGeometry.invalid.0.Mesh.StepY.5.address
OK: generalGeometry.invalid.0.Mesh.StepY.5.action
GENERAL_INPUT: generalGeometry.invalid.0.Mesh.StepY.5|Настройка Mesh.StepY (лист Config, ячейка B15): Шаг бетонной сетки должен быть положительным. Введите число больше нуля в текущей INPUT-единице длины.
OK: generalGeometry.missing.0.Mesh.StepY.rejected
OK: generalGeometry.missing.0.Mesh.StepY.key
OK: generalGeometry.recovery.0.Mesh.StepY
OK: generalGeometry.invalid.0.Mesh.BoundarySubdivisions.0.rejected
OK: generalGeometry.invalid.0.Mesh.BoundarySubdivisions.0.key
OK: generalGeometry.invalid.0.Mesh.BoundarySubdivisions.0.address
OK: generalGeometry.invalid.0.Mesh.BoundarySubdivisions.0.action
GENERAL_INPUT: generalGeometry.invalid.0.Mesh.BoundarySubdivisions.0|Настройка Mesh.BoundarySubdivisions (лист Config, ячейка B16): Число подъячеек не задано. Введите целое число не меньше 1.
OK: generalGeometry.invalid.0.Mesh.BoundarySubdivisions.1.rejected
OK: generalGeometry.invalid.0.Mesh.BoundarySubdivisions.1.key
OK: generalGeometry.invalid.0.Mesh.BoundarySubdivisions.1.address
OK: generalGeometry.invalid.0.Mesh.BoundarySubdivisions.1.action
GENERAL_INPUT: generalGeometry.invalid.0.Mesh.BoundarySubdivisions.1|Настройка Mesh.BoundarySubdivisions (лист Config, ячейка B16): Число подъячеек не задано. Введите целое число не меньше 1.
OK: generalGeometry.invalid.0.Mesh.BoundarySubdivisions.2.rejected
OK: generalGeometry.invalid.0.Mesh.BoundarySubdivisions.2.key
OK: generalGeometry.invalid.0.Mesh.BoundarySubdivisions.2.address
OK: generalGeometry.invalid.0.Mesh.BoundarySubdivisions.2.action
GENERAL_INPUT: generalGeometry.invalid.0.Mesh.BoundarySubdivisions.2|Настройка Mesh.BoundarySubdivisions (лист Config, ячейка B16): Не удалось прочитать обязательное число: "abc". Введите конечное число допустимого диапазона или исправьте формулу.
OK: generalGeometry.invalid.0.Mesh.BoundarySubdivisions.3.rejected
OK: generalGeometry.invalid.0.Mesh.BoundarySubdivisions.3.key
OK: generalGeometry.invalid.0.Mesh.BoundarySubdivisions.3.address
OK: generalGeometry.invalid.0.Mesh.BoundarySubdivisions.3.action
GENERAL_INPUT: generalGeometry.invalid.0.Mesh.BoundarySubdivisions.3|Настройка Mesh.BoundarySubdivisions (лист Config, ячейка B16) содержит ошибку Excel в колонке "значение". Исправьте формулу или введите допустимое значение вместо ошибки Excel.
OK: generalGeometry.invalid.0.Mesh.BoundarySubdivisions.4.rejected
OK: generalGeometry.invalid.0.Mesh.BoundarySubdivisions.4.key
OK: generalGeometry.invalid.0.Mesh.BoundarySubdivisions.4.address
OK: generalGeometry.invalid.0.Mesh.BoundarySubdivisions.4.action
GENERAL_INPUT: generalGeometry.invalid.0.Mesh.BoundarySubdivisions.4|Настройка Mesh.BoundarySubdivisions (лист Config, ячейка B16): Число подъячеек меньше 1. Введите целое число не меньше 1.
OK: generalGeometry.invalid.0.Mesh.BoundarySubdivisions.5.rejected
OK: generalGeometry.invalid.0.Mesh.BoundarySubdivisions.5.key
OK: generalGeometry.invalid.0.Mesh.BoundarySubdivisions.5.address
OK: generalGeometry.invalid.0.Mesh.BoundarySubdivisions.5.action
GENERAL_INPUT: generalGeometry.invalid.0.Mesh.BoundarySubdivisions.5|Настройка Mesh.BoundarySubdivisions (лист Config, ячейка B16): Число подъячеек меньше 1. Введите целое число не меньше 1.
OK: generalGeometry.invalid.0.Mesh.BoundarySubdivisions.6.rejected
OK: generalGeometry.invalid.0.Mesh.BoundarySubdivisions.6.key
OK: generalGeometry.invalid.0.Mesh.BoundarySubdivisions.6.address
OK: generalGeometry.invalid.0.Mesh.BoundarySubdivisions.6.action
GENERAL_INPUT: generalGeometry.invalid.0.Mesh.BoundarySubdivisions.6|Настройка Mesh.BoundarySubdivisions (лист Config, ячейка B16): Введено дробное значение вместо целого; автоматическое округление не выполняется. Введите целое число.
OK: generalGeometry.missing.0.Mesh.BoundarySubdivisions.rejected
OK: generalGeometry.missing.0.Mesh.BoundarySubdivisions.key
OK: generalGeometry.recovery.0.Mesh.BoundarySubdivisions
OK: generalGeometry.invalid.0.Load.ReferenceOffsetX.0.rejected
OK: generalGeometry.invalid.0.Load.ReferenceOffsetX.0.key
OK: generalGeometry.invalid.0.Load.ReferenceOffsetX.0.address
OK: generalGeometry.invalid.0.Load.ReferenceOffsetX.0.action
GENERAL_INPUT: generalGeometry.invalid.0.Load.ReferenceOffsetX.0|Настройка Load.ReferenceOffsetX (лист Config, ячейка B17): Обязательное числовое значение не задано. Введите число или формулу, возвращающую число; пустое значение и TODO недопустимы.
OK: generalGeometry.invalid.0.Load.ReferenceOffsetX.1.rejected
OK: generalGeometry.invalid.0.Load.ReferenceOffsetX.1.key
OK: generalGeometry.invalid.0.Load.ReferenceOffsetX.1.address
OK: generalGeometry.invalid.0.Load.ReferenceOffsetX.1.action
GENERAL_INPUT: generalGeometry.invalid.0.Load.ReferenceOffsetX.1|Настройка Load.ReferenceOffsetX (лист Config, ячейка B17): Обязательное числовое значение не задано. Введите число или формулу, возвращающую число; пустое значение и TODO недопустимы.
OK: generalGeometry.invalid.0.Load.ReferenceOffsetX.2.rejected
OK: generalGeometry.invalid.0.Load.ReferenceOffsetX.2.key
OK: generalGeometry.invalid.0.Load.ReferenceOffsetX.2.address
OK: generalGeometry.invalid.0.Load.ReferenceOffsetX.2.action
GENERAL_INPUT: generalGeometry.invalid.0.Load.ReferenceOffsetX.2|Настройка Load.ReferenceOffsetX (лист Config, ячейка B17): Не удалось прочитать обязательное число: "abc". Введите конечное число допустимого диапазона или исправьте формулу.
OK: generalGeometry.invalid.0.Load.ReferenceOffsetX.3.rejected
OK: generalGeometry.invalid.0.Load.ReferenceOffsetX.3.key
OK: generalGeometry.invalid.0.Load.ReferenceOffsetX.3.address
OK: generalGeometry.invalid.0.Load.ReferenceOffsetX.3.action
GENERAL_INPUT: generalGeometry.invalid.0.Load.ReferenceOffsetX.3|Настройка Load.ReferenceOffsetX (лист Config, ячейка B17) содержит ошибку Excel в колонке "значение". Исправьте формулу или введите допустимое значение вместо ошибки Excel.
OK: generalGeometry.missing.0.Load.ReferenceOffsetX.rejected
OK: generalGeometry.missing.0.Load.ReferenceOffsetX.key
OK: generalGeometry.recovery.0.Load.ReferenceOffsetX
OK: generalGeometry.invalid.0.Load.ReferenceOffsetY.0.rejected
OK: generalGeometry.invalid.0.Load.ReferenceOffsetY.0.key
OK: generalGeometry.invalid.0.Load.ReferenceOffsetY.0.address
OK: generalGeometry.invalid.0.Load.ReferenceOffsetY.0.action
GENERAL_INPUT: generalGeometry.invalid.0.Load.ReferenceOffsetY.0|Настройка Load.ReferenceOffsetY (лист Config, ячейка B18): Обязательное числовое значение не задано. Введите число или формулу, возвращающую число; пустое значение и TODO недопустимы.
OK: generalGeometry.invalid.0.Load.ReferenceOffsetY.1.rejected
OK: generalGeometry.invalid.0.Load.ReferenceOffsetY.1.key
OK: generalGeometry.invalid.0.Load.ReferenceOffsetY.1.address
OK: generalGeometry.invalid.0.Load.ReferenceOffsetY.1.action
GENERAL_INPUT: generalGeometry.invalid.0.Load.ReferenceOffsetY.1|Настройка Load.ReferenceOffsetY (лист Config, ячейка B18): Обязательное числовое значение не задано. Введите число или формулу, возвращающую число; пустое значение и TODO недопустимы.
OK: generalGeometry.invalid.0.Load.ReferenceOffsetY.2.rejected
OK: generalGeometry.invalid.0.Load.ReferenceOffsetY.2.key
OK: generalGeometry.invalid.0.Load.ReferenceOffsetY.2.address
OK: generalGeometry.invalid.0.Load.ReferenceOffsetY.2.action
GENERAL_INPUT: generalGeometry.invalid.0.Load.ReferenceOffsetY.2|Настройка Load.ReferenceOffsetY (лист Config, ячейка B18): Не удалось прочитать обязательное число: "abc". Введите конечное число допустимого диапазона или исправьте формулу.
OK: generalGeometry.invalid.0.Load.ReferenceOffsetY.3.rejected
OK: generalGeometry.invalid.0.Load.ReferenceOffsetY.3.key
OK: generalGeometry.invalid.0.Load.ReferenceOffsetY.3.address
OK: generalGeometry.invalid.0.Load.ReferenceOffsetY.3.action
GENERAL_INPUT: generalGeometry.invalid.0.Load.ReferenceOffsetY.3|Настройка Load.ReferenceOffsetY (лист Config, ячейка B18) содержит ошибку Excel в колонке "значение". Исправьте формулу или введите допустимое значение вместо ошибки Excel.
OK: generalGeometry.missing.0.Load.ReferenceOffsetY.rejected
OK: generalGeometry.missing.0.Load.ReferenceOffsetY.key
OK: generalGeometry.recovery.0.Load.ReferenceOffsetY
OK: generalGeometry.invalid.1.General.DiagramExtension.0.rejected
OK: generalGeometry.invalid.1.General.DiagramExtension.0.key
OK: generalGeometry.invalid.1.General.DiagramExtension.0.address
OK: generalGeometry.invalid.1.General.DiagramExtension.0.action
GENERAL_INPUT: generalGeometry.invalid.1.General.DiagramExtension.0|Настройка General.DiagramExtension (лист Config, ячейка CI805): Значение переключателя не распознано. Выберите Yes или No.
OK: generalGeometry.invalid.1.General.DiagramExtension.1.rejected
OK: generalGeometry.invalid.1.General.DiagramExtension.1.key
OK: generalGeometry.invalid.1.General.DiagramExtension.1.address
OK: generalGeometry.invalid.1.General.DiagramExtension.1.action
GENERAL_INPUT: generalGeometry.invalid.1.General.DiagramExtension.1|Настройка General.DiagramExtension (лист Config, ячейка CI805): Значение переключателя не распознано. Выберите Yes или No.
OK: generalGeometry.invalid.1.General.DiagramExtension.2.rejected
OK: generalGeometry.invalid.1.General.DiagramExtension.2.key
OK: generalGeometry.invalid.1.General.DiagramExtension.2.address
OK: generalGeometry.invalid.1.General.DiagramExtension.2.action
GENERAL_INPUT: generalGeometry.invalid.1.General.DiagramExtension.2|Настройка General.DiagramExtension (лист Config, ячейка CI805): Значение переключателя не распознано. Выберите Yes или No.
OK: generalGeometry.invalid.1.General.DiagramExtension.3.rejected
OK: generalGeometry.invalid.1.General.DiagramExtension.3.key
OK: generalGeometry.invalid.1.General.DiagramExtension.3.address
OK: generalGeometry.invalid.1.General.DiagramExtension.3.action
GENERAL_INPUT: generalGeometry.invalid.1.General.DiagramExtension.3|Настройка General.DiagramExtension (лист Config, ячейка CI805) содержит ошибку Excel в колонке "значение". Исправьте формулу или введите допустимое значение вместо ошибки Excel.
OK: generalGeometry.missing.1.General.DiagramExtension.rejected
OK: generalGeometry.missing.1.General.DiagramExtension.key
OK: generalGeometry.recovery.1.General.DiagramExtension
OK: generalGeometry.invalid.1.Calculation.ZeroMomentPerDepth.0.rejected
OK: generalGeometry.invalid.1.Calculation.ZeroMomentPerDepth.0.key
OK: generalGeometry.invalid.1.Calculation.ZeroMomentPerDepth.0.address
OK: generalGeometry.invalid.1.Calculation.ZeroMomentPerDepth.0.action
GENERAL_INPUT: generalGeometry.invalid.1.Calculation.ZeroMomentPerDepth.0|Настройка Calculation.ZeroMomentPerDepth (лист Config, ячейка CI806): Обязательное числовое значение не задано. Введите число или формулу, возвращающую число; пустое значение и TODO недопустимы.
OK: generalGeometry.invalid.1.Calculation.ZeroMomentPerDepth.1.rejected
OK: generalGeometry.invalid.1.Calculation.ZeroMomentPerDepth.1.key
OK: generalGeometry.invalid.1.Calculation.ZeroMomentPerDepth.1.address
OK: generalGeometry.invalid.1.Calculation.ZeroMomentPerDepth.1.action
GENERAL_INPUT: generalGeometry.invalid.1.Calculation.ZeroMomentPerDepth.1|Настройка Calculation.ZeroMomentPerDepth (лист Config, ячейка CI806): Обязательное числовое значение не задано. Введите число или формулу, возвращающую число; пустое значение и TODO недопустимы.
OK: generalGeometry.invalid.1.Calculation.ZeroMomentPerDepth.2.rejected
OK: generalGeometry.invalid.1.Calculation.ZeroMomentPerDepth.2.key
OK: generalGeometry.invalid.1.Calculation.ZeroMomentPerDepth.2.address
OK: generalGeometry.invalid.1.Calculation.ZeroMomentPerDepth.2.action
GENERAL_INPUT: generalGeometry.invalid.1.Calculation.ZeroMomentPerDepth.2|Настройка Calculation.ZeroMomentPerDepth (лист Config, ячейка CI806): Не удалось прочитать обязательное число: "abc". Введите конечное число допустимого диапазона или исправьте формулу.
OK: generalGeometry.invalid.1.Calculation.ZeroMomentPerDepth.3.rejected
OK: generalGeometry.invalid.1.Calculation.ZeroMomentPerDepth.3.key
OK: generalGeometry.invalid.1.Calculation.ZeroMomentPerDepth.3.address
OK: generalGeometry.invalid.1.Calculation.ZeroMomentPerDepth.3.action
GENERAL_INPUT: generalGeometry.invalid.1.Calculation.ZeroMomentPerDepth.3|Настройка Calculation.ZeroMomentPerDepth (лист Config, ячейка CI806) содержит ошибку Excel в колонке "значение". Исправьте формулу или введите допустимое значение вместо ошибки Excel.
OK: generalGeometry.invalid.1.Calculation.ZeroMomentPerDepth.4.rejected
OK: generalGeometry.invalid.1.Calculation.ZeroMomentPerDepth.4.key
OK: generalGeometry.invalid.1.Calculation.ZeroMomentPerDepth.4.address
OK: generalGeometry.invalid.1.Calculation.ZeroMomentPerDepth.4.action
GENERAL_INPUT: generalGeometry.invalid.1.Calculation.ZeroMomentPerDepth.4|Настройка Calculation.ZeroMomentPerDepth (лист Config, ячейка CI806): Calculation.ZeroMomentPerDepth не может быть отрицательным. Введите ноль для отключения фильтра или положительное число в INPUT-единицах момент/длина.
OK: generalGeometry.missing.1.Calculation.ZeroMomentPerDepth.rejected
OK: generalGeometry.missing.1.Calculation.ZeroMomentPerDepth.key
OK: generalGeometry.recovery.1.Calculation.ZeroMomentPerDepth
OK: generalGeometry.invalid.1.Geometry.Source.0.rejected
OK: generalGeometry.invalid.1.Geometry.Source.0.key
OK: generalGeometry.invalid.1.Geometry.Source.0.address
OK: generalGeometry.invalid.1.Geometry.Source.0.action
GENERAL_INPUT: generalGeometry.invalid.1.Geometry.Source.0|Настройка Geometry.Source (лист Config, ячейка CI809): Обязательное значение не задано. Заполните значение или выберите допустимый вариант из списка; пустое значение и TODO недопустимы.
OK: generalGeometry.invalid.1.Geometry.Source.1.rejected
OK: generalGeometry.invalid.1.Geometry.Source.1.key
OK: generalGeometry.invalid.1.Geometry.Source.1.address
OK: generalGeometry.invalid.1.Geometry.Source.1.action
GENERAL_INPUT: generalGeometry.invalid.1.Geometry.Source.1|Настройка Geometry.Source (лист Config, ячейка CI809): Обязательное значение не задано. Заполните значение или выберите допустимый вариант из списка; пустое значение и TODO недопустимы.
OK: generalGeometry.invalid.1.Geometry.Source.2.rejected
OK: generalGeometry.invalid.1.Geometry.Source.2.key
OK: generalGeometry.invalid.1.Geometry.Source.2.address
OK: generalGeometry.invalid.1.Geometry.Source.2.action
GENERAL_INPUT: generalGeometry.invalid.1.Geometry.Source.2|Настройка Geometry.Source (лист Config, ячейка CI809): Недопустимый вариант: "abc". Выберите из списка: Generated, AutoCAD.
OK: generalGeometry.invalid.1.Geometry.Source.3.rejected
OK: generalGeometry.invalid.1.Geometry.Source.3.key
OK: generalGeometry.invalid.1.Geometry.Source.3.address
OK: generalGeometry.invalid.1.Geometry.Source.3.action
GENERAL_INPUT: generalGeometry.invalid.1.Geometry.Source.3|Настройка Geometry.Source (лист Config, ячейка CI809) содержит ошибку Excel в колонке "значение". Исправьте формулу или введите допустимое значение вместо ошибки Excel.
OK: generalGeometry.missing.1.Geometry.Source.rejected
OK: generalGeometry.missing.1.Geometry.Source.key
OK: generalGeometry.recovery.1.Geometry.Source
OK: generalGeometry.invalid.1.Geometry.Type.0.rejected
OK: generalGeometry.invalid.1.Geometry.Type.0.key
OK: generalGeometry.invalid.1.Geometry.Type.0.address
OK: generalGeometry.invalid.1.Geometry.Type.0.action
GENERAL_INPUT: generalGeometry.invalid.1.Geometry.Type.0|Настройка Geometry.Type (лист Config, ячейка CI810): Обязательное значение не задано. Заполните значение или выберите допустимый вариант из списка; пустое значение и TODO недопустимы.
OK: generalGeometry.invalid.1.Geometry.Type.1.rejected
OK: generalGeometry.invalid.1.Geometry.Type.1.key
OK: generalGeometry.invalid.1.Geometry.Type.1.address
OK: generalGeometry.invalid.1.Geometry.Type.1.action
GENERAL_INPUT: generalGeometry.invalid.1.Geometry.Type.1|Настройка Geometry.Type (лист Config, ячейка CI810): Обязательное значение не задано. Заполните значение или выберите допустимый вариант из списка; пустое значение и TODO недопустимы.
OK: generalGeometry.invalid.1.Geometry.Type.2.rejected
OK: generalGeometry.invalid.1.Geometry.Type.2.key
OK: generalGeometry.invalid.1.Geometry.Type.2.address
OK: generalGeometry.invalid.1.Geometry.Type.2.action
GENERAL_INPUT: generalGeometry.invalid.1.Geometry.Type.2|Настройка Geometry.Type (лист Config, ячейка CI810): Недопустимый вариант: "abc". Выберите из списка: Circle, RectSet, RoundedRectangle, HollowRectangle.
OK: generalGeometry.invalid.1.Geometry.Type.3.rejected
OK: generalGeometry.invalid.1.Geometry.Type.3.key
OK: generalGeometry.invalid.1.Geometry.Type.3.address
OK: generalGeometry.invalid.1.Geometry.Type.3.action
GENERAL_INPUT: generalGeometry.invalid.1.Geometry.Type.3|Настройка Geometry.Type (лист Config, ячейка CI810) содержит ошибку Excel в колонке "значение". Исправьте формулу или введите допустимое значение вместо ошибки Excel.
OK: generalGeometry.missing.1.Geometry.Type.rejected
OK: generalGeometry.missing.1.Geometry.Type.key
OK: generalGeometry.recovery.1.Geometry.Type
OK: generalGeometry.invalid.1.Mesh.StepX.0.rejected
OK: generalGeometry.invalid.1.Mesh.StepX.0.key
OK: generalGeometry.invalid.1.Mesh.StepX.0.address
OK: generalGeometry.invalid.1.Mesh.StepX.0.action
GENERAL_INPUT: generalGeometry.invalid.1.Mesh.StepX.0|Настройка Mesh.StepX (лист Config, ячейка CI811): Обязательное числовое значение не задано. Введите число или формулу, возвращающую число; пустое значение и TODO недопустимы.
OK: generalGeometry.invalid.1.Mesh.StepX.1.rejected
OK: generalGeometry.invalid.1.Mesh.StepX.1.key
OK: generalGeometry.invalid.1.Mesh.StepX.1.address
OK: generalGeometry.invalid.1.Mesh.StepX.1.action
GENERAL_INPUT: generalGeometry.invalid.1.Mesh.StepX.1|Настройка Mesh.StepX (лист Config, ячейка CI811): Обязательное числовое значение не задано. Введите число или формулу, возвращающую число; пустое значение и TODO недопустимы.
OK: generalGeometry.invalid.1.Mesh.StepX.2.rejected
OK: generalGeometry.invalid.1.Mesh.StepX.2.key
OK: generalGeometry.invalid.1.Mesh.StepX.2.address
OK: generalGeometry.invalid.1.Mesh.StepX.2.action
GENERAL_INPUT: generalGeometry.invalid.1.Mesh.StepX.2|Настройка Mesh.StepX (лист Config, ячейка CI811): Не удалось прочитать обязательное число: "abc". Введите конечное число допустимого диапазона или исправьте формулу.
OK: generalGeometry.invalid.1.Mesh.StepX.3.rejected
OK: generalGeometry.invalid.1.Mesh.StepX.3.key
OK: generalGeometry.invalid.1.Mesh.StepX.3.address
OK: generalGeometry.invalid.1.Mesh.StepX.3.action
GENERAL_INPUT: generalGeometry.invalid.1.Mesh.StepX.3|Настройка Mesh.StepX (лист Config, ячейка CI811) содержит ошибку Excel в колонке "значение". Исправьте формулу или введите допустимое значение вместо ошибки Excel.
OK: generalGeometry.invalid.1.Mesh.StepX.4.rejected
OK: generalGeometry.invalid.1.Mesh.StepX.4.key
OK: generalGeometry.invalid.1.Mesh.StepX.4.address
OK: generalGeometry.invalid.1.Mesh.StepX.4.action
GENERAL_INPUT: generalGeometry.invalid.1.Mesh.StepX.4|Настройка Mesh.StepX (лист Config, ячейка CI811): Шаг бетонной сетки должен быть положительным. Введите число больше нуля в текущей INPUT-единице длины.
OK: generalGeometry.invalid.1.Mesh.StepX.5.rejected
OK: generalGeometry.invalid.1.Mesh.StepX.5.key
OK: generalGeometry.invalid.1.Mesh.StepX.5.address
OK: generalGeometry.invalid.1.Mesh.StepX.5.action
GENERAL_INPUT: generalGeometry.invalid.1.Mesh.StepX.5|Настройка Mesh.StepX (лист Config, ячейка CI811): Шаг бетонной сетки должен быть положительным. Введите число больше нуля в текущей INPUT-единице длины.
OK: generalGeometry.missing.1.Mesh.StepX.rejected
OK: generalGeometry.missing.1.Mesh.StepX.key
OK: generalGeometry.recovery.1.Mesh.StepX
OK: generalGeometry.invalid.1.Mesh.StepY.0.rejected
OK: generalGeometry.invalid.1.Mesh.StepY.0.key
OK: generalGeometry.invalid.1.Mesh.StepY.0.address
OK: generalGeometry.invalid.1.Mesh.StepY.0.action
GENERAL_INPUT: generalGeometry.invalid.1.Mesh.StepY.0|Настройка Mesh.StepY (лист Config, ячейка CI812): Обязательное числовое значение не задано. Введите число или формулу, возвращающую число; пустое значение и TODO недопустимы.
OK: generalGeometry.invalid.1.Mesh.StepY.1.rejected
OK: generalGeometry.invalid.1.Mesh.StepY.1.key
OK: generalGeometry.invalid.1.Mesh.StepY.1.address
OK: generalGeometry.invalid.1.Mesh.StepY.1.action
GENERAL_INPUT: generalGeometry.invalid.1.Mesh.StepY.1|Настройка Mesh.StepY (лист Config, ячейка CI812): Обязательное числовое значение не задано. Введите число или формулу, возвращающую число; пустое значение и TODO недопустимы.
OK: generalGeometry.invalid.1.Mesh.StepY.2.rejected
OK: generalGeometry.invalid.1.Mesh.StepY.2.key
OK: generalGeometry.invalid.1.Mesh.StepY.2.address
OK: generalGeometry.invalid.1.Mesh.StepY.2.action
GENERAL_INPUT: generalGeometry.invalid.1.Mesh.StepY.2|Настройка Mesh.StepY (лист Config, ячейка CI812): Не удалось прочитать обязательное число: "abc". Введите конечное число допустимого диапазона или исправьте формулу.
OK: generalGeometry.invalid.1.Mesh.StepY.3.rejected
OK: generalGeometry.invalid.1.Mesh.StepY.3.key
OK: generalGeometry.invalid.1.Mesh.StepY.3.address
OK: generalGeometry.invalid.1.Mesh.StepY.3.action
GENERAL_INPUT: generalGeometry.invalid.1.Mesh.StepY.3|Настройка Mesh.StepY (лист Config, ячейка CI812) содержит ошибку Excel в колонке "значение". Исправьте формулу или введите допустимое значение вместо ошибки Excel.
OK: generalGeometry.invalid.1.Mesh.StepY.4.rejected
OK: generalGeometry.invalid.1.Mesh.StepY.4.key
OK: generalGeometry.invalid.1.Mesh.StepY.4.address
OK: generalGeometry.invalid.1.Mesh.StepY.4.action
GENERAL_INPUT: generalGeometry.invalid.1.Mesh.StepY.4|Настройка Mesh.StepY (лист Config, ячейка CI812): Шаг бетонной сетки должен быть положительным. Введите число больше нуля в текущей INPUT-единице длины.
OK: generalGeometry.invalid.1.Mesh.StepY.5.rejected
OK: generalGeometry.invalid.1.Mesh.StepY.5.key
OK: generalGeometry.invalid.1.Mesh.StepY.5.address
OK: generalGeometry.invalid.1.Mesh.StepY.5.action
GENERAL_INPUT: generalGeometry.invalid.1.Mesh.StepY.5|Настройка Mesh.StepY (лист Config, ячейка CI812): Шаг бетонной сетки должен быть положительным. Введите число больше нуля в текущей INPUT-единице длины.
OK: generalGeometry.missing.1.Mesh.StepY.rejected
OK: generalGeometry.missing.1.Mesh.StepY.key
OK: generalGeometry.recovery.1.Mesh.StepY
OK: generalGeometry.invalid.1.Mesh.BoundarySubdivisions.0.rejected
OK: generalGeometry.invalid.1.Mesh.BoundarySubdivisions.0.key
OK: generalGeometry.invalid.1.Mesh.BoundarySubdivisions.0.address
OK: generalGeometry.invalid.1.Mesh.BoundarySubdivisions.0.action
GENERAL_INPUT: generalGeometry.invalid.1.Mesh.BoundarySubdivisions.0|Настройка Mesh.BoundarySubdivisions (лист Config, ячейка CI813): Число подъячеек не задано. Введите целое число не меньше 1.
OK: generalGeometry.invalid.1.Mesh.BoundarySubdivisions.1.rejected
OK: generalGeometry.invalid.1.Mesh.BoundarySubdivisions.1.key
OK: generalGeometry.invalid.1.Mesh.BoundarySubdivisions.1.address
OK: generalGeometry.invalid.1.Mesh.BoundarySubdivisions.1.action
GENERAL_INPUT: generalGeometry.invalid.1.Mesh.BoundarySubdivisions.1|Настройка Mesh.BoundarySubdivisions (лист Config, ячейка CI813): Число подъячеек не задано. Введите целое число не меньше 1.
OK: generalGeometry.invalid.1.Mesh.BoundarySubdivisions.2.rejected
OK: generalGeometry.invalid.1.Mesh.BoundarySubdivisions.2.key
OK: generalGeometry.invalid.1.Mesh.BoundarySubdivisions.2.address
OK: generalGeometry.invalid.1.Mesh.BoundarySubdivisions.2.action
GENERAL_INPUT: generalGeometry.invalid.1.Mesh.BoundarySubdivisions.2|Настройка Mesh.BoundarySubdivisions (лист Config, ячейка CI813): Не удалось прочитать обязательное число: "abc". Введите конечное число допустимого диапазона или исправьте формулу.
OK: generalGeometry.invalid.1.Mesh.BoundarySubdivisions.3.rejected
OK: generalGeometry.invalid.1.Mesh.BoundarySubdivisions.3.key
OK: generalGeometry.invalid.1.Mesh.BoundarySubdivisions.3.address
OK: generalGeometry.invalid.1.Mesh.BoundarySubdivisions.3.action
GENERAL_INPUT: generalGeometry.invalid.1.Mesh.BoundarySubdivisions.3|Настройка Mesh.BoundarySubdivisions (лист Config, ячейка CI813) содержит ошибку Excel в колонке "значение". Исправьте формулу или введите допустимое значение вместо ошибки Excel.
OK: generalGeometry.invalid.1.Mesh.BoundarySubdivisions.4.rejected
OK: generalGeometry.invalid.1.Mesh.BoundarySubdivisions.4.key
OK: generalGeometry.invalid.1.Mesh.BoundarySubdivisions.4.address
OK: generalGeometry.invalid.1.Mesh.BoundarySubdivisions.4.action
GENERAL_INPUT: generalGeometry.invalid.1.Mesh.BoundarySubdivisions.4|Настройка Mesh.BoundarySubdivisions (лист Config, ячейка CI813): Число подъячеек меньше 1. Введите целое число не меньше 1.
OK: generalGeometry.invalid.1.Mesh.BoundarySubdivisions.5.rejected
OK: generalGeometry.invalid.1.Mesh.BoundarySubdivisions.5.key
OK: generalGeometry.invalid.1.Mesh.BoundarySubdivisions.5.address
OK: generalGeometry.invalid.1.Mesh.BoundarySubdivisions.5.action
GENERAL_INPUT: generalGeometry.invalid.1.Mesh.BoundarySubdivisions.5|Настройка Mesh.BoundarySubdivisions (лист Config, ячейка CI813): Число подъячеек меньше 1. Введите целое число не меньше 1.
OK: generalGeometry.invalid.1.Mesh.BoundarySubdivisions.6.rejected
OK: generalGeometry.invalid.1.Mesh.BoundarySubdivisions.6.key
OK: generalGeometry.invalid.1.Mesh.BoundarySubdivisions.6.address
OK: generalGeometry.invalid.1.Mesh.BoundarySubdivisions.6.action
GENERAL_INPUT: generalGeometry.invalid.1.Mesh.BoundarySubdivisions.6|Настройка Mesh.BoundarySubdivisions (лист Config, ячейка CI813): Введено дробное значение вместо целого; автоматическое округление не выполняется. Введите целое число.
OK: generalGeometry.missing.1.Mesh.BoundarySubdivisions.rejected
OK: generalGeometry.missing.1.Mesh.BoundarySubdivisions.key
OK: generalGeometry.recovery.1.Mesh.BoundarySubdivisions
OK: generalGeometry.invalid.1.Load.ReferenceOffsetX.0.rejected
OK: generalGeometry.invalid.1.Load.ReferenceOffsetX.0.key
OK: generalGeometry.invalid.1.Load.ReferenceOffsetX.0.address
OK: generalGeometry.invalid.1.Load.ReferenceOffsetX.0.action
GENERAL_INPUT: generalGeometry.invalid.1.Load.ReferenceOffsetX.0|Настройка Load.ReferenceOffsetX (лист Config, ячейка CI814): Обязательное числовое значение не задано. Введите число или формулу, возвращающую число; пустое значение и TODO недопустимы.
OK: generalGeometry.invalid.1.Load.ReferenceOffsetX.1.rejected
OK: generalGeometry.invalid.1.Load.ReferenceOffsetX.1.key
OK: generalGeometry.invalid.1.Load.ReferenceOffsetX.1.address
OK: generalGeometry.invalid.1.Load.ReferenceOffsetX.1.action
GENERAL_INPUT: generalGeometry.invalid.1.Load.ReferenceOffsetX.1|Настройка Load.ReferenceOffsetX (лист Config, ячейка CI814): Обязательное числовое значение не задано. Введите число или формулу, возвращающую число; пустое значение и TODO недопустимы.
OK: generalGeometry.invalid.1.Load.ReferenceOffsetX.2.rejected
OK: generalGeometry.invalid.1.Load.ReferenceOffsetX.2.key
OK: generalGeometry.invalid.1.Load.ReferenceOffsetX.2.address
OK: generalGeometry.invalid.1.Load.ReferenceOffsetX.2.action
GENERAL_INPUT: generalGeometry.invalid.1.Load.ReferenceOffsetX.2|Настройка Load.ReferenceOffsetX (лист Config, ячейка CI814): Не удалось прочитать обязательное число: "abc". Введите конечное число допустимого диапазона или исправьте формулу.
OK: generalGeometry.invalid.1.Load.ReferenceOffsetX.3.rejected
OK: generalGeometry.invalid.1.Load.ReferenceOffsetX.3.key
OK: generalGeometry.invalid.1.Load.ReferenceOffsetX.3.address
OK: generalGeometry.invalid.1.Load.ReferenceOffsetX.3.action
GENERAL_INPUT: generalGeometry.invalid.1.Load.ReferenceOffsetX.3|Настройка Load.ReferenceOffsetX (лист Config, ячейка CI814) содержит ошибку Excel в колонке "значение". Исправьте формулу или введите допустимое значение вместо ошибки Excel.
OK: generalGeometry.missing.1.Load.ReferenceOffsetX.rejected
OK: generalGeometry.missing.1.Load.ReferenceOffsetX.key
OK: generalGeometry.recovery.1.Load.ReferenceOffsetX
OK: generalGeometry.invalid.1.Load.ReferenceOffsetY.0.rejected
OK: generalGeometry.invalid.1.Load.ReferenceOffsetY.0.key
OK: generalGeometry.invalid.1.Load.ReferenceOffsetY.0.address
OK: generalGeometry.invalid.1.Load.ReferenceOffsetY.0.action
GENERAL_INPUT: generalGeometry.invalid.1.Load.ReferenceOffsetY.0|Настройка Load.ReferenceOffsetY (лист Config, ячейка CI815): Обязательное числовое значение не задано. Введите число или формулу, возвращающую число; пустое значение и TODO недопустимы.
OK: generalGeometry.invalid.1.Load.ReferenceOffsetY.1.rejected
OK: generalGeometry.invalid.1.Load.ReferenceOffsetY.1.key
OK: generalGeometry.invalid.1.Load.ReferenceOffsetY.1.address
OK: generalGeometry.invalid.1.Load.ReferenceOffsetY.1.action
GENERAL_INPUT: generalGeometry.invalid.1.Load.ReferenceOffsetY.1|Настройка Load.ReferenceOffsetY (лист Config, ячейка CI815): Обязательное числовое значение не задано. Введите число или формулу, возвращающую число; пустое значение и TODO недопустимы.
OK: generalGeometry.invalid.1.Load.ReferenceOffsetY.2.rejected
OK: generalGeometry.invalid.1.Load.ReferenceOffsetY.2.key
OK: generalGeometry.invalid.1.Load.ReferenceOffsetY.2.address
OK: generalGeometry.invalid.1.Load.ReferenceOffsetY.2.action
GENERAL_INPUT: generalGeometry.invalid.1.Load.ReferenceOffsetY.2|Настройка Load.ReferenceOffsetY (лист Config, ячейка CI815): Не удалось прочитать обязательное число: "abc". Введите конечное число допустимого диапазона или исправьте формулу.
OK: generalGeometry.invalid.1.Load.ReferenceOffsetY.3.rejected
OK: generalGeometry.invalid.1.Load.ReferenceOffsetY.3.key
OK: generalGeometry.invalid.1.Load.ReferenceOffsetY.3.address
OK: generalGeometry.invalid.1.Load.ReferenceOffsetY.3.action
GENERAL_INPUT: generalGeometry.invalid.1.Load.ReferenceOffsetY.3|Настройка Load.ReferenceOffsetY (лист Config, ячейка CI815) содержит ошибку Excel в колонке "значение". Исправьте формулу или введите допустимое значение вместо ошибки Excel.
OK: generalGeometry.missing.1.Load.ReferenceOffsetY.rejected
OK: generalGeometry.missing.1.Load.ReferenceOffsetY.key
OK: generalGeometry.recovery.1.Load.ReferenceOffsetY
OK: generalGeometry.restore.name
GENERAL_GEOMETRY_CASES: 164
TOTAL_GENERAL_GEOMETRY_CONFIG: passed=1788; failed=0

COM_WORKBOOK_AFTER_SUITE: path=C:\Users\avidzba\AppData\Local\Temp\RC_NDM_ModeSuite_0705910ae24c44a6b96bbcf3943ed33f\RC_Section_NDM.xlsm; readOnly=True; sameProxy=True
MODE_AFTER_SUITE: No
SUITE_FINISHED: modTestGeneralGeometryConfig.RunAudit03GeneralGeometryConfigTests; 2026-10-04T20:07:44
SOURCE_UNCHANGED: True
WATCHDOG_COMPLETED: exit=0; source unchanged=True
