SOURCE: C:\Users\avidzba\Desktop\программы\В_РАБОТЕ!\RC_Section_NDM\docs\regression\Audit03\RC_Section_NDM_general_plot_negative_v207b.xlsm
SOURCE_SHA256: 1B3379E9AD8B58C308E7FF172106E47A29E5C05DCE96EDB05B4558A1BA718E4A
FIXTURE: C:\Users\avidzba\AppData\Local\Temp\RC_NDM_ModeSuite_ceb482b2f54a4bf1bb04e276bcef17d4\RC_Section_NDM.xlsm
GLOBAL_MODE: General.DiagramExtension=No; explicit-On tests retain their setup
===== modTestWorkbookInterface.RunAudit03GeneralPlotTests =====
SUITE_STARTED: modTestWorkbookInterface.RunAudit03GeneralPlotTests; 2026-10-04T10:43:33
EXCEL_AFTER_SUITE: pid=20220; workingSet=164737024; privateBytes=134680576; cpu=13.96875
EXCEL_AFTER_SUITE: pid=23476; workingSet=209575936; privateBytes=160919552; cpu=9927.390625
OK: audit03.generalPlot.p0.Plot.ContourEnabled.bad8.rejected
OK: audit03.generalPlot.p0.Plot.ContourEnabled.bad8.key
FAIL: audit03.generalPlot.p0.Plot.ContourEnabled.bad8.address
OK: audit03.generalPlot.p0.Plot.ContourEnabled.bad8.action
FAIL: audit03.generalPlot.p0.Plot.ContourEnabled.bad8.oldChartPreserved
GENERAL_PLOT_ERROR: audit03.generalPlot.p0.Plot.ContourEnabled.bad8|Настройка Plot.ContourEnabled (лист PlotConfig, ячейка B126): Значение переключателя не распознано. Выберите Yes или No.
OK: audit03.generalPlot.p0.Plot.ContourEnabled.bad8.recovery
OK: audit03.generalPlot.p0.Plot.ContourEnabled.bad8.rejected
OK: audit03.generalPlot.p0.Plot.ContourEnabled.bad8.key
FAIL: audit03.generalPlot.p0.Plot.ContourEnabled.bad8.address
OK: audit03.generalPlot.p0.Plot.ContourEnabled.bad8.action
FAIL: audit03.generalPlot.p0.Plot.ContourEnabled.bad8.oldChartPreserved
GENERAL_PLOT_ERROR: audit03.generalPlot.p0.Plot.ContourEnabled.bad8|Настройка Plot.ContourEnabled (лист PlotConfig, ячейка B126): Значение переключателя не распознано. Выберите Yes или No.
OK: audit03.generalPlot.p0.Plot.ContourEnabled.bad8.recovery
OK: audit03.generalPlot.p0.Plot.ContourEnabled.bad8.rejected
OK: audit03.generalPlot.p0.Plot.ContourEnabled.bad8.key
FAIL: audit03.generalPlot.p0.Plot.ContourEnabled.bad8.address
OK: audit03.generalPlot.p0.Plot.ContourEnabled.bad8.action
FAIL: audit03.generalPlot.p0.Plot.ContourEnabled.bad8.oldChartPreserved
GENERAL_PLOT_ERROR: audit03.generalPlot.p0.Plot.ContourEnabled.bad8|Настройка Plot.ContourEnabled (лист PlotConfig, ячейка B126): Значение переключателя не распознано. Выберите Yes или No.
OK: audit03.generalPlot.p0.Plot.ContourEnabled.bad8.recovery
OK: audit03.generalPlot.p0.Plot.ContourEnabled.bad10.rejected
OK: audit03.generalPlot.p0.Plot.ContourEnabled.bad10.key
FAIL: audit03.generalPlot.p0.Plot.ContourEnabled.bad10.address
OK: audit03.generalPlot.p0.Plot.ContourEnabled.bad10.action
FAIL: audit03.generalPlot.p0.Plot.ContourEnabled.bad10.oldChartPreserved
GENERAL_PLOT_ERROR: audit03.generalPlot.p0.Plot.ContourEnabled.bad10|Настройка Plot.ContourEnabled (лист PlotConfig, ячейка B126) содержит ошибку Excel в колонке "значение". Исправьте формулу или введите допустимое значение вместо ошибки Excel.
OK: audit03.generalPlot.p0.Plot.ContourEnabled.bad10.recovery
OK: audit03.generalPlot.p0.Plot.NeutralLineEnabled.bad8.rejected
OK: audit03.generalPlot.p0.Plot.NeutralLineEnabled.bad8.key
FAIL: audit03.generalPlot.p0.Plot.NeutralLineEnabled.bad8.address
OK: audit03.generalPlot.p0.Plot.NeutralLineEnabled.bad8.action
FAIL: audit03.generalPlot.p0.Plot.NeutralLineEnabled.bad8.oldChartPreserved
GENERAL_PLOT_ERROR: audit03.generalPlot.p0.Plot.NeutralLineEnabled.bad8|Настройка Plot.NeutralLineEnabled (лист PlotConfig, ячейка B121): Значение переключателя не распознано. Выберите Yes или No.
OK: audit03.generalPlot.p0.Plot.NeutralLineEnabled.bad8.recovery
OK: audit03.generalPlot.p0.Plot.NeutralLineEnabled.bad8.rejected
OK: audit03.generalPlot.p0.Plot.NeutralLineEnabled.bad8.key
FAIL: audit03.generalPlot.p0.Plot.NeutralLineEnabled.bad8.address
OK: audit03.generalPlot.p0.Plot.NeutralLineEnabled.bad8.action
FAIL: audit03.generalPlot.p0.Plot.NeutralLineEnabled.bad8.oldChartPreserved
GENERAL_PLOT_ERROR: audit03.generalPlot.p0.Plot.NeutralLineEnabled.bad8|Настройка Plot.NeutralLineEnabled (лист PlotConfig, ячейка B121): Значение переключателя не распознано. Выберите Yes или No.
OK: audit03.generalPlot.p0.Plot.NeutralLineEnabled.bad8.recovery
OK: audit03.generalPlot.p0.Plot.NeutralLineEnabled.bad8.rejected
OK: audit03.generalPlot.p0.Plot.NeutralLineEnabled.bad8.key
FAIL: audit03.generalPlot.p0.Plot.NeutralLineEnabled.bad8.address
OK: audit03.generalPlot.p0.Plot.NeutralLineEnabled.bad8.action
FAIL: audit03.generalPlot.p0.Plot.NeutralLineEnabled.bad8.oldChartPreserved
GENERAL_PLOT_ERROR: audit03.generalPlot.p0.Plot.NeutralLineEnabled.bad8|Настройка Plot.NeutralLineEnabled (лист PlotConfig, ячейка B121): Значение переключателя не распознано. Выберите Yes или No.
OK: audit03.generalPlot.p0.Plot.NeutralLineEnabled.bad8.recovery
OK: audit03.generalPlot.p0.Plot.NeutralLineEnabled.bad10.rejected
OK: audit03.generalPlot.p0.Plot.NeutralLineEnabled.bad10.key
FAIL: audit03.generalPlot.p0.Plot.NeutralLineEnabled.bad10.address
OK: audit03.generalPlot.p0.Plot.NeutralLineEnabled.bad10.action
FAIL: audit03.generalPlot.p0.Plot.NeutralLineEnabled.bad10.oldChartPreserved
GENERAL_PLOT_ERROR: audit03.generalPlot.p0.Plot.NeutralLineEnabled.bad10|Настройка Plot.NeutralLineEnabled (лист PlotConfig, ячейка B121) содержит ошибку Excel в колонке "значение". Исправьте формулу или введите допустимое значение вместо ошибки Excel.
OK: audit03.generalPlot.p0.Plot.NeutralLineEnabled.bad10.recovery
OK: audit03.generalPlot.p0.Plot.LoadApplicationPointEnabled.bad8.rejected
OK: audit03.generalPlot.p0.Plot.LoadApplicationPointEnabled.bad8.key
FAIL: audit03.generalPlot.p0.Plot.LoadApplicationPointEnabled.bad8.address
OK: audit03.generalPlot.p0.Plot.LoadApplicationPointEnabled.bad8.action
FAIL: audit03.generalPlot.p0.Plot.LoadApplicationPointEnabled.bad8.oldChartPreserved
GENERAL_PLOT_ERROR: audit03.generalPlot.p0.Plot.LoadApplicationPointEnabled.bad8|Настройка Plot.LoadApplicationPointEnabled (лист PlotConfig, ячейка B123): Значение переключателя не распознано. Выберите Yes или No.
OK: audit03.generalPlot.p0.Plot.LoadApplicationPointEnabled.bad8.recovery
OK: audit03.generalPlot.p0.Plot.LoadApplicationPointEnabled.bad8.rejected
OK: audit03.generalPlot.p0.Plot.LoadApplicationPointEnabled.bad8.key
FAIL: audit03.generalPlot.p0.Plot.LoadApplicationPointEnabled.bad8.address
OK: audit03.generalPlot.p0.Plot.LoadApplicationPointEnabled.bad8.action
FAIL: audit03.generalPlot.p0.Plot.LoadApplicationPointEnabled.bad8.oldChartPreserved
GENERAL_PLOT_ERROR: audit03.generalPlot.p0.Plot.LoadApplicationPointEnabled.bad8|Настройка Plot.LoadApplicationPointEnabled (лист PlotConfig, ячейка B123): Значение переключателя не распознано. Выберите Yes или No.
OK: audit03.generalPlot.p0.Plot.LoadApplicationPointEnabled.bad8.recovery
OK: audit03.generalPlot.p0.Plot.LoadApplicationPointEnabled.bad8.rejected
OK: audit03.generalPlot.p0.Plot.LoadApplicationPointEnabled.bad8.key
FAIL: audit03.generalPlot.p0.Plot.LoadApplicationPointEnabled.bad8.address
OK: audit03.generalPlot.p0.Plot.LoadApplicationPointEnabled.bad8.action
FAIL: audit03.generalPlot.p0.Plot.LoadApplicationPointEnabled.bad8.oldChartPreserved
GENERAL_PLOT_ERROR: audit03.generalPlot.p0.Plot.LoadApplicationPointEnabled.bad8|Настройка Plot.LoadApplicationPointEnabled (лист PlotConfig, ячейка B123): Значение переключателя не распознано. Выберите Yes или No.
OK: audit03.generalPlot.p0.Plot.LoadApplicationPointEnabled.bad8.recovery
OK: audit03.generalPlot.p0.Plot.LoadApplicationPointEnabled.bad10.rejected
OK: audit03.generalPlot.p0.Plot.LoadApplicationPointEnabled.bad10.key
FAIL: audit03.generalPlot.p0.Plot.LoadApplicationPointEnabled.bad10.address
OK: audit03.generalPlot.p0.Plot.LoadApplicationPointEnabled.bad10.action
FAIL: audit03.generalPlot.p0.Plot.LoadApplicationPointEnabled.bad10.oldChartPreserved
GENERAL_PLOT_ERROR: audit03.generalPlot.p0.Plot.LoadApplicationPointEnabled.bad10|Настройка Plot.LoadApplicationPointEnabled (лист PlotConfig, ячейка B123) содержит ошибку Excel в колонке "значение". Исправьте формулу или введите допустимое значение вместо ошибки Excel.
OK: audit03.generalPlot.p0.Plot.LoadApplicationPointEnabled.bad10.recovery
OK: audit03.generalPlot.p0.Plot.ResultLabelsEnabled.bad8.rejected
OK: audit03.generalPlot.p0.Plot.ResultLabelsEnabled.bad8.key
FAIL: audit03.generalPlot.p0.Plot.ResultLabelsEnabled.bad8.address
OK: audit03.generalPlot.p0.Plot.ResultLabelsEnabled.bad8.action
FAIL: audit03.generalPlot.p0.Plot.ResultLabelsEnabled.bad8.oldChartPreserved
GENERAL_PLOT_ERROR: audit03.generalPlot.p0.Plot.ResultLabelsEnabled.bad8|Настройка Plot.ResultLabelsEnabled (лист PlotConfig, ячейка B119): Значение переключателя не распознано. Выберите Yes или No.
OK: audit03.generalPlot.p0.Plot.ResultLabelsEnabled.bad8.recovery
OK: audit03.generalPlot.p0.Plot.ResultLabelsEnabled.bad8.rejected
OK: audit03.generalPlot.p0.Plot.ResultLabelsEnabled.bad8.key
FAIL: audit03.generalPlot.p0.Plot.ResultLabelsEnabled.bad8.address
OK: audit03.generalPlot.p0.Plot.ResultLabelsEnabled.bad8.action
FAIL: audit03.generalPlot.p0.Plot.ResultLabelsEnabled.bad8.oldChartPreserved
GENERAL_PLOT_ERROR: audit03.generalPlot.p0.Plot.ResultLabelsEnabled.bad8|Настройка Plot.ResultLabelsEnabled (лист PlotConfig, ячейка B119): Значение переключателя не распознано. Выберите Yes или No.
OK: audit03.generalPlot.p0.Plot.ResultLabelsEnabled.bad8.recovery
OK: audit03.generalPlot.p0.Plot.ResultLabelsEnabled.bad8.rejected
OK: audit03.generalPlot.p0.Plot.ResultLabelsEnabled.bad8.key
FAIL: audit03.generalPlot.p0.Plot.ResultLabelsEnabled.bad8.address
OK: audit03.generalPlot.p0.Plot.ResultLabelsEnabled.bad8.action
FAIL: audit03.generalPlot.p0.Plot.ResultLabelsEnabled.bad8.oldChartPreserved
GENERAL_PLOT_ERROR: audit03.generalPlot.p0.Plot.ResultLabelsEnabled.bad8|Настройка Plot.ResultLabelsEnabled (лист PlotConfig, ячейка B119): Значение переключателя не распознано. Выберите Yes или No.
OK: audit03.generalPlot.p0.Plot.ResultLabelsEnabled.bad8.recovery
OK: audit03.generalPlot.p0.Plot.ResultLabelsEnabled.bad10.rejected
OK: audit03.generalPlot.p0.Plot.ResultLabelsEnabled.bad10.key
FAIL: audit03.generalPlot.p0.Plot.ResultLabelsEnabled.bad10.address
OK: audit03.generalPlot.p0.Plot.ResultLabelsEnabled.bad10.action
FAIL: audit03.generalPlot.p0.Plot.ResultLabelsEnabled.bad10.oldChartPreserved
GENERAL_PLOT_ERROR: audit03.generalPlot.p0.Plot.ResultLabelsEnabled.bad10|Настройка Plot.ResultLabelsEnabled (лист PlotConfig, ячейка B119) содержит ошибку Excel в колонке "значение". Исправьте формулу или введите допустимое значение вместо ошибки Excel.
OK: audit03.generalPlot.p0.Plot.ResultLabelsEnabled.bad10.recovery
OK: audit03.generalPlot.p0.Plot.LegendEnabled.bad8.rejected
OK: audit03.generalPlot.p0.Plot.LegendEnabled.bad8.key
FAIL: audit03.generalPlot.p0.Plot.LegendEnabled.bad8.address
OK: audit03.generalPlot.p0.Plot.LegendEnabled.bad8.action
FAIL: audit03.generalPlot.p0.Plot.LegendEnabled.bad8.oldChartPreserved
GENERAL_PLOT_ERROR: audit03.generalPlot.p0.Plot.LegendEnabled.bad8|Настройка Plot.LegendEnabled (лист PlotConfig, ячейка B127): Значение переключателя не распознано. Выберите Yes или No.
OK: audit03.generalPlot.p0.Plot.LegendEnabled.bad8.recovery
OK: audit03.generalPlot.p0.Plot.LegendEnabled.bad8.rejected
OK: audit03.generalPlot.p0.Plot.LegendEnabled.bad8.key
FAIL: audit03.generalPlot.p0.Plot.LegendEnabled.bad8.address
OK: audit03.generalPlot.p0.Plot.LegendEnabled.bad8.action
FAIL: audit03.generalPlot.p0.Plot.LegendEnabled.bad8.oldChartPreserved
GENERAL_PLOT_ERROR: audit03.generalPlot.p0.Plot.LegendEnabled.bad8|Настройка Plot.LegendEnabled (лист PlotConfig, ячейка B127): Значение переключателя не распознано. Выберите Yes или No.
OK: audit03.generalPlot.p0.Plot.LegendEnabled.bad8.recovery
OK: audit03.generalPlot.p0.Plot.LegendEnabled.bad8.rejected
OK: audit03.generalPlot.p0.Plot.LegendEnabled.bad8.key
FAIL: audit03.generalPlot.p0.Plot.LegendEnabled.bad8.address
OK: audit03.generalPlot.p0.Plot.LegendEnabled.bad8.action
FAIL: audit03.generalPlot.p0.Plot.LegendEnabled.bad8.oldChartPreserved
GENERAL_PLOT_ERROR: audit03.generalPlot.p0.Plot.LegendEnabled.bad8|Настройка Plot.LegendEnabled (лист PlotConfig, ячейка B127): Значение переключателя не распознано. Выберите Yes или No.
OK: audit03.generalPlot.p0.Plot.LegendEnabled.bad8.recovery
OK: audit03.generalPlot.p0.Plot.LegendEnabled.bad10.rejected
OK: audit03.generalPlot.p0.Plot.LegendEnabled.bad10.key
FAIL: audit03.generalPlot.p0.Plot.LegendEnabled.bad10.address
OK: audit03.generalPlot.p0.Plot.LegendEnabled.bad10.action
FAIL: audit03.generalPlot.p0.Plot.LegendEnabled.bad10.oldChartPreserved
GENERAL_PLOT_ERROR: audit03.generalPlot.p0.Plot.LegendEnabled.bad10|Настройка Plot.LegendEnabled (лист PlotConfig, ячейка B127) содержит ошибку Excel в колонке "значение". Исправьте формулу или введите допустимое значение вместо ошибки Excel.
OK: audit03.generalPlot.p0.Plot.LegendEnabled.bad10.recovery
FAIL: audit03.generalPlot.p0.Plot.PrincipalAxesMode.bad8.rejected
FAIL: audit03.generalPlot.p0.Plot.PrincipalAxesMode.bad8.key
FAIL: audit03.generalPlot.p0.Plot.PrincipalAxesMode.bad8.address
FAIL: audit03.generalPlot.p0.Plot.PrincipalAxesMode.bad8.action
FAIL: audit03.generalPlot.p0.Plot.PrincipalAxesMode.bad8.oldChartPreserved
GENERAL_PLOT_ERROR: audit03.generalPlot.p0.Plot.PrincipalAxesMode.bad8|
OK: audit03.generalPlot.p0.Plot.PrincipalAxesMode.bad8.recovery
FAIL: audit03.generalPlot.p0.Plot.PrincipalAxesMode.bad8.rejected
FAIL: audit03.generalPlot.p0.Plot.PrincipalAxesMode.bad8.key
FAIL: audit03.generalPlot.p0.Plot.PrincipalAxesMode.bad8.address
FAIL: audit03.generalPlot.p0.Plot.PrincipalAxesMode.bad8.action
FAIL: audit03.generalPlot.p0.Plot.PrincipalAxesMode.bad8.oldChartPreserved
GENERAL_PLOT_ERROR: audit03.generalPlot.p0.Plot.PrincipalAxesMode.bad8|
OK: audit03.generalPlot.p0.Plot.PrincipalAxesMode.bad8.recovery
OK: audit03.generalPlot.p0.Plot.PrincipalAxesMode.bad8.rejected
OK: audit03.generalPlot.p0.Plot.PrincipalAxesMode.bad8.key
FAIL: audit03.generalPlot.p0.Plot.PrincipalAxesMode.bad8.address
FAIL: audit03.generalPlot.p0.Plot.PrincipalAxesMode.bad8.action
FAIL: audit03.generalPlot.p0.Plot.PrincipalAxesMode.bad8.oldChartPreserved
GENERAL_PLOT_ERROR: audit03.generalPlot.p0.Plot.PrincipalAxesMode.bad8|Plot.PrincipalAxesMode должен быть Transformed, Concrete или None.
OK: audit03.generalPlot.p0.Plot.PrincipalAxesMode.bad8.recovery
OK: audit03.generalPlot.p0.Plot.PrincipalAxesMode.bad10.rejected
OK: audit03.generalPlot.p0.Plot.PrincipalAxesMode.bad10.key
FAIL: audit03.generalPlot.p0.Plot.PrincipalAxesMode.bad10.address
OK: audit03.generalPlot.p0.Plot.PrincipalAxesMode.bad10.action
FAIL: audit03.generalPlot.p0.Plot.PrincipalAxesMode.bad10.oldChartPreserved
GENERAL_PLOT_ERROR: audit03.generalPlot.p0.Plot.PrincipalAxesMode.bad10|Настройка Plot.PrincipalAxesMode (лист PlotConfig, ячейка B122) содержит ошибку Excel в колонке "значение". Исправьте формулу или введите допустимое значение вместо ошибки Excel.
OK: audit03.generalPlot.p0.Plot.PrincipalAxesMode.bad10.recovery
FAIL: audit03.generalPlot.p0.Plot.ResultLabelSpacing.bad8.rejected
FAIL: audit03.generalPlot.p0.Plot.ResultLabelSpacing.bad8.key
FAIL: audit03.generalPlot.p0.Plot.ResultLabelSpacing.bad8.address
FAIL: audit03.generalPlot.p0.Plot.ResultLabelSpacing.bad8.action
FAIL: audit03.generalPlot.p0.Plot.ResultLabelSpacing.bad8.oldChartPreserved
GENERAL_PLOT_ERROR: audit03.generalPlot.p0.Plot.ResultLabelSpacing.bad8|
OK: audit03.generalPlot.p0.Plot.ResultLabelSpacing.bad8.recovery
FAIL: audit03.generalPlot.p0.Plot.ResultLabelSpacing.bad8.rejected
FAIL: audit03.generalPlot.p0.Plot.ResultLabelSpacing.bad8.key
FAIL: audit03.generalPlot.p0.Plot.ResultLabelSpacing.bad8.address
FAIL: audit03.generalPlot.p0.Plot.ResultLabelSpacing.bad8.action
FAIL: audit03.generalPlot.p0.Plot.ResultLabelSpacing.bad8.oldChartPreserved
GENERAL_PLOT_ERROR: audit03.generalPlot.p0.Plot.ResultLabelSpacing.bad8|
OK: audit03.generalPlot.p0.Plot.ResultLabelSpacing.bad8.recovery
OK: audit03.generalPlot.p0.Plot.ResultLabelSpacing.bad8.rejected
OK: audit03.generalPlot.p0.Plot.ResultLabelSpacing.bad8.key
FAIL: audit03.generalPlot.p0.Plot.ResultLabelSpacing.bad8.address
OK: audit03.generalPlot.p0.Plot.ResultLabelSpacing.bad8.action
FAIL: audit03.generalPlot.p0.Plot.ResultLabelSpacing.bad8.oldChartPreserved
GENERAL_PLOT_ERROR: audit03.generalPlot.p0.Plot.ResultLabelSpacing.bad8|Настройка Plot.ResultLabelSpacing (лист PlotConfig, ячейка B120): Не удалось прочитать число: "INVALID". Введите конечное число допустимого диапазона или исправьте формулу.
OK: audit03.generalPlot.p0.Plot.ResultLabelSpacing.bad8.recovery
OK: audit03.generalPlot.p0.Plot.ResultLabelSpacing.bad10.rejected
OK: audit03.generalPlot.p0.Plot.ResultLabelSpacing.bad10.key
FAIL: audit03.generalPlot.p0.Plot.ResultLabelSpacing.bad10.address
OK: audit03.generalPlot.p0.Plot.ResultLabelSpacing.bad10.action
FAIL: audit03.generalPlot.p0.Plot.ResultLabelSpacing.bad10.oldChartPreserved
GENERAL_PLOT_ERROR: audit03.generalPlot.p0.Plot.ResultLabelSpacing.bad10|Настройка Plot.ResultLabelSpacing (лист PlotConfig, ячейка B120) содержит ошибку Excel в колонке "значение". Исправьте формулу или введите допустимое значение вместо ошибки Excel.
OK: audit03.generalPlot.p0.Plot.ResultLabelSpacing.bad10.recovery
FAIL: audit03.generalPlot.spacing.sign.p0.0
FAIL: audit03.generalPlot.spacing.sign.p0.-1
FAIL: audit03.generalPlot.spacing.smallPositive.p0
FAIL: audit03.generalPlot.spacing.label.p0
OK: audit03.generalPlot.spacing.inactive.p0
OK: audit03.generalPlot.geometry.inactive.p0
OK: audit03.generalPlot.neutral.off.p0
FAIL: audit03.generalPlot.neutral.on.p0
OK: audit03.generalPlot.load.off.p0
OK: audit03.generalPlot.load.on.p0
OK: audit03.generalPlot.axes.off.p0
OK: audit03.generalPlot.axes.on.p0
OK: audit03.generalPlot.p1.Plot.ContourEnabled.bad8.rejected
OK: audit03.generalPlot.p1.Plot.ContourEnabled.bad8.key
FAIL: audit03.generalPlot.p1.Plot.ContourEnabled.bad8.address
OK: audit03.generalPlot.p1.Plot.ContourEnabled.bad8.action
FAIL: audit03.generalPlot.p1.Plot.ContourEnabled.bad8.oldChartPreserved
GENERAL_PLOT_ERROR: audit03.generalPlot.p1.Plot.ContourEnabled.bad8|Настройка Plot.ContourEnabled (лист PlotConfig, ячейка CI921): Значение переключателя не распознано. Выберите Yes или No.
OK: audit03.generalPlot.p1.Plot.ContourEnabled.bad8.recovery
OK: audit03.generalPlot.p1.Plot.ContourEnabled.bad8.rejected
OK: audit03.generalPlot.p1.Plot.ContourEnabled.bad8.key
FAIL: audit03.generalPlot.p1.Plot.ContourEnabled.bad8.address
OK: audit03.generalPlot.p1.Plot.ContourEnabled.bad8.action
FAIL: audit03.generalPlot.p1.Plot.ContourEnabled.bad8.oldChartPreserved
GENERAL_PLOT_ERROR: audit03.generalPlot.p1.Plot.ContourEnabled.bad8|Настройка Plot.ContourEnabled (лист PlotConfig, ячейка CI921): Значение переключателя не распознано. Выберите Yes или No.
OK: audit03.generalPlot.p1.Plot.ContourEnabled.bad8.recovery
OK: audit03.generalPlot.p1.Plot.ContourEnabled.bad8.rejected
OK: audit03.generalPlot.p1.Plot.ContourEnabled.bad8.key
FAIL: audit03.generalPlot.p1.Plot.ContourEnabled.bad8.address
OK: audit03.generalPlot.p1.Plot.ContourEnabled.bad8.action
FAIL: audit03.generalPlot.p1.Plot.ContourEnabled.bad8.oldChartPreserved
GENERAL_PLOT_ERROR: audit03.generalPlot.p1.Plot.ContourEnabled.bad8|Настройка Plot.ContourEnabled (лист PlotConfig, ячейка CI921): Значение переключателя не распознано. Выберите Yes или No.
OK: audit03.generalPlot.p1.Plot.ContourEnabled.bad8.recovery
OK: audit03.generalPlot.p1.Plot.ContourEnabled.bad10.rejected
OK: audit03.generalPlot.p1.Plot.ContourEnabled.bad10.key
FAIL: audit03.generalPlot.p1.Plot.ContourEnabled.bad10.address
OK: audit03.generalPlot.p1.Plot.ContourEnabled.bad10.action
FAIL: audit03.generalPlot.p1.Plot.ContourEnabled.bad10.oldChartPreserved
GENERAL_PLOT_ERROR: audit03.generalPlot.p1.Plot.ContourEnabled.bad10|Настройка Plot.ContourEnabled (лист PlotConfig, ячейка CI921) содержит ошибку Excel в колонке "значение". Исправьте формулу или введите допустимое значение вместо ошибки Excel.
OK: audit03.generalPlot.p1.Plot.ContourEnabled.bad10.recovery
OK: audit03.generalPlot.p1.Plot.NeutralLineEnabled.bad8.rejected
OK: audit03.generalPlot.p1.Plot.NeutralLineEnabled.bad8.key
FAIL: audit03.generalPlot.p1.Plot.NeutralLineEnabled.bad8.address
OK: audit03.generalPlot.p1.Plot.NeutralLineEnabled.bad8.action
FAIL: audit03.generalPlot.p1.Plot.NeutralLineEnabled.bad8.oldChartPreserved
GENERAL_PLOT_ERROR: audit03.generalPlot.p1.Plot.NeutralLineEnabled.bad8|Настройка Plot.NeutralLineEnabled (лист PlotConfig, ячейка CI916): Значение переключателя не распознано. Выберите Yes или No.
OK: audit03.generalPlot.p1.Plot.NeutralLineEnabled.bad8.recovery
OK: audit03.generalPlot.p1.Plot.NeutralLineEnabled.bad8.rejected
OK: audit03.generalPlot.p1.Plot.NeutralLineEnabled.bad8.key
FAIL: audit03.generalPlot.p1.Plot.NeutralLineEnabled.bad8.address
OK: audit03.generalPlot.p1.Plot.NeutralLineEnabled.bad8.action
FAIL: audit03.generalPlot.p1.Plot.NeutralLineEnabled.bad8.oldChartPreserved
GENERAL_PLOT_ERROR: audit03.generalPlot.p1.Plot.NeutralLineEnabled.bad8|Настройка Plot.NeutralLineEnabled (лист PlotConfig, ячейка CI916): Значение переключателя не распознано. Выберите Yes или No.
OK: audit03.generalPlot.p1.Plot.NeutralLineEnabled.bad8.recovery
OK: audit03.generalPlot.p1.Plot.NeutralLineEnabled.bad8.rejected
OK: audit03.generalPlot.p1.Plot.NeutralLineEnabled.bad8.key
FAIL: audit03.generalPlot.p1.Plot.NeutralLineEnabled.bad8.address
OK: audit03.generalPlot.p1.Plot.NeutralLineEnabled.bad8.action
FAIL: audit03.generalPlot.p1.Plot.NeutralLineEnabled.bad8.oldChartPreserved
GENERAL_PLOT_ERROR: audit03.generalPlot.p1.Plot.NeutralLineEnabled.bad8|Настройка Plot.NeutralLineEnabled (лист PlotConfig, ячейка CI916): Значение переключателя не распознано. Выберите Yes или No.
OK: audit03.generalPlot.p1.Plot.NeutralLineEnabled.bad8.recovery
OK: audit03.generalPlot.p1.Plot.NeutralLineEnabled.bad10.rejected
OK: audit03.generalPlot.p1.Plot.NeutralLineEnabled.bad10.key
FAIL: audit03.generalPlot.p1.Plot.NeutralLineEnabled.bad10.address
OK: audit03.generalPlot.p1.Plot.NeutralLineEnabled.bad10.action
FAIL: audit03.generalPlot.p1.Plot.NeutralLineEnabled.bad10.oldChartPreserved
GENERAL_PLOT_ERROR: audit03.generalPlot.p1.Plot.NeutralLineEnabled.bad10|Настройка Plot.NeutralLineEnabled (лист PlotConfig, ячейка CI916) содержит ошибку Excel в колонке "значение". Исправьте формулу или введите допустимое значение вместо ошибки Excel.
OK: audit03.generalPlot.p1.Plot.NeutralLineEnabled.bad10.recovery
OK: audit03.generalPlot.p1.Plot.LoadApplicationPointEnabled.bad8.rejected
OK: audit03.generalPlot.p1.Plot.LoadApplicationPointEnabled.bad8.key
FAIL: audit03.generalPlot.p1.Plot.LoadApplicationPointEnabled.bad8.address
OK: audit03.generalPlot.p1.Plot.LoadApplicationPointEnabled.bad8.action
FAIL: audit03.generalPlot.p1.Plot.LoadApplicationPointEnabled.bad8.oldChartPreserved
GENERAL_PLOT_ERROR: audit03.generalPlot.p1.Plot.LoadApplicationPointEnabled.bad8|Настройка Plot.LoadApplicationPointEnabled (лист PlotConfig, ячейка CI918): Значение переключателя не распознано. Выберите Yes или No.
OK: audit03.generalPlot.p1.Plot.LoadApplicationPointEnabled.bad8.recovery
OK: audit03.generalPlot.p1.Plot.LoadApplicationPointEnabled.bad8.rejected
OK: audit03.generalPlot.p1.Plot.LoadApplicationPointEnabled.bad8.key
FAIL: audit03.generalPlot.p1.Plot.LoadApplicationPointEnabled.bad8.address
OK: audit03.generalPlot.p1.Plot.LoadApplicationPointEnabled.bad8.action
FAIL: audit03.generalPlot.p1.Plot.LoadApplicationPointEnabled.bad8.oldChartPreserved
GENERAL_PLOT_ERROR: audit03.generalPlot.p1.Plot.LoadApplicationPointEnabled.bad8|Настройка Plot.LoadApplicationPointEnabled (лист PlotConfig, ячейка CI918): Значение переключателя не распознано. Выберите Yes или No.
OK: audit03.generalPlot.p1.Plot.LoadApplicationPointEnabled.bad8.recovery
OK: audit03.generalPlot.p1.Plot.LoadApplicationPointEnabled.bad8.rejected
OK: audit03.generalPlot.p1.Plot.LoadApplicationPointEnabled.bad8.key
FAIL: audit03.generalPlot.p1.Plot.LoadApplicationPointEnabled.bad8.address
OK: audit03.generalPlot.p1.Plot.LoadApplicationPointEnabled.bad8.action
FAIL: audit03.generalPlot.p1.Plot.LoadApplicationPointEnabled.bad8.oldChartPreserved
GENERAL_PLOT_ERROR: audit03.generalPlot.p1.Plot.LoadApplicationPointEnabled.bad8|Настройка Plot.LoadApplicationPointEnabled (лист PlotConfig, ячейка CI918): Значение переключателя не распознано. Выберите Yes или No.
OK: audit03.generalPlot.p1.Plot.LoadApplicationPointEnabled.bad8.recovery
OK: audit03.generalPlot.p1.Plot.LoadApplicationPointEnabled.bad10.rejected
OK: audit03.generalPlot.p1.Plot.LoadApplicationPointEnabled.bad10.key
FAIL: audit03.generalPlot.p1.Plot.LoadApplicationPointEnabled.bad10.address
OK: audit03.generalPlot.p1.Plot.LoadApplicationPointEnabled.bad10.action
FAIL: audit03.generalPlot.p1.Plot.LoadApplicationPointEnabled.bad10.oldChartPreserved
GENERAL_PLOT_ERROR: audit03.generalPlot.p1.Plot.LoadApplicationPointEnabled.bad10|Настройка Plot.LoadApplicationPointEnabled (лист PlotConfig, ячейка CI918) содержит ошибку Excel в колонке "значение". Исправьте формулу или введите допустимое значение вместо ошибки Excel.
OK: audit03.generalPlot.p1.Plot.LoadApplicationPointEnabled.bad10.recovery
OK: audit03.generalPlot.p1.Plot.ResultLabelsEnabled.bad8.rejected
OK: audit03.generalPlot.p1.Plot.ResultLabelsEnabled.bad8.key
FAIL: audit03.generalPlot.p1.Plot.ResultLabelsEnabled.bad8.address
OK: audit03.generalPlot.p1.Plot.ResultLabelsEnabled.bad8.action
FAIL: audit03.generalPlot.p1.Plot.ResultLabelsEnabled.bad8.oldChartPreserved
GENERAL_PLOT_ERROR: audit03.generalPlot.p1.Plot.ResultLabelsEnabled.bad8|Настройка Plot.ResultLabelsEnabled (лист PlotConfig, ячейка CI914): Значение переключателя не распознано. Выберите Yes или No.
OK: audit03.generalPlot.p1.Plot.ResultLabelsEnabled.bad8.recovery
OK: audit03.generalPlot.p1.Plot.ResultLabelsEnabled.bad8.rejected
OK: audit03.generalPlot.p1.Plot.ResultLabelsEnabled.bad8.key
FAIL: audit03.generalPlot.p1.Plot.ResultLabelsEnabled.bad8.address
OK: audit03.generalPlot.p1.Plot.ResultLabelsEnabled.bad8.action
FAIL: audit03.generalPlot.p1.Plot.ResultLabelsEnabled.bad8.oldChartPreserved
GENERAL_PLOT_ERROR: audit03.generalPlot.p1.Plot.ResultLabelsEnabled.bad8|Настройка Plot.ResultLabelsEnabled (лист PlotConfig, ячейка CI914): Значение переключателя не распознано. Выберите Yes или No.
OK: audit03.generalPlot.p1.Plot.ResultLabelsEnabled.bad8.recovery
OK: audit03.generalPlot.p1.Plot.ResultLabelsEnabled.bad8.rejected
OK: audit03.generalPlot.p1.Plot.ResultLabelsEnabled.bad8.key
FAIL: audit03.generalPlot.p1.Plot.ResultLabelsEnabled.bad8.address
OK: audit03.generalPlot.p1.Plot.ResultLabelsEnabled.bad8.action
FAIL: audit03.generalPlot.p1.Plot.ResultLabelsEnabled.bad8.oldChartPreserved
GENERAL_PLOT_ERROR: audit03.generalPlot.p1.Plot.ResultLabelsEnabled.bad8|Настройка Plot.ResultLabelsEnabled (лист PlotConfig, ячейка CI914): Значение переключателя не распознано. Выберите Yes или No.
OK: audit03.generalPlot.p1.Plot.ResultLabelsEnabled.bad8.recovery
OK: audit03.generalPlot.p1.Plot.ResultLabelsEnabled.bad10.rejected
OK: audit03.generalPlot.p1.Plot.ResultLabelsEnabled.bad10.key
FAIL: audit03.generalPlot.p1.Plot.ResultLabelsEnabled.bad10.address
OK: audit03.generalPlot.p1.Plot.ResultLabelsEnabled.bad10.action
FAIL: audit03.generalPlot.p1.Plot.ResultLabelsEnabled.bad10.oldChartPreserved
GENERAL_PLOT_ERROR: audit03.generalPlot.p1.Plot.ResultLabelsEnabled.bad10|Настройка Plot.ResultLabelsEnabled (лист PlotConfig, ячейка CI914) содержит ошибку Excel в колонке "значение". Исправьте формулу или введите допустимое значение вместо ошибки Excel.
OK: audit03.generalPlot.p1.Plot.ResultLabelsEnabled.bad10.recovery
OK: audit03.generalPlot.p1.Plot.LegendEnabled.bad8.rejected
OK: audit03.generalPlot.p1.Plot.LegendEnabled.bad8.key
FAIL: audit03.generalPlot.p1.Plot.LegendEnabled.bad8.address
OK: audit03.generalPlot.p1.Plot.LegendEnabled.bad8.action
FAIL: audit03.generalPlot.p1.Plot.LegendEnabled.bad8.oldChartPreserved
GENERAL_PLOT_ERROR: audit03.generalPlot.p1.Plot.LegendEnabled.bad8|Настройка Plot.LegendEnabled (лист PlotConfig, ячейка CI922): Значение переключателя не распознано. Выберите Yes или No.
OK: audit03.generalPlot.p1.Plot.LegendEnabled.bad8.recovery
OK: audit03.generalPlot.p1.Plot.LegendEnabled.bad8.rejected
OK: audit03.generalPlot.p1.Plot.LegendEnabled.bad8.key
FAIL: audit03.generalPlot.p1.Plot.LegendEnabled.bad8.address
OK: audit03.generalPlot.p1.Plot.LegendEnabled.bad8.action
FAIL: audit03.generalPlot.p1.Plot.LegendEnabled.bad8.oldChartPreserved
GENERAL_PLOT_ERROR: audit03.generalPlot.p1.Plot.LegendEnabled.bad8|Настройка Plot.LegendEnabled (лист PlotConfig, ячейка CI922): Значение переключателя не распознано. Выберите Yes или No.
OK: audit03.generalPlot.p1.Plot.LegendEnabled.bad8.recovery
OK: audit03.generalPlot.p1.Plot.LegendEnabled.bad8.rejected
OK: audit03.generalPlot.p1.Plot.LegendEnabled.bad8.key
FAIL: audit03.generalPlot.p1.Plot.LegendEnabled.bad8.address
OK: audit03.generalPlot.p1.Plot.LegendEnabled.bad8.action
FAIL: audit03.generalPlot.p1.Plot.LegendEnabled.bad8.oldChartPreserved
GENERAL_PLOT_ERROR: audit03.generalPlot.p1.Plot.LegendEnabled.bad8|Настройка Plot.LegendEnabled (лист PlotConfig, ячейка CI922): Значение переключателя не распознано. Выберите Yes или No.
OK: audit03.generalPlot.p1.Plot.LegendEnabled.bad8.recovery
OK: audit03.generalPlot.p1.Plot.LegendEnabled.bad10.rejected
OK: audit03.generalPlot.p1.Plot.LegendEnabled.bad10.key
FAIL: audit03.generalPlot.p1.Plot.LegendEnabled.bad10.address
OK: audit03.generalPlot.p1.Plot.LegendEnabled.bad10.action
FAIL: audit03.generalPlot.p1.Plot.LegendEnabled.bad10.oldChartPreserved
GENERAL_PLOT_ERROR: audit03.generalPlot.p1.Plot.LegendEnabled.bad10|Настройка Plot.LegendEnabled (лист PlotConfig, ячейка CI922) содержит ошибку Excel в колонке "значение". Исправьте формулу или введите допустимое значение вместо ошибки Excel.
OK: audit03.generalPlot.p1.Plot.LegendEnabled.bad10.recovery
FAIL: audit03.generalPlot.p1.Plot.PrincipalAxesMode.bad8.rejected
FAIL: audit03.generalPlot.p1.Plot.PrincipalAxesMode.bad8.key
FAIL: audit03.generalPlot.p1.Plot.PrincipalAxesMode.bad8.address
FAIL: audit03.generalPlot.p1.Plot.PrincipalAxesMode.bad8.action
FAIL: audit03.generalPlot.p1.Plot.PrincipalAxesMode.bad8.oldChartPreserved
GENERAL_PLOT_ERROR: audit03.generalPlot.p1.Plot.PrincipalAxesMode.bad8|
OK: audit03.generalPlot.p1.Plot.PrincipalAxesMode.bad8.recovery
FAIL: audit03.generalPlot.p1.Plot.PrincipalAxesMode.bad8.rejected
FAIL: audit03.generalPlot.p1.Plot.PrincipalAxesMode.bad8.key
FAIL: audit03.generalPlot.p1.Plot.PrincipalAxesMode.bad8.address
FAIL: audit03.generalPlot.p1.Plot.PrincipalAxesMode.bad8.action
FAIL: audit03.generalPlot.p1.Plot.PrincipalAxesMode.bad8.oldChartPreserved
GENERAL_PLOT_ERROR: audit03.generalPlot.p1.Plot.PrincipalAxesMode.bad8|
OK: audit03.generalPlot.p1.Plot.PrincipalAxesMode.bad8.recovery
OK: audit03.generalPlot.p1.Plot.PrincipalAxesMode.bad8.rejected
OK: audit03.generalPlot.p1.Plot.PrincipalAxesMode.bad8.key
FAIL: audit03.generalPlot.p1.Plot.PrincipalAxesMode.bad8.address
FAIL: audit03.generalPlot.p1.Plot.PrincipalAxesMode.bad8.action
FAIL: audit03.generalPlot.p1.Plot.PrincipalAxesMode.bad8.oldChartPreserved
GENERAL_PLOT_ERROR: audit03.generalPlot.p1.Plot.PrincipalAxesMode.bad8|Plot.PrincipalAxesMode должен быть Transformed, Concrete или None.
OK: audit03.generalPlot.p1.Plot.PrincipalAxesMode.bad8.recovery
OK: audit03.generalPlot.p1.Plot.PrincipalAxesMode.bad10.rejected
OK: audit03.generalPlot.p1.Plot.PrincipalAxesMode.bad10.key
FAIL: audit03.generalPlot.p1.Plot.PrincipalAxesMode.bad10.address
OK: audit03.generalPlot.p1.Plot.PrincipalAxesMode.bad10.action
FAIL: audit03.generalPlot.p1.Plot.PrincipalAxesMode.bad10.oldChartPreserved
GENERAL_PLOT_ERROR: audit03.generalPlot.p1.Plot.PrincipalAxesMode.bad10|Настройка Plot.PrincipalAxesMode (лист PlotConfig, ячейка CI917) содержит ошибку Excel в колонке "значение". Исправьте формулу или введите допустимое значение вместо ошибки Excel.
OK: audit03.generalPlot.p1.Plot.PrincipalAxesMode.bad10.recovery
FAIL: audit03.generalPlot.p1.Plot.ResultLabelSpacing.bad8.rejected
FAIL: audit03.generalPlot.p1.Plot.ResultLabelSpacing.bad8.key
FAIL: audit03.generalPlot.p1.Plot.ResultLabelSpacing.bad8.address
FAIL: audit03.generalPlot.p1.Plot.ResultLabelSpacing.bad8.action
FAIL: audit03.generalPlot.p1.Plot.ResultLabelSpacing.bad8.oldChartPreserved
GENERAL_PLOT_ERROR: audit03.generalPlot.p1.Plot.ResultLabelSpacing.bad8|
OK: audit03.generalPlot.p1.Plot.ResultLabelSpacing.bad8.recovery
FAIL: audit03.generalPlot.p1.Plot.ResultLabelSpacing.bad8.rejected
FAIL: audit03.generalPlot.p1.Plot.ResultLabelSpacing.bad8.key
FAIL: audit03.generalPlot.p1.Plot.ResultLabelSpacing.bad8.address
FAIL: audit03.generalPlot.p1.Plot.ResultLabelSpacing.bad8.action
FAIL: audit03.generalPlot.p1.Plot.ResultLabelSpacing.bad8.oldChartPreserved
GENERAL_PLOT_ERROR: audit03.generalPlot.p1.Plot.ResultLabelSpacing.bad8|
OK: audit03.generalPlot.p1.Plot.ResultLabelSpacing.bad8.recovery
OK: audit03.generalPlot.p1.Plot.ResultLabelSpacing.bad8.rejected
OK: audit03.generalPlot.p1.Plot.ResultLabelSpacing.bad8.key
FAIL: audit03.generalPlot.p1.Plot.ResultLabelSpacing.bad8.address
OK: audit03.generalPlot.p1.Plot.ResultLabelSpacing.bad8.action
FAIL: audit03.generalPlot.p1.Plot.ResultLabelSpacing.bad8.oldChartPreserved
GENERAL_PLOT_ERROR: audit03.generalPlot.p1.Plot.ResultLabelSpacing.bad8|Настройка Plot.ResultLabelSpacing (лист PlotConfig, ячейка CI915): Не удалось прочитать число: "INVALID". Введите конечное число допустимого диапазона или исправьте формулу.
OK: audit03.generalPlot.p1.Plot.ResultLabelSpacing.bad8.recovery
OK: audit03.generalPlot.p1.Plot.ResultLabelSpacing.bad10.rejected
OK: audit03.generalPlot.p1.Plot.ResultLabelSpacing.bad10.key
FAIL: audit03.generalPlot.p1.Plot.ResultLabelSpacing.bad10.address
OK: audit03.generalPlot.p1.Plot.ResultLabelSpacing.bad10.action
FAIL: audit03.generalPlot.p1.Plot.ResultLabelSpacing.bad10.oldChartPreserved
GENERAL_PLOT_ERROR: audit03.generalPlot.p1.Plot.ResultLabelSpacing.bad10|Настройка Plot.ResultLabelSpacing (лист PlotConfig, ячейка CI915) содержит ошибку Excel в колонке "значение". Исправьте формулу или введите допустимое значение вместо ошибки Excel.
OK: audit03.generalPlot.p1.Plot.ResultLabelSpacing.bad10.recovery
FAIL: audit03.generalPlot.spacing.sign.p1.0
FAIL: audit03.generalPlot.spacing.sign.p1.-1
FAIL: audit03.generalPlot.spacing.smallPositive.p1
FAIL: audit03.generalPlot.spacing.label.p1
OK: audit03.generalPlot.spacing.inactive.p1
OK: audit03.generalPlot.geometry.inactive.p1
OK: audit03.generalPlot.neutral.off.p1
FAIL: audit03.generalPlot.neutral.on.p1
OK: audit03.generalPlot.load.off.p1
OK: audit03.generalPlot.load.on.p1
OK: audit03.generalPlot.axes.off.p1
OK: audit03.generalPlot.axes.on.p1
OK: audit03.generalPlot.chart.left; actual=41.; expected=41.
OK: audit03.generalPlot.chart.top; actual=53.; expected=53.
OK: audit03.generalPlot.chart.width; actual=700.; expected=700.
OK: audit03.generalPlot.chart.height; actual=480.; expected=480.
OK: audit03.generalPlot.ResultsUnchanged.equivalent; 
OK: audit03.generalPlot.noSolve
GENERAL_PLOT_CASES: variants=60; geometryFixtures=1; equilibriumCases=0
OK: audit03.annotation.p0.Plot.Dimensions.Enabled.bad8.rejected
OK: audit03.annotation.p0.Plot.Dimensions.Enabled.bad8.key
FAIL: audit03.annotation.p0.Plot.Dimensions.Enabled.bad8.address
ANNOTATION_ERROR: audit03.annotation.p0.Plot.Dimensions.Enabled.bad8|Настройка Plot.Dimensions.Enabled (лист LayoutConfig, ячейка B133): Обязательное значение не задано. Заполните значение или выберите допустимый вариант из списка; пустое значение и TODO недопустимы.
OK: audit03.annotation.p0.Plot.Dimensions.Enabled.bad8.recovery
OK: audit03.annotation.p0.Plot.Dimensions.Enabled.bad8.rejected
OK: audit03.annotation.p0.Plot.Dimensions.Enabled.bad8.key
FAIL: audit03.annotation.p0.Plot.Dimensions.Enabled.bad8.address
ANNOTATION_ERROR: audit03.annotation.p0.Plot.Dimensions.Enabled.bad8|Настройка Plot.Dimensions.Enabled (лист LayoutConfig, ячейка B133): Обязательное значение не задано. Заполните значение или выберите допустимый вариант из списка; пустое значение и TODO недопустимы.
OK: audit03.annotation.p0.Plot.Dimensions.Enabled.bad8.recovery
OK: audit03.annotation.p0.Plot.Dimensions.Enabled.bad8.rejected
OK: audit03.annotation.p0.Plot.Dimensions.Enabled.bad8.key
FAIL: audit03.annotation.p0.Plot.Dimensions.Enabled.bad8.address
ANNOTATION_ERROR: audit03.annotation.p0.Plot.Dimensions.Enabled.bad8|Настройка Plot.Dimensions.Enabled (лист LayoutConfig, ячейка B133): Значение переключателя не распознано. Выберите Yes или No.
OK: audit03.annotation.p0.Plot.Dimensions.Enabled.bad8.recovery
OK: audit03.annotation.p0.Plot.Dimensions.Enabled.bad10.rejected
OK: audit03.annotation.p0.Plot.Dimensions.Enabled.bad10.key
FAIL: audit03.annotation.p0.Plot.Dimensions.Enabled.bad10.address
ANNOTATION_ERROR: audit03.annotation.p0.Plot.Dimensions.Enabled.bad10|Настройка Plot.Dimensions.Enabled (лист LayoutConfig, ячейка B133) содержит ошибку Excel в колонке "значение". Исправьте формулу или введите допустимое значение вместо ошибки Excel.
OK: audit03.annotation.p0.Plot.Dimensions.Enabled.bad10.recovery
OK: audit03.annotation.p0.Plot.Dimensions.TextHeight.bad8.rejected
OK: audit03.annotation.p0.Plot.Dimensions.TextHeight.bad8.key
FAIL: audit03.annotation.p0.Plot.Dimensions.TextHeight.bad8.address
ANNOTATION_ERROR: audit03.annotation.p0.Plot.Dimensions.TextHeight.bad8|Настройка Plot.Dimensions.TextHeight (лист LayoutConfig, ячейка B134): Обязательное числовое значение не задано. Введите число или формулу, возвращающую число; пустое значение и TODO недопустимы.
OK: audit03.annotation.p0.Plot.Dimensions.TextHeight.bad8.recovery
OK: audit03.annotation.p0.Plot.Dimensions.TextHeight.bad8.rejected
OK: audit03.annotation.p0.Plot.Dimensions.TextHeight.bad8.key
FAIL: audit03.annotation.p0.Plot.Dimensions.TextHeight.bad8.address
ANNOTATION_ERROR: audit03.annotation.p0.Plot.Dimensions.TextHeight.bad8|Настройка Plot.Dimensions.TextHeight (лист LayoutConfig, ячейка B134): Обязательное числовое значение не задано. Введите число или формулу, возвращающую число; пустое значение и TODO недопустимы.
OK: audit03.annotation.p0.Plot.Dimensions.TextHeight.bad8.recovery
OK: audit03.annotation.p0.Plot.Dimensions.TextHeight.bad8.rejected
OK: audit03.annotation.p0.Plot.Dimensions.TextHeight.bad8.key
FAIL: audit03.annotation.p0.Plot.Dimensions.TextHeight.bad8.address
ANNOTATION_ERROR: audit03.annotation.p0.Plot.Dimensions.TextHeight.bad8|Настройка Plot.Dimensions.TextHeight (лист LayoutConfig, ячейка B134): Не удалось прочитать обязательное число: "INVALID". Введите конечное число допустимого диапазона или исправьте формулу.
OK: audit03.annotation.p0.Plot.Dimensions.TextHeight.bad8.recovery
OK: audit03.annotation.p0.Plot.Dimensions.TextHeight.bad10.rejected
OK: audit03.annotation.p0.Plot.Dimensions.TextHeight.bad10.key
FAIL: audit03.annotation.p0.Plot.Dimensions.TextHeight.bad10.address
ANNOTATION_ERROR: audit03.annotation.p0.Plot.Dimensions.TextHeight.bad10|Настройка Plot.Dimensions.TextHeight (лист LayoutConfig, ячейка B134) содержит ошибку Excel в колонке "значение". Исправьте формулу или введите допустимое значение вместо ошибки Excel.
OK: audit03.annotation.p0.Plot.Dimensions.TextHeight.bad10.recovery
OK: audit03.annotation.p0.Plot.Dimensions.TextUnits.bad8.rejected
OK: audit03.annotation.p0.Plot.Dimensions.TextUnits.bad8.key
FAIL: audit03.annotation.p0.Plot.Dimensions.TextUnits.bad8.address
ANNOTATION_ERROR: audit03.annotation.p0.Plot.Dimensions.TextUnits.bad8|Настройка Plot.Dimensions.TextUnits (лист LayoutConfig, ячейка B135): Обязательное значение не задано. Заполните значение или выберите допустимый вариант из списка; пустое значение и TODO недопустимы.
OK: audit03.annotation.p0.Plot.Dimensions.TextUnits.bad8.recovery
OK: audit03.annotation.p0.Plot.Dimensions.TextUnits.bad8.rejected
OK: audit03.annotation.p0.Plot.Dimensions.TextUnits.bad8.key
FAIL: audit03.annotation.p0.Plot.Dimensions.TextUnits.bad8.address
ANNOTATION_ERROR: audit03.annotation.p0.Plot.Dimensions.TextUnits.bad8|Настройка Plot.Dimensions.TextUnits (лист LayoutConfig, ячейка B135): Обязательное значение не задано. Заполните значение или выберите допустимый вариант из списка; пустое значение и TODO недопустимы.
OK: audit03.annotation.p0.Plot.Dimensions.TextUnits.bad8.recovery
OK: audit03.annotation.p0.Plot.Dimensions.TextUnits.bad8.rejected
OK: audit03.annotation.p0.Plot.Dimensions.TextUnits.bad8.key
FAIL: audit03.annotation.p0.Plot.Dimensions.TextUnits.bad8.address
ANNOTATION_ERROR: audit03.annotation.p0.Plot.Dimensions.TextUnits.bad8|Настройка Plot.Dimensions.TextUnits (лист LayoutConfig, ячейка B135): Недопустимый вариант: "INVALID". Выберите из списка: mm, pt.
OK: audit03.annotation.p0.Plot.Dimensions.TextUnits.bad8.recovery
OK: audit03.annotation.p0.Plot.Dimensions.TextUnits.bad10.rejected
OK: audit03.annotation.p0.Plot.Dimensions.TextUnits.bad10.key
FAIL: audit03.annotation.p0.Plot.Dimensions.TextUnits.bad10.address
ANNOTATION_ERROR: audit03.annotation.p0.Plot.Dimensions.TextUnits.bad10|Настройка Plot.Dimensions.TextUnits (лист LayoutConfig, ячейка B135) содержит ошибку Excel в колонке "значение". Исправьте формулу или введите допустимое значение вместо ошибки Excel.
OK: audit03.annotation.p0.Plot.Dimensions.TextUnits.bad10.recovery
OK: audit03.annotation.p0.Plot.Dimensions.Offset.bad8.rejected
OK: audit03.annotation.p0.Plot.Dimensions.Offset.bad8.key
FAIL: audit03.annotation.p0.Plot.Dimensions.Offset.bad8.address
ANNOTATION_ERROR: audit03.annotation.p0.Plot.Dimensions.Offset.bad8|Настройка Plot.Dimensions.Offset (лист LayoutConfig, ячейка B136): Обязательное числовое значение не задано. Введите число или формулу, возвращающую число; пустое значение и TODO недопустимы.
OK: audit03.annotation.p0.Plot.Dimensions.Offset.bad8.recovery
OK: audit03.annotation.p0.Plot.Dimensions.Offset.bad8.rejected
OK: audit03.annotation.p0.Plot.Dimensions.Offset.bad8.key
FAIL: audit03.annotation.p0.Plot.Dimensions.Offset.bad8.address
ANNOTATION_ERROR: audit03.annotation.p0.Plot.Dimensions.Offset.bad8|Настройка Plot.Dimensions.Offset (лист LayoutConfig, ячейка B136): Обязательное числовое значение не задано. Введите число или формулу, возвращающую число; пустое значение и TODO недопустимы.
OK: audit03.annotation.p0.Plot.Dimensions.Offset.bad8.recovery
OK: audit03.annotation.p0.Plot.Dimensions.Offset.bad8.rejected
OK: audit03.annotation.p0.Plot.Dimensions.Offset.bad8.key
FAIL: audit03.annotation.p0.Plot.Dimensions.Offset.bad8.address
ANNOTATION_ERROR: audit03.annotation.p0.Plot.Dimensions.Offset.bad8|Настройка Plot.Dimensions.Offset (лист LayoutConfig, ячейка B136): Не удалось прочитать обязательное число: "INVALID". Введите конечное число допустимого диапазона или исправьте формулу.
OK: audit03.annotation.p0.Plot.Dimensions.Offset.bad8.recovery
OK: audit03.annotation.p0.Plot.Dimensions.Offset.bad10.rejected
OK: audit03.annotation.p0.Plot.Dimensions.Offset.bad10.key
FAIL: audit03.annotation.p0.Plot.Dimensions.Offset.bad10.address
ANNOTATION_ERROR: audit03.annotation.p0.Plot.Dimensions.Offset.bad10|Настройка Plot.Dimensions.Offset (лист LayoutConfig, ячейка B136) содержит ошибку Excel в колонке "значение". Исправьте формулу или введите допустимое значение вместо ошибки Excel.
OK: audit03.annotation.p0.Plot.Dimensions.Offset.bad10.recovery
OK: audit03.annotation.p0.Plot.Dimensions.LineWeight.bad8.rejected
OK: audit03.annotation.p0.Plot.Dimensions.LineWeight.bad8.key
FAIL: audit03.annotation.p0.Plot.Dimensions.LineWeight.bad8.address
ANNOTATION_ERROR: audit03.annotation.p0.Plot.Dimensions.LineWeight.bad8|Настройка Plot.Dimensions.LineWeight (лист LayoutConfig, ячейка B137): Обязательное числовое значение не задано. Введите число или формулу, возвращающую число; пустое значение и TODO недопустимы.
OK: audit03.annotation.p0.Plot.Dimensions.LineWeight.bad8.recovery
OK: audit03.annotation.p0.Plot.Dimensions.LineWeight.bad8.rejected
OK: audit03.annotation.p0.Plot.Dimensions.LineWeight.bad8.key
FAIL: audit03.annotation.p0.Plot.Dimensions.LineWeight.bad8.address
ANNOTATION_ERROR: audit03.annotation.p0.Plot.Dimensions.LineWeight.bad8|Настройка Plot.Dimensions.LineWeight (лист LayoutConfig, ячейка B137): Обязательное числовое значение не задано. Введите число или формулу, возвращающую число; пустое значение и TODO недопустимы.
OK: audit03.annotation.p0.Plot.Dimensions.LineWeight.bad8.recovery
OK: audit03.annotation.p0.Plot.Dimensions.LineWeight.bad8.rejected
OK: audit03.annotation.p0.Plot.Dimensions.LineWeight.bad8.key
FAIL: audit03.annotation.p0.Plot.Dimensions.LineWeight.bad8.address
ANNOTATION_ERROR: audit03.annotation.p0.Plot.Dimensions.LineWeight.bad8|Настройка Plot.Dimensions.LineWeight (лист LayoutConfig, ячейка B137): Не удалось прочитать обязательное число: "INVALID". Введите конечное число допустимого диапазона или исправьте формулу.
OK: audit03.annotation.p0.Plot.Dimensions.LineWeight.bad8.recovery
OK: audit03.annotation.p0.Plot.Dimensions.LineWeight.bad10.rejected
OK: audit03.annotation.p0.Plot.Dimensions.LineWeight.bad10.key
FAIL: audit03.annotation.p0.Plot.Dimensions.LineWeight.bad10.address
ANNOTATION_ERROR: audit03.annotation.p0.Plot.Dimensions.LineWeight.bad10|Настройка Plot.Dimensions.LineWeight (лист LayoutConfig, ячейка B137) содержит ошибку Excel в колонке "значение". Исправьте формулу или введите допустимое значение вместо ошибки Excel.
OK: audit03.annotation.p0.Plot.Dimensions.LineWeight.bad10.recovery
OK: audit03.annotation.p0.Plot.Dimensions.ExtensionLineWeight.bad8.rejected
OK: audit03.annotation.p0.Plot.Dimensions.ExtensionLineWeight.bad8.key
FAIL: audit03.annotation.p0.Plot.Dimensions.ExtensionLineWeight.bad8.address
ANNOTATION_ERROR: audit03.annotation.p0.Plot.Dimensions.ExtensionLineWeight.bad8|Настройка Plot.Dimensions.ExtensionLineWeight (лист LayoutConfig, ячейка B138): Обязательное числовое значение не задано. Введите число или формулу, возвращающую число; пустое значение и TODO недопустимы.
OK: audit03.annotation.p0.Plot.Dimensions.ExtensionLineWeight.bad8.recovery
OK: audit03.annotation.p0.Plot.Dimensions.ExtensionLineWeight.bad8.rejected
OK: audit03.annotation.p0.Plot.Dimensions.ExtensionLineWeight.bad8.key
FAIL: audit03.annotation.p0.Plot.Dimensions.ExtensionLineWeight.bad8.address
ANNOTATION_ERROR: audit03.annotation.p0.Plot.Dimensions.ExtensionLineWeight.bad8|Настройка Plot.Dimensions.ExtensionLineWeight (лист LayoutConfig, ячейка B138): Обязательное числовое значение не задано. Введите число или формулу, возвращающую число; пустое значение и TODO недопустимы.
OK: audit03.annotation.p0.Plot.Dimensions.ExtensionLineWeight.bad8.recovery
OK: audit03.annotation.p0.Plot.Dimensions.ExtensionLineWeight.bad8.rejected
OK: audit03.annotation.p0.Plot.Dimensions.ExtensionLineWeight.bad8.key
FAIL: audit03.annotation.p0.Plot.Dimensions.ExtensionLineWeight.bad8.address
ANNOTATION_ERROR: audit03.annotation.p0.Plot.Dimensions.ExtensionLineWeight.bad8|Настройка Plot.Dimensions.ExtensionLineWeight (лист LayoutConfig, ячейка B138): Не удалось прочитать обязательное число: "INVALID". Введите конечное число допустимого диапазона или исправьте формулу.
OK: audit03.annotation.p0.Plot.Dimensions.ExtensionLineWeight.bad8.recovery
OK: audit03.annotation.p0.Plot.Dimensions.ExtensionLineWeight.bad10.rejected
OK: audit03.annotation.p0.Plot.Dimensions.ExtensionLineWeight.bad10.key
FAIL: audit03.annotation.p0.Plot.Dimensions.ExtensionLineWeight.bad10.address
ANNOTATION_ERROR: audit03.annotation.p0.Plot.Dimensions.ExtensionLineWeight.bad10|Настройка Plot.Dimensions.ExtensionLineWeight (лист LayoutConfig, ячейка B138) содержит ошибку Excel в колонке "значение". Исправьте формулу или введите допустимое значение вместо ошибки Excel.
OK: audit03.annotation.p0.Plot.Dimensions.ExtensionLineWeight.bad10.recovery
OK: audit03.annotation.p0.Plot.Dimensions.TextGap.bad8.rejected
OK: audit03.annotation.p0.Plot.Dimensions.TextGap.bad8.key
FAIL: audit03.annotation.p0.Plot.Dimensions.TextGap.bad8.address
ANNOTATION_ERROR: audit03.annotation.p0.Plot.Dimensions.TextGap.bad8|Настройка Plot.Dimensions.TextGap (лист LayoutConfig, ячейка B139): Обязательное числовое значение не задано. Введите число или формулу, возвращающую число; пустое значение и TODO недопустимы.
OK: audit03.annotation.p0.Plot.Dimensions.TextGap.bad8.recovery
OK: audit03.annotation.p0.Plot.Dimensions.TextGap.bad8.rejected
OK: audit03.annotation.p0.Plot.Dimensions.TextGap.bad8.key
FAIL: audit03.annotation.p0.Plot.Dimensions.TextGap.bad8.address
ANNOTATION_ERROR: audit03.annotation.p0.Plot.Dimensions.TextGap.bad8|Настройка Plot.Dimensions.TextGap (лист LayoutConfig, ячейка B139): Обязательное числовое значение не задано. Введите число или формулу, возвращающую число; пустое значение и TODO недопустимы.
OK: audit03.annotation.p0.Plot.Dimensions.TextGap.bad8.recovery
OK: audit03.annotation.p0.Plot.Dimensions.TextGap.bad8.rejected
OK: audit03.annotation.p0.Plot.Dimensions.TextGap.bad8.key
FAIL: audit03.annotation.p0.Plot.Dimensions.TextGap.bad8.address
ANNOTATION_ERROR: audit03.annotation.p0.Plot.Dimensions.TextGap.bad8|Настройка Plot.Dimensions.TextGap (лист LayoutConfig, ячейка B139): Не удалось прочитать обязательное число: "INVALID". Введите конечное число допустимого диапазона или исправьте формулу.
OK: audit03.annotation.p0.Plot.Dimensions.TextGap.bad8.recovery
OK: audit03.annotation.p0.Plot.Dimensions.TextGap.bad10.rejected
OK: audit03.annotation.p0.Plot.Dimensions.TextGap.bad10.key
FAIL: audit03.annotation.p0.Plot.Dimensions.TextGap.bad10.address
ANNOTATION_ERROR: audit03.annotation.p0.Plot.Dimensions.TextGap.bad10|Настройка Plot.Dimensions.TextGap (лист LayoutConfig, ячейка B139) содержит ошибку Excel в колонке "значение". Исправьте формулу или введите допустимое значение вместо ошибки Excel.
OK: audit03.annotation.p0.Plot.Dimensions.TextGap.bad10.recovery
OK: audit03.annotation.p0.Plot.Dimensions.Placement.bad8.rejected
OK: audit03.annotation.p0.Plot.Dimensions.Placement.bad8.key
FAIL: audit03.annotation.p0.Plot.Dimensions.Placement.bad8.address
ANNOTATION_ERROR: audit03.annotation.p0.Plot.Dimensions.Placement.bad8|Настройка Plot.Dimensions.Placement (лист LayoutConfig, ячейка B140): Обязательное значение не задано. Заполните значение или выберите допустимый вариант из списка; пустое значение и TODO недопустимы.
OK: audit03.annotation.p0.Plot.Dimensions.Placement.bad8.recovery
OK: audit03.annotation.p0.Plot.Dimensions.Placement.bad8.rejected
OK: audit03.annotation.p0.Plot.Dimensions.Placement.bad8.key
FAIL: audit03.annotation.p0.Plot.Dimensions.Placement.bad8.address
ANNOTATION_ERROR: audit03.annotation.p0.Plot.Dimensions.Placement.bad8|Настройка Plot.Dimensions.Placement (лист LayoutConfig, ячейка B140): Обязательное значение не задано. Заполните значение или выберите допустимый вариант из списка; пустое значение и TODO недопустимы.
OK: audit03.annotation.p0.Plot.Dimensions.Placement.bad8.recovery
OK: audit03.annotation.p0.Plot.Dimensions.Placement.bad8.rejected
OK: audit03.annotation.p0.Plot.Dimensions.Placement.bad8.key
FAIL: audit03.annotation.p0.Plot.Dimensions.Placement.bad8.address
ANNOTATION_ERROR: audit03.annotation.p0.Plot.Dimensions.Placement.bad8|Настройка Plot.Dimensions.Placement (лист LayoutConfig, ячейка B140): Недопустимый вариант: "INVALID". Выберите из списка: Outside, Inside.
OK: audit03.annotation.p0.Plot.Dimensions.Placement.bad8.recovery
OK: audit03.annotation.p0.Plot.Dimensions.Placement.bad10.rejected
OK: audit03.annotation.p0.Plot.Dimensions.Placement.bad10.key
FAIL: audit03.annotation.p0.Plot.Dimensions.Placement.bad10.address
ANNOTATION_ERROR: audit03.annotation.p0.Plot.Dimensions.Placement.bad10|Настройка Plot.Dimensions.Placement (лист LayoutConfig, ячейка B140) содержит ошибку Excel в колонке "значение". Исправьте формулу или введите допустимое значение вместо ошибки Excel.
OK: audit03.annotation.p0.Plot.Dimensions.Placement.bad10.recovery
OK: audit03.annotation.p0.Plot.Dimensions.Color.bad8.rejected
OK: audit03.annotation.p0.Plot.Dimensions.Color.bad8.key
FAIL: audit03.annotation.p0.Plot.Dimensions.Color.bad8.address
ANNOTATION_ERROR: audit03.annotation.p0.Plot.Dimensions.Color.bad8|Настройка Plot.Dimensions.Color (лист LayoutConfig, ячейка B141): Обязательное значение не задано. Заполните значение или выберите допустимый вариант из списка; пустое значение и TODO недопустимы.
OK: audit03.annotation.p0.Plot.Dimensions.Color.bad8.recovery
OK: audit03.annotation.p0.Plot.Dimensions.Color.bad8.rejected
OK: audit03.annotation.p0.Plot.Dimensions.Color.bad8.key
FAIL: audit03.annotation.p0.Plot.Dimensions.Color.bad8.address
ANNOTATION_ERROR: audit03.annotation.p0.Plot.Dimensions.Color.bad8|Настройка Plot.Dimensions.Color (лист LayoutConfig, ячейка B141): Обязательное значение не задано. Заполните значение или выберите допустимый вариант из списка; пустое значение и TODO недопустимы.
OK: audit03.annotation.p0.Plot.Dimensions.Color.bad8.recovery
OK: audit03.annotation.p0.Plot.Dimensions.Color.bad8.rejected
OK: audit03.annotation.p0.Plot.Dimensions.Color.bad8.key
FAIL: audit03.annotation.p0.Plot.Dimensions.Color.bad8.address
ANNOTATION_ERROR: audit03.annotation.p0.Plot.Dimensions.Color.bad8|Настройка Plot.Dimensions.Color (лист LayoutConfig, ячейка B141): Цвет RGB задан неверно: "INVALID". Введите три целых числа от 0 до 255 через запятую, например 0,0,0 для черного цвета.
OK: audit03.annotation.p0.Plot.Dimensions.Color.bad8.recovery
OK: audit03.annotation.p0.Plot.Dimensions.Color.bad10.rejected
OK: audit03.annotation.p0.Plot.Dimensions.Color.bad10.key
FAIL: audit03.annotation.p0.Plot.Dimensions.Color.bad10.address
ANNOTATION_ERROR: audit03.annotation.p0.Plot.Dimensions.Color.bad10|Настройка Plot.Dimensions.Color (лист LayoutConfig, ячейка B141) содержит ошибку Excel в колонке "значение". Исправьте формулу или введите допустимое значение вместо ошибки Excel.
OK: audit03.annotation.p0.Plot.Dimensions.Color.bad10.recovery
OK: audit03.annotation.p0.Plot.Dimensions.ExtensionLineColor.bad8.rejected
OK: audit03.annotation.p0.Plot.Dimensions.ExtensionLineColor.bad8.key
FAIL: audit03.annotation.p0.Plot.Dimensions.ExtensionLineColor.bad8.address
ANNOTATION_ERROR: audit03.annotation.p0.Plot.Dimensions.ExtensionLineColor.bad8|Настройка Plot.Dimensions.ExtensionLineColor (лист LayoutConfig, ячейка B142): Обязательное значение не задано. Заполните значение или выберите допустимый вариант из списка; пустое значение и TODO недопустимы.
OK: audit03.annotation.p0.Plot.Dimensions.ExtensionLineColor.bad8.recovery
OK: audit03.annotation.p0.Plot.Dimensions.ExtensionLineColor.bad8.rejected
OK: audit03.annotation.p0.Plot.Dimensions.ExtensionLineColor.bad8.key
FAIL: audit03.annotation.p0.Plot.Dimensions.ExtensionLineColor.bad8.address
ANNOTATION_ERROR: audit03.annotation.p0.Plot.Dimensions.ExtensionLineColor.bad8|Настройка Plot.Dimensions.ExtensionLineColor (лист LayoutConfig, ячейка B142): Обязательное значение не задано. Заполните значение или выберите допустимый вариант из списка; пустое значение и TODO недопустимы.
OK: audit03.annotation.p0.Plot.Dimensions.ExtensionLineColor.bad8.recovery
OK: audit03.annotation.p0.Plot.Dimensions.ExtensionLineColor.bad8.rejected
OK: audit03.annotation.p0.Plot.Dimensions.ExtensionLineColor.bad8.key
FAIL: audit03.annotation.p0.Plot.Dimensions.ExtensionLineColor.bad8.address
ANNOTATION_ERROR: audit03.annotation.p0.Plot.Dimensions.ExtensionLineColor.bad8|Настройка Plot.Dimensions.ExtensionLineColor (лист LayoutConfig, ячейка B142): Цвет RGB задан неверно: "INVALID". Введите три целых числа от 0 до 255 через запятую, например 0,0,0 для черного цвета.
OK: audit03.annotation.p0.Plot.Dimensions.ExtensionLineColor.bad8.recovery
OK: audit03.annotation.p0.Plot.Dimensions.ExtensionLineColor.bad10.rejected
OK: audit03.annotation.p0.Plot.Dimensions.ExtensionLineColor.bad10.key
FAIL: audit03.annotation.p0.Plot.Dimensions.ExtensionLineColor.bad10.address
ANNOTATION_ERROR: audit03.annotation.p0.Plot.Dimensions.ExtensionLineColor.bad10|Настройка Plot.Dimensions.ExtensionLineColor (лист LayoutConfig, ячейка B142) содержит ошибку Excel в колонке "значение". Исправьте формулу или введите допустимое значение вместо ошибки Excel.
OK: audit03.annotation.p0.Plot.Dimensions.ExtensionLineColor.bad10.recovery
OK: audit03.annotation.p0.Plot.RebarLabels.Enabled.bad8.rejected
OK: audit03.annotation.p0.Plot.RebarLabels.Enabled.bad8.key
FAIL: audit03.annotation.p0.Plot.RebarLabels.Enabled.bad8.address
ANNOTATION_ERROR: audit03.annotation.p0.Plot.RebarLabels.Enabled.bad8|Настройка Plot.RebarLabels.Enabled (лист LayoutConfig, ячейка B145): Обязательное значение не задано. Заполните значение или выберите допустимый вариант из списка; пустое значение и TODO недопустимы.
OK: audit03.annotation.p0.Plot.RebarLabels.Enabled.bad8.recovery
OK: audit03.annotation.p0.Plot.RebarLabels.Enabled.bad8.rejected
OK: audit03.annotation.p0.Plot.RebarLabels.Enabled.bad8.key
FAIL: audit03.annotation.p0.Plot.RebarLabels.Enabled.bad8.address
ANNOTATION_ERROR: audit03.annotation.p0.Plot.RebarLabels.Enabled.bad8|Настройка Plot.RebarLabels.Enabled (лист LayoutConfig, ячейка B145): Обязательное значение не задано. Заполните значение или выберите допустимый вариант из списка; пустое значение и TODO недопустимы.
OK: audit03.annotation.p0.Plot.RebarLabels.Enabled.bad8.recovery
OK: audit03.annotation.p0.Plot.RebarLabels.Enabled.bad8.rejected
OK: audit03.annotation.p0.Plot.RebarLabels.Enabled.bad8.key
FAIL: audit03.annotation.p0.Plot.RebarLabels.Enabled.bad8.address
ANNOTATION_ERROR: audit03.annotation.p0.Plot.RebarLabels.Enabled.bad8|Настройка Plot.RebarLabels.Enabled (лист LayoutConfig, ячейка B145): Значение переключателя не распознано. Выберите Yes или No.
OK: audit03.annotation.p0.Plot.RebarLabels.Enabled.bad8.recovery
OK: audit03.annotation.p0.Plot.RebarLabels.Enabled.bad10.rejected
OK: audit03.annotation.p0.Plot.RebarLabels.Enabled.bad10.key
FAIL: audit03.annotation.p0.Plot.RebarLabels.Enabled.bad10.address
ANNOTATION_ERROR: audit03.annotation.p0.Plot.RebarLabels.Enabled.bad10|Настройка Plot.RebarLabels.Enabled (лист LayoutConfig, ячейка B145) содержит ошибку Excel в колонке "значение". Исправьте формулу или введите допустимое значение вместо ошибки Excel.
OK: audit03.annotation.p0.Plot.RebarLabels.Enabled.bad10.recovery
OK: audit03.annotation.p0.Plot.RebarLabels.TextHeight.bad8.rejected
OK: audit03.annotation.p0.Plot.RebarLabels.TextHeight.bad8.key
FAIL: audit03.annotation.p0.Plot.RebarLabels.TextHeight.bad8.address
ANNOTATION_ERROR: audit03.annotation.p0.Plot.RebarLabels.TextHeight.bad8|Настройка Plot.RebarLabels.TextHeight (лист LayoutConfig, ячейка B146): Обязательное числовое значение не задано. Введите число или формулу, возвращающую число; пустое значение и TODO недопустимы.
OK: audit03.annotation.p0.Plot.RebarLabels.TextHeight.bad8.recovery
OK: audit03.annotation.p0.Plot.RebarLabels.TextHeight.bad8.rejected
OK: audit03.annotation.p0.Plot.RebarLabels.TextHeight.bad8.key
FAIL: audit03.annotation.p0.Plot.RebarLabels.TextHeight.bad8.address
ANNOTATION_ERROR: audit03.annotation.p0.Plot.RebarLabels.TextHeight.bad8|Настройка Plot.RebarLabels.TextHeight (лист LayoutConfig, ячейка B146): Обязательное числовое значение не задано. Введите число или формулу, возвращающую число; пустое значение и TODO недопустимы.
OK: audit03.annotation.p0.Plot.RebarLabels.TextHeight.bad8.recovery
OK: audit03.annotation.p0.Plot.RebarLabels.TextHeight.bad8.rejected
OK: audit03.annotation.p0.Plot.RebarLabels.TextHeight.bad8.key
FAIL: audit03.annotation.p0.Plot.RebarLabels.TextHeight.bad8.address
ANNOTATION_ERROR: audit03.annotation.p0.Plot.RebarLabels.TextHeight.bad8|Настройка Plot.RebarLabels.TextHeight (лист LayoutConfig, ячейка B146): Не удалось прочитать обязательное число: "INVALID". Введите конечное число допустимого диапазона или исправьте формулу.
OK: audit03.annotation.p0.Plot.RebarLabels.TextHeight.bad8.recovery
OK: audit03.annotation.p0.Plot.RebarLabels.TextHeight.bad10.rejected
OK: audit03.annotation.p0.Plot.RebarLabels.TextHeight.bad10.key
FAIL: audit03.annotation.p0.Plot.RebarLabels.TextHeight.bad10.address
ANNOTATION_ERROR: audit03.annotation.p0.Plot.RebarLabels.TextHeight.bad10|Настройка Plot.RebarLabels.TextHeight (лист LayoutConfig, ячейка B146) содержит ошибку Excel в колонке "значение". Исправьте формулу или введите допустимое значение вместо ошибки Excel.
OK: audit03.annotation.p0.Plot.RebarLabels.TextHeight.bad10.recovery
OK: audit03.annotation.p0.Plot.RebarLabels.TextUnits.bad8.rejected
OK: audit03.annotation.p0.Plot.RebarLabels.TextUnits.bad8.key
FAIL: audit03.annotation.p0.Plot.RebarLabels.TextUnits.bad8.address
ANNOTATION_ERROR: audit03.annotation.p0.Plot.RebarLabels.TextUnits.bad8|Настройка Plot.RebarLabels.TextUnits (лист LayoutConfig, ячейка B147): Обязательное значение не задано. Заполните значение или выберите допустимый вариант из списка; пустое значение и TODO недопустимы.
OK: audit03.annotation.p0.Plot.RebarLabels.TextUnits.bad8.recovery
OK: audit03.annotation.p0.Plot.RebarLabels.TextUnits.bad8.rejected
OK: audit03.annotation.p0.Plot.RebarLabels.TextUnits.bad8.key
FAIL: audit03.annotation.p0.Plot.RebarLabels.TextUnits.bad8.address
ANNOTATION_ERROR: audit03.annotation.p0.Plot.RebarLabels.TextUnits.bad8|Настройка Plot.RebarLabels.TextUnits (лист LayoutConfig, ячейка B147): Обязательное значение не задано. Заполните значение или выберите допустимый вариант из списка; пустое значение и TODO недопустимы.
OK: audit03.annotation.p0.Plot.RebarLabels.TextUnits.bad8.recovery
OK: audit03.annotation.p0.Plot.RebarLabels.TextUnits.bad8.rejected
OK: audit03.annotation.p0.Plot.RebarLabels.TextUnits.bad8.key
FAIL: audit03.annotation.p0.Plot.RebarLabels.TextUnits.bad8.address
ANNOTATION_ERROR: audit03.annotation.p0.Plot.RebarLabels.TextUnits.bad8|Настройка Plot.RebarLabels.TextUnits (лист LayoutConfig, ячейка B147): Недопустимый вариант: "INVALID". Выберите из списка: mm, pt.
OK: audit03.annotation.p0.Plot.RebarLabels.TextUnits.bad8.recovery
OK: audit03.annotation.p0.Plot.RebarLabels.TextUnits.bad10.rejected
OK: audit03.annotation.p0.Plot.RebarLabels.TextUnits.bad10.key
FAIL: audit03.annotation.p0.Plot.RebarLabels.TextUnits.bad10.address
ANNOTATION_ERROR: audit03.annotation.p0.Plot.RebarLabels.TextUnits.bad10|Настройка Plot.RebarLabels.TextUnits (лист LayoutConfig, ячейка B147) содержит ошибку Excel в колонке "значение". Исправьте формулу или введите допустимое значение вместо ошибки Excel.
OK: audit03.annotation.p0.Plot.RebarLabels.TextUnits.bad10.recovery
OK: audit03.annotation.p0.Plot.RebarLabels.Offset.bad8.rejected
OK: audit03.annotation.p0.Plot.RebarLabels.Offset.bad8.key
FAIL: audit03.annotation.p0.Plot.RebarLabels.Offset.bad8.address
ANNOTATION_ERROR: audit03.annotation.p0.Plot.RebarLabels.Offset.bad8|Настройка Plot.RebarLabels.Offset (лист LayoutConfig, ячейка B148): Обязательное числовое значение не задано. Введите число или формулу, возвращающую число; пустое значение и TODO недопустимы.
OK: audit03.annotation.p0.Plot.RebarLabels.Offset.bad8.recovery
OK: audit03.annotation.p0.Plot.RebarLabels.Offset.bad8.rejected
OK: audit03.annotation.p0.Plot.RebarLabels.Offset.bad8.key
FAIL: audit03.annotation.p0.Plot.RebarLabels.Offset.bad8.address
ANNOTATION_ERROR: audit03.annotation.p0.Plot.RebarLabels.Offset.bad8|Настройка Plot.RebarLabels.Offset (лист LayoutConfig, ячейка B148): Обязательное числовое значение не задано. Введите число или формулу, возвращающую число; пустое значение и TODO недопустимы.
OK: audit03.annotation.p0.Plot.RebarLabels.Offset.bad8.recovery
OK: audit03.annotation.p0.Plot.RebarLabels.Offset.bad8.rejected
OK: audit03.annotation.p0.Plot.RebarLabels.Offset.bad8.key
FAIL: audit03.annotation.p0.Plot.RebarLabels.Offset.bad8.address
ANNOTATION_ERROR: audit03.annotation.p0.Plot.RebarLabels.Offset.bad8|Настройка Plot.RebarLabels.Offset (лист LayoutConfig, ячейка B148): Не удалось прочитать обязательное число: "INVALID". Введите конечное число допустимого диапазона или исправьте формулу.
OK: audit03.annotation.p0.Plot.RebarLabels.Offset.bad8.recovery
OK: audit03.annotation.p0.Plot.RebarLabels.Offset.bad10.rejected
OK: audit03.annotation.p0.Plot.RebarLabels.Offset.bad10.key
FAIL: audit03.annotation.p0.Plot.RebarLabels.Offset.bad10.address
ANNOTATION_ERROR: audit03.annotation.p0.Plot.RebarLabels.Offset.bad10|Настройка Plot.RebarLabels.Offset (лист LayoutConfig, ячейка B148) содержит ошибку Excel в колонке "значение". Исправьте формулу или введите допустимое значение вместо ошибки Excel.
OK: audit03.annotation.p0.Plot.RebarLabels.Offset.bad10.recovery
OK: audit03.annotation.p0.Plot.RebarLabels.LineEnabled.bad8.rejected
OK: audit03.annotation.p0.Plot.RebarLabels.LineEnabled.bad8.key
FAIL: audit03.annotation.p0.Plot.RebarLabels.LineEnabled.bad8.address
ANNOTATION_ERROR: audit03.annotation.p0.Plot.RebarLabels.LineEnabled.bad8|Настройка Plot.RebarLabels.LineEnabled (лист LayoutConfig, ячейка B149): Обязательное значение не задано. Заполните значение или выберите допустимый вариант из списка; пустое значение и TODO недопустимы.
OK: audit03.annotation.p0.Plot.RebarLabels.LineEnabled.bad8.recovery
OK: audit03.annotation.p0.Plot.RebarLabels.LineEnabled.bad8.rejected
OK: audit03.annotation.p0.Plot.RebarLabels.LineEnabled.bad8.key
FAIL: audit03.annotation.p0.Plot.RebarLabels.LineEnabled.bad8.address
ANNOTATION_ERROR: audit03.annotation.p0.Plot.RebarLabels.LineEnabled.bad8|Настройка Plot.RebarLabels.LineEnabled (лист LayoutConfig, ячейка B149): Обязательное значение не задано. Заполните значение или выберите допустимый вариант из списка; пустое значение и TODO недопустимы.
OK: audit03.annotation.p0.Plot.RebarLabels.LineEnabled.bad8.recovery
OK: audit03.annotation.p0.Plot.RebarLabels.LineEnabled.bad8.rejected
OK: audit03.annotation.p0.Plot.RebarLabels.LineEnabled.bad8.key
FAIL: audit03.annotation.p0.Plot.RebarLabels.LineEnabled.bad8.address
ANNOTATION_ERROR: audit03.annotation.p0.Plot.RebarLabels.LineEnabled.bad8|Настройка Plot.RebarLabels.LineEnabled (лист LayoutConfig, ячейка B149): Значение переключателя не распознано. Выберите Yes или No.
OK: audit03.annotation.p0.Plot.RebarLabels.LineEnabled.bad8.recovery
OK: audit03.annotation.p0.Plot.RebarLabels.LineEnabled.bad10.rejected
OK: audit03.annotation.p0.Plot.RebarLabels.LineEnabled.bad10.key
FAIL: audit03.annotation.p0.Plot.RebarLabels.LineEnabled.bad10.address
ANNOTATION_ERROR: audit03.annotation.p0.Plot.RebarLabels.LineEnabled.bad10|Настройка Plot.RebarLabels.LineEnabled (лист LayoutConfig, ячейка B149) содержит ошибку Excel в колонке "значение". Исправьте формулу или введите допустимое значение вместо ошибки Excel.
OK: audit03.annotation.p0.Plot.RebarLabels.LineEnabled.bad10.recovery
OK: audit03.annotation.p0.Plot.RebarLabels.LineWeight.bad8.rejected
OK: audit03.annotation.p0.Plot.RebarLabels.LineWeight.bad8.key
FAIL: audit03.annotation.p0.Plot.RebarLabels.LineWeight.bad8.address
ANNOTATION_ERROR: audit03.annotation.p0.Plot.RebarLabels.LineWeight.bad8|Настройка Plot.RebarLabels.LineWeight (лист LayoutConfig, ячейка B150): Обязательное числовое значение не задано. Введите число или формулу, возвращающую число; пустое значение и TODO недопустимы.
OK: audit03.annotation.p0.Plot.RebarLabels.LineWeight.bad8.recovery
OK: audit03.annotation.p0.Plot.RebarLabels.LineWeight.bad8.rejected
OK: audit03.annotation.p0.Plot.RebarLabels.LineWeight.bad8.key
FAIL: audit03.annotation.p0.Plot.RebarLabels.LineWeight.bad8.address
ANNOTATION_ERROR: audit03.annotation.p0.Plot.RebarLabels.LineWeight.bad8|Настройка Plot.RebarLabels.LineWeight (лист LayoutConfig, ячейка B150): Обязательное числовое значение не задано. Введите число или формулу, возвращающую число; пустое значение и TODO недопустимы.
OK: audit03.annotation.p0.Plot.RebarLabels.LineWeight.bad8.recovery
OK: audit03.annotation.p0.Plot.RebarLabels.LineWeight.bad8.rejected
OK: audit03.annotation.p0.Plot.RebarLabels.LineWeight.bad8.key
FAIL: audit03.annotation.p0.Plot.RebarLabels.LineWeight.bad8.address
ANNOTATION_ERROR: audit03.annotation.p0.Plot.RebarLabels.LineWeight.bad8|Настройка Plot.RebarLabels.LineWeight (лист LayoutConfig, ячейка B150): Не удалось прочитать обязательное число: "INVALID". Введите конечное число допустимого диапазона или исправьте формулу.
OK: audit03.annotation.p0.Plot.RebarLabels.LineWeight.bad8.recovery
OK: audit03.annotation.p0.Plot.RebarLabels.LineWeight.bad10.rejected
OK: audit03.annotation.p0.Plot.RebarLabels.LineWeight.bad10.key
FAIL: audit03.annotation.p0.Plot.RebarLabels.LineWeight.bad10.address
ANNOTATION_ERROR: audit03.annotation.p0.Plot.RebarLabels.LineWeight.bad10|Настройка Plot.RebarLabels.LineWeight (лист LayoutConfig, ячейка B150) содержит ошибку Excel в колонке "значение". Исправьте формулу или введите допустимое значение вместо ошибки Excel.
OK: audit03.annotation.p0.Plot.RebarLabels.LineWeight.bad10.recovery
OK: audit03.annotation.p0.Plot.RebarLabels.TextGap.bad8.rejected
OK: audit03.annotation.p0.Plot.RebarLabels.TextGap.bad8.key
FAIL: audit03.annotation.p0.Plot.RebarLabels.TextGap.bad8.address
ANNOTATION_ERROR: audit03.annotation.p0.Plot.RebarLabels.TextGap.bad8|Настройка Plot.RebarLabels.TextGap (лист LayoutConfig, ячейка B151): Обязательное числовое значение не задано. Введите число или формулу, возвращающую число; пустое значение и TODO недопустимы.
OK: audit03.annotation.p0.Plot.RebarLabels.TextGap.bad8.recovery
OK: audit03.annotation.p0.Plot.RebarLabels.TextGap.bad8.rejected
OK: audit03.annotation.p0.Plot.RebarLabels.TextGap.bad8.key
FAIL: audit03.annotation.p0.Plot.RebarLabels.TextGap.bad8.address
ANNOTATION_ERROR: audit03.annotation.p0.Plot.RebarLabels.TextGap.bad8|Настройка Plot.RebarLabels.TextGap (лист LayoutConfig, ячейка B151): Обязательное числовое значение не задано. Введите число или формулу, возвращающую число; пустое значение и TODO недопустимы.
OK: audit03.annotation.p0.Plot.RebarLabels.TextGap.bad8.recovery
OK: audit03.annotation.p0.Plot.RebarLabels.TextGap.bad8.rejected
OK: audit03.annotation.p0.Plot.RebarLabels.TextGap.bad8.key
FAIL: audit03.annotation.p0.Plot.RebarLabels.TextGap.bad8.address
ANNOTATION_ERROR: audit03.annotation.p0.Plot.RebarLabels.TextGap.bad8|Настройка Plot.RebarLabels.TextGap (лист LayoutConfig, ячейка B151): Не удалось прочитать обязательное число: "INVALID". Введите конечное число допустимого диапазона или исправьте формулу.
OK: audit03.annotation.p0.Plot.RebarLabels.TextGap.bad8.recovery
OK: audit03.annotation.p0.Plot.RebarLabels.TextGap.bad10.rejected
OK: audit03.annotation.p0.Plot.RebarLabels.TextGap.bad10.key
FAIL: audit03.annotation.p0.Plot.RebarLabels.TextGap.bad10.address
ANNOTATION_ERROR: audit03.annotation.p0.Plot.RebarLabels.TextGap.bad10|Настройка Plot.RebarLabels.TextGap (лист LayoutConfig, ячейка B151) содержит ошибку Excel в колонке "значение". Исправьте формулу или введите допустимое значение вместо ошибки Excel.
OK: audit03.annotation.p0.Plot.RebarLabels.TextGap.bad10.recovery
OK: audit03.annotation.p0.Plot.RebarLabels.Placement.bad8.rejected
OK: audit03.annotation.p0.Plot.RebarLabels.Placement.bad8.key
FAIL: audit03.annotation.p0.Plot.RebarLabels.Placement.bad8.address
ANNOTATION_ERROR: audit03.annotation.p0.Plot.RebarLabels.Placement.bad8|Настройка Plot.RebarLabels.Placement (лист LayoutConfig, ячейка B152): Обязательное значение не задано. Заполните значение или выберите допустимый вариант из списка; пустое значение и TODO недопустимы.
OK: audit03.annotation.p0.Plot.RebarLabels.Placement.bad8.recovery
OK: audit03.annotation.p0.Plot.RebarLabels.Placement.bad8.rejected
OK: audit03.annotation.p0.Plot.RebarLabels.Placement.bad8.key
FAIL: audit03.annotation.p0.Plot.RebarLabels.Placement.bad8.address
ANNOTATION_ERROR: audit03.annotation.p0.Plot.RebarLabels.Placement.bad8|Настройка Plot.RebarLabels.Placement (лист LayoutConfig, ячейка B152): Обязательное значение не задано. Заполните значение или выберите допустимый вариант из списка; пустое значение и TODO недопустимы.
OK: audit03.annotation.p0.Plot.RebarLabels.Placement.bad8.recovery
OK: audit03.annotation.p0.Plot.RebarLabels.Placement.bad8.rejected
OK: audit03.annotation.p0.Plot.RebarLabels.Placement.bad8.key
FAIL: audit03.annotation.p0.Plot.RebarLabels.Placement.bad8.address
ANNOTATION_ERROR: audit03.annotation.p0.Plot.RebarLabels.Placement.bad8|Настройка Plot.RebarLabels.Placement (лист LayoutConfig, ячейка B152): Недопустимый вариант: "INVALID". Выберите из списка: Outside, Inside.
OK: audit03.annotation.p0.Plot.RebarLabels.Placement.bad8.recovery
OK: audit03.annotation.p0.Plot.RebarLabels.Placement.bad10.rejected
OK: audit03.annotation.p0.Plot.RebarLabels.Placement.bad10.key
FAIL: audit03.annotation.p0.Plot.RebarLabels.Placement.bad10.address
ANNOTATION_ERROR: audit03.annotation.p0.Plot.RebarLabels.Placement.bad10|Настройка Plot.RebarLabels.Placement (лист LayoutConfig, ячейка B152) содержит ошибку Excel в колонке "значение". Исправьте формулу или введите допустимое значение вместо ошибки Excel.
OK: audit03.annotation.p0.Plot.RebarLabels.Placement.bad10.recovery
OK: audit03.annotation.p0.Plot.RebarLabels.Color.bad8.rejected
OK: audit03.annotation.p0.Plot.RebarLabels.Color.bad8.key
FAIL: audit03.annotation.p0.Plot.RebarLabels.Color.bad8.address
ANNOTATION_ERROR: audit03.annotation.p0.Plot.RebarLabels.Color.bad8|Настройка Plot.RebarLabels.Color (лист LayoutConfig, ячейка B153): Обязательное значение не задано. Заполните значение или выберите допустимый вариант из списка; пустое значение и TODO недопустимы.
OK: audit03.annotation.p0.Plot.RebarLabels.Color.bad8.recovery
OK: audit03.annotation.p0.Plot.RebarLabels.Color.bad8.rejected
OK: audit03.annotation.p0.Plot.RebarLabels.Color.bad8.key
FAIL: audit03.annotation.p0.Plot.RebarLabels.Color.bad8.address
ANNOTATION_ERROR: audit03.annotation.p0.Plot.RebarLabels.Color.bad8|Настройка Plot.RebarLabels.Color (лист LayoutConfig, ячейка B153): Обязательное значение не задано. Заполните значение или выберите допустимый вариант из списка; пустое значение и TODO недопустимы.
OK: audit03.annotation.p0.Plot.RebarLabels.Color.bad8.recovery
OK: audit03.annotation.p0.Plot.RebarLabels.Color.bad8.rejected
OK: audit03.annotation.p0.Plot.RebarLabels.Color.bad8.key
FAIL: audit03.annotation.p0.Plot.RebarLabels.Color.bad8.address
ANNOTATION_ERROR: audit03.annotation.p0.Plot.RebarLabels.Color.bad8|Настройка Plot.RebarLabels.Color (лист LayoutConfig, ячейка B153): Цвет RGB задан неверно: "INVALID". Введите три целых числа от 0 до 255 через запятую, например 0,0,0 для черного цвета.
OK: audit03.annotation.p0.Plot.RebarLabels.Color.bad8.recovery
OK: audit03.annotation.p0.Plot.RebarLabels.Color.bad10.rejected
OK: audit03.annotation.p0.Plot.RebarLabels.Color.bad10.key
FAIL: audit03.annotation.p0.Plot.RebarLabels.Color.bad10.address
ANNOTATION_ERROR: audit03.annotation.p0.Plot.RebarLabels.Color.bad10|Настройка Plot.RebarLabels.Color (лист LayoutConfig, ячейка B153) содержит ошибку Excel в колонке "значение". Исправьте формулу или введите допустимое значение вместо ошибки Excel.
OK: audit03.annotation.p0.Plot.RebarLabels.Color.bad10.recovery
OK: audit03.annotation.p0.mm.Outside.count
OK: audit03.annotation.p0.mm.Outside.dimension.x; actual=160.; expected=160.
OK: audit03.annotation.p0.mm.Outside.dimension.y; actual=193.5; expected=193.5
OK: audit03.annotation.p0.mm.Outside.dimension.end; actual=480.; expected=480.
OK: audit03.annotation.p0.mm.Outside.font; actual=12.9; expected=12.9
FAIL: audit03.annotation.p0.mm.Outside.textPlacement; actual=187.05; expected=176.4075
OK: audit03.annotation.p0.mm.Outside.black
OK: audit03.annotation.p0.mm.Outside.extensionColor
OK: audit03.annotation.p0.mm.Outside.lineWeight; actual=1.5; expected=1.5
OK: audit03.annotation.p0.mm.Outside.extensionWeight; actual=0.75; expected=0.75
OK: audit03.annotation.p0.mm.Outside.rebarWeight; actual=1.5; expected=1.5
OK: audit03.annotation.p0.mm.Outside.rebarFont; actual=12.9; expected=12.9
OK: audit03.annotation.p0.mm.Outside.arrows
OK: audit03.annotation.p0.mm.Inside.count
OK: audit03.annotation.p0.mm.Inside.dimension.x; actual=160.; expected=160.
OK: audit03.annotation.p0.mm.Inside.dimension.y; actual=193.5; expected=193.5
OK: audit03.annotation.p0.mm.Inside.dimension.end; actual=480.; expected=480.
OK: audit03.annotation.p0.mm.Inside.font; actual=12.9; expected=12.9
FAIL: audit03.annotation.p0.mm.Inside.textPlacement; actual=199.95; expected=210.5925
OK: audit03.annotation.p0.mm.Inside.black
OK: audit03.annotation.p0.mm.Inside.extensionColor
OK: audit03.annotation.p0.mm.Inside.lineWeight; actual=1.5; expected=1.5
OK: audit03.annotation.p0.mm.Inside.extensionWeight; actual=0.75; expected=0.75
OK: audit03.annotation.p0.mm.Inside.rebarWeight; actual=1.5; expected=1.5
OK: audit03.annotation.p0.mm.Inside.rebarFont; actual=12.9; expected=12.9
OK: audit03.annotation.p0.mm.Inside.arrows
OK: audit03.annotation.p0.pt.Outside.count
OK: audit03.annotation.p0.pt.Outside.dimension.x; actual=160.; expected=160.
OK: audit03.annotation.p0.pt.Outside.dimension.y; actual=193.5; expected=193.5
OK: audit03.annotation.p0.pt.Outside.dimension.end; actual=480.; expected=480.
OK: audit03.annotation.p0.pt.Outside.font; actual=6.; expected=6.
FAIL: audit03.annotation.p0.pt.Outside.textPlacement; actual=190.5; expected=181.5
OK: audit03.annotation.p0.pt.Outside.black
OK: audit03.annotation.p0.pt.Outside.extensionColor
OK: audit03.annotation.p0.pt.Outside.lineWeight; actual=1.5; expected=1.5
OK: audit03.annotation.p0.pt.Outside.extensionWeight; actual=0.75; expected=0.75
OK: audit03.annotation.p0.pt.Outside.rebarWeight; actual=1.5; expected=1.5
OK: audit03.annotation.p0.pt.Outside.rebarFont; actual=6.; expected=6.
OK: audit03.annotation.p0.pt.Outside.arrows
OK: audit03.annotation.p0.pt.Inside.count
OK: audit03.annotation.p0.pt.Inside.dimension.x; actual=160.; expected=160.
OK: audit03.annotation.p0.pt.Inside.dimension.y; actual=193.5; expected=193.5
OK: audit03.annotation.p0.pt.Inside.dimension.end; actual=480.; expected=480.
OK: audit03.annotation.p0.pt.Inside.font; actual=6.; expected=6.
FAIL: audit03.annotation.p0.pt.Inside.textPlacement; actual=196.5; expected=205.5
OK: audit03.annotation.p0.pt.Inside.black
OK: audit03.annotation.p0.pt.Inside.extensionColor
OK: audit03.annotation.p0.pt.Inside.lineWeight; actual=1.5; expected=1.5
OK: audit03.annotation.p0.pt.Inside.extensionWeight; actual=0.75; expected=0.75
OK: audit03.annotation.p0.pt.Inside.rebarWeight; actual=1.5; expected=1.5
OK: audit03.annotation.p0.pt.Inside.rebarFont; actual=6.; expected=6.
OK: audit03.annotation.p0.pt.Inside.arrows
OK: audit03.annotation.noLeader.p0
OK: audit03.annotation.groupsOff.p0
OK: audit03.annotation.p1.Plot.Dimensions.Enabled.bad8.rejected
OK: audit03.annotation.p1.Plot.Dimensions.Enabled.bad8.key
FAIL: audit03.annotation.p1.Plot.Dimensions.Enabled.bad8.address
ANNOTATION_ERROR: audit03.annotation.p1.Plot.Dimensions.Enabled.bad8|Настройка Plot.Dimensions.Enabled (лист LayoutConfig, ячейка CI928): Обязательное значение не задано. Заполните значение или выберите допустимый вариант из списка; пустое значение и TODO недопустимы.
OK: audit03.annotation.p1.Plot.Dimensions.Enabled.bad8.recovery
OK: audit03.annotation.p1.Plot.Dimensions.Enabled.bad8.rejected
OK: audit03.annotation.p1.Plot.Dimensions.Enabled.bad8.key
FAIL: audit03.annotation.p1.Plot.Dimensions.Enabled.bad8.address
ANNOTATION_ERROR: audit03.annotation.p1.Plot.Dimensions.Enabled.bad8|Настройка Plot.Dimensions.Enabled (лист LayoutConfig, ячейка CI928): Обязательное значение не задано. Заполните значение или выберите допустимый вариант из списка; пустое значение и TODO недопустимы.
OK: audit03.annotation.p1.Plot.Dimensions.Enabled.bad8.recovery
OK: audit03.annotation.p1.Plot.Dimensions.Enabled.bad8.rejected
OK: audit03.annotation.p1.Plot.Dimensions.Enabled.bad8.key
FAIL: audit03.annotation.p1.Plot.Dimensions.Enabled.bad8.address
ANNOTATION_ERROR: audit03.annotation.p1.Plot.Dimensions.Enabled.bad8|Настройка Plot.Dimensions.Enabled (лист LayoutConfig, ячейка CI928): Значение переключателя не распознано. Выберите Yes или No.
OK: audit03.annotation.p1.Plot.Dimensions.Enabled.bad8.recovery
OK: audit03.annotation.p1.Plot.Dimensions.Enabled.bad10.rejected
OK: audit03.annotation.p1.Plot.Dimensions.Enabled.bad10.key
FAIL: audit03.annotation.p1.Plot.Dimensions.Enabled.bad10.address
ANNOTATION_ERROR: audit03.annotation.p1.Plot.Dimensions.Enabled.bad10|Настройка Plot.Dimensions.Enabled (лист LayoutConfig, ячейка CI928) содержит ошибку Excel в колонке "значение". Исправьте формулу или введите допустимое значение вместо ошибки Excel.
OK: audit03.annotation.p1.Plot.Dimensions.Enabled.bad10.recovery
OK: audit03.annotation.p1.Plot.Dimensions.TextHeight.bad8.rejected
OK: audit03.annotation.p1.Plot.Dimensions.TextHeight.bad8.key
FAIL: audit03.annotation.p1.Plot.Dimensions.TextHeight.bad8.address
ANNOTATION_ERROR: audit03.annotation.p1.Plot.Dimensions.TextHeight.bad8|Настройка Plot.Dimensions.TextHeight (лист LayoutConfig, ячейка CI929): Обязательное числовое значение не задано. Введите число или формулу, возвращающую число; пустое значение и TODO недопустимы.
OK: audit03.annotation.p1.Plot.Dimensions.TextHeight.bad8.recovery
OK: audit03.annotation.p1.Plot.Dimensions.TextHeight.bad8.rejected
OK: audit03.annotation.p1.Plot.Dimensions.TextHeight.bad8.key
FAIL: audit03.annotation.p1.Plot.Dimensions.TextHeight.bad8.address
ANNOTATION_ERROR: audit03.annotation.p1.Plot.Dimensions.TextHeight.bad8|Настройка Plot.Dimensions.TextHeight (лист LayoutConfig, ячейка CI929): Обязательное числовое значение не задано. Введите число или формулу, возвращающую число; пустое значение и TODO недопустимы.
OK: audit03.annotation.p1.Plot.Dimensions.TextHeight.bad8.recovery
OK: audit03.annotation.p1.Plot.Dimensions.TextHeight.bad8.rejected
OK: audit03.annotation.p1.Plot.Dimensions.TextHeight.bad8.key
FAIL: audit03.annotation.p1.Plot.Dimensions.TextHeight.bad8.address
ANNOTATION_ERROR: audit03.annotation.p1.Plot.Dimensions.TextHeight.bad8|Настройка Plot.Dimensions.TextHeight (лист LayoutConfig, ячейка CI929): Не удалось прочитать обязательное число: "INVALID". Введите конечное число допустимого диапазона или исправьте формулу.
OK: audit03.annotation.p1.Plot.Dimensions.TextHeight.bad8.recovery
OK: audit03.annotation.p1.Plot.Dimensions.TextHeight.bad10.rejected
OK: audit03.annotation.p1.Plot.Dimensions.TextHeight.bad10.key
FAIL: audit03.annotation.p1.Plot.Dimensions.TextHeight.bad10.address
ANNOTATION_ERROR: audit03.annotation.p1.Plot.Dimensions.TextHeight.bad10|Настройка Plot.Dimensions.TextHeight (лист LayoutConfig, ячейка CI929) содержит ошибку Excel в колонке "значение". Исправьте формулу или введите допустимое значение вместо ошибки Excel.
OK: audit03.annotation.p1.Plot.Dimensions.TextHeight.bad10.recovery
OK: audit03.annotation.p1.Plot.Dimensions.TextUnits.bad8.rejected
OK: audit03.annotation.p1.Plot.Dimensions.TextUnits.bad8.key
FAIL: audit03.annotation.p1.Plot.Dimensions.TextUnits.bad8.address
ANNOTATION_ERROR: audit03.annotation.p1.Plot.Dimensions.TextUnits.bad8|Настройка Plot.Dimensions.TextUnits (лист LayoutConfig, ячейка CI930): Обязательное значение не задано. Заполните значение или выберите допустимый вариант из списка; пустое значение и TODO недопустимы.
OK: audit03.annotation.p1.Plot.Dimensions.TextUnits.bad8.recovery
OK: audit03.annotation.p1.Plot.Dimensions.TextUnits.bad8.rejected
OK: audit03.annotation.p1.Plot.Dimensions.TextUnits.bad8.key
FAIL: audit03.annotation.p1.Plot.Dimensions.TextUnits.bad8.address
ANNOTATION_ERROR: audit03.annotation.p1.Plot.Dimensions.TextUnits.bad8|Настройка Plot.Dimensions.TextUnits (лист LayoutConfig, ячейка CI930): Обязательное значение не задано. Заполните значение или выберите допустимый вариант из списка; пустое значение и TODO недопустимы.
OK: audit03.annotation.p1.Plot.Dimensions.TextUnits.bad8.recovery
OK: audit03.annotation.p1.Plot.Dimensions.TextUnits.bad8.rejected
OK: audit03.annotation.p1.Plot.Dimensions.TextUnits.bad8.key
FAIL: audit03.annotation.p1.Plot.Dimensions.TextUnits.bad8.address
ANNOTATION_ERROR: audit03.annotation.p1.Plot.Dimensions.TextUnits.bad8|Настройка Plot.Dimensions.TextUnits (лист LayoutConfig, ячейка CI930): Недопустимый вариант: "INVALID". Выберите из списка: mm, pt.
OK: audit03.annotation.p1.Plot.Dimensions.TextUnits.bad8.recovery
OK: audit03.annotation.p1.Plot.Dimensions.TextUnits.bad10.rejected
OK: audit03.annotation.p1.Plot.Dimensions.TextUnits.bad10.key
FAIL: audit03.annotation.p1.Plot.Dimensions.TextUnits.bad10.address
ANNOTATION_ERROR: audit03.annotation.p1.Plot.Dimensions.TextUnits.bad10|Настройка Plot.Dimensions.TextUnits (лист LayoutConfig, ячейка CI930) содержит ошибку Excel в колонке "значение". Исправьте формулу или введите допустимое значение вместо ошибки Excel.
OK: audit03.annotation.p1.Plot.Dimensions.TextUnits.bad10.recovery
OK: audit03.annotation.p1.Plot.Dimensions.Offset.bad8.rejected
OK: audit03.annotation.p1.Plot.Dimensions.Offset.bad8.key
FAIL: audit03.annotation.p1.Plot.Dimensions.Offset.bad8.address
ANNOTATION_ERROR: audit03.annotation.p1.Plot.Dimensions.Offset.bad8|Настройка Plot.Dimensions.Offset (лист LayoutConfig, ячейка CI931): Обязательное числовое значение не задано. Введите число или формулу, возвращающую число; пустое значение и TODO недопустимы.
OK: audit03.annotation.p1.Plot.Dimensions.Offset.bad8.recovery
OK: audit03.annotation.p1.Plot.Dimensions.Offset.bad8.rejected
OK: audit03.annotation.p1.Plot.Dimensions.Offset.bad8.key
FAIL: audit03.annotation.p1.Plot.Dimensions.Offset.bad8.address
ANNOTATION_ERROR: audit03.annotation.p1.Plot.Dimensions.Offset.bad8|Настройка Plot.Dimensions.Offset (лист LayoutConfig, ячейка CI931): Обязательное числовое значение не задано. Введите число или формулу, возвращающую число; пустое значение и TODO недопустимы.
OK: audit03.annotation.p1.Plot.Dimensions.Offset.bad8.recovery
OK: audit03.annotation.p1.Plot.Dimensions.Offset.bad8.rejected
OK: audit03.annotation.p1.Plot.Dimensions.Offset.bad8.key
FAIL: audit03.annotation.p1.Plot.Dimensions.Offset.bad8.address
ANNOTATION_ERROR: audit03.annotation.p1.Plot.Dimensions.Offset.bad8|Настройка Plot.Dimensions.Offset (лист LayoutConfig, ячейка CI931): Не удалось прочитать обязательное число: "INVALID". Введите конечное число допустимого диапазона или исправьте формулу.
OK: audit03.annotation.p1.Plot.Dimensions.Offset.bad8.recovery
OK: audit03.annotation.p1.Plot.Dimensions.Offset.bad10.rejected
OK: audit03.annotation.p1.Plot.Dimensions.Offset.bad10.key
FAIL: audit03.annotation.p1.Plot.Dimensions.Offset.bad10.address
ANNOTATION_ERROR: audit03.annotation.p1.Plot.Dimensions.Offset.bad10|Настройка Plot.Dimensions.Offset (лист LayoutConfig, ячейка CI931) содержит ошибку Excel в колонке "значение". Исправьте формулу или введите допустимое значение вместо ошибки Excel.
OK: audit03.annotation.p1.Plot.Dimensions.Offset.bad10.recovery
OK: audit03.annotation.p1.Plot.Dimensions.LineWeight.bad8.rejected
OK: audit03.annotation.p1.Plot.Dimensions.LineWeight.bad8.key
FAIL: audit03.annotation.p1.Plot.Dimensions.LineWeight.bad8.address
ANNOTATION_ERROR: audit03.annotation.p1.Plot.Dimensions.LineWeight.bad8|Настройка Plot.Dimensions.LineWeight (лист LayoutConfig, ячейка CI932): Обязательное числовое значение не задано. Введите число или формулу, возвращающую число; пустое значение и TODO недопустимы.
OK: audit03.annotation.p1.Plot.Dimensions.LineWeight.bad8.recovery
OK: audit03.annotation.p1.Plot.Dimensions.LineWeight.bad8.rejected
OK: audit03.annotation.p1.Plot.Dimensions.LineWeight.bad8.key
FAIL: audit03.annotation.p1.Plot.Dimensions.LineWeight.bad8.address
ANNOTATION_ERROR: audit03.annotation.p1.Plot.Dimensions.LineWeight.bad8|Настройка Plot.Dimensions.LineWeight (лист LayoutConfig, ячейка CI932): Обязательное числовое значение не задано. Введите число или формулу, возвращающую число; пустое значение и TODO недопустимы.
OK: audit03.annotation.p1.Plot.Dimensions.LineWeight.bad8.recovery
OK: audit03.annotation.p1.Plot.Dimensions.LineWeight.bad8.rejected
OK: audit03.annotation.p1.Plot.Dimensions.LineWeight.bad8.key
FAIL: audit03.annotation.p1.Plot.Dimensions.LineWeight.bad8.address
ANNOTATION_ERROR: audit03.annotation.p1.Plot.Dimensions.LineWeight.bad8|Настройка Plot.Dimensions.LineWeight (лист LayoutConfig, ячейка CI932): Не удалось прочитать обязательное число: "INVALID". Введите конечное число допустимого диапазона или исправьте формулу.
OK: audit03.annotation.p1.Plot.Dimensions.LineWeight.bad8.recovery
OK: audit03.annotation.p1.Plot.Dimensions.LineWeight.bad10.rejected
OK: audit03.annotation.p1.Plot.Dimensions.LineWeight.bad10.key
FAIL: audit03.annotation.p1.Plot.Dimensions.LineWeight.bad10.address
ANNOTATION_ERROR: audit03.annotation.p1.Plot.Dimensions.LineWeight.bad10|Настройка Plot.Dimensions.LineWeight (лист LayoutConfig, ячейка CI932) содержит ошибку Excel в колонке "значение". Исправьте формулу или введите допустимое значение вместо ошибки Excel.
OK: audit03.annotation.p1.Plot.Dimensions.LineWeight.bad10.recovery
OK: audit03.annotation.p1.Plot.Dimensions.ExtensionLineWeight.bad8.rejected
OK: audit03.annotation.p1.Plot.Dimensions.ExtensionLineWeight.bad8.key
FAIL: audit03.annotation.p1.Plot.Dimensions.ExtensionLineWeight.bad8.address
ANNOTATION_ERROR: audit03.annotation.p1.Plot.Dimensions.ExtensionLineWeight.bad8|Настройка Plot.Dimensions.ExtensionLineWeight (лист LayoutConfig, ячейка CI933): Обязательное числовое значение не задано. Введите число или формулу, возвращающую число; пустое значение и TODO недопустимы.
OK: audit03.annotation.p1.Plot.Dimensions.ExtensionLineWeight.bad8.recovery
OK: audit03.annotation.p1.Plot.Dimensions.ExtensionLineWeight.bad8.rejected
OK: audit03.annotation.p1.Plot.Dimensions.ExtensionLineWeight.bad8.key
FAIL: audit03.annotation.p1.Plot.Dimensions.ExtensionLineWeight.bad8.address
ANNOTATION_ERROR: audit03.annotation.p1.Plot.Dimensions.ExtensionLineWeight.bad8|Настройка Plot.Dimensions.ExtensionLineWeight (лист LayoutConfig, ячейка CI933): Обязательное числовое значение не задано. Введите число или формулу, возвращающую число; пустое значение и TODO недопустимы.
OK: audit03.annotation.p1.Plot.Dimensions.ExtensionLineWeight.bad8.recovery
OK: audit03.annotation.p1.Plot.Dimensions.ExtensionLineWeight.bad8.rejected
OK: audit03.annotation.p1.Plot.Dimensions.ExtensionLineWeight.bad8.key
FAIL: audit03.annotation.p1.Plot.Dimensions.ExtensionLineWeight.bad8.address
ANNOTATION_ERROR: audit03.annotation.p1.Plot.Dimensions.ExtensionLineWeight.bad8|Настройка Plot.Dimensions.ExtensionLineWeight (лист LayoutConfig, ячейка CI933): Не удалось прочитать обязательное число: "INVALID". Введите конечное число допустимого диапазона или исправьте формулу.
OK: audit03.annotation.p1.Plot.Dimensions.ExtensionLineWeight.bad8.recovery
OK: audit03.annotation.p1.Plot.Dimensions.ExtensionLineWeight.bad10.rejected
OK: audit03.annotation.p1.Plot.Dimensions.ExtensionLineWeight.bad10.key
FAIL: audit03.annotation.p1.Plot.Dimensions.ExtensionLineWeight.bad10.address
ANNOTATION_ERROR: audit03.annotation.p1.Plot.Dimensions.ExtensionLineWeight.bad10|Настройка Plot.Dimensions.ExtensionLineWeight (лист LayoutConfig, ячейка CI933) содержит ошибку Excel в колонке "значение". Исправьте формулу или введите допустимое значение вместо ошибки Excel.
OK: audit03.annotation.p1.Plot.Dimensions.ExtensionLineWeight.bad10.recovery
OK: audit03.annotation.p1.Plot.Dimensions.TextGap.bad8.rejected
OK: audit03.annotation.p1.Plot.Dimensions.TextGap.bad8.key
FAIL: audit03.annotation.p1.Plot.Dimensions.TextGap.bad8.address
ANNOTATION_ERROR: audit03.annotation.p1.Plot.Dimensions.TextGap.bad8|Настройка Plot.Dimensions.TextGap (лист LayoutConfig, ячейка CI934): Обязательное числовое значение не задано. Введите число или формулу, возвращающую число; пустое значение и TODO недопустимы.
OK: audit03.annotation.p1.Plot.Dimensions.TextGap.bad8.recovery
OK: audit03.annotation.p1.Plot.Dimensions.TextGap.bad8.rejected
OK: audit03.annotation.p1.Plot.Dimensions.TextGap.bad8.key
FAIL: audit03.annotation.p1.Plot.Dimensions.TextGap.bad8.address
ANNOTATION_ERROR: audit03.annotation.p1.Plot.Dimensions.TextGap.bad8|Настройка Plot.Dimensions.TextGap (лист LayoutConfig, ячейка CI934): Обязательное числовое значение не задано. Введите число или формулу, возвращающую число; пустое значение и TODO недопустимы.
OK: audit03.annotation.p1.Plot.Dimensions.TextGap.bad8.recovery
OK: audit03.annotation.p1.Plot.Dimensions.TextGap.bad8.rejected
OK: audit03.annotation.p1.Plot.Dimensions.TextGap.bad8.key
FAIL: audit03.annotation.p1.Plot.Dimensions.TextGap.bad8.address
ANNOTATION_ERROR: audit03.annotation.p1.Plot.Dimensions.TextGap.bad8|Настройка Plot.Dimensions.TextGap (лист LayoutConfig, ячейка CI934): Не удалось прочитать обязательное число: "INVALID". Введите конечное число допустимого диапазона или исправьте формулу.
OK: audit03.annotation.p1.Plot.Dimensions.TextGap.bad8.recovery
OK: audit03.annotation.p1.Plot.Dimensions.TextGap.bad10.rejected
OK: audit03.annotation.p1.Plot.Dimensions.TextGap.bad10.key
FAIL: audit03.annotation.p1.Plot.Dimensions.TextGap.bad10.address
ANNOTATION_ERROR: audit03.annotation.p1.Plot.Dimensions.TextGap.bad10|Настройка Plot.Dimensions.TextGap (лист LayoutConfig, ячейка CI934) содержит ошибку Excel в колонке "значение". Исправьте формулу или введите допустимое значение вместо ошибки Excel.
OK: audit03.annotation.p1.Plot.Dimensions.TextGap.bad10.recovery
OK: audit03.annotation.p1.Plot.Dimensions.Placement.bad8.rejected
OK: audit03.annotation.p1.Plot.Dimensions.Placement.bad8.key
FAIL: audit03.annotation.p1.Plot.Dimensions.Placement.bad8.address
ANNOTATION_ERROR: audit03.annotation.p1.Plot.Dimensions.Placement.bad8|Настройка Plot.Dimensions.Placement (лист LayoutConfig, ячейка CI935): Обязательное значение не задано. Заполните значение или выберите допустимый вариант из списка; пустое значение и TODO недопустимы.
OK: audit03.annotation.p1.Plot.Dimensions.Placement.bad8.recovery
OK: audit03.annotation.p1.Plot.Dimensions.Placement.bad8.rejected
OK: audit03.annotation.p1.Plot.Dimensions.Placement.bad8.key
FAIL: audit03.annotation.p1.Plot.Dimensions.Placement.bad8.address
ANNOTATION_ERROR: audit03.annotation.p1.Plot.Dimensions.Placement.bad8|Настройка Plot.Dimensions.Placement (лист LayoutConfig, ячейка CI935): Обязательное значение не задано. Заполните значение или выберите допустимый вариант из списка; пустое значение и TODO недопустимы.
OK: audit03.annotation.p1.Plot.Dimensions.Placement.bad8.recovery
OK: audit03.annotation.p1.Plot.Dimensions.Placement.bad8.rejected
OK: audit03.annotation.p1.Plot.Dimensions.Placement.bad8.key
FAIL: audit03.annotation.p1.Plot.Dimensions.Placement.bad8.address
ANNOTATION_ERROR: audit03.annotation.p1.Plot.Dimensions.Placement.bad8|Настройка Plot.Dimensions.Placement (лист LayoutConfig, ячейка CI935): Недопустимый вариант: "INVALID". Выберите из списка: Outside, Inside.
OK: audit03.annotation.p1.Plot.Dimensions.Placement.bad8.recovery
OK: audit03.annotation.p1.Plot.Dimensions.Placement.bad10.rejected
OK: audit03.annotation.p1.Plot.Dimensions.Placement.bad10.key
FAIL: audit03.annotation.p1.Plot.Dimensions.Placement.bad10.address
ANNOTATION_ERROR: audit03.annotation.p1.Plot.Dimensions.Placement.bad10|Настройка Plot.Dimensions.Placement (лист LayoutConfig, ячейка CI935) содержит ошибку Excel в колонке "значение". Исправьте формулу или введите допустимое значение вместо ошибки Excel.
OK: audit03.annotation.p1.Plot.Dimensions.Placement.bad10.recovery
OK: audit03.annotation.p1.Plot.Dimensions.Color.bad8.rejected
OK: audit03.annotation.p1.Plot.Dimensions.Color.bad8.key
FAIL: audit03.annotation.p1.Plot.Dimensions.Color.bad8.address
ANNOTATION_ERROR: audit03.annotation.p1.Plot.Dimensions.Color.bad8|Настройка Plot.Dimensions.Color (лист LayoutConfig, ячейка CI936): Обязательное значение не задано. Заполните значение или выберите допустимый вариант из списка; пустое значение и TODO недопустимы.
OK: audit03.annotation.p1.Plot.Dimensions.Color.bad8.recovery
OK: audit03.annotation.p1.Plot.Dimensions.Color.bad8.rejected
OK: audit03.annotation.p1.Plot.Dimensions.Color.bad8.key
FAIL: audit03.annotation.p1.Plot.Dimensions.Color.bad8.address
ANNOTATION_ERROR: audit03.annotation.p1.Plot.Dimensions.Color.bad8|Настройка Plot.Dimensions.Color (лист LayoutConfig, ячейка CI936): Обязательное значение не задано. Заполните значение или выберите допустимый вариант из списка; пустое значение и TODO недопустимы.
OK: audit03.annotation.p1.Plot.Dimensions.Color.bad8.recovery
OK: audit03.annotation.p1.Plot.Dimensions.Color.bad8.rejected
OK: audit03.annotation.p1.Plot.Dimensions.Color.bad8.key
FAIL: audit03.annotation.p1.Plot.Dimensions.Color.bad8.address
ANNOTATION_ERROR: audit03.annotation.p1.Plot.Dimensions.Color.bad8|Настройка Plot.Dimensions.Color (лист LayoutConfig, ячейка CI936): Цвет RGB задан неверно: "INVALID". Введите три целых числа от 0 до 255 через запятую, например 0,0,0 для черного цвета.
OK: audit03.annotation.p1.Plot.Dimensions.Color.bad8.recovery
OK: audit03.annotation.p1.Plot.Dimensions.Color.bad10.rejected
OK: audit03.annotation.p1.Plot.Dimensions.Color.bad10.key
FAIL: audit03.annotation.p1.Plot.Dimensions.Color.bad10.address
ANNOTATION_ERROR: audit03.annotation.p1.Plot.Dimensions.Color.bad10|Настройка Plot.Dimensions.Color (лист LayoutConfig, ячейка CI936) содержит ошибку Excel в колонке "значение". Исправьте формулу или введите допустимое значение вместо ошибки Excel.
OK: audit03.annotation.p1.Plot.Dimensions.Color.bad10.recovery
OK: audit03.annotation.p1.Plot.Dimensions.ExtensionLineColor.bad8.rejected
OK: audit03.annotation.p1.Plot.Dimensions.ExtensionLineColor.bad8.key
FAIL: audit03.annotation.p1.Plot.Dimensions.ExtensionLineColor.bad8.address
ANNOTATION_ERROR: audit03.annotation.p1.Plot.Dimensions.ExtensionLineColor.bad8|Настройка Plot.Dimensions.ExtensionLineColor (лист LayoutConfig, ячейка CI937): Обязательное значение не задано. Заполните значение или выберите допустимый вариант из списка; пустое значение и TODO недопустимы.
OK: audit03.annotation.p1.Plot.Dimensions.ExtensionLineColor.bad8.recovery
OK: audit03.annotation.p1.Plot.Dimensions.ExtensionLineColor.bad8.rejected
OK: audit03.annotation.p1.Plot.Dimensions.ExtensionLineColor.bad8.key
FAIL: audit03.annotation.p1.Plot.Dimensions.ExtensionLineColor.bad8.address
ANNOTATION_ERROR: audit03.annotation.p1.Plot.Dimensions.ExtensionLineColor.bad8|Настройка Plot.Dimensions.ExtensionLineColor (лист LayoutConfig, ячейка CI937): Обязательное значение не задано. Заполните значение или выберите допустимый вариант из списка; пустое значение и TODO недопустимы.
OK: audit03.annotation.p1.Plot.Dimensions.ExtensionLineColor.bad8.recovery
OK: audit03.annotation.p1.Plot.Dimensions.ExtensionLineColor.bad8.rejected
OK: audit03.annotation.p1.Plot.Dimensions.ExtensionLineColor.bad8.key
FAIL: audit03.annotation.p1.Plot.Dimensions.ExtensionLineColor.bad8.address
ANNOTATION_ERROR: audit03.annotation.p1.Plot.Dimensions.ExtensionLineColor.bad8|Настройка Plot.Dimensions.ExtensionLineColor (лист LayoutConfig, ячейка CI937): Цвет RGB задан неверно: "INVALID". Введите три целых числа от 0 до 255 через запятую, например 0,0,0 для черного цвета.
OK: audit03.annotation.p1.Plot.Dimensions.ExtensionLineColor.bad8.recovery
OK: audit03.annotation.p1.Plot.Dimensions.ExtensionLineColor.bad10.rejected
OK: audit03.annotation.p1.Plot.Dimensions.ExtensionLineColor.bad10.key
FAIL: audit03.annotation.p1.Plot.Dimensions.ExtensionLineColor.bad10.address
ANNOTATION_ERROR: audit03.annotation.p1.Plot.Dimensions.ExtensionLineColor.bad10|Настройка Plot.Dimensions.ExtensionLineColor (лист LayoutConfig, ячейка CI937) содержит ошибку Excel в колонке "значение". Исправьте формулу или введите допустимое значение вместо ошибки Excel.
OK: audit03.annotation.p1.Plot.Dimensions.ExtensionLineColor.bad10.recovery
OK: audit03.annotation.p1.Plot.RebarLabels.Enabled.bad8.rejected
OK: audit03.annotation.p1.Plot.RebarLabels.Enabled.bad8.key
FAIL: audit03.annotation.p1.Plot.RebarLabels.Enabled.bad8.address
ANNOTATION_ERROR: audit03.annotation.p1.Plot.RebarLabels.Enabled.bad8|Настройка Plot.RebarLabels.Enabled (лист LayoutConfig, ячейка CI940): Обязательное значение не задано. Заполните значение или выберите допустимый вариант из списка; пустое значение и TODO недопустимы.
OK: audit03.annotation.p1.Plot.RebarLabels.Enabled.bad8.recovery
OK: audit03.annotation.p1.Plot.RebarLabels.Enabled.bad8.rejected
OK: audit03.annotation.p1.Plot.RebarLabels.Enabled.bad8.key
FAIL: audit03.annotation.p1.Plot.RebarLabels.Enabled.bad8.address
ANNOTATION_ERROR: audit03.annotation.p1.Plot.RebarLabels.Enabled.bad8|Настройка Plot.RebarLabels.Enabled (лист LayoutConfig, ячейка CI940): Обязательное значение не задано. Заполните значение или выберите допустимый вариант из списка; пустое значение и TODO недопустимы.
OK: audit03.annotation.p1.Plot.RebarLabels.Enabled.bad8.recovery
OK: audit03.annotation.p1.Plot.RebarLabels.Enabled.bad8.rejected
OK: audit03.annotation.p1.Plot.RebarLabels.Enabled.bad8.key
FAIL: audit03.annotation.p1.Plot.RebarLabels.Enabled.bad8.address
ANNOTATION_ERROR: audit03.annotation.p1.Plot.RebarLabels.Enabled.bad8|Настройка Plot.RebarLabels.Enabled (лист LayoutConfig, ячейка CI940): Значение переключателя не распознано. Выберите Yes или No.
OK: audit03.annotation.p1.Plot.RebarLabels.Enabled.bad8.recovery
OK: audit03.annotation.p1.Plot.RebarLabels.Enabled.bad10.rejected
OK: audit03.annotation.p1.Plot.RebarLabels.Enabled.bad10.key
FAIL: audit03.annotation.p1.Plot.RebarLabels.Enabled.bad10.address
ANNOTATION_ERROR: audit03.annotation.p1.Plot.RebarLabels.Enabled.bad10|Настройка Plot.RebarLabels.Enabled (лист LayoutConfig, ячейка CI940) содержит ошибку Excel в колонке "значение". Исправьте формулу или введите допустимое значение вместо ошибки Excel.
OK: audit03.annotation.p1.Plot.RebarLabels.Enabled.bad10.recovery
OK: audit03.annotation.p1.Plot.RebarLabels.TextHeight.bad8.rejected
OK: audit03.annotation.p1.Plot.RebarLabels.TextHeight.bad8.key
FAIL: audit03.annotation.p1.Plot.RebarLabels.TextHeight.bad8.address
ANNOTATION_ERROR: audit03.annotation.p1.Plot.RebarLabels.TextHeight.bad8|Настройка Plot.RebarLabels.TextHeight (лист LayoutConfig, ячейка CI941): Обязательное числовое значение не задано. Введите число или формулу, возвращающую число; пустое значение и TODO недопустимы.
OK: audit03.annotation.p1.Plot.RebarLabels.TextHeight.bad8.recovery
OK: audit03.annotation.p1.Plot.RebarLabels.TextHeight.bad8.rejected
OK: audit03.annotation.p1.Plot.RebarLabels.TextHeight.bad8.key
FAIL: audit03.annotation.p1.Plot.RebarLabels.TextHeight.bad8.address
ANNOTATION_ERROR: audit03.annotation.p1.Plot.RebarLabels.TextHeight.bad8|Настройка Plot.RebarLabels.TextHeight (лист LayoutConfig, ячейка CI941): Обязательное числовое значение не задано. Введите число или формулу, возвращающую число; пустое значение и TODO недопустимы.
OK: audit03.annotation.p1.Plot.RebarLabels.TextHeight.bad8.recovery
OK: audit03.annotation.p1.Plot.RebarLabels.TextHeight.bad8.rejected
OK: audit03.annotation.p1.Plot.RebarLabels.TextHeight.bad8.key
FAIL: audit03.annotation.p1.Plot.RebarLabels.TextHeight.bad8.address
ANNOTATION_ERROR: audit03.annotation.p1.Plot.RebarLabels.TextHeight.bad8|Настройка Plot.RebarLabels.TextHeight (лист LayoutConfig, ячейка CI941): Не удалось прочитать обязательное число: "INVALID". Введите конечное число допустимого диапазона или исправьте формулу.
OK: audit03.annotation.p1.Plot.RebarLabels.TextHeight.bad8.recovery
OK: audit03.annotation.p1.Plot.RebarLabels.TextHeight.bad10.rejected
OK: audit03.annotation.p1.Plot.RebarLabels.TextHeight.bad10.key
FAIL: audit03.annotation.p1.Plot.RebarLabels.TextHeight.bad10.address
ANNOTATION_ERROR: audit03.annotation.p1.Plot.RebarLabels.TextHeight.bad10|Настройка Plot.RebarLabels.TextHeight (лист LayoutConfig, ячейка CI941) содержит ошибку Excel в колонке "значение". Исправьте формулу или введите допустимое значение вместо ошибки Excel.
OK: audit03.annotation.p1.Plot.RebarLabels.TextHeight.bad10.recovery
OK: audit03.annotation.p1.Plot.RebarLabels.TextUnits.bad8.rejected
OK: audit03.annotation.p1.Plot.RebarLabels.TextUnits.bad8.key
FAIL: audit03.annotation.p1.Plot.RebarLabels.TextUnits.bad8.address
ANNOTATION_ERROR: audit03.annotation.p1.Plot.RebarLabels.TextUnits.bad8|Настройка Plot.RebarLabels.TextUnits (лист LayoutConfig, ячейка CI942): Обязательное значение не задано. Заполните значение или выберите допустимый вариант из списка; пустое значение и TODO недопустимы.
OK: audit03.annotation.p1.Plot.RebarLabels.TextUnits.bad8.recovery
OK: audit03.annotation.p1.Plot.RebarLabels.TextUnits.bad8.rejected
OK: audit03.annotation.p1.Plot.RebarLabels.TextUnits.bad8.key
FAIL: audit03.annotation.p1.Plot.RebarLabels.TextUnits.bad8.address
ANNOTATION_ERROR: audit03.annotation.p1.Plot.RebarLabels.TextUnits.bad8|Настройка Plot.RebarLabels.TextUnits (лист LayoutConfig, ячейка CI942): Обязательное значение не задано. Заполните значение или выберите допустимый вариант из списка; пустое значение и TODO недопустимы.
OK: audit03.annotation.p1.Plot.RebarLabels.TextUnits.bad8.recovery
OK: audit03.annotation.p1.Plot.RebarLabels.TextUnits.bad8.rejected
OK: audit03.annotation.p1.Plot.RebarLabels.TextUnits.bad8.key
FAIL: audit03.annotation.p1.Plot.RebarLabels.TextUnits.bad8.address
ANNOTATION_ERROR: audit03.annotation.p1.Plot.RebarLabels.TextUnits.bad8|Настройка Plot.RebarLabels.TextUnits (лист LayoutConfig, ячейка CI942): Недопустимый вариант: "INVALID". Выберите из списка: mm, pt.
OK: audit03.annotation.p1.Plot.RebarLabels.TextUnits.bad8.recovery
OK: audit03.annotation.p1.Plot.RebarLabels.TextUnits.bad10.rejected
OK: audit03.annotation.p1.Plot.RebarLabels.TextUnits.bad10.key
FAIL: audit03.annotation.p1.Plot.RebarLabels.TextUnits.bad10.address
ANNOTATION_ERROR: audit03.annotation.p1.Plot.RebarLabels.TextUnits.bad10|Настройка Plot.RebarLabels.TextUnits (лист LayoutConfig, ячейка CI942) содержит ошибку Excel в колонке "значение". Исправьте формулу или введите допустимое значение вместо ошибки Excel.
OK: audit03.annotation.p1.Plot.RebarLabels.TextUnits.bad10.recovery
OK: audit03.annotation.p1.Plot.RebarLabels.Offset.bad8.rejected
OK: audit03.annotation.p1.Plot.RebarLabels.Offset.bad8.key
FAIL: audit03.annotation.p1.Plot.RebarLabels.Offset.bad8.address
ANNOTATION_ERROR: audit03.annotation.p1.Plot.RebarLabels.Offset.bad8|Настройка Plot.RebarLabels.Offset (лист LayoutConfig, ячейка CI943): Обязательное числовое значение не задано. Введите число или формулу, возвращающую число; пустое значение и TODO недопустимы.
OK: audit03.annotation.p1.Plot.RebarLabels.Offset.bad8.recovery
OK: audit03.annotation.p1.Plot.RebarLabels.Offset.bad8.rejected
OK: audit03.annotation.p1.Plot.RebarLabels.Offset.bad8.key
FAIL: audit03.annotation.p1.Plot.RebarLabels.Offset.bad8.address
ANNOTATION_ERROR: audit03.annotation.p1.Plot.RebarLabels.Offset.bad8|Настройка Plot.RebarLabels.Offset (лист LayoutConfig, ячейка CI943): Обязательное числовое значение не задано. Введите число или формулу, возвращающую число; пустое значение и TODO недопустимы.
OK: audit03.annotation.p1.Plot.RebarLabels.Offset.bad8.recovery
OK: audit03.annotation.p1.Plot.RebarLabels.Offset.bad8.rejected
OK: audit03.annotation.p1.Plot.RebarLabels.Offset.bad8.key
FAIL: audit03.annotation.p1.Plot.RebarLabels.Offset.bad8.address
ANNOTATION_ERROR: audit03.annotation.p1.Plot.RebarLabels.Offset.bad8|Настройка Plot.RebarLabels.Offset (лист LayoutConfig, ячейка CI943): Не удалось прочитать обязательное число: "INVALID". Введите конечное число допустимого диапазона или исправьте формулу.
OK: audit03.annotation.p1.Plot.RebarLabels.Offset.bad8.recovery
OK: audit03.annotation.p1.Plot.RebarLabels.Offset.bad10.rejected
OK: audit03.annotation.p1.Plot.RebarLabels.Offset.bad10.key
FAIL: audit03.annotation.p1.Plot.RebarLabels.Offset.bad10.address
ANNOTATION_ERROR: audit03.annotation.p1.Plot.RebarLabels.Offset.bad10|Настройка Plot.RebarLabels.Offset (лист LayoutConfig, ячейка CI943) содержит ошибку Excel в колонке "значение". Исправьте формулу или введите допустимое значение вместо ошибки Excel.
OK: audit03.annotation.p1.Plot.RebarLabels.Offset.bad10.recovery
OK: audit03.annotation.p1.Plot.RebarLabels.LineEnabled.bad8.rejected
OK: audit03.annotation.p1.Plot.RebarLabels.LineEnabled.bad8.key
FAIL: audit03.annotation.p1.Plot.RebarLabels.LineEnabled.bad8.address
ANNOTATION_ERROR: audit03.annotation.p1.Plot.RebarLabels.LineEnabled.bad8|Настройка Plot.RebarLabels.LineEnabled (лист LayoutConfig, ячейка CI944): Обязательное значение не задано. Заполните значение или выберите допустимый вариант из списка; пустое значение и TODO недопустимы.
OK: audit03.annotation.p1.Plot.RebarLabels.LineEnabled.bad8.recovery
OK: audit03.annotation.p1.Plot.RebarLabels.LineEnabled.bad8.rejected
OK: audit03.annotation.p1.Plot.RebarLabels.LineEnabled.bad8.key
FAIL: audit03.annotation.p1.Plot.RebarLabels.LineEnabled.bad8.address
ANNOTATION_ERROR: audit03.annotation.p1.Plot.RebarLabels.LineEnabled.bad8|Настройка Plot.RebarLabels.LineEnabled (лист LayoutConfig, ячейка CI944): Обязательное значение не задано. Заполните значение или выберите допустимый вариант из списка; пустое значение и TODO недопустимы.
OK: audit03.annotation.p1.Plot.RebarLabels.LineEnabled.bad8.recovery
OK: audit03.annotation.p1.Plot.RebarLabels.LineEnabled.bad8.rejected
OK: audit03.annotation.p1.Plot.RebarLabels.LineEnabled.bad8.key
FAIL: audit03.annotation.p1.Plot.RebarLabels.LineEnabled.bad8.address
ANNOTATION_ERROR: audit03.annotation.p1.Plot.RebarLabels.LineEnabled.bad8|Настройка Plot.RebarLabels.LineEnabled (лист LayoutConfig, ячейка CI944): Значение переключателя не распознано. Выберите Yes или No.
OK: audit03.annotation.p1.Plot.RebarLabels.LineEnabled.bad8.recovery
OK: audit03.annotation.p1.Plot.RebarLabels.LineEnabled.bad10.rejected
OK: audit03.annotation.p1.Plot.RebarLabels.LineEnabled.bad10.key
FAIL: audit03.annotation.p1.Plot.RebarLabels.LineEnabled.bad10.address
ANNOTATION_ERROR: audit03.annotation.p1.Plot.RebarLabels.LineEnabled.bad10|Настройка Plot.RebarLabels.LineEnabled (лист LayoutConfig, ячейка CI944) содержит ошибку Excel в колонке "значение". Исправьте формулу или введите допустимое значение вместо ошибки Excel.
OK: audit03.annotation.p1.Plot.RebarLabels.LineEnabled.bad10.recovery
OK: audit03.annotation.p1.Plot.RebarLabels.LineWeight.bad8.rejected
OK: audit03.annotation.p1.Plot.RebarLabels.LineWeight.bad8.key
FAIL: audit03.annotation.p1.Plot.RebarLabels.LineWeight.bad8.address
ANNOTATION_ERROR: audit03.annotation.p1.Plot.RebarLabels.LineWeight.bad8|Настройка Plot.RebarLabels.LineWeight (лист LayoutConfig, ячейка CI945): Обязательное числовое значение не задано. Введите число или формулу, возвращающую число; пустое значение и TODO недопустимы.
OK: audit03.annotation.p1.Plot.RebarLabels.LineWeight.bad8.recovery
OK: audit03.annotation.p1.Plot.RebarLabels.LineWeight.bad8.rejected
OK: audit03.annotation.p1.Plot.RebarLabels.LineWeight.bad8.key
FAIL: audit03.annotation.p1.Plot.RebarLabels.LineWeight.bad8.address
ANNOTATION_ERROR: audit03.annotation.p1.Plot.RebarLabels.LineWeight.bad8|Настройка Plot.RebarLabels.LineWeight (лист LayoutConfig, ячейка CI945): Обязательное числовое значение не задано. Введите число или формулу, возвращающую число; пустое значение и TODO недопустимы.
OK: audit03.annotation.p1.Plot.RebarLabels.LineWeight.bad8.recovery
OK: audit03.annotation.p1.Plot.RebarLabels.LineWeight.bad8.rejected
OK: audit03.annotation.p1.Plot.RebarLabels.LineWeight.bad8.key
FAIL: audit03.annotation.p1.Plot.RebarLabels.LineWeight.bad8.address
ANNOTATION_ERROR: audit03.annotation.p1.Plot.RebarLabels.LineWeight.bad8|Настройка Plot.RebarLabels.LineWeight (лист LayoutConfig, ячейка CI945): Не удалось прочитать обязательное число: "INVALID". Введите конечное число допустимого диапазона или исправьте формулу.
OK: audit03.annotation.p1.Plot.RebarLabels.LineWeight.bad8.recovery
OK: audit03.annotation.p1.Plot.RebarLabels.LineWeight.bad10.rejected
OK: audit03.annotation.p1.Plot.RebarLabels.LineWeight.bad10.key
FAIL: audit03.annotation.p1.Plot.RebarLabels.LineWeight.bad10.address
ANNOTATION_ERROR: audit03.annotation.p1.Plot.RebarLabels.LineWeight.bad10|Настройка Plot.RebarLabels.LineWeight (лист LayoutConfig, ячейка CI945) содержит ошибку Excel в колонке "значение". Исправьте формулу или введите допустимое значение вместо ошибки Excel.
OK: audit03.annotation.p1.Plot.RebarLabels.LineWeight.bad10.recovery
OK: audit03.annotation.p1.Plot.RebarLabels.TextGap.bad8.rejected
OK: audit03.annotation.p1.Plot.RebarLabels.TextGap.bad8.key
FAIL: audit03.annotation.p1.Plot.RebarLabels.TextGap.bad8.address
ANNOTATION_ERROR: audit03.annotation.p1.Plot.RebarLabels.TextGap.bad8|Настройка Plot.RebarLabels.TextGap (лист LayoutConfig, ячейка CI946): Обязательное числовое значение не задано. Введите число или формулу, возвращающую число; пустое значение и TODO недопустимы.
OK: audit03.annotation.p1.Plot.RebarLabels.TextGap.bad8.recovery
OK: audit03.annotation.p1.Plot.RebarLabels.TextGap.bad8.rejected
OK: audit03.annotation.p1.Plot.RebarLabels.TextGap.bad8.key
FAIL: audit03.annotation.p1.Plot.RebarLabels.TextGap.bad8.address
ANNOTATION_ERROR: audit03.annotation.p1.Plot.RebarLabels.TextGap.bad8|Настройка Plot.RebarLabels.TextGap (лист LayoutConfig, ячейка CI946): Обязательное числовое значение не задано. Введите число или формулу, возвращающую число; пустое значение и TODO недопустимы.
OK: audit03.annotation.p1.Plot.RebarLabels.TextGap.bad8.recovery
OK: audit03.annotation.p1.Plot.RebarLabels.TextGap.bad8.rejected
OK: audit03.annotation.p1.Plot.RebarLabels.TextGap.bad8.key
FAIL: audit03.annotation.p1.Plot.RebarLabels.TextGap.bad8.address
ANNOTATION_ERROR: audit03.annotation.p1.Plot.RebarLabels.TextGap.bad8|Настройка Plot.RebarLabels.TextGap (лист LayoutConfig, ячейка CI946): Не удалось прочитать обязательное число: "INVALID". Введите конечное число допустимого диапазона или исправьте формулу.
OK: audit03.annotation.p1.Plot.RebarLabels.TextGap.bad8.recovery
OK: audit03.annotation.p1.Plot.RebarLabels.TextGap.bad10.rejected
OK: audit03.annotation.p1.Plot.RebarLabels.TextGap.bad10.key
FAIL: audit03.annotation.p1.Plot.RebarLabels.TextGap.bad10.address
ANNOTATION_ERROR: audit03.annotation.p1.Plot.RebarLabels.TextGap.bad10|Настройка Plot.RebarLabels.TextGap (лист LayoutConfig, ячейка CI946) содержит ошибку Excel в колонке "значение". Исправьте формулу или введите допустимое значение вместо ошибки Excel.
OK: audit03.annotation.p1.Plot.RebarLabels.TextGap.bad10.recovery
OK: audit03.annotation.p1.Plot.RebarLabels.Placement.bad8.rejected
OK: audit03.annotation.p1.Plot.RebarLabels.Placement.bad8.key
FAIL: audit03.annotation.p1.Plot.RebarLabels.Placement.bad8.address
ANNOTATION_ERROR: audit03.annotation.p1.Plot.RebarLabels.Placement.bad8|Настройка Plot.RebarLabels.Placement (лист LayoutConfig, ячейка CI947): Обязательное значение не задано. Заполните значение или выберите допустимый вариант из списка; пустое значение и TODO недопустимы.
OK: audit03.annotation.p1.Plot.RebarLabels.Placement.bad8.recovery
OK: audit03.annotation.p1.Plot.RebarLabels.Placement.bad8.rejected
OK: audit03.annotation.p1.Plot.RebarLabels.Placement.bad8.key
FAIL: audit03.annotation.p1.Plot.RebarLabels.Placement.bad8.address
ANNOTATION_ERROR: audit03.annotation.p1.Plot.RebarLabels.Placement.bad8|Настройка Plot.RebarLabels.Placement (лист LayoutConfig, ячейка CI947): Обязательное значение не задано. Заполните значение или выберите допустимый вариант из списка; пустое значение и TODO недопустимы.
OK: audit03.annotation.p1.Plot.RebarLabels.Placement.bad8.recovery
OK: audit03.annotation.p1.Plot.RebarLabels.Placement.bad8.rejected
OK: audit03.annotation.p1.Plot.RebarLabels.Placement.bad8.key
FAIL: audit03.annotation.p1.Plot.RebarLabels.Placement.bad8.address
ANNOTATION_ERROR: audit03.annotation.p1.Plot.RebarLabels.Placement.bad8|Настройка Plot.RebarLabels.Placement (лист LayoutConfig, ячейка CI947): Недопустимый вариант: "INVALID". Выберите из списка: Outside, Inside.
OK: audit03.annotation.p1.Plot.RebarLabels.Placement.bad8.recovery
OK: audit03.annotation.p1.Plot.RebarLabels.Placement.bad10.rejected
OK: audit03.annotation.p1.Plot.RebarLabels.Placement.bad10.key
FAIL: audit03.annotation.p1.Plot.RebarLabels.Placement.bad10.address
ANNOTATION_ERROR: audit03.annotation.p1.Plot.RebarLabels.Placement.bad10|Настройка Plot.RebarLabels.Placement (лист LayoutConfig, ячейка CI947) содержит ошибку Excel в колонке "значение". Исправьте формулу или введите допустимое значение вместо ошибки Excel.
OK: audit03.annotation.p1.Plot.RebarLabels.Placement.bad10.recovery
OK: audit03.annotation.p1.Plot.RebarLabels.Color.bad8.rejected
OK: audit03.annotation.p1.Plot.RebarLabels.Color.bad8.key
FAIL: audit03.annotation.p1.Plot.RebarLabels.Color.bad8.address
ANNOTATION_ERROR: audit03.annotation.p1.Plot.RebarLabels.Color.bad8|Настройка Plot.RebarLabels.Color (лист LayoutConfig, ячейка CI948): Обязательное значение не задано. Заполните значение или выберите допустимый вариант из списка; пустое значение и TODO недопустимы.
OK: audit03.annotation.p1.Plot.RebarLabels.Color.bad8.recovery
OK: audit03.annotation.p1.Plot.RebarLabels.Color.bad8.rejected
OK: audit03.annotation.p1.Plot.RebarLabels.Color.bad8.key
FAIL: audit03.annotation.p1.Plot.RebarLabels.Color.bad8.address
ANNOTATION_ERROR: audit03.annotation.p1.Plot.RebarLabels.Color.bad8|Настройка Plot.RebarLabels.Color (лист LayoutConfig, ячейка CI948): Обязательное значение не задано. Заполните значение или выберите допустимый вариант из списка; пустое значение и TODO недопустимы.
OK: audit03.annotation.p1.Plot.RebarLabels.Color.bad8.recovery
OK: audit03.annotation.p1.Plot.RebarLabels.Color.bad8.rejected
OK: audit03.annotation.p1.Plot.RebarLabels.Color.bad8.key
FAIL: audit03.annotation.p1.Plot.RebarLabels.Color.bad8.address
ANNOTATION_ERROR: audit03.annotation.p1.Plot.RebarLabels.Color.bad8|Настройка Plot.RebarLabels.Color (лист LayoutConfig, ячейка CI948): Цвет RGB задан неверно: "INVALID". Введите три целых числа от 0 до 255 через запятую, например 0,0,0 для черного цвета.
OK: audit03.annotation.p1.Plot.RebarLabels.Color.bad8.recovery
OK: audit03.annotation.p1.Plot.RebarLabels.Color.bad10.rejected
OK: audit03.annotation.p1.Plot.RebarLabels.Color.bad10.key
FAIL: audit03.annotation.p1.Plot.RebarLabels.Color.bad10.address
ANNOTATION_ERROR: audit03.annotation.p1.Plot.RebarLabels.Color.bad10|Настройка Plot.RebarLabels.Color (лист LayoutConfig, ячейка CI948) содержит ошибку Excel в колонке "значение". Исправьте формулу или введите допустимое значение вместо ошибки Excel.
OK: audit03.annotation.p1.Plot.RebarLabels.Color.bad10.recovery
OK: audit03.annotation.p1.mm.Outside.count
OK: audit03.annotation.p1.mm.Outside.dimension.x; actual=160.; expected=160.
OK: audit03.annotation.p1.mm.Outside.dimension.y; actual=193.5; expected=193.5
OK: audit03.annotation.p1.mm.Outside.dimension.end; actual=480.; expected=480.
OK: audit03.annotation.p1.mm.Outside.font; actual=12.9; expected=12.9
FAIL: audit03.annotation.p1.mm.Outside.textPlacement; actual=187.05; expected=176.4075
OK: audit03.annotation.p1.mm.Outside.black
OK: audit03.annotation.p1.mm.Outside.extensionColor
OK: audit03.annotation.p1.mm.Outside.lineWeight; actual=1.5; expected=1.5
OK: audit03.annotation.p1.mm.Outside.extensionWeight; actual=0.75; expected=0.75
OK: audit03.annotation.p1.mm.Outside.rebarWeight; actual=1.5; expected=1.5
OK: audit03.annotation.p1.mm.Outside.rebarFont; actual=12.9; expected=12.9
OK: audit03.annotation.p1.mm.Outside.arrows
OK: audit03.annotation.p1.mm.Inside.count
OK: audit03.annotation.p1.mm.Inside.dimension.x; actual=160.; expected=160.
OK: audit03.annotation.p1.mm.Inside.dimension.y; actual=193.5; expected=193.5
OK: audit03.annotation.p1.mm.Inside.dimension.end; actual=480.; expected=480.
OK: audit03.annotation.p1.mm.Inside.font; actual=12.9; expected=12.9
FAIL: audit03.annotation.p1.mm.Inside.textPlacement; actual=199.95; expected=210.5925
OK: audit03.annotation.p1.mm.Inside.black
OK: audit03.annotation.p1.mm.Inside.extensionColor
OK: audit03.annotation.p1.mm.Inside.lineWeight; actual=1.5; expected=1.5
OK: audit03.annotation.p1.mm.Inside.extensionWeight; actual=0.75; expected=0.75
OK: audit03.annotation.p1.mm.Inside.rebarWeight; actual=1.5; expected=1.5
OK: audit03.annotation.p1.mm.Inside.rebarFont; actual=12.9; expected=12.9
OK: audit03.annotation.p1.mm.Inside.arrows
OK: audit03.annotation.p1.pt.Outside.count
OK: audit03.annotation.p1.pt.Outside.dimension.x; actual=160.; expected=160.
OK: audit03.annotation.p1.pt.Outside.dimension.y; actual=193.5; expected=193.5
OK: audit03.annotation.p1.pt.Outside.dimension.end; actual=480.; expected=480.
OK: audit03.annotation.p1.pt.Outside.font; actual=6.; expected=6.
FAIL: audit03.annotation.p1.pt.Outside.textPlacement; actual=190.5; expected=181.5
OK: audit03.annotation.p1.pt.Outside.black
OK: audit03.annotation.p1.pt.Outside.extensionColor
OK: audit03.annotation.p1.pt.Outside.lineWeight; actual=1.5; expected=1.5
OK: audit03.annotation.p1.pt.Outside.extensionWeight; actual=0.75; expected=0.75
OK: audit03.annotation.p1.pt.Outside.rebarWeight; actual=1.5; expected=1.5
OK: audit03.annotation.p1.pt.Outside.rebarFont; actual=6.; expected=6.
OK: audit03.annotation.p1.pt.Outside.arrows
OK: audit03.annotation.p1.pt.Inside.count
OK: audit03.annotation.p1.pt.Inside.dimension.x; actual=160.; expected=160.
OK: audit03.annotation.p1.pt.Inside.dimension.y; actual=193.5; expected=193.5
OK: audit03.annotation.p1.pt.Inside.dimension.end; actual=480.; expected=480.
OK: audit03.annotation.p1.pt.Inside.font; actual=6.; expected=6.
FAIL: audit03.annotation.p1.pt.Inside.textPlacement; actual=196.5; expected=205.5
OK: audit03.annotation.p1.pt.Inside.black
OK: audit03.annotation.p1.pt.Inside.extensionColor
OK: audit03.annotation.p1.pt.Inside.lineWeight; actual=1.5; expected=1.5
OK: audit03.annotation.p1.pt.Inside.extensionWeight; actual=0.75; expected=0.75
OK: audit03.annotation.p1.pt.Inside.rebarWeight; actual=1.5; expected=1.5
OK: audit03.annotation.p1.pt.Inside.rebarFont; actual=6.; expected=6.
OK: audit03.annotation.p1.pt.Inside.arrows
OK: audit03.annotation.noLeader.p1
OK: audit03.annotation.groupsOff.p1
OK: audit03.annotation.noSolve
ANNOTATION_CASES: variants=152; layoutFixtures=1; equilibriumCases=0
TOTAL_AUDIT03_GENERAL_PLOT: passed=775; failed=308

COM_WORKBOOK_AFTER_SUITE: path=C:\Users\avidzba\AppData\Local\Temp\RC_NDM_ModeSuite_ceb482b2f54a4bf1bb04e276bcef17d4\RC_Section_NDM.xlsm; readOnly=True; sameProxy=True
MODE_AFTER_SUITE: No
SUITE_FINISHED: modTestWorkbookInterface.RunAudit03GeneralPlotTests; 2026-10-04T10:43:44
SOURCE_UNCHANGED: True
WATCHDOG_COMPLETED: exit=1; source unchanged=True
