SOURCE|baseline|C:\Users\avidzba\Desktop\Ø‡Æ£‡†¨¨Î\Ç_êÄÅéíÖ!\RC_Section_NDM\docs\regression\Audit03\RC_Section_NDM_baseline.xlsm|sha256=2B39C451036E2E1D92F2D72A29011713BB7C0F73A1EB70057EFDD96334785709
PERF|baseline|run=1|case=bending; passed=11; failed=0; elapsedSec=0.2431640625; solves=28; probes=24; planeProbes=0; probeReuse=0; stateReuse=0; unconvergedProbes=0; unconfirmedPhysical=0; newtonCalls=176; integrations=720; iterations=384; retries=0; geometrySec=0.00390625; coreSec=0.111328125; packagingSec=0; writeSec=0; modelSizes=150f/4r
OK: capacity.mx.negative.converged
OK: capacity.mx.positive.converged
OK: capacity.mx.negative.sign
OK: capacity.mx.positive.sign
OK: capacity.mx.limit.physical
OK: capacity.mx.negative.N; actual=-300000.; expected=-300000.; relDiff=0.
OK: capacity.mx.negative.Mx; actual=-30937500.; expected=-30937500.; relDiff=0.
OK: capacity.mx.negative.My; actual=-0.000000000102; expected=0.; absDiff=0.000000000102
OK: capacity.mx.positive.N; actual=-300000.; expected=-300000.; relDiff=0.
OK: capacity.mx.positive.Mx; actual=30937500.; expected=30937500.; relDiff=0.
OK: capacity.mx.positive.My; actual=0.000000001062; expected=0.; absDiff=0.000000001062

PERF|baseline|run=1|case=biaxial; passed=32; failed=0; elapsedSec=0.37109375; solves=48; probes=48; planeProbes=0; probeReuse=0; stateReuse=0; unconvergedProbes=0; unconfirmedPhysical=0; newtonCalls=384; integrations=1488; iterations=912; retries=0; geometrySec=0.0009765625; coreSec=0.2412109375; packagingSec=0; writeSec=0; modelSizes=150f/4r
OK: capacity.mxy.pp.converged
OK: capacity.mxy.pp.lambda.positive
OK: capacity.mxy.pp.mx.sign
OK: capacity.mxy.pp.my.sign
OK: capacity.mxy.pp.direction; actual=0.; expected=0.; absDiff=0.
OK: capacity.mxy.pp.N; actual=-250000.; expected=-250000.; relDiff=0.
OK: capacity.mxy.pp.Mx; actual=21468750.; expected=21468750.; relDiff=0.
OK: capacity.mxy.pp.My; actual=14312500.; expected=14312500.; relDiff=0.
OK: capacity.mxy.np.converged
OK: capacity.mxy.np.lambda.positive
OK: capacity.mxy.np.mx.sign
OK: capacity.mxy.np.my.sign
OK: capacity.mxy.np.direction; actual=0.; expected=0.; absDiff=0.
OK: capacity.mxy.np.N; actual=-250000.; expected=-250000.; relDiff=0.
OK: capacity.mxy.np.Mx; actual=-21468750.; expected=-21468750.; relDiff=0.
OK: capacity.mxy.np.My; actual=14312500.; expected=14312500.; relDiff=0.
OK: capacity.mxy.pn.converged
OK: capacity.mxy.pn.lambda.positive
OK: capacity.mxy.pn.mx.sign
OK: capacity.mxy.pn.my.sign
OK: capacity.mxy.pn.direction; actual=0.; expected=0.; absDiff=0.
OK: capacity.mxy.pn.N; actual=-250000.; expected=-250000.; relDiff=0.
OK: capacity.mxy.pn.Mx; actual=21468750.; expected=21468750.; relDiff=0.
OK: capacity.mxy.pn.My; actual=-14312500.; expected=-14312500.; relDiff=0.
OK: capacity.mxy.nn.converged
OK: capacity.mxy.nn.lambda.positive
OK: capacity.mxy.nn.mx.sign
OK: capacity.mxy.nn.my.sign
OK: capacity.mxy.nn.direction; actual=0.; expected=0.; absDiff=0.
OK: capacity.mxy.nn.N; actual=-250000.; expected=-250000.; relDiff=0.
OK: capacity.mxy.nn.Mx; actual=-21468750.; expected=-21468750.; relDiff=0.
OK: capacity.mxy.nn.My; actual=-14312500.; expected=-14312500.; relDiff=0.

PERF|baseline|run=1|case=asymmetric; passed=6; failed=0; elapsedSec=15.8330078125; solves=94; probes=23; planeProbes=0; probeReuse=0; stateReuse=0; unconvergedProbes=25; unconfirmedPhysical=0; newtonCalls=671; integrations=7269; iterations=3874; retries=20; geometrySec=0.013671875; coreSec=14.5859375; packagingSec=0; writeSec=0; modelSizes=2875f/0r|2875f/4r
OK: capacity.asym.Ixy.nonzero
OK: capacity.asym.converged
OK: capacity.asym.coupledKappaY
OK: capacity.asym.N; actual=-260000.; expected=-260000.; relDiff=0.
OK: capacity.asym.Mx; actual=-320000000.; expected=-320000000.; relDiff=0.
OK: capacity.asym.My; actual=-0.000000072119; expected=0.; absDiff=0.000000072119

PERF|baseline|run=1|case=axial; passed=12; failed=0; elapsedSec=0.189453125; solves=38; probes=12; planeProbes=0; probeReuse=0; stateReuse=0; unconvergedProbes=10; unconfirmedPhysical=0; newtonCalls=286; integrations=842; iterations=558; retries=8; geometrySec=0.0009765625; coreSec=0.158203125; packagingSec=0; writeSec=0; modelSizes=150f/4r
OK: capacity.nult.compression.converged
OK: capacity.nult.compression.sign
OK: capacity.nult.compression.safety
OK: capacity.nult.compression.N; actual=-1287513.24397852; expected=-1287513.24397852; relDiff=0.
OK: capacity.nult.compression.Mx; actual=0.; expected=0.; absDiff=0.
OK: capacity.nult.compression.My; actual=0.000000000466; expected=0.; absDiff=0.000000000466
OK: capacity.nult.tension.converged
OK: capacity.nult.tension.sign
OK: capacity.nult.tension.safety
OK: capacity.nult.tension.N; actual=439822.971502571; expected=439822.971502571; relDiff=0.
OK: capacity.nult.tension.Mx; actual=-0.000000000116; expected=0.; absDiff=0.000000000116
OK: capacity.nult.tension.My; actual=-0.000000000175; expected=0.; absDiff=0.000000000175

PERF|baseline|run=1|case=methods; passed=16; failed=0; elapsedSec=0.171875; solves=30; probes=32; planeProbes=0; probeReuse=5; stateReuse=0; unconvergedProbes=0; unconfirmedPhysical=0; newtonCalls=204; integrations=787; iterations=442; retries=0; geometrySec=0.0009765625; coreSec=0.1171875; packagingSec=0; writeSec=0; modelSizes=150f/4r
OK: search.bisection.converged
OK: search.brent.converged
OK: search.secant.converged
OK: search.bisection.branch
OK: search.brent.branch
OK: search.secant.branch
OK: search.brent.independent
OK: search.secant.independent
OK: search.brent.lambda; actual=3.09776378716; expected=3.09375; absDiff=0.00401378716
OK: search.secant.lambda; actual=3.098514991183; expected=3.09375; absDiff=0.004764991183
OK: search.brent.N; actual=-300000.; expected=-300000.; relDiff=0.
OK: search.brent.Mx; actual=-30977637.8716034; expected=-30977637.8716034; relDiff=0.
OK: search.brent.My; actual=-0.000000000582; expected=0.; absDiff=0.000000000582
OK: search.secant.N; actual=-300000.; expected=-300000.; relDiff=0.
OK: search.secant.Mx; actual=-30985149.9118327; expected=-30985149.9118327; relDiff=0.
OK: search.secant.My; actual=0.00000000032; expected=0.; absDiff=0.00000000032

PERF|baseline|run=1|case=capacity_strategies; passed=36; failed=0; elapsedSec=0.962890625; solves=82; probes=66; planeProbes=51; probeReuse=0; stateReuse=0; unconvergedProbes=5; unconfirmedPhysical=0; newtonCalls=691; integrations=2677; iterations=1550; retries=4; geometrySec=0.0048828125; coreSec=0.6591796875; packagingSec=0; writeSec=0; modelSizes=150f/4r|489f/4r
OK: method.pure_compression.load.invalid
OK: method.pure_compression.strain.invalid
COMPARE|method.pure_compression.load|converged=False|lambda=0.|limitState=InvalidInput|criticalStrain=0.|criticalElement=|solverCalls=0|elapsedSec=0.
COMPARE|method.pure_compression.strain|converged=False|lambda=0.|limitState=InvalidInput|criticalStrain=0.|criticalElement=|solverCalls=0|elapsedSec=0.
OK: method.n_plus_mx.load.converged
OK: method.n_plus_mx.strain.converged
OK: method.n_plus_mx.lambda; actual=3.09871424391; expected=3.09375; absDiff=0.00496424391
OK: method.n_plus_mx.limitState
OK: method.n_plus_mx.criticalElement
OK: method.n_plus_mx.solverCalls
COMPARE|method.n_plus_mx.load|converged=True|lambda=3.09375|limitState=ConcreteStrainLimit|criticalStrain=-0.001501652538|criticalElement=C142:Compression|solverCalls=12|elapsedSec=0.0732421875
COMPARE|method.n_plus_mx.strain|converged=True|lambda=3.09871424391|limitState=ConcreteStrainLimit|criticalStrain=-0.0015|criticalElement=C136:Compression|solverCalls=6|elapsedSec=0.017578125
OK: method.n_plus_my.load.converged
OK: method.n_plus_my.strain.converged
OK: method.n_plus_my.lambda; actual=4.490409406951; expected=4.484375; absDiff=0.006034406951
OK: method.n_plus_my.limitState
OK: method.n_plus_my.criticalElement
OK: method.n_plus_my.solverCalls
COMPARE|method.n_plus_my.load|converged=True|lambda=4.484375|limitState=ConcreteStrainLimit|criticalStrain=-0.001500652149|criticalElement=C15:Compression|solverCalls=18|elapsedSec=0.23828125
COMPARE|method.n_plus_my.strain|converged=True|lambda=4.490409406951|limitState=ConcreteStrainLimit|criticalStrain=-0.0015|criticalElement=C150:Compression|solverCalls=6|elapsedSec=0.013671875
OK: method.biaxial.load.converged
OK: method.biaxial.strain.converged
OK: method.biaxial.lambda; actual=3.583378103741; expected=3.578125; absDiff=0.005253103741
OK: method.biaxial.limitState
OK: method.biaxial.criticalElement
OK: method.biaxial.solverCalls
COMPARE|method.biaxial.load|converged=True|lambda=3.578125|limitState=ConcreteStrainLimit|criticalStrain=-0.001501063653|criticalElement=C150:Compression|solverCalls=12|elapsedSec=0.0859375
COMPARE|method.biaxial.strain|converged=True|lambda=3.583378103741|limitState=ConcreteStrainLimit|criticalStrain=-0.0015|criticalElement=C150:Compression|solverCalls=16|elapsedSec=0.0263671875
OK: method.circle.load.converged
OK: method.circle.strain.converged
OK: method.circle.symmetry; actual=31453125.; expected=31489108.1594418; relDiff=0.001142717643
OK: method.circle.criticalElement
COMPARE|method.circle.load|converged=True|lambda=5.2421875|limitState=ConcreteStrainLimit|criticalStrain=-0.001498237699|criticalElement=C483:Compression|solverCalls=14|elapsedSec=0.
COMPARE|method.circle.strain|converged=True|lambda=5.24818469324|limitState=ConcreteStrainLimit|criticalStrain=-0.0015|criticalElement=C182:Compression|solverCalls=11|elapsedSec=0.
OK: method.strain_limit.load.converged
OK: method.strain_limit.strain.converged
OK: method.strain_limit.lambda; actual=4.795168098697; expected=4.7890625; absDiff=0.006105598697
OK: method.strain_limit.limitState
OK: method.strain_limit.criticalElement
OK: method.strain_limit.criticalUtilization
COMPARE|method.strain_limit.load|converged=True|lambda=4.7890625|limitState=ConcreteStrainLimit|criticalStrain=-0.000599236031|criticalElement=C136:Compression|solverCalls=14|elapsedSec=0.
COMPARE|method.strain_limit.strain|converged=True|lambda=4.795168098697|limitState=ConcreteStrainLimit|criticalStrain=-0.0006|criticalElement=C136:Compression|solverCalls=1|elapsedSec=0.
OK: method.numericalFailure.notConverged
OK: method.numericalFailure.state
OK: method.numericalFailure.noPhysicalUpper
COMPARE|method.numericalFailure.strain|converged=False|lambda=0.|limitState=NumericalFailure|criticalStrain=-0.001500000001|criticalElement=C150:Compression|solverCalls=5|elapsedSec=0.
OK: method.maxLambdaIgnored.converged
OK: method.maxLambdaIgnored.lambdaAboveLimit
OK: method.maxLambdaIgnored.momentStored

PERF|baseline|run=1|case=crack_bending; passed=39; failed=0; elapsedSec=0.5478515625; solves=72; probes=66; planeProbes=0; probeReuse=0; stateReuse=0; unconvergedProbes=0; unconfirmedPhysical=0; newtonCalls=576; integrations=1697; iterations=1025; retries=0; geometrySec=0.001953125; coreSec=0.3037109375; packagingSec=0.0048828125; writeSec=0; modelSizes=150f/4r
OK: crack.auto.pureMx.converged
OK: crack.auto.pureMx.formed
OK: crack.auto.pureMx.tensionBars
OK: crack.auto.pureMx.sigmaPositive
OK: crack.auto.pureMx.spacingPositive
OK: crack.auto.pureMx.widthFormula; actual=0.150903530526; expected=0.150903530526; absDiff=0.
OK: crack.auto.pureMx.utilization; actual=1509.03530526357; expected=1509.03530526357; absDiff=0.
OK: crack.auto.pureMx.lambda
OK: crack.auto.pureMx.preCrackState
OK: crack.auto.pureMx.postCrackState
OK: crack.auto.pureMx.psiReduced
OK: crack.auto.pureMx.preCrack.twoSign
OK: crack.auto.pureMx.preCrack.epsBtUlt; actual=0.00015; expected=0.00015; absDiff=0.
OK: crack.auto.pureMy.converged
OK: crack.auto.pureMy.formed
OK: crack.auto.pureMy.tensionBars
OK: crack.auto.pureMy.sigmaPositive
OK: crack.auto.pureMy.spacingPositive
OK: crack.auto.pureMy.widthFormula; actual=0.068784054628; expected=0.068784054628; absDiff=0.
OK: crack.auto.pureMy.utilization; actual=687.840546281971; expected=687.840546281971; absDiff=0.
OK: crack.auto.pureMy.lambda
OK: crack.auto.pureMy.preCrackState
OK: crack.auto.pureMy.postCrackState
OK: crack.auto.pureMy.psiReduced
OK: crack.auto.pureMy.preCrack.twoSign
OK: crack.auto.pureMy.preCrack.epsBtUlt; actual=0.00015; expected=0.00015; absDiff=0.
OK: crack.auto.pureMxy.converged
OK: crack.auto.pureMxy.formed
OK: crack.auto.pureMxy.tensionBars
OK: crack.auto.pureMxy.sigmaPositive
OK: crack.auto.pureMxy.spacingPositive
OK: crack.auto.pureMxy.widthFormula; actual=0.128222487931; expected=0.128222487931; absDiff=0.
OK: crack.auto.pureMxy.utilization; actual=1282.22487931034; expected=1282.22487931034; absDiff=0.
OK: crack.auto.pureMxy.lambda
OK: crack.auto.pureMxy.preCrackState
OK: crack.auto.pureMxy.postCrackState
OK: crack.auto.pureMxy.psiReduced
OK: crack.auto.pureMxy.preCrack.twoSign
OK: crack.auto.pureMxy.preCrack.epsBtUlt; actual=0.00015; expected=0.00015; absDiff=0.

PERF|baseline|run=1|case=crack_paths; passed=52; failed=0; elapsedSec=0.42578125; solves=56; probes=44; planeProbes=0; probeReuse=0; stateReuse=0; unconvergedProbes=0; unconfirmedPhysical=0; newtonCalls=448; integrations=1459; iterations=806; retries=0; geometrySec=0.00390625; coreSec=0.259765625; packagingSec=0.0029296875; writeSec=0; modelSizes=150f/4r
OK: crack.path.mxy.converged
OK: crack.path.mxy.formed
OK: crack.path.mxy.tensionBars
OK: crack.path.mxy.sigmaPositive
OK: crack.path.mxy.spacingPositive
OK: crack.path.mxy.widthFormula; actual=0.133858060725; expected=0.133858060725; absDiff=0.
OK: crack.path.mxy.utilization; actual=1338.58060725361; expected=1338.58060725361; absDiff=0.
OK: crack.path.mxy.lambda
OK: crack.path.mxy.nFixed; actual=-20000.; expected=-20000.; absDiff=0.
OK: crack.path.n.converged
OK: crack.path.n.formed
OK: crack.path.n.tensionBars
OK: crack.path.n.sigmaPositive
OK: crack.path.n.spacingPositive
OK: crack.path.n.widthFormula; actual=0.139403828281; expected=0.139403828281; absDiff=0.
OK: crack.path.n.utilization; actual=1394.03828280626; expected=1394.03828280626; absDiff=0.
OK: crack.path.n.central
OK: crack.path.n.formationN; actual=119657.725354552; expected=119657.725354552; absDiff=0.
OK: crack.path.autoN.converged
OK: crack.path.autoN.formed
OK: crack.path.autoN.tensionBars
OK: crack.path.autoN.sigmaPositive
OK: crack.path.autoN.spacingPositive
OK: crack.path.autoN.widthFormula; actual=0.139403828281; expected=0.139403828281; absDiff=0.
OK: crack.path.autoN.utilization; actual=1394.03828280626; expected=1394.03828280626; absDiff=0.
OK: crack.path.autoN.central
OK: crack.path.autoN.method
OK: crack.path.autoN.formationN; actual=119657.725354552; expected=119657.725354552; absDiff=0.
OK: crack.path.nmxy.converged
OK: crack.path.nmxy.formed
OK: crack.path.nmxy.tensionBars
OK: crack.path.nmxy.sigmaPositive
OK: crack.path.nmxy.spacingPositive
OK: crack.path.nmxy.widthFormula; actual=0.131351003693; expected=0.131351003693; absDiff=0.
OK: crack.path.nmxy.utilization; actual=1313.5100369324; expected=1313.5100369324; absDiff=0.
OK: crack.path.nmxy.lambda
OK: crack.path.nmxy.nScaled; actual=-10565.5573022651; expected=-10565.5573022651; absDiff=0.
OK: crack.path.nmxy.mScaled; actual=7924167.97669881; expected=7924167.97669881; absDiff=0.
OK: crack.path.nFixedMomentFallback.converged
OK: crack.path.nFixedMomentFallback.formed
OK: crack.path.nFixedMomentFallback.lambda0; actual=0.; expected=0.; absDiff=0.
OK: crack.path.nFixedMomentFallback.noFormationN; actual=0.; expected=0.; absDiff=0.
OK: crack.path.nFixedMomentFallback.noMcrc; actual=0.; expected=0.; absDiff=0.
OK: crack.path.nFixedMomentFallback.noBeforeState
OK: crack.path.nFixedMomentFallback.noAfterState
OK: crack.path.nFixedMomentFallback.psi1; actual=1.; expected=1.; absDiff=0.
OK: crack.path.nFixedMomentFallback.status
OK: crack.path.mxyAxialFallback.converged
OK: crack.path.mxyAxialFallback.formed
OK: crack.path.mxyAxialFallback.lambda0; actual=0.; expected=0.; absDiff=0.
OK: crack.path.mxyAxialFallback.psi1; actual=1.; expected=1.; absDiff=0.
OK: crack.path.mxyAxialFallback.status

PERF|baseline|run=1|case=crack_cache; passed=22; failed=0; elapsedSec=0.337890625; solves=50; probes=44; planeProbes=0; probeReuse=0; stateReuse=1; unconvergedProbes=0; unconfirmedPhysical=0; newtonCalls=400; integrations=1287; iterations=707; retries=0; geometrySec=0.0009765625; coreSec=0.2255859375; packagingSec=0; writeSec=0; modelSizes=150f/4r
OK: crack.cache.first.converged
OK: crack.cache.first.formed
OK: crack.cache.first.tensionBars
OK: crack.cache.first.sigmaPositive
OK: crack.cache.first.spacingPositive
OK: crack.cache.first.widthFormula; actual=0.133858060725; expected=0.133858060725; absDiff=0.
OK: crack.cache.first.utilization; actual=0.133858060725; expected=0.133858060725; absDiff=0.
OK: crack.cache.first.sigmaCrc
OK: crack.cache.first.preState
OK: crack.cache.first.postState
OK: crack.cache.second.converged
OK: crack.cache.second.formed
OK: crack.cache.second.tensionBars
OK: crack.cache.second.sigmaPositive
OK: crack.cache.second.spacingPositive
OK: crack.cache.second.widthFormula; actual=0.133858060725; expected=0.133858060725; absDiff=0.
OK: crack.cache.second.utilization; actual=0.133858060725; expected=0.133858060725; absDiff=0.
OK: crack.cache.second.reused
OK: crack.cache.second.noLastRunner
OK: crack.cache.second.sigmaCrc
OK: crack.cache.second.preState
OK: crack.cache.second.postState

PERF|baseline|run=1|case=geometry_rounded; passed=6; failed=0; elapsedSec=0.2919921875; solves=0; probes=0; planeProbes=0; probeReuse=0; stateReuse=0; unconvergedProbes=0; unconfirmedPhysical=0; newtonCalls=0; integrations=0; iterations=0; retries=0; geometrySec=0.068359375; coreSec=0; packagingSec=0; writeSec=0; modelSizes=7596f/0r
OK: sym.area.available
OK: sym.area; actual=47475.; expected=47457.8928833008; relDiff=0.000360469369
OK: sym.cx; actual=0.; expected=0.; absDiff=0.
OK: sym.cy; actual=0.; expected=0.; absDiff=0.
OK: sym.Ixy; actual=0.; expected=0.; absDiff=0.
OK: sym.principal.angle; actual=1.570796326795; expected=1.570796326795; absDiff=0.

PERF|baseline|run=1|case=geometry_tapered; passed=11; failed=0; elapsedSec=0.0234375; solves=0; probes=0; planeProbes=0; probeReuse=0; stateReuse=0; unconvergedProbes=0; unconfirmedPhysical=0; newtonCalls=0; integrations=0; iterations=0; retries=0; geometrySec=0.005859375; coreSec=0; packagingSec=0; writeSec=0; modelSizes=95f/0r|379f/0r
OK: rounded.tapered.area.positive
OK: rounded.tapered.centroid.inside
OK: rounded.tapered.rightExtension
OK: rounded.tapered.height; actual=180.; expected=180.; absDiff=0.
OK: rounded.tapered.area.convergence; actual=59218.75; expected=59375.; relDiff=0.002631578947
OK: rounded.tapered.Ix.convergence; actual=143398803.603575; expected=144005276.864035; relDiff=0.004211465536
OK: rounded.tapered.variableAngle.topTangent; actual=375.735931288071; expected=375.735931288071; absDiff=0.000000000001
OK: rounded.tapered.variableAngle.maxX; actual=708.57864376269; expected=708.57864376269; absDiff=0.
OK: rounded.tapered.variableAngle.maxLessThanRawApex
OK: rounded.tapered.r1GreaterThanHalfHeight.valid
OK: rounded.tapered.radiiOverlap.invalid

PERF|baseline|run=1|case=geometry_hollow; passed=11; failed=0; elapsedSec=0.0048828125; solves=0; probes=0; planeProbes=0; probeReuse=0; stateReuse=0; unconvergedProbes=0; unconfirmedPhysical=0; newtonCalls=0; integrations=0; iterations=0; retries=0; geometrySec=0; coreSec=0; packagingSec=0; writeSec=0; modelSizes=
OK: hollow.geometry.valid
OK: hollow.geometry.areaAvailable
OK: hollow.geometry.area; actual=300000.; expected=300000.; absDiff=0.
OK: hollow.geometry.cx; actual=0.; expected=0.; absDiff=0.
OK: hollow.geometry.cy; actual=0.; expected=0.; absDiff=0.
OK: hollow.geometry.outerConcrete
OK: hollow.geometry.openingExcluded
OK: hollow.geometry.outsideExcluded
OK: hollow.geometry.offset.valid
OK: hollow.geometry.offset.cxOppositeOpening
OK: hollow.geometry.offset.cyOppositeOpening

PERF|baseline|run=1|case=geometry_hollow_rebars; passed=76; failed=0; elapsedSec=0.08984375; solves=0; probes=0; planeProbes=0; probeReuse=0; stateReuse=0; unconvergedProbes=0; unconfirmedPhysical=0; newtonCalls=0; integrations=0; iterations=0; retries=0; geometrySec=0; coreSec=0; packagingSec=0; writeSec=0; modelSizes=
OK: hollow.rebar.external.top
OK: hollow.rebar.external.bottom
OK: hollow.rebar.external.left
OK: hollow.rebar.external.right
OK: hollow.rebar.hLeft.firstX; actual=-210.; expected=-210.; absDiff=0.
OK: hollow.rebar.hLeft.firstY; actual=-220.; expected=-220.; absDiff=0.
OK: hollow.rebar.hLeft.lastX; actual=-210.; expected=-210.; absDiff=0.
OK: hollow.rebar.hLeft.lastY; actual=220.; expected=220.; absDiff=0.
OK: hollow.rebar.bTop.anchorStartY; actual=360.; expected=360.; absDiff=0.
OK: hollow.rebar.bTop.anchorEndY; actual=360.; expected=360.; absDiff=0.
OK: hollow.rebar.bBottom.anchorStartY; actual=-360.; expected=-360.; absDiff=0.
OK: hollow.rebar.bBottom.anchorEndY; actual=-360.; expected=-360.; absDiff=0.
OK: hollow.rebar.openingBTop.anchorStartY; actual=290.; expected=290.; absDiff=0.
OK: hollow.rebar.openingBTop.anchorEndY; actual=290.; expected=290.; absDiff=0.
OK: hollow.rebar.openingBBottom.anchorStartY; actual=-290.; expected=-290.; absDiff=0.
OK: hollow.rebar.openingBBottom.anchorEndY; actual=-290.; expected=-290.; absDiff=0.
OK: hollow.rebar.opening.topProjected
OK: hollow.rebar.opening.bottomProjected
OK: hollow.rebar.opening.leftProjected
OK: hollow.rebar.opening.rightProjected
OK: hollow.rebar.inside.1
OK: hollow.rebar.inside.2
OK: hollow.rebar.inside.3
OK: hollow.rebar.inside.4
OK: hollow.rebar.inside.5
OK: hollow.rebar.inside.6
OK: hollow.rebar.inside.7
OK: hollow.rebar.inside.8
OK: hollow.rebar.inside.9
OK: hollow.rebar.inside.10
OK: hollow.rebar.inside.11
OK: hollow.rebar.inside.12
OK: hollow.rebar.inside.13
OK: hollow.rebar.inside.14
OK: hollow.rebar.inside.15
OK: hollow.rebar.inside.16
OK: hollow.rebar.inside.17
OK: hollow.rebar.inside.18
OK: hollow.rebar.inside.19
OK: hollow.rebar.inside.20
OK: hollow.rebar.inside.21
OK: hollow.rebar.inside.22
OK: hollow.rebar.inside.23
OK: hollow.rebar.inside.24
OK: hollow.rebar.inside.25
OK: hollow.rebar.inside.26
OK: hollow.rebar.inside.27
OK: hollow.rebar.inside.28
OK: hollow.rebar.inside.29
OK: hollow.rebar.inside.30
OK: hollow.rebar.inside.31
OK: hollow.rebar.inside.32
OK: hollow.rebar.inside.33
OK: hollow.rebar.inside.34
OK: hollow.rebar.inside.35
OK: hollow.rebar.inside.36
OK: hollow.rebar.inside.37
OK: hollow.rebar.inside.38
OK: hollow.rebar.inside.39
OK: hollow.rebar.inside.40
OK: hollow.rebar.inside.41
OK: hollow.rebar.inside.42
OK: hollow.rebar.inside.43
OK: hollow.rebar.inside.44
OK: hollow.rebar.inside.45
OK: hollow.rebar.inside.46
OK: hollow.rebar.inside.47
OK: hollow.rebar.inside.48
OK: hollow.rebar.inside.49
OK: hollow.rebar.inside.50
OK: hollow.rebar.inside.51
OK: hollow.rebar.inside.52
OK: hollow.rebar.inside.53
OK: hollow.rebar.inside.54
OK: hollow.rebar.inside.55
OK: hollow.rebar.inside.56

PERF|baseline|run=1|case=geometry_hollow_mesh; passed=3; failed=0; elapsedSec=10.0146484375; solves=0; probes=0; planeProbes=0; probeReuse=0; stateReuse=0; unconvergedProbes=0; unconfirmedPhysical=0; newtonCalls=0; integrations=0; iterations=0; retries=0; geometrySec=9.833984375; coreSec=0; packagingSec=0; writeSec=0; modelSizes=3717f/0r
OK: perf.hollow.areaAvailable
OK: perf.hollow.gridArea
OK: perf.hollow.empty
NUMERIC: hollow; fibers=3717; area=298200; x=-13.3735747820255; y=10.0301810865191; Ix=18830574728.3711; Iy=7669851183.76884; Ixy=159640362.173038

PERF|baseline|run=1|case=batch_write; passed=168; failed=0; elapsedSec=0.8681640625; solves=3; probes=0; planeProbes=21; probeReuse=0; stateReuse=0; unconvergedProbes=0; unconfirmedPhysical=0; newtonCalls=24; integrations=98; iterations=49; retries=0; geometrySec=0.0009765625; coreSec=0.0078125; packagingSec=0.001953125; writeSec=1.0439453125; modelSizes=100f/4r
OK: batch.writer.fixedRow
OK: batch.writer.noResultOverlap
OK: batch.writer.rangeSize
OK: batch.writer.strengthBlockPosition
OK: batch.writer.crackBlockPosition
OK: batch.writer.stabilityBlockPosition
OK: batch.writer.meta.worstLabel
OK: batch.writer.meta.worstValue
OK: batch.writer.meta.solverCalls
OK: batch.writer.meta.valuesCentered
OK: batch.writer.header.statusGroup
OK: batch.writer.header.reserveGroup
OK: batch.writer.header.statusStrength
OK: batch.writer.header.reserveStrength
OK: batch.writer.header.centered
OK: batch.writer.header.commentLeft
OK: batch.writer.header.epsilon
OK: batch.writer.header.sp63StatusPlaneMerge
OK: batch.writer.header.sp63ReservePlaneMerge
OK: batch.writer.header.id
OK: batch.writer.header.idMergeRows
OK: batch.writer.header.commentRow
OK: batch.writer.worst.label
OK: batch.writer.worst.commentDash
OK: batch.writer.worst.resultCommentDash
OK: batch.writer.worst.overallDash
OK: batch.writer.worst.noNa
OK: batch.writer.worst.bold
OK: batch.writer.statusLegend.title
OK: batch.writer.statusLegend.header
OK: batch.writer.statusLegend.values
OK: batch.writer.statusLegend.mergeOnlyTitle
OK: batch.writer.statusLegend.noWrap
OK: batch.writer.statusLegend.italicValues
OK: batch.writer.statusLegend.colors
OK: batch.writer.reserve.dataNotHeaderFill
OK: batch.writer.worst.strain.combinationFound
OK: batch.writer.worst.strain.reserve.bothNumeric
OK: batch.writer.worst.strain.reserve; actual=23.654566819636; expected=23.654566819636
OK: batch.writer.worst.capacity.combinationFound
OK: batch.writer.worst.capacity.reserve.bothNumeric
OK: batch.writer.worst.capacity.reserve; actual=9.761081549025; expected=9.761081549025
OK: batch.writer.worst.crack.notApplicable
OK: batch.writer.worst.longCrack.combinationFound
OK: batch.writer.worst.longCrack.reserve.bothNumeric
OK: batch.writer.worst.longCrack.reserve; actual=12.30931237624; expected=12.30931237624
OK: batch.writer.worst.sp35p1eta.combinationFound
OK: batch.writer.worst.sp35p1eta.reserve.bothNumeric
OK: batch.writer.worst.sp35p1eta.reserve; actual=0.900052311686; expected=0.900052311686
OK: batch.writer.worst.sp35p1table.notApplicable
OK: batch.writer.worst.sp35p2eta.combinationFound
OK: batch.writer.worst.sp35p2eta.reserve.bothNumeric
OK: batch.writer.worst.sp35p2eta.reserve; actual=0.326769903983; expected=0.326769903983
OK: batch.writer.worst.sp35p2table.notApplicable
OK: batch.writer.worst.sp63p1.notApplicable
OK: batch.writer.worst.sp63p2.notApplicable
OK: batch.writer.data.firstId
OK: batch.writer.data.capacityStatus
OK: batch.writer.data.capacityReserve
OK: batch.writer.data.statusColors
OK: batch.writer.strength.statusColors
OK: batch.writer.strength.absentZonesBlank
OK: batch.writer.strength.presentTensionKept
OK: batch.writer.crack.statusColors
OK: batch.writer.crack.header.formationTitle
OK: batch.writer.crack.header.crackedStateTitle
OK: batch.writer.crack.header.title
OK: batch.writer.crack.header.mcrcNote
OK: batch.writer.crack.header.formationStatus
OK: batch.writer.crack.header.state
OK: batch.writer.crack.header.crackedStateStatus
OK: batch.writer.crack.header.es
OK: batch.writer.crack.header.normalStatusRu
OK: batch.writer.crack.header.longStatusRu
OK: batch.writer.crack.header.notesPlain
OK: batch.writer.crack.header.notesFill
OK: batch.writer.crack.availableRowsBorder
OK: batch.writer.stability.statusColor
OK: batch.writer.stability.header.summary
OK: batch.writer.stability.header.statusWidth
OK: batch.writer.stability.header.mainAxes
OK: batch.writer.stability.header.noExtraTier
OK: batch.writer.stability.header.sp35
OK: batch.writer.stability.header.sp63
OK: batch.writer.stability.header.notes
OK: batch.writer.stability.header.notesPlain
OK: batch.writer.stability.header.notesFill
OK: batch.writer.stability.header.sp35NcrBranch
OK: batch.writer.stability.header.sp63PlaneHeight
OK: batch.writer.stability.header.sp35Ratio
OK: batch.writer.stability.columnWidthA; actual=10.; expected=10.
OK: batch.writer.stability.columnWidthN; actual=10.; expected=10.
OK: batch.writer.stability.columnWidthAF; actual=10.; expected=10.
OK: batch.writer.stability.columnWidthCC; actual=10.; expected=10.
OK: batch.writer.stability.availableRowsBorder
OK: batch.writer.stability.lowerRanges
OK: batch.writer.reserve.W1.summaryRow
OK: batch.writer.reserve.W1.strengthRow
OK: batch.writer.reserve.W1.crackRow
OK: batch.writer.reserve.W1.stabilityRow
OK: batch.writer.reserve.W1.strain.bothNumeric
OK: batch.writer.reserve.W1.strain; actual=23.654566819636; expected=23.654566819636
OK: batch.writer.reserve.W1.capacity.bothNumeric
OK: batch.writer.reserve.W1.capacity; actual=9.761081549025; expected=9.761081549025
OK: batch.writer.reserve.W1.crack.bothNumeric
OK: batch.writer.reserve.W1.crack; actual=0.; expected=0.
OK: batch.writer.reserve.W1.longCrack.bothNumeric
OK: batch.writer.reserve.W1.longCrack; actual=0.; expected=0.
OK: batch.writer.reserve.W1.sp35p1eta.bothNumeric
OK: batch.writer.reserve.W1.sp35p1eta; actual=0.900052311686; expected=0.900052311686
OK: batch.writer.reserve.W1.sp35p1table.bothNumeric
OK: batch.writer.reserve.W1.sp35p1table; actual=0.; expected=0.
OK: batch.writer.reserve.W1.sp35p2eta.bothNumeric
OK: batch.writer.reserve.W1.sp35p2eta; actual=0.326769903983; expected=0.326769903983
OK: batch.writer.reserve.W1.sp35p2table.bothNumeric
OK: batch.writer.reserve.W1.sp35p2table; actual=0.; expected=0.
OK: batch.writer.reserve.W1.sp63p1.bothNumeric
OK: batch.writer.reserve.W1.sp63p1; actual=0.; expected=0.
OK: batch.writer.reserve.W1.sp63p2.bothNumeric
OK: batch.writer.reserve.W1.sp63p2; actual=0.; expected=0.
OK: batch.writer.reserve.W2.summaryRow
OK: batch.writer.reserve.W2.strengthRow
OK: batch.writer.reserve.W2.crackRow
OK: batch.writer.reserve.W2.stabilityRow
OK: batch.writer.reserve.W2.strain.bothNumeric
OK: batch.writer.reserve.W2.strain; actual=0.; expected=0.
OK: batch.writer.reserve.W2.capacity.bothNumeric
OK: batch.writer.reserve.W2.capacity; actual=0.; expected=0.
OK: batch.writer.reserve.W2.crack.bothNumeric
OK: batch.writer.reserve.W2.crack; actual=0.; expected=0.
OK: batch.writer.reserve.W2.longCrack.bothNumeric
OK: batch.writer.reserve.W2.longCrack; actual=12.30931237624; expected=12.30931237624
OK: batch.writer.reserve.W2.sp35p1eta.bothNumeric
OK: batch.writer.reserve.W2.sp35p1eta; actual=0.; expected=0.
OK: batch.writer.reserve.W2.sp35p1table.bothNumeric
OK: batch.writer.reserve.W2.sp35p1table; actual=0.; expected=0.
OK: batch.writer.reserve.W2.sp35p2eta.bothNumeric
OK: batch.writer.reserve.W2.sp35p2eta; actual=0.; expected=0.
OK: batch.writer.reserve.W2.sp35p2table.bothNumeric
OK: batch.writer.reserve.W2.sp35p2table; actual=0.; expected=0.
OK: batch.writer.reserve.W2.sp63p1.bothNumeric
OK: batch.writer.reserve.W2.sp63p1; actual=0.; expected=0.
OK: batch.writer.reserve.W2.sp63p2.bothNumeric
OK: batch.writer.reserve.W2.sp63p2; actual=0.; expected=0.
OK: batch.writer.reserve.WT.summaryRow
OK: batch.writer.reserve.WT.strengthRow
OK: batch.writer.reserve.WT.crackRow
OK: batch.writer.reserve.WT.stabilityRow
OK: batch.writer.reserve.WT.strain.bothNumeric
OK: batch.writer.reserve.WT.strain; actual=628.318530717958; expected=628.318530717958
OK: batch.writer.reserve.WT.capacity.bothNumeric
OK: batch.writer.reserve.WT.capacity; actual=0.; expected=0.
OK: batch.writer.reserve.WT.crack.bothNumeric
OK: batch.writer.reserve.WT.crack; actual=0.; expected=0.
OK: batch.writer.reserve.WT.longCrack.bothNumeric
OK: batch.writer.reserve.WT.longCrack; actual=0.; expected=0.
OK: batch.writer.reserve.WT.sp35p1eta.bothNumeric
OK: batch.writer.reserve.WT.sp35p1eta; actual=0.; expected=0.
OK: batch.writer.reserve.WT.sp35p1table.bothNumeric
OK: batch.writer.reserve.WT.sp35p1table; actual=0.; expected=0.
OK: batch.writer.reserve.WT.sp35p2eta.bothNumeric
OK: batch.writer.reserve.WT.sp35p2eta; actual=0.; expected=0.
OK: batch.writer.reserve.WT.sp35p2table.bothNumeric
OK: batch.writer.reserve.WT.sp35p2table; actual=0.; expected=0.
OK: batch.writer.reserve.WT.sp63p1.bothNumeric
OK: batch.writer.reserve.WT.sp63p1; actual=0.; expected=0.
OK: batch.writer.reserve.WT.sp63p2.bothNumeric
OK: batch.writer.reserve.WT.sp63p2; actual=0.; expected=0.

PERF|baseline|run=2|case=bending; passed=11; failed=0; elapsedSec=0.1787109375; solves=28; probes=24; planeProbes=0; probeReuse=0; stateReuse=0; unconvergedProbes=0; unconfirmedPhysical=0; newtonCalls=176; integrations=720; iterations=384; retries=0; geometrySec=0.0009765625; coreSec=0.1044921875; packagingSec=0; writeSec=0; modelSizes=150f/4r
OK: capacity.mx.negative.converged
OK: capacity.mx.positive.converged
OK: capacity.mx.negative.sign
OK: capacity.mx.positive.sign
OK: capacity.mx.limit.physical
OK: capacity.mx.negative.N; actual=-300000.; expected=-300000.; relDiff=0.
OK: capacity.mx.negative.Mx; actual=-30937500.; expected=-30937500.; relDiff=0.
OK: capacity.mx.negative.My; actual=-0.000000000102; expected=0.; absDiff=0.000000000102
OK: capacity.mx.positive.N; actual=-300000.; expected=-300000.; relDiff=0.
OK: capacity.mx.positive.Mx; actual=30937500.; expected=30937500.; relDiff=0.
OK: capacity.mx.positive.My; actual=0.000000001062; expected=0.; absDiff=0.000000001062

PERF|baseline|run=2|case=biaxial; passed=32; failed=0; elapsedSec=0.392578125; solves=48; probes=48; planeProbes=0; probeReuse=0; stateReuse=0; unconvergedProbes=0; unconfirmedPhysical=0; newtonCalls=384; integrations=1488; iterations=912; retries=0; geometrySec=0.0009765625; coreSec=0.2333984375; packagingSec=0; writeSec=0; modelSizes=150f/4r
OK: capacity.mxy.pp.converged
OK: capacity.mxy.pp.lambda.positive
OK: capacity.mxy.pp.mx.sign
OK: capacity.mxy.pp.my.sign
OK: capacity.mxy.pp.direction; actual=0.; expected=0.; absDiff=0.
OK: capacity.mxy.pp.N; actual=-250000.; expected=-250000.; relDiff=0.
OK: capacity.mxy.pp.Mx; actual=21468750.; expected=21468750.; relDiff=0.
OK: capacity.mxy.pp.My; actual=14312500.; expected=14312500.; relDiff=0.
OK: capacity.mxy.np.converged
OK: capacity.mxy.np.lambda.positive
OK: capacity.mxy.np.mx.sign
OK: capacity.mxy.np.my.sign
OK: capacity.mxy.np.direction; actual=0.; expected=0.; absDiff=0.
OK: capacity.mxy.np.N; actual=-250000.; expected=-250000.; relDiff=0.
OK: capacity.mxy.np.Mx; actual=-21468750.; expected=-21468750.; relDiff=0.
OK: capacity.mxy.np.My; actual=14312500.; expected=14312500.; relDiff=0.
OK: capacity.mxy.pn.converged
OK: capacity.mxy.pn.lambda.positive
OK: capacity.mxy.pn.mx.sign
OK: capacity.mxy.pn.my.sign
OK: capacity.mxy.pn.direction; actual=0.; expected=0.; absDiff=0.
OK: capacity.mxy.pn.N; actual=-250000.; expected=-250000.; relDiff=0.
OK: capacity.mxy.pn.Mx; actual=21468750.; expected=21468750.; relDiff=0.
OK: capacity.mxy.pn.My; actual=-14312500.; expected=-14312500.; relDiff=0.
OK: capacity.mxy.nn.converged
OK: capacity.mxy.nn.lambda.positive
OK: capacity.mxy.nn.mx.sign
OK: capacity.mxy.nn.my.sign
OK: capacity.mxy.nn.direction; actual=0.; expected=0.; absDiff=0.
OK: capacity.mxy.nn.N; actual=-250000.; expected=-250000.; relDiff=0.
OK: capacity.mxy.nn.Mx; actual=-21468750.; expected=-21468750.; relDiff=0.
OK: capacity.mxy.nn.My; actual=-14312500.; expected=-14312500.; relDiff=0.

PERF|baseline|run=2|case=asymmetric; passed=6; failed=0; elapsedSec=15.26953125; solves=94; probes=23; planeProbes=0; probeReuse=0; stateReuse=0; unconvergedProbes=25; unconfirmedPhysical=0; newtonCalls=671; integrations=7269; iterations=3874; retries=20; geometrySec=0.0107421875; coreSec=14.1591796875; packagingSec=0; writeSec=0; modelSizes=2875f/0r|2875f/4r
OK: capacity.asym.Ixy.nonzero
OK: capacity.asym.converged
OK: capacity.asym.coupledKappaY
OK: capacity.asym.N; actual=-260000.; expected=-260000.; relDiff=0.
OK: capacity.asym.Mx; actual=-320000000.; expected=-320000000.; relDiff=0.
OK: capacity.asym.My; actual=-0.000000072119; expected=0.; absDiff=0.000000072119

PERF|baseline|run=2|case=axial; passed=12; failed=0; elapsedSec=0.1904296875; solves=38; probes=12; planeProbes=0; probeReuse=0; stateReuse=0; unconvergedProbes=10; unconfirmedPhysical=0; newtonCalls=286; integrations=842; iterations=558; retries=8; geometrySec=0.0009765625; coreSec=0.1591796875; packagingSec=0; writeSec=0; modelSizes=150f/4r
OK: capacity.nult.compression.converged
OK: capacity.nult.compression.sign
OK: capacity.nult.compression.safety
OK: capacity.nult.compression.N; actual=-1287513.24397852; expected=-1287513.24397852; relDiff=0.
OK: capacity.nult.compression.Mx; actual=0.; expected=0.; absDiff=0.
OK: capacity.nult.compression.My; actual=0.000000000466; expected=0.; absDiff=0.000000000466
OK: capacity.nult.tension.converged
OK: capacity.nult.tension.sign
OK: capacity.nult.tension.safety
OK: capacity.nult.tension.N; actual=439822.971502571; expected=439822.971502571; relDiff=0.
OK: capacity.nult.tension.Mx; actual=-0.000000000116; expected=0.; absDiff=0.000000000116
OK: capacity.nult.tension.My; actual=-0.000000000175; expected=0.; absDiff=0.000000000175

PERF|baseline|run=2|case=methods; passed=16; failed=0; elapsedSec=0.2021484375; solves=30; probes=32; planeProbes=0; probeReuse=5; stateReuse=0; unconvergedProbes=0; unconfirmedPhysical=0; newtonCalls=204; integrations=787; iterations=442; retries=0; geometrySec=0.0009765625; coreSec=0.1103515625; packagingSec=0; writeSec=0; modelSizes=150f/4r
OK: search.bisection.converged
OK: search.brent.converged
OK: search.secant.converged
OK: search.bisection.branch
OK: search.brent.branch
OK: search.secant.branch
OK: search.brent.independent
OK: search.secant.independent
OK: search.brent.lambda; actual=3.09776378716; expected=3.09375; absDiff=0.00401378716
OK: search.secant.lambda; actual=3.098514991183; expected=3.09375; absDiff=0.004764991183
OK: search.brent.N; actual=-300000.; expected=-300000.; relDiff=0.
OK: search.brent.Mx; actual=-30977637.8716034; expected=-30977637.8716034; relDiff=0.
OK: search.brent.My; actual=-0.000000000582; expected=0.; absDiff=0.000000000582
OK: search.secant.N; actual=-300000.; expected=-300000.; relDiff=0.
OK: search.secant.Mx; actual=-30985149.9118327; expected=-30985149.9118327; relDiff=0.
OK: search.secant.My; actual=0.00000000032; expected=0.; absDiff=0.00000000032

PERF|baseline|run=2|case=capacity_strategies; passed=36; failed=0; elapsedSec=1.037109375; solves=82; probes=66; planeProbes=51; probeReuse=0; stateReuse=0; unconvergedProbes=5; unconfirmedPhysical=0; newtonCalls=691; integrations=2677; iterations=1550; retries=4; geometrySec=0.005859375; coreSec=0.6279296875; packagingSec=0; writeSec=0; modelSizes=150f/4r|489f/4r
OK: method.pure_compression.load.invalid
OK: method.pure_compression.strain.invalid
COMPARE|method.pure_compression.load|converged=False|lambda=0.|limitState=InvalidInput|criticalStrain=0.|criticalElement=|solverCalls=0|elapsedSec=0.
COMPARE|method.pure_compression.strain|converged=False|lambda=0.|limitState=InvalidInput|criticalStrain=0.|criticalElement=|solverCalls=0|elapsedSec=0.
OK: method.n_plus_mx.load.converged
OK: method.n_plus_mx.strain.converged
OK: method.n_plus_mx.lambda; actual=3.09871424391; expected=3.09375; absDiff=0.00496424391
OK: method.n_plus_mx.limitState
OK: method.n_plus_mx.criticalElement
OK: method.n_plus_mx.solverCalls
COMPARE|method.n_plus_mx.load|converged=True|lambda=3.09375|limitState=ConcreteStrainLimit|criticalStrain=-0.001501652538|criticalElement=C142:Compression|solverCalls=12|elapsedSec=0.0869140625
COMPARE|method.n_plus_mx.strain|converged=True|lambda=3.09871424391|limitState=ConcreteStrainLimit|criticalStrain=-0.0015|criticalElement=C136:Compression|solverCalls=6|elapsedSec=0.0146484375
OK: method.n_plus_my.load.converged
OK: method.n_plus_my.strain.converged
OK: method.n_plus_my.lambda; actual=4.490409406951; expected=4.484375; absDiff=0.006034406951
OK: method.n_plus_my.limitState
OK: method.n_plus_my.criticalElement
OK: method.n_plus_my.solverCalls
COMPARE|method.n_plus_my.load|converged=True|lambda=4.484375|limitState=ConcreteStrainLimit|criticalStrain=-0.001500652149|criticalElement=C15:Compression|solverCalls=18|elapsedSec=0.2451171875
COMPARE|method.n_plus_my.strain|converged=True|lambda=4.490409406951|limitState=ConcreteStrainLimit|criticalStrain=-0.0015|criticalElement=C150:Compression|solverCalls=6|elapsedSec=0.0166015625
OK: method.biaxial.load.converged
OK: method.biaxial.strain.converged
OK: method.biaxial.lambda; actual=3.583378103741; expected=3.578125; absDiff=0.005253103741
OK: method.biaxial.limitState
OK: method.biaxial.criticalElement
OK: method.biaxial.solverCalls
COMPARE|method.biaxial.load|converged=True|lambda=3.578125|limitState=ConcreteStrainLimit|criticalStrain=-0.001501063653|criticalElement=C150:Compression|solverCalls=12|elapsedSec=0.0849609375
COMPARE|method.biaxial.strain|converged=True|lambda=3.583378103741|limitState=ConcreteStrainLimit|criticalStrain=-0.0015|criticalElement=C150:Compression|solverCalls=16|elapsedSec=0.0361328125
OK: method.circle.load.converged
OK: method.circle.strain.converged
OK: method.circle.symmetry; actual=31453125.; expected=31489108.1594418; relDiff=0.001142717643
OK: method.circle.criticalElement
COMPARE|method.circle.load|converged=True|lambda=5.2421875|limitState=ConcreteStrainLimit|criticalStrain=-0.001498237699|criticalElement=C483:Compression|solverCalls=14|elapsedSec=0.
COMPARE|method.circle.strain|converged=True|lambda=5.24818469324|limitState=ConcreteStrainLimit|criticalStrain=-0.0015|criticalElement=C182:Compression|solverCalls=11|elapsedSec=0.
OK: method.strain_limit.load.converged
OK: method.strain_limit.strain.converged
OK: method.strain_limit.lambda; actual=4.795168098697; expected=4.7890625; absDiff=0.006105598697
OK: method.strain_limit.limitState
OK: method.strain_limit.criticalElement
OK: method.strain_limit.criticalUtilization
COMPARE|method.strain_limit.load|converged=True|lambda=4.7890625|limitState=ConcreteStrainLimit|criticalStrain=-0.000599236031|criticalElement=C136:Compression|solverCalls=14|elapsedSec=0.
COMPARE|method.strain_limit.strain|converged=True|lambda=4.795168098697|limitState=ConcreteStrainLimit|criticalStrain=-0.0006|criticalElement=C136:Compression|solverCalls=1|elapsedSec=0.
OK: method.numericalFailure.notConverged
OK: method.numericalFailure.state
OK: method.numericalFailure.noPhysicalUpper
COMPARE|method.numericalFailure.strain|converged=False|lambda=0.|limitState=NumericalFailure|criticalStrain=-0.001500000001|criticalElement=C150:Compression|solverCalls=5|elapsedSec=0.
OK: method.maxLambdaIgnored.converged
OK: method.maxLambdaIgnored.lambdaAboveLimit
OK: method.maxLambdaIgnored.momentStored

PERF|baseline|run=2|case=crack_bending; passed=39; failed=0; elapsedSec=0.4208984375; solves=72; probes=66; planeProbes=0; probeReuse=0; stateReuse=0; unconvergedProbes=0; unconfirmedPhysical=0; newtonCalls=576; integrations=1697; iterations=1025; retries=0; geometrySec=0.0009765625; coreSec=0.3017578125; packagingSec=0.0009765625; writeSec=0; modelSizes=150f/4r
OK: crack.auto.pureMx.converged
OK: crack.auto.pureMx.formed
OK: crack.auto.pureMx.tensionBars
OK: crack.auto.pureMx.sigmaPositive
OK: crack.auto.pureMx.spacingPositive
OK: crack.auto.pureMx.widthFormula; actual=0.150903530526; expected=0.150903530526; absDiff=0.
OK: crack.auto.pureMx.utilization; actual=1509.03530526357; expected=1509.03530526357; absDiff=0.
OK: crack.auto.pureMx.lambda
OK: crack.auto.pureMx.preCrackState
OK: crack.auto.pureMx.postCrackState
OK: crack.auto.pureMx.psiReduced
OK: crack.auto.pureMx.preCrack.twoSign
OK: crack.auto.pureMx.preCrack.epsBtUlt; actual=0.00015; expected=0.00015; absDiff=0.
OK: crack.auto.pureMy.converged
OK: crack.auto.pureMy.formed
OK: crack.auto.pureMy.tensionBars
OK: crack.auto.pureMy.sigmaPositive
OK: crack.auto.pureMy.spacingPositive
OK: crack.auto.pureMy.widthFormula; actual=0.068784054628; expected=0.068784054628; absDiff=0.
OK: crack.auto.pureMy.utilization; actual=687.840546281971; expected=687.840546281971; absDiff=0.
OK: crack.auto.pureMy.lambda
OK: crack.auto.pureMy.preCrackState
OK: crack.auto.pureMy.postCrackState
OK: crack.auto.pureMy.psiReduced
OK: crack.auto.pureMy.preCrack.twoSign
OK: crack.auto.pureMy.preCrack.epsBtUlt; actual=0.00015; expected=0.00015; absDiff=0.
OK: crack.auto.pureMxy.converged
OK: crack.auto.pureMxy.formed
OK: crack.auto.pureMxy.tensionBars
OK: crack.auto.pureMxy.sigmaPositive
OK: crack.auto.pureMxy.spacingPositive
OK: crack.auto.pureMxy.widthFormula; actual=0.128222487931; expected=0.128222487931; absDiff=0.
OK: crack.auto.pureMxy.utilization; actual=1282.22487931034; expected=1282.22487931034; absDiff=0.
OK: crack.auto.pureMxy.lambda
OK: crack.auto.pureMxy.preCrackState
OK: crack.auto.pureMxy.postCrackState
OK: crack.auto.pureMxy.psiReduced
OK: crack.auto.pureMxy.preCrack.twoSign
OK: crack.auto.pureMxy.preCrack.epsBtUlt; actual=0.00015; expected=0.00015; absDiff=0.

PERF|baseline|run=2|case=crack_paths; passed=52; failed=0; elapsedSec=0.3759765625; solves=56; probes=44; planeProbes=0; probeReuse=0; stateReuse=0; unconvergedProbes=0; unconfirmedPhysical=0; newtonCalls=448; integrations=1459; iterations=806; retries=0; geometrySec=0.0029296875; coreSec=0.2412109375; packagingSec=0.0009765625; writeSec=0; modelSizes=150f/4r
OK: crack.path.mxy.converged
OK: crack.path.mxy.formed
OK: crack.path.mxy.tensionBars
OK: crack.path.mxy.sigmaPositive
OK: crack.path.mxy.spacingPositive
OK: crack.path.mxy.widthFormula; actual=0.133858060725; expected=0.133858060725; absDiff=0.
OK: crack.path.mxy.utilization; actual=1338.58060725361; expected=1338.58060725361; absDiff=0.
OK: crack.path.mxy.lambda
OK: crack.path.mxy.nFixed; actual=-20000.; expected=-20000.; absDiff=0.
OK: crack.path.n.converged
OK: crack.path.n.formed
OK: crack.path.n.tensionBars
OK: crack.path.n.sigmaPositive
OK: crack.path.n.spacingPositive
OK: crack.path.n.widthFormula; actual=0.139403828281; expected=0.139403828281; absDiff=0.
OK: crack.path.n.utilization; actual=1394.03828280626; expected=1394.03828280626; absDiff=0.
OK: crack.path.n.central
OK: crack.path.n.formationN; actual=119657.725354552; expected=119657.725354552; absDiff=0.
OK: crack.path.autoN.converged
OK: crack.path.autoN.formed
OK: crack.path.autoN.tensionBars
OK: crack.path.autoN.sigmaPositive
OK: crack.path.autoN.spacingPositive
OK: crack.path.autoN.widthFormula; actual=0.139403828281; expected=0.139403828281; absDiff=0.
OK: crack.path.autoN.utilization; actual=1394.03828280626; expected=1394.03828280626; absDiff=0.
OK: crack.path.autoN.central
OK: crack.path.autoN.method
OK: crack.path.autoN.formationN; actual=119657.725354552; expected=119657.725354552; absDiff=0.
OK: crack.path.nmxy.converged
OK: crack.path.nmxy.formed
OK: crack.path.nmxy.tensionBars
OK: crack.path.nmxy.sigmaPositive
OK: crack.path.nmxy.spacingPositive
OK: crack.path.nmxy.widthFormula; actual=0.131351003693; expected=0.131351003693; absDiff=0.
OK: crack.path.nmxy.utilization; actual=1313.5100369324; expected=1313.5100369324; absDiff=0.
OK: crack.path.nmxy.lambda
OK: crack.path.nmxy.nScaled; actual=-10565.5573022651; expected=-10565.5573022651; absDiff=0.
OK: crack.path.nmxy.mScaled; actual=7924167.97669881; expected=7924167.97669881; absDiff=0.
OK: crack.path.nFixedMomentFallback.converged
OK: crack.path.nFixedMomentFallback.formed
OK: crack.path.nFixedMomentFallback.lambda0; actual=0.; expected=0.; absDiff=0.
OK: crack.path.nFixedMomentFallback.noFormationN; actual=0.; expected=0.; absDiff=0.
OK: crack.path.nFixedMomentFallback.noMcrc; actual=0.; expected=0.; absDiff=0.
OK: crack.path.nFixedMomentFallback.noBeforeState
OK: crack.path.nFixedMomentFallback.noAfterState
OK: crack.path.nFixedMomentFallback.psi1; actual=1.; expected=1.; absDiff=0.
OK: crack.path.nFixedMomentFallback.status
OK: crack.path.mxyAxialFallback.converged
OK: crack.path.mxyAxialFallback.formed
OK: crack.path.mxyAxialFallback.lambda0; actual=0.; expected=0.; absDiff=0.
OK: crack.path.mxyAxialFallback.psi1; actual=1.; expected=1.; absDiff=0.
OK: crack.path.mxyAxialFallback.status

PERF|baseline|run=2|case=crack_cache; passed=22; failed=0; elapsedSec=0.3076171875; solves=50; probes=44; planeProbes=0; probeReuse=0; stateReuse=1; unconvergedProbes=0; unconfirmedPhysical=0; newtonCalls=400; integrations=1287; iterations=707; retries=0; geometrySec=0; coreSec=0.2216796875; packagingSec=0; writeSec=0; modelSizes=150f/4r
OK: crack.cache.first.converged
OK: crack.cache.first.formed
OK: crack.cache.first.tensionBars
OK: crack.cache.first.sigmaPositive
OK: crack.cache.first.spacingPositive
OK: crack.cache.first.widthFormula; actual=0.133858060725; expected=0.133858060725; absDiff=0.
OK: crack.cache.first.utilization; actual=0.133858060725; expected=0.133858060725; absDiff=0.
OK: crack.cache.first.sigmaCrc
OK: crack.cache.first.preState
OK: crack.cache.first.postState
OK: crack.cache.second.converged
OK: crack.cache.second.formed
OK: crack.cache.second.tensionBars
OK: crack.cache.second.sigmaPositive
OK: crack.cache.second.spacingPositive
OK: crack.cache.second.widthFormula; actual=0.133858060725; expected=0.133858060725; absDiff=0.
OK: crack.cache.second.utilization; actual=0.133858060725; expected=0.133858060725; absDiff=0.
OK: crack.cache.second.reused
OK: crack.cache.second.noLastRunner
OK: crack.cache.second.sigmaCrc
OK: crack.cache.second.preState
OK: crack.cache.second.postState

PERF|baseline|run=2|case=geometry_rounded; passed=6; failed=0; elapsedSec=0.337890625; solves=0; probes=0; planeProbes=0; probeReuse=0; stateReuse=0; unconvergedProbes=0; unconfirmedPhysical=0; newtonCalls=0; integrations=0; iterations=0; retries=0; geometrySec=0.0693359375; coreSec=0; packagingSec=0; writeSec=0; modelSizes=7596f/0r
OK: sym.area.available
OK: sym.area; actual=47475.; expected=47457.8928833008; relDiff=0.000360469369
OK: sym.cx; actual=0.; expected=0.; absDiff=0.
OK: sym.cy; actual=0.; expected=0.; absDiff=0.
OK: sym.Ixy; actual=0.; expected=0.; absDiff=0.
OK: sym.principal.angle; actual=1.570796326795; expected=1.570796326795; absDiff=0.

PERF|baseline|run=2|case=geometry_tapered; passed=11; failed=0; elapsedSec=0.0234375; solves=0; probes=0; planeProbes=0; probeReuse=0; stateReuse=0; unconvergedProbes=0; unconfirmedPhysical=0; newtonCalls=0; integrations=0; iterations=0; retries=0; geometrySec=0.0068359375; coreSec=0; packagingSec=0; writeSec=0; modelSizes=95f/0r|379f/0r
OK: rounded.tapered.area.positive
OK: rounded.tapered.centroid.inside
OK: rounded.tapered.rightExtension
OK: rounded.tapered.height; actual=180.; expected=180.; absDiff=0.
OK: rounded.tapered.area.convergence; actual=59218.75; expected=59375.; relDiff=0.002631578947
OK: rounded.tapered.Ix.convergence; actual=143398803.603575; expected=144005276.864035; relDiff=0.004211465536
OK: rounded.tapered.variableAngle.topTangent; actual=375.735931288071; expected=375.735931288071; absDiff=0.000000000001
OK: rounded.tapered.variableAngle.maxX; actual=708.57864376269; expected=708.57864376269; absDiff=0.
OK: rounded.tapered.variableAngle.maxLessThanRawApex
OK: rounded.tapered.r1GreaterThanHalfHeight.valid
OK: rounded.tapered.radiiOverlap.invalid

PERF|baseline|run=2|case=geometry_hollow; passed=11; failed=0; elapsedSec=0.001953125; solves=0; probes=0; planeProbes=0; probeReuse=0; stateReuse=0; unconvergedProbes=0; unconfirmedPhysical=0; newtonCalls=0; integrations=0; iterations=0; retries=0; geometrySec=0; coreSec=0; packagingSec=0; writeSec=0; modelSizes=
OK: hollow.geometry.valid
OK: hollow.geometry.areaAvailable
OK: hollow.geometry.area; actual=300000.; expected=300000.; absDiff=0.
OK: hollow.geometry.cx; actual=0.; expected=0.; absDiff=0.
OK: hollow.geometry.cy; actual=0.; expected=0.; absDiff=0.
OK: hollow.geometry.outerConcrete
OK: hollow.geometry.openingExcluded
OK: hollow.geometry.outsideExcluded
OK: hollow.geometry.offset.valid
OK: hollow.geometry.offset.cxOppositeOpening
OK: hollow.geometry.offset.cyOppositeOpening

PERF|baseline|run=2|case=geometry_hollow_rebars; passed=76; failed=0; elapsedSec=0.0791015625; solves=0; probes=0; planeProbes=0; probeReuse=0; stateReuse=0; unconvergedProbes=0; unconfirmedPhysical=0; newtonCalls=0; integrations=0; iterations=0; retries=0; geometrySec=0; coreSec=0; packagingSec=0; writeSec=0; modelSizes=
OK: hollow.rebar.external.top
OK: hollow.rebar.external.bottom
OK: hollow.rebar.external.left
OK: hollow.rebar.external.right
OK: hollow.rebar.hLeft.firstX; actual=-210.; expected=-210.; absDiff=0.
OK: hollow.rebar.hLeft.firstY; actual=-220.; expected=-220.; absDiff=0.
OK: hollow.rebar.hLeft.lastX; actual=-210.; expected=-210.; absDiff=0.
OK: hollow.rebar.hLeft.lastY; actual=220.; expected=220.; absDiff=0.
OK: hollow.rebar.bTop.anchorStartY; actual=360.; expected=360.; absDiff=0.
OK: hollow.rebar.bTop.anchorEndY; actual=360.; expected=360.; absDiff=0.
OK: hollow.rebar.bBottom.anchorStartY; actual=-360.; expected=-360.; absDiff=0.
OK: hollow.rebar.bBottom.anchorEndY; actual=-360.; expected=-360.; absDiff=0.
OK: hollow.rebar.openingBTop.anchorStartY; actual=290.; expected=290.; absDiff=0.
OK: hollow.rebar.openingBTop.anchorEndY; actual=290.; expected=290.; absDiff=0.
OK: hollow.rebar.openingBBottom.anchorStartY; actual=-290.; expected=-290.; absDiff=0.
OK: hollow.rebar.openingBBottom.anchorEndY; actual=-290.; expected=-290.; absDiff=0.
OK: hollow.rebar.opening.topProjected
OK: hollow.rebar.opening.bottomProjected
OK: hollow.rebar.opening.leftProjected
OK: hollow.rebar.opening.rightProjected
OK: hollow.rebar.inside.1
OK: hollow.rebar.inside.2
OK: hollow.rebar.inside.3
OK: hollow.rebar.inside.4
OK: hollow.rebar.inside.5
OK: hollow.rebar.inside.6
OK: hollow.rebar.inside.7
OK: hollow.rebar.inside.8
OK: hollow.rebar.inside.9
OK: hollow.rebar.inside.10
OK: hollow.rebar.inside.11
OK: hollow.rebar.inside.12
OK: hollow.rebar.inside.13
OK: hollow.rebar.inside.14
OK: hollow.rebar.inside.15
OK: hollow.rebar.inside.16
OK: hollow.rebar.inside.17
OK: hollow.rebar.inside.18
OK: hollow.rebar.inside.19
OK: hollow.rebar.inside.20
OK: hollow.rebar.inside.21
OK: hollow.rebar.inside.22
OK: hollow.rebar.inside.23
OK: hollow.rebar.inside.24
OK: hollow.rebar.inside.25
OK: hollow.rebar.inside.26
OK: hollow.rebar.inside.27
OK: hollow.rebar.inside.28
OK: hollow.rebar.inside.29
OK: hollow.rebar.inside.30
OK: hollow.rebar.inside.31
OK: hollow.rebar.inside.32
OK: hollow.rebar.inside.33
OK: hollow.rebar.inside.34
OK: hollow.rebar.inside.35
OK: hollow.rebar.inside.36
OK: hollow.rebar.inside.37
OK: hollow.rebar.inside.38
OK: hollow.rebar.inside.39
OK: hollow.rebar.inside.40
OK: hollow.rebar.inside.41
OK: hollow.rebar.inside.42
OK: hollow.rebar.inside.43
OK: hollow.rebar.inside.44
OK: hollow.rebar.inside.45
OK: hollow.rebar.inside.46
OK: hollow.rebar.inside.47
OK: hollow.rebar.inside.48
OK: hollow.rebar.inside.49
OK: hollow.rebar.inside.50
OK: hollow.rebar.inside.51
OK: hollow.rebar.inside.52
OK: hollow.rebar.inside.53
OK: hollow.rebar.inside.54
OK: hollow.rebar.inside.55
OK: hollow.rebar.inside.56

PERF|baseline|run=2|case=geometry_hollow_mesh; passed=3; failed=0; elapsedSec=10.0751953125; solves=0; probes=0; planeProbes=0; probeReuse=0; stateReuse=0; unconvergedProbes=0; unconfirmedPhysical=0; newtonCalls=0; integrations=0; iterations=0; retries=0; geometrySec=9.9443359375; coreSec=0; packagingSec=0; writeSec=0; modelSizes=3717f/0r
OK: perf.hollow.areaAvailable
OK: perf.hollow.gridArea
OK: perf.hollow.empty
NUMERIC: hollow; fibers=3717; area=298200; x=-13.3735747820255; y=10.0301810865191; Ix=18830574728.3711; Iy=7669851183.76884; Ixy=159640362.173038

PERF|baseline|run=2|case=batch_write; passed=168; failed=0; elapsedSec=0.564453125; solves=3; probes=0; planeProbes=21; probeReuse=0; stateReuse=0; unconvergedProbes=0; unconfirmedPhysical=0; newtonCalls=24; integrations=98; iterations=49; retries=0; geometrySec=0; coreSec=0.0068359375; packagingSec=0; writeSec=0.826171875; modelSizes=100f/4r
OK: batch.writer.fixedRow
OK: batch.writer.noResultOverlap
OK: batch.writer.rangeSize
OK: batch.writer.strengthBlockPosition
OK: batch.writer.crackBlockPosition
OK: batch.writer.stabilityBlockPosition
OK: batch.writer.meta.worstLabel
OK: batch.writer.meta.worstValue
OK: batch.writer.meta.solverCalls
OK: batch.writer.meta.valuesCentered
OK: batch.writer.header.statusGroup
OK: batch.writer.header.reserveGroup
OK: batch.writer.header.statusStrength
OK: batch.writer.header.reserveStrength
OK: batch.writer.header.centered
OK: batch.writer.header.commentLeft
OK: batch.writer.header.epsilon
OK: batch.writer.header.sp63StatusPlaneMerge
OK: batch.writer.header.sp63ReservePlaneMerge
OK: batch.writer.header.id
OK: batch.writer.header.idMergeRows
OK: batch.writer.header.commentRow
OK: batch.writer.worst.label
OK: batch.writer.worst.commentDash
OK: batch.writer.worst.resultCommentDash
OK: batch.writer.worst.overallDash
OK: batch.writer.worst.noNa
OK: batch.writer.worst.bold
OK: batch.writer.statusLegend.title
OK: batch.writer.statusLegend.header
OK: batch.writer.statusLegend.values
OK: batch.writer.statusLegend.mergeOnlyTitle
OK: batch.writer.statusLegend.noWrap
OK: batch.writer.statusLegend.italicValues
OK: batch.writer.statusLegend.colors
OK: batch.writer.reserve.dataNotHeaderFill
OK: batch.writer.worst.strain.combinationFound
OK: batch.writer.worst.strain.reserve.bothNumeric
OK: batch.writer.worst.strain.reserve; actual=23.654566819636; expected=23.654566819636
OK: batch.writer.worst.capacity.combinationFound
OK: batch.writer.worst.capacity.reserve.bothNumeric
OK: batch.writer.worst.capacity.reserve; actual=9.761081549025; expected=9.761081549025
OK: batch.writer.worst.crack.notApplicable
OK: batch.writer.worst.longCrack.combinationFound
OK: batch.writer.worst.longCrack.reserve.bothNumeric
OK: batch.writer.worst.longCrack.reserve; actual=12.30931237624; expected=12.30931237624
OK: batch.writer.worst.sp35p1eta.combinationFound
OK: batch.writer.worst.sp35p1eta.reserve.bothNumeric
OK: batch.writer.worst.sp35p1eta.reserve; actual=0.900052311686; expected=0.900052311686
OK: batch.writer.worst.sp35p1table.notApplicable
OK: batch.writer.worst.sp35p2eta.combinationFound
OK: batch.writer.worst.sp35p2eta.reserve.bothNumeric
OK: batch.writer.worst.sp35p2eta.reserve; actual=0.326769903983; expected=0.326769903983
OK: batch.writer.worst.sp35p2table.notApplicable
OK: batch.writer.worst.sp63p1.notApplicable
OK: batch.writer.worst.sp63p2.notApplicable
OK: batch.writer.data.firstId
OK: batch.writer.data.capacityStatus
OK: batch.writer.data.capacityReserve
OK: batch.writer.data.statusColors
OK: batch.writer.strength.statusColors
OK: batch.writer.strength.absentZonesBlank
OK: batch.writer.strength.presentTensionKept
OK: batch.writer.crack.statusColors
OK: batch.writer.crack.header.formationTitle
OK: batch.writer.crack.header.crackedStateTitle
OK: batch.writer.crack.header.title
OK: batch.writer.crack.header.mcrcNote
OK: batch.writer.crack.header.formationStatus
OK: batch.writer.crack.header.state
OK: batch.writer.crack.header.crackedStateStatus
OK: batch.writer.crack.header.es
OK: batch.writer.crack.header.normalStatusRu
OK: batch.writer.crack.header.longStatusRu
OK: batch.writer.crack.header.notesPlain
OK: batch.writer.crack.header.notesFill
OK: batch.writer.crack.availableRowsBorder
OK: batch.writer.stability.statusColor
OK: batch.writer.stability.header.summary
OK: batch.writer.stability.header.statusWidth
OK: batch.writer.stability.header.mainAxes
OK: batch.writer.stability.header.noExtraTier
OK: batch.writer.stability.header.sp35
OK: batch.writer.stability.header.sp63
OK: batch.writer.stability.header.notes
OK: batch.writer.stability.header.notesPlain
OK: batch.writer.stability.header.notesFill
OK: batch.writer.stability.header.sp35NcrBranch
OK: batch.writer.stability.header.sp63PlaneHeight
OK: batch.writer.stability.header.sp35Ratio
OK: batch.writer.stability.columnWidthA; actual=10.; expected=10.
OK: batch.writer.stability.columnWidthN; actual=10.; expected=10.
OK: batch.writer.stability.columnWidthAF; actual=10.; expected=10.
OK: batch.writer.stability.columnWidthCC; actual=10.; expected=10.
OK: batch.writer.stability.availableRowsBorder
OK: batch.writer.stability.lowerRanges
OK: batch.writer.reserve.W1.summaryRow
OK: batch.writer.reserve.W1.strengthRow
OK: batch.writer.reserve.W1.crackRow
OK: batch.writer.reserve.W1.stabilityRow
OK: batch.writer.reserve.W1.strain.bothNumeric
OK: batch.writer.reserve.W1.strain; actual=23.654566819636; expected=23.654566819636
OK: batch.writer.reserve.W1.capacity.bothNumeric
OK: batch.writer.reserve.W1.capacity; actual=9.761081549025; expected=9.761081549025
OK: batch.writer.reserve.W1.crack.bothNumeric
OK: batch.writer.reserve.W1.crack; actual=0.; expected=0.
OK: batch.writer.reserve.W1.longCrack.bothNumeric
OK: batch.writer.reserve.W1.longCrack; actual=0.; expected=0.
OK: batch.writer.reserve.W1.sp35p1eta.bothNumeric
OK: batch.writer.reserve.W1.sp35p1eta; actual=0.900052311686; expected=0.900052311686
OK: batch.writer.reserve.W1.sp35p1table.bothNumeric
OK: batch.writer.reserve.W1.sp35p1table; actual=0.; expected=0.
OK: batch.writer.reserve.W1.sp35p2eta.bothNumeric
OK: batch.writer.reserve.W1.sp35p2eta; actual=0.326769903983; expected=0.326769903983
OK: batch.writer.reserve.W1.sp35p2table.bothNumeric
OK: batch.writer.reserve.W1.sp35p2table; actual=0.; expected=0.
OK: batch.writer.reserve.W1.sp63p1.bothNumeric
OK: batch.writer.reserve.W1.sp63p1; actual=0.; expected=0.
OK: batch.writer.reserve.W1.sp63p2.bothNumeric
OK: batch.writer.reserve.W1.sp63p2; actual=0.; expected=0.
OK: batch.writer.reserve.W2.summaryRow
OK: batch.writer.reserve.W2.strengthRow
OK: batch.writer.reserve.W2.crackRow
OK: batch.writer.reserve.W2.stabilityRow
OK: batch.writer.reserve.W2.strain.bothNumeric
OK: batch.writer.reserve.W2.strain; actual=0.; expected=0.
OK: batch.writer.reserve.W2.capacity.bothNumeric
OK: batch.writer.reserve.W2.capacity; actual=0.; expected=0.
OK: batch.writer.reserve.W2.crack.bothNumeric
OK: batch.writer.reserve.W2.crack; actual=0.; expected=0.
OK: batch.writer.reserve.W2.longCrack.bothNumeric
OK: batch.writer.reserve.W2.longCrack; actual=12.30931237624; expected=12.30931237624
OK: batch.writer.reserve.W2.sp35p1eta.bothNumeric
OK: batch.writer.reserve.W2.sp35p1eta; actual=0.; expected=0.
OK: batch.writer.reserve.W2.sp35p1table.bothNumeric
OK: batch.writer.reserve.W2.sp35p1table; actual=0.; expected=0.
OK: batch.writer.reserve.W2.sp35p2eta.bothNumeric
OK: batch.writer.reserve.W2.sp35p2eta; actual=0.; expected=0.
OK: batch.writer.reserve.W2.sp35p2table.bothNumeric
OK: batch.writer.reserve.W2.sp35p2table; actual=0.; expected=0.
OK: batch.writer.reserve.W2.sp63p1.bothNumeric
OK: batch.writer.reserve.W2.sp63p1; actual=0.; expected=0.
OK: batch.writer.reserve.W2.sp63p2.bothNumeric
OK: batch.writer.reserve.W2.sp63p2; actual=0.; expected=0.
OK: batch.writer.reserve.WT.summaryRow
OK: batch.writer.reserve.WT.strengthRow
OK: batch.writer.reserve.WT.crackRow
OK: batch.writer.reserve.WT.stabilityRow
OK: batch.writer.reserve.WT.strain.bothNumeric
OK: batch.writer.reserve.WT.strain; actual=628.318530717958; expected=628.318530717958
OK: batch.writer.reserve.WT.capacity.bothNumeric
OK: batch.writer.reserve.WT.capacity; actual=0.; expected=0.
OK: batch.writer.reserve.WT.crack.bothNumeric
OK: batch.writer.reserve.WT.crack; actual=0.; expected=0.
OK: batch.writer.reserve.WT.longCrack.bothNumeric
OK: batch.writer.reserve.WT.longCrack; actual=0.; expected=0.
OK: batch.writer.reserve.WT.sp35p1eta.bothNumeric
OK: batch.writer.reserve.WT.sp35p1eta; actual=0.; expected=0.
OK: batch.writer.reserve.WT.sp35p1table.bothNumeric
OK: batch.writer.reserve.WT.sp35p1table; actual=0.; expected=0.
OK: batch.writer.reserve.WT.sp35p2eta.bothNumeric
OK: batch.writer.reserve.WT.sp35p2eta; actual=0.; expected=0.
OK: batch.writer.reserve.WT.sp35p2table.bothNumeric
OK: batch.writer.reserve.WT.sp35p2table; actual=0.; expected=0.
OK: batch.writer.reserve.WT.sp63p1.bothNumeric
OK: batch.writer.reserve.WT.sp63p1; actual=0.; expected=0.
OK: batch.writer.reserve.WT.sp63p2.bothNumeric
OK: batch.writer.reserve.WT.sp63p2; actual=0.; expected=0.

PERF|baseline|run=3|case=bending; passed=11; failed=0; elapsedSec=0.181640625; solves=28; probes=24; planeProbes=0; probeReuse=0; stateReuse=0; unconvergedProbes=0; unconfirmedPhysical=0; newtonCalls=176; integrations=720; iterations=384; retries=0; geometrySec=0.0009765625; coreSec=0.099609375; packagingSec=0; writeSec=0; modelSizes=150f/4r
OK: capacity.mx.negative.converged
OK: capacity.mx.positive.converged
OK: capacity.mx.negative.sign
OK: capacity.mx.positive.sign
OK: capacity.mx.limit.physical
OK: capacity.mx.negative.N; actual=-300000.; expected=-300000.; relDiff=0.
OK: capacity.mx.negative.Mx; actual=-30937500.; expected=-30937500.; relDiff=0.
OK: capacity.mx.negative.My; actual=-0.000000000102; expected=0.; absDiff=0.000000000102
OK: capacity.mx.positive.N; actual=-300000.; expected=-300000.; relDiff=0.
OK: capacity.mx.positive.Mx; actual=30937500.; expected=30937500.; relDiff=0.
OK: capacity.mx.positive.My; actual=0.000000001062; expected=0.; absDiff=0.000000001062

PERF|baseline|run=3|case=biaxial; passed=32; failed=0; elapsedSec=0.3798828125; solves=48; probes=48; planeProbes=0; probeReuse=0; stateReuse=0; unconvergedProbes=0; unconfirmedPhysical=0; newtonCalls=384; integrations=1488; iterations=912; retries=0; geometrySec=0.0009765625; coreSec=0.228515625; packagingSec=0; writeSec=0; modelSizes=150f/4r
OK: capacity.mxy.pp.converged
OK: capacity.mxy.pp.lambda.positive
OK: capacity.mxy.pp.mx.sign
OK: capacity.mxy.pp.my.sign
OK: capacity.mxy.pp.direction; actual=0.; expected=0.; absDiff=0.
OK: capacity.mxy.pp.N; actual=-250000.; expected=-250000.; relDiff=0.
OK: capacity.mxy.pp.Mx; actual=21468750.; expected=21468750.; relDiff=0.
OK: capacity.mxy.pp.My; actual=14312500.; expected=14312500.; relDiff=0.
OK: capacity.mxy.np.converged
OK: capacity.mxy.np.lambda.positive
OK: capacity.mxy.np.mx.sign
OK: capacity.mxy.np.my.sign
OK: capacity.mxy.np.direction; actual=0.; expected=0.; absDiff=0.
OK: capacity.mxy.np.N; actual=-250000.; expected=-250000.; relDiff=0.
OK: capacity.mxy.np.Mx; actual=-21468750.; expected=-21468750.; relDiff=0.
OK: capacity.mxy.np.My; actual=14312500.; expected=14312500.; relDiff=0.
OK: capacity.mxy.pn.converged
OK: capacity.mxy.pn.lambda.positive
OK: capacity.mxy.pn.mx.sign
OK: capacity.mxy.pn.my.sign
OK: capacity.mxy.pn.direction; actual=0.; expected=0.; absDiff=0.
OK: capacity.mxy.pn.N; actual=-250000.; expected=-250000.; relDiff=0.
OK: capacity.mxy.pn.Mx; actual=21468750.; expected=21468750.; relDiff=0.
OK: capacity.mxy.pn.My; actual=-14312500.; expected=-14312500.; relDiff=0.
OK: capacity.mxy.nn.converged
OK: capacity.mxy.nn.lambda.positive
OK: capacity.mxy.nn.mx.sign
OK: capacity.mxy.nn.my.sign
OK: capacity.mxy.nn.direction; actual=0.; expected=0.; absDiff=0.
OK: capacity.mxy.nn.N; actual=-250000.; expected=-250000.; relDiff=0.
OK: capacity.mxy.nn.Mx; actual=-21468750.; expected=-21468750.; relDiff=0.
OK: capacity.mxy.nn.My; actual=-14312500.; expected=-14312500.; relDiff=0.

PERF|baseline|run=3|case=asymmetric; passed=6; failed=0; elapsedSec=15.1005859375; solves=94; probes=23; planeProbes=0; probeReuse=0; stateReuse=0; unconvergedProbes=25; unconfirmedPhysical=0; newtonCalls=671; integrations=7269; iterations=3874; retries=20; geometrySec=0.01171875; coreSec=14.0517578125; packagingSec=0; writeSec=0; modelSizes=2875f/0r|2875f/4r
OK: capacity.asym.Ixy.nonzero
OK: capacity.asym.converged
OK: capacity.asym.coupledKappaY
OK: capacity.asym.N; actual=-260000.; expected=-260000.; relDiff=0.
OK: capacity.asym.Mx; actual=-320000000.; expected=-320000000.; relDiff=0.
OK: capacity.asym.My; actual=-0.000000072119; expected=0.; absDiff=0.000000072119

PERF|baseline|run=3|case=axial; passed=12; failed=0; elapsedSec=0.1904296875; solves=38; probes=12; planeProbes=0; probeReuse=0; stateReuse=0; unconvergedProbes=10; unconfirmedPhysical=0; newtonCalls=286; integrations=842; iterations=558; retries=8; geometrySec=0.001953125; coreSec=0.1513671875; packagingSec=0; writeSec=0; modelSizes=150f/4r
OK: capacity.nult.compression.converged
OK: capacity.nult.compression.sign
OK: capacity.nult.compression.safety
OK: capacity.nult.compression.N; actual=-1287513.24397852; expected=-1287513.24397852; relDiff=0.
OK: capacity.nult.compression.Mx; actual=0.; expected=0.; absDiff=0.
OK: capacity.nult.compression.My; actual=0.000000000466; expected=0.; absDiff=0.000000000466
OK: capacity.nult.tension.converged
OK: capacity.nult.tension.sign
OK: capacity.nult.tension.safety
OK: capacity.nult.tension.N; actual=439822.971502571; expected=439822.971502571; relDiff=0.
OK: capacity.nult.tension.Mx; actual=-0.000000000116; expected=0.; absDiff=0.000000000116
OK: capacity.nult.tension.My; actual=-0.000000000175; expected=0.; absDiff=0.000000000175

PERF|baseline|run=3|case=methods; passed=16; failed=0; elapsedSec=0.1806640625; solves=30; probes=32; planeProbes=0; probeReuse=5; stateReuse=0; unconvergedProbes=0; unconfirmedPhysical=0; newtonCalls=204; integrations=787; iterations=442; retries=0; geometrySec=0.0009765625; coreSec=0.1123046875; packagingSec=0; writeSec=0; modelSizes=150f/4r
OK: search.bisection.converged
OK: search.brent.converged
OK: search.secant.converged
OK: search.bisection.branch
OK: search.brent.branch
OK: search.secant.branch
OK: search.brent.independent
OK: search.secant.independent
OK: search.brent.lambda; actual=3.09776378716; expected=3.09375; absDiff=0.00401378716
OK: search.secant.lambda; actual=3.098514991183; expected=3.09375; absDiff=0.004764991183
OK: search.brent.N; actual=-300000.; expected=-300000.; relDiff=0.
OK: search.brent.Mx; actual=-30977637.8716034; expected=-30977637.8716034; relDiff=0.
OK: search.brent.My; actual=-0.000000000582; expected=0.; absDiff=0.000000000582
OK: search.secant.N; actual=-300000.; expected=-300000.; relDiff=0.
OK: search.secant.Mx; actual=-30985149.9118327; expected=-30985149.9118327; relDiff=0.
OK: search.secant.My; actual=0.00000000032; expected=0.; absDiff=0.00000000032

PERF|baseline|run=3|case=capacity_strategies; passed=36; failed=0; elapsedSec=0.9814453125; solves=82; probes=66; planeProbes=51; probeReuse=0; stateReuse=0; unconvergedProbes=5; unconfirmedPhysical=0; newtonCalls=691; integrations=2677; iterations=1550; retries=4; geometrySec=0.00390625; coreSec=0.6396484375; packagingSec=0; writeSec=0; modelSizes=150f/4r|489f/4r
OK: method.pure_compression.load.invalid
OK: method.pure_compression.strain.invalid
COMPARE|method.pure_compression.load|converged=False|lambda=0.|limitState=InvalidInput|criticalStrain=0.|criticalElement=|solverCalls=0|elapsedSec=0.
COMPARE|method.pure_compression.strain|converged=False|lambda=0.|limitState=InvalidInput|criticalStrain=0.|criticalElement=|solverCalls=0|elapsedSec=0.
OK: method.n_plus_mx.load.converged
OK: method.n_plus_mx.strain.converged
OK: method.n_plus_mx.lambda; actual=3.09871424391; expected=3.09375; absDiff=0.00496424391
OK: method.n_plus_mx.limitState
OK: method.n_plus_mx.criticalElement
OK: method.n_plus_mx.solverCalls
COMPARE|method.n_plus_mx.load|converged=True|lambda=3.09375|limitState=ConcreteStrainLimit|criticalStrain=-0.001501652538|criticalElement=C142:Compression|solverCalls=12|elapsedSec=0.080078125
COMPARE|method.n_plus_mx.strain|converged=True|lambda=3.09871424391|limitState=ConcreteStrainLimit|criticalStrain=-0.0015|criticalElement=C136:Compression|solverCalls=6|elapsedSec=0.015625
OK: method.n_plus_my.load.converged
OK: method.n_plus_my.strain.converged
OK: method.n_plus_my.lambda; actual=4.490409406951; expected=4.484375; absDiff=0.006034406951
OK: method.n_plus_my.limitState
OK: method.n_plus_my.criticalElement
OK: method.n_plus_my.solverCalls
COMPARE|method.n_plus_my.load|converged=True|lambda=4.484375|limitState=ConcreteStrainLimit|criticalStrain=-0.001500652149|criticalElement=C15:Compression|solverCalls=18|elapsedSec=0.236328125
COMPARE|method.n_plus_my.strain|converged=True|lambda=4.490409406951|limitState=ConcreteStrainLimit|criticalStrain=-0.0015|criticalElement=C150:Compression|solverCalls=6|elapsedSec=0.015625
OK: method.biaxial.load.converged
OK: method.biaxial.strain.converged
OK: method.biaxial.lambda; actual=3.583378103741; expected=3.578125; absDiff=0.005253103741
OK: method.biaxial.limitState
OK: method.biaxial.criticalElement
OK: method.biaxial.solverCalls
COMPARE|method.biaxial.load|converged=True|lambda=3.578125|limitState=ConcreteStrainLimit|criticalStrain=-0.001501063653|criticalElement=C150:Compression|solverCalls=12|elapsedSec=0.091796875
COMPARE|method.biaxial.strain|converged=True|lambda=3.583378103741|limitState=ConcreteStrainLimit|criticalStrain=-0.0015|criticalElement=C150:Compression|solverCalls=16|elapsedSec=0.0361328125
OK: method.circle.load.converged
OK: method.circle.strain.converged
OK: method.circle.symmetry; actual=31453125.; expected=31489108.1594418; relDiff=0.001142717643
OK: method.circle.criticalElement
COMPARE|method.circle.load|converged=True|lambda=5.2421875|limitState=ConcreteStrainLimit|criticalStrain=-0.001498237699|criticalElement=C483:Compression|solverCalls=14|elapsedSec=0.
COMPARE|method.circle.strain|converged=True|lambda=5.24818469324|limitState=ConcreteStrainLimit|criticalStrain=-0.0015|criticalElement=C182:Compression|solverCalls=11|elapsedSec=0.
OK: method.strain_limit.load.converged
OK: method.strain_limit.strain.converged
OK: method.strain_limit.lambda; actual=4.795168098697; expected=4.7890625; absDiff=0.006105598697
OK: method.strain_limit.limitState
OK: method.strain_limit.criticalElement
OK: method.strain_limit.criticalUtilization
COMPARE|method.strain_limit.load|converged=True|lambda=4.7890625|limitState=ConcreteStrainLimit|criticalStrain=-0.000599236031|criticalElement=C136:Compression|solverCalls=14|elapsedSec=0.
COMPARE|method.strain_limit.strain|converged=True|lambda=4.795168098697|limitState=ConcreteStrainLimit|criticalStrain=-0.0006|criticalElement=C136:Compression|solverCalls=1|elapsedSec=0.
OK: method.numericalFailure.notConverged
OK: method.numericalFailure.state
OK: method.numericalFailure.noPhysicalUpper
COMPARE|method.numericalFailure.strain|converged=False|lambda=0.|limitState=NumericalFailure|criticalStrain=-0.001500000001|criticalElement=C150:Compression|solverCalls=5|elapsedSec=0.
OK: method.maxLambdaIgnored.converged
OK: method.maxLambdaIgnored.lambdaAboveLimit
OK: method.maxLambdaIgnored.momentStored

PERF|baseline|run=3|case=crack_bending; passed=39; failed=0; elapsedSec=0.392578125; solves=72; probes=66; planeProbes=0; probeReuse=0; stateReuse=0; unconvergedProbes=0; unconfirmedPhysical=0; newtonCalls=576; integrations=1697; iterations=1025; retries=0; geometrySec=0.0029296875; coreSec=0.2900390625; packagingSec=0.001953125; writeSec=0; modelSizes=150f/4r
OK: crack.auto.pureMx.converged
OK: crack.auto.pureMx.formed
OK: crack.auto.pureMx.tensionBars
OK: crack.auto.pureMx.sigmaPositive
OK: crack.auto.pureMx.spacingPositive
OK: crack.auto.pureMx.widthFormula; actual=0.150903530526; expected=0.150903530526; absDiff=0.
OK: crack.auto.pureMx.utilization; actual=1509.03530526357; expected=1509.03530526357; absDiff=0.
OK: crack.auto.pureMx.lambda
OK: crack.auto.pureMx.preCrackState
OK: crack.auto.pureMx.postCrackState
OK: crack.auto.pureMx.psiReduced
OK: crack.auto.pureMx.preCrack.twoSign
OK: crack.auto.pureMx.preCrack.epsBtUlt; actual=0.00015; expected=0.00015; absDiff=0.
OK: crack.auto.pureMy.converged
OK: crack.auto.pureMy.formed
OK: crack.auto.pureMy.tensionBars
OK: crack.auto.pureMy.sigmaPositive
OK: crack.auto.pureMy.spacingPositive
OK: crack.auto.pureMy.widthFormula; actual=0.068784054628; expected=0.068784054628; absDiff=0.
OK: crack.auto.pureMy.utilization; actual=687.840546281971; expected=687.840546281971; absDiff=0.
OK: crack.auto.pureMy.lambda
OK: crack.auto.pureMy.preCrackState
OK: crack.auto.pureMy.postCrackState
OK: crack.auto.pureMy.psiReduced
OK: crack.auto.pureMy.preCrack.twoSign
OK: crack.auto.pureMy.preCrack.epsBtUlt; actual=0.00015; expected=0.00015; absDiff=0.
OK: crack.auto.pureMxy.converged
OK: crack.auto.pureMxy.formed
OK: crack.auto.pureMxy.tensionBars
OK: crack.auto.pureMxy.sigmaPositive
OK: crack.auto.pureMxy.spacingPositive
OK: crack.auto.pureMxy.widthFormula; actual=0.128222487931; expected=0.128222487931; absDiff=0.
OK: crack.auto.pureMxy.utilization; actual=1282.22487931034; expected=1282.22487931034; absDiff=0.
OK: crack.auto.pureMxy.lambda
OK: crack.auto.pureMxy.preCrackState
OK: crack.auto.pureMxy.postCrackState
OK: crack.auto.pureMxy.psiReduced
OK: crack.auto.pureMxy.preCrack.twoSign
OK: crack.auto.pureMxy.preCrack.epsBtUlt; actual=0.00015; expected=0.00015; absDiff=0.

PERF|baseline|run=3|case=crack_paths; passed=52; failed=0; elapsedSec=0.3671875; solves=56; probes=44; planeProbes=0; probeReuse=0; stateReuse=0; unconvergedProbes=0; unconfirmedPhysical=0; newtonCalls=448; integrations=1459; iterations=806; retries=0; geometrySec=0.0029296875; coreSec=0.2392578125; packagingSec=0.0009765625; writeSec=0; modelSizes=150f/4r
OK: crack.path.mxy.converged
OK: crack.path.mxy.formed
OK: crack.path.mxy.tensionBars
OK: crack.path.mxy.sigmaPositive
OK: crack.path.mxy.spacingPositive
OK: crack.path.mxy.widthFormula; actual=0.133858060725; expected=0.133858060725; absDiff=0.
OK: crack.path.mxy.utilization; actual=1338.58060725361; expected=1338.58060725361; absDiff=0.
OK: crack.path.mxy.lambda
OK: crack.path.mxy.nFixed; actual=-20000.; expected=-20000.; absDiff=0.
OK: crack.path.n.converged
OK: crack.path.n.formed
OK: crack.path.n.tensionBars
OK: crack.path.n.sigmaPositive
OK: crack.path.n.spacingPositive
OK: crack.path.n.widthFormula; actual=0.139403828281; expected=0.139403828281; absDiff=0.
OK: crack.path.n.utilization; actual=1394.03828280626; expected=1394.03828280626; absDiff=0.
OK: crack.path.n.central
OK: crack.path.n.formationN; actual=119657.725354552; expected=119657.725354552; absDiff=0.
OK: crack.path.autoN.converged
OK: crack.path.autoN.formed
OK: crack.path.autoN.tensionBars
OK: crack.path.autoN.sigmaPositive
OK: crack.path.autoN.spacingPositive
OK: crack.path.autoN.widthFormula; actual=0.139403828281; expected=0.139403828281; absDiff=0.
OK: crack.path.autoN.utilization; actual=1394.03828280626; expected=1394.03828280626; absDiff=0.
OK: crack.path.autoN.central
OK: crack.path.autoN.method
OK: crack.path.autoN.formationN; actual=119657.725354552; expected=119657.725354552; absDiff=0.
OK: crack.path.nmxy.converged
OK: crack.path.nmxy.formed
OK: crack.path.nmxy.tensionBars
OK: crack.path.nmxy.sigmaPositive
OK: crack.path.nmxy.spacingPositive
OK: crack.path.nmxy.widthFormula; actual=0.131351003693; expected=0.131351003693; absDiff=0.
OK: crack.path.nmxy.utilization; actual=1313.5100369324; expected=1313.5100369324; absDiff=0.
OK: crack.path.nmxy.lambda
OK: crack.path.nmxy.nScaled; actual=-10565.5573022651; expected=-10565.5573022651; absDiff=0.
OK: crack.path.nmxy.mScaled; actual=7924167.97669881; expected=7924167.97669881; absDiff=0.
OK: crack.path.nFixedMomentFallback.converged
OK: crack.path.nFixedMomentFallback.formed
OK: crack.path.nFixedMomentFallback.lambda0; actual=0.; expected=0.; absDiff=0.
OK: crack.path.nFixedMomentFallback.noFormationN; actual=0.; expected=0.; absDiff=0.
OK: crack.path.nFixedMomentFallback.noMcrc; actual=0.; expected=0.; absDiff=0.
OK: crack.path.nFixedMomentFallback.noBeforeState
OK: crack.path.nFixedMomentFallback.noAfterState
OK: crack.path.nFixedMomentFallback.psi1; actual=1.; expected=1.; absDiff=0.
OK: crack.path.nFixedMomentFallback.status
OK: crack.path.mxyAxialFallback.converged
OK: crack.path.mxyAxialFallback.formed
OK: crack.path.mxyAxialFallback.lambda0; actual=0.; expected=0.; absDiff=0.
OK: crack.path.mxyAxialFallback.psi1; actual=1.; expected=1.; absDiff=0.
OK: crack.path.mxyAxialFallback.status

PERF|baseline|run=3|case=crack_cache; passed=22; failed=0; elapsedSec=0.3056640625; solves=50; probes=44; planeProbes=0; probeReuse=0; stateReuse=1; unconvergedProbes=0; unconfirmedPhysical=0; newtonCalls=400; integrations=1287; iterations=707; retries=0; geometrySec=0.0009765625; coreSec=0.2119140625; packagingSec=0; writeSec=0; modelSizes=150f/4r
OK: crack.cache.first.converged
OK: crack.cache.first.formed
OK: crack.cache.first.tensionBars
OK: crack.cache.first.sigmaPositive
OK: crack.cache.first.spacingPositive
OK: crack.cache.first.widthFormula; actual=0.133858060725; expected=0.133858060725; absDiff=0.
OK: crack.cache.first.utilization; actual=0.133858060725; expected=0.133858060725; absDiff=0.
OK: crack.cache.first.sigmaCrc
OK: crack.cache.first.preState
OK: crack.cache.first.postState
OK: crack.cache.second.converged
OK: crack.cache.second.formed
OK: crack.cache.second.tensionBars
OK: crack.cache.second.sigmaPositive
OK: crack.cache.second.spacingPositive
OK: crack.cache.second.widthFormula; actual=0.133858060725; expected=0.133858060725; absDiff=0.
OK: crack.cache.second.utilization; actual=0.133858060725; expected=0.133858060725; absDiff=0.
OK: crack.cache.second.reused
OK: crack.cache.second.noLastRunner
OK: crack.cache.second.sigmaCrc
OK: crack.cache.second.preState
OK: crack.cache.second.postState

PERF|baseline|run=3|case=geometry_rounded; passed=6; failed=0; elapsedSec=0.3388671875; solves=0; probes=0; planeProbes=0; probeReuse=0; stateReuse=0; unconvergedProbes=0; unconfirmedPhysical=0; newtonCalls=0; integrations=0; iterations=0; retries=0; geometrySec=0.0703125; coreSec=0; packagingSec=0; writeSec=0; modelSizes=7596f/0r
OK: sym.area.available
OK: sym.area; actual=47475.; expected=47457.8928833008; relDiff=0.000360469369
OK: sym.cx; actual=0.; expected=0.; absDiff=0.
OK: sym.cy; actual=0.; expected=0.; absDiff=0.
OK: sym.Ixy; actual=0.; expected=0.; absDiff=0.
OK: sym.principal.angle; actual=1.570796326795; expected=1.570796326795; absDiff=0.

PERF|baseline|run=3|case=geometry_tapered; passed=11; failed=0; elapsedSec=0.0234375; solves=0; probes=0; planeProbes=0; probeReuse=0; stateReuse=0; unconvergedProbes=0; unconfirmedPhysical=0; newtonCalls=0; integrations=0; iterations=0; retries=0; geometrySec=0.0048828125; coreSec=0; packagingSec=0; writeSec=0; modelSizes=95f/0r|379f/0r
OK: rounded.tapered.area.positive
OK: rounded.tapered.centroid.inside
OK: rounded.tapered.rightExtension
OK: rounded.tapered.height; actual=180.; expected=180.; absDiff=0.
OK: rounded.tapered.area.convergence; actual=59218.75; expected=59375.; relDiff=0.002631578947
OK: rounded.tapered.Ix.convergence; actual=143398803.603575; expected=144005276.864035; relDiff=0.004211465536
OK: rounded.tapered.variableAngle.topTangent; actual=375.735931288071; expected=375.735931288071; absDiff=0.000000000001
OK: rounded.tapered.variableAngle.maxX; actual=708.57864376269; expected=708.57864376269; absDiff=0.
OK: rounded.tapered.variableAngle.maxLessThanRawApex
OK: rounded.tapered.r1GreaterThanHalfHeight.valid
OK: rounded.tapered.radiiOverlap.invalid

PERF|baseline|run=3|case=geometry_hollow; passed=11; failed=0; elapsedSec=0.0029296875; solves=0; probes=0; planeProbes=0; probeReuse=0; stateReuse=0; unconvergedProbes=0; unconfirmedPhysical=0; newtonCalls=0; integrations=0; iterations=0; retries=0; geometrySec=0; coreSec=0; packagingSec=0; writeSec=0; modelSizes=
OK: hollow.geometry.valid
OK: hollow.geometry.areaAvailable
OK: hollow.geometry.area; actual=300000.; expected=300000.; absDiff=0.
OK: hollow.geometry.cx; actual=0.; expected=0.; absDiff=0.
OK: hollow.geometry.cy; actual=0.; expected=0.; absDiff=0.
OK: hollow.geometry.outerConcrete
OK: hollow.geometry.openingExcluded
OK: hollow.geometry.outsideExcluded
OK: hollow.geometry.offset.valid
OK: hollow.geometry.offset.cxOppositeOpening
OK: hollow.geometry.offset.cyOppositeOpening

PERF|baseline|run=3|case=geometry_hollow_rebars; passed=76; failed=0; elapsedSec=0.080078125; solves=0; probes=0; planeProbes=0; probeReuse=0; stateReuse=0; unconvergedProbes=0; unconfirmedPhysical=0; newtonCalls=0; integrations=0; iterations=0; retries=0; geometrySec=0; coreSec=0; packagingSec=0; writeSec=0; modelSizes=
OK: hollow.rebar.external.top
OK: hollow.rebar.external.bottom
OK: hollow.rebar.external.left
OK: hollow.rebar.external.right
OK: hollow.rebar.hLeft.firstX; actual=-210.; expected=-210.; absDiff=0.
OK: hollow.rebar.hLeft.firstY; actual=-220.; expected=-220.; absDiff=0.
OK: hollow.rebar.hLeft.lastX; actual=-210.; expected=-210.; absDiff=0.
OK: hollow.rebar.hLeft.lastY; actual=220.; expected=220.; absDiff=0.
OK: hollow.rebar.bTop.anchorStartY; actual=360.; expected=360.; absDiff=0.
OK: hollow.rebar.bTop.anchorEndY; actual=360.; expected=360.; absDiff=0.
OK: hollow.rebar.bBottom.anchorStartY; actual=-360.; expected=-360.; absDiff=0.
OK: hollow.rebar.bBottom.anchorEndY; actual=-360.; expected=-360.; absDiff=0.
OK: hollow.rebar.openingBTop.anchorStartY; actual=290.; expected=290.; absDiff=0.
OK: hollow.rebar.openingBTop.anchorEndY; actual=290.; expected=290.; absDiff=0.
OK: hollow.rebar.openingBBottom.anchorStartY; actual=-290.; expected=-290.; absDiff=0.
OK: hollow.rebar.openingBBottom.anchorEndY; actual=-290.; expected=-290.; absDiff=0.
OK: hollow.rebar.opening.topProjected
OK: hollow.rebar.opening.bottomProjected
OK: hollow.rebar.opening.leftProjected
OK: hollow.rebar.opening.rightProjected
OK: hollow.rebar.inside.1
OK: hollow.rebar.inside.2
OK: hollow.rebar.inside.3
OK: hollow.rebar.inside.4
OK: hollow.rebar.inside.5
OK: hollow.rebar.inside.6
OK: hollow.rebar.inside.7
OK: hollow.rebar.inside.8
OK: hollow.rebar.inside.9
OK: hollow.rebar.inside.10
OK: hollow.rebar.inside.11
OK: hollow.rebar.inside.12
OK: hollow.rebar.inside.13
OK: hollow.rebar.inside.14
OK: hollow.rebar.inside.15
OK: hollow.rebar.inside.16
OK: hollow.rebar.inside.17
OK: hollow.rebar.inside.18
OK: hollow.rebar.inside.19
OK: hollow.rebar.inside.20
OK: hollow.rebar.inside.21
OK: hollow.rebar.inside.22
OK: hollow.rebar.inside.23
OK: hollow.rebar.inside.24
OK: hollow.rebar.inside.25
OK: hollow.rebar.inside.26
OK: hollow.rebar.inside.27
OK: hollow.rebar.inside.28
OK: hollow.rebar.inside.29
OK: hollow.rebar.inside.30
OK: hollow.rebar.inside.31
OK: hollow.rebar.inside.32
OK: hollow.rebar.inside.33
OK: hollow.rebar.inside.34
OK: hollow.rebar.inside.35
OK: hollow.rebar.inside.36
OK: hollow.rebar.inside.37
OK: hollow.rebar.inside.38
OK: hollow.rebar.inside.39
OK: hollow.rebar.inside.40
OK: hollow.rebar.inside.41
OK: hollow.rebar.inside.42
OK: hollow.rebar.inside.43
OK: hollow.rebar.inside.44
OK: hollow.rebar.inside.45
OK: hollow.rebar.inside.46
OK: hollow.rebar.inside.47
OK: hollow.rebar.inside.48
OK: hollow.rebar.inside.49
OK: hollow.rebar.inside.50
OK: hollow.rebar.inside.51
OK: hollow.rebar.inside.52
OK: hollow.rebar.inside.53
OK: hollow.rebar.inside.54
OK: hollow.rebar.inside.55
OK: hollow.rebar.inside.56

PERF|baseline|run=3|case=geometry_hollow_mesh; passed=3; failed=0; elapsedSec=9.91015625; solves=0; probes=0; planeProbes=0; probeReuse=0; stateReuse=0; unconvergedProbes=0; unconfirmedPhysical=0; newtonCalls=0; integrations=0; iterations=0; retries=0; geometrySec=9.7783203125; coreSec=0; packagingSec=0; writeSec=0; modelSizes=3717f/0r
OK: perf.hollow.areaAvailable
OK: perf.hollow.gridArea
OK: perf.hollow.empty
NUMERIC: hollow; fibers=3717; area=298200; x=-13.3735747820255; y=10.0301810865191; Ix=18830574728.3711; Iy=7669851183.76884; Ixy=159640362.173038

PERF|baseline|run=3|case=batch_write; passed=168; failed=0; elapsedSec=0.4912109375; solves=3; probes=0; planeProbes=21; probeReuse=0; stateReuse=0; unconvergedProbes=0; unconfirmedPhysical=0; newtonCalls=24; integrations=98; iterations=49; retries=0; geometrySec=0; coreSec=0.009765625; packagingSec=0; writeSec=0.7080078125; modelSizes=100f/4r
OK: batch.writer.fixedRow
OK: batch.writer.noResultOverlap
OK: batch.writer.rangeSize
OK: batch.writer.strengthBlockPosition
OK: batch.writer.crackBlockPosition
OK: batch.writer.stabilityBlockPosition
OK: batch.writer.meta.worstLabel
OK: batch.writer.meta.worstValue
OK: batch.writer.meta.solverCalls
OK: batch.writer.meta.valuesCentered
OK: batch.writer.header.statusGroup
OK: batch.writer.header.reserveGroup
OK: batch.writer.header.statusStrength
OK: batch.writer.header.reserveStrength
OK: batch.writer.header.centered
OK: batch.writer.header.commentLeft
OK: batch.writer.header.epsilon
OK: batch.writer.header.sp63StatusPlaneMerge
OK: batch.writer.header.sp63ReservePlaneMerge
OK: batch.writer.header.id
OK: batch.writer.header.idMergeRows
OK: batch.writer.header.commentRow
OK: batch.writer.worst.label
OK: batch.writer.worst.commentDash
OK: batch.writer.worst.resultCommentDash
OK: batch.writer.worst.overallDash
OK: batch.writer.worst.noNa
OK: batch.writer.worst.bold
OK: batch.writer.statusLegend.title
OK: batch.writer.statusLegend.header
OK: batch.writer.statusLegend.values
OK: batch.writer.statusLegend.mergeOnlyTitle
OK: batch.writer.statusLegend.noWrap
OK: batch.writer.statusLegend.italicValues
OK: batch.writer.statusLegend.colors
OK: batch.writer.reserve.dataNotHeaderFill
OK: batch.writer.worst.strain.combinationFound
OK: batch.writer.worst.strain.reserve.bothNumeric
OK: batch.writer.worst.strain.reserve; actual=23.654566819636; expected=23.654566819636
OK: batch.writer.worst.capacity.combinationFound
OK: batch.writer.worst.capacity.reserve.bothNumeric
OK: batch.writer.worst.capacity.reserve; actual=9.761081549025; expected=9.761081549025
OK: batch.writer.worst.crack.notApplicable
OK: batch.writer.worst.longCrack.combinationFound
OK: batch.writer.worst.longCrack.reserve.bothNumeric
OK: batch.writer.worst.longCrack.reserve; actual=12.30931237624; expected=12.30931237624
OK: batch.writer.worst.sp35p1eta.combinationFound
OK: batch.writer.worst.sp35p1eta.reserve.bothNumeric
OK: batch.writer.worst.sp35p1eta.reserve; actual=0.900052311686; expected=0.900052311686
OK: batch.writer.worst.sp35p1table.notApplicable
OK: batch.writer.worst.sp35p2eta.combinationFound
OK: batch.writer.worst.sp35p2eta.reserve.bothNumeric
OK: batch.writer.worst.sp35p2eta.reserve; actual=0.326769903983; expected=0.326769903983
OK: batch.writer.worst.sp35p2table.notApplicable
OK: batch.writer.worst.sp63p1.notApplicable
OK: batch.writer.worst.sp63p2.notApplicable
OK: batch.writer.data.firstId
OK: batch.writer.data.capacityStatus
OK: batch.writer.data.capacityReserve
OK: batch.writer.data.statusColors
OK: batch.writer.strength.statusColors
OK: batch.writer.strength.absentZonesBlank
OK: batch.writer.strength.presentTensionKept
OK: batch.writer.crack.statusColors
OK: batch.writer.crack.header.formationTitle
OK: batch.writer.crack.header.crackedStateTitle
OK: batch.writer.crack.header.title
OK: batch.writer.crack.header.mcrcNote
OK: batch.writer.crack.header.formationStatus
OK: batch.writer.crack.header.state
OK: batch.writer.crack.header.crackedStateStatus
OK: batch.writer.crack.header.es
OK: batch.writer.crack.header.normalStatusRu
OK: batch.writer.crack.header.longStatusRu
OK: batch.writer.crack.header.notesPlain
OK: batch.writer.crack.header.notesFill
OK: batch.writer.crack.availableRowsBorder
OK: batch.writer.stability.statusColor
OK: batch.writer.stability.header.summary
OK: batch.writer.stability.header.statusWidth
OK: batch.writer.stability.header.mainAxes
OK: batch.writer.stability.header.noExtraTier
OK: batch.writer.stability.header.sp35
OK: batch.writer.stability.header.sp63
OK: batch.writer.stability.header.notes
OK: batch.writer.stability.header.notesPlain
OK: batch.writer.stability.header.notesFill
OK: batch.writer.stability.header.sp35NcrBranch
OK: batch.writer.stability.header.sp63PlaneHeight
OK: batch.writer.stability.header.sp35Ratio
OK: batch.writer.stability.columnWidthA; actual=10.; expected=10.
OK: batch.writer.stability.columnWidthN; actual=10.; expected=10.
OK: batch.writer.stability.columnWidthAF; actual=10.; expected=10.
OK: batch.writer.stability.columnWidthCC; actual=10.; expected=10.
OK: batch.writer.stability.availableRowsBorder
OK: batch.writer.stability.lowerRanges
OK: batch.writer.reserve.W1.summaryRow
OK: batch.writer.reserve.W1.strengthRow
OK: batch.writer.reserve.W1.crackRow
OK: batch.writer.reserve.W1.stabilityRow
OK: batch.writer.reserve.W1.strain.bothNumeric
OK: batch.writer.reserve.W1.strain; actual=23.654566819636; expected=23.654566819636
OK: batch.writer.reserve.W1.capacity.bothNumeric
OK: batch.writer.reserve.W1.capacity; actual=9.761081549025; expected=9.761081549025
OK: batch.writer.reserve.W1.crack.bothNumeric
OK: batch.writer.reserve.W1.crack; actual=0.; expected=0.
OK: batch.writer.reserve.W1.longCrack.bothNumeric
OK: batch.writer.reserve.W1.longCrack; actual=0.; expected=0.
OK: batch.writer.reserve.W1.sp35p1eta.bothNumeric
OK: batch.writer.reserve.W1.sp35p1eta; actual=0.900052311686; expected=0.900052311686
OK: batch.writer.reserve.W1.sp35p1table.bothNumeric
OK: batch.writer.reserve.W1.sp35p1table; actual=0.; expected=0.
OK: batch.writer.reserve.W1.sp35p2eta.bothNumeric
OK: batch.writer.reserve.W1.sp35p2eta; actual=0.326769903983; expected=0.326769903983
OK: batch.writer.reserve.W1.sp35p2table.bothNumeric
OK: batch.writer.reserve.W1.sp35p2table; actual=0.; expected=0.
OK: batch.writer.reserve.W1.sp63p1.bothNumeric
OK: batch.writer.reserve.W1.sp63p1; actual=0.; expected=0.
OK: batch.writer.reserve.W1.sp63p2.bothNumeric
OK: batch.writer.reserve.W1.sp63p2; actual=0.; expected=0.
OK: batch.writer.reserve.W2.summaryRow
OK: batch.writer.reserve.W2.strengthRow
OK: batch.writer.reserve.W2.crackRow
OK: batch.writer.reserve.W2.stabilityRow
OK: batch.writer.reserve.W2.strain.bothNumeric
OK: batch.writer.reserve.W2.strain; actual=0.; expected=0.
OK: batch.writer.reserve.W2.capacity.bothNumeric
OK: batch.writer.reserve.W2.capacity; actual=0.; expected=0.
OK: batch.writer.reserve.W2.crack.bothNumeric
OK: batch.writer.reserve.W2.crack; actual=0.; expected=0.
OK: batch.writer.reserve.W2.longCrack.bothNumeric
OK: batch.writer.reserve.W2.longCrack; actual=12.30931237624; expected=12.30931237624
OK: batch.writer.reserve.W2.sp35p1eta.bothNumeric
OK: batch.writer.reserve.W2.sp35p1eta; actual=0.; expected=0.
OK: batch.writer.reserve.W2.sp35p1table.bothNumeric
OK: batch.writer.reserve.W2.sp35p1table; actual=0.; expected=0.
OK: batch.writer.reserve.W2.sp35p2eta.bothNumeric
OK: batch.writer.reserve.W2.sp35p2eta; actual=0.; expected=0.
OK: batch.writer.reserve.W2.sp35p2table.bothNumeric
OK: batch.writer.reserve.W2.sp35p2table; actual=0.; expected=0.
OK: batch.writer.reserve.W2.sp63p1.bothNumeric
OK: batch.writer.reserve.W2.sp63p1; actual=0.; expected=0.
OK: batch.writer.reserve.W2.sp63p2.bothNumeric
OK: batch.writer.reserve.W2.sp63p2; actual=0.; expected=0.
OK: batch.writer.reserve.WT.summaryRow
OK: batch.writer.reserve.WT.strengthRow
OK: batch.writer.reserve.WT.crackRow
OK: batch.writer.reserve.WT.stabilityRow
OK: batch.writer.reserve.WT.strain.bothNumeric
OK: batch.writer.reserve.WT.strain; actual=628.318530717958; expected=628.318530717958
OK: batch.writer.reserve.WT.capacity.bothNumeric
OK: batch.writer.reserve.WT.capacity; actual=0.; expected=0.
OK: batch.writer.reserve.WT.crack.bothNumeric
OK: batch.writer.reserve.WT.crack; actual=0.; expected=0.
OK: batch.writer.reserve.WT.longCrack.bothNumeric
OK: batch.writer.reserve.WT.longCrack; actual=0.; expected=0.
OK: batch.writer.reserve.WT.sp35p1eta.bothNumeric
OK: batch.writer.reserve.WT.sp35p1eta; actual=0.; expected=0.
OK: batch.writer.reserve.WT.sp35p1table.bothNumeric
OK: batch.writer.reserve.WT.sp35p1table; actual=0.; expected=0.
OK: batch.writer.reserve.WT.sp35p2eta.bothNumeric
OK: batch.writer.reserve.WT.sp35p2eta; actual=0.; expected=0.
OK: batch.writer.reserve.WT.sp35p2table.bothNumeric
OK: batch.writer.reserve.WT.sp35p2table; actual=0.; expected=0.
OK: batch.writer.reserve.WT.sp63p1.bothNumeric
OK: batch.writer.reserve.WT.sp63p1; actual=0.; expected=0.
OK: batch.writer.reserve.WT.sp63p2.bothNumeric
OK: batch.writer.reserve.WT.sp63p2; actual=0.; expected=0.

PERF|baseline|run=4|case=bending; passed=11; failed=0; elapsedSec=0.1787109375; solves=28; probes=24; planeProbes=0; probeReuse=0; stateReuse=0; unconvergedProbes=0; unconfirmedPhysical=0; newtonCalls=176; integrations=720; iterations=384; retries=0; geometrySec=0.001953125; coreSec=0.1015625; packagingSec=0; writeSec=0; modelSizes=150f/4r
OK: capacity.mx.negative.converged
OK: capacity.mx.positive.converged
OK: capacity.mx.negative.sign
OK: capacity.mx.positive.sign
OK: capacity.mx.limit.physical
OK: capacity.mx.negative.N; actual=-300000.; expected=-300000.; relDiff=0.
OK: capacity.mx.negative.Mx; actual=-30937500.; expected=-30937500.; relDiff=0.
OK: capacity.mx.negative.My; actual=-0.000000000102; expected=0.; absDiff=0.000000000102
OK: capacity.mx.positive.N; actual=-300000.; expected=-300000.; relDiff=0.
OK: capacity.mx.positive.Mx; actual=30937500.; expected=30937500.; relDiff=0.
OK: capacity.mx.positive.My; actual=0.000000001062; expected=0.; absDiff=0.000000001062

PERF|baseline|run=4|case=biaxial; passed=32; failed=0; elapsedSec=0.3818359375; solves=48; probes=48; planeProbes=0; probeReuse=0; stateReuse=0; unconvergedProbes=0; unconfirmedPhysical=0; newtonCalls=384; integrations=1488; iterations=912; retries=0; geometrySec=0.0009765625; coreSec=0.232421875; packagingSec=0; writeSec=0; modelSizes=150f/4r
OK: capacity.mxy.pp.converged
OK: capacity.mxy.pp.lambda.positive
OK: capacity.mxy.pp.mx.sign
OK: capacity.mxy.pp.my.sign
OK: capacity.mxy.pp.direction; actual=0.; expected=0.; absDiff=0.
OK: capacity.mxy.pp.N; actual=-250000.; expected=-250000.; relDiff=0.
OK: capacity.mxy.pp.Mx; actual=21468750.; expected=21468750.; relDiff=0.
OK: capacity.mxy.pp.My; actual=14312500.; expected=14312500.; relDiff=0.
OK: capacity.mxy.np.converged
OK: capacity.mxy.np.lambda.positive
OK: capacity.mxy.np.mx.sign
OK: capacity.mxy.np.my.sign
OK: capacity.mxy.np.direction; actual=0.; expected=0.; absDiff=0.
OK: capacity.mxy.np.N; actual=-250000.; expected=-250000.; relDiff=0.
OK: capacity.mxy.np.Mx; actual=-21468750.; expected=-21468750.; relDiff=0.
OK: capacity.mxy.np.My; actual=14312500.; expected=14312500.; relDiff=0.
OK: capacity.mxy.pn.converged
OK: capacity.mxy.pn.lambda.positive
OK: capacity.mxy.pn.mx.sign
OK: capacity.mxy.pn.my.sign
OK: capacity.mxy.pn.direction; actual=0.; expected=0.; absDiff=0.
OK: capacity.mxy.pn.N; actual=-250000.; expected=-250000.; relDiff=0.
OK: capacity.mxy.pn.Mx; actual=21468750.; expected=21468750.; relDiff=0.
OK: capacity.mxy.pn.My; actual=-14312500.; expected=-14312500.; relDiff=0.
OK: capacity.mxy.nn.converged
OK: capacity.mxy.nn.lambda.positive
OK: capacity.mxy.nn.mx.sign
OK: capacity.mxy.nn.my.sign
OK: capacity.mxy.nn.direction; actual=0.; expected=0.; absDiff=0.
OK: capacity.mxy.nn.N; actual=-250000.; expected=-250000.; relDiff=0.
OK: capacity.mxy.nn.Mx; actual=-21468750.; expected=-21468750.; relDiff=0.
OK: capacity.mxy.nn.My; actual=-14312500.; expected=-14312500.; relDiff=0.

PERF|baseline|run=4|case=asymmetric; passed=6; failed=0; elapsedSec=15.2685546875; solves=94; probes=23; planeProbes=0; probeReuse=0; stateReuse=0; unconvergedProbes=25; unconfirmedPhysical=0; newtonCalls=671; integrations=7269; iterations=3874; retries=20; geometrySec=0.01171875; coreSec=14.2255859375; packagingSec=0; writeSec=0; modelSizes=2875f/0r|2875f/4r
OK: capacity.asym.Ixy.nonzero
OK: capacity.asym.converged
OK: capacity.asym.coupledKappaY
OK: capacity.asym.N; actual=-260000.; expected=-260000.; relDiff=0.
OK: capacity.asym.Mx; actual=-320000000.; expected=-320000000.; relDiff=0.
OK: capacity.asym.My; actual=-0.000000072119; expected=0.; absDiff=0.000000072119

PERF|baseline|run=4|case=axial; passed=12; failed=0; elapsedSec=0.1806640625; solves=38; probes=12; planeProbes=0; probeReuse=0; stateReuse=0; unconvergedProbes=10; unconfirmedPhysical=0; newtonCalls=286; integrations=842; iterations=558; retries=8; geometrySec=0.001953125; coreSec=0.15625; packagingSec=0; writeSec=0; modelSizes=150f/4r
OK: capacity.nult.compression.converged
OK: capacity.nult.compression.sign
OK: capacity.nult.compression.safety
OK: capacity.nult.compression.N; actual=-1287513.24397852; expected=-1287513.24397852; relDiff=0.
OK: capacity.nult.compression.Mx; actual=0.; expected=0.; absDiff=0.
OK: capacity.nult.compression.My; actual=0.000000000466; expected=0.; absDiff=0.000000000466
OK: capacity.nult.tension.converged
OK: capacity.nult.tension.sign
OK: capacity.nult.tension.safety
OK: capacity.nult.tension.N; actual=439822.971502571; expected=439822.971502571; relDiff=0.
OK: capacity.nult.tension.Mx; actual=-0.000000000116; expected=0.; absDiff=0.000000000116
OK: capacity.nult.tension.My; actual=-0.000000000175; expected=0.; absDiff=0.000000000175

PERF|baseline|run=4|case=methods; passed=16; failed=0; elapsedSec=0.15234375; solves=30; probes=32; planeProbes=0; probeReuse=5; stateReuse=0; unconvergedProbes=0; unconfirmedPhysical=0; newtonCalls=204; integrations=787; iterations=442; retries=0; geometrySec=0.0009765625; coreSec=0.1142578125; packagingSec=0; writeSec=0; modelSizes=150f/4r
OK: search.bisection.converged
OK: search.brent.converged
OK: search.secant.converged
OK: search.bisection.branch
OK: search.brent.branch
OK: search.secant.branch
OK: search.brent.independent
OK: search.secant.independent
OK: search.brent.lambda; actual=3.09776378716; expected=3.09375; absDiff=0.00401378716
OK: search.secant.lambda; actual=3.098514991183; expected=3.09375; absDiff=0.004764991183
OK: search.brent.N; actual=-300000.; expected=-300000.; relDiff=0.
OK: search.brent.Mx; actual=-30977637.8716034; expected=-30977637.8716034; relDiff=0.
OK: search.brent.My; actual=-0.000000000582; expected=0.; absDiff=0.000000000582
OK: search.secant.N; actual=-300000.; expected=-300000.; relDiff=0.
OK: search.secant.Mx; actual=-30985149.9118327; expected=-30985149.9118327; relDiff=0.
OK: search.secant.My; actual=0.00000000032; expected=0.; absDiff=0.00000000032

PERF|baseline|run=4|case=capacity_strategies; passed=36; failed=0; elapsedSec=0.849609375; solves=82; probes=66; planeProbes=51; probeReuse=0; stateReuse=0; unconvergedProbes=5; unconfirmedPhysical=0; newtonCalls=691; integrations=2677; iterations=1550; retries=4; geometrySec=0.0048828125; coreSec=0.64453125; packagingSec=0; writeSec=0; modelSizes=150f/4r|489f/4r
OK: method.pure_compression.load.invalid
OK: method.pure_compression.strain.invalid
COMPARE|method.pure_compression.load|converged=False|lambda=0.|limitState=InvalidInput|criticalStrain=0.|criticalElement=|solverCalls=0|elapsedSec=0.
COMPARE|method.pure_compression.strain|converged=False|lambda=0.|limitState=InvalidInput|criticalStrain=0.|criticalElement=|solverCalls=0|elapsedSec=0.
OK: method.n_plus_mx.load.converged
OK: method.n_plus_mx.strain.converged
OK: method.n_plus_mx.lambda; actual=3.09871424391; expected=3.09375; absDiff=0.00496424391
OK: method.n_plus_mx.limitState
OK: method.n_plus_mx.criticalElement
OK: method.n_plus_mx.solverCalls
COMPARE|method.n_plus_mx.load|converged=True|lambda=3.09375|limitState=ConcreteStrainLimit|criticalStrain=-0.001501652538|criticalElement=C142:Compression|solverCalls=12|elapsedSec=0.068359375
COMPARE|method.n_plus_mx.strain|converged=True|lambda=3.09871424391|limitState=ConcreteStrainLimit|criticalStrain=-0.0015|criticalElement=C136:Compression|solverCalls=6|elapsedSec=0.0078125
OK: method.n_plus_my.load.converged
OK: method.n_plus_my.strain.converged
OK: method.n_plus_my.lambda; actual=4.490409406951; expected=4.484375; absDiff=0.006034406951
OK: method.n_plus_my.limitState
OK: method.n_plus_my.criticalElement
OK: method.n_plus_my.solverCalls
COMPARE|method.n_plus_my.load|converged=True|lambda=4.484375|limitState=ConcreteStrainLimit|criticalStrain=-0.001500652149|criticalElement=C15:Compression|solverCalls=18|elapsedSec=0.220703125
COMPARE|method.n_plus_my.strain|converged=True|lambda=4.490409406951|limitState=ConcreteStrainLimit|criticalStrain=-0.0015|criticalElement=C150:Compression|solverCalls=6|elapsedSec=0.005859375
OK: method.biaxial.load.converged
OK: method.biaxial.strain.converged
OK: method.biaxial.lambda; actual=3.583378103741; expected=3.578125; absDiff=0.005253103741
OK: method.biaxial.limitState
OK: method.biaxial.criticalElement
OK: method.biaxial.solverCalls
COMPARE|method.biaxial.load|converged=True|lambda=3.578125|limitState=ConcreteStrainLimit|criticalStrain=-0.001501063653|criticalElement=C150:Compression|solverCalls=12|elapsedSec=0.0712890625
COMPARE|method.biaxial.strain|converged=True|lambda=3.583378103741|limitState=ConcreteStrainLimit|criticalStrain=-0.0015|criticalElement=C150:Compression|solverCalls=16|elapsedSec=0.013671875
OK: method.circle.load.converged
OK: method.circle.strain.converged
OK: method.circle.symmetry; actual=31453125.; expected=31489108.1594418; relDiff=0.001142717643
OK: method.circle.criticalElement
COMPARE|method.circle.load|converged=True|lambda=5.2421875|limitState=ConcreteStrainLimit|criticalStrain=-0.001498237699|criticalElement=C483:Compression|solverCalls=14|elapsedSec=0.
COMPARE|method.circle.strain|converged=True|lambda=5.24818469324|limitState=ConcreteStrainLimit|criticalStrain=-0.0015|criticalElement=C182:Compression|solverCalls=11|elapsedSec=0.
OK: method.strain_limit.load.converged
OK: method.strain_limit.strain.converged
OK: method.strain_limit.lambda; actual=4.795168098697; expected=4.7890625; absDiff=0.006105598697
OK: method.strain_limit.limitState
OK: method.strain_limit.criticalElement
OK: method.strain_limit.criticalUtilization
COMPARE|method.strain_limit.load|converged=True|lambda=4.7890625|limitState=ConcreteStrainLimit|criticalStrain=-0.000599236031|criticalElement=C136:Compression|solverCalls=14|elapsedSec=0.
COMPARE|method.strain_limit.strain|converged=True|lambda=4.795168098697|limitState=ConcreteStrainLimit|criticalStrain=-0.0006|criticalElement=C136:Compression|solverCalls=1|elapsedSec=0.
OK: method.numericalFailure.notConverged
OK: method.numericalFailure.state
OK: method.numericalFailure.noPhysicalUpper
COMPARE|method.numericalFailure.strain|converged=False|lambda=0.|limitState=NumericalFailure|criticalStrain=-0.001500000001|criticalElement=C150:Compression|solverCalls=5|elapsedSec=0.
OK: method.maxLambdaIgnored.converged
OK: method.maxLambdaIgnored.lambdaAboveLimit
OK: method.maxLambdaIgnored.momentStored

PERF|baseline|run=4|case=crack_bending; passed=39; failed=0; elapsedSec=0.408203125; solves=72; probes=66; planeProbes=0; probeReuse=0; stateReuse=0; unconvergedProbes=0; unconfirmedPhysical=0; newtonCalls=576; integrations=1697; iterations=1025; retries=0; geometrySec=0.0029296875; coreSec=0.296875; packagingSec=0.0009765625; writeSec=0; modelSizes=150f/4r
OK: crack.auto.pureMx.converged
OK: crack.auto.pureMx.formed
OK: crack.auto.pureMx.tensionBars
OK: crack.auto.pureMx.sigmaPositive
OK: crack.auto.pureMx.spacingPositive
OK: crack.auto.pureMx.widthFormula; actual=0.150903530526; expected=0.150903530526; absDiff=0.
OK: crack.auto.pureMx.utilization; actual=1509.03530526357; expected=1509.03530526357; absDiff=0.
OK: crack.auto.pureMx.lambda
OK: crack.auto.pureMx.preCrackState
OK: crack.auto.pureMx.postCrackState
OK: crack.auto.pureMx.psiReduced
OK: crack.auto.pureMx.preCrack.twoSign
OK: crack.auto.pureMx.preCrack.epsBtUlt; actual=0.00015; expected=0.00015; absDiff=0.
OK: crack.auto.pureMy.converged
OK: crack.auto.pureMy.formed
OK: crack.auto.pureMy.tensionBars
OK: crack.auto.pureMy.sigmaPositive
OK: crack.auto.pureMy.spacingPositive
OK: crack.auto.pureMy.widthFormula; actual=0.068784054628; expected=0.068784054628; absDiff=0.
OK: crack.auto.pureMy.utilization; actual=687.840546281971; expected=687.840546281971; absDiff=0.
OK: crack.auto.pureMy.lambda
OK: crack.auto.pureMy.preCrackState
OK: crack.auto.pureMy.postCrackState
OK: crack.auto.pureMy.psiReduced
OK: crack.auto.pureMy.preCrack.twoSign
OK: crack.auto.pureMy.preCrack.epsBtUlt; actual=0.00015; expected=0.00015; absDiff=0.
OK: crack.auto.pureMxy.converged
OK: crack.auto.pureMxy.formed
OK: crack.auto.pureMxy.tensionBars
OK: crack.auto.pureMxy.sigmaPositive
OK: crack.auto.pureMxy.spacingPositive
OK: crack.auto.pureMxy.widthFormula; actual=0.128222487931; expected=0.128222487931; absDiff=0.
OK: crack.auto.pureMxy.utilization; actual=1282.22487931034; expected=1282.22487931034; absDiff=0.
OK: crack.auto.pureMxy.lambda
OK: crack.auto.pureMxy.preCrackState
OK: crack.auto.pureMxy.postCrackState
OK: crack.auto.pureMxy.psiReduced
OK: crack.auto.pureMxy.preCrack.twoSign
OK: crack.auto.pureMxy.preCrack.epsBtUlt; actual=0.00015; expected=0.00015; absDiff=0.

PERF|baseline|run=4|case=crack_paths; passed=52; failed=0; elapsedSec=0.3564453125; solves=56; probes=44; planeProbes=0; probeReuse=0; stateReuse=0; unconvergedProbes=0; unconfirmedPhysical=0; newtonCalls=448; integrations=1459; iterations=806; retries=0; geometrySec=0.001953125; coreSec=0.2353515625; packagingSec=0; writeSec=0; modelSizes=150f/4r
OK: crack.path.mxy.converged
OK: crack.path.mxy.formed
OK: crack.path.mxy.tensionBars
OK: crack.path.mxy.sigmaPositive
OK: crack.path.mxy.spacingPositive
OK: crack.path.mxy.widthFormula; actual=0.133858060725; expected=0.133858060725; absDiff=0.
OK: crack.path.mxy.utilization; actual=1338.58060725361; expected=1338.58060725361; absDiff=0.
OK: crack.path.mxy.lambda
OK: crack.path.mxy.nFixed; actual=-20000.; expected=-20000.; absDiff=0.
OK: crack.path.n.converged
OK: crack.path.n.formed
OK: crack.path.n.tensionBars
OK: crack.path.n.sigmaPositive
OK: crack.path.n.spacingPositive
OK: crack.path.n.widthFormula; actual=0.139403828281; expected=0.139403828281; absDiff=0.
OK: crack.path.n.utilization; actual=1394.03828280626; expected=1394.03828280626; absDiff=0.
OK: crack.path.n.central
OK: crack.path.n.formationN; actual=119657.725354552; expected=119657.725354552; absDiff=0.
OK: crack.path.autoN.converged
OK: crack.path.autoN.formed
OK: crack.path.autoN.tensionBars
OK: crack.path.autoN.sigmaPositive
OK: crack.path.autoN.spacingPositive
OK: crack.path.autoN.widthFormula; actual=0.139403828281; expected=0.139403828281; absDiff=0.
OK: crack.path.autoN.utilization; actual=1394.03828280626; expected=1394.03828280626; absDiff=0.
OK: crack.path.autoN.central
OK: crack.path.autoN.method
OK: crack.path.autoN.formationN; actual=119657.725354552; expected=119657.725354552; absDiff=0.
OK: crack.path.nmxy.converged
OK: crack.path.nmxy.formed
OK: crack.path.nmxy.tensionBars
OK: crack.path.nmxy.sigmaPositive
OK: crack.path.nmxy.spacingPositive
OK: crack.path.nmxy.widthFormula; actual=0.131351003693; expected=0.131351003693; absDiff=0.
OK: crack.path.nmxy.utilization; actual=1313.5100369324; expected=1313.5100369324; absDiff=0.
OK: crack.path.nmxy.lambda
OK: crack.path.nmxy.nScaled; actual=-10565.5573022651; expected=-10565.5573022651; absDiff=0.
OK: crack.path.nmxy.mScaled; actual=7924167.97669881; expected=7924167.97669881; absDiff=0.
OK: crack.path.nFixedMomentFallback.converged
OK: crack.path.nFixedMomentFallback.formed
OK: crack.path.nFixedMomentFallback.lambda0; actual=0.; expected=0.; absDiff=0.
OK: crack.path.nFixedMomentFallback.noFormationN; actual=0.; expected=0.; absDiff=0.
OK: crack.path.nFixedMomentFallback.noMcrc; actual=0.; expected=0.; absDiff=0.
OK: crack.path.nFixedMomentFallback.noBeforeState
OK: crack.path.nFixedMomentFallback.noAfterState
OK: crack.path.nFixedMomentFallback.psi1; actual=1.; expected=1.; absDiff=0.
OK: crack.path.nFixedMomentFallback.status
OK: crack.path.mxyAxialFallback.converged
OK: crack.path.mxyAxialFallback.formed
OK: crack.path.mxyAxialFallback.lambda0; actual=0.; expected=0.; absDiff=0.
OK: crack.path.mxyAxialFallback.psi1; actual=1.; expected=1.; absDiff=0.
OK: crack.path.mxyAxialFallback.status

PERF|baseline|run=4|case=crack_cache; passed=22; failed=0; elapsedSec=0.298828125; solves=50; probes=44; planeProbes=0; probeReuse=0; stateReuse=1; unconvergedProbes=0; unconfirmedPhysical=0; newtonCalls=400; integrations=1287; iterations=707; retries=0; geometrySec=0.0009765625; coreSec=0.21875; packagingSec=0.001953125; writeSec=0; modelSizes=150f/4r
OK: crack.cache.first.converged
OK: crack.cache.first.formed
OK: crack.cache.first.tensionBars
OK: crack.cache.first.sigmaPositive
OK: crack.cache.first.spacingPositive
OK: crack.cache.first.widthFormula; actual=0.133858060725; expected=0.133858060725; absDiff=0.
OK: crack.cache.first.utilization; actual=0.133858060725; expected=0.133858060725; absDiff=0.
OK: crack.cache.first.sigmaCrc
OK: crack.cache.first.preState
OK: crack.cache.first.postState
OK: crack.cache.second.converged
OK: crack.cache.second.formed
OK: crack.cache.second.tensionBars
OK: crack.cache.second.sigmaPositive
OK: crack.cache.second.spacingPositive
OK: crack.cache.second.widthFormula; actual=0.133858060725; expected=0.133858060725; absDiff=0.
OK: crack.cache.second.utilization; actual=0.133858060725; expected=0.133858060725; absDiff=0.
OK: crack.cache.second.reused
OK: crack.cache.second.noLastRunner
OK: crack.cache.second.sigmaCrc
OK: crack.cache.second.preState
OK: crack.cache.second.postState

PERF|baseline|run=4|case=geometry_rounded; passed=6; failed=0; elapsedSec=0.2080078125; solves=0; probes=0; planeProbes=0; probeReuse=0; stateReuse=0; unconvergedProbes=0; unconfirmedPhysical=0; newtonCalls=0; integrations=0; iterations=0; retries=0; geometrySec=0.0693359375; coreSec=0; packagingSec=0; writeSec=0; modelSizes=7596f/0r
OK: sym.area.available
OK: sym.area; actual=47475.; expected=47457.8928833008; relDiff=0.000360469369
OK: sym.cx; actual=0.; expected=0.; absDiff=0.
OK: sym.cy; actual=0.; expected=0.; absDiff=0.
OK: sym.Ixy; actual=0.; expected=0.; absDiff=0.
OK: sym.principal.angle; actual=1.570796326795; expected=1.570796326795; absDiff=0.

PERF|baseline|run=4|case=geometry_tapered; passed=11; failed=0; elapsedSec=0.015625; solves=0; probes=0; planeProbes=0; probeReuse=0; stateReuse=0; unconvergedProbes=0; unconfirmedPhysical=0; newtonCalls=0; integrations=0; iterations=0; retries=0; geometrySec=0.0068359375; coreSec=0; packagingSec=0; writeSec=0; modelSizes=95f/0r|379f/0r
OK: rounded.tapered.area.positive
OK: rounded.tapered.centroid.inside
OK: rounded.tapered.rightExtension
OK: rounded.tapered.height; actual=180.; expected=180.; absDiff=0.
OK: rounded.tapered.area.convergence; actual=59218.75; expected=59375.; relDiff=0.002631578947
OK: rounded.tapered.Ix.convergence; actual=143398803.603575; expected=144005276.864035; relDiff=0.004211465536
OK: rounded.tapered.variableAngle.topTangent; actual=375.735931288071; expected=375.735931288071; absDiff=0.000000000001
OK: rounded.tapered.variableAngle.maxX; actual=708.57864376269; expected=708.57864376269; absDiff=0.
OK: rounded.tapered.variableAngle.maxLessThanRawApex
OK: rounded.tapered.r1GreaterThanHalfHeight.valid
OK: rounded.tapered.radiiOverlap.invalid

PERF|baseline|run=4|case=geometry_hollow; passed=11; failed=0; elapsedSec=0.005859375; solves=0; probes=0; planeProbes=0; probeReuse=0; stateReuse=0; unconvergedProbes=0; unconfirmedPhysical=0; newtonCalls=0; integrations=0; iterations=0; retries=0; geometrySec=0; coreSec=0; packagingSec=0; writeSec=0; modelSizes=
OK: hollow.geometry.valid
OK: hollow.geometry.areaAvailable
OK: hollow.geometry.area; actual=300000.; expected=300000.; absDiff=0.
OK: hollow.geometry.cx; actual=0.; expected=0.; absDiff=0.
OK: hollow.geometry.cy; actual=0.; expected=0.; absDiff=0.
OK: hollow.geometry.outerConcrete
OK: hollow.geometry.openingExcluded
OK: hollow.geometry.outsideExcluded
OK: hollow.geometry.offset.valid
OK: hollow.geometry.offset.cxOppositeOpening
OK: hollow.geometry.offset.cyOppositeOpening

PERF|baseline|run=4|case=geometry_hollow_rebars; passed=76; failed=0; elapsedSec=0.076171875; solves=0; probes=0; planeProbes=0; probeReuse=0; stateReuse=0; unconvergedProbes=0; unconfirmedPhysical=0; newtonCalls=0; integrations=0; iterations=0; retries=0; geometrySec=0; coreSec=0; packagingSec=0; writeSec=0; modelSizes=
OK: hollow.rebar.external.top
OK: hollow.rebar.external.bottom
OK: hollow.rebar.external.left
OK: hollow.rebar.external.right
OK: hollow.rebar.hLeft.firstX; actual=-210.; expected=-210.; absDiff=0.
OK: hollow.rebar.hLeft.firstY; actual=-220.; expected=-220.; absDiff=0.
OK: hollow.rebar.hLeft.lastX; actual=-210.; expected=-210.; absDiff=0.
OK: hollow.rebar.hLeft.lastY; actual=220.; expected=220.; absDiff=0.
OK: hollow.rebar.bTop.anchorStartY; actual=360.; expected=360.; absDiff=0.
OK: hollow.rebar.bTop.anchorEndY; actual=360.; expected=360.; absDiff=0.
OK: hollow.rebar.bBottom.anchorStartY; actual=-360.; expected=-360.; absDiff=0.
OK: hollow.rebar.bBottom.anchorEndY; actual=-360.; expected=-360.; absDiff=0.
OK: hollow.rebar.openingBTop.anchorStartY; actual=290.; expected=290.; absDiff=0.
OK: hollow.rebar.openingBTop.anchorEndY; actual=290.; expected=290.; absDiff=0.
OK: hollow.rebar.openingBBottom.anchorStartY; actual=-290.; expected=-290.; absDiff=0.
OK: hollow.rebar.openingBBottom.anchorEndY; actual=-290.; expected=-290.; absDiff=0.
OK: hollow.rebar.opening.topProjected
OK: hollow.rebar.opening.bottomProjected
OK: hollow.rebar.opening.leftProjected
OK: hollow.rebar.opening.rightProjected
OK: hollow.rebar.inside.1
OK: hollow.rebar.inside.2
OK: hollow.rebar.inside.3
OK: hollow.rebar.inside.4
OK: hollow.rebar.inside.5
OK: hollow.rebar.inside.6
OK: hollow.rebar.inside.7
OK: hollow.rebar.inside.8
OK: hollow.rebar.inside.9
OK: hollow.rebar.inside.10
OK: hollow.rebar.inside.11
OK: hollow.rebar.inside.12
OK: hollow.rebar.inside.13
OK: hollow.rebar.inside.14
OK: hollow.rebar.inside.15
OK: hollow.rebar.inside.16
OK: hollow.rebar.inside.17
OK: hollow.rebar.inside.18
OK: hollow.rebar.inside.19
OK: hollow.rebar.inside.20
OK: hollow.rebar.inside.21
OK: hollow.rebar.inside.22
OK: hollow.rebar.inside.23
OK: hollow.rebar.inside.24
OK: hollow.rebar.inside.25
OK: hollow.rebar.inside.26
OK: hollow.rebar.inside.27
OK: hollow.rebar.inside.28
OK: hollow.rebar.inside.29
OK: hollow.rebar.inside.30
OK: hollow.rebar.inside.31
OK: hollow.rebar.inside.32
OK: hollow.rebar.inside.33
OK: hollow.rebar.inside.34
OK: hollow.rebar.inside.35
OK: hollow.rebar.inside.36
OK: hollow.rebar.inside.37
OK: hollow.rebar.inside.38
OK: hollow.rebar.inside.39
OK: hollow.rebar.inside.40
OK: hollow.rebar.inside.41
OK: hollow.rebar.inside.42
OK: hollow.rebar.inside.43
OK: hollow.rebar.inside.44
OK: hollow.rebar.inside.45
OK: hollow.rebar.inside.46
OK: hollow.rebar.inside.47
OK: hollow.rebar.inside.48
OK: hollow.rebar.inside.49
OK: hollow.rebar.inside.50
OK: hollow.rebar.inside.51
OK: hollow.rebar.inside.52
OK: hollow.rebar.inside.53
OK: hollow.rebar.inside.54
OK: hollow.rebar.inside.55
OK: hollow.rebar.inside.56

PERF|baseline|run=4|case=geometry_hollow_mesh; passed=3; failed=0; elapsedSec=9.9990234375; solves=0; probes=0; planeProbes=0; probeReuse=0; stateReuse=0; unconvergedProbes=0; unconfirmedPhysical=0; newtonCalls=0; integrations=0; iterations=0; retries=0; geometrySec=9.9189453125; coreSec=0; packagingSec=0; writeSec=0; modelSizes=3717f/0r
OK: perf.hollow.areaAvailable
OK: perf.hollow.gridArea
OK: perf.hollow.empty
NUMERIC: hollow; fibers=3717; area=298200; x=-13.3735747820255; y=10.0301810865191; Ix=18830574728.3711; Iy=7669851183.76884; Ixy=159640362.173038

PERF|baseline|run=4|case=batch_write; passed=168; failed=0; elapsedSec=0.505859375; solves=3; probes=0; planeProbes=21; probeReuse=0; stateReuse=0; unconvergedProbes=0; unconfirmedPhysical=0; newtonCalls=24; integrations=98; iterations=49; retries=0; geometrySec=0; coreSec=0.01171875; packagingSec=0; writeSec=0.740234375; modelSizes=100f/4r
OK: batch.writer.fixedRow
OK: batch.writer.noResultOverlap
OK: batch.writer.rangeSize
OK: batch.writer.strengthBlockPosition
OK: batch.writer.crackBlockPosition
OK: batch.writer.stabilityBlockPosition
OK: batch.writer.meta.worstLabel
OK: batch.writer.meta.worstValue
OK: batch.writer.meta.solverCalls
OK: batch.writer.meta.valuesCentered
OK: batch.writer.header.statusGroup
OK: batch.writer.header.reserveGroup
OK: batch.writer.header.statusStrength
OK: batch.writer.header.reserveStrength
OK: batch.writer.header.centered
OK: batch.writer.header.commentLeft
OK: batch.writer.header.epsilon
OK: batch.writer.header.sp63StatusPlaneMerge
OK: batch.writer.header.sp63ReservePlaneMerge
OK: batch.writer.header.id
OK: batch.writer.header.idMergeRows
OK: batch.writer.header.commentRow
OK: batch.writer.worst.label
OK: batch.writer.worst.commentDash
OK: batch.writer.worst.resultCommentDash
OK: batch.writer.worst.overallDash
OK: batch.writer.worst.noNa
OK: batch.writer.worst.bold
OK: batch.writer.statusLegend.title
OK: batch.writer.statusLegend.header
OK: batch.writer.statusLegend.values
OK: batch.writer.statusLegend.mergeOnlyTitle
OK: batch.writer.statusLegend.noWrap
OK: batch.writer.statusLegend.italicValues
OK: batch.writer.statusLegend.colors
OK: batch.writer.reserve.dataNotHeaderFill
OK: batch.writer.worst.strain.combinationFound
OK: batch.writer.worst.strain.reserve.bothNumeric
OK: batch.writer.worst.strain.reserve; actual=23.654566819636; expected=23.654566819636
OK: batch.writer.worst.capacity.combinationFound
OK: batch.writer.worst.capacity.reserve.bothNumeric
OK: batch.writer.worst.capacity.reserve; actual=9.761081549025; expected=9.761081549025
OK: batch.writer.worst.crack.notApplicable
OK: batch.writer.worst.longCrack.combinationFound
OK: batch.writer.worst.longCrack.reserve.bothNumeric
OK: batch.writer.worst.longCrack.reserve; actual=12.30931237624; expected=12.30931237624
OK: batch.writer.worst.sp35p1eta.combinationFound
OK: batch.writer.worst.sp35p1eta.reserve.bothNumeric
OK: batch.writer.worst.sp35p1eta.reserve; actual=0.900052311686; expected=0.900052311686
OK: batch.writer.worst.sp35p1table.notApplicable
OK: batch.writer.worst.sp35p2eta.combinationFound
OK: batch.writer.worst.sp35p2eta.reserve.bothNumeric
OK: batch.writer.worst.sp35p2eta.reserve; actual=0.326769903983; expected=0.326769903983
OK: batch.writer.worst.sp35p2table.notApplicable
OK: batch.writer.worst.sp63p1.notApplicable
OK: batch.writer.worst.sp63p2.notApplicable
OK: batch.writer.data.firstId
OK: batch.writer.data.capacityStatus
OK: batch.writer.data.capacityReserve
OK: batch.writer.data.statusColors
OK: batch.writer.strength.statusColors
OK: batch.writer.strength.absentZonesBlank
OK: batch.writer.strength.presentTensionKept
OK: batch.writer.crack.statusColors
OK: batch.writer.crack.header.formationTitle
OK: batch.writer.crack.header.crackedStateTitle
OK: batch.writer.crack.header.title
OK: batch.writer.crack.header.mcrcNote
OK: batch.writer.crack.header.formationStatus
OK: batch.writer.crack.header.state
OK: batch.writer.crack.header.crackedStateStatus
OK: batch.writer.crack.header.es
OK: batch.writer.crack.header.normalStatusRu
OK: batch.writer.crack.header.longStatusRu
OK: batch.writer.crack.header.notesPlain
OK: batch.writer.crack.header.notesFill
OK: batch.writer.crack.availableRowsBorder
OK: batch.writer.stability.statusColor
OK: batch.writer.stability.header.summary
OK: batch.writer.stability.header.statusWidth
OK: batch.writer.stability.header.mainAxes
OK: batch.writer.stability.header.noExtraTier
OK: batch.writer.stability.header.sp35
OK: batch.writer.stability.header.sp63
OK: batch.writer.stability.header.notes
OK: batch.writer.stability.header.notesPlain
OK: batch.writer.stability.header.notesFill
OK: batch.writer.stability.header.sp35NcrBranch
OK: batch.writer.stability.header.sp63PlaneHeight
OK: batch.writer.stability.header.sp35Ratio
OK: batch.writer.stability.columnWidthA; actual=10.; expected=10.
OK: batch.writer.stability.columnWidthN; actual=10.; expected=10.
OK: batch.writer.stability.columnWidthAF; actual=10.; expected=10.
OK: batch.writer.stability.columnWidthCC; actual=10.; expected=10.
OK: batch.writer.stability.availableRowsBorder
OK: batch.writer.stability.lowerRanges
OK: batch.writer.reserve.W1.summaryRow
OK: batch.writer.reserve.W1.strengthRow
OK: batch.writer.reserve.W1.crackRow
OK: batch.writer.reserve.W1.stabilityRow
OK: batch.writer.reserve.W1.strain.bothNumeric
OK: batch.writer.reserve.W1.strain; actual=23.654566819636; expected=23.654566819636
OK: batch.writer.reserve.W1.capacity.bothNumeric
OK: batch.writer.reserve.W1.capacity; actual=9.761081549025; expected=9.761081549025
OK: batch.writer.reserve.W1.crack.bothNumeric
OK: batch.writer.reserve.W1.crack; actual=0.; expected=0.
OK: batch.writer.reserve.W1.longCrack.bothNumeric
OK: batch.writer.reserve.W1.longCrack; actual=0.; expected=0.
OK: batch.writer.reserve.W1.sp35p1eta.bothNumeric
OK: batch.writer.reserve.W1.sp35p1eta; actual=0.900052311686; expected=0.900052311686
OK: batch.writer.reserve.W1.sp35p1table.bothNumeric
OK: batch.writer.reserve.W1.sp35p1table; actual=0.; expected=0.
OK: batch.writer.reserve.W1.sp35p2eta.bothNumeric
OK: batch.writer.reserve.W1.sp35p2eta; actual=0.326769903983; expected=0.326769903983
OK: batch.writer.reserve.W1.sp35p2table.bothNumeric
OK: batch.writer.reserve.W1.sp35p2table; actual=0.; expected=0.
OK: batch.writer.reserve.W1.sp63p1.bothNumeric
OK: batch.writer.reserve.W1.sp63p1; actual=0.; expected=0.
OK: batch.writer.reserve.W1.sp63p2.bothNumeric
OK: batch.writer.reserve.W1.sp63p2; actual=0.; expected=0.
OK: batch.writer.reserve.W2.summaryRow
OK: batch.writer.reserve.W2.strengthRow
OK: batch.writer.reserve.W2.crackRow
OK: batch.writer.reserve.W2.stabilityRow
OK: batch.writer.reserve.W2.strain.bothNumeric
OK: batch.writer.reserve.W2.strain; actual=0.; expected=0.
OK: batch.writer.reserve.W2.capacity.bothNumeric
OK: batch.writer.reserve.W2.capacity; actual=0.; expected=0.
OK: batch.writer.reserve.W2.crack.bothNumeric
OK: batch.writer.reserve.W2.crack; actual=0.; expected=0.
OK: batch.writer.reserve.W2.longCrack.bothNumeric
OK: batch.writer.reserve.W2.longCrack; actual=12.30931237624; expected=12.30931237624
OK: batch.writer.reserve.W2.sp35p1eta.bothNumeric
OK: batch.writer.reserve.W2.sp35p1eta; actual=0.; expected=0.
OK: batch.writer.reserve.W2.sp35p1table.bothNumeric
OK: batch.writer.reserve.W2.sp35p1table; actual=0.; expected=0.
OK: batch.writer.reserve.W2.sp35p2eta.bothNumeric
OK: batch.writer.reserve.W2.sp35p2eta; actual=0.; expected=0.
OK: batch.writer.reserve.W2.sp35p2table.bothNumeric
OK: batch.writer.reserve.W2.sp35p2table; actual=0.; expected=0.
OK: batch.writer.reserve.W2.sp63p1.bothNumeric
OK: batch.writer.reserve.W2.sp63p1; actual=0.; expected=0.
OK: batch.writer.reserve.W2.sp63p2.bothNumeric
OK: batch.writer.reserve.W2.sp63p2; actual=0.; expected=0.
OK: batch.writer.reserve.WT.summaryRow
OK: batch.writer.reserve.WT.strengthRow
OK: batch.writer.reserve.WT.crackRow
OK: batch.writer.reserve.WT.stabilityRow
OK: batch.writer.reserve.WT.strain.bothNumeric
OK: batch.writer.reserve.WT.strain; actual=628.318530717958; expected=628.318530717958
OK: batch.writer.reserve.WT.capacity.bothNumeric
OK: batch.writer.reserve.WT.capacity; actual=0.; expected=0.
OK: batch.writer.reserve.WT.crack.bothNumeric
OK: batch.writer.reserve.WT.crack; actual=0.; expected=0.
OK: batch.writer.reserve.WT.longCrack.bothNumeric
OK: batch.writer.reserve.WT.longCrack; actual=0.; expected=0.
OK: batch.writer.reserve.WT.sp35p1eta.bothNumeric
OK: batch.writer.reserve.WT.sp35p1eta; actual=0.; expected=0.
OK: batch.writer.reserve.WT.sp35p1table.bothNumeric
OK: batch.writer.reserve.WT.sp35p1table; actual=0.; expected=0.
OK: batch.writer.reserve.WT.sp35p2eta.bothNumeric
OK: batch.writer.reserve.WT.sp35p2eta; actual=0.; expected=0.
OK: batch.writer.reserve.WT.sp35p2table.bothNumeric
OK: batch.writer.reserve.WT.sp35p2table; actual=0.; expected=0.
OK: batch.writer.reserve.WT.sp63p1.bothNumeric
OK: batch.writer.reserve.WT.sp63p1; actual=0.; expected=0.
OK: batch.writer.reserve.WT.sp63p2.bothNumeric
OK: batch.writer.reserve.WT.sp63p2; actual=0.; expected=0.

PERF|baseline|run=5|case=bending; passed=11; failed=0; elapsedSec=0.13671875; solves=28; probes=24; planeProbes=0; probeReuse=0; stateReuse=0; unconvergedProbes=0; unconfirmedPhysical=0; newtonCalls=176; integrations=720; iterations=384; retries=0; geometrySec=0.0009765625; coreSec=0.103515625; packagingSec=0; writeSec=0; modelSizes=150f/4r
OK: capacity.mx.negative.converged
OK: capacity.mx.positive.converged
OK: capacity.mx.negative.sign
OK: capacity.mx.positive.sign
OK: capacity.mx.limit.physical
OK: capacity.mx.negative.N; actual=-300000.; expected=-300000.; relDiff=0.
OK: capacity.mx.negative.Mx; actual=-30937500.; expected=-30937500.; relDiff=0.
OK: capacity.mx.negative.My; actual=-0.000000000102; expected=0.; absDiff=0.000000000102
OK: capacity.mx.positive.N; actual=-300000.; expected=-300000.; relDiff=0.
OK: capacity.mx.positive.Mx; actual=30937500.; expected=30937500.; relDiff=0.
OK: capacity.mx.positive.My; actual=0.000000001062; expected=0.; absDiff=0.000000001062

PERF|baseline|run=5|case=biaxial; passed=32; failed=0; elapsedSec=0.294921875; solves=48; probes=48; planeProbes=0; probeReuse=0; stateReuse=0; unconvergedProbes=0; unconfirmedPhysical=0; newtonCalls=384; integrations=1488; iterations=912; retries=0; geometrySec=0.0009765625; coreSec=0.234375; packagingSec=0; writeSec=0; modelSizes=150f/4r
OK: capacity.mxy.pp.converged
OK: capacity.mxy.pp.lambda.positive
OK: capacity.mxy.pp.mx.sign
OK: capacity.mxy.pp.my.sign
OK: capacity.mxy.pp.direction; actual=0.; expected=0.; absDiff=0.
OK: capacity.mxy.pp.N; actual=-250000.; expected=-250000.; relDiff=0.
OK: capacity.mxy.pp.Mx; actual=21468750.; expected=21468750.; relDiff=0.
OK: capacity.mxy.pp.My; actual=14312500.; expected=14312500.; relDiff=0.
OK: capacity.mxy.np.converged
OK: capacity.mxy.np.lambda.positive
OK: capacity.mxy.np.mx.sign
OK: capacity.mxy.np.my.sign
OK: capacity.mxy.np.direction; actual=0.; expected=0.; absDiff=0.
OK: capacity.mxy.np.N; actual=-250000.; expected=-250000.; relDiff=0.
OK: capacity.mxy.np.Mx; actual=-21468750.; expected=-21468750.; relDiff=0.
OK: capacity.mxy.np.My; actual=14312500.; expected=14312500.; relDiff=0.
OK: capacity.mxy.pn.converged
OK: capacity.mxy.pn.lambda.positive
OK: capacity.mxy.pn.mx.sign
OK: capacity.mxy.pn.my.sign
OK: capacity.mxy.pn.direction; actual=0.; expected=0.; absDiff=0.
OK: capacity.mxy.pn.N; actual=-250000.; expected=-250000.; relDiff=0.
OK: capacity.mxy.pn.Mx; actual=21468750.; expected=21468750.; relDiff=0.
OK: capacity.mxy.pn.My; actual=-14312500.; expected=-14312500.; relDiff=0.
OK: capacity.mxy.nn.converged
OK: capacity.mxy.nn.lambda.positive
OK: capacity.mxy.nn.mx.sign
OK: capacity.mxy.nn.my.sign
OK: capacity.mxy.nn.direction; actual=0.; expected=0.; absDiff=0.
OK: capacity.mxy.nn.N; actual=-250000.; expected=-250000.; relDiff=0.
OK: capacity.mxy.nn.Mx; actual=-21468750.; expected=-21468750.; relDiff=0.
OK: capacity.mxy.nn.My; actual=-14312500.; expected=-14312500.; relDiff=0.

PERF|baseline|run=5|case=asymmetric; passed=6; failed=0; elapsedSec=14.9326171875; solves=94; probes=23; planeProbes=0; probeReuse=0; stateReuse=0; unconvergedProbes=25; unconfirmedPhysical=0; newtonCalls=671; integrations=7269; iterations=3874; retries=20; geometrySec=0.01171875; coreSec=14.0791015625; packagingSec=0; writeSec=0; modelSizes=2875f/0r|2875f/4r
OK: capacity.asym.Ixy.nonzero
OK: capacity.asym.converged
OK: capacity.asym.coupledKappaY
OK: capacity.asym.N; actual=-260000.; expected=-260000.; relDiff=0.
OK: capacity.asym.Mx; actual=-320000000.; expected=-320000000.; relDiff=0.
OK: capacity.asym.My; actual=-0.000000072119; expected=0.; absDiff=0.000000072119

PERF|baseline|run=5|case=axial; passed=12; failed=0; elapsedSec=0.1884765625; solves=38; probes=12; planeProbes=0; probeReuse=0; stateReuse=0; unconvergedProbes=10; unconfirmedPhysical=0; newtonCalls=286; integrations=842; iterations=558; retries=8; geometrySec=0.0009765625; coreSec=0.1591796875; packagingSec=0; writeSec=0; modelSizes=150f/4r
OK: capacity.nult.compression.converged
OK: capacity.nult.compression.sign
OK: capacity.nult.compression.safety
OK: capacity.nult.compression.N; actual=-1287513.24397852; expected=-1287513.24397852; relDiff=0.
OK: capacity.nult.compression.Mx; actual=0.; expected=0.; absDiff=0.
OK: capacity.nult.compression.My; actual=0.000000000466; expected=0.; absDiff=0.000000000466
OK: capacity.nult.tension.converged
OK: capacity.nult.tension.sign
OK: capacity.nult.tension.safety
OK: capacity.nult.tension.N; actual=439822.971502571; expected=439822.971502571; relDiff=0.
OK: capacity.nult.tension.Mx; actual=-0.000000000116; expected=0.; absDiff=0.000000000116
OK: capacity.nult.tension.My; actual=-0.000000000175; expected=0.; absDiff=0.000000000175

PERF|baseline|run=5|case=methods; passed=16; failed=0; elapsedSec=0.1875; solves=30; probes=32; planeProbes=0; probeReuse=5; stateReuse=0; unconvergedProbes=0; unconfirmedPhysical=0; newtonCalls=204; integrations=787; iterations=442; retries=0; geometrySec=0.0009765625; coreSec=0.1201171875; packagingSec=0; writeSec=0; modelSizes=150f/4r
OK: search.bisection.converged
OK: search.brent.converged
OK: search.secant.converged
OK: search.bisection.branch
OK: search.brent.branch
OK: search.secant.branch
OK: search.brent.independent
OK: search.secant.independent
OK: search.brent.lambda; actual=3.09776378716; expected=3.09375; absDiff=0.00401378716
OK: search.secant.lambda; actual=3.098514991183; expected=3.09375; absDiff=0.004764991183
OK: search.brent.N; actual=-300000.; expected=-300000.; relDiff=0.
OK: search.brent.Mx; actual=-30977637.8716034; expected=-30977637.8716034; relDiff=0.
OK: search.brent.My; actual=-0.000000000582; expected=0.; absDiff=0.000000000582
OK: search.secant.N; actual=-300000.; expected=-300000.; relDiff=0.
OK: search.secant.Mx; actual=-30985149.9118327; expected=-30985149.9118327; relDiff=0.
OK: search.secant.My; actual=0.00000000032; expected=0.; absDiff=0.00000000032

PERF|baseline|run=5|case=capacity_strategies; passed=36; failed=0; elapsedSec=0.9775390625; solves=82; probes=66; planeProbes=51; probeReuse=0; stateReuse=0; unconvergedProbes=5; unconfirmedPhysical=0; newtonCalls=691; integrations=2677; iterations=1550; retries=4; geometrySec=0.0078125; coreSec=0.6435546875; packagingSec=0; writeSec=0; modelSizes=150f/4r|489f/4r
OK: method.pure_compression.load.invalid
OK: method.pure_compression.strain.invalid
COMPARE|method.pure_compression.load|converged=False|lambda=0.|limitState=InvalidInput|criticalStrain=0.|criticalElement=|solverCalls=0|elapsedSec=0.
COMPARE|method.pure_compression.strain|converged=False|lambda=0.|limitState=InvalidInput|criticalStrain=0.|criticalElement=|solverCalls=0|elapsedSec=0.
OK: method.n_plus_mx.load.converged
OK: method.n_plus_mx.strain.converged
OK: method.n_plus_mx.lambda; actual=3.09871424391; expected=3.09375; absDiff=0.00496424391
OK: method.n_plus_mx.limitState
OK: method.n_plus_mx.criticalElement
OK: method.n_plus_mx.solverCalls
COMPARE|method.n_plus_mx.load|converged=True|lambda=3.09375|limitState=ConcreteStrainLimit|criticalStrain=-0.001501652538|criticalElement=C142:Compression|solverCalls=12|elapsedSec=0.078125
COMPARE|method.n_plus_mx.strain|converged=True|lambda=3.09871424391|limitState=ConcreteStrainLimit|criticalStrain=-0.0015|criticalElement=C136:Compression|solverCalls=6|elapsedSec=0.013671875
OK: method.n_plus_my.load.converged
OK: method.n_plus_my.strain.converged
OK: method.n_plus_my.lambda; actual=4.490409406951; expected=4.484375; absDiff=0.006034406951
OK: method.n_plus_my.limitState
OK: method.n_plus_my.criticalElement
OK: method.n_plus_my.solverCalls
COMPARE|method.n_plus_my.load|converged=True|lambda=4.484375|limitState=ConcreteStrainLimit|criticalStrain=-0.001500652149|criticalElement=C15:Compression|solverCalls=18|elapsedSec=0.244140625
COMPARE|method.n_plus_my.strain|converged=True|lambda=4.490409406951|limitState=ConcreteStrainLimit|criticalStrain=-0.0015|criticalElement=C150:Compression|solverCalls=6|elapsedSec=0.01171875
OK: method.biaxial.load.converged
OK: method.biaxial.strain.converged
OK: method.biaxial.lambda; actual=3.583378103741; expected=3.578125; absDiff=0.005253103741
OK: method.biaxial.limitState
OK: method.biaxial.criticalElement
OK: method.biaxial.solverCalls
COMPARE|method.biaxial.load|converged=True|lambda=3.578125|limitState=ConcreteStrainLimit|criticalStrain=-0.001501063653|criticalElement=C150:Compression|solverCalls=12|elapsedSec=0.083984375
COMPARE|method.biaxial.strain|converged=True|lambda=3.583378103741|limitState=ConcreteStrainLimit|criticalStrain=-0.0015|criticalElement=C150:Compression|solverCalls=16|elapsedSec=0.0283203125
OK: method.circle.load.converged
OK: method.circle.strain.converged
OK: method.circle.symmetry; actual=31453125.; expected=31489108.1594418; relDiff=0.001142717643
OK: method.circle.criticalElement
COMPARE|method.circle.load|converged=True|lambda=5.2421875|limitState=ConcreteStrainLimit|criticalStrain=-0.001498237699|criticalElement=C483:Compression|solverCalls=14|elapsedSec=0.
COMPARE|method.circle.strain|converged=True|lambda=5.24818469324|limitState=ConcreteStrainLimit|criticalStrain=-0.0015|criticalElement=C182:Compression|solverCalls=11|elapsedSec=0.
OK: method.strain_limit.load.converged
OK: method.strain_limit.strain.converged
OK: method.strain_limit.lambda; actual=4.795168098697; expected=4.7890625; absDiff=0.006105598697
OK: method.strain_limit.limitState
OK: method.strain_limit.criticalElement
OK: method.strain_limit.criticalUtilization
COMPARE|method.strain_limit.load|converged=True|lambda=4.7890625|limitState=ConcreteStrainLimit|criticalStrain=-0.000599236031|criticalElement=C136:Compression|solverCalls=14|elapsedSec=0.
COMPARE|method.strain_limit.strain|converged=True|lambda=4.795168098697|limitState=ConcreteStrainLimit|criticalStrain=-0.0006|criticalElement=C136:Compression|solverCalls=1|elapsedSec=0.
OK: method.numericalFailure.notConverged
OK: method.numericalFailure.state
OK: method.numericalFailure.noPhysicalUpper
COMPARE|method.numericalFailure.strain|converged=False|lambda=0.|limitState=NumericalFailure|criticalStrain=-0.001500000001|criticalElement=C150:Compression|solverCalls=5|elapsedSec=0.
OK: method.maxLambdaIgnored.converged
OK: method.maxLambdaIgnored.lambdaAboveLimit
OK: method.maxLambdaIgnored.momentStored

PERF|baseline|run=5|case=crack_bending; passed=39; failed=0; elapsedSec=0.38671875; solves=72; probes=66; planeProbes=0; probeReuse=0; stateReuse=0; unconvergedProbes=0; unconfirmedPhysical=0; newtonCalls=576; integrations=1697; iterations=1025; retries=0; geometrySec=0.0009765625; coreSec=0.28515625; packagingSec=0; writeSec=0; modelSizes=150f/4r
OK: crack.auto.pureMx.converged
OK: crack.auto.pureMx.formed
OK: crack.auto.pureMx.tensionBars
OK: crack.auto.pureMx.sigmaPositive
OK: crack.auto.pureMx.spacingPositive
OK: crack.auto.pureMx.widthFormula; actual=0.150903530526; expected=0.150903530526; absDiff=0.
OK: crack.auto.pureMx.utilization; actual=1509.03530526357; expected=1509.03530526357; absDiff=0.
OK: crack.auto.pureMx.lambda
OK: crack.auto.pureMx.preCrackState
OK: crack.auto.pureMx.postCrackState
OK: crack.auto.pureMx.psiReduced
OK: crack.auto.pureMx.preCrack.twoSign
OK: crack.auto.pureMx.preCrack.epsBtUlt; actual=0.00015; expected=0.00015; absDiff=0.
OK: crack.auto.pureMy.converged
OK: crack.auto.pureMy.formed
OK: crack.auto.pureMy.tensionBars
OK: crack.auto.pureMy.sigmaPositive
OK: crack.auto.pureMy.spacingPositive
OK: crack.auto.pureMy.widthFormula; actual=0.068784054628; expected=0.068784054628; absDiff=0.
OK: crack.auto.pureMy.utilization; actual=687.840546281971; expected=687.840546281971; absDiff=0.
OK: crack.auto.pureMy.lambda
OK: crack.auto.pureMy.preCrackState
OK: crack.auto.pureMy.postCrackState
OK: crack.auto.pureMy.psiReduced
OK: crack.auto.pureMy.preCrack.twoSign
OK: crack.auto.pureMy.preCrack.epsBtUlt; actual=0.00015; expected=0.00015; absDiff=0.
OK: crack.auto.pureMxy.converged
OK: crack.auto.pureMxy.formed
OK: crack.auto.pureMxy.tensionBars
OK: crack.auto.pureMxy.sigmaPositive
OK: crack.auto.pureMxy.spacingPositive
OK: crack.auto.pureMxy.widthFormula; actual=0.128222487931; expected=0.128222487931; absDiff=0.
OK: crack.auto.pureMxy.utilization; actual=1282.22487931034; expected=1282.22487931034; absDiff=0.
OK: crack.auto.pureMxy.lambda
OK: crack.auto.pureMxy.preCrackState
OK: crack.auto.pureMxy.postCrackState
OK: crack.auto.pureMxy.psiReduced
OK: crack.auto.pureMxy.preCrack.twoSign
OK: crack.auto.pureMxy.preCrack.epsBtUlt; actual=0.00015; expected=0.00015; absDiff=0.

PERF|baseline|run=5|case=crack_paths; passed=52; failed=0; elapsedSec=0.3466796875; solves=56; probes=44; planeProbes=0; probeReuse=0; stateReuse=0; unconvergedProbes=0; unconfirmedPhysical=0; newtonCalls=448; integrations=1459; iterations=806; retries=0; geometrySec=0.0029296875; coreSec=0.240234375; packagingSec=0.0009765625; writeSec=0; modelSizes=150f/4r
OK: crack.path.mxy.converged
OK: crack.path.mxy.formed
OK: crack.path.mxy.tensionBars
OK: crack.path.mxy.sigmaPositive
OK: crack.path.mxy.spacingPositive
OK: crack.path.mxy.widthFormula; actual=0.133858060725; expected=0.133858060725; absDiff=0.
OK: crack.path.mxy.utilization; actual=1338.58060725361; expected=1338.58060725361; absDiff=0.
OK: crack.path.mxy.lambda
OK: crack.path.mxy.nFixed; actual=-20000.; expected=-20000.; absDiff=0.
OK: crack.path.n.converged
OK: crack.path.n.formed
OK: crack.path.n.tensionBars
OK: crack.path.n.sigmaPositive
OK: crack.path.n.spacingPositive
OK: crack.path.n.widthFormula; actual=0.139403828281; expected=0.139403828281; absDiff=0.
OK: crack.path.n.utilization; actual=1394.03828280626; expected=1394.03828280626; absDiff=0.
OK: crack.path.n.central
OK: crack.path.n.formationN; actual=119657.725354552; expected=119657.725354552; absDiff=0.
OK: crack.path.autoN.converged
OK: crack.path.autoN.formed
OK: crack.path.autoN.tensionBars
OK: crack.path.autoN.sigmaPositive
OK: crack.path.autoN.spacingPositive
OK: crack.path.autoN.widthFormula; actual=0.139403828281; expected=0.139403828281; absDiff=0.
OK: crack.path.autoN.utilization; actual=1394.03828280626; expected=1394.03828280626; absDiff=0.
OK: crack.path.autoN.central
OK: crack.path.autoN.method
OK: crack.path.autoN.formationN; actual=119657.725354552; expected=119657.725354552; absDiff=0.
OK: crack.path.nmxy.converged
OK: crack.path.nmxy.formed
OK: crack.path.nmxy.tensionBars
OK: crack.path.nmxy.sigmaPositive
OK: crack.path.nmxy.spacingPositive
OK: crack.path.nmxy.widthFormula; actual=0.131351003693; expected=0.131351003693; absDiff=0.
OK: crack.path.nmxy.utilization; actual=1313.5100369324; expected=1313.5100369324; absDiff=0.
OK: crack.path.nmxy.lambda
OK: crack.path.nmxy.nScaled; actual=-10565.5573022651; expected=-10565.5573022651; absDiff=0.
OK: crack.path.nmxy.mScaled; actual=7924167.97669881; expected=7924167.97669881; absDiff=0.
OK: crack.path.nFixedMomentFallback.converged
OK: crack.path.nFixedMomentFallback.formed
OK: crack.path.nFixedMomentFallback.lambda0; actual=0.; expected=0.; absDiff=0.
OK: crack.path.nFixedMomentFallback.noFormationN; actual=0.; expected=0.; absDiff=0.
OK: crack.path.nFixedMomentFallback.noMcrc; actual=0.; expected=0.; absDiff=0.
OK: crack.path.nFixedMomentFallback.noBeforeState
OK: crack.path.nFixedMomentFallback.noAfterState
OK: crack.path.nFixedMomentFallback.psi1; actual=1.; expected=1.; absDiff=0.
OK: crack.path.nFixedMomentFallback.status
OK: crack.path.mxyAxialFallback.converged
OK: crack.path.mxyAxialFallback.formed
OK: crack.path.mxyAxialFallback.lambda0; actual=0.; expected=0.; absDiff=0.
OK: crack.path.mxyAxialFallback.psi1; actual=1.; expected=1.; absDiff=0.
OK: crack.path.mxyAxialFallback.status

PERF|baseline|run=5|case=crack_cache; passed=22; failed=0; elapsedSec=0.29296875; solves=50; probes=44; planeProbes=0; probeReuse=0; stateReuse=1; unconvergedProbes=0; unconfirmedPhysical=0; newtonCalls=400; integrations=1287; iterations=707; retries=0; geometrySec=0.0009765625; coreSec=0.216796875; packagingSec=0; writeSec=0; modelSizes=150f/4r
OK: crack.cache.first.converged
OK: crack.cache.first.formed
OK: crack.cache.first.tensionBars
OK: crack.cache.first.sigmaPositive
OK: crack.cache.first.spacingPositive
OK: crack.cache.first.widthFormula; actual=0.133858060725; expected=0.133858060725; absDiff=0.
OK: crack.cache.first.utilization; actual=0.133858060725; expected=0.133858060725; absDiff=0.
OK: crack.cache.first.sigmaCrc
OK: crack.cache.first.preState
OK: crack.cache.first.postState
OK: crack.cache.second.converged
OK: crack.cache.second.formed
OK: crack.cache.second.tensionBars
OK: crack.cache.second.sigmaPositive
OK: crack.cache.second.spacingPositive
OK: crack.cache.second.widthFormula; actual=0.133858060725; expected=0.133858060725; absDiff=0.
OK: crack.cache.second.utilization; actual=0.133858060725; expected=0.133858060725; absDiff=0.
OK: crack.cache.second.reused
OK: crack.cache.second.noLastRunner
OK: crack.cache.second.sigmaCrc
OK: crack.cache.second.preState
OK: crack.cache.second.postState

PERF|baseline|run=5|case=geometry_rounded; passed=6; failed=0; elapsedSec=0.349609375; solves=0; probes=0; planeProbes=0; probeReuse=0; stateReuse=0; unconvergedProbes=0; unconfirmedPhysical=0; newtonCalls=0; integrations=0; iterations=0; retries=0; geometrySec=0.068359375; coreSec=0; packagingSec=0; writeSec=0; modelSizes=7596f/0r
OK: sym.area.available
OK: sym.area; actual=47475.; expected=47457.8928833008; relDiff=0.000360469369
OK: sym.cx; actual=0.; expected=0.; absDiff=0.
OK: sym.cy; actual=0.; expected=0.; absDiff=0.
OK: sym.Ixy; actual=0.; expected=0.; absDiff=0.
OK: sym.principal.angle; actual=1.570796326795; expected=1.570796326795; absDiff=0.

PERF|baseline|run=5|case=geometry_tapered; passed=11; failed=0; elapsedSec=0.025390625; solves=0; probes=0; planeProbes=0; probeReuse=0; stateReuse=0; unconvergedProbes=0; unconfirmedPhysical=0; newtonCalls=0; integrations=0; iterations=0; retries=0; geometrySec=0.0068359375; coreSec=0; packagingSec=0; writeSec=0; modelSizes=95f/0r|379f/0r
OK: rounded.tapered.area.positive
OK: rounded.tapered.centroid.inside
OK: rounded.tapered.rightExtension
OK: rounded.tapered.height; actual=180.; expected=180.; absDiff=0.
OK: rounded.tapered.area.convergence; actual=59218.75; expected=59375.; relDiff=0.002631578947
OK: rounded.tapered.Ix.convergence; actual=143398803.603575; expected=144005276.864035; relDiff=0.004211465536
OK: rounded.tapered.variableAngle.topTangent; actual=375.735931288071; expected=375.735931288071; absDiff=0.000000000001
OK: rounded.tapered.variableAngle.maxX; actual=708.57864376269; expected=708.57864376269; absDiff=0.
OK: rounded.tapered.variableAngle.maxLessThanRawApex
OK: rounded.tapered.r1GreaterThanHalfHeight.valid
OK: rounded.tapered.radiiOverlap.invalid

PERF|baseline|run=5|case=geometry_hollow; passed=11; failed=0; elapsedSec=0.001953125; solves=0; probes=0; planeProbes=0; probeReuse=0; stateReuse=0; unconvergedProbes=0; unconfirmedPhysical=0; newtonCalls=0; integrations=0; iterations=0; retries=0; geometrySec=0; coreSec=0; packagingSec=0; writeSec=0; modelSizes=
OK: hollow.geometry.valid
OK: hollow.geometry.areaAvailable
OK: hollow.geometry.area; actual=300000.; expected=300000.; absDiff=0.
OK: hollow.geometry.cx; actual=0.; expected=0.; absDiff=0.
OK: hollow.geometry.cy; actual=0.; expected=0.; absDiff=0.
OK: hollow.geometry.outerConcrete
OK: hollow.geometry.openingExcluded
OK: hollow.geometry.outsideExcluded
OK: hollow.geometry.offset.valid
OK: hollow.geometry.offset.cxOppositeOpening
OK: hollow.geometry.offset.cyOppositeOpening

PERF|baseline|run=5|case=geometry_hollow_rebars; passed=76; failed=0; elapsedSec=0.076171875; solves=0; probes=0; planeProbes=0; probeReuse=0; stateReuse=0; unconvergedProbes=0; unconfirmedPhysical=0; newtonCalls=0; integrations=0; iterations=0; retries=0; geometrySec=0; coreSec=0; packagingSec=0; writeSec=0; modelSizes=
OK: hollow.rebar.external.top
OK: hollow.rebar.external.bottom
OK: hollow.rebar.external.left
OK: hollow.rebar.external.right
OK: hollow.rebar.hLeft.firstX; actual=-210.; expected=-210.; absDiff=0.
OK: hollow.rebar.hLeft.firstY; actual=-220.; expected=-220.; absDiff=0.
OK: hollow.rebar.hLeft.lastX; actual=-210.; expected=-210.; absDiff=0.
OK: hollow.rebar.hLeft.lastY; actual=220.; expected=220.; absDiff=0.
OK: hollow.rebar.bTop.anchorStartY; actual=360.; expected=360.; absDiff=0.
OK: hollow.rebar.bTop.anchorEndY; actual=360.; expected=360.; absDiff=0.
OK: hollow.rebar.bBottom.anchorStartY; actual=-360.; expected=-360.; absDiff=0.
OK: hollow.rebar.bBottom.anchorEndY; actual=-360.; expected=-360.; absDiff=0.
OK: hollow.rebar.openingBTop.anchorStartY; actual=290.; expected=290.; absDiff=0.
OK: hollow.rebar.openingBTop.anchorEndY; actual=290.; expected=290.; absDiff=0.
OK: hollow.rebar.openingBBottom.anchorStartY; actual=-290.; expected=-290.; absDiff=0.
OK: hollow.rebar.openingBBottom.anchorEndY; actual=-290.; expected=-290.; absDiff=0.
OK: hollow.rebar.opening.topProjected
OK: hollow.rebar.opening.bottomProjected
OK: hollow.rebar.opening.leftProjected
OK: hollow.rebar.opening.rightProjected
OK: hollow.rebar.inside.1
OK: hollow.rebar.inside.2
OK: hollow.rebar.inside.3
OK: hollow.rebar.inside.4
OK: hollow.rebar.inside.5
OK: hollow.rebar.inside.6
OK: hollow.rebar.inside.7
OK: hollow.rebar.inside.8
OK: hollow.rebar.inside.9
OK: hollow.rebar.inside.10
OK: hollow.rebar.inside.11
OK: hollow.rebar.inside.12
OK: hollow.rebar.inside.13
OK: hollow.rebar.inside.14
OK: hollow.rebar.inside.15
OK: hollow.rebar.inside.16
OK: hollow.rebar.inside.17
OK: hollow.rebar.inside.18
OK: hollow.rebar.inside.19
OK: hollow.rebar.inside.20
OK: hollow.rebar.inside.21
OK: hollow.rebar.inside.22
OK: hollow.rebar.inside.23
OK: hollow.rebar.inside.24
OK: hollow.rebar.inside.25
OK: hollow.rebar.inside.26
OK: hollow.rebar.inside.27
OK: hollow.rebar.inside.28
OK: hollow.rebar.inside.29
OK: hollow.rebar.inside.30
OK: hollow.rebar.inside.31
OK: hollow.rebar.inside.32
OK: hollow.rebar.inside.33
OK: hollow.rebar.inside.34
OK: hollow.rebar.inside.35
OK: hollow.rebar.inside.36
OK: hollow.rebar.inside.37
OK: hollow.rebar.inside.38
OK: hollow.rebar.inside.39
OK: hollow.rebar.inside.40
OK: hollow.rebar.inside.41
OK: hollow.rebar.inside.42
OK: hollow.rebar.inside.43
OK: hollow.rebar.inside.44
OK: hollow.rebar.inside.45
OK: hollow.rebar.inside.46
OK: hollow.rebar.inside.47
OK: hollow.rebar.inside.48
OK: hollow.rebar.inside.49
OK: hollow.rebar.inside.50
OK: hollow.rebar.inside.51
OK: hollow.rebar.inside.52
OK: hollow.rebar.inside.53
OK: hollow.rebar.inside.54
OK: hollow.rebar.inside.55
OK: hollow.rebar.inside.56

PERF|baseline|run=5|case=geometry_hollow_mesh; passed=3; failed=0; elapsedSec=9.8818359375; solves=0; probes=0; planeProbes=0; probeReuse=0; stateReuse=0; unconvergedProbes=0; unconfirmedPhysical=0; newtonCalls=0; integrations=0; iterations=0; retries=0; geometrySec=9.748046875; coreSec=0; packagingSec=0; writeSec=0; modelSizes=3717f/0r
OK: perf.hollow.areaAvailable
OK: perf.hollow.gridArea
OK: perf.hollow.empty
NUMERIC: hollow; fibers=3717; area=298200; x=-13.3735747820255; y=10.0301810865191; Ix=18830574728.3711; Iy=7669851183.76884; Ixy=159640362.173038

PERF|baseline|run=5|case=batch_write; passed=168; failed=0; elapsedSec=0.46484375; solves=3; probes=0; planeProbes=21; probeReuse=0; stateReuse=0; unconvergedProbes=0; unconfirmedPhysical=0; newtonCalls=24; integrations=98; iterations=49; retries=0; geometrySec=0.0009765625; coreSec=0.0087890625; packagingSec=0; writeSec=0.6943359375; modelSizes=100f/4r
OK: batch.writer.fixedRow
OK: batch.writer.noResultOverlap
OK: batch.writer.rangeSize
OK: batch.writer.strengthBlockPosition
OK: batch.writer.crackBlockPosition
OK: batch.writer.stabilityBlockPosition
OK: batch.writer.meta.worstLabel
OK: batch.writer.meta.worstValue
OK: batch.writer.meta.solverCalls
OK: batch.writer.meta.valuesCentered
OK: batch.writer.header.statusGroup
OK: batch.writer.header.reserveGroup
OK: batch.writer.header.statusStrength
OK: batch.writer.header.reserveStrength
OK: batch.writer.header.centered
OK: batch.writer.header.commentLeft
OK: batch.writer.header.epsilon
OK: batch.writer.header.sp63StatusPlaneMerge
OK: batch.writer.header.sp63ReservePlaneMerge
OK: batch.writer.header.id
OK: batch.writer.header.idMergeRows
OK: batch.writer.header.commentRow
OK: batch.writer.worst.label
OK: batch.writer.worst.commentDash
OK: batch.writer.worst.resultCommentDash
OK: batch.writer.worst.overallDash
OK: batch.writer.worst.noNa
OK: batch.writer.worst.bold
OK: batch.writer.statusLegend.title
OK: batch.writer.statusLegend.header
OK: batch.writer.statusLegend.values
OK: batch.writer.statusLegend.mergeOnlyTitle
OK: batch.writer.statusLegend.noWrap
OK: batch.writer.statusLegend.italicValues
OK: batch.writer.statusLegend.colors
OK: batch.writer.reserve.dataNotHeaderFill
OK: batch.writer.worst.strain.combinationFound
OK: batch.writer.worst.strain.reserve.bothNumeric
OK: batch.writer.worst.strain.reserve; actual=23.654566819636; expected=23.654566819636
OK: batch.writer.worst.capacity.combinationFound
OK: batch.writer.worst.capacity.reserve.bothNumeric
OK: batch.writer.worst.capacity.reserve; actual=9.761081549025; expected=9.761081549025
OK: batch.writer.worst.crack.notApplicable
OK: batch.writer.worst.longCrack.combinationFound
OK: batch.writer.worst.longCrack.reserve.bothNumeric
OK: batch.writer.worst.longCrack.reserve; actual=12.30931237624; expected=12.30931237624
OK: batch.writer.worst.sp35p1eta.combinationFound
OK: batch.writer.worst.sp35p1eta.reserve.bothNumeric
OK: batch.writer.worst.sp35p1eta.reserve; actual=0.900052311686; expected=0.900052311686
OK: batch.writer.worst.sp35p1table.notApplicable
OK: batch.writer.worst.sp35p2eta.combinationFound
OK: batch.writer.worst.sp35p2eta.reserve.bothNumeric
OK: batch.writer.worst.sp35p2eta.reserve; actual=0.326769903983; expected=0.326769903983
OK: batch.writer.worst.sp35p2table.notApplicable
OK: batch.writer.worst.sp63p1.notApplicable
OK: batch.writer.worst.sp63p2.notApplicable
OK: batch.writer.data.firstId
OK: batch.writer.data.capacityStatus
OK: batch.writer.data.capacityReserve
OK: batch.writer.data.statusColors
OK: batch.writer.strength.statusColors
OK: batch.writer.strength.absentZonesBlank
OK: batch.writer.strength.presentTensionKept
OK: batch.writer.crack.statusColors
OK: batch.writer.crack.header.formationTitle
OK: batch.writer.crack.header.crackedStateTitle
OK: batch.writer.crack.header.title
OK: batch.writer.crack.header.mcrcNote
OK: batch.writer.crack.header.formationStatus
OK: batch.writer.crack.header.state
OK: batch.writer.crack.header.crackedStateStatus
OK: batch.writer.crack.header.es
OK: batch.writer.crack.header.normalStatusRu
OK: batch.writer.crack.header.longStatusRu
OK: batch.writer.crack.header.notesPlain
OK: batch.writer.crack.header.notesFill
OK: batch.writer.crack.availableRowsBorder
OK: batch.writer.stability.statusColor
OK: batch.writer.stability.header.summary
OK: batch.writer.stability.header.statusWidth
OK: batch.writer.stability.header.mainAxes
OK: batch.writer.stability.header.noExtraTier
OK: batch.writer.stability.header.sp35
OK: batch.writer.stability.header.sp63
OK: batch.writer.stability.header.notes
OK: batch.writer.stability.header.notesPlain
OK: batch.writer.stability.header.notesFill
OK: batch.writer.stability.header.sp35NcrBranch
OK: batch.writer.stability.header.sp63PlaneHeight
OK: batch.writer.stability.header.sp35Ratio
OK: batch.writer.stability.columnWidthA; actual=10.; expected=10.
OK: batch.writer.stability.columnWidthN; actual=10.; expected=10.
OK: batch.writer.stability.columnWidthAF; actual=10.; expected=10.
OK: batch.writer.stability.columnWidthCC; actual=10.; expected=10.
OK: batch.writer.stability.availableRowsBorder
OK: batch.writer.stability.lowerRanges
OK: batch.writer.reserve.W1.summaryRow
OK: batch.writer.reserve.W1.strengthRow
OK: batch.writer.reserve.W1.crackRow
OK: batch.writer.reserve.W1.stabilityRow
OK: batch.writer.reserve.W1.strain.bothNumeric
OK: batch.writer.reserve.W1.strain; actual=23.654566819636; expected=23.654566819636
OK: batch.writer.reserve.W1.capacity.bothNumeric
OK: batch.writer.reserve.W1.capacity; actual=9.761081549025; expected=9.761081549025
OK: batch.writer.reserve.W1.crack.bothNumeric
OK: batch.writer.reserve.W1.crack; actual=0.; expected=0.
OK: batch.writer.reserve.W1.longCrack.bothNumeric
OK: batch.writer.reserve.W1.longCrack; actual=0.; expected=0.
OK: batch.writer.reserve.W1.sp35p1eta.bothNumeric
OK: batch.writer.reserve.W1.sp35p1eta; actual=0.900052311686; expected=0.900052311686
OK: batch.writer.reserve.W1.sp35p1table.bothNumeric
OK: batch.writer.reserve.W1.sp35p1table; actual=0.; expected=0.
OK: batch.writer.reserve.W1.sp35p2eta.bothNumeric
OK: batch.writer.reserve.W1.sp35p2eta; actual=0.326769903983; expected=0.326769903983
OK: batch.writer.reserve.W1.sp35p2table.bothNumeric
OK: batch.writer.reserve.W1.sp35p2table; actual=0.; expected=0.
OK: batch.writer.reserve.W1.sp63p1.bothNumeric
OK: batch.writer.reserve.W1.sp63p1; actual=0.; expected=0.
OK: batch.writer.reserve.W1.sp63p2.bothNumeric
OK: batch.writer.reserve.W1.sp63p2; actual=0.; expected=0.
OK: batch.writer.reserve.W2.summaryRow
OK: batch.writer.reserve.W2.strengthRow
OK: batch.writer.reserve.W2.crackRow
OK: batch.writer.reserve.W2.stabilityRow
OK: batch.writer.reserve.W2.strain.bothNumeric
OK: batch.writer.reserve.W2.strain; actual=0.; expected=0.
OK: batch.writer.reserve.W2.capacity.bothNumeric
OK: batch.writer.reserve.W2.capacity; actual=0.; expected=0.
OK: batch.writer.reserve.W2.crack.bothNumeric
OK: batch.writer.reserve.W2.crack; actual=0.; expected=0.
OK: batch.writer.reserve.W2.longCrack.bothNumeric
OK: batch.writer.reserve.W2.longCrack; actual=12.30931237624; expected=12.30931237624
OK: batch.writer.reserve.W2.sp35p1eta.bothNumeric
OK: batch.writer.reserve.W2.sp35p1eta; actual=0.; expected=0.
OK: batch.writer.reserve.W2.sp35p1table.bothNumeric
OK: batch.writer.reserve.W2.sp35p1table; actual=0.; expected=0.
OK: batch.writer.reserve.W2.sp35p2eta.bothNumeric
OK: batch.writer.reserve.W2.sp35p2eta; actual=0.; expected=0.
OK: batch.writer.reserve.W2.sp35p2table.bothNumeric
OK: batch.writer.reserve.W2.sp35p2table; actual=0.; expected=0.
OK: batch.writer.reserve.W2.sp63p1.bothNumeric
OK: batch.writer.reserve.W2.sp63p1; actual=0.; expected=0.
OK: batch.writer.reserve.W2.sp63p2.bothNumeric
OK: batch.writer.reserve.W2.sp63p2; actual=0.; expected=0.
OK: batch.writer.reserve.WT.summaryRow
OK: batch.writer.reserve.WT.strengthRow
OK: batch.writer.reserve.WT.crackRow
OK: batch.writer.reserve.WT.stabilityRow
OK: batch.writer.reserve.WT.strain.bothNumeric
OK: batch.writer.reserve.WT.strain; actual=628.318530717958; expected=628.318530717958
OK: batch.writer.reserve.WT.capacity.bothNumeric
OK: batch.writer.reserve.WT.capacity; actual=0.; expected=0.
OK: batch.writer.reserve.WT.crack.bothNumeric
OK: batch.writer.reserve.WT.crack; actual=0.; expected=0.
OK: batch.writer.reserve.WT.longCrack.bothNumeric
OK: batch.writer.reserve.WT.longCrack; actual=0.; expected=0.
OK: batch.writer.reserve.WT.sp35p1eta.bothNumeric
OK: batch.writer.reserve.WT.sp35p1eta; actual=0.; expected=0.
OK: batch.writer.reserve.WT.sp35p1table.bothNumeric
OK: batch.writer.reserve.WT.sp35p1table; actual=0.; expected=0.
OK: batch.writer.reserve.WT.sp35p2eta.bothNumeric
OK: batch.writer.reserve.WT.sp35p2eta; actual=0.; expected=0.
OK: batch.writer.reserve.WT.sp35p2table.bothNumeric
OK: batch.writer.reserve.WT.sp35p2table; actual=0.; expected=0.
OK: batch.writer.reserve.WT.sp63p1.bothNumeric
OK: batch.writer.reserve.WT.sp63p1; actual=0.; expected=0.
OK: batch.writer.reserve.WT.sp63p2.bothNumeric
OK: batch.writer.reserve.WT.sp63p2; actual=0.; expected=0.

SOURCE|current|C:\Users\avidzba\Desktop\Ø‡Æ£‡†¨¨Î\Ç_êÄÅéíÖ!\RC_Section_NDM\docs\regression\Audit03\RC_Section_NDM_pre_p02.xlsm|sha256=2DE8B20BAA8D8145D58CAA553DB679080EA43A8527E56966F16F156BBF9D67F8
PERF|current|run=1|case=bending; passed=11; failed=0; elapsedSec=0.2080078125; solves=28; probes=24; planeProbes=0; probeReuse=0; stateReuse=0; unconvergedProbes=0; unconfirmedPhysical=0; newtonCalls=176; integrations=720; iterations=384; retries=0; geometrySec=0.00390625; coreSec=0.1123046875; packagingSec=0; writeSec=0; modelSizes=150f/4r
OK: capacity.mx.negative.converged
OK: capacity.mx.positive.converged
OK: capacity.mx.negative.sign
OK: capacity.mx.positive.sign
OK: capacity.mx.limit.physical
OK: capacity.mx.negative.N; actual=-300000.; expected=-300000.; relDiff=0.
OK: capacity.mx.negative.Mx; actual=-30937500.; expected=-30937500.; relDiff=0.
OK: capacity.mx.negative.My; actual=-0.000000000102; expected=0.; absDiff=0.000000000102
OK: capacity.mx.positive.N; actual=-300000.; expected=-300000.; relDiff=0.
OK: capacity.mx.positive.Mx; actual=30937500.; expected=30937500.; relDiff=0.
OK: capacity.mx.positive.My; actual=0.000000001062; expected=0.; absDiff=0.000000001062

PERF|current|run=1|case=biaxial; passed=32; failed=0; elapsedSec=0.2919921875; solves=48; probes=48; planeProbes=0; probeReuse=0; stateReuse=0; unconvergedProbes=0; unconfirmedPhysical=0; newtonCalls=384; integrations=1488; iterations=912; retries=0; geometrySec=0.0009765625; coreSec=0.2333984375; packagingSec=0; writeSec=0; modelSizes=150f/4r
OK: capacity.mxy.pp.converged
OK: capacity.mxy.pp.lambda.positive
OK: capacity.mxy.pp.mx.sign
OK: capacity.mxy.pp.my.sign
OK: capacity.mxy.pp.direction; actual=0.; expected=0.; absDiff=0.
OK: capacity.mxy.pp.N; actual=-250000.; expected=-250000.; relDiff=0.
OK: capacity.mxy.pp.Mx; actual=21468750.; expected=21468750.; relDiff=0.
OK: capacity.mxy.pp.My; actual=14312500.; expected=14312500.; relDiff=0.
OK: capacity.mxy.np.converged
OK: capacity.mxy.np.lambda.positive
OK: capacity.mxy.np.mx.sign
OK: capacity.mxy.np.my.sign
OK: capacity.mxy.np.direction; actual=0.; expected=0.; absDiff=0.
OK: capacity.mxy.np.N; actual=-250000.; expected=-250000.; relDiff=0.
OK: capacity.mxy.np.Mx; actual=-21468750.; expected=-21468750.; relDiff=0.
OK: capacity.mxy.np.My; actual=14312500.; expected=14312500.; relDiff=0.
OK: capacity.mxy.pn.converged
OK: capacity.mxy.pn.lambda.positive
OK: capacity.mxy.pn.mx.sign
OK: capacity.mxy.pn.my.sign
OK: capacity.mxy.pn.direction; actual=0.; expected=0.; absDiff=0.
OK: capacity.mxy.pn.N; actual=-250000.; expected=-250000.; relDiff=0.
OK: capacity.mxy.pn.Mx; actual=21468750.; expected=21468750.; relDiff=0.
OK: capacity.mxy.pn.My; actual=-14312500.; expected=-14312500.; relDiff=0.
OK: capacity.mxy.nn.converged
OK: capacity.mxy.nn.lambda.positive
OK: capacity.mxy.nn.mx.sign
OK: capacity.mxy.nn.my.sign
OK: capacity.mxy.nn.direction; actual=0.; expected=0.; absDiff=0.
OK: capacity.mxy.nn.N; actual=-250000.; expected=-250000.; relDiff=0.
OK: capacity.mxy.nn.Mx; actual=-21468750.; expected=-21468750.; relDiff=0.
OK: capacity.mxy.nn.My; actual=-14312500.; expected=-14312500.; relDiff=0.

PERF|current|run=1|case=asymmetric; passed=6; failed=0; elapsedSec=15.294921875; solves=94; probes=23; planeProbes=0; probeReuse=0; stateReuse=0; unconvergedProbes=25; unconfirmedPhysical=0; newtonCalls=671; integrations=7269; iterations=3874; retries=20; geometrySec=0.013671875; coreSec=14.4267578125; packagingSec=0; writeSec=0; modelSizes=2875f/0r|2875f/4r
OK: capacity.asym.Ixy.nonzero
OK: capacity.asym.converged
OK: capacity.asym.coupledKappaY
OK: capacity.asym.N; actual=-260000.; expected=-260000.; relDiff=0.
OK: capacity.asym.Mx; actual=-320000000.; expected=-320000000.; relDiff=0.
OK: capacity.asym.My; actual=-0.000000072119; expected=0.; absDiff=0.000000072119

PERF|current|run=1|case=axial; passed=12; failed=0; elapsedSec=0.1806640625; solves=38; probes=12; planeProbes=0; probeReuse=0; stateReuse=0; unconvergedProbes=10; unconfirmedPhysical=0; newtonCalls=286; integrations=842; iterations=558; retries=8; geometrySec=0.0009765625; coreSec=0.1611328125; packagingSec=0; writeSec=0; modelSizes=150f/4r
OK: capacity.nult.compression.converged
OK: capacity.nult.compression.sign
OK: capacity.nult.compression.safety
OK: capacity.nult.compression.N; actual=-1287513.24397852; expected=-1287513.24397852; relDiff=0.
OK: capacity.nult.compression.Mx; actual=0.; expected=0.; absDiff=0.
OK: capacity.nult.compression.My; actual=0.000000000466; expected=0.; absDiff=0.000000000466
OK: capacity.nult.tension.converged
OK: capacity.nult.tension.sign
OK: capacity.nult.tension.safety
OK: capacity.nult.tension.N; actual=439822.971502571; expected=439822.971502571; relDiff=0.
OK: capacity.nult.tension.Mx; actual=-0.000000000116; expected=0.; absDiff=0.000000000116
OK: capacity.nult.tension.My; actual=-0.000000000175; expected=0.; absDiff=0.000000000175

PERF|current|run=1|case=methods; passed=16; failed=0; elapsedSec=0.1513671875; solves=30; probes=32; planeProbes=0; probeReuse=5; stateReuse=0; unconvergedProbes=0; unconfirmedPhysical=0; newtonCalls=204; integrations=787; iterations=442; retries=0; geometrySec=0.0009765625; coreSec=0.1181640625; packagingSec=0; writeSec=0; modelSizes=150f/4r
OK: search.bisection.converged
OK: search.brent.converged
OK: search.secant.converged
OK: search.bisection.branch
OK: search.brent.branch
OK: search.secant.branch
OK: search.brent.independent
OK: search.secant.independent
OK: search.brent.lambda; actual=3.09776378716; expected=3.09375; absDiff=0.00401378716
OK: search.secant.lambda; actual=3.098514991183; expected=3.09375; absDiff=0.004764991183
OK: search.brent.N; actual=-300000.; expected=-300000.; relDiff=0.
OK: search.brent.Mx; actual=-30977637.8716034; expected=-30977637.8716034; relDiff=0.
OK: search.brent.My; actual=-0.000000000582; expected=0.; absDiff=0.000000000582
OK: search.secant.N; actual=-300000.; expected=-300000.; relDiff=0.
OK: search.secant.Mx; actual=-30985149.9118327; expected=-30985149.9118327; relDiff=0.
OK: search.secant.My; actual=0.00000000032; expected=0.; absDiff=0.00000000032

PERF|current|run=1|case=capacity_strategies; passed=36; failed=0; elapsedSec=0.82421875; solves=82; probes=66; planeProbes=51; probeReuse=0; stateReuse=0; unconvergedProbes=5; unconfirmedPhysical=0; newtonCalls=691; integrations=2677; iterations=1550; retries=4; geometrySec=0.0068359375; coreSec=0.6474609375; packagingSec=0; writeSec=0; modelSizes=150f/4r|489f/4r
OK: method.pure_compression.load.invalid
OK: method.pure_compression.strain.invalid
COMPARE|method.pure_compression.load|converged=False|lambda=0.|limitState=InvalidInput|criticalStrain=0.|criticalElement=|solverCalls=0|elapsedSec=0.
COMPARE|method.pure_compression.strain|converged=False|lambda=0.|limitState=InvalidInput|criticalStrain=0.|criticalElement=|solverCalls=0|elapsedSec=0.
OK: method.n_plus_mx.load.converged
OK: method.n_plus_mx.strain.converged
OK: method.n_plus_mx.lambda; actual=3.09871424391; expected=3.09375; absDiff=0.00496424391
OK: method.n_plus_mx.limitState
OK: method.n_plus_mx.criticalElement
OK: method.n_plus_mx.solverCalls
COMPARE|method.n_plus_mx.load|converged=True|lambda=3.09375|limitState=ConcreteStrainLimit|criticalStrain=-0.001501652538|criticalElement=C142:Compression|solverCalls=12|elapsedSec=0.0634765625
COMPARE|method.n_plus_mx.strain|converged=True|lambda=3.09871424391|limitState=ConcreteStrainLimit|criticalStrain=-0.0015|criticalElement=C136:Compression|solverCalls=6|elapsedSec=0.0146484375
OK: method.n_plus_my.load.converged
OK: method.n_plus_my.strain.converged
OK: method.n_plus_my.lambda; actual=4.490409406951; expected=4.484375; absDiff=0.006034406951
OK: method.n_plus_my.limitState
OK: method.n_plus_my.criticalElement
OK: method.n_plus_my.solverCalls
COMPARE|method.n_plus_my.load|converged=True|lambda=4.484375|limitState=ConcreteStrainLimit|criticalStrain=-0.001500652149|criticalElement=C15:Compression|solverCalls=18|elapsedSec=0.2216796875
COMPARE|method.n_plus_my.strain|converged=True|lambda=4.490409406951|limitState=ConcreteStrainLimit|criticalStrain=-0.0015|criticalElement=C150:Compression|solverCalls=6|elapsedSec=0.0068359375
OK: method.biaxial.load.converged
OK: method.biaxial.strain.converged
OK: method.biaxial.lambda; actual=3.583378103741; expected=3.578125; absDiff=0.005253103741
OK: method.biaxial.limitState
OK: method.biaxial.criticalElement
OK: method.biaxial.solverCalls
COMPARE|method.biaxial.load|converged=True|lambda=3.578125|limitState=ConcreteStrainLimit|criticalStrain=-0.001501063653|criticalElement=C150:Compression|solverCalls=12|elapsedSec=0.0673828125
COMPARE|method.biaxial.strain|converged=True|lambda=3.583378103741|limitState=ConcreteStrainLimit|criticalStrain=-0.0015|criticalElement=C150:Compression|solverCalls=16|elapsedSec=0.0126953125
OK: method.circle.load.converged
OK: method.circle.strain.converged
OK: method.circle.symmetry; actual=31453125.; expected=31489108.1594418; relDiff=0.001142717643
OK: method.circle.criticalElement
COMPARE|method.circle.load|converged=True|lambda=5.2421875|limitState=ConcreteStrainLimit|criticalStrain=-0.001498237699|criticalElement=C483:Compression|solverCalls=14|elapsedSec=0.
COMPARE|method.circle.strain|converged=True|lambda=5.24818469324|limitState=ConcreteStrainLimit|criticalStrain=-0.0015|criticalElement=C182:Compression|solverCalls=11|elapsedSec=0.
OK: method.strain_limit.load.converged
OK: method.strain_limit.strain.converged
OK: method.strain_limit.lambda; actual=4.795168098697; expected=4.7890625; absDiff=0.006105598697
OK: method.strain_limit.limitState
OK: method.strain_limit.criticalElement
OK: method.strain_limit.criticalUtilization
COMPARE|method.strain_limit.load|converged=True|lambda=4.7890625|limitState=ConcreteStrainLimit|criticalStrain=-0.000599236031|criticalElement=C136:Compression|solverCalls=14|elapsedSec=0.
COMPARE|method.strain_limit.strain|converged=True|lambda=4.795168098697|limitState=ConcreteStrainLimit|criticalStrain=-0.0006|criticalElement=C136:Compression|solverCalls=1|elapsedSec=0.
OK: method.numericalFailure.notConverged
OK: method.numericalFailure.state
OK: method.numericalFailure.noPhysicalUpper
COMPARE|method.numericalFailure.strain|converged=False|lambda=0.|limitState=NumericalFailure|criticalStrain=-0.001500000001|criticalElement=C150:Compression|solverCalls=5|elapsedSec=0.
OK: method.maxLambdaIgnored.converged
OK: method.maxLambdaIgnored.lambdaAboveLimit
OK: method.maxLambdaIgnored.momentStored

PERF|current|run=1|case=crack_bending; passed=39; failed=0; elapsedSec=0.4609375; solves=72; probes=66; planeProbes=0; probeReuse=0; stateReuse=0; unconvergedProbes=0; unconfirmedPhysical=0; newtonCalls=576; integrations=1697; iterations=1025; retries=0; geometrySec=0.0029296875; coreSec=0.2841796875; packagingSec=0.0048828125; writeSec=0; modelSizes=150f/4r
OK: crack.auto.pureMx.converged
OK: crack.auto.pureMx.formed
OK: crack.auto.pureMx.tensionBars
OK: crack.auto.pureMx.sigmaPositive
OK: crack.auto.pureMx.spacingPositive
OK: crack.auto.pureMx.widthFormula; actual=0.150903530526; expected=0.150903530526; absDiff=0.
OK: crack.auto.pureMx.utilization; actual=1509.03530526357; expected=1509.03530526357; absDiff=0.
OK: crack.auto.pureMx.lambda
OK: crack.auto.pureMx.preCrackState
OK: crack.auto.pureMx.postCrackState
OK: crack.auto.pureMx.psiReduced
OK: crack.auto.pureMx.preCrack.twoSign
OK: crack.auto.pureMx.preCrack.epsBtUlt; actual=0.00015; expected=0.00015; absDiff=0.
OK: crack.auto.pureMy.converged
OK: crack.auto.pureMy.formed
OK: crack.auto.pureMy.tensionBars
OK: crack.auto.pureMy.sigmaPositive
OK: crack.auto.pureMy.spacingPositive
OK: crack.auto.pureMy.widthFormula; actual=0.068784054628; expected=0.068784054628; absDiff=0.
OK: crack.auto.pureMy.utilization; actual=687.840546281971; expected=687.840546281971; absDiff=0.
OK: crack.auto.pureMy.lambda
OK: crack.auto.pureMy.preCrackState
OK: crack.auto.pureMy.postCrackState
OK: crack.auto.pureMy.psiReduced
OK: crack.auto.pureMy.preCrack.twoSign
OK: crack.auto.pureMy.preCrack.epsBtUlt; actual=0.00015; expected=0.00015; absDiff=0.
OK: crack.auto.pureMxy.converged
OK: crack.auto.pureMxy.formed
OK: crack.auto.pureMxy.tensionBars
OK: crack.auto.pureMxy.sigmaPositive
OK: crack.auto.pureMxy.spacingPositive
OK: crack.auto.pureMxy.widthFormula; actual=0.128222487931; expected=0.128222487931; absDiff=0.
OK: crack.auto.pureMxy.utilization; actual=1282.22487931034; expected=1282.22487931034; absDiff=0.
OK: crack.auto.pureMxy.lambda
OK: crack.auto.pureMxy.preCrackState
OK: crack.auto.pureMxy.postCrackState
OK: crack.auto.pureMxy.psiReduced
OK: crack.auto.pureMxy.preCrack.twoSign
OK: crack.auto.pureMxy.preCrack.epsBtUlt; actual=0.00015; expected=0.00015; absDiff=0.

PERF|current|run=1|case=crack_paths; passed=52; failed=0; elapsedSec=0.3408203125; solves=56; probes=44; planeProbes=0; probeReuse=0; stateReuse=0; unconvergedProbes=0; unconfirmedPhysical=0; newtonCalls=448; integrations=1459; iterations=806; retries=0; geometrySec=0.0029296875; coreSec=0.2333984375; packagingSec=0; writeSec=0; modelSizes=150f/4r
OK: crack.path.mxy.converged
OK: crack.path.mxy.formed
OK: crack.path.mxy.tensionBars
OK: crack.path.mxy.sigmaPositive
OK: crack.path.mxy.spacingPositive
OK: crack.path.mxy.widthFormula; actual=0.133858060725; expected=0.133858060725; absDiff=0.
OK: crack.path.mxy.utilization; actual=1338.58060725361; expected=1338.58060725361; absDiff=0.
OK: crack.path.mxy.lambda
OK: crack.path.mxy.nFixed; actual=-20000.; expected=-20000.; absDiff=0.
OK: crack.path.n.converged
OK: crack.path.n.formed
OK: crack.path.n.tensionBars
OK: crack.path.n.sigmaPositive
OK: crack.path.n.spacingPositive
OK: crack.path.n.widthFormula; actual=0.139403828281; expected=0.139403828281; absDiff=0.
OK: crack.path.n.utilization; actual=1394.03828280626; expected=1394.03828280626; absDiff=0.
OK: crack.path.n.central
OK: crack.path.n.formationN; actual=119657.725354552; expected=119657.725354552; absDiff=0.
OK: crack.path.autoN.converged
OK: crack.path.autoN.formed
OK: crack.path.autoN.tensionBars
OK: crack.path.autoN.sigmaPositive
OK: crack.path.autoN.spacingPositive
OK: crack.path.autoN.widthFormula; actual=0.139403828281; expected=0.139403828281; absDiff=0.
OK: crack.path.autoN.utilization; actual=1394.03828280626; expected=1394.03828280626; absDiff=0.
OK: crack.path.autoN.central
OK: crack.path.autoN.method
OK: crack.path.autoN.formationN; actual=119657.725354552; expected=119657.725354552; absDiff=0.
OK: crack.path.nmxy.converged
OK: crack.path.nmxy.formed
OK: crack.path.nmxy.tensionBars
OK: crack.path.nmxy.sigmaPositive
OK: crack.path.nmxy.spacingPositive
OK: crack.path.nmxy.widthFormula; actual=0.131351003693; expected=0.131351003693; absDiff=0.
OK: crack.path.nmxy.utilization; actual=1313.5100369324; expected=1313.5100369324; absDiff=0.
OK: crack.path.nmxy.lambda
OK: crack.path.nmxy.nScaled; actual=-10565.5573022651; expected=-10565.5573022651; absDiff=0.
OK: crack.path.nmxy.mScaled; actual=7924167.97669881; expected=7924167.97669881; absDiff=0.
OK: crack.path.nFixedMomentFallback.converged
OK: crack.path.nFixedMomentFallback.formed
OK: crack.path.nFixedMomentFallback.lambda0; actual=0.; expected=0.; absDiff=0.
OK: crack.path.nFixedMomentFallback.noFormationN; actual=0.; expected=0.; absDiff=0.
OK: crack.path.nFixedMomentFallback.noMcrc; actual=0.; expected=0.; absDiff=0.
OK: crack.path.nFixedMomentFallback.noBeforeState
OK: crack.path.nFixedMomentFallback.noAfterState
OK: crack.path.nFixedMomentFallback.psi1; actual=1.; expected=1.; absDiff=0.
OK: crack.path.nFixedMomentFallback.status
OK: crack.path.mxyAxialFallback.converged
OK: crack.path.mxyAxialFallback.formed
OK: crack.path.mxyAxialFallback.lambda0; actual=0.; expected=0.; absDiff=0.
OK: crack.path.mxyAxialFallback.psi1; actual=1.; expected=1.; absDiff=0.
OK: crack.path.mxyAxialFallback.status

PERF|current|run=1|case=crack_cache; passed=22; failed=0; elapsedSec=0.298828125; solves=50; probes=44; planeProbes=0; probeReuse=0; stateReuse=1; unconvergedProbes=0; unconfirmedPhysical=0; newtonCalls=400; integrations=1287; iterations=707; retries=0; geometrySec=0.0009765625; coreSec=0.228515625; packagingSec=0; writeSec=0; modelSizes=150f/4r
OK: crack.cache.first.converged
OK: crack.cache.first.formed
OK: crack.cache.first.tensionBars
OK: crack.cache.first.sigmaPositive
OK: crack.cache.first.spacingPositive
OK: crack.cache.first.widthFormula; actual=0.133858060725; expected=0.133858060725; absDiff=0.
OK: crack.cache.first.utilization; actual=0.133858060725; expected=0.133858060725; absDiff=0.
OK: crack.cache.first.sigmaCrc
OK: crack.cache.first.preState
OK: crack.cache.first.postState
OK: crack.cache.second.converged
OK: crack.cache.second.formed
OK: crack.cache.second.tensionBars
OK: crack.cache.second.sigmaPositive
OK: crack.cache.second.spacingPositive
OK: crack.cache.second.widthFormula; actual=0.133858060725; expected=0.133858060725; absDiff=0.
OK: crack.cache.second.utilization; actual=0.133858060725; expected=0.133858060725; absDiff=0.
OK: crack.cache.second.reused
OK: crack.cache.second.noLastRunner
OK: crack.cache.second.sigmaCrc
OK: crack.cache.second.preState
OK: crack.cache.second.postState

PERF|current|run=1|case=geometry_rounded; passed=6; failed=0; elapsedSec=0.2236328125; solves=0; probes=0; planeProbes=0; probeReuse=0; stateReuse=0; unconvergedProbes=0; unconfirmedPhysical=0; newtonCalls=0; integrations=0; iterations=0; retries=0; geometrySec=0.0673828125; coreSec=0; packagingSec=0; writeSec=0; modelSizes=7596f/0r
OK: sym.area.available
OK: sym.area; actual=47475.; expected=47457.8928833008; relDiff=0.000360469369
OK: sym.cx; actual=0.; expected=0.; absDiff=0.
OK: sym.cy; actual=0.; expected=0.; absDiff=0.
OK: sym.Ixy; actual=0.; expected=0.; absDiff=0.
OK: sym.principal.angle; actual=1.570796326795; expected=1.570796326795; absDiff=0.

PERF|current|run=1|case=geometry_tapered; passed=11; failed=0; elapsedSec=0.01953125; solves=0; probes=0; planeProbes=0; probeReuse=0; stateReuse=0; unconvergedProbes=0; unconfirmedPhysical=0; newtonCalls=0; integrations=0; iterations=0; retries=0; geometrySec=0.0068359375; coreSec=0; packagingSec=0; writeSec=0; modelSizes=95f/0r|379f/0r
OK: rounded.tapered.area.positive
OK: rounded.tapered.centroid.inside
OK: rounded.tapered.rightExtension
OK: rounded.tapered.height; actual=180.; expected=180.; absDiff=0.
OK: rounded.tapered.area.convergence; actual=59218.75; expected=59375.; relDiff=0.002631578947
OK: rounded.tapered.Ix.convergence; actual=143398803.603575; expected=144005276.864035; relDiff=0.004211465536
OK: rounded.tapered.variableAngle.topTangent; actual=375.735931288071; expected=375.735931288071; absDiff=0.000000000001
OK: rounded.tapered.variableAngle.maxX; actual=708.57864376269; expected=708.57864376269; absDiff=0.
OK: rounded.tapered.variableAngle.maxLessThanRawApex
OK: rounded.tapered.r1GreaterThanHalfHeight.valid
OK: rounded.tapered.radiiOverlap.invalid

PERF|current|run=1|case=geometry_hollow; passed=11; failed=0; elapsedSec=0.0048828125; solves=0; probes=0; planeProbes=0; probeReuse=0; stateReuse=0; unconvergedProbes=0; unconfirmedPhysical=0; newtonCalls=0; integrations=0; iterations=0; retries=0; geometrySec=0; coreSec=0; packagingSec=0; writeSec=0; modelSizes=
OK: hollow.geometry.valid
OK: hollow.geometry.areaAvailable
OK: hollow.geometry.area; actual=300000.; expected=300000.; absDiff=0.
OK: hollow.geometry.cx; actual=0.; expected=0.; absDiff=0.
OK: hollow.geometry.cy; actual=0.; expected=0.; absDiff=0.
OK: hollow.geometry.outerConcrete
OK: hollow.geometry.openingExcluded
OK: hollow.geometry.outsideExcluded
OK: hollow.geometry.offset.valid
OK: hollow.geometry.offset.cxOppositeOpening
OK: hollow.geometry.offset.cyOppositeOpening

PERF|current|run=1|case=geometry_hollow_rebars; passed=76; failed=0; elapsedSec=0.0859375; solves=0; probes=0; planeProbes=0; probeReuse=0; stateReuse=0; unconvergedProbes=0; unconfirmedPhysical=0; newtonCalls=0; integrations=0; iterations=0; retries=0; geometrySec=0; coreSec=0; packagingSec=0; writeSec=0; modelSizes=
OK: hollow.rebar.external.top
OK: hollow.rebar.external.bottom
OK: hollow.rebar.external.left
OK: hollow.rebar.external.right
OK: hollow.rebar.hLeft.firstX; actual=-210.; expected=-210.; absDiff=0.
OK: hollow.rebar.hLeft.firstY; actual=-220.; expected=-220.; absDiff=0.
OK: hollow.rebar.hLeft.lastX; actual=-210.; expected=-210.; absDiff=0.
OK: hollow.rebar.hLeft.lastY; actual=220.; expected=220.; absDiff=0.
OK: hollow.rebar.bTop.anchorStartY; actual=360.; expected=360.; absDiff=0.
OK: hollow.rebar.bTop.anchorEndY; actual=360.; expected=360.; absDiff=0.
OK: hollow.rebar.bBottom.anchorStartY; actual=-360.; expected=-360.; absDiff=0.
OK: hollow.rebar.bBottom.anchorEndY; actual=-360.; expected=-360.; absDiff=0.
OK: hollow.rebar.openingBTop.anchorStartY; actual=290.; expected=290.; absDiff=0.
OK: hollow.rebar.openingBTop.anchorEndY; actual=290.; expected=290.; absDiff=0.
OK: hollow.rebar.openingBBottom.anchorStartY; actual=-290.; expected=-290.; absDiff=0.
OK: hollow.rebar.openingBBottom.anchorEndY; actual=-290.; expected=-290.; absDiff=0.
OK: hollow.rebar.opening.topProjected
OK: hollow.rebar.opening.bottomProjected
OK: hollow.rebar.opening.leftProjected
OK: hollow.rebar.opening.rightProjected
OK: hollow.rebar.inside.1
OK: hollow.rebar.inside.2
OK: hollow.rebar.inside.3
OK: hollow.rebar.inside.4
OK: hollow.rebar.inside.5
OK: hollow.rebar.inside.6
OK: hollow.rebar.inside.7
OK: hollow.rebar.inside.8
OK: hollow.rebar.inside.9
OK: hollow.rebar.inside.10
OK: hollow.rebar.inside.11
OK: hollow.rebar.inside.12
OK: hollow.rebar.inside.13
OK: hollow.rebar.inside.14
OK: hollow.rebar.inside.15
OK: hollow.rebar.inside.16
OK: hollow.rebar.inside.17
OK: hollow.rebar.inside.18
OK: hollow.rebar.inside.19
OK: hollow.rebar.inside.20
OK: hollow.rebar.inside.21
OK: hollow.rebar.inside.22
OK: hollow.rebar.inside.23
OK: hollow.rebar.inside.24
OK: hollow.rebar.inside.25
OK: hollow.rebar.inside.26
OK: hollow.rebar.inside.27
OK: hollow.rebar.inside.28
OK: hollow.rebar.inside.29
OK: hollow.rebar.inside.30
OK: hollow.rebar.inside.31
OK: hollow.rebar.inside.32
OK: hollow.rebar.inside.33
OK: hollow.rebar.inside.34
OK: hollow.rebar.inside.35
OK: hollow.rebar.inside.36
OK: hollow.rebar.inside.37
OK: hollow.rebar.inside.38
OK: hollow.rebar.inside.39
OK: hollow.rebar.inside.40
OK: hollow.rebar.inside.41
OK: hollow.rebar.inside.42
OK: hollow.rebar.inside.43
OK: hollow.rebar.inside.44
OK: hollow.rebar.inside.45
OK: hollow.rebar.inside.46
OK: hollow.rebar.inside.47
OK: hollow.rebar.inside.48
OK: hollow.rebar.inside.49
OK: hollow.rebar.inside.50
OK: hollow.rebar.inside.51
OK: hollow.rebar.inside.52
OK: hollow.rebar.inside.53
OK: hollow.rebar.inside.54
OK: hollow.rebar.inside.55
OK: hollow.rebar.inside.56

PERF|current|run=1|case=geometry_hollow_mesh; passed=3; failed=0; elapsedSec=9.9482421875; solves=0; probes=0; planeProbes=0; probeReuse=0; stateReuse=0; unconvergedProbes=0; unconfirmedPhysical=0; newtonCalls=0; integrations=0; iterations=0; retries=0; geometrySec=9.865234375; coreSec=0; packagingSec=0; writeSec=0; modelSizes=3717f/0r
OK: perf.hollow.areaAvailable
OK: perf.hollow.gridArea
OK: perf.hollow.empty
NUMERIC: hollow; fibers=3717; area=298200; x=-13.3735747820255; y=10.0301810865191; Ix=18830574728.3711; Iy=7669851183.76884; Ixy=159640362.173038

PERF|current|run=1|case=batch_write; passed=168; failed=0; elapsedSec=0.6220703125; solves=3; probes=0; planeProbes=21; probeReuse=0; stateReuse=0; unconvergedProbes=0; unconfirmedPhysical=0; newtonCalls=24; integrations=98; iterations=49; retries=0; geometrySec=0.0009765625; coreSec=0.01171875; packagingSec=0.00390625; writeSec=0.8115234375; modelSizes=100f/4r
OK: batch.writer.fixedRow
OK: batch.writer.noResultOverlap
OK: batch.writer.rangeSize
OK: batch.writer.strengthBlockPosition
OK: batch.writer.crackBlockPosition
OK: batch.writer.stabilityBlockPosition
OK: batch.writer.meta.worstLabel
OK: batch.writer.meta.worstValue
OK: batch.writer.meta.solverCalls
OK: batch.writer.meta.valuesCentered
OK: batch.writer.header.statusGroup
OK: batch.writer.header.reserveGroup
OK: batch.writer.header.statusStrength
OK: batch.writer.header.reserveStrength
OK: batch.writer.header.centered
OK: batch.writer.header.commentLeft
OK: batch.writer.header.epsilon
OK: batch.writer.header.sp63StatusPlaneMerge
OK: batch.writer.header.sp63ReservePlaneMerge
OK: batch.writer.header.id
OK: batch.writer.header.idMergeRows
OK: batch.writer.header.commentRow
OK: batch.writer.worst.label
OK: batch.writer.worst.commentDash
OK: batch.writer.worst.resultCommentDash
OK: batch.writer.worst.overallDash
OK: batch.writer.worst.noNa
OK: batch.writer.worst.bold
OK: batch.writer.statusLegend.title
OK: batch.writer.statusLegend.header
OK: batch.writer.statusLegend.values
OK: batch.writer.statusLegend.mergeOnlyTitle
OK: batch.writer.statusLegend.noWrap
OK: batch.writer.statusLegend.italicValues
OK: batch.writer.statusLegend.colors
OK: batch.writer.reserve.dataNotHeaderFill
OK: batch.writer.worst.strain.combinationFound
OK: batch.writer.worst.strain.reserve.bothNumeric
OK: batch.writer.worst.strain.reserve; actual=23.654566819636; expected=23.654566819636
OK: batch.writer.worst.capacity.combinationFound
OK: batch.writer.worst.capacity.reserve.bothNumeric
OK: batch.writer.worst.capacity.reserve; actual=9.761081549025; expected=9.761081549025
OK: batch.writer.worst.crack.notApplicable
OK: batch.writer.worst.longCrack.combinationFound
OK: batch.writer.worst.longCrack.reserve.bothNumeric
OK: batch.writer.worst.longCrack.reserve; actual=12.30931237624; expected=12.30931237624
OK: batch.writer.worst.sp35p1eta.combinationFound
OK: batch.writer.worst.sp35p1eta.reserve.bothNumeric
OK: batch.writer.worst.sp35p1eta.reserve; actual=0.900052311686; expected=0.900052311686
OK: batch.writer.worst.sp35p1table.notApplicable
OK: batch.writer.worst.sp35p2eta.combinationFound
OK: batch.writer.worst.sp35p2eta.reserve.bothNumeric
OK: batch.writer.worst.sp35p2eta.reserve; actual=0.326769903983; expected=0.326769903983
OK: batch.writer.worst.sp35p2table.notApplicable
OK: batch.writer.worst.sp63p1.notApplicable
OK: batch.writer.worst.sp63p2.notApplicable
OK: batch.writer.data.firstId
OK: batch.writer.data.capacityStatus
OK: batch.writer.data.capacityReserve
OK: batch.writer.data.statusColors
OK: batch.writer.strength.statusColors
OK: batch.writer.strength.absentZonesBlank
OK: batch.writer.strength.presentTensionKept
OK: batch.writer.crack.statusColors
OK: batch.writer.crack.header.formationTitle
OK: batch.writer.crack.header.crackedStateTitle
OK: batch.writer.crack.header.title
OK: batch.writer.crack.header.mcrcNote
OK: batch.writer.crack.header.formationStatus
OK: batch.writer.crack.header.state
OK: batch.writer.crack.header.crackedStateStatus
OK: batch.writer.crack.header.es
OK: batch.writer.crack.header.normalStatusRu
OK: batch.writer.crack.header.longStatusRu
OK: batch.writer.crack.header.notesPlain
OK: batch.writer.crack.header.notesFill
OK: batch.writer.crack.availableRowsBorder
OK: batch.writer.stability.statusColor
OK: batch.writer.stability.header.summary
OK: batch.writer.stability.header.statusWidth
OK: batch.writer.stability.header.mainAxes
OK: batch.writer.stability.header.noExtraTier
OK: batch.writer.stability.header.sp35
OK: batch.writer.stability.header.sp63
OK: batch.writer.stability.header.notes
OK: batch.writer.stability.header.notesPlain
OK: batch.writer.stability.header.notesFill
OK: batch.writer.stability.header.sp35NcrBranch
OK: batch.writer.stability.header.sp63PlaneHeight
OK: batch.writer.stability.header.sp35Ratio
OK: batch.writer.stability.columnWidthA; actual=10.; expected=10.
OK: batch.writer.stability.columnWidthN; actual=10.; expected=10.
OK: batch.writer.stability.columnWidthAF; actual=10.; expected=10.
OK: batch.writer.stability.columnWidthCC; actual=10.; expected=10.
OK: batch.writer.stability.availableRowsBorder
OK: batch.writer.stability.lowerRanges
OK: batch.writer.reserve.W1.summaryRow
OK: batch.writer.reserve.W1.strengthRow
OK: batch.writer.reserve.W1.crackRow
OK: batch.writer.reserve.W1.stabilityRow
OK: batch.writer.reserve.W1.strain.bothNumeric
OK: batch.writer.reserve.W1.strain; actual=23.654566819636; expected=23.654566819636
OK: batch.writer.reserve.W1.capacity.bothNumeric
OK: batch.writer.reserve.W1.capacity; actual=9.761081549025; expected=9.761081549025
OK: batch.writer.reserve.W1.crack.bothNumeric
OK: batch.writer.reserve.W1.crack; actual=0.; expected=0.
OK: batch.writer.reserve.W1.longCrack.bothNumeric
OK: batch.writer.reserve.W1.longCrack; actual=0.; expected=0.
OK: batch.writer.reserve.W1.sp35p1eta.bothNumeric
OK: batch.writer.reserve.W1.sp35p1eta; actual=0.900052311686; expected=0.900052311686
OK: batch.writer.reserve.W1.sp35p1table.bothNumeric
OK: batch.writer.reserve.W1.sp35p1table; actual=0.; expected=0.
OK: batch.writer.reserve.W1.sp35p2eta.bothNumeric
OK: batch.writer.reserve.W1.sp35p2eta; actual=0.326769903983; expected=0.326769903983
OK: batch.writer.reserve.W1.sp35p2table.bothNumeric
OK: batch.writer.reserve.W1.sp35p2table; actual=0.; expected=0.
OK: batch.writer.reserve.W1.sp63p1.bothNumeric
OK: batch.writer.reserve.W1.sp63p1; actual=0.; expected=0.
OK: batch.writer.reserve.W1.sp63p2.bothNumeric
OK: batch.writer.reserve.W1.sp63p2; actual=0.; expected=0.
OK: batch.writer.reserve.W2.summaryRow
OK: batch.writer.reserve.W2.strengthRow
OK: batch.writer.reserve.W2.crackRow
OK: batch.writer.reserve.W2.stabilityRow
OK: batch.writer.reserve.W2.strain.bothNumeric
OK: batch.writer.reserve.W2.strain; actual=0.; expected=0.
OK: batch.writer.reserve.W2.capacity.bothNumeric
OK: batch.writer.reserve.W2.capacity; actual=0.; expected=0.
OK: batch.writer.reserve.W2.crack.bothNumeric
OK: batch.writer.reserve.W2.crack; actual=0.; expected=0.
OK: batch.writer.reserve.W2.longCrack.bothNumeric
OK: batch.writer.reserve.W2.longCrack; actual=12.30931237624; expected=12.30931237624
OK: batch.writer.reserve.W2.sp35p1eta.bothNumeric
OK: batch.writer.reserve.W2.sp35p1eta; actual=0.; expected=0.
OK: batch.writer.reserve.W2.sp35p1table.bothNumeric
OK: batch.writer.reserve.W2.sp35p1table; actual=0.; expected=0.
OK: batch.writer.reserve.W2.sp35p2eta.bothNumeric
OK: batch.writer.reserve.W2.sp35p2eta; actual=0.; expected=0.
OK: batch.writer.reserve.W2.sp35p2table.bothNumeric
OK: batch.writer.reserve.W2.sp35p2table; actual=0.; expected=0.
OK: batch.writer.reserve.W2.sp63p1.bothNumeric
OK: batch.writer.reserve.W2.sp63p1; actual=0.; expected=0.
OK: batch.writer.reserve.W2.sp63p2.bothNumeric
OK: batch.writer.reserve.W2.sp63p2; actual=0.; expected=0.
OK: batch.writer.reserve.WT.summaryRow
OK: batch.writer.reserve.WT.strengthRow
OK: batch.writer.reserve.WT.crackRow
OK: batch.writer.reserve.WT.stabilityRow
OK: batch.writer.reserve.WT.strain.bothNumeric
OK: batch.writer.reserve.WT.strain; actual=628.318530717958; expected=628.318530717958
OK: batch.writer.reserve.WT.capacity.bothNumeric
OK: batch.writer.reserve.WT.capacity; actual=0.; expected=0.
OK: batch.writer.reserve.WT.crack.bothNumeric
OK: batch.writer.reserve.WT.crack; actual=0.; expected=0.
OK: batch.writer.reserve.WT.longCrack.bothNumeric
OK: batch.writer.reserve.WT.longCrack; actual=0.; expected=0.
OK: batch.writer.reserve.WT.sp35p1eta.bothNumeric
OK: batch.writer.reserve.WT.sp35p1eta; actual=0.; expected=0.
OK: batch.writer.reserve.WT.sp35p1table.bothNumeric
OK: batch.writer.reserve.WT.sp35p1table; actual=0.; expected=0.
OK: batch.writer.reserve.WT.sp35p2eta.bothNumeric
OK: batch.writer.reserve.WT.sp35p2eta; actual=0.; expected=0.
OK: batch.writer.reserve.WT.sp35p2table.bothNumeric
OK: batch.writer.reserve.WT.sp35p2table; actual=0.; expected=0.
OK: batch.writer.reserve.WT.sp63p1.bothNumeric
OK: batch.writer.reserve.WT.sp63p1; actual=0.; expected=0.
OK: batch.writer.reserve.WT.sp63p2.bothNumeric
OK: batch.writer.reserve.WT.sp63p2; actual=0.; expected=0.

PERF|current|run=2|case=bending; passed=11; failed=0; elapsedSec=0.1337890625; solves=28; probes=24; planeProbes=0; probeReuse=0; stateReuse=0; unconvergedProbes=0; unconfirmedPhysical=0; newtonCalls=176; integrations=720; iterations=384; retries=0; geometrySec=0.0009765625; coreSec=0.1103515625; packagingSec=0; writeSec=0; modelSizes=150f/4r
OK: capacity.mx.negative.converged
OK: capacity.mx.positive.converged
OK: capacity.mx.negative.sign
OK: capacity.mx.positive.sign
OK: capacity.mx.limit.physical
OK: capacity.mx.negative.N; actual=-300000.; expected=-300000.; relDiff=0.
OK: capacity.mx.negative.Mx; actual=-30937500.; expected=-30937500.; relDiff=0.
OK: capacity.mx.negative.My; actual=-0.000000000102; expected=0.; absDiff=0.000000000102
OK: capacity.mx.positive.N; actual=-300000.; expected=-300000.; relDiff=0.
OK: capacity.mx.positive.Mx; actual=30937500.; expected=30937500.; relDiff=0.
OK: capacity.mx.positive.My; actual=0.000000001062; expected=0.; absDiff=0.000000001062

PERF|current|run=2|case=biaxial; passed=32; failed=0; elapsedSec=0.287109375; solves=48; probes=48; planeProbes=0; probeReuse=0; stateReuse=0; unconvergedProbes=0; unconfirmedPhysical=0; newtonCalls=384; integrations=1488; iterations=912; retries=0; geometrySec=0.0009765625; coreSec=0.23828125; packagingSec=0; writeSec=0; modelSizes=150f/4r
OK: capacity.mxy.pp.converged
OK: capacity.mxy.pp.lambda.positive
OK: capacity.mxy.pp.mx.sign
OK: capacity.mxy.pp.my.sign
OK: capacity.mxy.pp.direction; actual=0.; expected=0.; absDiff=0.
OK: capacity.mxy.pp.N; actual=-250000.; expected=-250000.; relDiff=0.
OK: capacity.mxy.pp.Mx; actual=21468750.; expected=21468750.; relDiff=0.
OK: capacity.mxy.pp.My; actual=14312500.; expected=14312500.; relDiff=0.
OK: capacity.mxy.np.converged
OK: capacity.mxy.np.lambda.positive
OK: capacity.mxy.np.mx.sign
OK: capacity.mxy.np.my.sign
OK: capacity.mxy.np.direction; actual=0.; expected=0.; absDiff=0.
OK: capacity.mxy.np.N; actual=-250000.; expected=-250000.; relDiff=0.
OK: capacity.mxy.np.Mx; actual=-21468750.; expected=-21468750.; relDiff=0.
OK: capacity.mxy.np.My; actual=14312500.; expected=14312500.; relDiff=0.
OK: capacity.mxy.pn.converged
OK: capacity.mxy.pn.lambda.positive
OK: capacity.mxy.pn.mx.sign
OK: capacity.mxy.pn.my.sign
OK: capacity.mxy.pn.direction; actual=0.; expected=0.; absDiff=0.
OK: capacity.mxy.pn.N; actual=-250000.; expected=-250000.; relDiff=0.
OK: capacity.mxy.pn.Mx; actual=21468750.; expected=21468750.; relDiff=0.
OK: capacity.mxy.pn.My; actual=-14312500.; expected=-14312500.; relDiff=0.
OK: capacity.mxy.nn.converged
OK: capacity.mxy.nn.lambda.positive
OK: capacity.mxy.nn.mx.sign
OK: capacity.mxy.nn.my.sign
OK: capacity.mxy.nn.direction; actual=0.; expected=0.; absDiff=0.
OK: capacity.mxy.nn.N; actual=-250000.; expected=-250000.; relDiff=0.
OK: capacity.mxy.nn.Mx; actual=-21468750.; expected=-21468750.; relDiff=0.
OK: capacity.mxy.nn.My; actual=-14312500.; expected=-14312500.; relDiff=0.

PERF|current|run=2|case=asymmetric; passed=6; failed=0; elapsedSec=15.001953125; solves=94; probes=23; planeProbes=0; probeReuse=0; stateReuse=0; unconvergedProbes=25; unconfirmedPhysical=0; newtonCalls=671; integrations=7269; iterations=3874; retries=20; geometrySec=0.01171875; coreSec=14.0703125; packagingSec=0; writeSec=0; modelSizes=2875f/0r|2875f/4r
OK: capacity.asym.Ixy.nonzero
OK: capacity.asym.converged
OK: capacity.asym.coupledKappaY
OK: capacity.asym.N; actual=-260000.; expected=-260000.; relDiff=0.
OK: capacity.asym.Mx; actual=-320000000.; expected=-320000000.; relDiff=0.
OK: capacity.asym.My; actual=-0.000000072119; expected=0.; absDiff=0.000000072119

PERF|current|run=2|case=axial; passed=12; failed=0; elapsedSec=0.1748046875; solves=38; probes=12; planeProbes=0; probeReuse=0; stateReuse=0; unconvergedProbes=10; unconfirmedPhysical=0; newtonCalls=286; integrations=842; iterations=558; retries=8; geometrySec=0.0009765625; coreSec=0.162109375; packagingSec=0; writeSec=0; modelSizes=150f/4r
OK: capacity.nult.compression.converged
OK: capacity.nult.compression.sign
OK: capacity.nult.compression.safety
OK: capacity.nult.compression.N; actual=-1287513.24397852; expected=-1287513.24397852; relDiff=0.
OK: capacity.nult.compression.Mx; actual=0.; expected=0.; absDiff=0.
OK: capacity.nult.compression.My; actual=0.000000000466; expected=0.; absDiff=0.000000000466
OK: capacity.nult.tension.converged
OK: capacity.nult.tension.sign
OK: capacity.nult.tension.safety
OK: capacity.nult.tension.N; actual=439822.971502571; expected=439822.971502571; relDiff=0.
OK: capacity.nult.tension.Mx; actual=-0.000000000116; expected=0.; absDiff=0.000000000116
OK: capacity.nult.tension.My; actual=-0.000000000175; expected=0.; absDiff=0.000000000175

PERF|current|run=2|case=methods; passed=16; failed=0; elapsedSec=0.1376953125; solves=30; probes=32; planeProbes=0; probeReuse=5; stateReuse=0; unconvergedProbes=0; unconfirmedPhysical=0; newtonCalls=204; integrations=787; iterations=442; retries=0; geometrySec=0.0009765625; coreSec=0.1171875; packagingSec=0; writeSec=0; modelSizes=150f/4r
OK: search.bisection.converged
OK: search.brent.converged
OK: search.secant.converged
OK: search.bisection.branch
OK: search.brent.branch
OK: search.secant.branch
OK: search.brent.independent
OK: search.secant.independent
OK: search.brent.lambda; actual=3.09776378716; expected=3.09375; absDiff=0.00401378716
OK: search.secant.lambda; actual=3.098514991183; expected=3.09375; absDiff=0.004764991183
OK: search.brent.N; actual=-300000.; expected=-300000.; relDiff=0.
OK: search.brent.Mx; actual=-30977637.8716034; expected=-30977637.8716034; relDiff=0.
OK: search.brent.My; actual=-0.000000000582; expected=0.; absDiff=0.000000000582
OK: search.secant.N; actual=-300000.; expected=-300000.; relDiff=0.
OK: search.secant.Mx; actual=-30985149.9118327; expected=-30985149.9118327; relDiff=0.
OK: search.secant.My; actual=0.00000000032; expected=0.; absDiff=0.00000000032

PERF|current|run=2|case=capacity_strategies; passed=36; failed=0; elapsedSec=0.7568359375; solves=82; probes=66; planeProbes=51; probeReuse=0; stateReuse=0; unconvergedProbes=5; unconfirmedPhysical=0; newtonCalls=691; integrations=2677; iterations=1550; retries=4; geometrySec=0.005859375; coreSec=0.650390625; packagingSec=0; writeSec=0; modelSizes=150f/4r|489f/4r
OK: method.pure_compression.load.invalid
OK: method.pure_compression.strain.invalid
COMPARE|method.pure_compression.load|converged=False|lambda=0.|limitState=InvalidInput|criticalStrain=0.|criticalElement=|solverCalls=0|elapsedSec=0.
COMPARE|method.pure_compression.strain|converged=False|lambda=0.|limitState=InvalidInput|criticalStrain=0.|criticalElement=|solverCalls=0|elapsedSec=0.
OK: method.n_plus_mx.load.converged
OK: method.n_plus_mx.strain.converged
OK: method.n_plus_mx.lambda; actual=3.09871424391; expected=3.09375; absDiff=0.00496424391
OK: method.n_plus_mx.limitState
OK: method.n_plus_mx.criticalElement
OK: method.n_plus_mx.solverCalls
COMPARE|method.n_plus_mx.load|converged=True|lambda=3.09375|limitState=ConcreteStrainLimit|criticalStrain=-0.001501652538|criticalElement=C142:Compression|solverCalls=12|elapsedSec=0.060546875
COMPARE|method.n_plus_mx.strain|converged=True|lambda=3.09871424391|limitState=ConcreteStrainLimit|criticalStrain=-0.0015|criticalElement=C136:Compression|solverCalls=6|elapsedSec=0.0029296875
OK: method.n_plus_my.load.converged
OK: method.n_plus_my.strain.converged
OK: method.n_plus_my.lambda; actual=4.490409406951; expected=4.484375; absDiff=0.006034406951
OK: method.n_plus_my.limitState
OK: method.n_plus_my.criticalElement
OK: method.n_plus_my.solverCalls
COMPARE|method.n_plus_my.load|converged=True|lambda=4.484375|limitState=ConcreteStrainLimit|criticalStrain=-0.001500652149|criticalElement=C15:Compression|solverCalls=18|elapsedSec=0.21875
COMPARE|method.n_plus_my.strain|converged=True|lambda=4.490409406951|limitState=ConcreteStrainLimit|criticalStrain=-0.0015|criticalElement=C150:Compression|solverCalls=6|elapsedSec=0.00390625
OK: method.biaxial.load.converged
OK: method.biaxial.strain.converged
OK: method.biaxial.lambda; actual=3.583378103741; expected=3.578125; absDiff=0.005253103741
OK: method.biaxial.limitState
OK: method.biaxial.criticalElement
OK: method.biaxial.solverCalls
COMPARE|method.biaxial.load|converged=True|lambda=3.578125|limitState=ConcreteStrainLimit|criticalStrain=-0.001501063653|criticalElement=C150:Compression|solverCalls=12|elapsedSec=0.06640625
COMPARE|method.biaxial.strain|converged=True|lambda=3.583378103741|limitState=ConcreteStrainLimit|criticalStrain=-0.0015|criticalElement=C150:Compression|solverCalls=16|elapsedSec=0.0078125
OK: method.circle.load.converged
OK: method.circle.strain.converged
OK: method.circle.symmetry; actual=31453125.; expected=31489108.1594418; relDiff=0.001142717643
OK: method.circle.criticalElement
COMPARE|method.circle.load|converged=True|lambda=5.2421875|limitState=ConcreteStrainLimit|criticalStrain=-0.001498237699|criticalElement=C483:Compression|solverCalls=14|elapsedSec=0.
COMPARE|method.circle.strain|converged=True|lambda=5.24818469324|limitState=ConcreteStrainLimit|criticalStrain=-0.0015|criticalElement=C182:Compression|solverCalls=11|elapsedSec=0.
OK: method.strain_limit.load.converged
OK: method.strain_limit.strain.converged
OK: method.strain_limit.lambda; actual=4.795168098697; expected=4.7890625; absDiff=0.006105598697
OK: method.strain_limit.limitState
OK: method.strain_limit.criticalElement
OK: method.strain_limit.criticalUtilization
COMPARE|method.strain_limit.load|converged=True|lambda=4.7890625|limitState=ConcreteStrainLimit|criticalStrain=-0.000599236031|criticalElement=C136:Compression|solverCalls=14|elapsedSec=0.
COMPARE|method.strain_limit.strain|converged=True|lambda=4.795168098697|limitState=ConcreteStrainLimit|criticalStrain=-0.0006|criticalElement=C136:Compression|solverCalls=1|elapsedSec=0.
OK: method.numericalFailure.notConverged
OK: method.numericalFailure.state
OK: method.numericalFailure.noPhysicalUpper
COMPARE|method.numericalFailure.strain|converged=False|lambda=0.|limitState=NumericalFailure|criticalStrain=-0.001500000001|criticalElement=C150:Compression|solverCalls=5|elapsedSec=0.
OK: method.maxLambdaIgnored.converged
OK: method.maxLambdaIgnored.lambdaAboveLimit
OK: method.maxLambdaIgnored.momentStored

PERF|current|run=2|case=crack_bending; passed=39; failed=0; elapsedSec=0.375; solves=72; probes=66; planeProbes=0; probeReuse=0; stateReuse=0; unconvergedProbes=0; unconfirmedPhysical=0; newtonCalls=576; integrations=1697; iterations=1025; retries=0; geometrySec=0.0029296875; coreSec=0.2861328125; packagingSec=0; writeSec=0; modelSizes=150f/4r
OK: crack.auto.pureMx.converged
OK: crack.auto.pureMx.formed
OK: crack.auto.pureMx.tensionBars
OK: crack.auto.pureMx.sigmaPositive
OK: crack.auto.pureMx.spacingPositive
OK: crack.auto.pureMx.widthFormula; actual=0.150903530526; expected=0.150903530526; absDiff=0.
OK: crack.auto.pureMx.utilization; actual=1509.03530526357; expected=1509.03530526357; absDiff=0.
OK: crack.auto.pureMx.lambda
OK: crack.auto.pureMx.preCrackState
OK: crack.auto.pureMx.postCrackState
OK: crack.auto.pureMx.psiReduced
OK: crack.auto.pureMx.preCrack.twoSign
OK: crack.auto.pureMx.preCrack.epsBtUlt; actual=0.00015; expected=0.00015; absDiff=0.
OK: crack.auto.pureMy.converged
OK: crack.auto.pureMy.formed
OK: crack.auto.pureMy.tensionBars
OK: crack.auto.pureMy.sigmaPositive
OK: crack.auto.pureMy.spacingPositive
OK: crack.auto.pureMy.widthFormula; actual=0.068784054628; expected=0.068784054628; absDiff=0.
OK: crack.auto.pureMy.utilization; actual=687.840546281971; expected=687.840546281971; absDiff=0.
OK: crack.auto.pureMy.lambda
OK: crack.auto.pureMy.preCrackState
OK: crack.auto.pureMy.postCrackState
OK: crack.auto.pureMy.psiReduced
OK: crack.auto.pureMy.preCrack.twoSign
OK: crack.auto.pureMy.preCrack.epsBtUlt; actual=0.00015; expected=0.00015; absDiff=0.
OK: crack.auto.pureMxy.converged
OK: crack.auto.pureMxy.formed
OK: crack.auto.pureMxy.tensionBars
OK: crack.auto.pureMxy.sigmaPositive
OK: crack.auto.pureMxy.spacingPositive
OK: crack.auto.pureMxy.widthFormula; actual=0.128222487931; expected=0.128222487931; absDiff=0.
OK: crack.auto.pureMxy.utilization; actual=1282.22487931034; expected=1282.22487931034; absDiff=0.
OK: crack.auto.pureMxy.lambda
OK: crack.auto.pureMxy.preCrackState
OK: crack.auto.pureMxy.postCrackState
OK: crack.auto.pureMxy.psiReduced
OK: crack.auto.pureMxy.preCrack.twoSign
OK: crack.auto.pureMxy.preCrack.epsBtUlt; actual=0.00015; expected=0.00015; absDiff=0.

PERF|current|run=2|case=crack_paths; passed=52; failed=0; elapsedSec=0.3330078125; solves=56; probes=44; planeProbes=0; probeReuse=0; stateReuse=0; unconvergedProbes=0; unconfirmedPhysical=0; newtonCalls=448; integrations=1459; iterations=806; retries=0; geometrySec=0.0029296875; coreSec=0.23828125; packagingSec=0; writeSec=0; modelSizes=150f/4r
OK: crack.path.mxy.converged
OK: crack.path.mxy.formed
OK: crack.path.mxy.tensionBars
OK: crack.path.mxy.sigmaPositive
OK: crack.path.mxy.spacingPositive
OK: crack.path.mxy.widthFormula; actual=0.133858060725; expected=0.133858060725; absDiff=0.
OK: crack.path.mxy.utilization; actual=1338.58060725361; expected=1338.58060725361; absDiff=0.
OK: crack.path.mxy.lambda
OK: crack.path.mxy.nFixed; actual=-20000.; expected=-20000.; absDiff=0.
OK: crack.path.n.converged
OK: crack.path.n.formed
OK: crack.path.n.tensionBars
OK: crack.path.n.sigmaPositive
OK: crack.path.n.spacingPositive
OK: crack.path.n.widthFormula; actual=0.139403828281; expected=0.139403828281; absDiff=0.
OK: crack.path.n.utilization; actual=1394.03828280626; expected=1394.03828280626; absDiff=0.
OK: crack.path.n.central
OK: crack.path.n.formationN; actual=119657.725354552; expected=119657.725354552; absDiff=0.
OK: crack.path.autoN.converged
OK: crack.path.autoN.formed
OK: crack.path.autoN.tensionBars
OK: crack.path.autoN.sigmaPositive
OK: crack.path.autoN.spacingPositive
OK: crack.path.autoN.widthFormula; actual=0.139403828281; expected=0.139403828281; absDiff=0.
OK: crack.path.autoN.utilization; actual=1394.03828280626; expected=1394.03828280626; absDiff=0.
OK: crack.path.autoN.central
OK: crack.path.autoN.method
OK: crack.path.autoN.formationN; actual=119657.725354552; expected=119657.725354552; absDiff=0.
OK: crack.path.nmxy.converged
OK: crack.path.nmxy.formed
OK: crack.path.nmxy.tensionBars
OK: crack.path.nmxy.sigmaPositive
OK: crack.path.nmxy.spacingPositive
OK: crack.path.nmxy.widthFormula; actual=0.131351003693; expected=0.131351003693; absDiff=0.
OK: crack.path.nmxy.utilization; actual=1313.5100369324; expected=1313.5100369324; absDiff=0.
OK: crack.path.nmxy.lambda
OK: crack.path.nmxy.nScaled; actual=-10565.5573022651; expected=-10565.5573022651; absDiff=0.
OK: crack.path.nmxy.mScaled; actual=7924167.97669881; expected=7924167.97669881; absDiff=0.
OK: crack.path.nFixedMomentFallback.converged
OK: crack.path.nFixedMomentFallback.formed
OK: crack.path.nFixedMomentFallback.lambda0; actual=0.; expected=0.; absDiff=0.
OK: crack.path.nFixedMomentFallback.noFormationN; actual=0.; expected=0.; absDiff=0.
OK: crack.path.nFixedMomentFallback.noMcrc; actual=0.; expected=0.; absDiff=0.
OK: crack.path.nFixedMomentFallback.noBeforeState
OK: crack.path.nFixedMomentFallback.noAfterState
OK: crack.path.nFixedMomentFallback.psi1; actual=1.; expected=1.; absDiff=0.
OK: crack.path.nFixedMomentFallback.status
OK: crack.path.mxyAxialFallback.converged
OK: crack.path.mxyAxialFallback.formed
OK: crack.path.mxyAxialFallback.lambda0; actual=0.; expected=0.; absDiff=0.
OK: crack.path.mxyAxialFallback.psi1; actual=1.; expected=1.; absDiff=0.
OK: crack.path.mxyAxialFallback.status

PERF|current|run=2|case=crack_cache; passed=22; failed=0; elapsedSec=0.2919921875; solves=50; probes=44; planeProbes=0; probeReuse=0; stateReuse=1; unconvergedProbes=0; unconfirmedPhysical=0; newtonCalls=400; integrations=1287; iterations=707; retries=0; geometrySec=0.0009765625; coreSec=0.2099609375; packagingSec=0.0009765625; writeSec=0; modelSizes=150f/4r
OK: crack.cache.first.converged
OK: crack.cache.first.formed
OK: crack.cache.first.tensionBars
OK: crack.cache.first.sigmaPositive
OK: crack.cache.first.spacingPositive
OK: crack.cache.first.widthFormula; actual=0.133858060725; expected=0.133858060725; absDiff=0.
OK: crack.cache.first.utilization; actual=0.133858060725; expected=0.133858060725; absDiff=0.
OK: crack.cache.first.sigmaCrc
OK: crack.cache.first.preState
OK: crack.cache.first.postState
OK: crack.cache.second.converged
OK: crack.cache.second.formed
OK: crack.cache.second.tensionBars
OK: crack.cache.second.sigmaPositive
OK: crack.cache.second.spacingPositive
OK: crack.cache.second.widthFormula; actual=0.133858060725; expected=0.133858060725; absDiff=0.
OK: crack.cache.second.utilization; actual=0.133858060725; expected=0.133858060725; absDiff=0.
OK: crack.cache.second.reused
OK: crack.cache.second.noLastRunner
OK: crack.cache.second.sigmaCrc
OK: crack.cache.second.preState
OK: crack.cache.second.postState

PERF|current|run=2|case=geometry_rounded; passed=6; failed=0; elapsedSec=0.1845703125; solves=0; probes=0; planeProbes=0; probeReuse=0; stateReuse=0; unconvergedProbes=0; unconfirmedPhysical=0; newtonCalls=0; integrations=0; iterations=0; retries=0; geometrySec=0.0693359375; coreSec=0; packagingSec=0; writeSec=0; modelSizes=7596f/0r
OK: sym.area.available
OK: sym.area; actual=47475.; expected=47457.8928833008; relDiff=0.000360469369
OK: sym.cx; actual=0.; expected=0.; absDiff=0.
OK: sym.cy; actual=0.; expected=0.; absDiff=0.
OK: sym.Ixy; actual=0.; expected=0.; absDiff=0.
OK: sym.principal.angle; actual=1.570796326795; expected=1.570796326795; absDiff=0.

PERF|current|run=2|case=geometry_tapered; passed=11; failed=0; elapsedSec=0.015625; solves=0; probes=0; planeProbes=0; probeReuse=0; stateReuse=0; unconvergedProbes=0; unconfirmedPhysical=0; newtonCalls=0; integrations=0; iterations=0; retries=0; geometrySec=0.005859375; coreSec=0; packagingSec=0; writeSec=0; modelSizes=95f/0r|379f/0r
OK: rounded.tapered.area.positive
OK: rounded.tapered.centroid.inside
OK: rounded.tapered.rightExtension
OK: rounded.tapered.height; actual=180.; expected=180.; absDiff=0.
OK: rounded.tapered.area.convergence; actual=59218.75; expected=59375.; relDiff=0.002631578947
OK: rounded.tapered.Ix.convergence; actual=143398803.603575; expected=144005276.864035; relDiff=0.004211465536
OK: rounded.tapered.variableAngle.topTangent; actual=375.735931288071; expected=375.735931288071; absDiff=0.000000000001
OK: rounded.tapered.variableAngle.maxX; actual=708.57864376269; expected=708.57864376269; absDiff=0.
OK: rounded.tapered.variableAngle.maxLessThanRawApex
OK: rounded.tapered.r1GreaterThanHalfHeight.valid
OK: rounded.tapered.radiiOverlap.invalid

PERF|current|run=2|case=geometry_hollow; passed=11; failed=0; elapsedSec=0.001953125; solves=0; probes=0; planeProbes=0; probeReuse=0; stateReuse=0; unconvergedProbes=0; unconfirmedPhysical=0; newtonCalls=0; integrations=0; iterations=0; retries=0; geometrySec=0; coreSec=0; packagingSec=0; writeSec=0; modelSizes=
OK: hollow.geometry.valid
OK: hollow.geometry.areaAvailable
OK: hollow.geometry.area; actual=300000.; expected=300000.; absDiff=0.
OK: hollow.geometry.cx; actual=0.; expected=0.; absDiff=0.
OK: hollow.geometry.cy; actual=0.; expected=0.; absDiff=0.
OK: hollow.geometry.outerConcrete
OK: hollow.geometry.openingExcluded
OK: hollow.geometry.outsideExcluded
OK: hollow.geometry.offset.valid
OK: hollow.geometry.offset.cxOppositeOpening
OK: hollow.geometry.offset.cyOppositeOpening

PERF|current|run=2|case=geometry_hollow_rebars; passed=76; failed=0; elapsedSec=0.078125; solves=0; probes=0; planeProbes=0; probeReuse=0; stateReuse=0; unconvergedProbes=0; unconfirmedPhysical=0; newtonCalls=0; integrations=0; iterations=0; retries=0; geometrySec=0; coreSec=0; packagingSec=0; writeSec=0; modelSizes=
OK: hollow.rebar.external.top
OK: hollow.rebar.external.bottom
OK: hollow.rebar.external.left
OK: hollow.rebar.external.right
OK: hollow.rebar.hLeft.firstX; actual=-210.; expected=-210.; absDiff=0.
OK: hollow.rebar.hLeft.firstY; actual=-220.; expected=-220.; absDiff=0.
OK: hollow.rebar.hLeft.lastX; actual=-210.; expected=-210.; absDiff=0.
OK: hollow.rebar.hLeft.lastY; actual=220.; expected=220.; absDiff=0.
OK: hollow.rebar.bTop.anchorStartY; actual=360.; expected=360.; absDiff=0.
OK: hollow.rebar.bTop.anchorEndY; actual=360.; expected=360.; absDiff=0.
OK: hollow.rebar.bBottom.anchorStartY; actual=-360.; expected=-360.; absDiff=0.
OK: hollow.rebar.bBottom.anchorEndY; actual=-360.; expected=-360.; absDiff=0.
OK: hollow.rebar.openingBTop.anchorStartY; actual=290.; expected=290.; absDiff=0.
OK: hollow.rebar.openingBTop.anchorEndY; actual=290.; expected=290.; absDiff=0.
OK: hollow.rebar.openingBBottom.anchorStartY; actual=-290.; expected=-290.; absDiff=0.
OK: hollow.rebar.openingBBottom.anchorEndY; actual=-290.; expected=-290.; absDiff=0.
OK: hollow.rebar.opening.topProjected
OK: hollow.rebar.opening.bottomProjected
OK: hollow.rebar.opening.leftProjected
OK: hollow.rebar.opening.rightProjected
OK: hollow.rebar.inside.1
OK: hollow.rebar.inside.2
OK: hollow.rebar.inside.3
OK: hollow.rebar.inside.4
OK: hollow.rebar.inside.5
OK: hollow.rebar.inside.6
OK: hollow.rebar.inside.7
OK: hollow.rebar.inside.8
OK: hollow.rebar.inside.9
OK: hollow.rebar.inside.10
OK: hollow.rebar.inside.11
OK: hollow.rebar.inside.12
OK: hollow.rebar.inside.13
OK: hollow.rebar.inside.14
OK: hollow.rebar.inside.15
OK: hollow.rebar.inside.16
OK: hollow.rebar.inside.17
OK: hollow.rebar.inside.18
OK: hollow.rebar.inside.19
OK: hollow.rebar.inside.20
OK: hollow.rebar.inside.21
OK: hollow.rebar.inside.22
OK: hollow.rebar.inside.23
OK: hollow.rebar.inside.24
OK: hollow.rebar.inside.25
OK: hollow.rebar.inside.26
OK: hollow.rebar.inside.27
OK: hollow.rebar.inside.28
OK: hollow.rebar.inside.29
OK: hollow.rebar.inside.30
OK: hollow.rebar.inside.31
OK: hollow.rebar.inside.32
OK: hollow.rebar.inside.33
OK: hollow.rebar.inside.34
OK: hollow.rebar.inside.35
OK: hollow.rebar.inside.36
OK: hollow.rebar.inside.37
OK: hollow.rebar.inside.38
OK: hollow.rebar.inside.39
OK: hollow.rebar.inside.40
OK: hollow.rebar.inside.41
OK: hollow.rebar.inside.42
OK: hollow.rebar.inside.43
OK: hollow.rebar.inside.44
OK: hollow.rebar.inside.45
OK: hollow.rebar.inside.46
OK: hollow.rebar.inside.47
OK: hollow.rebar.inside.48
OK: hollow.rebar.inside.49
OK: hollow.rebar.inside.50
OK: hollow.rebar.inside.51
OK: hollow.rebar.inside.52
OK: hollow.rebar.inside.53
OK: hollow.rebar.inside.54
OK: hollow.rebar.inside.55
OK: hollow.rebar.inside.56

PERF|current|run=2|case=geometry_hollow_mesh; passed=3; failed=0; elapsedSec=10.00390625; solves=0; probes=0; planeProbes=0; probeReuse=0; stateReuse=0; unconvergedProbes=0; unconfirmedPhysical=0; newtonCalls=0; integrations=0; iterations=0; retries=0; geometrySec=9.9208984375; coreSec=0; packagingSec=0; writeSec=0; modelSizes=3717f/0r
OK: perf.hollow.areaAvailable
OK: perf.hollow.gridArea
OK: perf.hollow.empty
NUMERIC: hollow; fibers=3717; area=298200; x=-13.3735747820255; y=10.0301810865191; Ix=18830574728.3711; Iy=7669851183.76884; Ixy=159640362.173038

PERF|current|run=2|case=batch_write; passed=168; failed=0; elapsedSec=0.4873046875; solves=3; probes=0; planeProbes=21; probeReuse=0; stateReuse=0; unconvergedProbes=0; unconfirmedPhysical=0; newtonCalls=24; integrations=98; iterations=49; retries=0; geometrySec=0; coreSec=0.0107421875; packagingSec=0; writeSec=0.7275390625; modelSizes=100f/4r
OK: batch.writer.fixedRow
OK: batch.writer.noResultOverlap
OK: batch.writer.rangeSize
OK: batch.writer.strengthBlockPosition
OK: batch.writer.crackBlockPosition
OK: batch.writer.stabilityBlockPosition
OK: batch.writer.meta.worstLabel
OK: batch.writer.meta.worstValue
OK: batch.writer.meta.solverCalls
OK: batch.writer.meta.valuesCentered
OK: batch.writer.header.statusGroup
OK: batch.writer.header.reserveGroup
OK: batch.writer.header.statusStrength
OK: batch.writer.header.reserveStrength
OK: batch.writer.header.centered
OK: batch.writer.header.commentLeft
OK: batch.writer.header.epsilon
OK: batch.writer.header.sp63StatusPlaneMerge
OK: batch.writer.header.sp63ReservePlaneMerge
OK: batch.writer.header.id
OK: batch.writer.header.idMergeRows
OK: batch.writer.header.commentRow
OK: batch.writer.worst.label
OK: batch.writer.worst.commentDash
OK: batch.writer.worst.resultCommentDash
OK: batch.writer.worst.overallDash
OK: batch.writer.worst.noNa
OK: batch.writer.worst.bold
OK: batch.writer.statusLegend.title
OK: batch.writer.statusLegend.header
OK: batch.writer.statusLegend.values
OK: batch.writer.statusLegend.mergeOnlyTitle
OK: batch.writer.statusLegend.noWrap
OK: batch.writer.statusLegend.italicValues
OK: batch.writer.statusLegend.colors
OK: batch.writer.reserve.dataNotHeaderFill
OK: batch.writer.worst.strain.combinationFound
OK: batch.writer.worst.strain.reserve.bothNumeric
OK: batch.writer.worst.strain.reserve; actual=23.654566819636; expected=23.654566819636
OK: batch.writer.worst.capacity.combinationFound
OK: batch.writer.worst.capacity.reserve.bothNumeric
OK: batch.writer.worst.capacity.reserve; actual=9.761081549025; expected=9.761081549025
OK: batch.writer.worst.crack.notApplicable
OK: batch.writer.worst.longCrack.combinationFound
OK: batch.writer.worst.longCrack.reserve.bothNumeric
OK: batch.writer.worst.longCrack.reserve; actual=12.30931237624; expected=12.30931237624
OK: batch.writer.worst.sp35p1eta.combinationFound
OK: batch.writer.worst.sp35p1eta.reserve.bothNumeric
OK: batch.writer.worst.sp35p1eta.reserve; actual=0.900052311686; expected=0.900052311686
OK: batch.writer.worst.sp35p1table.notApplicable
OK: batch.writer.worst.sp35p2eta.combinationFound
OK: batch.writer.worst.sp35p2eta.reserve.bothNumeric
OK: batch.writer.worst.sp35p2eta.reserve; actual=0.326769903983; expected=0.326769903983
OK: batch.writer.worst.sp35p2table.notApplicable
OK: batch.writer.worst.sp63p1.notApplicable
OK: batch.writer.worst.sp63p2.notApplicable
OK: batch.writer.data.firstId
OK: batch.writer.data.capacityStatus
OK: batch.writer.data.capacityReserve
OK: batch.writer.data.statusColors
OK: batch.writer.strength.statusColors
OK: batch.writer.strength.absentZonesBlank
OK: batch.writer.strength.presentTensionKept
OK: batch.writer.crack.statusColors
OK: batch.writer.crack.header.formationTitle
OK: batch.writer.crack.header.crackedStateTitle
OK: batch.writer.crack.header.title
OK: batch.writer.crack.header.mcrcNote
OK: batch.writer.crack.header.formationStatus
OK: batch.writer.crack.header.state
OK: batch.writer.crack.header.crackedStateStatus
OK: batch.writer.crack.header.es
OK: batch.writer.crack.header.normalStatusRu
OK: batch.writer.crack.header.longStatusRu
OK: batch.writer.crack.header.notesPlain
OK: batch.writer.crack.header.notesFill
OK: batch.writer.crack.availableRowsBorder
OK: batch.writer.stability.statusColor
OK: batch.writer.stability.header.summary
OK: batch.writer.stability.header.statusWidth
OK: batch.writer.stability.header.mainAxes
OK: batch.writer.stability.header.noExtraTier
OK: batch.writer.stability.header.sp35
OK: batch.writer.stability.header.sp63
OK: batch.writer.stability.header.notes
OK: batch.writer.stability.header.notesPlain
OK: batch.writer.stability.header.notesFill
OK: batch.writer.stability.header.sp35NcrBranch
OK: batch.writer.stability.header.sp63PlaneHeight
OK: batch.writer.stability.header.sp35Ratio
OK: batch.writer.stability.columnWidthA; actual=10.; expected=10.
OK: batch.writer.stability.columnWidthN; actual=10.; expected=10.
OK: batch.writer.stability.columnWidthAF; actual=10.; expected=10.
OK: batch.writer.stability.columnWidthCC; actual=10.; expected=10.
OK: batch.writer.stability.availableRowsBorder
OK: batch.writer.stability.lowerRanges
OK: batch.writer.reserve.W1.summaryRow
OK: batch.writer.reserve.W1.strengthRow
OK: batch.writer.reserve.W1.crackRow
OK: batch.writer.reserve.W1.stabilityRow
OK: batch.writer.reserve.W1.strain.bothNumeric
OK: batch.writer.reserve.W1.strain; actual=23.654566819636; expected=23.654566819636
OK: batch.writer.reserve.W1.capacity.bothNumeric
OK: batch.writer.reserve.W1.capacity; actual=9.761081549025; expected=9.761081549025
OK: batch.writer.reserve.W1.crack.bothNumeric
OK: batch.writer.reserve.W1.crack; actual=0.; expected=0.
OK: batch.writer.reserve.W1.longCrack.bothNumeric
OK: batch.writer.reserve.W1.longCrack; actual=0.; expected=0.
OK: batch.writer.reserve.W1.sp35p1eta.bothNumeric
OK: batch.writer.reserve.W1.sp35p1eta; actual=0.900052311686; expected=0.900052311686
OK: batch.writer.reserve.W1.sp35p1table.bothNumeric
OK: batch.writer.reserve.W1.sp35p1table; actual=0.; expected=0.
OK: batch.writer.reserve.W1.sp35p2eta.bothNumeric
OK: batch.writer.reserve.W1.sp35p2eta; actual=0.326769903983; expected=0.326769903983
OK: batch.writer.reserve.W1.sp35p2table.bothNumeric
OK: batch.writer.reserve.W1.sp35p2table; actual=0.; expected=0.
OK: batch.writer.reserve.W1.sp63p1.bothNumeric
OK: batch.writer.reserve.W1.sp63p1; actual=0.; expected=0.
OK: batch.writer.reserve.W1.sp63p2.bothNumeric
OK: batch.writer.reserve.W1.sp63p2; actual=0.; expected=0.
OK: batch.writer.reserve.W2.summaryRow
OK: batch.writer.reserve.W2.strengthRow
OK: batch.writer.reserve.W2.crackRow
OK: batch.writer.reserve.W2.stabilityRow
OK: batch.writer.reserve.W2.strain.bothNumeric
OK: batch.writer.reserve.W2.strain; actual=0.; expected=0.
OK: batch.writer.reserve.W2.capacity.bothNumeric
OK: batch.writer.reserve.W2.capacity; actual=0.; expected=0.
OK: batch.writer.reserve.W2.crack.bothNumeric
OK: batch.writer.reserve.W2.crack; actual=0.; expected=0.
OK: batch.writer.reserve.W2.longCrack.bothNumeric
OK: batch.writer.reserve.W2.longCrack; actual=12.30931237624; expected=12.30931237624
OK: batch.writer.reserve.W2.sp35p1eta.bothNumeric
OK: batch.writer.reserve.W2.sp35p1eta; actual=0.; expected=0.
OK: batch.writer.reserve.W2.sp35p1table.bothNumeric
OK: batch.writer.reserve.W2.sp35p1table; actual=0.; expected=0.
OK: batch.writer.reserve.W2.sp35p2eta.bothNumeric
OK: batch.writer.reserve.W2.sp35p2eta; actual=0.; expected=0.
OK: batch.writer.reserve.W2.sp35p2table.bothNumeric
OK: batch.writer.reserve.W2.sp35p2table; actual=0.; expected=0.
OK: batch.writer.reserve.W2.sp63p1.bothNumeric
OK: batch.writer.reserve.W2.sp63p1; actual=0.; expected=0.
OK: batch.writer.reserve.W2.sp63p2.bothNumeric
OK: batch.writer.reserve.W2.sp63p2; actual=0.; expected=0.
OK: batch.writer.reserve.WT.summaryRow
OK: batch.writer.reserve.WT.strengthRow
OK: batch.writer.reserve.WT.crackRow
OK: batch.writer.reserve.WT.stabilityRow
OK: batch.writer.reserve.WT.strain.bothNumeric
OK: batch.writer.reserve.WT.strain; actual=628.318530717958; expected=628.318530717958
OK: batch.writer.reserve.WT.capacity.bothNumeric
OK: batch.writer.reserve.WT.capacity; actual=0.; expected=0.
OK: batch.writer.reserve.WT.crack.bothNumeric
OK: batch.writer.reserve.WT.crack; actual=0.; expected=0.
OK: batch.writer.reserve.WT.longCrack.bothNumeric
OK: batch.writer.reserve.WT.longCrack; actual=0.; expected=0.
OK: batch.writer.reserve.WT.sp35p1eta.bothNumeric
OK: batch.writer.reserve.WT.sp35p1eta; actual=0.; expected=0.
OK: batch.writer.reserve.WT.sp35p1table.bothNumeric
OK: batch.writer.reserve.WT.sp35p1table; actual=0.; expected=0.
OK: batch.writer.reserve.WT.sp35p2eta.bothNumeric
OK: batch.writer.reserve.WT.sp35p2eta; actual=0.; expected=0.
OK: batch.writer.reserve.WT.sp35p2table.bothNumeric
OK: batch.writer.reserve.WT.sp35p2table; actual=0.; expected=0.
OK: batch.writer.reserve.WT.sp63p1.bothNumeric
OK: batch.writer.reserve.WT.sp63p1; actual=0.; expected=0.
OK: batch.writer.reserve.WT.sp63p2.bothNumeric
OK: batch.writer.reserve.WT.sp63p2; actual=0.; expected=0.

PERF|current|run=3|case=bending; passed=11; failed=0; elapsedSec=0.1328125; solves=28; probes=24; planeProbes=0; probeReuse=0; stateReuse=0; unconvergedProbes=0; unconfirmedPhysical=0; newtonCalls=176; integrations=720; iterations=384; retries=0; geometrySec=0.0009765625; coreSec=0.1064453125; packagingSec=0; writeSec=0; modelSizes=150f/4r
OK: capacity.mx.negative.converged
OK: capacity.mx.positive.converged
OK: capacity.mx.negative.sign
OK: capacity.mx.positive.sign
OK: capacity.mx.limit.physical
OK: capacity.mx.negative.N; actual=-300000.; expected=-300000.; relDiff=0.
OK: capacity.mx.negative.Mx; actual=-30937500.; expected=-30937500.; relDiff=0.
OK: capacity.mx.negative.My; actual=-0.000000000102; expected=0.; absDiff=0.000000000102
OK: capacity.mx.positive.N; actual=-300000.; expected=-300000.; relDiff=0.
OK: capacity.mx.positive.Mx; actual=30937500.; expected=30937500.; relDiff=0.
OK: capacity.mx.positive.My; actual=0.000000001062; expected=0.; absDiff=0.000000001062

PERF|current|run=3|case=biaxial; passed=32; failed=0; elapsedSec=0.2919921875; solves=48; probes=48; planeProbes=0; probeReuse=0; stateReuse=0; unconvergedProbes=0; unconfirmedPhysical=0; newtonCalls=384; integrations=1488; iterations=912; retries=0; geometrySec=0.0009765625; coreSec=0.2470703125; packagingSec=0; writeSec=0; modelSizes=150f/4r
OK: capacity.mxy.pp.converged
OK: capacity.mxy.pp.lambda.positive
OK: capacity.mxy.pp.mx.sign
OK: capacity.mxy.pp.my.sign
OK: capacity.mxy.pp.direction; actual=0.; expected=0.; absDiff=0.
OK: capacity.mxy.pp.N; actual=-250000.; expected=-250000.; relDiff=0.
OK: capacity.mxy.pp.Mx; actual=21468750.; expected=21468750.; relDiff=0.
OK: capacity.mxy.pp.My; actual=14312500.; expected=14312500.; relDiff=0.
OK: capacity.mxy.np.converged
OK: capacity.mxy.np.lambda.positive
OK: capacity.mxy.np.mx.sign
OK: capacity.mxy.np.my.sign
OK: capacity.mxy.np.direction; actual=0.; expected=0.; absDiff=0.
OK: capacity.mxy.np.N; actual=-250000.; expected=-250000.; relDiff=0.
OK: capacity.mxy.np.Mx; actual=-21468750.; expected=-21468750.; relDiff=0.
OK: capacity.mxy.np.My; actual=14312500.; expected=14312500.; relDiff=0.
OK: capacity.mxy.pn.converged
OK: capacity.mxy.pn.lambda.positive
OK: capacity.mxy.pn.mx.sign
OK: capacity.mxy.pn.my.sign
OK: capacity.mxy.pn.direction; actual=0.; expected=0.; absDiff=0.
OK: capacity.mxy.pn.N; actual=-250000.; expected=-250000.; relDiff=0.
OK: capacity.mxy.pn.Mx; actual=21468750.; expected=21468750.; relDiff=0.
OK: capacity.mxy.pn.My; actual=-14312500.; expected=-14312500.; relDiff=0.
OK: capacity.mxy.nn.converged
OK: capacity.mxy.nn.lambda.positive
OK: capacity.mxy.nn.mx.sign
OK: capacity.mxy.nn.my.sign
OK: capacity.mxy.nn.direction; actual=0.; expected=0.; absDiff=0.
OK: capacity.mxy.nn.N; actual=-250000.; expected=-250000.; relDiff=0.
OK: capacity.mxy.nn.Mx; actual=-21468750.; expected=-21468750.; relDiff=0.
OK: capacity.mxy.nn.My; actual=-14312500.; expected=-14312500.; relDiff=0.

PERF|current|run=3|case=asymmetric; passed=6; failed=0; elapsedSec=14.8857421875; solves=94; probes=23; planeProbes=0; probeReuse=0; stateReuse=0; unconvergedProbes=25; unconfirmedPhysical=0; newtonCalls=671; integrations=7269; iterations=3874; retries=20; geometrySec=0.01171875; coreSec=14.0546875; packagingSec=0; writeSec=0; modelSizes=2875f/0r|2875f/4r
OK: capacity.asym.Ixy.nonzero
OK: capacity.asym.converged
OK: capacity.asym.coupledKappaY
OK: capacity.asym.N; actual=-260000.; expected=-260000.; relDiff=0.
OK: capacity.asym.Mx; actual=-320000000.; expected=-320000000.; relDiff=0.
OK: capacity.asym.My; actual=-0.000000072119; expected=0.; absDiff=0.000000072119

PERF|current|run=3|case=axial; passed=12; failed=0; elapsedSec=0.17578125; solves=38; probes=12; planeProbes=0; probeReuse=0; stateReuse=0; unconvergedProbes=10; unconfirmedPhysical=0; newtonCalls=286; integrations=842; iterations=558; retries=8; geometrySec=0.0009765625; coreSec=0.1650390625; packagingSec=0; writeSec=0; modelSizes=150f/4r
OK: capacity.nult.compression.converged
OK: capacity.nult.compression.sign
OK: capacity.nult.compression.safety
OK: capacity.nult.compression.N; actual=-1287513.24397852; expected=-1287513.24397852; relDiff=0.
OK: capacity.nult.compression.Mx; actual=0.; expected=0.; absDiff=0.
OK: capacity.nult.compression.My; actual=0.000000000466; expected=0.; absDiff=0.000000000466
OK: capacity.nult.tension.converged
OK: capacity.nult.tension.sign
OK: capacity.nult.tension.safety
OK: capacity.nult.tension.N; actual=439822.971502571; expected=439822.971502571; relDiff=0.
OK: capacity.nult.tension.Mx; actual=-0.000000000116; expected=0.; absDiff=0.000000000116
OK: capacity.nult.tension.My; actual=-0.000000000175; expected=0.; absDiff=0.000000000175

PERF|current|run=3|case=methods; passed=16; failed=0; elapsedSec=0.13671875; solves=30; probes=32; planeProbes=0; probeReuse=5; stateReuse=0; unconvergedProbes=0; unconfirmedPhysical=0; newtonCalls=204; integrations=787; iterations=442; retries=0; geometrySec=0.0009765625; coreSec=0.11328125; packagingSec=0; writeSec=0; modelSizes=150f/4r
OK: search.bisection.converged
OK: search.brent.converged
OK: search.secant.converged
OK: search.bisection.branch
OK: search.brent.branch
OK: search.secant.branch
OK: search.brent.independent
OK: search.secant.independent
OK: search.brent.lambda; actual=3.09776378716; expected=3.09375; absDiff=0.00401378716
OK: search.secant.lambda; actual=3.098514991183; expected=3.09375; absDiff=0.004764991183
OK: search.brent.N; actual=-300000.; expected=-300000.; relDiff=0.
OK: search.brent.Mx; actual=-30977637.8716034; expected=-30977637.8716034; relDiff=0.
OK: search.brent.My; actual=-0.000000000582; expected=0.; absDiff=0.000000000582
OK: search.secant.N; actual=-300000.; expected=-300000.; relDiff=0.
OK: search.secant.Mx; actual=-30985149.9118327; expected=-30985149.9118327; relDiff=0.
OK: search.secant.My; actual=0.00000000032; expected=0.; absDiff=0.00000000032

PERF|current|run=3|case=capacity_strategies; passed=36; failed=0; elapsedSec=0.759765625; solves=82; probes=66; planeProbes=51; probeReuse=0; stateReuse=0; unconvergedProbes=5; unconfirmedPhysical=0; newtonCalls=691; integrations=2677; iterations=1550; retries=4; geometrySec=0.0048828125; coreSec=0.6494140625; packagingSec=0; writeSec=0; modelSizes=150f/4r|489f/4r
OK: method.pure_compression.load.invalid
OK: method.pure_compression.strain.invalid
COMPARE|method.pure_compression.load|converged=False|lambda=0.|limitState=InvalidInput|criticalStrain=0.|criticalElement=|solverCalls=0|elapsedSec=0.
COMPARE|method.pure_compression.strain|converged=False|lambda=0.|limitState=InvalidInput|criticalStrain=0.|criticalElement=|solverCalls=0|elapsedSec=0.
OK: method.n_plus_mx.load.converged
OK: method.n_plus_mx.strain.converged
OK: method.n_plus_mx.lambda; actual=3.09871424391; expected=3.09375; absDiff=0.00496424391
OK: method.n_plus_mx.limitState
OK: method.n_plus_mx.criticalElement
OK: method.n_plus_mx.solverCalls
COMPARE|method.n_plus_mx.load|converged=True|lambda=3.09375|limitState=ConcreteStrainLimit|criticalStrain=-0.001501652538|criticalElement=C142:Compression|solverCalls=12|elapsedSec=0.060546875
COMPARE|method.n_plus_mx.strain|converged=True|lambda=3.09871424391|limitState=ConcreteStrainLimit|criticalStrain=-0.0015|criticalElement=C136:Compression|solverCalls=6|elapsedSec=0.00390625
OK: method.n_plus_my.load.converged
OK: method.n_plus_my.strain.converged
OK: method.n_plus_my.lambda; actual=4.490409406951; expected=4.484375; absDiff=0.006034406951
OK: method.n_plus_my.limitState
OK: method.n_plus_my.criticalElement
OK: method.n_plus_my.solverCalls
COMPARE|method.n_plus_my.load|converged=True|lambda=4.484375|limitState=ConcreteStrainLimit|criticalStrain=-0.001500652149|criticalElement=C15:Compression|solverCalls=18|elapsedSec=0.21875
COMPARE|method.n_plus_my.strain|converged=True|lambda=4.490409406951|limitState=ConcreteStrainLimit|criticalStrain=-0.0015|criticalElement=C150:Compression|solverCalls=6|elapsedSec=0.0029296875
OK: method.biaxial.load.converged
OK: method.biaxial.strain.converged
OK: method.biaxial.lambda; actual=3.583378103741; expected=3.578125; absDiff=0.005253103741
OK: method.biaxial.limitState
OK: method.biaxial.criticalElement
OK: method.biaxial.solverCalls
COMPARE|method.biaxial.load|converged=True|lambda=3.578125|limitState=ConcreteStrainLimit|criticalStrain=-0.001501063653|criticalElement=C150:Compression|solverCalls=12|elapsedSec=0.068359375
COMPARE|method.biaxial.strain|converged=True|lambda=3.583378103741|limitState=ConcreteStrainLimit|criticalStrain=-0.0015|criticalElement=C150:Compression|solverCalls=16|elapsedSec=0.0068359375
OK: method.circle.load.converged
OK: method.circle.strain.converged
OK: method.circle.symmetry; actual=31453125.; expected=31489108.1594418; relDiff=0.001142717643
OK: method.circle.criticalElement
COMPARE|method.circle.load|converged=True|lambda=5.2421875|limitState=ConcreteStrainLimit|criticalStrain=-0.001498237699|criticalElement=C483:Compression|solverCalls=14|elapsedSec=0.
COMPARE|method.circle.strain|converged=True|lambda=5.24818469324|limitState=ConcreteStrainLimit|criticalStrain=-0.0015|criticalElement=C182:Compression|solverCalls=11|elapsedSec=0.
OK: method.strain_limit.load.converged
OK: method.strain_limit.strain.converged
OK: method.strain_limit.lambda; actual=4.795168098697; expected=4.7890625; absDiff=0.006105598697
OK: method.strain_limit.limitState
OK: method.strain_limit.criticalElement
OK: method.strain_limit.criticalUtilization
COMPARE|method.strain_limit.load|converged=True|lambda=4.7890625|limitState=ConcreteStrainLimit|criticalStrain=-0.000599236031|criticalElement=C136:Compression|solverCalls=14|elapsedSec=0.
COMPARE|method.strain_limit.strain|converged=True|lambda=4.795168098697|limitState=ConcreteStrainLimit|criticalStrain=-0.0006|criticalElement=C136:Compression|solverCalls=1|elapsedSec=0.
OK: method.numericalFailure.notConverged
OK: method.numericalFailure.state
OK: method.numericalFailure.noPhysicalUpper
COMPARE|method.numericalFailure.strain|converged=False|lambda=0.|limitState=NumericalFailure|criticalStrain=-0.001500000001|criticalElement=C150:Compression|solverCalls=5|elapsedSec=0.
OK: method.maxLambdaIgnored.converged
OK: method.maxLambdaIgnored.lambdaAboveLimit
OK: method.maxLambdaIgnored.momentStored

PERF|current|run=3|case=crack_bending; passed=39; failed=0; elapsedSec=0.373046875; solves=72; probes=66; planeProbes=0; probeReuse=0; stateReuse=0; unconvergedProbes=0; unconfirmedPhysical=0; newtonCalls=576; integrations=1697; iterations=1025; retries=0; geometrySec=0.0029296875; coreSec=0.2861328125; packagingSec=0; writeSec=0; modelSizes=150f/4r
OK: crack.auto.pureMx.converged
OK: crack.auto.pureMx.formed
OK: crack.auto.pureMx.tensionBars
OK: crack.auto.pureMx.sigmaPositive
OK: crack.auto.pureMx.spacingPositive
OK: crack.auto.pureMx.widthFormula; actual=0.150903530526; expected=0.150903530526; absDiff=0.
OK: crack.auto.pureMx.utilization; actual=1509.03530526357; expected=1509.03530526357; absDiff=0.
OK: crack.auto.pureMx.lambda
OK: crack.auto.pureMx.preCrackState
OK: crack.auto.pureMx.postCrackState
OK: crack.auto.pureMx.psiReduced
OK: crack.auto.pureMx.preCrack.twoSign
OK: crack.auto.pureMx.preCrack.epsBtUlt; actual=0.00015; expected=0.00015; absDiff=0.
OK: crack.auto.pureMy.converged
OK: crack.auto.pureMy.formed
OK: crack.auto.pureMy.tensionBars
OK: crack.auto.pureMy.sigmaPositive
OK: crack.auto.pureMy.spacingPositive
OK: crack.auto.pureMy.widthFormula; actual=0.068784054628; expected=0.068784054628; absDiff=0.
OK: crack.auto.pureMy.utilization; actual=687.840546281971; expected=687.840546281971; absDiff=0.
OK: crack.auto.pureMy.lambda
OK: crack.auto.pureMy.preCrackState
OK: crack.auto.pureMy.postCrackState
OK: crack.auto.pureMy.psiReduced
OK: crack.auto.pureMy.preCrack.twoSign
OK: crack.auto.pureMy.preCrack.epsBtUlt; actual=0.00015; expected=0.00015; absDiff=0.
OK: crack.auto.pureMxy.converged
OK: crack.auto.pureMxy.formed
OK: crack.auto.pureMxy.tensionBars
OK: crack.auto.pureMxy.sigmaPositive
OK: crack.auto.pureMxy.spacingPositive
OK: crack.auto.pureMxy.widthFormula; actual=0.128222487931; expected=0.128222487931; absDiff=0.
OK: crack.auto.pureMxy.utilization; actual=1282.22487931034; expected=1282.22487931034; absDiff=0.
OK: crack.auto.pureMxy.lambda
OK: crack.auto.pureMxy.preCrackState
OK: crack.auto.pureMxy.postCrackState
OK: crack.auto.pureMxy.psiReduced
OK: crack.auto.pureMxy.preCrack.twoSign
OK: crack.auto.pureMxy.preCrack.epsBtUlt; actual=0.00015; expected=0.00015; absDiff=0.

PERF|current|run=3|case=crack_paths; passed=52; failed=0; elapsedSec=0.333984375; solves=56; probes=44; planeProbes=0; probeReuse=0; stateReuse=0; unconvergedProbes=0; unconfirmedPhysical=0; newtonCalls=448; integrations=1459; iterations=806; retries=0; geometrySec=0.001953125; coreSec=0.2470703125; packagingSec=0.0009765625; writeSec=0; modelSizes=150f/4r
OK: crack.path.mxy.converged
OK: crack.path.mxy.formed
OK: crack.path.mxy.tensionBars
OK: crack.path.mxy.sigmaPositive
OK: crack.path.mxy.spacingPositive
OK: crack.path.mxy.widthFormula; actual=0.133858060725; expected=0.133858060725; absDiff=0.
OK: crack.path.mxy.utilization; actual=1338.58060725361; expected=1338.58060725361; absDiff=0.
OK: crack.path.mxy.lambda
OK: crack.path.mxy.nFixed; actual=-20000.; expected=-20000.; absDiff=0.
OK: crack.path.n.converged
OK: crack.path.n.formed
OK: crack.path.n.tensionBars
OK: crack.path.n.sigmaPositive
OK: crack.path.n.spacingPositive
OK: crack.path.n.widthFormula; actual=0.139403828281; expected=0.139403828281; absDiff=0.
OK: crack.path.n.utilization; actual=1394.03828280626; expected=1394.03828280626; absDiff=0.
OK: crack.path.n.central
OK: crack.path.n.formationN; actual=119657.725354552; expected=119657.725354552; absDiff=0.
OK: crack.path.autoN.converged
OK: crack.path.autoN.formed
OK: crack.path.autoN.tensionBars
OK: crack.path.autoN.sigmaPositive
OK: crack.path.autoN.spacingPositive
OK: crack.path.autoN.widthFormula; actual=0.139403828281; expected=0.139403828281; absDiff=0.
OK: crack.path.autoN.utilization; actual=1394.03828280626; expected=1394.03828280626; absDiff=0.
OK: crack.path.autoN.central
OK: crack.path.autoN.method
OK: crack.path.autoN.formationN; actual=119657.725354552; expected=119657.725354552; absDiff=0.
OK: crack.path.nmxy.converged
OK: crack.path.nmxy.formed
OK: crack.path.nmxy.tensionBars
OK: crack.path.nmxy.sigmaPositive
OK: crack.path.nmxy.spacingPositive
OK: crack.path.nmxy.widthFormula; actual=0.131351003693; expected=0.131351003693; absDiff=0.
OK: crack.path.nmxy.utilization; actual=1313.5100369324; expected=1313.5100369324; absDiff=0.
OK: crack.path.nmxy.lambda
OK: crack.path.nmxy.nScaled; actual=-10565.5573022651; expected=-10565.5573022651; absDiff=0.
OK: crack.path.nmxy.mScaled; actual=7924167.97669881; expected=7924167.97669881; absDiff=0.
OK: crack.path.nFixedMomentFallback.converged
OK: crack.path.nFixedMomentFallback.formed
OK: crack.path.nFixedMomentFallback.lambda0; actual=0.; expected=0.; absDiff=0.
OK: crack.path.nFixedMomentFallback.noFormationN; actual=0.; expected=0.; absDiff=0.
OK: crack.path.nFixedMomentFallback.noMcrc; actual=0.; expected=0.; absDiff=0.
OK: crack.path.nFixedMomentFallback.noBeforeState
OK: crack.path.nFixedMomentFallback.noAfterState
OK: crack.path.nFixedMomentFallback.psi1; actual=1.; expected=1.; absDiff=0.
OK: crack.path.nFixedMomentFallback.status
OK: crack.path.mxyAxialFallback.converged
OK: crack.path.mxyAxialFallback.formed
OK: crack.path.mxyAxialFallback.lambda0; actual=0.; expected=0.; absDiff=0.
OK: crack.path.mxyAxialFallback.psi1; actual=1.; expected=1.; absDiff=0.
OK: crack.path.mxyAxialFallback.status

PERF|current|run=3|case=crack_cache; passed=22; failed=0; elapsedSec=0.294921875; solves=50; probes=44; planeProbes=0; probeReuse=0; stateReuse=1; unconvergedProbes=0; unconfirmedPhysical=0; newtonCalls=400; integrations=1287; iterations=707; retries=0; geometrySec=0.0009765625; coreSec=0.212890625; packagingSec=0; writeSec=0; modelSizes=150f/4r
OK: crack.cache.first.converged
OK: crack.cache.first.formed
OK: crack.cache.first.tensionBars
OK: crack.cache.first.sigmaPositive
OK: crack.cache.first.spacingPositive
OK: crack.cache.first.widthFormula; actual=0.133858060725; expected=0.133858060725; absDiff=0.
OK: crack.cache.first.utilization; actual=0.133858060725; expected=0.133858060725; absDiff=0.
OK: crack.cache.first.sigmaCrc
OK: crack.cache.first.preState
OK: crack.cache.first.postState
OK: crack.cache.second.converged
OK: crack.cache.second.formed
OK: crack.cache.second.tensionBars
OK: crack.cache.second.sigmaPositive
OK: crack.cache.second.spacingPositive
OK: crack.cache.second.widthFormula; actual=0.133858060725; expected=0.133858060725; absDiff=0.
OK: crack.cache.second.utilization; actual=0.133858060725; expected=0.133858060725; absDiff=0.
OK: crack.cache.second.reused
OK: crack.cache.second.noLastRunner
OK: crack.cache.second.sigmaCrc
OK: crack.cache.second.preState
OK: crack.cache.second.postState

PERF|current|run=3|case=geometry_rounded; passed=6; failed=0; elapsedSec=0.2177734375; solves=0; probes=0; planeProbes=0; probeReuse=0; stateReuse=0; unconvergedProbes=0; unconfirmedPhysical=0; newtonCalls=0; integrations=0; iterations=0; retries=0; geometrySec=0.0751953125; coreSec=0; packagingSec=0; writeSec=0; modelSizes=7596f/0r
OK: sym.area.available
OK: sym.area; actual=47475.; expected=47457.8928833008; relDiff=0.000360469369
OK: sym.cx; actual=0.; expected=0.; absDiff=0.
OK: sym.cy; actual=0.; expected=0.; absDiff=0.
OK: sym.Ixy; actual=0.; expected=0.; absDiff=0.
OK: sym.principal.angle; actual=1.570796326795; expected=1.570796326795; absDiff=0.

PERF|current|run=3|case=geometry_tapered; passed=11; failed=0; elapsedSec=0.015625; solves=0; probes=0; planeProbes=0; probeReuse=0; stateReuse=0; unconvergedProbes=0; unconfirmedPhysical=0; newtonCalls=0; integrations=0; iterations=0; retries=0; geometrySec=0.005859375; coreSec=0; packagingSec=0; writeSec=0; modelSizes=95f/0r|379f/0r
OK: rounded.tapered.area.positive
OK: rounded.tapered.centroid.inside
OK: rounded.tapered.rightExtension
OK: rounded.tapered.height; actual=180.; expected=180.; absDiff=0.
OK: rounded.tapered.area.convergence; actual=59218.75; expected=59375.; relDiff=0.002631578947
OK: rounded.tapered.Ix.convergence; actual=143398803.603575; expected=144005276.864035; relDiff=0.004211465536
OK: rounded.tapered.variableAngle.topTangent; actual=375.735931288071; expected=375.735931288071; absDiff=0.000000000001
OK: rounded.tapered.variableAngle.maxX; actual=708.57864376269; expected=708.57864376269; absDiff=0.
OK: rounded.tapered.variableAngle.maxLessThanRawApex
OK: rounded.tapered.r1GreaterThanHalfHeight.valid
OK: rounded.tapered.radiiOverlap.invalid

PERF|current|run=3|case=geometry_hollow; passed=11; failed=0; elapsedSec=0.001953125; solves=0; probes=0; planeProbes=0; probeReuse=0; stateReuse=0; unconvergedProbes=0; unconfirmedPhysical=0; newtonCalls=0; integrations=0; iterations=0; retries=0; geometrySec=0; coreSec=0; packagingSec=0; writeSec=0; modelSizes=
OK: hollow.geometry.valid
OK: hollow.geometry.areaAvailable
OK: hollow.geometry.area; actual=300000.; expected=300000.; absDiff=0.
OK: hollow.geometry.cx; actual=0.; expected=0.; absDiff=0.
OK: hollow.geometry.cy; actual=0.; expected=0.; absDiff=0.
OK: hollow.geometry.outerConcrete
OK: hollow.geometry.openingExcluded
OK: hollow.geometry.outsideExcluded
OK: hollow.geometry.offset.valid
OK: hollow.geometry.offset.cxOppositeOpening
OK: hollow.geometry.offset.cyOppositeOpening

PERF|current|run=3|case=geometry_hollow_rebars; passed=76; failed=0; elapsedSec=0.078125; solves=0; probes=0; planeProbes=0; probeReuse=0; stateReuse=0; unconvergedProbes=0; unconfirmedPhysical=0; newtonCalls=0; integrations=0; iterations=0; retries=0; geometrySec=0; coreSec=0; packagingSec=0; writeSec=0; modelSizes=
OK: hollow.rebar.external.top
OK: hollow.rebar.external.bottom
OK: hollow.rebar.external.left
OK: hollow.rebar.external.right
OK: hollow.rebar.hLeft.firstX; actual=-210.; expected=-210.; absDiff=0.
OK: hollow.rebar.hLeft.firstY; actual=-220.; expected=-220.; absDiff=0.
OK: hollow.rebar.hLeft.lastX; actual=-210.; expected=-210.; absDiff=0.
OK: hollow.rebar.hLeft.lastY; actual=220.; expected=220.; absDiff=0.
OK: hollow.rebar.bTop.anchorStartY; actual=360.; expected=360.; absDiff=0.
OK: hollow.rebar.bTop.anchorEndY; actual=360.; expected=360.; absDiff=0.
OK: hollow.rebar.bBottom.anchorStartY; actual=-360.; expected=-360.; absDiff=0.
OK: hollow.rebar.bBottom.anchorEndY; actual=-360.; expected=-360.; absDiff=0.
OK: hollow.rebar.openingBTop.anchorStartY; actual=290.; expected=290.; absDiff=0.
OK: hollow.rebar.openingBTop.anchorEndY; actual=290.; expected=290.; absDiff=0.
OK: hollow.rebar.openingBBottom.anchorStartY; actual=-290.; expected=-290.; absDiff=0.
OK: hollow.rebar.openingBBottom.anchorEndY; actual=-290.; expected=-290.; absDiff=0.
OK: hollow.rebar.opening.topProjected
OK: hollow.rebar.opening.bottomProjected
OK: hollow.rebar.opening.leftProjected
OK: hollow.rebar.opening.rightProjected
OK: hollow.rebar.inside.1
OK: hollow.rebar.inside.2
OK: hollow.rebar.inside.3
OK: hollow.rebar.inside.4
OK: hollow.rebar.inside.5
OK: hollow.rebar.inside.6
OK: hollow.rebar.inside.7
OK: hollow.rebar.inside.8
OK: hollow.rebar.inside.9
OK: hollow.rebar.inside.10
OK: hollow.rebar.inside.11
OK: hollow.rebar.inside.12
OK: hollow.rebar.inside.13
OK: hollow.rebar.inside.14
OK: hollow.rebar.inside.15
OK: hollow.rebar.inside.16
OK: hollow.rebar.inside.17
OK: hollow.rebar.inside.18
OK: hollow.rebar.inside.19
OK: hollow.rebar.inside.20
OK: hollow.rebar.inside.21
OK: hollow.rebar.inside.22
OK: hollow.rebar.inside.23
OK: hollow.rebar.inside.24
OK: hollow.rebar.inside.25
OK: hollow.rebar.inside.26
OK: hollow.rebar.inside.27
OK: hollow.rebar.inside.28
OK: hollow.rebar.inside.29
OK: hollow.rebar.inside.30
OK: hollow.rebar.inside.31
OK: hollow.rebar.inside.32
OK: hollow.rebar.inside.33
OK: hollow.rebar.inside.34
OK: hollow.rebar.inside.35
OK: hollow.rebar.inside.36
OK: hollow.rebar.inside.37
OK: hollow.rebar.inside.38
OK: hollow.rebar.inside.39
OK: hollow.rebar.inside.40
OK: hollow.rebar.inside.41
OK: hollow.rebar.inside.42
OK: hollow.rebar.inside.43
OK: hollow.rebar.inside.44
OK: hollow.rebar.inside.45
OK: hollow.rebar.inside.46
OK: hollow.rebar.inside.47
OK: hollow.rebar.inside.48
OK: hollow.rebar.inside.49
OK: hollow.rebar.inside.50
OK: hollow.rebar.inside.51
OK: hollow.rebar.inside.52
OK: hollow.rebar.inside.53
OK: hollow.rebar.inside.54
OK: hollow.rebar.inside.55
OK: hollow.rebar.inside.56

PERF|current|run=3|case=geometry_hollow_mesh; passed=3; failed=0; elapsedSec=10.359375; solves=0; probes=0; planeProbes=0; probeReuse=0; stateReuse=0; unconvergedProbes=0; unconfirmedPhysical=0; newtonCalls=0; integrations=0; iterations=0; retries=0; geometrySec=10.2890625; coreSec=0; packagingSec=0; writeSec=0; modelSizes=3717f/0r
OK: perf.hollow.areaAvailable
OK: perf.hollow.gridArea
OK: perf.hollow.empty
NUMERIC: hollow; fibers=3717; area=298200; x=-13.3735747820255; y=10.0301810865191; Ix=18830574728.3711; Iy=7669851183.76884; Ixy=159640362.173038

PERF|current|run=3|case=batch_write; passed=168; failed=0; elapsedSec=0.4833984375; solves=3; probes=0; planeProbes=21; probeReuse=0; stateReuse=0; unconvergedProbes=0; unconfirmedPhysical=0; newtonCalls=24; integrations=98; iterations=49; retries=0; geometrySec=0.0009765625; coreSec=0.0068359375; packagingSec=0.0009765625; writeSec=0.7177734375; modelSizes=100f/4r
OK: batch.writer.fixedRow
OK: batch.writer.noResultOverlap
OK: batch.writer.rangeSize
OK: batch.writer.strengthBlockPosition
OK: batch.writer.crackBlockPosition
OK: batch.writer.stabilityBlockPosition
OK: batch.writer.meta.worstLabel
OK: batch.writer.meta.worstValue
OK: batch.writer.meta.solverCalls
OK: batch.writer.meta.valuesCentered
OK: batch.writer.header.statusGroup
OK: batch.writer.header.reserveGroup
OK: batch.writer.header.statusStrength
OK: batch.writer.header.reserveStrength
OK: batch.writer.header.centered
OK: batch.writer.header.commentLeft
OK: batch.writer.header.epsilon
OK: batch.writer.header.sp63StatusPlaneMerge
OK: batch.writer.header.sp63ReservePlaneMerge
OK: batch.writer.header.id
OK: batch.writer.header.idMergeRows
OK: batch.writer.header.commentRow
OK: batch.writer.worst.label
OK: batch.writer.worst.commentDash
OK: batch.writer.worst.resultCommentDash
OK: batch.writer.worst.overallDash
OK: batch.writer.worst.noNa
OK: batch.writer.worst.bold
OK: batch.writer.statusLegend.title
OK: batch.writer.statusLegend.header
OK: batch.writer.statusLegend.values
OK: batch.writer.statusLegend.mergeOnlyTitle
OK: batch.writer.statusLegend.noWrap
OK: batch.writer.statusLegend.italicValues
OK: batch.writer.statusLegend.colors
OK: batch.writer.reserve.dataNotHeaderFill
OK: batch.writer.worst.strain.combinationFound
OK: batch.writer.worst.strain.reserve.bothNumeric
OK: batch.writer.worst.strain.reserve; actual=23.654566819636; expected=23.654566819636
OK: batch.writer.worst.capacity.combinationFound
OK: batch.writer.worst.capacity.reserve.bothNumeric
OK: batch.writer.worst.capacity.reserve; actual=9.761081549025; expected=9.761081549025
OK: batch.writer.worst.crack.notApplicable
OK: batch.writer.worst.longCrack.combinationFound
OK: batch.writer.worst.longCrack.reserve.bothNumeric
OK: batch.writer.worst.longCrack.reserve; actual=12.30931237624; expected=12.30931237624
OK: batch.writer.worst.sp35p1eta.combinationFound
OK: batch.writer.worst.sp35p1eta.reserve.bothNumeric
OK: batch.writer.worst.sp35p1eta.reserve; actual=0.900052311686; expected=0.900052311686
OK: batch.writer.worst.sp35p1table.notApplicable
OK: batch.writer.worst.sp35p2eta.combinationFound
OK: batch.writer.worst.sp35p2eta.reserve.bothNumeric
OK: batch.writer.worst.sp35p2eta.reserve; actual=0.326769903983; expected=0.326769903983
OK: batch.writer.worst.sp35p2table.notApplicable
OK: batch.writer.worst.sp63p1.notApplicable
OK: batch.writer.worst.sp63p2.notApplicable
OK: batch.writer.data.firstId
OK: batch.writer.data.capacityStatus
OK: batch.writer.data.capacityReserve
OK: batch.writer.data.statusColors
OK: batch.writer.strength.statusColors
OK: batch.writer.strength.absentZonesBlank
OK: batch.writer.strength.presentTensionKept
OK: batch.writer.crack.statusColors
OK: batch.writer.crack.header.formationTitle
OK: batch.writer.crack.header.crackedStateTitle
OK: batch.writer.crack.header.title
OK: batch.writer.crack.header.mcrcNote
OK: batch.writer.crack.header.formationStatus
OK: batch.writer.crack.header.state
OK: batch.writer.crack.header.crackedStateStatus
OK: batch.writer.crack.header.es
OK: batch.writer.crack.header.normalStatusRu
OK: batch.writer.crack.header.longStatusRu
OK: batch.writer.crack.header.notesPlain
OK: batch.writer.crack.header.notesFill
OK: batch.writer.crack.availableRowsBorder
OK: batch.writer.stability.statusColor
OK: batch.writer.stability.header.summary
OK: batch.writer.stability.header.statusWidth
OK: batch.writer.stability.header.mainAxes
OK: batch.writer.stability.header.noExtraTier
OK: batch.writer.stability.header.sp35
OK: batch.writer.stability.header.sp63
OK: batch.writer.stability.header.notes
OK: batch.writer.stability.header.notesPlain
OK: batch.writer.stability.header.notesFill
OK: batch.writer.stability.header.sp35NcrBranch
OK: batch.writer.stability.header.sp63PlaneHeight
OK: batch.writer.stability.header.sp35Ratio
OK: batch.writer.stability.columnWidthA; actual=10.; expected=10.
OK: batch.writer.stability.columnWidthN; actual=10.; expected=10.
OK: batch.writer.stability.columnWidthAF; actual=10.; expected=10.
OK: batch.writer.stability.columnWidthCC; actual=10.; expected=10.
OK: batch.writer.stability.availableRowsBorder
OK: batch.writer.stability.lowerRanges
OK: batch.writer.reserve.W1.summaryRow
OK: batch.writer.reserve.W1.strengthRow
OK: batch.writer.reserve.W1.crackRow
OK: batch.writer.reserve.W1.stabilityRow
OK: batch.writer.reserve.W1.strain.bothNumeric
OK: batch.writer.reserve.W1.strain; actual=23.654566819636; expected=23.654566819636
OK: batch.writer.reserve.W1.capacity.bothNumeric
OK: batch.writer.reserve.W1.capacity; actual=9.761081549025; expected=9.761081549025
OK: batch.writer.reserve.W1.crack.bothNumeric
OK: batch.writer.reserve.W1.crack; actual=0.; expected=0.
OK: batch.writer.reserve.W1.longCrack.bothNumeric
OK: batch.writer.reserve.W1.longCrack; actual=0.; expected=0.
OK: batch.writer.reserve.W1.sp35p1eta.bothNumeric
OK: batch.writer.reserve.W1.sp35p1eta; actual=0.900052311686; expected=0.900052311686
OK: batch.writer.reserve.W1.sp35p1table.bothNumeric
OK: batch.writer.reserve.W1.sp35p1table; actual=0.; expected=0.
OK: batch.writer.reserve.W1.sp35p2eta.bothNumeric
OK: batch.writer.reserve.W1.sp35p2eta; actual=0.326769903983; expected=0.326769903983
OK: batch.writer.reserve.W1.sp35p2table.bothNumeric
OK: batch.writer.reserve.W1.sp35p2table; actual=0.; expected=0.
OK: batch.writer.reserve.W1.sp63p1.bothNumeric
OK: batch.writer.reserve.W1.sp63p1; actual=0.; expected=0.
OK: batch.writer.reserve.W1.sp63p2.bothNumeric
OK: batch.writer.reserve.W1.sp63p2; actual=0.; expected=0.
OK: batch.writer.reserve.W2.summaryRow
OK: batch.writer.reserve.W2.strengthRow
OK: batch.writer.reserve.W2.crackRow
OK: batch.writer.reserve.W2.stabilityRow
OK: batch.writer.reserve.W2.strain.bothNumeric
OK: batch.writer.reserve.W2.strain; actual=0.; expected=0.
OK: batch.writer.reserve.W2.capacity.bothNumeric
OK: batch.writer.reserve.W2.capacity; actual=0.; expected=0.
OK: batch.writer.reserve.W2.crack.bothNumeric
OK: batch.writer.reserve.W2.crack; actual=0.; expected=0.
OK: batch.writer.reserve.W2.longCrack.bothNumeric
OK: batch.writer.reserve.W2.longCrack; actual=12.30931237624; expected=12.30931237624
OK: batch.writer.reserve.W2.sp35p1eta.bothNumeric
OK: batch.writer.reserve.W2.sp35p1eta; actual=0.; expected=0.
OK: batch.writer.reserve.W2.sp35p1table.bothNumeric
OK: batch.writer.reserve.W2.sp35p1table; actual=0.; expected=0.
OK: batch.writer.reserve.W2.sp35p2eta.bothNumeric
OK: batch.writer.reserve.W2.sp35p2eta; actual=0.; expected=0.
OK: batch.writer.reserve.W2.sp35p2table.bothNumeric
OK: batch.writer.reserve.W2.sp35p2table; actual=0.; expected=0.
OK: batch.writer.reserve.W2.sp63p1.bothNumeric
OK: batch.writer.reserve.W2.sp63p1; actual=0.; expected=0.
OK: batch.writer.reserve.W2.sp63p2.bothNumeric
OK: batch.writer.reserve.W2.sp63p2; actual=0.; expected=0.
OK: batch.writer.reserve.WT.summaryRow
OK: batch.writer.reserve.WT.strengthRow
OK: batch.writer.reserve.WT.crackRow
OK: batch.writer.reserve.WT.stabilityRow
OK: batch.writer.reserve.WT.strain.bothNumeric
OK: batch.writer.reserve.WT.strain; actual=628.318530717958; expected=628.318530717958
OK: batch.writer.reserve.WT.capacity.bothNumeric
OK: batch.writer.reserve.WT.capacity; actual=0.; expected=0.
OK: batch.writer.reserve.WT.crack.bothNumeric
OK: batch.writer.reserve.WT.crack; actual=0.; expected=0.
OK: batch.writer.reserve.WT.longCrack.bothNumeric
OK: batch.writer.reserve.WT.longCrack; actual=0.; expected=0.
OK: batch.writer.reserve.WT.sp35p1eta.bothNumeric
OK: batch.writer.reserve.WT.sp35p1eta; actual=0.; expected=0.
OK: batch.writer.reserve.WT.sp35p1table.bothNumeric
OK: batch.writer.reserve.WT.sp35p1table; actual=0.; expected=0.
OK: batch.writer.reserve.WT.sp35p2eta.bothNumeric
OK: batch.writer.reserve.WT.sp35p2eta; actual=0.; expected=0.
OK: batch.writer.reserve.WT.sp35p2table.bothNumeric
OK: batch.writer.reserve.WT.sp35p2table; actual=0.; expected=0.
OK: batch.writer.reserve.WT.sp63p1.bothNumeric
OK: batch.writer.reserve.WT.sp63p1; actual=0.; expected=0.
OK: batch.writer.reserve.WT.sp63p2.bothNumeric
OK: batch.writer.reserve.WT.sp63p2; actual=0.; expected=0.

PERF|current|run=4|case=bending; passed=11; failed=0; elapsedSec=0.130859375; solves=28; probes=24; planeProbes=0; probeReuse=0; stateReuse=0; unconvergedProbes=0; unconfirmedPhysical=0; newtonCalls=176; integrations=720; iterations=384; retries=0; geometrySec=0.0009765625; coreSec=0.10546875; packagingSec=0; writeSec=0; modelSizes=150f/4r
OK: capacity.mx.negative.converged
OK: capacity.mx.positive.converged
OK: capacity.mx.negative.sign
OK: capacity.mx.positive.sign
OK: capacity.mx.limit.physical
OK: capacity.mx.negative.N; actual=-300000.; expected=-300000.; relDiff=0.
OK: capacity.mx.negative.Mx; actual=-30937500.; expected=-30937500.; relDiff=0.
OK: capacity.mx.negative.My; actual=-0.000000000102; expected=0.; absDiff=0.000000000102
OK: capacity.mx.positive.N; actual=-300000.; expected=-300000.; relDiff=0.
OK: capacity.mx.positive.Mx; actual=30937500.; expected=30937500.; relDiff=0.
OK: capacity.mx.positive.My; actual=0.000000001062; expected=0.; absDiff=0.000000001062

PERF|current|run=4|case=biaxial; passed=32; failed=0; elapsedSec=0.291015625; solves=48; probes=48; planeProbes=0; probeReuse=0; stateReuse=0; unconvergedProbes=0; unconfirmedPhysical=0; newtonCalls=384; integrations=1488; iterations=912; retries=0; geometrySec=0.0009765625; coreSec=0.2451171875; packagingSec=0; writeSec=0; modelSizes=150f/4r
OK: capacity.mxy.pp.converged
OK: capacity.mxy.pp.lambda.positive
OK: capacity.mxy.pp.mx.sign
OK: capacity.mxy.pp.my.sign
OK: capacity.mxy.pp.direction; actual=0.; expected=0.; absDiff=0.
OK: capacity.mxy.pp.N; actual=-250000.; expected=-250000.; relDiff=0.
OK: capacity.mxy.pp.Mx; actual=21468750.; expected=21468750.; relDiff=0.
OK: capacity.mxy.pp.My; actual=14312500.; expected=14312500.; relDiff=0.
OK: capacity.mxy.np.converged
OK: capacity.mxy.np.lambda.positive
OK: capacity.mxy.np.mx.sign
OK: capacity.mxy.np.my.sign
OK: capacity.mxy.np.direction; actual=0.; expected=0.; absDiff=0.
OK: capacity.mxy.np.N; actual=-250000.; expected=-250000.; relDiff=0.
OK: capacity.mxy.np.Mx; actual=-21468750.; expected=-21468750.; relDiff=0.
OK: capacity.mxy.np.My; actual=14312500.; expected=14312500.; relDiff=0.
OK: capacity.mxy.pn.converged
OK: capacity.mxy.pn.lambda.positive
OK: capacity.mxy.pn.mx.sign
OK: capacity.mxy.pn.my.sign
OK: capacity.mxy.pn.direction; actual=0.; expected=0.; absDiff=0.
OK: capacity.mxy.pn.N; actual=-250000.; expected=-250000.; relDiff=0.
OK: capacity.mxy.pn.Mx; actual=21468750.; expected=21468750.; relDiff=0.
OK: capacity.mxy.pn.My; actual=-14312500.; expected=-14312500.; relDiff=0.
OK: capacity.mxy.nn.converged
OK: capacity.mxy.nn.lambda.positive
OK: capacity.mxy.nn.mx.sign
OK: capacity.mxy.nn.my.sign
OK: capacity.mxy.nn.direction; actual=0.; expected=0.; absDiff=0.
OK: capacity.mxy.nn.N; actual=-250000.; expected=-250000.; relDiff=0.
OK: capacity.mxy.nn.Mx; actual=-21468750.; expected=-21468750.; relDiff=0.
OK: capacity.mxy.nn.My; actual=-14312500.; expected=-14312500.; relDiff=0.

PERF|current|run=4|case=asymmetric; passed=6; failed=0; elapsedSec=15.1123046875; solves=94; probes=23; planeProbes=0; probeReuse=0; stateReuse=0; unconvergedProbes=25; unconfirmedPhysical=0; newtonCalls=671; integrations=7269; iterations=3874; retries=20; geometrySec=0.01171875; coreSec=14.267578125; packagingSec=0; writeSec=0; modelSizes=2875f/0r|2875f/4r
OK: capacity.asym.Ixy.nonzero
OK: capacity.asym.converged
OK: capacity.asym.coupledKappaY
OK: capacity.asym.N; actual=-260000.; expected=-260000.; relDiff=0.
OK: capacity.asym.Mx; actual=-320000000.; expected=-320000000.; relDiff=0.
OK: capacity.asym.My; actual=-0.000000072119; expected=0.; absDiff=0.000000072119

PERF|current|run=4|case=axial; passed=12; failed=0; elapsedSec=0.1748046875; solves=38; probes=12; planeProbes=0; probeReuse=0; stateReuse=0; unconvergedProbes=10; unconfirmedPhysical=0; newtonCalls=286; integrations=842; iterations=558; retries=8; geometrySec=0.0009765625; coreSec=0.16015625; packagingSec=0; writeSec=0; modelSizes=150f/4r
OK: capacity.nult.compression.converged
OK: capacity.nult.compression.sign
OK: capacity.nult.compression.safety
OK: capacity.nult.compression.N; actual=-1287513.24397852; expected=-1287513.24397852; relDiff=0.
OK: capacity.nult.compression.Mx; actual=0.; expected=0.; absDiff=0.
OK: capacity.nult.compression.My; actual=0.000000000466; expected=0.; absDiff=0.000000000466
OK: capacity.nult.tension.converged
OK: capacity.nult.tension.sign
OK: capacity.nult.tension.safety
OK: capacity.nult.tension.N; actual=439822.971502571; expected=439822.971502571; relDiff=0.
OK: capacity.nult.tension.Mx; actual=-0.000000000116; expected=0.; absDiff=0.000000000116
OK: capacity.nult.tension.My; actual=-0.000000000175; expected=0.; absDiff=0.000000000175

PERF|current|run=4|case=methods; passed=16; failed=0; elapsedSec=0.1376953125; solves=30; probes=32; planeProbes=0; probeReuse=5; stateReuse=0; unconvergedProbes=0; unconfirmedPhysical=0; newtonCalls=204; integrations=787; iterations=442; retries=0; geometrySec=0; coreSec=0.1123046875; packagingSec=0; writeSec=0; modelSizes=150f/4r
OK: search.bisection.converged
OK: search.brent.converged
OK: search.secant.converged
OK: search.bisection.branch
OK: search.brent.branch
OK: search.secant.branch
OK: search.brent.independent
OK: search.secant.independent
OK: search.brent.lambda; actual=3.09776378716; expected=3.09375; absDiff=0.00401378716
OK: search.secant.lambda; actual=3.098514991183; expected=3.09375; absDiff=0.004764991183
OK: search.brent.N; actual=-300000.; expected=-300000.; relDiff=0.
OK: search.brent.Mx; actual=-30977637.8716034; expected=-30977637.8716034; relDiff=0.
OK: search.brent.My; actual=-0.000000000582; expected=0.; absDiff=0.000000000582
OK: search.secant.N; actual=-300000.; expected=-300000.; relDiff=0.
OK: search.secant.Mx; actual=-30985149.9118327; expected=-30985149.9118327; relDiff=0.
OK: search.secant.My; actual=0.00000000032; expected=0.; absDiff=0.00000000032

PERF|current|run=4|case=capacity_strategies; passed=36; failed=0; elapsedSec=0.7607421875; solves=82; probes=66; planeProbes=51; probeReuse=0; stateReuse=0; unconvergedProbes=5; unconfirmedPhysical=0; newtonCalls=691; integrations=2677; iterations=1550; retries=4; geometrySec=0.0068359375; coreSec=0.638671875; packagingSec=0; writeSec=0; modelSizes=150f/4r|489f/4r
OK: method.pure_compression.load.invalid
OK: method.pure_compression.strain.invalid
COMPARE|method.pure_compression.load|converged=False|lambda=0.|limitState=InvalidInput|criticalStrain=0.|criticalElement=|solverCalls=0|elapsedSec=0.
COMPARE|method.pure_compression.strain|converged=False|lambda=0.|limitState=InvalidInput|criticalStrain=0.|criticalElement=|solverCalls=0|elapsedSec=0.
OK: method.n_plus_mx.load.converged
OK: method.n_plus_mx.strain.converged
OK: method.n_plus_mx.lambda; actual=3.09871424391; expected=3.09375; absDiff=0.00496424391
OK: method.n_plus_mx.limitState
OK: method.n_plus_mx.criticalElement
OK: method.n_plus_mx.solverCalls
COMPARE|method.n_plus_mx.load|converged=True|lambda=3.09375|limitState=ConcreteStrainLimit|criticalStrain=-0.001501652538|criticalElement=C142:Compression|solverCalls=12|elapsedSec=0.060546875
COMPARE|method.n_plus_mx.strain|converged=True|lambda=3.09871424391|limitState=ConcreteStrainLimit|criticalStrain=-0.0015|criticalElement=C136:Compression|solverCalls=6|elapsedSec=0.00390625
OK: method.n_plus_my.load.converged
OK: method.n_plus_my.strain.converged
OK: method.n_plus_my.lambda; actual=4.490409406951; expected=4.484375; absDiff=0.006034406951
OK: method.n_plus_my.limitState
OK: method.n_plus_my.criticalElement
OK: method.n_plus_my.solverCalls
COMPARE|method.n_plus_my.load|converged=True|lambda=4.484375|limitState=ConcreteStrainLimit|criticalStrain=-0.001500652149|criticalElement=C15:Compression|solverCalls=18|elapsedSec=0.2197265625
COMPARE|method.n_plus_my.strain|converged=True|lambda=4.490409406951|limitState=ConcreteStrainLimit|criticalStrain=-0.0015|criticalElement=C150:Compression|solverCalls=6|elapsedSec=0.00390625
OK: method.biaxial.load.converged
OK: method.biaxial.strain.converged
OK: method.biaxial.lambda; actual=3.583378103741; expected=3.578125; absDiff=0.005253103741
OK: method.biaxial.limitState
OK: method.biaxial.criticalElement
OK: method.biaxial.solverCalls
COMPARE|method.biaxial.load|converged=True|lambda=3.578125|limitState=ConcreteStrainLimit|criticalStrain=-0.001501063653|criticalElement=C150:Compression|solverCalls=12|elapsedSec=0.064453125
COMPARE|method.biaxial.strain|converged=True|lambda=3.583378103741|limitState=ConcreteStrainLimit|criticalStrain=-0.0015|criticalElement=C150:Compression|solverCalls=16|elapsedSec=0.0078125
OK: method.circle.load.converged
OK: method.circle.strain.converged
OK: method.circle.symmetry; actual=31453125.; expected=31489108.1594418; relDiff=0.001142717643
OK: method.circle.criticalElement
COMPARE|method.circle.load|converged=True|lambda=5.2421875|limitState=ConcreteStrainLimit|criticalStrain=-0.001498237699|criticalElement=C483:Compression|solverCalls=14|elapsedSec=0.
COMPARE|method.circle.strain|converged=True|lambda=5.24818469324|limitState=ConcreteStrainLimit|criticalStrain=-0.0015|criticalElement=C182:Compression|solverCalls=11|elapsedSec=0.
OK: method.strain_limit.load.converged
OK: method.strain_limit.strain.converged
OK: method.strain_limit.lambda; actual=4.795168098697; expected=4.7890625; absDiff=0.006105598697
OK: method.strain_limit.limitState
OK: method.strain_limit.criticalElement
OK: method.strain_limit.criticalUtilization
COMPARE|method.strain_limit.load|converged=True|lambda=4.7890625|limitState=ConcreteStrainLimit|criticalStrain=-0.000599236031|criticalElement=C136:Compression|solverCalls=14|elapsedSec=0.
COMPARE|method.strain_limit.strain|converged=True|lambda=4.795168098697|limitState=ConcreteStrainLimit|criticalStrain=-0.0006|criticalElement=C136:Compression|solverCalls=1|elapsedSec=0.
OK: method.numericalFailure.notConverged
OK: method.numericalFailure.state
OK: method.numericalFailure.noPhysicalUpper
COMPARE|method.numericalFailure.strain|converged=False|lambda=0.|limitState=NumericalFailure|criticalStrain=-0.001500000001|criticalElement=C150:Compression|solverCalls=5|elapsedSec=0.
OK: method.maxLambdaIgnored.converged
OK: method.maxLambdaIgnored.lambdaAboveLimit
OK: method.maxLambdaIgnored.momentStored

PERF|current|run=4|case=crack_bending; passed=39; failed=0; elapsedSec=0.375; solves=72; probes=66; planeProbes=0; probeReuse=0; stateReuse=0; unconvergedProbes=0; unconfirmedPhysical=0; newtonCalls=576; integrations=1697; iterations=1025; retries=0; geometrySec=0.0029296875; coreSec=0.291015625; packagingSec=0; writeSec=0; modelSizes=150f/4r
OK: crack.auto.pureMx.converged
OK: crack.auto.pureMx.formed
OK: crack.auto.pureMx.tensionBars
OK: crack.auto.pureMx.sigmaPositive
OK: crack.auto.pureMx.spacingPositive
OK: crack.auto.pureMx.widthFormula; actual=0.150903530526; expected=0.150903530526; absDiff=0.
OK: crack.auto.pureMx.utilization; actual=1509.03530526357; expected=1509.03530526357; absDiff=0.
OK: crack.auto.pureMx.lambda
OK: crack.auto.pureMx.preCrackState
OK: crack.auto.pureMx.postCrackState
OK: crack.auto.pureMx.psiReduced
OK: crack.auto.pureMx.preCrack.twoSign
OK: crack.auto.pureMx.preCrack.epsBtUlt; actual=0.00015; expected=0.00015; absDiff=0.
OK: crack.auto.pureMy.converged
OK: crack.auto.pureMy.formed
OK: crack.auto.pureMy.tensionBars
OK: crack.auto.pureMy.sigmaPositive
OK: crack.auto.pureMy.spacingPositive
OK: crack.auto.pureMy.widthFormula; actual=0.068784054628; expected=0.068784054628; absDiff=0.
OK: crack.auto.pureMy.utilization; actual=687.840546281971; expected=687.840546281971; absDiff=0.
OK: crack.auto.pureMy.lambda
OK: crack.auto.pureMy.preCrackState
OK: crack.auto.pureMy.postCrackState
OK: crack.auto.pureMy.psiReduced
OK: crack.auto.pureMy.preCrack.twoSign
OK: crack.auto.pureMy.preCrack.epsBtUlt; actual=0.00015; expected=0.00015; absDiff=0.
OK: crack.auto.pureMxy.converged
OK: crack.auto.pureMxy.formed
OK: crack.auto.pureMxy.tensionBars
OK: crack.auto.pureMxy.sigmaPositive
OK: crack.auto.pureMxy.spacingPositive
OK: crack.auto.pureMxy.widthFormula; actual=0.128222487931; expected=0.128222487931; absDiff=0.
OK: crack.auto.pureMxy.utilization; actual=1282.22487931034; expected=1282.22487931034; absDiff=0.
OK: crack.auto.pureMxy.lambda
OK: crack.auto.pureMxy.preCrackState
OK: crack.auto.pureMxy.postCrackState
OK: crack.auto.pureMxy.psiReduced
OK: crack.auto.pureMxy.preCrack.twoSign
OK: crack.auto.pureMxy.preCrack.epsBtUlt; actual=0.00015; expected=0.00015; absDiff=0.

PERF|current|run=4|case=crack_paths; passed=52; failed=0; elapsedSec=0.3310546875; solves=56; probes=44; planeProbes=0; probeReuse=0; stateReuse=0; unconvergedProbes=0; unconfirmedPhysical=0; newtonCalls=448; integrations=1459; iterations=806; retries=0; geometrySec=0.0029296875; coreSec=0.24609375; packagingSec=0; writeSec=0; modelSizes=150f/4r
OK: crack.path.mxy.converged
OK: crack.path.mxy.formed
OK: crack.path.mxy.tensionBars
OK: crack.path.mxy.sigmaPositive
OK: crack.path.mxy.spacingPositive
OK: crack.path.mxy.widthFormula; actual=0.133858060725; expected=0.133858060725; absDiff=0.
OK: crack.path.mxy.utilization; actual=1338.58060725361; expected=1338.58060725361; absDiff=0.
OK: crack.path.mxy.lambda
OK: crack.path.mxy.nFixed; actual=-20000.; expected=-20000.; absDiff=0.
OK: crack.path.n.converged
OK: crack.path.n.formed
OK: crack.path.n.tensionBars
OK: crack.path.n.sigmaPositive
OK: crack.path.n.spacingPositive
OK: crack.path.n.widthFormula; actual=0.139403828281; expected=0.139403828281; absDiff=0.
OK: crack.path.n.utilization; actual=1394.03828280626; expected=1394.03828280626; absDiff=0.
OK: crack.path.n.central
OK: crack.path.n.formationN; actual=119657.725354552; expected=119657.725354552; absDiff=0.
OK: crack.path.autoN.converged
OK: crack.path.autoN.formed
OK: crack.path.autoN.tensionBars
OK: crack.path.autoN.sigmaPositive
OK: crack.path.autoN.spacingPositive
OK: crack.path.autoN.widthFormula; actual=0.139403828281; expected=0.139403828281; absDiff=0.
OK: crack.path.autoN.utilization; actual=1394.03828280626; expected=1394.03828280626; absDiff=0.
OK: crack.path.autoN.central
OK: crack.path.autoN.method
OK: crack.path.autoN.formationN; actual=119657.725354552; expected=119657.725354552; absDiff=0.
OK: crack.path.nmxy.converged
OK: crack.path.nmxy.formed
OK: crack.path.nmxy.tensionBars
OK: crack.path.nmxy.sigmaPositive
OK: crack.path.nmxy.spacingPositive
OK: crack.path.nmxy.widthFormula; actual=0.131351003693; expected=0.131351003693; absDiff=0.
OK: crack.path.nmxy.utilization; actual=1313.5100369324; expected=1313.5100369324; absDiff=0.
OK: crack.path.nmxy.lambda
OK: crack.path.nmxy.nScaled; actual=-10565.5573022651; expected=-10565.5573022651; absDiff=0.
OK: crack.path.nmxy.mScaled; actual=7924167.97669881; expected=7924167.97669881; absDiff=0.
OK: crack.path.nFixedMomentFallback.converged
OK: crack.path.nFixedMomentFallback.formed
OK: crack.path.nFixedMomentFallback.lambda0; actual=0.; expected=0.; absDiff=0.
OK: crack.path.nFixedMomentFallback.noFormationN; actual=0.; expected=0.; absDiff=0.
OK: crack.path.nFixedMomentFallback.noMcrc; actual=0.; expected=0.; absDiff=0.
OK: crack.path.nFixedMomentFallback.noBeforeState
OK: crack.path.nFixedMomentFallback.noAfterState
OK: crack.path.nFixedMomentFallback.psi1; actual=1.; expected=1.; absDiff=0.
OK: crack.path.nFixedMomentFallback.status
OK: crack.path.mxyAxialFallback.converged
OK: crack.path.mxyAxialFallback.formed
OK: crack.path.mxyAxialFallback.lambda0; actual=0.; expected=0.; absDiff=0.
OK: crack.path.mxyAxialFallback.psi1; actual=1.; expected=1.; absDiff=0.
OK: crack.path.mxyAxialFallback.status

PERF|current|run=4|case=crack_cache; passed=22; failed=0; elapsedSec=0.2861328125; solves=50; probes=44; planeProbes=0; probeReuse=0; stateReuse=1; unconvergedProbes=0; unconfirmedPhysical=0; newtonCalls=400; integrations=1287; iterations=707; retries=0; geometrySec=0.0009765625; coreSec=0.2021484375; packagingSec=0; writeSec=0; modelSizes=150f/4r
OK: crack.cache.first.converged
OK: crack.cache.first.formed
OK: crack.cache.first.tensionBars
OK: crack.cache.first.sigmaPositive
OK: crack.cache.first.spacingPositive
OK: crack.cache.first.widthFormula; actual=0.133858060725; expected=0.133858060725; absDiff=0.
OK: crack.cache.first.utilization; actual=0.133858060725; expected=0.133858060725; absDiff=0.
OK: crack.cache.first.sigmaCrc
OK: crack.cache.first.preState
OK: crack.cache.first.postState
OK: crack.cache.second.converged
OK: crack.cache.second.formed
OK: crack.cache.second.tensionBars
OK: crack.cache.second.sigmaPositive
OK: crack.cache.second.spacingPositive
OK: crack.cache.second.widthFormula; actual=0.133858060725; expected=0.133858060725; absDiff=0.
OK: crack.cache.second.utilization; actual=0.133858060725; expected=0.133858060725; absDiff=0.
OK: crack.cache.second.reused
OK: crack.cache.second.noLastRunner
OK: crack.cache.second.sigmaCrc
OK: crack.cache.second.preState
OK: crack.cache.second.postState

PERF|current|run=4|case=geometry_rounded; passed=6; failed=0; elapsedSec=0.1787109375; solves=0; probes=0; planeProbes=0; probeReuse=0; stateReuse=0; unconvergedProbes=0; unconfirmedPhysical=0; newtonCalls=0; integrations=0; iterations=0; retries=0; geometrySec=0.0693359375; coreSec=0; packagingSec=0; writeSec=0; modelSizes=7596f/0r
OK: sym.area.available
OK: sym.area; actual=47475.; expected=47457.8928833008; relDiff=0.000360469369
OK: sym.cx; actual=0.; expected=0.; absDiff=0.
OK: sym.cy; actual=0.; expected=0.; absDiff=0.
OK: sym.Ixy; actual=0.; expected=0.; absDiff=0.
OK: sym.principal.angle; actual=1.570796326795; expected=1.570796326795; absDiff=0.

PERF|current|run=4|case=geometry_tapered; passed=11; failed=0; elapsedSec=0.017578125; solves=0; probes=0; planeProbes=0; probeReuse=0; stateReuse=0; unconvergedProbes=0; unconfirmedPhysical=0; newtonCalls=0; integrations=0; iterations=0; retries=0; geometrySec=0.0087890625; coreSec=0; packagingSec=0; writeSec=0; modelSizes=95f/0r|379f/0r
OK: rounded.tapered.area.positive
OK: rounded.tapered.centroid.inside
OK: rounded.tapered.rightExtension
OK: rounded.tapered.height; actual=180.; expected=180.; absDiff=0.
OK: rounded.tapered.area.convergence; actual=59218.75; expected=59375.; relDiff=0.002631578947
OK: rounded.tapered.Ix.convergence; actual=143398803.603575; expected=144005276.864035; relDiff=0.004211465536
OK: rounded.tapered.variableAngle.topTangent; actual=375.735931288071; expected=375.735931288071; absDiff=0.000000000001
OK: rounded.tapered.variableAngle.maxX; actual=708.57864376269; expected=708.57864376269; absDiff=0.
OK: rounded.tapered.variableAngle.maxLessThanRawApex
OK: rounded.tapered.r1GreaterThanHalfHeight.valid
OK: rounded.tapered.radiiOverlap.invalid

PERF|current|run=4|case=geometry_hollow; passed=11; failed=0; elapsedSec=0.001953125; solves=0; probes=0; planeProbes=0; probeReuse=0; stateReuse=0; unconvergedProbes=0; unconfirmedPhysical=0; newtonCalls=0; integrations=0; iterations=0; retries=0; geometrySec=0; coreSec=0; packagingSec=0; writeSec=0; modelSizes=
OK: hollow.geometry.valid
OK: hollow.geometry.areaAvailable
OK: hollow.geometry.area; actual=300000.; expected=300000.; absDiff=0.
OK: hollow.geometry.cx; actual=0.; expected=0.; absDiff=0.
OK: hollow.geometry.cy; actual=0.; expected=0.; absDiff=0.
OK: hollow.geometry.outerConcrete
OK: hollow.geometry.openingExcluded
OK: hollow.geometry.outsideExcluded
OK: hollow.geometry.offset.valid
OK: hollow.geometry.offset.cxOppositeOpening
OK: hollow.geometry.offset.cyOppositeOpening

PERF|current|run=4|case=geometry_hollow_rebars; passed=76; failed=0; elapsedSec=0.078125; solves=0; probes=0; planeProbes=0; probeReuse=0; stateReuse=0; unconvergedProbes=0; unconfirmedPhysical=0; newtonCalls=0; integrations=0; iterations=0; retries=0; geometrySec=0; coreSec=0; packagingSec=0; writeSec=0; modelSizes=
OK: hollow.rebar.external.top
OK: hollow.rebar.external.bottom
OK: hollow.rebar.external.left
OK: hollow.rebar.external.right
OK: hollow.rebar.hLeft.firstX; actual=-210.; expected=-210.; absDiff=0.
OK: hollow.rebar.hLeft.firstY; actual=-220.; expected=-220.; absDiff=0.
OK: hollow.rebar.hLeft.lastX; actual=-210.; expected=-210.; absDiff=0.
OK: hollow.rebar.hLeft.lastY; actual=220.; expected=220.; absDiff=0.
OK: hollow.rebar.bTop.anchorStartY; actual=360.; expected=360.; absDiff=0.
OK: hollow.rebar.bTop.anchorEndY; actual=360.; expected=360.; absDiff=0.
OK: hollow.rebar.bBottom.anchorStartY; actual=-360.; expected=-360.; absDiff=0.
OK: hollow.rebar.bBottom.anchorEndY; actual=-360.; expected=-360.; absDiff=0.
OK: hollow.rebar.openingBTop.anchorStartY; actual=290.; expected=290.; absDiff=0.
OK: hollow.rebar.openingBTop.anchorEndY; actual=290.; expected=290.; absDiff=0.
OK: hollow.rebar.openingBBottom.anchorStartY; actual=-290.; expected=-290.; absDiff=0.
OK: hollow.rebar.openingBBottom.anchorEndY; actual=-290.; expected=-290.; absDiff=0.
OK: hollow.rebar.opening.topProjected
OK: hollow.rebar.opening.bottomProjected
OK: hollow.rebar.opening.leftProjected
OK: hollow.rebar.opening.rightProjected
OK: hollow.rebar.inside.1
OK: hollow.rebar.inside.2
OK: hollow.rebar.inside.3
OK: hollow.rebar.inside.4
OK: hollow.rebar.inside.5
OK: hollow.rebar.inside.6
OK: hollow.rebar.inside.7
OK: hollow.rebar.inside.8
OK: hollow.rebar.inside.9
OK: hollow.rebar.inside.10
OK: hollow.rebar.inside.11
OK: hollow.rebar.inside.12
OK: hollow.rebar.inside.13
OK: hollow.rebar.inside.14
OK: hollow.rebar.inside.15
OK: hollow.rebar.inside.16
OK: hollow.rebar.inside.17
OK: hollow.rebar.inside.18
OK: hollow.rebar.inside.19
OK: hollow.rebar.inside.20
OK: hollow.rebar.inside.21
OK: hollow.rebar.inside.22
OK: hollow.rebar.inside.23
OK: hollow.rebar.inside.24
OK: hollow.rebar.inside.25
OK: hollow.rebar.inside.26
OK: hollow.rebar.inside.27
OK: hollow.rebar.inside.28
OK: hollow.rebar.inside.29
OK: hollow.rebar.inside.30
OK: hollow.rebar.inside.31
OK: hollow.rebar.inside.32
OK: hollow.rebar.inside.33
OK: hollow.rebar.inside.34
OK: hollow.rebar.inside.35
OK: hollow.rebar.inside.36
OK: hollow.rebar.inside.37
OK: hollow.rebar.inside.38
OK: hollow.rebar.inside.39
OK: hollow.rebar.inside.40
OK: hollow.rebar.inside.41
OK: hollow.rebar.inside.42
OK: hollow.rebar.inside.43
OK: hollow.rebar.inside.44
OK: hollow.rebar.inside.45
OK: hollow.rebar.inside.46
OK: hollow.rebar.inside.47
OK: hollow.rebar.inside.48
OK: hollow.rebar.inside.49
OK: hollow.rebar.inside.50
OK: hollow.rebar.inside.51
OK: hollow.rebar.inside.52
OK: hollow.rebar.inside.53
OK: hollow.rebar.inside.54
OK: hollow.rebar.inside.55
OK: hollow.rebar.inside.56

PERF|current|run=4|case=geometry_hollow_mesh; passed=3; failed=0; elapsedSec=9.935546875; solves=0; probes=0; planeProbes=0; probeReuse=0; stateReuse=0; unconvergedProbes=0; unconfirmedPhysical=0; newtonCalls=0; integrations=0; iterations=0; retries=0; geometrySec=9.8583984375; coreSec=0; packagingSec=0; writeSec=0; modelSizes=3717f/0r
OK: perf.hollow.areaAvailable
OK: perf.hollow.gridArea
OK: perf.hollow.empty
NUMERIC: hollow; fibers=3717; area=298200; x=-13.3735747820255; y=10.0301810865191; Ix=18830574728.3711; Iy=7669851183.76884; Ixy=159640362.173038

PERF|current|run=4|case=batch_write; passed=168; failed=0; elapsedSec=0.4931640625; solves=3; probes=0; planeProbes=21; probeReuse=0; stateReuse=0; unconvergedProbes=0; unconfirmedPhysical=0; newtonCalls=24; integrations=98; iterations=49; retries=0; geometrySec=0; coreSec=0.0087890625; packagingSec=0; writeSec=0.7353515625; modelSizes=100f/4r
OK: batch.writer.fixedRow
OK: batch.writer.noResultOverlap
OK: batch.writer.rangeSize
OK: batch.writer.strengthBlockPosition
OK: batch.writer.crackBlockPosition
OK: batch.writer.stabilityBlockPosition
OK: batch.writer.meta.worstLabel
OK: batch.writer.meta.worstValue
OK: batch.writer.meta.solverCalls
OK: batch.writer.meta.valuesCentered
OK: batch.writer.header.statusGroup
OK: batch.writer.header.reserveGroup
OK: batch.writer.header.statusStrength
OK: batch.writer.header.reserveStrength
OK: batch.writer.header.centered
OK: batch.writer.header.commentLeft
OK: batch.writer.header.epsilon
OK: batch.writer.header.sp63StatusPlaneMerge
OK: batch.writer.header.sp63ReservePlaneMerge
OK: batch.writer.header.id
OK: batch.writer.header.idMergeRows
OK: batch.writer.header.commentRow
OK: batch.writer.worst.label
OK: batch.writer.worst.commentDash
OK: batch.writer.worst.resultCommentDash
OK: batch.writer.worst.overallDash
OK: batch.writer.worst.noNa
OK: batch.writer.worst.bold
OK: batch.writer.statusLegend.title
OK: batch.writer.statusLegend.header
OK: batch.writer.statusLegend.values
OK: batch.writer.statusLegend.mergeOnlyTitle
OK: batch.writer.statusLegend.noWrap
OK: batch.writer.statusLegend.italicValues
OK: batch.writer.statusLegend.colors
OK: batch.writer.reserve.dataNotHeaderFill
OK: batch.writer.worst.strain.combinationFound
OK: batch.writer.worst.strain.reserve.bothNumeric
OK: batch.writer.worst.strain.reserve; actual=23.654566819636; expected=23.654566819636
OK: batch.writer.worst.capacity.combinationFound
OK: batch.writer.worst.capacity.reserve.bothNumeric
OK: batch.writer.worst.capacity.reserve; actual=9.761081549025; expected=9.761081549025
OK: batch.writer.worst.crack.notApplicable
OK: batch.writer.worst.longCrack.combinationFound
OK: batch.writer.worst.longCrack.reserve.bothNumeric
OK: batch.writer.worst.longCrack.reserve; actual=12.30931237624; expected=12.30931237624
OK: batch.writer.worst.sp35p1eta.combinationFound
OK: batch.writer.worst.sp35p1eta.reserve.bothNumeric
OK: batch.writer.worst.sp35p1eta.reserve; actual=0.900052311686; expected=0.900052311686
OK: batch.writer.worst.sp35p1table.notApplicable
OK: batch.writer.worst.sp35p2eta.combinationFound
OK: batch.writer.worst.sp35p2eta.reserve.bothNumeric
OK: batch.writer.worst.sp35p2eta.reserve; actual=0.326769903983; expected=0.326769903983
OK: batch.writer.worst.sp35p2table.notApplicable
OK: batch.writer.worst.sp63p1.notApplicable
OK: batch.writer.worst.sp63p2.notApplicable
OK: batch.writer.data.firstId
OK: batch.writer.data.capacityStatus
OK: batch.writer.data.capacityReserve
OK: batch.writer.data.statusColors
OK: batch.writer.strength.statusColors
OK: batch.writer.strength.absentZonesBlank
OK: batch.writer.strength.presentTensionKept
OK: batch.writer.crack.statusColors
OK: batch.writer.crack.header.formationTitle
OK: batch.writer.crack.header.crackedStateTitle
OK: batch.writer.crack.header.title
OK: batch.writer.crack.header.mcrcNote
OK: batch.writer.crack.header.formationStatus
OK: batch.writer.crack.header.state
OK: batch.writer.crack.header.crackedStateStatus
OK: batch.writer.crack.header.es
OK: batch.writer.crack.header.normalStatusRu
OK: batch.writer.crack.header.longStatusRu
OK: batch.writer.crack.header.notesPlain
OK: batch.writer.crack.header.notesFill
OK: batch.writer.crack.availableRowsBorder
OK: batch.writer.stability.statusColor
OK: batch.writer.stability.header.summary
OK: batch.writer.stability.header.statusWidth
OK: batch.writer.stability.header.mainAxes
OK: batch.writer.stability.header.noExtraTier
OK: batch.writer.stability.header.sp35
OK: batch.writer.stability.header.sp63
OK: batch.writer.stability.header.notes
OK: batch.writer.stability.header.notesPlain
OK: batch.writer.stability.header.notesFill
OK: batch.writer.stability.header.sp35NcrBranch
OK: batch.writer.stability.header.sp63PlaneHeight
OK: batch.writer.stability.header.sp35Ratio
OK: batch.writer.stability.columnWidthA; actual=10.; expected=10.
OK: batch.writer.stability.columnWidthN; actual=10.; expected=10.
OK: batch.writer.stability.columnWidthAF; actual=10.; expected=10.
OK: batch.writer.stability.columnWidthCC; actual=10.; expected=10.
OK: batch.writer.stability.availableRowsBorder
OK: batch.writer.stability.lowerRanges
OK: batch.writer.reserve.W1.summaryRow
OK: batch.writer.reserve.W1.strengthRow
OK: batch.writer.reserve.W1.crackRow
OK: batch.writer.reserve.W1.stabilityRow
OK: batch.writer.reserve.W1.strain.bothNumeric
OK: batch.writer.reserve.W1.strain; actual=23.654566819636; expected=23.654566819636
OK: batch.writer.reserve.W1.capacity.bothNumeric
OK: batch.writer.reserve.W1.capacity; actual=9.761081549025; expected=9.761081549025
OK: batch.writer.reserve.W1.crack.bothNumeric
OK: batch.writer.reserve.W1.crack; actual=0.; expected=0.
OK: batch.writer.reserve.W1.longCrack.bothNumeric
OK: batch.writer.reserve.W1.longCrack; actual=0.; expected=0.
OK: batch.writer.reserve.W1.sp35p1eta.bothNumeric
OK: batch.writer.reserve.W1.sp35p1eta; actual=0.900052311686; expected=0.900052311686
OK: batch.writer.reserve.W1.sp35p1table.bothNumeric
OK: batch.writer.reserve.W1.sp35p1table; actual=0.; expected=0.
OK: batch.writer.reserve.W1.sp35p2eta.bothNumeric
OK: batch.writer.reserve.W1.sp35p2eta; actual=0.326769903983; expected=0.326769903983
OK: batch.writer.reserve.W1.sp35p2table.bothNumeric
OK: batch.writer.reserve.W1.sp35p2table; actual=0.; expected=0.
OK: batch.writer.reserve.W1.sp63p1.bothNumeric
OK: batch.writer.reserve.W1.sp63p1; actual=0.; expected=0.
OK: batch.writer.reserve.W1.sp63p2.bothNumeric
OK: batch.writer.reserve.W1.sp63p2; actual=0.; expected=0.
OK: batch.writer.reserve.W2.summaryRow
OK: batch.writer.reserve.W2.strengthRow
OK: batch.writer.reserve.W2.crackRow
OK: batch.writer.reserve.W2.stabilityRow
OK: batch.writer.reserve.W2.strain.bothNumeric
OK: batch.writer.reserve.W2.strain; actual=0.; expected=0.
OK: batch.writer.reserve.W2.capacity.bothNumeric
OK: batch.writer.reserve.W2.capacity; actual=0.; expected=0.
OK: batch.writer.reserve.W2.crack.bothNumeric
OK: batch.writer.reserve.W2.crack; actual=0.; expected=0.
OK: batch.writer.reserve.W2.longCrack.bothNumeric
OK: batch.writer.reserve.W2.longCrack; actual=12.30931237624; expected=12.30931237624
OK: batch.writer.reserve.W2.sp35p1eta.bothNumeric
OK: batch.writer.reserve.W2.sp35p1eta; actual=0.; expected=0.
OK: batch.writer.reserve.W2.sp35p1table.bothNumeric
OK: batch.writer.reserve.W2.sp35p1table; actual=0.; expected=0.
OK: batch.writer.reserve.W2.sp35p2eta.bothNumeric
OK: batch.writer.reserve.W2.sp35p2eta; actual=0.; expected=0.
OK: batch.writer.reserve.W2.sp35p2table.bothNumeric
OK: batch.writer.reserve.W2.sp35p2table; actual=0.; expected=0.
OK: batch.writer.reserve.W2.sp63p1.bothNumeric
OK: batch.writer.reserve.W2.sp63p1; actual=0.; expected=0.
OK: batch.writer.reserve.W2.sp63p2.bothNumeric
OK: batch.writer.reserve.W2.sp63p2; actual=0.; expected=0.
OK: batch.writer.reserve.WT.summaryRow
OK: batch.writer.reserve.WT.strengthRow
OK: batch.writer.reserve.WT.crackRow
OK: batch.writer.reserve.WT.stabilityRow
OK: batch.writer.reserve.WT.strain.bothNumeric
OK: batch.writer.reserve.WT.strain; actual=628.318530717958; expected=628.318530717958
OK: batch.writer.reserve.WT.capacity.bothNumeric
OK: batch.writer.reserve.WT.capacity; actual=0.; expected=0.
OK: batch.writer.reserve.WT.crack.bothNumeric
OK: batch.writer.reserve.WT.crack; actual=0.; expected=0.
OK: batch.writer.reserve.WT.longCrack.bothNumeric
OK: batch.writer.reserve.WT.longCrack; actual=0.; expected=0.
OK: batch.writer.reserve.WT.sp35p1eta.bothNumeric
OK: batch.writer.reserve.WT.sp35p1eta; actual=0.; expected=0.
OK: batch.writer.reserve.WT.sp35p1table.bothNumeric
OK: batch.writer.reserve.WT.sp35p1table; actual=0.; expected=0.
OK: batch.writer.reserve.WT.sp35p2eta.bothNumeric
OK: batch.writer.reserve.WT.sp35p2eta; actual=0.; expected=0.
OK: batch.writer.reserve.WT.sp35p2table.bothNumeric
OK: batch.writer.reserve.WT.sp35p2table; actual=0.; expected=0.
OK: batch.writer.reserve.WT.sp63p1.bothNumeric
OK: batch.writer.reserve.WT.sp63p1; actual=0.; expected=0.
OK: batch.writer.reserve.WT.sp63p2.bothNumeric
OK: batch.writer.reserve.WT.sp63p2; actual=0.; expected=0.

PERF|current|run=5|case=bending; passed=11; failed=0; elapsedSec=0.1298828125; solves=28; probes=24; planeProbes=0; probeReuse=0; stateReuse=0; unconvergedProbes=0; unconfirmedPhysical=0; newtonCalls=176; integrations=720; iterations=384; retries=0; geometrySec=0.0009765625; coreSec=0.103515625; packagingSec=0; writeSec=0; modelSizes=150f/4r
OK: capacity.mx.negative.converged
OK: capacity.mx.positive.converged
OK: capacity.mx.negative.sign
OK: capacity.mx.positive.sign
OK: capacity.mx.limit.physical
OK: capacity.mx.negative.N; actual=-300000.; expected=-300000.; relDiff=0.
OK: capacity.mx.negative.Mx; actual=-30937500.; expected=-30937500.; relDiff=0.
OK: capacity.mx.negative.My; actual=-0.000000000102; expected=0.; absDiff=0.000000000102
OK: capacity.mx.positive.N; actual=-300000.; expected=-300000.; relDiff=0.
OK: capacity.mx.positive.Mx; actual=30937500.; expected=30937500.; relDiff=0.
OK: capacity.mx.positive.My; actual=0.000000001062; expected=0.; absDiff=0.000000001062

PERF|current|run=5|case=biaxial; passed=32; failed=0; elapsedSec=0.2880859375; solves=48; probes=48; planeProbes=0; probeReuse=0; stateReuse=0; unconvergedProbes=0; unconfirmedPhysical=0; newtonCalls=384; integrations=1488; iterations=912; retries=0; geometrySec=0.0009765625; coreSec=0.2373046875; packagingSec=0; writeSec=0; modelSizes=150f/4r
OK: capacity.mxy.pp.converged
OK: capacity.mxy.pp.lambda.positive
OK: capacity.mxy.pp.mx.sign
OK: capacity.mxy.pp.my.sign
OK: capacity.mxy.pp.direction; actual=0.; expected=0.; absDiff=0.
OK: capacity.mxy.pp.N; actual=-250000.; expected=-250000.; relDiff=0.
OK: capacity.mxy.pp.Mx; actual=21468750.; expected=21468750.; relDiff=0.
OK: capacity.mxy.pp.My; actual=14312500.; expected=14312500.; relDiff=0.
OK: capacity.mxy.np.converged
OK: capacity.mxy.np.lambda.positive
OK: capacity.mxy.np.mx.sign
OK: capacity.mxy.np.my.sign
OK: capacity.mxy.np.direction; actual=0.; expected=0.; absDiff=0.
OK: capacity.mxy.np.N; actual=-250000.; expected=-250000.; relDiff=0.
OK: capacity.mxy.np.Mx; actual=-21468750.; expected=-21468750.; relDiff=0.
OK: capacity.mxy.np.My; actual=14312500.; expected=14312500.; relDiff=0.
OK: capacity.mxy.pn.converged
OK: capacity.mxy.pn.lambda.positive
OK: capacity.mxy.pn.mx.sign
OK: capacity.mxy.pn.my.sign
OK: capacity.mxy.pn.direction; actual=0.; expected=0.; absDiff=0.
OK: capacity.mxy.pn.N; actual=-250000.; expected=-250000.; relDiff=0.
OK: capacity.mxy.pn.Mx; actual=21468750.; expected=21468750.; relDiff=0.
OK: capacity.mxy.pn.My; actual=-14312500.; expected=-14312500.; relDiff=0.
OK: capacity.mxy.nn.converged
OK: capacity.mxy.nn.lambda.positive
OK: capacity.mxy.nn.mx.sign
OK: capacity.mxy.nn.my.sign
OK: capacity.mxy.nn.direction; actual=0.; expected=0.; absDiff=0.
OK: capacity.mxy.nn.N; actual=-250000.; expected=-250000.; relDiff=0.
OK: capacity.mxy.nn.Mx; actual=-21468750.; expected=-21468750.; relDiff=0.
OK: capacity.mxy.nn.My; actual=-14312500.; expected=-14312500.; relDiff=0.

PERF|current|run=5|case=asymmetric; passed=6; failed=0; elapsedSec=14.9560546875; solves=94; probes=23; planeProbes=0; probeReuse=0; stateReuse=0; unconvergedProbes=25; unconfirmedPhysical=0; newtonCalls=671; integrations=7269; iterations=3874; retries=20; geometrySec=0.0126953125; coreSec=14.11328125; packagingSec=0; writeSec=0; modelSizes=2875f/0r|2875f/4r
OK: capacity.asym.Ixy.nonzero
OK: capacity.asym.converged
OK: capacity.asym.coupledKappaY
OK: capacity.asym.N; actual=-260000.; expected=-260000.; relDiff=0.
OK: capacity.asym.Mx; actual=-320000000.; expected=-320000000.; relDiff=0.
OK: capacity.asym.My; actual=-0.000000072119; expected=0.; absDiff=0.000000072119

PERF|current|run=5|case=axial; passed=12; failed=0; elapsedSec=0.1748046875; solves=38; probes=12; planeProbes=0; probeReuse=0; stateReuse=0; unconvergedProbes=10; unconfirmedPhysical=0; newtonCalls=286; integrations=842; iterations=558; retries=8; geometrySec=0.0009765625; coreSec=0.1611328125; packagingSec=0; writeSec=0; modelSizes=150f/4r
OK: capacity.nult.compression.converged
OK: capacity.nult.compression.sign
OK: capacity.nult.compression.safety
OK: capacity.nult.compression.N; actual=-1287513.24397852; expected=-1287513.24397852; relDiff=0.
OK: capacity.nult.compression.Mx; actual=0.; expected=0.; absDiff=0.
OK: capacity.nult.compression.My; actual=0.000000000466; expected=0.; absDiff=0.000000000466
OK: capacity.nult.tension.converged
OK: capacity.nult.tension.sign
OK: capacity.nult.tension.safety
OK: capacity.nult.tension.N; actual=439822.971502571; expected=439822.971502571; relDiff=0.
OK: capacity.nult.tension.Mx; actual=-0.000000000116; expected=0.; absDiff=0.000000000116
OK: capacity.nult.tension.My; actual=-0.000000000175; expected=0.; absDiff=0.000000000175

PERF|current|run=5|case=methods; passed=16; failed=0; elapsedSec=0.1572265625; solves=30; probes=32; planeProbes=0; probeReuse=5; stateReuse=0; unconvergedProbes=0; unconfirmedPhysical=0; newtonCalls=204; integrations=787; iterations=442; retries=0; geometrySec=0.0009765625; coreSec=0.1142578125; packagingSec=0; writeSec=0; modelSizes=150f/4r
OK: search.bisection.converged
OK: search.brent.converged
OK: search.secant.converged
OK: search.bisection.branch
OK: search.brent.branch
OK: search.secant.branch
OK: search.brent.independent
OK: search.secant.independent
OK: search.brent.lambda; actual=3.09776378716; expected=3.09375; absDiff=0.00401378716
OK: search.secant.lambda; actual=3.098514991183; expected=3.09375; absDiff=0.004764991183
OK: search.brent.N; actual=-300000.; expected=-300000.; relDiff=0.
OK: search.brent.Mx; actual=-30977637.8716034; expected=-30977637.8716034; relDiff=0.
OK: search.brent.My; actual=-0.000000000582; expected=0.; absDiff=0.000000000582
OK: search.secant.N; actual=-300000.; expected=-300000.; relDiff=0.
OK: search.secant.Mx; actual=-30985149.9118327; expected=-30985149.9118327; relDiff=0.
OK: search.secant.My; actual=0.00000000032; expected=0.; absDiff=0.00000000032

PERF|current|run=5|case=capacity_strategies; passed=36; failed=0; elapsedSec=0.8134765625; solves=82; probes=66; planeProbes=51; probeReuse=0; stateReuse=0; unconvergedProbes=5; unconfirmedPhysical=0; newtonCalls=691; integrations=2677; iterations=1550; retries=4; geometrySec=0.0048828125; coreSec=0.6376953125; packagingSec=0; writeSec=0; modelSizes=150f/4r|489f/4r
OK: method.pure_compression.load.invalid
OK: method.pure_compression.strain.invalid
COMPARE|method.pure_compression.load|converged=False|lambda=0.|limitState=InvalidInput|criticalStrain=0.|criticalElement=|solverCalls=0|elapsedSec=0.
COMPARE|method.pure_compression.strain|converged=False|lambda=0.|limitState=InvalidInput|criticalStrain=0.|criticalElement=|solverCalls=0|elapsedSec=0.
OK: method.n_plus_mx.load.converged
OK: method.n_plus_mx.strain.converged
OK: method.n_plus_mx.lambda; actual=3.09871424391; expected=3.09375; absDiff=0.00496424391
OK: method.n_plus_mx.limitState
OK: method.n_plus_mx.criticalElement
OK: method.n_plus_mx.solverCalls
COMPARE|method.n_plus_mx.load|converged=True|lambda=3.09375|limitState=ConcreteStrainLimit|criticalStrain=-0.001501652538|criticalElement=C142:Compression|solverCalls=12|elapsedSec=0.068359375
COMPARE|method.n_plus_mx.strain|converged=True|lambda=3.09871424391|limitState=ConcreteStrainLimit|criticalStrain=-0.0015|criticalElement=C136:Compression|solverCalls=6|elapsedSec=0.0078125
OK: method.n_plus_my.load.converged
OK: method.n_plus_my.strain.converged
OK: method.n_plus_my.lambda; actual=4.490409406951; expected=4.484375; absDiff=0.006034406951
OK: method.n_plus_my.limitState
OK: method.n_plus_my.criticalElement
OK: method.n_plus_my.solverCalls
COMPARE|method.n_plus_my.load|converged=True|lambda=4.484375|limitState=ConcreteStrainLimit|criticalStrain=-0.001500652149|criticalElement=C15:Compression|solverCalls=18|elapsedSec=0.2265625
COMPARE|method.n_plus_my.strain|converged=True|lambda=4.490409406951|limitState=ConcreteStrainLimit|criticalStrain=-0.0015|criticalElement=C150:Compression|solverCalls=6|elapsedSec=0.0068359375
OK: method.biaxial.load.converged
OK: method.biaxial.strain.converged
OK: method.biaxial.lambda; actual=3.583378103741; expected=3.578125; absDiff=0.005253103741
OK: method.biaxial.limitState
OK: method.biaxial.criticalElement
OK: method.biaxial.solverCalls
COMPARE|method.biaxial.load|converged=True|lambda=3.578125|limitState=ConcreteStrainLimit|criticalStrain=-0.001501063653|criticalElement=C150:Compression|solverCalls=12|elapsedSec=0.0732421875
COMPARE|method.biaxial.strain|converged=True|lambda=3.583378103741|limitState=ConcreteStrainLimit|criticalStrain=-0.0015|criticalElement=C150:Compression|solverCalls=16|elapsedSec=0.01953125
OK: method.circle.load.converged
OK: method.circle.strain.converged
OK: method.circle.symmetry; actual=31453125.; expected=31489108.1594418; relDiff=0.001142717643
OK: method.circle.criticalElement
COMPARE|method.circle.load|converged=True|lambda=5.2421875|limitState=ConcreteStrainLimit|criticalStrain=-0.001498237699|criticalElement=C483:Compression|solverCalls=14|elapsedSec=0.
COMPARE|method.circle.strain|converged=True|lambda=5.24818469324|limitState=ConcreteStrainLimit|criticalStrain=-0.0015|criticalElement=C182:Compression|solverCalls=11|elapsedSec=0.
OK: method.strain_limit.load.converged
OK: method.strain_limit.strain.converged
OK: method.strain_limit.lambda; actual=4.795168098697; expected=4.7890625; absDiff=0.006105598697
OK: method.strain_limit.limitState
OK: method.strain_limit.criticalElement
OK: method.strain_limit.criticalUtilization
COMPARE|method.strain_limit.load|converged=True|lambda=4.7890625|limitState=ConcreteStrainLimit|criticalStrain=-0.000599236031|criticalElement=C136:Compression|solverCalls=14|elapsedSec=0.
COMPARE|method.strain_limit.strain|converged=True|lambda=4.795168098697|limitState=ConcreteStrainLimit|criticalStrain=-0.0006|criticalElement=C136:Compression|solverCalls=1|elapsedSec=0.
OK: method.numericalFailure.notConverged
OK: method.numericalFailure.state
OK: method.numericalFailure.noPhysicalUpper
COMPARE|method.numericalFailure.strain|converged=False|lambda=0.|limitState=NumericalFailure|criticalStrain=-0.001500000001|criticalElement=C150:Compression|solverCalls=5|elapsedSec=0.
OK: method.maxLambdaIgnored.converged
OK: method.maxLambdaIgnored.lambdaAboveLimit
OK: method.maxLambdaIgnored.momentStored

PERF|current|run=5|case=crack_bending; passed=39; failed=0; elapsedSec=0.3759765625; solves=72; probes=66; planeProbes=0; probeReuse=0; stateReuse=0; unconvergedProbes=0; unconfirmedPhysical=0; newtonCalls=576; integrations=1697; iterations=1025; retries=0; geometrySec=0.0029296875; coreSec=0.2802734375; packagingSec=0.001953125; writeSec=0; modelSizes=150f/4r
OK: crack.auto.pureMx.converged
OK: crack.auto.pureMx.formed
OK: crack.auto.pureMx.tensionBars
OK: crack.auto.pureMx.sigmaPositive
OK: crack.auto.pureMx.spacingPositive
OK: crack.auto.pureMx.widthFormula; actual=0.150903530526; expected=0.150903530526; absDiff=0.
OK: crack.auto.pureMx.utilization; actual=1509.03530526357; expected=1509.03530526357; absDiff=0.
OK: crack.auto.pureMx.lambda
OK: crack.auto.pureMx.preCrackState
OK: crack.auto.pureMx.postCrackState
OK: crack.auto.pureMx.psiReduced
OK: crack.auto.pureMx.preCrack.twoSign
OK: crack.auto.pureMx.preCrack.epsBtUlt; actual=0.00015; expected=0.00015; absDiff=0.
OK: crack.auto.pureMy.converged
OK: crack.auto.pureMy.formed
OK: crack.auto.pureMy.tensionBars
OK: crack.auto.pureMy.sigmaPositive
OK: crack.auto.pureMy.spacingPositive
OK: crack.auto.pureMy.widthFormula; actual=0.068784054628; expected=0.068784054628; absDiff=0.
OK: crack.auto.pureMy.utilization; actual=687.840546281971; expected=687.840546281971; absDiff=0.
OK: crack.auto.pureMy.lambda
OK: crack.auto.pureMy.preCrackState
OK: crack.auto.pureMy.postCrackState
OK: crack.auto.pureMy.psiReduced
OK: crack.auto.pureMy.preCrack.twoSign
OK: crack.auto.pureMy.preCrack.epsBtUlt; actual=0.00015; expected=0.00015; absDiff=0.
OK: crack.auto.pureMxy.converged
OK: crack.auto.pureMxy.formed
OK: crack.auto.pureMxy.tensionBars
OK: crack.auto.pureMxy.sigmaPositive
OK: crack.auto.pureMxy.spacingPositive
OK: crack.auto.pureMxy.widthFormula; actual=0.128222487931; expected=0.128222487931; absDiff=0.
OK: crack.auto.pureMxy.utilization; actual=1282.22487931034; expected=1282.22487931034; absDiff=0.
OK: crack.auto.pureMxy.lambda
OK: crack.auto.pureMxy.preCrackState
OK: crack.auto.pureMxy.postCrackState
OK: crack.auto.pureMxy.psiReduced
OK: crack.auto.pureMxy.preCrack.twoSign
OK: crack.auto.pureMxy.preCrack.epsBtUlt; actual=0.00015; expected=0.00015; absDiff=0.

PERF|current|run=5|case=crack_paths; passed=52; failed=0; elapsedSec=0.337890625; solves=56; probes=44; planeProbes=0; probeReuse=0; stateReuse=0; unconvergedProbes=0; unconfirmedPhysical=0; newtonCalls=448; integrations=1459; iterations=806; retries=0; geometrySec=0.001953125; coreSec=0.240234375; packagingSec=0.001953125; writeSec=0; modelSizes=150f/4r
OK: crack.path.mxy.converged
OK: crack.path.mxy.formed
OK: crack.path.mxy.tensionBars
OK: crack.path.mxy.sigmaPositive
OK: crack.path.mxy.spacingPositive
OK: crack.path.mxy.widthFormula; actual=0.133858060725; expected=0.133858060725; absDiff=0.
OK: crack.path.mxy.utilization; actual=1338.58060725361; expected=1338.58060725361; absDiff=0.
OK: crack.path.mxy.lambda
OK: crack.path.mxy.nFixed; actual=-20000.; expected=-20000.; absDiff=0.
OK: crack.path.n.converged
OK: crack.path.n.formed
OK: crack.path.n.tensionBars
OK: crack.path.n.sigmaPositive
OK: crack.path.n.spacingPositive
OK: crack.path.n.widthFormula; actual=0.139403828281; expected=0.139403828281; absDiff=0.
OK: crack.path.n.utilization; actual=1394.03828280626; expected=1394.03828280626; absDiff=0.
OK: crack.path.n.central
OK: crack.path.n.formationN; actual=119657.725354552; expected=119657.725354552; absDiff=0.
OK: crack.path.autoN.converged
OK: crack.path.autoN.formed
OK: crack.path.autoN.tensionBars
OK: crack.path.autoN.sigmaPositive
OK: crack.path.autoN.spacingPositive
OK: crack.path.autoN.widthFormula; actual=0.139403828281; expected=0.139403828281; absDiff=0.
OK: crack.path.autoN.utilization; actual=1394.03828280626; expected=1394.03828280626; absDiff=0.
OK: crack.path.autoN.central
OK: crack.path.autoN.method
OK: crack.path.autoN.formationN; actual=119657.725354552; expected=119657.725354552; absDiff=0.
OK: crack.path.nmxy.converged
OK: crack.path.nmxy.formed
OK: crack.path.nmxy.tensionBars
OK: crack.path.nmxy.sigmaPositive
OK: crack.path.nmxy.spacingPositive
OK: crack.path.nmxy.widthFormula; actual=0.131351003693; expected=0.131351003693; absDiff=0.
OK: crack.path.nmxy.utilization; actual=1313.5100369324; expected=1313.5100369324; absDiff=0.
OK: crack.path.nmxy.lambda
OK: crack.path.nmxy.nScaled; actual=-10565.5573022651; expected=-10565.5573022651; absDiff=0.
OK: crack.path.nmxy.mScaled; actual=7924167.97669881; expected=7924167.97669881; absDiff=0.
OK: crack.path.nFixedMomentFallback.converged
OK: crack.path.nFixedMomentFallback.formed
OK: crack.path.nFixedMomentFallback.lambda0; actual=0.; expected=0.; absDiff=0.
OK: crack.path.nFixedMomentFallback.noFormationN; actual=0.; expected=0.; absDiff=0.
OK: crack.path.nFixedMomentFallback.noMcrc; actual=0.; expected=0.; absDiff=0.
OK: crack.path.nFixedMomentFallback.noBeforeState
OK: crack.path.nFixedMomentFallback.noAfterState
OK: crack.path.nFixedMomentFallback.psi1; actual=1.; expected=1.; absDiff=0.
OK: crack.path.nFixedMomentFallback.status
OK: crack.path.mxyAxialFallback.converged
OK: crack.path.mxyAxialFallback.formed
OK: crack.path.mxyAxialFallback.lambda0; actual=0.; expected=0.; absDiff=0.
OK: crack.path.mxyAxialFallback.psi1; actual=1.; expected=1.; absDiff=0.
OK: crack.path.mxyAxialFallback.status

PERF|current|run=5|case=crack_cache; passed=22; failed=0; elapsedSec=0.318359375; solves=50; probes=44; planeProbes=0; probeReuse=0; stateReuse=1; unconvergedProbes=0; unconfirmedPhysical=0; newtonCalls=400; integrations=1287; iterations=707; retries=0; geometrySec=0.0009765625; coreSec=0.23828125; packagingSec=0; writeSec=0; modelSizes=150f/4r
OK: crack.cache.first.converged
OK: crack.cache.first.formed
OK: crack.cache.first.tensionBars
OK: crack.cache.first.sigmaPositive
OK: crack.cache.first.spacingPositive
OK: crack.cache.first.widthFormula; actual=0.133858060725; expected=0.133858060725; absDiff=0.
OK: crack.cache.first.utilization; actual=0.133858060725; expected=0.133858060725; absDiff=0.
OK: crack.cache.first.sigmaCrc
OK: crack.cache.first.preState
OK: crack.cache.first.postState
OK: crack.cache.second.converged
OK: crack.cache.second.formed
OK: crack.cache.second.tensionBars
OK: crack.cache.second.sigmaPositive
OK: crack.cache.second.spacingPositive
OK: crack.cache.second.widthFormula; actual=0.133858060725; expected=0.133858060725; absDiff=0.
OK: crack.cache.second.utilization; actual=0.133858060725; expected=0.133858060725; absDiff=0.
OK: crack.cache.second.reused
OK: crack.cache.second.noLastRunner
OK: crack.cache.second.sigmaCrc
OK: crack.cache.second.preState
OK: crack.cache.second.postState

PERF|current|run=5|case=geometry_rounded; passed=6; failed=0; elapsedSec=0.1806640625; solves=0; probes=0; planeProbes=0; probeReuse=0; stateReuse=0; unconvergedProbes=0; unconfirmedPhysical=0; newtonCalls=0; integrations=0; iterations=0; retries=0; geometrySec=0.0693359375; coreSec=0; packagingSec=0; writeSec=0; modelSizes=7596f/0r
OK: sym.area.available
OK: sym.area; actual=47475.; expected=47457.8928833008; relDiff=0.000360469369
OK: sym.cx; actual=0.; expected=0.; absDiff=0.
OK: sym.cy; actual=0.; expected=0.; absDiff=0.
OK: sym.Ixy; actual=0.; expected=0.; absDiff=0.
OK: sym.principal.angle; actual=1.570796326795; expected=1.570796326795; absDiff=0.

PERF|current|run=5|case=geometry_tapered; passed=11; failed=0; elapsedSec=0.013671875; solves=0; probes=0; planeProbes=0; probeReuse=0; stateReuse=0; unconvergedProbes=0; unconfirmedPhysical=0; newtonCalls=0; integrations=0; iterations=0; retries=0; geometrySec=0.005859375; coreSec=0; packagingSec=0; writeSec=0; modelSizes=95f/0r|379f/0r
OK: rounded.tapered.area.positive
OK: rounded.tapered.centroid.inside
OK: rounded.tapered.rightExtension
OK: rounded.tapered.height; actual=180.; expected=180.; absDiff=0.
OK: rounded.tapered.area.convergence; actual=59218.75; expected=59375.; relDiff=0.002631578947
OK: rounded.tapered.Ix.convergence; actual=143398803.603575; expected=144005276.864035; relDiff=0.004211465536
OK: rounded.tapered.variableAngle.topTangent; actual=375.735931288071; expected=375.735931288071; absDiff=0.000000000001
OK: rounded.tapered.variableAngle.maxX; actual=708.57864376269; expected=708.57864376269; absDiff=0.
OK: rounded.tapered.variableAngle.maxLessThanRawApex
OK: rounded.tapered.r1GreaterThanHalfHeight.valid
OK: rounded.tapered.radiiOverlap.invalid

PERF|current|run=5|case=geometry_hollow; passed=11; failed=0; elapsedSec=0.0029296875; solves=0; probes=0; planeProbes=0; probeReuse=0; stateReuse=0; unconvergedProbes=0; unconfirmedPhysical=0; newtonCalls=0; integrations=0; iterations=0; retries=0; geometrySec=0; coreSec=0; packagingSec=0; writeSec=0; modelSizes=
OK: hollow.geometry.valid
OK: hollow.geometry.areaAvailable
OK: hollow.geometry.area; actual=300000.; expected=300000.; absDiff=0.
OK: hollow.geometry.cx; actual=0.; expected=0.; absDiff=0.
OK: hollow.geometry.cy; actual=0.; expected=0.; absDiff=0.
OK: hollow.geometry.outerConcrete
OK: hollow.geometry.openingExcluded
OK: hollow.geometry.outsideExcluded
OK: hollow.geometry.offset.valid
OK: hollow.geometry.offset.cxOppositeOpening
OK: hollow.geometry.offset.cyOppositeOpening

PERF|current|run=5|case=geometry_hollow_rebars; passed=76; failed=0; elapsedSec=0.08203125; solves=0; probes=0; planeProbes=0; probeReuse=0; stateReuse=0; unconvergedProbes=0; unconfirmedPhysical=0; newtonCalls=0; integrations=0; iterations=0; retries=0; geometrySec=0; coreSec=0; packagingSec=0; writeSec=0; modelSizes=
OK: hollow.rebar.external.top
OK: hollow.rebar.external.bottom
OK: hollow.rebar.external.left
OK: hollow.rebar.external.right
OK: hollow.rebar.hLeft.firstX; actual=-210.; expected=-210.; absDiff=0.
OK: hollow.rebar.hLeft.firstY; actual=-220.; expected=-220.; absDiff=0.
OK: hollow.rebar.hLeft.lastX; actual=-210.; expected=-210.; absDiff=0.
OK: hollow.rebar.hLeft.lastY; actual=220.; expected=220.; absDiff=0.
OK: hollow.rebar.bTop.anchorStartY; actual=360.; expected=360.; absDiff=0.
OK: hollow.rebar.bTop.anchorEndY; actual=360.; expected=360.; absDiff=0.
OK: hollow.rebar.bBottom.anchorStartY; actual=-360.; expected=-360.; absDiff=0.
OK: hollow.rebar.bBottom.anchorEndY; actual=-360.; expected=-360.; absDiff=0.
OK: hollow.rebar.openingBTop.anchorStartY; actual=290.; expected=290.; absDiff=0.
OK: hollow.rebar.openingBTop.anchorEndY; actual=290.; expected=290.; absDiff=0.
OK: hollow.rebar.openingBBottom.anchorStartY; actual=-290.; expected=-290.; absDiff=0.
OK: hollow.rebar.openingBBottom.anchorEndY; actual=-290.; expected=-290.; absDiff=0.
OK: hollow.rebar.opening.topProjected
OK: hollow.rebar.opening.bottomProjected
OK: hollow.rebar.opening.leftProjected
OK: hollow.rebar.opening.rightProjected
OK: hollow.rebar.inside.1
OK: hollow.rebar.inside.2
OK: hollow.rebar.inside.3
OK: hollow.rebar.inside.4
OK: hollow.rebar.inside.5
OK: hollow.rebar.inside.6
OK: hollow.rebar.inside.7
OK: hollow.rebar.inside.8
OK: hollow.rebar.inside.9
OK: hollow.rebar.inside.10
OK: hollow.rebar.inside.11
OK: hollow.rebar.inside.12
OK: hollow.rebar.inside.13
OK: hollow.rebar.inside.14
OK: hollow.rebar.inside.15
OK: hollow.rebar.inside.16
OK: hollow.rebar.inside.17
OK: hollow.rebar.inside.18
OK: hollow.rebar.inside.19
OK: hollow.rebar.inside.20
OK: hollow.rebar.inside.21
OK: hollow.rebar.inside.22
OK: hollow.rebar.inside.23
OK: hollow.rebar.inside.24
OK: hollow.rebar.inside.25
OK: hollow.rebar.inside.26
OK: hollow.rebar.inside.27
OK: hollow.rebar.inside.28
OK: hollow.rebar.inside.29
OK: hollow.rebar.inside.30
OK: hollow.rebar.inside.31
OK: hollow.rebar.inside.32
OK: hollow.rebar.inside.33
OK: hollow.rebar.inside.34
OK: hollow.rebar.inside.35
OK: hollow.rebar.inside.36
OK: hollow.rebar.inside.37
OK: hollow.rebar.inside.38
OK: hollow.rebar.inside.39
OK: hollow.rebar.inside.40
OK: hollow.rebar.inside.41
OK: hollow.rebar.inside.42
OK: hollow.rebar.inside.43
OK: hollow.rebar.inside.44
OK: hollow.rebar.inside.45
OK: hollow.rebar.inside.46
OK: hollow.rebar.inside.47
OK: hollow.rebar.inside.48
OK: hollow.rebar.inside.49
OK: hollow.rebar.inside.50
OK: hollow.rebar.inside.51
OK: hollow.rebar.inside.52
OK: hollow.rebar.inside.53
OK: hollow.rebar.inside.54
OK: hollow.rebar.inside.55
OK: hollow.rebar.inside.56

PERF|current|run=5|case=geometry_hollow_mesh; passed=3; failed=0; elapsedSec=10.14453125; solves=0; probes=0; planeProbes=0; probeReuse=0; stateReuse=0; unconvergedProbes=0; unconfirmedPhysical=0; newtonCalls=0; integrations=0; iterations=0; retries=0; geometrySec=10.033203125; coreSec=0; packagingSec=0; writeSec=0; modelSizes=3717f/0r
OK: perf.hollow.areaAvailable
OK: perf.hollow.gridArea
OK: perf.hollow.empty
NUMERIC: hollow; fibers=3717; area=298200; x=-13.3735747820255; y=10.0301810865191; Ix=18830574728.3711; Iy=7669851183.76884; Ixy=159640362.173038

PERF|current|run=5|case=batch_write; passed=168; failed=0; elapsedSec=0.546875; solves=3; probes=0; planeProbes=21; probeReuse=0; stateReuse=0; unconvergedProbes=0; unconfirmedPhysical=0; newtonCalls=24; integrations=98; iterations=49; retries=0; geometrySec=0.0009765625; coreSec=0.0078125; packagingSec=0.0009765625; writeSec=0.779296875; modelSizes=100f/4r
OK: batch.writer.fixedRow
OK: batch.writer.noResultOverlap
OK: batch.writer.rangeSize
OK: batch.writer.strengthBlockPosition
OK: batch.writer.crackBlockPosition
OK: batch.writer.stabilityBlockPosition
OK: batch.writer.meta.worstLabel
OK: batch.writer.meta.worstValue
OK: batch.writer.meta.solverCalls
OK: batch.writer.meta.valuesCentered
OK: batch.writer.header.statusGroup
OK: batch.writer.header.reserveGroup
OK: batch.writer.header.statusStrength
OK: batch.writer.header.reserveStrength
OK: batch.writer.header.centered
OK: batch.writer.header.commentLeft
OK: batch.writer.header.epsilon
OK: batch.writer.header.sp63StatusPlaneMerge
OK: batch.writer.header.sp63ReservePlaneMerge
OK: batch.writer.header.id
OK: batch.writer.header.idMergeRows
OK: batch.writer.header.commentRow
OK: batch.writer.worst.label
OK: batch.writer.worst.commentDash
OK: batch.writer.worst.resultCommentDash
OK: batch.writer.worst.overallDash
OK: batch.writer.worst.noNa
OK: batch.writer.worst.bold
OK: batch.writer.statusLegend.title
OK: batch.writer.statusLegend.header
OK: batch.writer.statusLegend.values
OK: batch.writer.statusLegend.mergeOnlyTitle
OK: batch.writer.statusLegend.noWrap
OK: batch.writer.statusLegend.italicValues
OK: batch.writer.statusLegend.colors
OK: batch.writer.reserve.dataNotHeaderFill
OK: batch.writer.worst.strain.combinationFound
OK: batch.writer.worst.strain.reserve.bothNumeric
OK: batch.writer.worst.strain.reserve; actual=23.654566819636; expected=23.654566819636
OK: batch.writer.worst.capacity.combinationFound
OK: batch.writer.worst.capacity.reserve.bothNumeric
OK: batch.writer.worst.capacity.reserve; actual=9.761081549025; expected=9.761081549025
OK: batch.writer.worst.crack.notApplicable
OK: batch.writer.worst.longCrack.combinationFound
OK: batch.writer.worst.longCrack.reserve.bothNumeric
OK: batch.writer.worst.longCrack.reserve; actual=12.30931237624; expected=12.30931237624
OK: batch.writer.worst.sp35p1eta.combinationFound
OK: batch.writer.worst.sp35p1eta.reserve.bothNumeric
OK: batch.writer.worst.sp35p1eta.reserve; actual=0.900052311686; expected=0.900052311686
OK: batch.writer.worst.sp35p1table.notApplicable
OK: batch.writer.worst.sp35p2eta.combinationFound
OK: batch.writer.worst.sp35p2eta.reserve.bothNumeric
OK: batch.writer.worst.sp35p2eta.reserve; actual=0.326769903983; expected=0.326769903983
OK: batch.writer.worst.sp35p2table.notApplicable
OK: batch.writer.worst.sp63p1.notApplicable
OK: batch.writer.worst.sp63p2.notApplicable
OK: batch.writer.data.firstId
OK: batch.writer.data.capacityStatus
OK: batch.writer.data.capacityReserve
OK: batch.writer.data.statusColors
OK: batch.writer.strength.statusColors
OK: batch.writer.strength.absentZonesBlank
OK: batch.writer.strength.presentTensionKept
OK: batch.writer.crack.statusColors
OK: batch.writer.crack.header.formationTitle
OK: batch.writer.crack.header.crackedStateTitle
OK: batch.writer.crack.header.title
OK: batch.writer.crack.header.mcrcNote
OK: batch.writer.crack.header.formationStatus
OK: batch.writer.crack.header.state
OK: batch.writer.crack.header.crackedStateStatus
OK: batch.writer.crack.header.es
OK: batch.writer.crack.header.normalStatusRu
OK: batch.writer.crack.header.longStatusRu
OK: batch.writer.crack.header.notesPlain
OK: batch.writer.crack.header.notesFill
OK: batch.writer.crack.availableRowsBorder
OK: batch.writer.stability.statusColor
OK: batch.writer.stability.header.summary
OK: batch.writer.stability.header.statusWidth
OK: batch.writer.stability.header.mainAxes
OK: batch.writer.stability.header.noExtraTier
OK: batch.writer.stability.header.sp35
OK: batch.writer.stability.header.sp63
OK: batch.writer.stability.header.notes
OK: batch.writer.stability.header.notesPlain
OK: batch.writer.stability.header.notesFill
OK: batch.writer.stability.header.sp35NcrBranch
OK: batch.writer.stability.header.sp63PlaneHeight
OK: batch.writer.stability.header.sp35Ratio
OK: batch.writer.stability.columnWidthA; actual=10.; expected=10.
OK: batch.writer.stability.columnWidthN; actual=10.; expected=10.
OK: batch.writer.stability.columnWidthAF; actual=10.; expected=10.
OK: batch.writer.stability.columnWidthCC; actual=10.; expected=10.
OK: batch.writer.stability.availableRowsBorder
OK: batch.writer.stability.lowerRanges
OK: batch.writer.reserve.W1.summaryRow
OK: batch.writer.reserve.W1.strengthRow
OK: batch.writer.reserve.W1.crackRow
OK: batch.writer.reserve.W1.stabilityRow
OK: batch.writer.reserve.W1.strain.bothNumeric
OK: batch.writer.reserve.W1.strain; actual=23.654566819636; expected=23.654566819636
OK: batch.writer.reserve.W1.capacity.bothNumeric
OK: batch.writer.reserve.W1.capacity; actual=9.761081549025; expected=9.761081549025
OK: batch.writer.reserve.W1.crack.bothNumeric
OK: batch.writer.reserve.W1.crack; actual=0.; expected=0.
OK: batch.writer.reserve.W1.longCrack.bothNumeric
OK: batch.writer.reserve.W1.longCrack; actual=0.; expected=0.
OK: batch.writer.reserve.W1.sp35p1eta.bothNumeric
OK: batch.writer.reserve.W1.sp35p1eta; actual=0.900052311686; expected=0.900052311686
OK: batch.writer.reserve.W1.sp35p1table.bothNumeric
OK: batch.writer.reserve.W1.sp35p1table; actual=0.; expected=0.
OK: batch.writer.reserve.W1.sp35p2eta.bothNumeric
OK: batch.writer.reserve.W1.sp35p2eta; actual=0.326769903983; expected=0.326769903983
OK: batch.writer.reserve.W1.sp35p2table.bothNumeric
OK: batch.writer.reserve.W1.sp35p2table; actual=0.; expected=0.
OK: batch.writer.reserve.W1.sp63p1.bothNumeric
OK: batch.writer.reserve.W1.sp63p1; actual=0.; expected=0.
OK: batch.writer.reserve.W1.sp63p2.bothNumeric
OK: batch.writer.reserve.W1.sp63p2; actual=0.; expected=0.
OK: batch.writer.reserve.W2.summaryRow
OK: batch.writer.reserve.W2.strengthRow
OK: batch.writer.reserve.W2.crackRow
OK: batch.writer.reserve.W2.stabilityRow
OK: batch.writer.reserve.W2.strain.bothNumeric
OK: batch.writer.reserve.W2.strain; actual=0.; expected=0.
OK: batch.writer.reserve.W2.capacity.bothNumeric
OK: batch.writer.reserve.W2.capacity; actual=0.; expected=0.
OK: batch.writer.reserve.W2.crack.bothNumeric
OK: batch.writer.reserve.W2.crack; actual=0.; expected=0.
OK: batch.writer.reserve.W2.longCrack.bothNumeric
OK: batch.writer.reserve.W2.longCrack; actual=12.30931237624; expected=12.30931237624
OK: batch.writer.reserve.W2.sp35p1eta.bothNumeric
OK: batch.writer.reserve.W2.sp35p1eta; actual=0.; expected=0.
OK: batch.writer.reserve.W2.sp35p1table.bothNumeric
OK: batch.writer.reserve.W2.sp35p1table; actual=0.; expected=0.
OK: batch.writer.reserve.W2.sp35p2eta.bothNumeric
OK: batch.writer.reserve.W2.sp35p2eta; actual=0.; expected=0.
OK: batch.writer.reserve.W2.sp35p2table.bothNumeric
OK: batch.writer.reserve.W2.sp35p2table; actual=0.; expected=0.
OK: batch.writer.reserve.W2.sp63p1.bothNumeric
OK: batch.writer.reserve.W2.sp63p1; actual=0.; expected=0.
OK: batch.writer.reserve.W2.sp63p2.bothNumeric
OK: batch.writer.reserve.W2.sp63p2; actual=0.; expected=0.
OK: batch.writer.reserve.WT.summaryRow
OK: batch.writer.reserve.WT.strengthRow
OK: batch.writer.reserve.WT.crackRow
OK: batch.writer.reserve.WT.stabilityRow
OK: batch.writer.reserve.WT.strain.bothNumeric
OK: batch.writer.reserve.WT.strain; actual=628.318530717958; expected=628.318530717958
OK: batch.writer.reserve.WT.capacity.bothNumeric
OK: batch.writer.reserve.WT.capacity; actual=0.; expected=0.
OK: batch.writer.reserve.WT.crack.bothNumeric
OK: batch.writer.reserve.WT.crack; actual=0.; expected=0.
OK: batch.writer.reserve.WT.longCrack.bothNumeric
OK: batch.writer.reserve.WT.longCrack; actual=0.; expected=0.
OK: batch.writer.reserve.WT.sp35p1eta.bothNumeric
OK: batch.writer.reserve.WT.sp35p1eta; actual=0.; expected=0.
OK: batch.writer.reserve.WT.sp35p1table.bothNumeric
OK: batch.writer.reserve.WT.sp35p1table; actual=0.; expected=0.
OK: batch.writer.reserve.WT.sp35p2eta.bothNumeric
OK: batch.writer.reserve.WT.sp35p2eta; actual=0.; expected=0.
OK: batch.writer.reserve.WT.sp35p2table.bothNumeric
OK: batch.writer.reserve.WT.sp35p2table; actual=0.; expected=0.
OK: batch.writer.reserve.WT.sp63p1.bothNumeric
OK: batch.writer.reserve.WT.sp63p1; actual=0.; expected=0.
OK: batch.writer.reserve.WT.sp63p2.bothNumeric
OK: batch.writer.reserve.WT.sp63p2; actual=0.; expected=0.

SOURCES_UNCHANGED: True
