SOURCE: C:\Users\avidzba\Desktop\Ø‡Æ£‡†¨¨Î\Ç_êÄÅéíÖ!\RC_Section_NDM\docs\regression\Audit03\RC_Section_NDM_read_lifecycle_negative_v205b.xlsm
SOURCE_SHA256: 43B08B004D3E91D432300EEE225EEFD15EA857106867F4F28122EF9CA9F93B3F
FIXTURE: C:\Users\avidzba\AppData\Local\Temp\RC_NDM_ModeSuite_91fe77d0e6ae4c329aa16165b39ca8eb\RC_Section_NDM.xlsm
GLOBAL_MODE: General.DiagramExtension=No; explicit-On tests retain their setup
FAIL: audit03.readLifecycle.spec.field0.incomplete
FAIL: audit03.readLifecycle.spec.field0.key; actual=SLS(II)|ThreeLine|UseDiagram|TwoLine; expected=<empty>
FAIL: audit03.readLifecycle.spec.field0.cloneIncomplete
FAIL: audit03.readLifecycle.spec.field0.providerRejected
FAIL: audit03.readLifecycle.spec.field0.noDiagram
FAIL: audit03.readLifecycle.spec.field1.incomplete
FAIL: audit03.readLifecycle.spec.field1.key; actual=SLS(II)|ThreeLine|UseDiagram|TwoLine; expected=<empty>
FAIL: audit03.readLifecycle.spec.field1.cloneIncomplete
FAIL: audit03.readLifecycle.spec.field1.providerRejected
FAIL: audit03.readLifecycle.spec.field1.noDiagram
FAIL: audit03.readLifecycle.spec.field2.incomplete
FAIL: audit03.readLifecycle.spec.field2.key; actual=SLS(II)|ThreeLine|UseDiagram|TwoLine; expected=<empty>
FAIL: audit03.readLifecycle.spec.field2.cloneIncomplete
FAIL: audit03.readLifecycle.spec.field2.providerRejected
FAIL: audit03.readLifecycle.spec.field2.noDiagram
FAIL: audit03.readLifecycle.spec.field3.incomplete
FAIL: audit03.readLifecycle.spec.field3.key; actual=SLS(II)|ThreeLine|UseDiagram|TwoLine; expected=<empty>
FAIL: audit03.readLifecycle.spec.field3.cloneIncomplete
FAIL: audit03.readLifecycle.spec.field3.providerRejected
FAIL: audit03.readLifecycle.spec.field3.noDiagram
FAIL: audit03.readLifecycle.catalog.position0.field0.type8.empty
FAIL: audit03.readLifecycle.catalog.position0.field0.type8.noPR1
FAIL: audit03.readLifecycle.catalog.position0.field0.type8.noPR4
FAIL: audit03.readLifecycle.catalog.position0.field0.type8.lookupRejected
FAIL: audit03.readLifecycle.catalog.position0.field0.type8.noPublishedProfile
FAIL: audit03.readLifecycle.catalog.position0.field1.type8.empty
FAIL: audit03.readLifecycle.catalog.position0.field1.type8.noPR1
FAIL: audit03.readLifecycle.catalog.position0.field1.type8.noPR4
FAIL: audit03.readLifecycle.catalog.position0.field1.type8.lookupRejected
FAIL: audit03.readLifecycle.catalog.position0.field1.type8.noPublishedProfile
FAIL: audit03.readLifecycle.catalog.position0.field2.type8.empty
FAIL: audit03.readLifecycle.catalog.position0.field2.type8.noPR1
FAIL: audit03.readLifecycle.catalog.position0.field2.type8.noPR4
FAIL: audit03.readLifecycle.catalog.position0.field2.type8.lookupRejected
FAIL: audit03.readLifecycle.catalog.position0.field2.type8.noPublishedProfile
FAIL: audit03.readLifecycle.catalog.position0.field3.type8.empty
FAIL: audit03.readLifecycle.catalog.position0.field3.type8.noPR1
FAIL: audit03.readLifecycle.catalog.position0.field3.type8.noPR4
FAIL: audit03.readLifecycle.catalog.position0.field3.type8.lookupRejected
FAIL: audit03.readLifecycle.catalog.position0.field3.type8.noPublishedProfile
FAIL: audit03.readLifecycle.catalog.position0.field0.type10.empty
FAIL: audit03.readLifecycle.catalog.position0.field0.type10.noPR1
FAIL: audit03.readLifecycle.catalog.position0.field0.type10.noPR4
FAIL: audit03.readLifecycle.catalog.position0.field0.type10.lookupRejected
FAIL: audit03.readLifecycle.catalog.position0.field0.type10.noPublishedProfile
FAIL: audit03.readLifecycle.catalog.position0.field1.type10.empty
FAIL: audit03.readLifecycle.catalog.position0.field1.type10.noPR1
FAIL: audit03.readLifecycle.catalog.position0.field1.type10.noPR4
FAIL: audit03.readLifecycle.catalog.position0.field1.type10.lookupRejected
FAIL: audit03.readLifecycle.catalog.position0.field1.type10.noPublishedProfile
FAIL: audit03.readLifecycle.catalog.position0.field2.type10.empty
FAIL: audit03.readLifecycle.catalog.position0.field2.type10.noPR1
FAIL: audit03.readLifecycle.catalog.position0.field2.type10.noPR4
FAIL: audit03.readLifecycle.catalog.position0.field2.type10.lookupRejected
FAIL: audit03.readLifecycle.catalog.position0.field2.type10.noPublishedProfile
FAIL: audit03.readLifecycle.catalog.position0.field3.type10.empty
FAIL: audit03.readLifecycle.catalog.position0.field3.type10.noPR1
FAIL: audit03.readLifecycle.catalog.position0.field3.type10.noPR4
FAIL: audit03.readLifecycle.catalog.position0.field3.type10.lookupRejected
FAIL: audit03.readLifecycle.catalog.position0.field3.type10.noPublishedProfile
FAIL: audit03.readLifecycle.catalog.position0.field0.type8.empty
FAIL: audit03.readLifecycle.catalog.position0.field0.type8.noPR1
FAIL: audit03.readLifecycle.catalog.position0.field0.type8.noPR4
FAIL: audit03.readLifecycle.catalog.position0.field0.type8.lookupRejected
FAIL: audit03.readLifecycle.catalog.position0.field0.type8.noPublishedProfile
FAIL: audit03.readLifecycle.catalog.position0.field1.type8.empty
FAIL: audit03.readLifecycle.catalog.position0.field1.type8.noPR1
FAIL: audit03.readLifecycle.catalog.position0.field1.type8.noPR4
FAIL: audit03.readLifecycle.catalog.position0.field1.type8.lookupRejected
FAIL: audit03.readLifecycle.catalog.position0.field1.type8.noPublishedProfile
FAIL: audit03.readLifecycle.catalog.position0.field2.type8.empty
FAIL: audit03.readLifecycle.catalog.position0.field2.type8.noPR1
FAIL: audit03.readLifecycle.catalog.position0.field2.type8.noPR4
FAIL: audit03.readLifecycle.catalog.position0.field2.type8.lookupRejected
FAIL: audit03.readLifecycle.catalog.position0.field2.type8.noPublishedProfile
FAIL: audit03.readLifecycle.catalog.position0.field3.type8.empty
FAIL: audit03.readLifecycle.catalog.position0.field3.type8.noPR1
FAIL: audit03.readLifecycle.catalog.position0.field3.type8.noPR4
FAIL: audit03.readLifecycle.catalog.position0.field3.type8.lookupRejected
FAIL: audit03.readLifecycle.catalog.position0.field3.type8.noPublishedProfile
FAIL: audit03.readLifecycle.catalog.position1.field0.type8.empty
FAIL: audit03.readLifecycle.catalog.position1.field0.type8.noPR1
FAIL: audit03.readLifecycle.catalog.position1.field0.type8.noPR4
FAIL: audit03.readLifecycle.catalog.position1.field0.type8.lookupRejected
FAIL: audit03.readLifecycle.catalog.position1.field0.type8.noPublishedProfile
FAIL: audit03.readLifecycle.catalog.position1.field1.type8.empty
FAIL: audit03.readLifecycle.catalog.position1.field1.type8.noPR1
FAIL: audit03.readLifecycle.catalog.position1.field1.type8.noPR4
FAIL: audit03.readLifecycle.catalog.position1.field1.type8.lookupRejected
FAIL: audit03.readLifecycle.catalog.position1.field1.type8.noPublishedProfile
FAIL: audit03.readLifecycle.catalog.position1.field2.type8.empty
FAIL: audit03.readLifecycle.catalog.position1.field2.type8.noPR1
FAIL: audit03.readLifecycle.catalog.position1.field2.type8.noPR4
FAIL: audit03.readLifecycle.catalog.position1.field2.type8.lookupRejected
FAIL: audit03.readLifecycle.catalog.position1.field2.type8.noPublishedProfile
FAIL: audit03.readLifecycle.catalog.position1.field3.type8.empty
FAIL: audit03.readLifecycle.catalog.position1.field3.type8.noPR1
FAIL: audit03.readLifecycle.catalog.position1.field3.type8.noPR4
FAIL: audit03.readLifecycle.catalog.position1.field3.type8.lookupRejected
FAIL: audit03.readLifecycle.catalog.position1.field3.type8.noPublishedProfile
FAIL: audit03.readLifecycle.catalog.position1.field0.type10.empty
FAIL: audit03.readLifecycle.catalog.position1.field0.type10.noPR1
FAIL: audit03.readLifecycle.catalog.position1.field0.type10.noPR4
FAIL: audit03.readLifecycle.catalog.position1.field0.type10.lookupRejected
FAIL: audit03.readLifecycle.catalog.position1.field0.type10.noPublishedProfile
FAIL: audit03.readLifecycle.catalog.position1.field1.type10.empty
FAIL: audit03.readLifecycle.catalog.position1.field1.type10.noPR1
FAIL: audit03.readLifecycle.catalog.position1.field1.type10.noPR4
FAIL: audit03.readLifecycle.catalog.position1.field1.type10.lookupRejected
FAIL: audit03.readLifecycle.catalog.position1.field1.type10.noPublishedProfile
FAIL: audit03.readLifecycle.catalog.position1.field2.type10.empty
FAIL: audit03.readLifecycle.catalog.position1.field2.type10.noPR1
FAIL: audit03.readLifecycle.catalog.position1.field2.type10.noPR4
FAIL: audit03.readLifecycle.catalog.position1.field2.type10.lookupRejected
FAIL: audit03.readLifecycle.catalog.position1.field2.type10.noPublishedProfile
FAIL: audit03.readLifecycle.catalog.position1.field3.type10.empty
FAIL: audit03.readLifecycle.catalog.position1.field3.type10.noPR1
FAIL: audit03.readLifecycle.catalog.position1.field3.type10.noPR4
FAIL: audit03.readLifecycle.catalog.position1.field3.type10.lookupRejected
FAIL: audit03.readLifecycle.catalog.position1.field3.type10.noPublishedProfile
FAIL: audit03.readLifecycle.catalog.position1.field0.type8.empty
FAIL: audit03.readLifecycle.catalog.position1.field0.type8.noPR1
FAIL: audit03.readLifecycle.catalog.position1.field0.type8.noPR4
FAIL: audit03.readLifecycle.catalog.position1.field0.type8.lookupRejected
FAIL: audit03.readLifecycle.catalog.position1.field0.type8.noPublishedProfile
FAIL: audit03.readLifecycle.catalog.position1.field1.type8.empty
FAIL: audit03.readLifecycle.catalog.position1.field1.type8.noPR1
FAIL: audit03.readLifecycle.catalog.position1.field1.type8.noPR4
FAIL: audit03.readLifecycle.catalog.position1.field1.type8.lookupRejected
FAIL: audit03.readLifecycle.catalog.position1.field1.type8.noPublishedProfile
FAIL: audit03.readLifecycle.catalog.position1.field2.type8.empty
FAIL: audit03.readLifecycle.catalog.position1.field2.type8.noPR1
FAIL: audit03.readLifecycle.catalog.position1.field2.type8.noPR4
FAIL: audit03.readLifecycle.catalog.position1.field2.type8.lookupRejected
FAIL: audit03.readLifecycle.catalog.position1.field2.type8.noPublishedProfile
FAIL: audit03.readLifecycle.catalog.position1.field3.type8.empty
FAIL: audit03.readLifecycle.catalog.position1.field3.type8.noPR1
FAIL: audit03.readLifecycle.catalog.position1.field3.type8.noPR4
FAIL: audit03.readLifecycle.catalog.position1.field3.type8.lookupRejected
FAIL: audit03.readLifecycle.catalog.position1.field3.type8.noPublishedProfile
FAIL: audit03.readLifecycle.reader.p0.m0.field0.bad0.error
FAIL: audit03.readLifecycle.reader.p0.m0.field0.bad0.field
FAIL: audit03.readLifecycle.reader.p0.m0.field0.bad0.address
FAIL: audit03.readLifecycle.reader.p0.m0.field0.bad0.action
FAIL: audit03.readLifecycle.reader.p0.m0.field0.bad0.clearedSelection
FAIL: audit03.readLifecycle.reader.p0.m0.field0.bad1.error
FAIL: audit03.readLifecycle.reader.p0.m0.field0.bad1.field
FAIL: audit03.readLifecycle.reader.p0.m0.field0.bad1.address
FAIL: audit03.readLifecycle.reader.p0.m0.field0.bad1.action
FAIL: audit03.readLifecycle.reader.p0.m0.field0.bad1.empty
FAIL: audit03.readLifecycle.reader.p0.m0.field0.bad1.clearedPlane
FAIL: audit03.readLifecycle.reader.p0.m0.field0.bad1.clearedSelection
FAIL: audit03.readLifecycle.reader.p0.m0.field0.bad2.error
FAIL: audit03.readLifecycle.reader.p0.m0.field0.bad2.field
FAIL: audit03.readLifecycle.reader.p0.m0.field0.bad2.address
FAIL: audit03.readLifecycle.reader.p0.m0.field0.bad2.action
FAIL: audit03.readLifecycle.reader.p0.m0.field0.bad2.empty
FAIL: audit03.readLifecycle.reader.p0.m0.field0.bad2.clearedPlane
FAIL: audit03.readLifecycle.reader.p0.m0.field0.bad2.clearedSelection
FAIL: audit03.readLifecycle.reader.p0.m0.field0.bad3.error
FAIL: audit03.readLifecycle.reader.p0.m0.field0.bad3.field
FAIL: audit03.readLifecycle.reader.p0.m0.field0.bad3.address
FAIL: audit03.readLifecycle.reader.p0.m0.field0.bad3.action
FAIL: audit03.readLifecycle.reader.p0.m0.field0.bad3.empty
FAIL: audit03.readLifecycle.reader.p0.m0.field0.bad3.clearedPlane
FAIL: audit03.readLifecycle.reader.p0.m0.field0.bad3.clearedSelection
FAIL: audit03.readLifecycle.reader.p0.m0.field0.bad4.error
FAIL: audit03.readLifecycle.reader.p0.m0.field0.bad4.field
FAIL: audit03.readLifecycle.reader.p0.m0.field0.bad4.address
FAIL: audit03.readLifecycle.reader.p0.m0.field0.bad4.action
FAIL: audit03.readLifecycle.reader.p0.m0.field0.bad4.clearedSelection
FAIL: audit03.readLifecycle.reader.p0.m0.field1.bad0.error
FAIL: audit03.readLifecycle.reader.p0.m0.field1.bad0.field
FAIL: audit03.readLifecycle.reader.p0.m0.field1.bad0.address
FAIL: audit03.readLifecycle.reader.p0.m0.field1.bad0.action
FAIL: audit03.readLifecycle.reader.p0.m0.field1.bad0.clearedSelection
FAIL: audit03.readLifecycle.reader.p0.m0.field1.bad1.error
FAIL: audit03.readLifecycle.reader.p0.m0.field1.bad1.field
FAIL: audit03.readLifecycle.reader.p0.m0.field1.bad1.address
FAIL: audit03.readLifecycle.reader.p0.m0.field1.bad1.action
FAIL: audit03.readLifecycle.reader.p0.m0.field1.bad1.empty
FAIL: audit03.readLifecycle.reader.p0.m0.field1.bad1.clearedPlane
FAIL: audit03.readLifecycle.reader.p0.m0.field1.bad1.clearedSelection
FAIL: audit03.readLifecycle.reader.p0.m0.field1.bad2.error
FAIL: audit03.readLifecycle.reader.p0.m0.field1.bad2.field
FAIL: audit03.readLifecycle.reader.p0.m0.field1.bad2.address
FAIL: audit03.readLifecycle.reader.p0.m0.field1.bad2.action
FAIL: audit03.readLifecycle.reader.p0.m0.field1.bad2.empty
FAIL: audit03.readLifecycle.reader.p0.m0.field1.bad2.clearedPlane
FAIL: audit03.readLifecycle.reader.p0.m0.field1.bad2.clearedSelection
FAIL: audit03.readLifecycle.reader.p0.m0.field1.bad3.error
FAIL: audit03.readLifecycle.reader.p0.m0.field1.bad3.field
FAIL: audit03.readLifecycle.reader.p0.m0.field1.bad3.address
FAIL: audit03.readLifecycle.reader.p0.m0.field1.bad3.action
FAIL: audit03.readLifecycle.reader.p0.m0.field1.bad3.empty
FAIL: audit03.readLifecycle.reader.p0.m0.field1.bad3.clearedPlane
FAIL: audit03.readLifecycle.reader.p0.m0.field1.bad3.clearedSelection
FAIL: audit03.readLifecycle.reader.p0.m0.field1.bad4.error
FAIL: audit03.readLifecycle.reader.p0.m0.field1.bad4.field
FAIL: audit03.readLifecycle.reader.p0.m0.field1.bad4.address
FAIL: audit03.readLifecycle.reader.p0.m0.field1.bad4.action
FAIL: audit03.readLifecycle.reader.p0.m0.field1.bad4.clearedSelection
FAIL: audit03.readLifecycle.reader.p0.m0.field2.bad0.error
FAIL: audit03.readLifecycle.reader.p0.m0.field2.bad0.field
FAIL: audit03.readLifecycle.reader.p0.m0.field2.bad0.address
FAIL: audit03.readLifecycle.reader.p0.m0.field2.bad0.action
FAIL: audit03.readLifecycle.reader.p0.m0.field2.bad0.clearedSelection
FAIL: audit03.readLifecycle.reader.p0.m0.field2.bad1.error
FAIL: audit03.readLifecycle.reader.p0.m0.field2.bad1.field
FAIL: audit03.readLifecycle.reader.p0.m0.field2.bad1.address
FAIL: audit03.readLifecycle.reader.p0.m0.field2.bad1.action
FAIL: audit03.readLifecycle.reader.p0.m0.field2.bad1.empty
FAIL: audit03.readLifecycle.reader.p0.m0.field2.bad1.clearedPlane
FAIL: audit03.readLifecycle.reader.p0.m0.field2.bad1.clearedSelection
FAIL: audit03.readLifecycle.reader.p0.m0.field2.bad2.error
FAIL: audit03.readLifecycle.reader.p0.m0.field2.bad2.field
FAIL: audit03.readLifecycle.reader.p0.m0.field2.bad2.address
FAIL: audit03.readLifecycle.reader.p0.m0.field2.bad2.action
FAIL: audit03.readLifecycle.reader.p0.m0.field2.bad2.empty
FAIL: audit03.readLifecycle.reader.p0.m0.field2.bad2.clearedPlane
FAIL: audit03.readLifecycle.reader.p0.m0.field2.bad2.clearedSelection
FAIL: audit03.readLifecycle.reader.p0.m0.field2.bad3.error
FAIL: audit03.readLifecycle.reader.p0.m0.field2.bad3.field
FAIL: audit03.readLifecycle.reader.p0.m0.field2.bad3.address
FAIL: audit03.readLifecycle.reader.p0.m0.field2.bad3.action
FAIL: audit03.readLifecycle.reader.p0.m0.field2.bad3.empty
FAIL: audit03.readLifecycle.reader.p0.m0.field2.bad3.clearedPlane
FAIL: audit03.readLifecycle.reader.p0.m0.field2.bad3.clearedSelection
FAIL: audit03.readLifecycle.reader.p0.m0.field2.bad4.error
FAIL: audit03.readLifecycle.reader.p0.m0.field2.bad4.field
FAIL: audit03.readLifecycle.reader.p0.m0.field2.bad4.address
FAIL: audit03.readLifecycle.reader.p0.m0.field2.bad4.action
FAIL: audit03.readLifecycle.reader.p0.m0.field2.bad4.clearedSelection
FAIL: audit03.readLifecycle.reader.p0.m0.field3.bad0.error
FAIL: audit03.readLifecycle.reader.p0.m0.field3.bad0.field
FAIL: audit03.readLifecycle.reader.p0.m0.field3.bad0.address
FAIL: audit03.readLifecycle.reader.p0.m0.field3.bad0.action
FAIL: audit03.readLifecycle.reader.p0.m0.field3.bad0.clearedSelection
FAIL: audit03.readLifecycle.reader.p0.m0.field3.bad1.error
FAIL: audit03.readLifecycle.reader.p0.m0.field3.bad1.field
FAIL: audit03.readLifecycle.reader.p0.m0.field3.bad1.address
FAIL: audit03.readLifecycle.reader.p0.m0.field3.bad1.action
FAIL: audit03.readLifecycle.reader.p0.m0.field3.bad1.empty
FAIL: audit03.readLifecycle.reader.p0.m0.field3.bad1.clearedPlane
FAIL: audit03.readLifecycle.reader.p0.m0.field3.bad1.clearedSelection
FAIL: audit03.readLifecycle.reader.p0.m0.field3.bad2.error
FAIL: audit03.readLifecycle.reader.p0.m0.field3.bad2.field
FAIL: audit03.readLifecycle.reader.p0.m0.field3.bad2.address
FAIL: audit03.readLifecycle.reader.p0.m0.field3.bad2.action
FAIL: audit03.readLifecycle.reader.p0.m0.field3.bad2.empty
FAIL: audit03.readLifecycle.reader.p0.m0.field3.bad2.clearedPlane
FAIL: audit03.readLifecycle.reader.p0.m0.field3.bad2.clearedSelection
FAIL: audit03.readLifecycle.reader.p0.m0.field3.bad3.error
FAIL: audit03.readLifecycle.reader.p0.m0.field3.bad3.field
FAIL: audit03.readLifecycle.reader.p0.m0.field3.bad3.address
FAIL: audit03.readLifecycle.reader.p0.m0.field3.bad3.action
FAIL: audit03.readLifecycle.reader.p0.m0.field3.bad3.empty
FAIL: audit03.readLifecycle.reader.p0.m0.field3.bad3.clearedPlane
FAIL: audit03.readLifecycle.reader.p0.m0.field3.bad3.clearedSelection
FAIL: audit03.readLifecycle.reader.p0.m0.field3.bad4.error
FAIL: audit03.readLifecycle.reader.p0.m0.field3.bad4.field
FAIL: audit03.readLifecycle.reader.p0.m0.field3.bad4.address
FAIL: audit03.readLifecycle.reader.p0.m0.field3.bad4.action
FAIL: audit03.readLifecycle.reader.p0.m0.field3.bad4.clearedSelection
FAIL: audit03.readLifecycle.reader.p0.m0.field4.bad0.error
FAIL: audit03.readLifecycle.reader.p0.m0.field4.bad0.field
FAIL: audit03.readLifecycle.reader.p0.m0.field4.bad0.address
FAIL: audit03.readLifecycle.reader.p0.m0.field4.bad0.action
FAIL: audit03.readLifecycle.reader.p0.m0.field4.bad0.clearedSelection
FAIL: audit03.readLifecycle.reader.p0.m0.field4.bad1.error
FAIL: audit03.readLifecycle.reader.p0.m0.field4.bad1.field
FAIL: audit03.readLifecycle.reader.p0.m0.field4.bad1.address
FAIL: audit03.readLifecycle.reader.p0.m0.field4.bad1.action
FAIL: audit03.readLifecycle.reader.p0.m0.field4.bad1.empty
FAIL: audit03.readLifecycle.reader.p0.m0.field4.bad1.clearedPlane
FAIL: audit03.readLifecycle.reader.p0.m0.field4.bad1.clearedSelection
FAIL: audit03.readLifecycle.reader.p0.m0.field4.bad2.error
FAIL: audit03.readLifecycle.reader.p0.m0.field4.bad2.field
FAIL: audit03.readLifecycle.reader.p0.m0.field4.bad2.address
FAIL: audit03.readLifecycle.reader.p0.m0.field4.bad2.action
FAIL: audit03.readLifecycle.reader.p0.m0.field4.bad2.empty
FAIL: audit03.readLifecycle.reader.p0.m0.field4.bad2.clearedPlane
FAIL: audit03.readLifecycle.reader.p0.m0.field4.bad2.clearedSelection
FAIL: audit03.readLifecycle.reader.p0.m0.field4.bad3.error
FAIL: audit03.readLifecycle.reader.p0.m0.field4.bad3.field
FAIL: audit03.readLifecycle.reader.p0.m0.field4.bad3.address
FAIL: audit03.readLifecycle.reader.p0.m0.field4.bad3.action
FAIL: audit03.readLifecycle.reader.p0.m0.field4.bad3.empty
FAIL: audit03.readLifecycle.reader.p0.m0.field4.bad3.clearedPlane
FAIL: audit03.readLifecycle.reader.p0.m0.field4.bad3.clearedSelection
FAIL: audit03.readLifecycle.reader.p0.m0.field4.bad4.error
FAIL: audit03.readLifecycle.reader.p0.m0.field4.bad4.field
FAIL: audit03.readLifecycle.reader.p0.m0.field4.bad4.address
FAIL: audit03.readLifecycle.reader.p0.m0.field4.bad4.action
FAIL: audit03.readLifecycle.reader.p0.m0.field4.bad4.clearedSelection
FAIL: audit03.readLifecycle.reader.p0.m0.field5.bad0.error
FAIL: audit03.readLifecycle.reader.p0.m0.field5.bad0.field
FAIL: audit03.readLifecycle.reader.p0.m0.field5.bad0.address
FAIL: audit03.readLifecycle.reader.p0.m0.field5.bad0.action
FAIL: audit03.readLifecycle.reader.p0.m0.field5.bad0.clearedSelection
FAIL: audit03.readLifecycle.reader.p0.m0.field5.bad1.error
FAIL: audit03.readLifecycle.reader.p0.m0.field5.bad1.field
FAIL: audit03.readLifecycle.reader.p0.m0.field5.bad1.address
FAIL: audit03.readLifecycle.reader.p0.m0.field5.bad1.action
FAIL: audit03.readLifecycle.reader.p0.m0.field5.bad1.empty
FAIL: audit03.readLifecycle.reader.p0.m0.field5.bad1.clearedPlane
FAIL: audit03.readLifecycle.reader.p0.m0.field5.bad1.clearedSelection
FAIL: audit03.readLifecycle.reader.p0.m0.field5.bad2.error
FAIL: audit03.readLifecycle.reader.p0.m0.field5.bad2.field
FAIL: audit03.readLifecycle.reader.p0.m0.field5.bad2.address
FAIL: audit03.readLifecycle.reader.p0.m0.field5.bad2.action
FAIL: audit03.readLifecycle.reader.p0.m0.field5.bad2.empty
FAIL: audit03.readLifecycle.reader.p0.m0.field5.bad2.clearedPlane
FAIL: audit03.readLifecycle.reader.p0.m0.field5.bad2.clearedSelection
FAIL: audit03.readLifecycle.reader.p0.m0.field5.bad3.error
FAIL: audit03.readLifecycle.reader.p0.m0.field5.bad3.field
FAIL: audit03.readLifecycle.reader.p0.m0.field5.bad3.address
FAIL: audit03.readLifecycle.reader.p0.m0.field5.bad3.action
FAIL: audit03.readLifecycle.reader.p0.m0.field5.bad3.empty
FAIL: audit03.readLifecycle.reader.p0.m0.field5.bad3.clearedPlane
FAIL: audit03.readLifecycle.reader.p0.m0.field5.bad3.clearedSelection
FAIL: audit03.readLifecycle.reader.p0.m0.field5.bad4.error
FAIL: audit03.readLifecycle.reader.p0.m0.field5.bad4.field
FAIL: audit03.readLifecycle.reader.p0.m0.field5.bad4.address
FAIL: audit03.readLifecycle.reader.p0.m0.field5.bad4.action
FAIL: audit03.readLifecycle.reader.p0.m0.field5.bad4.clearedSelection
FAIL: audit03.readLifecycle.reader.p0.m0.field6.bad0.error
FAIL: audit03.readLifecycle.reader.p0.m0.field6.bad0.field
FAIL: audit03.readLifecycle.reader.p0.m0.field6.bad0.address
FAIL: audit03.readLifecycle.reader.p0.m0.field6.bad0.action
FAIL: audit03.readLifecycle.reader.p0.m0.field6.bad0.clearedSelection
FAIL: audit03.readLifecycle.reader.p0.m0.field6.bad1.error
FAIL: audit03.readLifecycle.reader.p0.m0.field6.bad1.field
FAIL: audit03.readLifecycle.reader.p0.m0.field6.bad1.address
FAIL: audit03.readLifecycle.reader.p0.m0.field6.bad1.action
FAIL: audit03.readLifecycle.reader.p0.m0.field6.bad1.empty
FAIL: audit03.readLifecycle.reader.p0.m0.field6.bad1.clearedPlane
FAIL: audit03.readLifecycle.reader.p0.m0.field6.bad1.clearedSelection
FAIL: audit03.readLifecycle.reader.p0.m0.field6.bad2.error
FAIL: audit03.readLifecycle.reader.p0.m0.field6.bad2.field
FAIL: audit03.readLifecycle.reader.p0.m0.field6.bad2.address
FAIL: audit03.readLifecycle.reader.p0.m0.field6.bad2.action
FAIL: audit03.readLifecycle.reader.p0.m0.field6.bad2.empty
FAIL: audit03.readLifecycle.reader.p0.m0.field6.bad2.clearedPlane
FAIL: audit03.readLifecycle.reader.p0.m0.field6.bad2.clearedSelection
FAIL: audit03.readLifecycle.reader.p0.m0.field6.bad3.error
FAIL: audit03.readLifecycle.reader.p0.m0.field6.bad3.field
FAIL: audit03.readLifecycle.reader.p0.m0.field6.bad3.address
FAIL: audit03.readLifecycle.reader.p0.m0.field6.bad3.action
FAIL: audit03.readLifecycle.reader.p0.m0.field6.bad3.empty
FAIL: audit03.readLifecycle.reader.p0.m0.field6.bad3.clearedPlane
FAIL: audit03.readLifecycle.reader.p0.m0.field6.bad3.clearedSelection
FAIL: audit03.readLifecycle.reader.p0.m0.field6.bad4.error
FAIL: audit03.readLifecycle.reader.p0.m0.field6.bad4.field
FAIL: audit03.readLifecycle.reader.p0.m0.field6.bad4.address
FAIL: audit03.readLifecycle.reader.p0.m0.field6.bad4.action
FAIL: audit03.readLifecycle.reader.p0.m0.field6.bad4.clearedSelection
FAIL: audit03.readLifecycle.reader.p0.m0.field7.bad0.error
FAIL: audit03.readLifecycle.reader.p0.m0.field7.bad0.field
FAIL: audit03.readLifecycle.reader.p0.m0.field7.bad0.address
FAIL: audit03.readLifecycle.reader.p0.m0.field7.bad0.action
FAIL: audit03.readLifecycle.reader.p0.m0.field7.bad0.clearedSelection
FAIL: audit03.readLifecycle.reader.p0.m0.field7.bad1.error
FAIL: audit03.readLifecycle.reader.p0.m0.field7.bad1.field
FAIL: audit03.readLifecycle.reader.p0.m0.field7.bad1.address
FAIL: audit03.readLifecycle.reader.p0.m0.field7.bad1.action
FAIL: audit03.readLifecycle.reader.p0.m0.field7.bad1.empty
FAIL: audit03.readLifecycle.reader.p0.m0.field7.bad1.clearedPlane
FAIL: audit03.readLifecycle.reader.p0.m0.field7.bad1.clearedSelection
FAIL: audit03.readLifecycle.reader.p0.m0.field7.bad2.error
FAIL: audit03.readLifecycle.reader.p0.m0.field7.bad2.field
FAIL: audit03.readLifecycle.reader.p0.m0.field7.bad2.address
FAIL: audit03.readLifecycle.reader.p0.m0.field7.bad2.action
FAIL: audit03.readLifecycle.reader.p0.m0.field7.bad2.empty
FAIL: audit03.readLifecycle.reader.p0.m0.field7.bad2.clearedPlane
FAIL: audit03.readLifecycle.reader.p0.m0.field7.bad2.clearedSelection
FAIL: audit03.readLifecycle.reader.p0.m0.field7.bad3.error
FAIL: audit03.readLifecycle.reader.p0.m0.field7.bad3.field
FAIL: audit03.readLifecycle.reader.p0.m0.field7.bad3.address
FAIL: audit03.readLifecycle.reader.p0.m0.field7.bad3.action
FAIL: audit03.readLifecycle.reader.p0.m0.field7.bad3.empty
FAIL: audit03.readLifecycle.reader.p0.m0.field7.bad3.clearedPlane
FAIL: audit03.readLifecycle.reader.p0.m0.field7.bad3.clearedSelection
FAIL: audit03.readLifecycle.reader.p0.m0.field7.bad4.error
FAIL: audit03.readLifecycle.reader.p0.m0.field7.bad4.field
FAIL: audit03.readLifecycle.reader.p0.m0.field7.bad4.address
FAIL: audit03.readLifecycle.reader.p0.m0.field7.bad4.action
FAIL: audit03.readLifecycle.reader.p0.m0.field7.bad4.clearedSelection
FAIL: audit03.readLifecycle.reader.p0.m0.field8.bad0.error
FAIL: audit03.readLifecycle.reader.p0.m0.field8.bad0.field
FAIL: audit03.readLifecycle.reader.p0.m0.field8.bad0.address
FAIL: audit03.readLifecycle.reader.p0.m0.field8.bad0.action
FAIL: audit03.readLifecycle.reader.p0.m0.field8.bad0.clearedSelection
FAIL: audit03.readLifecycle.reader.p0.m0.field8.bad1.error
FAIL: audit03.readLifecycle.reader.p0.m0.field8.bad1.field
FAIL: audit03.readLifecycle.reader.p0.m0.field8.bad1.address
FAIL: audit03.readLifecycle.reader.p0.m0.field8.bad1.action
FAIL: audit03.readLifecycle.reader.p0.m0.field8.bad1.empty
FAIL: audit03.readLifecycle.reader.p0.m0.field8.bad1.clearedPlane
FAIL: audit03.readLifecycle.reader.p0.m0.field8.bad1.clearedSelection
FAIL: audit03.readLifecycle.reader.p0.m0.field8.bad2.error
FAIL: audit03.readLifecycle.reader.p0.m0.field8.bad2.field
FAIL: audit03.readLifecycle.reader.p0.m0.field8.bad2.address
FAIL: audit03.readLifecycle.reader.p0.m0.field8.bad2.action
FAIL: audit03.readLifecycle.reader.p0.m0.field8.bad2.empty
FAIL: audit03.readLifecycle.reader.p0.m0.field8.bad2.clearedPlane
FAIL: audit03.readLifecycle.reader.p0.m0.field8.bad2.clearedSelection
FAIL: audit03.readLifecycle.reader.p0.m0.field8.bad3.error
FAIL: audit03.readLifecycle.reader.p0.m0.field8.bad3.field
FAIL: audit03.readLifecycle.reader.p0.m0.field8.bad3.address
FAIL: audit03.readLifecycle.reader.p0.m0.field8.bad3.action
FAIL: audit03.readLifecycle.reader.p0.m0.field8.bad3.empty
FAIL: audit03.readLifecycle.reader.p0.m0.field8.bad3.clearedPlane
FAIL: audit03.readLifecycle.reader.p0.m0.field8.bad3.clearedSelection
FAIL: audit03.readLifecycle.reader.p0.m0.field8.bad4.error
FAIL: audit03.readLifecycle.reader.p0.m0.field8.bad4.field
FAIL: audit03.readLifecycle.reader.p0.m0.field8.bad4.address
FAIL: audit03.readLifecycle.reader.p0.m0.field8.bad4.action
FAIL: audit03.readLifecycle.reader.p0.m0.field8.bad4.clearedSelection
FAIL: audit03.readLifecycle.reader.p0.m0.field9.bad0.error
FAIL: audit03.readLifecycle.reader.p0.m0.field9.bad0.field
FAIL: audit03.readLifecycle.reader.p0.m0.field9.bad0.address
FAIL: audit03.readLifecycle.reader.p0.m0.field9.bad0.action
FAIL: audit03.readLifecycle.reader.p0.m0.field9.bad0.clearedSelection
FAIL: audit03.readLifecycle.reader.p0.m0.field9.bad1.error
FAIL: audit03.readLifecycle.reader.p0.m0.field9.bad1.field
FAIL: audit03.readLifecycle.reader.p0.m0.field9.bad1.address
FAIL: audit03.readLifecycle.reader.p0.m0.field9.bad1.action
FAIL: audit03.readLifecycle.reader.p0.m0.field9.bad1.empty
FAIL: audit03.readLifecycle.reader.p0.m0.field9.bad1.clearedPlane
FAIL: audit03.readLifecycle.reader.p0.m0.field9.bad1.clearedSelection
FAIL: audit03.readLifecycle.reader.p0.m0.field9.bad2.error
FAIL: audit03.readLifecycle.reader.p0.m0.field9.bad2.field
FAIL: audit03.readLifecycle.reader.p0.m0.field9.bad2.address
FAIL: audit03.readLifecycle.reader.p0.m0.field9.bad2.action
FAIL: audit03.readLifecycle.reader.p0.m0.field9.bad2.empty
FAIL: audit03.readLifecycle.reader.p0.m0.field9.bad2.clearedPlane
FAIL: audit03.readLifecycle.reader.p0.m0.field9.bad2.clearedSelection
FAIL: audit03.readLifecycle.reader.p0.m0.field9.bad3.error
FAIL: audit03.readLifecycle.reader.p0.m0.field9.bad3.field
FAIL: audit03.readLifecycle.reader.p0.m0.field9.bad3.address
FAIL: audit03.readLifecycle.reader.p0.m0.field9.bad3.action
FAIL: audit03.readLifecycle.reader.p0.m0.field9.bad3.empty
FAIL: audit03.readLifecycle.reader.p0.m0.field9.bad3.clearedPlane
FAIL: audit03.readLifecycle.reader.p0.m0.field9.bad3.clearedSelection
FAIL: audit03.readLifecycle.reader.p0.m0.field9.bad4.error
FAIL: audit03.readLifecycle.reader.p0.m0.field9.bad4.field
FAIL: audit03.readLifecycle.reader.p0.m0.field9.bad4.address
FAIL: audit03.readLifecycle.reader.p0.m0.field9.bad4.action
FAIL: audit03.readLifecycle.reader.p0.m0.field9.bad4.clearedSelection
FAIL: audit03.readLifecycle.reader.p0.m0.field10.bad0.error
FAIL: audit03.readLifecycle.reader.p0.m0.field10.bad0.field
FAIL: audit03.readLifecycle.reader.p0.m0.field10.bad0.address
FAIL: audit03.readLifecycle.reader.p0.m0.field10.bad0.action
FAIL: audit03.readLifecycle.reader.p0.m0.field10.bad0.empty
FAIL: audit03.readLifecycle.reader.p0.m0.field10.bad0.clearedPlane
FAIL: audit03.readLifecycle.reader.p0.m0.field10.bad0.clearedSelection
FAIL: audit03.readLifecycle.reader.p0.m0.field10.bad1.error
FAIL: audit03.readLifecycle.reader.p0.m0.field10.bad1.field
FAIL: audit03.readLifecycle.reader.p0.m0.field10.bad1.address
FAIL: audit03.readLifecycle.reader.p0.m0.field10.bad1.action
FAIL: audit03.readLifecycle.reader.p0.m0.field10.bad1.empty
FAIL: audit03.readLifecycle.reader.p0.m0.field10.bad1.clearedPlane
FAIL: audit03.readLifecycle.reader.p0.m0.field10.bad1.clearedSelection
FAIL: audit03.readLifecycle.reader.p0.m0.field10.bad2.error
FAIL: audit03.readLifecycle.reader.p0.m0.field10.bad2.field
FAIL: audit03.readLifecycle.reader.p0.m0.field10.bad2.address
FAIL: audit03.readLifecycle.reader.p0.m0.field10.bad2.action
FAIL: audit03.readLifecycle.reader.p0.m0.field10.bad2.empty
FAIL: audit03.readLifecycle.reader.p0.m0.field10.bad2.clearedPlane
FAIL: audit03.readLifecycle.reader.p0.m0.field10.bad2.clearedSelection
FAIL: audit03.readLifecycle.reader.p0.m0.field10.bad3.error
FAIL: audit03.readLifecycle.reader.p0.m0.field10.bad3.field
FAIL: audit03.readLifecycle.reader.p0.m0.field10.bad3.address
FAIL: audit03.readLifecycle.reader.p0.m0.field10.bad3.action
FAIL: audit03.readLifecycle.reader.p0.m0.field10.bad3.empty
FAIL: audit03.readLifecycle.reader.p0.m0.field10.bad3.clearedPlane
FAIL: audit03.readLifecycle.reader.p0.m0.field10.bad3.clearedSelection
FAIL: audit03.readLifecycle.reader.p0.m0.field10.bad4.error
FAIL: audit03.readLifecycle.reader.p0.m0.field10.bad4.field
FAIL: audit03.readLifecycle.reader.p0.m0.field10.bad4.address
FAIL: audit03.readLifecycle.reader.p0.m0.field10.bad4.action
FAIL: audit03.readLifecycle.reader.p0.m0.field10.bad4.empty
FAIL: audit03.readLifecycle.reader.p0.m0.field10.bad4.clearedPlane
FAIL: audit03.readLifecycle.reader.p0.m0.field10.bad4.clearedSelection
FAIL: audit03.readLifecycle.reader.p0.m0.field11.bad0.error
FAIL: audit03.readLifecycle.reader.p0.m0.field11.bad0.field
FAIL: audit03.readLifecycle.reader.p0.m0.field11.bad0.address
FAIL: audit03.readLifecycle.reader.p0.m0.field11.bad0.action
FAIL: audit03.readLifecycle.reader.p0.m0.field11.bad0.empty
FAIL: audit03.readLifecycle.reader.p0.m0.field11.bad0.clearedPlane
FAIL: audit03.readLifecycle.reader.p0.m0.field11.bad0.clearedSelection
FAIL: audit03.readLifecycle.reader.p0.m0.field11.bad1.error
FAIL: audit03.readLifecycle.reader.p0.m0.field11.bad1.field
FAIL: audit03.readLifecycle.reader.p0.m0.field11.bad1.address
FAIL: audit03.readLifecycle.reader.p0.m0.field11.bad1.action
FAIL: audit03.readLifecycle.reader.p0.m0.field11.bad1.empty
FAIL: audit03.readLifecycle.reader.p0.m0.field11.bad1.clearedPlane
FAIL: audit03.readLifecycle.reader.p0.m0.field11.bad1.clearedSelection
FAIL: audit03.readLifecycle.reader.p0.m0.field11.bad2.error
FAIL: audit03.readLifecycle.reader.p0.m0.field11.bad2.field
FAIL: audit03.readLifecycle.reader.p0.m0.field11.bad2.address
FAIL: audit03.readLifecycle.reader.p0.m0.field11.bad2.action
FAIL: audit03.readLifecycle.reader.p0.m0.field11.bad2.empty
FAIL: audit03.readLifecycle.reader.p0.m0.field11.bad2.clearedPlane
FAIL: audit03.readLifecycle.reader.p0.m0.field11.bad2.clearedSelection
FAIL: audit03.readLifecycle.reader.p0.m0.field11.bad3.error
FAIL: audit03.readLifecycle.reader.p0.m0.field11.bad3.field
FAIL: audit03.readLifecycle.reader.p0.m0.field11.bad3.address
FAIL: audit03.readLifecycle.reader.p0.m0.field11.bad3.action
FAIL: audit03.readLifecycle.reader.p0.m0.field11.bad3.empty
FAIL: audit03.readLifecycle.reader.p0.m0.field11.bad3.clearedPlane
FAIL: audit03.readLifecycle.reader.p0.m0.field11.bad3.clearedSelection
FAIL: audit03.readLifecycle.reader.p0.m0.field11.bad4.error
FAIL: audit03.readLifecycle.reader.p0.m0.field11.bad4.field
FAIL: audit03.readLifecycle.reader.p0.m0.field11.bad4.address
FAIL: audit03.readLifecycle.reader.p0.m0.field11.bad4.action
FAIL: audit03.readLifecycle.reader.p0.m0.field11.bad4.empty
FAIL: audit03.readLifecycle.reader.p0.m0.field11.bad4.clearedPlane
FAIL: audit03.readLifecycle.reader.p0.m0.field11.bad4.clearedSelection
FAIL: audit03.readLifecycle.reader.p0.m0.field12.bad0.error
FAIL: audit03.readLifecycle.reader.p0.m0.field12.bad0.field
FAIL: audit03.readLifecycle.reader.p0.m0.field12.bad0.address
FAIL: audit03.readLifecycle.reader.p0.m0.field12.bad0.action
FAIL: audit03.readLifecycle.reader.p0.m0.field12.bad0.empty
FAIL: audit03.readLifecycle.reader.p0.m0.field12.bad0.clearedPlane
FAIL: audit03.readLifecycle.reader.p0.m0.field12.bad0.clearedSelection
FAIL: audit03.readLifecycle.reader.p0.m0.field12.bad1.error
FAIL: audit03.readLifecycle.reader.p0.m0.field12.bad1.field
FAIL: audit03.readLifecycle.reader.p0.m0.field12.bad1.address
FAIL: audit03.readLifecycle.reader.p0.m0.field12.bad1.action
FAIL: audit03.readLifecycle.reader.p0.m0.field12.bad1.empty
FAIL: audit03.readLifecycle.reader.p0.m0.field12.bad1.clearedPlane
FAIL: audit03.readLifecycle.reader.p0.m0.field12.bad1.clearedSelection
FAIL: audit03.readLifecycle.reader.p0.m0.field12.bad2.error
FAIL: audit03.readLifecycle.reader.p0.m0.field12.bad2.field
FAIL: audit03.readLifecycle.reader.p0.m0.field12.bad2.address
FAIL: audit03.readLifecycle.reader.p0.m0.field12.bad2.action
FAIL: audit03.readLifecycle.reader.p0.m0.field12.bad2.empty
FAIL: audit03.readLifecycle.reader.p0.m0.field12.bad2.clearedPlane
FAIL: audit03.readLifecycle.reader.p0.m0.field12.bad2.clearedSelection
FAIL: audit03.readLifecycle.reader.p0.m0.field12.bad3.error
FAIL: audit03.readLifecycle.reader.p0.m0.field12.bad3.field
FAIL: audit03.readLifecycle.reader.p0.m0.field12.bad3.address
FAIL: audit03.readLifecycle.reader.p0.m0.field12.bad3.action
FAIL: audit03.readLifecycle.reader.p0.m0.field12.bad3.empty
FAIL: audit03.readLifecycle.reader.p0.m0.field12.bad3.clearedPlane
FAIL: audit03.readLifecycle.reader.p0.m0.field12.bad3.clearedSelection
FAIL: audit03.readLifecycle.reader.p0.m0.field12.bad4.error
FAIL: audit03.readLifecycle.reader.p0.m0.field12.bad4.field
FAIL: audit03.readLifecycle.reader.p0.m0.field12.bad4.address
FAIL: audit03.readLifecycle.reader.p0.m0.field12.bad4.action
FAIL: audit03.readLifecycle.reader.p0.m0.field12.bad4.empty
FAIL: audit03.readLifecycle.reader.p0.m0.field12.bad4.clearedPlane
FAIL: audit03.readLifecycle.reader.p0.m0.field12.bad4.clearedSelection
FAIL: audit03.readLifecycle.reader.p0.m0.field13.bad0.error
FAIL: audit03.readLifecycle.reader.p0.m0.field13.bad0.field
FAIL: audit03.readLifecycle.reader.p0.m0.field13.bad0.address
FAIL: audit03.readLifecycle.reader.p0.m0.field13.bad0.action
FAIL: audit03.readLifecycle.reader.p0.m0.field13.bad0.empty
FAIL: audit03.readLifecycle.reader.p0.m0.field13.bad0.clearedPlane
FAIL: audit03.readLifecycle.reader.p0.m0.field13.bad0.clearedSelection
FAIL: audit03.readLifecycle.reader.p0.m0.field13.bad1.error
FAIL: audit03.readLifecycle.reader.p0.m0.field13.bad1.field
FAIL: audit03.readLifecycle.reader.p0.m0.field13.bad1.address
FAIL: audit03.readLifecycle.reader.p0.m0.field13.bad1.action
FAIL: audit03.readLifecycle.reader.p0.m0.field13.bad1.empty
FAIL: audit03.readLifecycle.reader.p0.m0.field13.bad1.clearedPlane
FAIL: audit03.readLifecycle.reader.p0.m0.field13.bad1.clearedSelection
FAIL: audit03.readLifecycle.reader.p0.m0.field13.bad2.error
FAIL: audit03.readLifecycle.reader.p0.m0.field13.bad2.field
FAIL: audit03.readLifecycle.reader.p0.m0.field13.bad2.address
FAIL: audit03.readLifecycle.reader.p0.m0.field13.bad2.action
FAIL: audit03.readLifecycle.reader.p0.m0.field13.bad2.empty
FAIL: audit03.readLifecycle.reader.p0.m0.field13.bad2.clearedPlane
FAIL: audit03.readLifecycle.reader.p0.m0.field13.bad2.clearedSelection
FAIL: audit03.readLifecycle.reader.p0.m0.field13.bad3.error
FAIL: audit03.readLifecycle.reader.p0.m0.field13.bad3.field
FAIL: audit03.readLifecycle.reader.p0.m0.field13.bad3.address
FAIL: audit03.readLifecycle.reader.p0.m0.field13.bad3.action
FAIL: audit03.readLifecycle.reader.p0.m0.field13.bad3.empty
FAIL: audit03.readLifecycle.reader.p0.m0.field13.bad3.clearedPlane
FAIL: audit03.readLifecycle.reader.p0.m0.field13.bad3.clearedSelection
FAIL: audit03.readLifecycle.reader.p0.m0.field13.bad4.error
FAIL: audit03.readLifecycle.reader.p0.m0.field13.bad4.field
FAIL: audit03.readLifecycle.reader.p0.m0.field13.bad4.address
FAIL: audit03.readLifecycle.reader.p0.m0.field13.bad4.action
FAIL: audit03.readLifecycle.reader.p0.m0.field13.bad4.empty
FAIL: audit03.readLifecycle.reader.p0.m0.field13.bad4.clearedPlane
FAIL: audit03.readLifecycle.reader.p0.m0.field13.bad4.clearedSelection
FAIL: audit03.readLifecycle.reader.p0.m0.field14.bad0.error
FAIL: audit03.readLifecycle.reader.p0.m0.field14.bad0.field
FAIL: audit03.readLifecycle.reader.p0.m0.field14.bad0.address
FAIL: audit03.readLifecycle.reader.p0.m0.field14.bad0.action
FAIL: audit03.readLifecycle.reader.p0.m0.field14.bad0.empty
FAIL: audit03.readLifecycle.reader.p0.m0.field14.bad0.clearedPlane
FAIL: audit03.readLifecycle.reader.p0.m0.field14.bad0.clearedSelection
FAIL: audit03.readLifecycle.reader.p0.m0.field14.bad1.error
FAIL: audit03.readLifecycle.reader.p0.m0.field14.bad1.field
FAIL: audit03.readLifecycle.reader.p0.m0.field14.bad1.address
FAIL: audit03.readLifecycle.reader.p0.m0.field14.bad1.action
FAIL: audit03.readLifecycle.reader.p0.m0.field14.bad1.empty
FAIL: audit03.readLifecycle.reader.p0.m0.field14.bad1.clearedPlane
FAIL: audit03.readLifecycle.reader.p0.m0.field14.bad1.clearedSelection
FAIL: audit03.readLifecycle.reader.p0.m0.field14.bad2.error
FAIL: audit03.readLifecycle.reader.p0.m0.field14.bad2.field
FAIL: audit03.readLifecycle.reader.p0.m0.field14.bad2.address
FAIL: audit03.readLifecycle.reader.p0.m0.field14.bad2.action
FAIL: audit03.readLifecycle.reader.p0.m0.field14.bad2.empty
FAIL: audit03.readLifecycle.reader.p0.m0.field14.bad2.clearedPlane
FAIL: audit03.readLifecycle.reader.p0.m0.field14.bad2.clearedSelection
FAIL: audit03.readLifecycle.reader.p0.m0.field14.bad3.error
FAIL: audit03.readLifecycle.reader.p0.m0.field14.bad3.field
FAIL: audit03.readLifecycle.reader.p0.m0.field14.bad3.address
FAIL: audit03.readLifecycle.reader.p0.m0.field14.bad3.action
FAIL: audit03.readLifecycle.reader.p0.m0.field14.bad3.empty
FAIL: audit03.readLifecycle.reader.p0.m0.field14.bad3.clearedPlane
FAIL: audit03.readLifecycle.reader.p0.m0.field14.bad3.clearedSelection
FAIL: audit03.readLifecycle.reader.p0.m0.field14.bad4.error
FAIL: audit03.readLifecycle.reader.p0.m0.field14.bad4.field
FAIL: audit03.readLifecycle.reader.p0.m0.field14.bad4.address
FAIL: audit03.readLifecycle.reader.p0.m0.field14.bad4.action
FAIL: audit03.readLifecycle.reader.p0.m0.field14.bad4.empty
FAIL: audit03.readLifecycle.reader.p0.m0.field14.bad4.clearedPlane
FAIL: audit03.readLifecycle.reader.p0.m0.field14.bad4.clearedSelection
FAIL: audit03.readLifecycle.reader.late.p0.m0.empty
FAIL: audit03.readLifecycle.reader.p0.m1.field0.bad0.error
FAIL: audit03.readLifecycle.reader.p0.m1.field0.bad0.field
FAIL: audit03.readLifecycle.reader.p0.m1.field0.bad0.address
FAIL: audit03.readLifecycle.reader.p0.m1.field0.bad0.action
FAIL: audit03.readLifecycle.reader.p0.m1.field0.bad0.clearedSelection
FAIL: audit03.readLifecycle.reader.p0.m1.field0.bad1.error
FAIL: audit03.readLifecycle.reader.p0.m1.field0.bad1.field
FAIL: audit03.readLifecycle.reader.p0.m1.field0.bad1.address
FAIL: audit03.readLifecycle.reader.p0.m1.field0.bad1.action
FAIL: audit03.readLifecycle.reader.p0.m1.field0.bad1.empty
FAIL: audit03.readLifecycle.reader.p0.m1.field0.bad1.clearedSelection
FAIL: audit03.readLifecycle.reader.p0.m1.field0.bad2.error
FAIL: audit03.readLifecycle.reader.p0.m1.field0.bad2.field
FAIL: audit03.readLifecycle.reader.p0.m1.field0.bad2.address
FAIL: audit03.readLifecycle.reader.p0.m1.field0.bad2.action
FAIL: audit03.readLifecycle.reader.p0.m1.field0.bad2.empty
FAIL: audit03.readLifecycle.reader.p0.m1.field0.bad2.clearedSelection
FAIL: audit03.readLifecycle.reader.p0.m1.field0.bad3.error
FAIL: audit03.readLifecycle.reader.p0.m1.field0.bad3.field
FAIL: audit03.readLifecycle.reader.p0.m1.field0.bad3.address
FAIL: audit03.readLifecycle.reader.p0.m1.field0.bad3.action
FAIL: audit03.readLifecycle.reader.p0.m1.field0.bad3.empty
FAIL: audit03.readLifecycle.reader.p0.m1.field0.bad3.clearedSelection
FAIL: audit03.readLifecycle.reader.p0.m1.field0.bad4.error
FAIL: audit03.readLifecycle.reader.p0.m1.field0.bad4.field
FAIL: audit03.readLifecycle.reader.p0.m1.field0.bad4.address
FAIL: audit03.readLifecycle.reader.p0.m1.field0.bad4.action
FAIL: audit03.readLifecycle.reader.p0.m1.field0.bad4.clearedSelection
FAIL: audit03.readLifecycle.reader.p0.m1.field1.bad0.error
FAIL: audit03.readLifecycle.reader.p0.m1.field1.bad0.field
FAIL: audit03.readLifecycle.reader.p0.m1.field1.bad0.address
FAIL: audit03.readLifecycle.reader.p0.m1.field1.bad0.action
FAIL: audit03.readLifecycle.reader.p0.m1.field1.bad0.clearedSelection
FAIL: audit03.readLifecycle.reader.p0.m1.field1.bad1.error
FAIL: audit03.readLifecycle.reader.p0.m1.field1.bad1.field
FAIL: audit03.readLifecycle.reader.p0.m1.field1.bad1.address
FAIL: audit03.readLifecycle.reader.p0.m1.field1.bad1.action
FAIL: audit03.readLifecycle.reader.p0.m1.field1.bad1.empty
FAIL: audit03.readLifecycle.reader.p0.m1.field1.bad1.clearedSelection
FAIL: audit03.readLifecycle.reader.p0.m1.field1.bad2.error
FAIL: audit03.readLifecycle.reader.p0.m1.field1.bad2.field
FAIL: audit03.readLifecycle.reader.p0.m1.field1.bad2.address
FAIL: audit03.readLifecycle.reader.p0.m1.field1.bad2.action
FAIL: audit03.readLifecycle.reader.p0.m1.field1.bad2.empty
FAIL: audit03.readLifecycle.reader.p0.m1.field1.bad2.clearedSelection
FAIL: audit03.readLifecycle.reader.p0.m1.field1.bad3.error
FAIL: audit03.readLifecycle.reader.p0.m1.field1.bad3.field
FAIL: audit03.readLifecycle.reader.p0.m1.field1.bad3.address
FAIL: audit03.readLifecycle.reader.p0.m1.field1.bad3.action
FAIL: audit03.readLifecycle.reader.p0.m1.field1.bad3.empty
FAIL: audit03.readLifecycle.reader.p0.m1.field1.bad3.clearedSelection
FAIL: audit03.readLifecycle.reader.p0.m1.field1.bad4.error
FAIL: audit03.readLifecycle.reader.p0.m1.field1.bad4.field
FAIL: audit03.readLifecycle.reader.p0.m1.field1.bad4.address
FAIL: audit03.readLifecycle.reader.p0.m1.field1.bad4.action
FAIL: audit03.readLifecycle.reader.p0.m1.field1.bad4.clearedSelection
FAIL: audit03.readLifecycle.reader.p0.m1.field2.bad0.error
FAIL: audit03.readLifecycle.reader.p0.m1.field2.bad0.field
FAIL: audit03.readLifecycle.reader.p0.m1.field2.bad0.address
FAIL: audit03.readLifecycle.reader.p0.m1.field2.bad0.action
FAIL: audit03.readLifecycle.reader.p0.m1.field2.bad0.clearedSelection
FAIL: audit03.readLifecycle.reader.p0.m1.field2.bad1.error
FAIL: audit03.readLifecycle.reader.p0.m1.field2.bad1.field
FAIL: audit03.readLifecycle.reader.p0.m1.field2.bad1.address
FAIL: audit03.readLifecycle.reader.p0.m1.field2.bad1.action
FAIL: audit03.readLifecycle.reader.p0.m1.field2.bad1.empty
FAIL: audit03.readLifecycle.reader.p0.m1.field2.bad1.clearedSelection
FAIL: audit03.readLifecycle.reader.p0.m1.field2.bad2.error
FAIL: audit03.readLifecycle.reader.p0.m1.field2.bad2.field
FAIL: audit03.readLifecycle.reader.p0.m1.field2.bad2.address
FAIL: audit03.readLifecycle.reader.p0.m1.field2.bad2.action
FAIL: audit03.readLifecycle.reader.p0.m1.field2.bad2.empty
FAIL: audit03.readLifecycle.reader.p0.m1.field2.bad2.clearedSelection
FAIL: audit03.readLifecycle.reader.p0.m1.field2.bad3.error
FAIL: audit03.readLifecycle.reader.p0.m1.field2.bad3.field
FAIL: audit03.readLifecycle.reader.p0.m1.field2.bad3.address
FAIL: audit03.readLifecycle.reader.p0.m1.field2.bad3.action
FAIL: audit03.readLifecycle.reader.p0.m1.field2.bad3.empty
FAIL: audit03.readLifecycle.reader.p0.m1.field2.bad3.clearedSelection
FAIL: audit03.readLifecycle.reader.p0.m1.field2.bad4.error
FAIL: audit03.readLifecycle.reader.p0.m1.field2.bad4.field
FAIL: audit03.readLifecycle.reader.p0.m1.field2.bad4.address
FAIL: audit03.readLifecycle.reader.p0.m1.field2.bad4.action
FAIL: audit03.readLifecycle.reader.p0.m1.field2.bad4.clearedSelection
FAIL: audit03.readLifecycle.reader.p0.m1.field3.bad0.error
FAIL: audit03.readLifecycle.reader.p0.m1.field3.bad0.field
FAIL: audit03.readLifecycle.reader.p0.m1.field3.bad0.address
FAIL: audit03.readLifecycle.reader.p0.m1.field3.bad0.action
FAIL: audit03.readLifecycle.reader.p0.m1.field3.bad0.clearedSelection
FAIL: audit03.readLifecycle.reader.p0.m1.field3.bad1.error
FAIL: audit03.readLifecycle.reader.p0.m1.field3.bad1.field
FAIL: audit03.readLifecycle.reader.p0.m1.field3.bad1.address
FAIL: audit03.readLifecycle.reader.p0.m1.field3.bad1.action
FAIL: audit03.readLifecycle.reader.p0.m1.field3.bad1.empty
FAIL: audit03.readLifecycle.reader.p0.m1.field3.bad1.clearedSelection
FAIL: audit03.readLifecycle.reader.p0.m1.field3.bad2.error
FAIL: audit03.readLifecycle.reader.p0.m1.field3.bad2.field
FAIL: audit03.readLifecycle.reader.p0.m1.field3.bad2.address
FAIL: audit03.readLifecycle.reader.p0.m1.field3.bad2.action
FAIL: audit03.readLifecycle.reader.p0.m1.field3.bad2.empty
FAIL: audit03.readLifecycle.reader.p0.m1.field3.bad2.clearedSelection
FAIL: audit03.readLifecycle.reader.p0.m1.field3.bad3.error
FAIL: audit03.readLifecycle.reader.p0.m1.field3.bad3.field
FAIL: audit03.readLifecycle.reader.p0.m1.field3.bad3.address
FAIL: audit03.readLifecycle.reader.p0.m1.field3.bad3.action
FAIL: audit03.readLifecycle.reader.p0.m1.field3.bad3.empty
FAIL: audit03.readLifecycle.reader.p0.m1.field3.bad3.clearedSelection
FAIL: audit03.readLifecycle.reader.p0.m1.field3.bad4.error
FAIL: audit03.readLifecycle.reader.p0.m1.field3.bad4.field
FAIL: audit03.readLifecycle.reader.p0.m1.field3.bad4.address
FAIL: audit03.readLifecycle.reader.p0.m1.field3.bad4.action
FAIL: audit03.readLifecycle.reader.p0.m1.field3.bad4.clearedSelection
FAIL: audit03.readLifecycle.reader.p0.m1.field4.bad0.error
FAIL: audit03.readLifecycle.reader.p0.m1.field4.bad0.field
FAIL: audit03.readLifecycle.reader.p0.m1.field4.bad0.address
FAIL: audit03.readLifecycle.reader.p0.m1.field4.bad0.action
FAIL: audit03.readLifecycle.reader.p0.m1.field4.bad0.clearedSelection
FAIL: audit03.readLifecycle.reader.p0.m1.field4.bad1.error
FAIL: audit03.readLifecycle.reader.p0.m1.field4.bad1.field
FAIL: audit03.readLifecycle.reader.p0.m1.field4.bad1.address
FAIL: audit03.readLifecycle.reader.p0.m1.field4.bad1.action
FAIL: audit03.readLifecycle.reader.p0.m1.field4.bad1.empty
FAIL: audit03.readLifecycle.reader.p0.m1.field4.bad1.clearedSelection
FAIL: audit03.readLifecycle.reader.p0.m1.field4.bad2.error
FAIL: audit03.readLifecycle.reader.p0.m1.field4.bad2.field
FAIL: audit03.readLifecycle.reader.p0.m1.field4.bad2.address
FAIL: audit03.readLifecycle.reader.p0.m1.field4.bad2.action
FAIL: audit03.readLifecycle.reader.p0.m1.field4.bad2.empty
FAIL: audit03.readLifecycle.reader.p0.m1.field4.bad2.clearedSelection
FAIL: audit03.readLifecycle.reader.p0.m1.field4.bad3.error
FAIL: audit03.readLifecycle.reader.p0.m1.field4.bad3.field
FAIL: audit03.readLifecycle.reader.p0.m1.field4.bad3.address
FAIL: audit03.readLifecycle.reader.p0.m1.field4.bad3.action
FAIL: audit03.readLifecycle.reader.p0.m1.field4.bad3.empty
FAIL: audit03.readLifecycle.reader.p0.m1.field4.bad3.clearedSelection
FAIL: audit03.readLifecycle.reader.p0.m1.field4.bad4.error
FAIL: audit03.readLifecycle.reader.p0.m1.field4.bad4.field
FAIL: audit03.readLifecycle.reader.p0.m1.field4.bad4.address
FAIL: audit03.readLifecycle.reader.p0.m1.field4.bad4.action
FAIL: audit03.readLifecycle.reader.p0.m1.field4.bad4.clearedSelection
FAIL: audit03.readLifecycle.reader.p0.m1.field5.bad0.error
FAIL: audit03.readLifecycle.reader.p0.m1.field5.bad0.field
FAIL: audit03.readLifecycle.reader.p0.m1.field5.bad0.address
FAIL: audit03.readLifecycle.reader.p0.m1.field5.bad0.action
FAIL: audit03.readLifecycle.reader.p0.m1.field5.bad0.clearedSelection
FAIL: audit03.readLifecycle.reader.p0.m1.field5.bad1.error
FAIL: audit03.readLifecycle.reader.p0.m1.field5.bad1.field
FAIL: audit03.readLifecycle.reader.p0.m1.field5.bad1.address
FAIL: audit03.readLifecycle.reader.p0.m1.field5.bad1.action
FAIL: audit03.readLifecycle.reader.p0.m1.field5.bad1.empty
FAIL: audit03.readLifecycle.reader.p0.m1.field5.bad1.clearedSelection
FAIL: audit03.readLifecycle.reader.p0.m1.field5.bad2.error
FAIL: audit03.readLifecycle.reader.p0.m1.field5.bad2.field
FAIL: audit03.readLifecycle.reader.p0.m1.field5.bad2.address
FAIL: audit03.readLifecycle.reader.p0.m1.field5.bad2.action
FAIL: audit03.readLifecycle.reader.p0.m1.field5.bad2.empty
FAIL: audit03.readLifecycle.reader.p0.m1.field5.bad2.clearedSelection
FAIL: audit03.readLifecycle.reader.p0.m1.field5.bad3.error
FAIL: audit03.readLifecycle.reader.p0.m1.field5.bad3.field
FAIL: audit03.readLifecycle.reader.p0.m1.field5.bad3.address
FAIL: audit03.readLifecycle.reader.p0.m1.field5.bad3.action
FAIL: audit03.readLifecycle.reader.p0.m1.field5.bad3.empty
FAIL: audit03.readLifecycle.reader.p0.m1.field5.bad3.clearedSelection
FAIL: audit03.readLifecycle.reader.p0.m1.field5.bad4.error
FAIL: audit03.readLifecycle.reader.p0.m1.field5.bad4.field
FAIL: audit03.readLifecycle.reader.p0.m1.field5.bad4.address
FAIL: audit03.readLifecycle.reader.p0.m1.field5.bad4.action
FAIL: audit03.readLifecycle.reader.p0.m1.field5.bad4.clearedSelection
FAIL: audit03.readLifecycle.reader.p0.m1.field6.bad0.error
FAIL: audit03.readLifecycle.reader.p0.m1.field6.bad0.field
FAIL: audit03.readLifecycle.reader.p0.m1.field6.bad0.address
FAIL: audit03.readLifecycle.reader.p0.m1.field6.bad0.action
FAIL: audit03.readLifecycle.reader.p0.m1.field6.bad0.clearedSelection
FAIL: audit03.readLifecycle.reader.p0.m1.field6.bad1.error
FAIL: audit03.readLifecycle.reader.p0.m1.field6.bad1.field
FAIL: audit03.readLifecycle.reader.p0.m1.field6.bad1.address
FAIL: audit03.readLifecycle.reader.p0.m1.field6.bad1.action
FAIL: audit03.readLifecycle.reader.p0.m1.field6.bad1.empty
FAIL: audit03.readLifecycle.reader.p0.m1.field6.bad1.clearedSelection
FAIL: audit03.readLifecycle.reader.p0.m1.field6.bad2.error
FAIL: audit03.readLifecycle.reader.p0.m1.field6.bad2.field
FAIL: audit03.readLifecycle.reader.p0.m1.field6.bad2.address
FAIL: audit03.readLifecycle.reader.p0.m1.field6.bad2.action
FAIL: audit03.readLifecycle.reader.p0.m1.field6.bad2.empty
FAIL: audit03.readLifecycle.reader.p0.m1.field6.bad2.clearedSelection
FAIL: audit03.readLifecycle.reader.p0.m1.field6.bad3.error
FAIL: audit03.readLifecycle.reader.p0.m1.field6.bad3.field
FAIL: audit03.readLifecycle.reader.p0.m1.field6.bad3.address
FAIL: audit03.readLifecycle.reader.p0.m1.field6.bad3.action
FAIL: audit03.readLifecycle.reader.p0.m1.field6.bad3.empty
FAIL: audit03.readLifecycle.reader.p0.m1.field6.bad3.clearedSelection
FAIL: audit03.readLifecycle.reader.p0.m1.field6.bad4.error
FAIL: audit03.readLifecycle.reader.p0.m1.field6.bad4.field
FAIL: audit03.readLifecycle.reader.p0.m1.field6.bad4.address
FAIL: audit03.readLifecycle.reader.p0.m1.field6.bad4.action
FAIL: audit03.readLifecycle.reader.p0.m1.field6.bad4.clearedSelection
FAIL: audit03.readLifecycle.reader.p0.m1.field7.bad0.error
FAIL: audit03.readLifecycle.reader.p0.m1.field7.bad0.field
FAIL: audit03.readLifecycle.reader.p0.m1.field7.bad0.address
FAIL: audit03.readLifecycle.reader.p0.m1.field7.bad0.action
FAIL: audit03.readLifecycle.reader.p0.m1.field7.bad0.clearedSelection
FAIL: audit03.readLifecycle.reader.p0.m1.field7.bad1.error
FAIL: audit03.readLifecycle.reader.p0.m1.field7.bad1.field
FAIL: audit03.readLifecycle.reader.p0.m1.field7.bad1.address
FAIL: audit03.readLifecycle.reader.p0.m1.field7.bad1.action
FAIL: audit03.readLifecycle.reader.p0.m1.field7.bad1.empty
FAIL: audit03.readLifecycle.reader.p0.m1.field7.bad1.clearedSelection
FAIL: audit03.readLifecycle.reader.p0.m1.field7.bad2.error
FAIL: audit03.readLifecycle.reader.p0.m1.field7.bad2.field
FAIL: audit03.readLifecycle.reader.p0.m1.field7.bad2.address
FAIL: audit03.readLifecycle.reader.p0.m1.field7.bad2.action
FAIL: audit03.readLifecycle.reader.p0.m1.field7.bad2.empty
FAIL: audit03.readLifecycle.reader.p0.m1.field7.bad2.clearedSelection
FAIL: audit03.readLifecycle.reader.p0.m1.field7.bad3.error
FAIL: audit03.readLifecycle.reader.p0.m1.field7.bad3.field
FAIL: audit03.readLifecycle.reader.p0.m1.field7.bad3.address
FAIL: audit03.readLifecycle.reader.p0.m1.field7.bad3.action
FAIL: audit03.readLifecycle.reader.p0.m1.field7.bad3.empty
FAIL: audit03.readLifecycle.reader.p0.m1.field7.bad3.clearedSelection
FAIL: audit03.readLifecycle.reader.p0.m1.field7.bad4.error
FAIL: audit03.readLifecycle.reader.p0.m1.field7.bad4.field
FAIL: audit03.readLifecycle.reader.p0.m1.field7.bad4.address
FAIL: audit03.readLifecycle.reader.p0.m1.field7.bad4.action
FAIL: audit03.readLifecycle.reader.p0.m1.field7.bad4.clearedSelection
FAIL: audit03.readLifecycle.reader.p0.m1.field8.bad0.error
FAIL: audit03.readLifecycle.reader.p0.m1.field8.bad0.field
FAIL: audit03.readLifecycle.reader.p0.m1.field8.bad0.address
FAIL: audit03.readLifecycle.reader.p0.m1.field8.bad0.action
FAIL: audit03.readLifecycle.reader.p0.m1.field8.bad0.clearedSelection
FAIL: audit03.readLifecycle.reader.p0.m1.field8.bad1.error
FAIL: audit03.readLifecycle.reader.p0.m1.field8.bad1.field
FAIL: audit03.readLifecycle.reader.p0.m1.field8.bad1.address
FAIL: audit03.readLifecycle.reader.p0.m1.field8.bad1.action
FAIL: audit03.readLifecycle.reader.p0.m1.field8.bad1.empty
FAIL: audit03.readLifecycle.reader.p0.m1.field8.bad1.clearedSelection
FAIL: audit03.readLifecycle.reader.p0.m1.field8.bad2.error
FAIL: audit03.readLifecycle.reader.p0.m1.field8.bad2.field
FAIL: audit03.readLifecycle.reader.p0.m1.field8.bad2.address
FAIL: audit03.readLifecycle.reader.p0.m1.field8.bad2.action
FAIL: audit03.readLifecycle.reader.p0.m1.field8.bad2.empty
FAIL: audit03.readLifecycle.reader.p0.m1.field8.bad2.clearedSelection
FAIL: audit03.readLifecycle.reader.p0.m1.field8.bad3.error
FAIL: audit03.readLifecycle.reader.p0.m1.field8.bad3.field
FAIL: audit03.readLifecycle.reader.p0.m1.field8.bad3.address
FAIL: audit03.readLifecycle.reader.p0.m1.field8.bad3.action
FAIL: audit03.readLifecycle.reader.p0.m1.field8.bad3.empty
FAIL: audit03.readLifecycle.reader.p0.m1.field8.bad3.clearedSelection
FAIL: audit03.readLifecycle.reader.p0.m1.field8.bad4.error
FAIL: audit03.readLifecycle.reader.p0.m1.field8.bad4.field
FAIL: audit03.readLifecycle.reader.p0.m1.field8.bad4.address
FAIL: audit03.readLifecycle.reader.p0.m1.field8.bad4.action
FAIL: audit03.readLifecycle.reader.p0.m1.field8.bad4.clearedSelection
FAIL: audit03.readLifecycle.reader.p0.m1.field9.bad0.error
FAIL: audit03.readLifecycle.reader.p0.m1.field9.bad0.field
FAIL: audit03.readLifecycle.reader.p0.m1.field9.bad0.address
FAIL: audit03.readLifecycle.reader.p0.m1.field9.bad0.action
FAIL: audit03.readLifecycle.reader.p0.m1.field9.bad0.clearedSelection
FAIL: audit03.readLifecycle.reader.p0.m1.field9.bad1.error
FAIL: audit03.readLifecycle.reader.p0.m1.field9.bad1.field
FAIL: audit03.readLifecycle.reader.p0.m1.field9.bad1.address
FAIL: audit03.readLifecycle.reader.p0.m1.field9.bad1.action
FAIL: audit03.readLifecycle.reader.p0.m1.field9.bad1.empty
FAIL: audit03.readLifecycle.reader.p0.m1.field9.bad1.clearedSelection
FAIL: audit03.readLifecycle.reader.p0.m1.field9.bad2.error
FAIL: audit03.readLifecycle.reader.p0.m1.field9.bad2.field
FAIL: audit03.readLifecycle.reader.p0.m1.field9.bad2.address
FAIL: audit03.readLifecycle.reader.p0.m1.field9.bad2.action
FAIL: audit03.readLifecycle.reader.p0.m1.field9.bad2.empty
FAIL: audit03.readLifecycle.reader.p0.m1.field9.bad2.clearedSelection
FAIL: audit03.readLifecycle.reader.p0.m1.field9.bad3.error
FAIL: audit03.readLifecycle.reader.p0.m1.field9.bad3.field
FAIL: audit03.readLifecycle.reader.p0.m1.field9.bad3.address
FAIL: audit03.readLifecycle.reader.p0.m1.field9.bad3.action
FAIL: audit03.readLifecycle.reader.p0.m1.field9.bad3.empty
FAIL: audit03.readLifecycle.reader.p0.m1.field9.bad3.clearedSelection
FAIL: audit03.readLifecycle.reader.p0.m1.field9.bad4.error
FAIL: audit03.readLifecycle.reader.p0.m1.field9.bad4.field
FAIL: audit03.readLifecycle.reader.p0.m1.field9.bad4.address
FAIL: audit03.readLifecycle.reader.p0.m1.field9.bad4.action
FAIL: audit03.readLifecycle.reader.p0.m1.field9.bad4.clearedSelection
FAIL: audit03.readLifecycle.reader.p0.m1.field10.bad0.error
FAIL: audit03.readLifecycle.reader.p0.m1.field10.bad0.field
FAIL: audit03.readLifecycle.reader.p0.m1.field10.bad0.address
FAIL: audit03.readLifecycle.reader.p0.m1.field10.bad0.action
FAIL: audit03.readLifecycle.reader.p0.m1.field10.bad0.empty
FAIL: audit03.readLifecycle.reader.p0.m1.field10.bad0.clearedSelection
FAIL: audit03.readLifecycle.reader.p0.m1.field10.bad1.error
FAIL: audit03.readLifecycle.reader.p0.m1.field10.bad1.field
FAIL: audit03.readLifecycle.reader.p0.m1.field10.bad1.address
FAIL: audit03.readLifecycle.reader.p0.m1.field10.bad1.action
FAIL: audit03.readLifecycle.reader.p0.m1.field10.bad1.empty
FAIL: audit03.readLifecycle.reader.p0.m1.field10.bad1.clearedSelection
FAIL: audit03.readLifecycle.reader.p0.m1.field10.bad2.error
FAIL: audit03.readLifecycle.reader.p0.m1.field10.bad2.field
FAIL: audit03.readLifecycle.reader.p0.m1.field10.bad2.address
FAIL: audit03.readLifecycle.reader.p0.m1.field10.bad2.action
FAIL: audit03.readLifecycle.reader.p0.m1.field10.bad2.empty
FAIL: audit03.readLifecycle.reader.p0.m1.field10.bad2.clearedSelection
FAIL: audit03.readLifecycle.reader.p0.m1.field10.bad3.error
FAIL: audit03.readLifecycle.reader.p0.m1.field10.bad3.field
FAIL: audit03.readLifecycle.reader.p0.m1.field10.bad3.address
FAIL: audit03.readLifecycle.reader.p0.m1.field10.bad3.action
FAIL: audit03.readLifecycle.reader.p0.m1.field10.bad3.empty
FAIL: audit03.readLifecycle.reader.p0.m1.field10.bad3.clearedSelection
FAIL: audit03.readLifecycle.reader.p0.m1.field10.bad4.error
FAIL: audit03.readLifecycle.reader.p0.m1.field10.bad4.field
FAIL: audit03.readLifecycle.reader.p0.m1.field10.bad4.address
FAIL: audit03.readLifecycle.reader.p0.m1.field10.bad4.action
FAIL: audit03.readLifecycle.reader.p0.m1.field10.bad4.empty
FAIL: audit03.readLifecycle.reader.p0.m1.field10.bad4.clearedSelection
FAIL: audit03.readLifecycle.reader.p0.m1.field11.bad0.error
FAIL: audit03.readLifecycle.reader.p0.m1.field11.bad0.field
FAIL: audit03.readLifecycle.reader.p0.m1.field11.bad0.address
FAIL: audit03.readLifecycle.reader.p0.m1.field11.bad0.action
FAIL: audit03.readLifecycle.reader.p0.m1.field11.bad0.empty
FAIL: audit03.readLifecycle.reader.p0.m1.field11.bad0.clearedSelection
FAIL: audit03.readLifecycle.reader.p0.m1.field11.bad1.error
FAIL: audit03.readLifecycle.reader.p0.m1.field11.bad1.field
FAIL: audit03.readLifecycle.reader.p0.m1.field11.bad1.address
FAIL: audit03.readLifecycle.reader.p0.m1.field11.bad1.action
FAIL: audit03.readLifecycle.reader.p0.m1.field11.bad1.empty
FAIL: audit03.readLifecycle.reader.p0.m1.field11.bad1.clearedSelection
FAIL: audit03.readLifecycle.reader.p0.m1.field11.bad2.error
FAIL: audit03.readLifecycle.reader.p0.m1.field11.bad2.field
FAIL: audit03.readLifecycle.reader.p0.m1.field11.bad2.address
FAIL: audit03.readLifecycle.reader.p0.m1.field11.bad2.action
FAIL: audit03.readLifecycle.reader.p0.m1.field11.bad2.empty
FAIL: audit03.readLifecycle.reader.p0.m1.field11.bad2.clearedSelection
FAIL: audit03.readLifecycle.reader.p0.m1.field11.bad3.error
FAIL: audit03.readLifecycle.reader.p0.m1.field11.bad3.field
FAIL: audit03.readLifecycle.reader.p0.m1.field11.bad3.address
FAIL: audit03.readLifecycle.reader.p0.m1.field11.bad3.action
FAIL: audit03.readLifecycle.reader.p0.m1.field11.bad3.empty
FAIL: audit03.readLifecycle.reader.p0.m1.field11.bad3.clearedSelection
FAIL: audit03.readLifecycle.reader.p0.m1.field11.bad4.error
FAIL: audit03.readLifecycle.reader.p0.m1.field11.bad4.field
FAIL: audit03.readLifecycle.reader.p0.m1.field11.bad4.address
FAIL: audit03.readLifecycle.reader.p0.m1.field11.bad4.action
FAIL: audit03.readLifecycle.reader.p0.m1.field11.bad4.empty
FAIL: audit03.readLifecycle.reader.p0.m1.field11.bad4.clearedSelection
FAIL: audit03.readLifecycle.reader.late.p0.m1.empty
FAIL: audit03.readLifecycle.reader.p0.m2.field0.bad0.error
FAIL: audit03.readLifecycle.reader.p0.m2.field0.bad0.field
FAIL: audit03.readLifecycle.reader.p0.m2.field0.bad0.address
FAIL: audit03.readLifecycle.reader.p0.m2.field0.bad0.action
FAIL: audit03.readLifecycle.reader.p0.m2.field0.bad0.clearedSelection
FAIL: audit03.readLifecycle.reader.p0.m2.field0.bad1.error
FAIL: audit03.readLifecycle.reader.p0.m2.field0.bad1.field
FAIL: audit03.readLifecycle.reader.p0.m2.field0.bad1.address
FAIL: audit03.readLifecycle.reader.p0.m2.field0.bad1.action
FAIL: audit03.readLifecycle.reader.p0.m2.field0.bad1.empty
FAIL: audit03.readLifecycle.reader.p0.m2.field0.bad1.clearedPlane
FAIL: audit03.readLifecycle.reader.p0.m2.field0.bad1.clearedSelection
FAIL: audit03.readLifecycle.reader.p0.m2.field0.bad2.error
FAIL: audit03.readLifecycle.reader.p0.m2.field0.bad2.field
FAIL: audit03.readLifecycle.reader.p0.m2.field0.bad2.address
FAIL: audit03.readLifecycle.reader.p0.m2.field0.bad2.action
FAIL: audit03.readLifecycle.reader.p0.m2.field0.bad2.empty
FAIL: audit03.readLifecycle.reader.p0.m2.field0.bad2.clearedPlane
FAIL: audit03.readLifecycle.reader.p0.m2.field0.bad2.clearedSelection
FAIL: audit03.readLifecycle.reader.p0.m2.field0.bad3.error
FAIL: audit03.readLifecycle.reader.p0.m2.field0.bad3.field
FAIL: audit03.readLifecycle.reader.p0.m2.field0.bad3.address
FAIL: audit03.readLifecycle.reader.p0.m2.field0.bad3.action
FAIL: audit03.readLifecycle.reader.p0.m2.field0.bad3.empty
FAIL: audit03.readLifecycle.reader.p0.m2.field0.bad3.clearedPlane
FAIL: audit03.readLifecycle.reader.p0.m2.field0.bad3.clearedSelection
FAIL: audit03.readLifecycle.reader.p0.m2.field0.bad4.error
FAIL: audit03.readLifecycle.reader.p0.m2.field0.bad4.field
FAIL: audit03.readLifecycle.reader.p0.m2.field0.bad4.address
FAIL: audit03.readLifecycle.reader.p0.m2.field0.bad4.action
FAIL: audit03.readLifecycle.reader.p0.m2.field0.bad4.clearedSelection
FAIL: audit03.readLifecycle.reader.p0.m2.field1.bad0.error
FAIL: audit03.readLifecycle.reader.p0.m2.field1.bad0.field
FAIL: audit03.readLifecycle.reader.p0.m2.field1.bad0.address
FAIL: audit03.readLifecycle.reader.p0.m2.field1.bad0.action
FAIL: audit03.readLifecycle.reader.p0.m2.field1.bad0.clearedSelection
FAIL: audit03.readLifecycle.reader.p0.m2.field1.bad1.error
FAIL: audit03.readLifecycle.reader.p0.m2.field1.bad1.field
FAIL: audit03.readLifecycle.reader.p0.m2.field1.bad1.address
FAIL: audit03.readLifecycle.reader.p0.m2.field1.bad1.action
FAIL: audit03.readLifecycle.reader.p0.m2.field1.bad1.empty
FAIL: audit03.readLifecycle.reader.p0.m2.field1.bad1.clearedPlane
FAIL: audit03.readLifecycle.reader.p0.m2.field1.bad1.clearedSelection
FAIL: audit03.readLifecycle.reader.p0.m2.field1.bad2.error
FAIL: audit03.readLifecycle.reader.p0.m2.field1.bad2.field
FAIL: audit03.readLifecycle.reader.p0.m2.field1.bad2.address
FAIL: audit03.readLifecycle.reader.p0.m2.field1.bad2.action
FAIL: audit03.readLifecycle.reader.p0.m2.field1.bad2.empty
FAIL: audit03.readLifecycle.reader.p0.m2.field1.bad2.clearedPlane
FAIL: audit03.readLifecycle.reader.p0.m2.field1.bad2.clearedSelection
FAIL: audit03.readLifecycle.reader.p0.m2.field1.bad3.error
FAIL: audit03.readLifecycle.reader.p0.m2.field1.bad3.field
FAIL: audit03.readLifecycle.reader.p0.m2.field1.bad3.address
FAIL: audit03.readLifecycle.reader.p0.m2.field1.bad3.action
FAIL: audit03.readLifecycle.reader.p0.m2.field1.bad3.empty
FAIL: audit03.readLifecycle.reader.p0.m2.field1.bad3.clearedPlane
FAIL: audit03.readLifecycle.reader.p0.m2.field1.bad3.clearedSelection
FAIL: audit03.readLifecycle.reader.p0.m2.field1.bad4.error
FAIL: audit03.readLifecycle.reader.p0.m2.field1.bad4.field
FAIL: audit03.readLifecycle.reader.p0.m2.field1.bad4.address
FAIL: audit03.readLifecycle.reader.p0.m2.field1.bad4.action
FAIL: audit03.readLifecycle.reader.p0.m2.field1.bad4.clearedSelection
FAIL: audit03.readLifecycle.reader.p0.m2.field2.bad0.error
FAIL: audit03.readLifecycle.reader.p0.m2.field2.bad0.field
FAIL: audit03.readLifecycle.reader.p0.m2.field2.bad0.address
FAIL: audit03.readLifecycle.reader.p0.m2.field2.bad0.action
FAIL: audit03.readLifecycle.reader.p0.m2.field2.bad0.clearedSelection
FAIL: audit03.readLifecycle.reader.p0.m2.field2.bad1.error
FAIL: audit03.readLifecycle.reader.p0.m2.field2.bad1.field
FAIL: audit03.readLifecycle.reader.p0.m2.field2.bad1.address
FAIL: audit03.readLifecycle.reader.p0.m2.field2.bad1.action
FAIL: audit03.readLifecycle.reader.p0.m2.field2.bad1.empty
FAIL: audit03.readLifecycle.reader.p0.m2.field2.bad1.clearedPlane
FAIL: audit03.readLifecycle.reader.p0.m2.field2.bad1.clearedSelection
FAIL: audit03.readLifecycle.reader.p0.m2.field2.bad2.error
FAIL: audit03.readLifecycle.reader.p0.m2.field2.bad2.field
FAIL: audit03.readLifecycle.reader.p0.m2.field2.bad2.address
FAIL: audit03.readLifecycle.reader.p0.m2.field2.bad2.action
FAIL: audit03.readLifecycle.reader.p0.m2.field2.bad2.empty
FAIL: audit03.readLifecycle.reader.p0.m2.field2.bad2.clearedPlane
FAIL: audit03.readLifecycle.reader.p0.m2.field2.bad2.clearedSelection
FAIL: audit03.readLifecycle.reader.p0.m2.field2.bad3.error
FAIL: audit03.readLifecycle.reader.p0.m2.field2.bad3.field
FAIL: audit03.readLifecycle.reader.p0.m2.field2.bad3.address
FAIL: audit03.readLifecycle.reader.p0.m2.field2.bad3.action
FAIL: audit03.readLifecycle.reader.p0.m2.field2.bad3.empty
FAIL: audit03.readLifecycle.reader.p0.m2.field2.bad3.clearedPlane
FAIL: audit03.readLifecycle.reader.p0.m2.field2.bad3.clearedSelection
FAIL: audit03.readLifecycle.reader.p0.m2.field2.bad4.error
FAIL: audit03.readLifecycle.reader.p0.m2.field2.bad4.field
FAIL: audit03.readLifecycle.reader.p0.m2.field2.bad4.address
FAIL: audit03.readLifecycle.reader.p0.m2.field2.bad4.action
FAIL: audit03.readLifecycle.reader.p0.m2.field2.bad4.clearedSelection
FAIL: audit03.readLifecycle.reader.p0.m2.field3.bad0.error
FAIL: audit03.readLifecycle.reader.p0.m2.field3.bad0.field
FAIL: audit03.readLifecycle.reader.p0.m2.field3.bad0.address
FAIL: audit03.readLifecycle.reader.p0.m2.field3.bad0.action
FAIL: audit03.readLifecycle.reader.p0.m2.field3.bad0.clearedSelection
FAIL: audit03.readLifecycle.reader.p0.m2.field3.bad1.error
FAIL: audit03.readLifecycle.reader.p0.m2.field3.bad1.field
FAIL: audit03.readLifecycle.reader.p0.m2.field3.bad1.address
FAIL: audit03.readLifecycle.reader.p0.m2.field3.bad1.action
FAIL: audit03.readLifecycle.reader.p0.m2.field3.bad1.empty
FAIL: audit03.readLifecycle.reader.p0.m2.field3.bad1.clearedPlane
FAIL: audit03.readLifecycle.reader.p0.m2.field3.bad1.clearedSelection
FAIL: audit03.readLifecycle.reader.p0.m2.field3.bad2.error
FAIL: audit03.readLifecycle.reader.p0.m2.field3.bad2.field
FAIL: audit03.readLifecycle.reader.p0.m2.field3.bad2.address
FAIL: audit03.readLifecycle.reader.p0.m2.field3.bad2.action
FAIL: audit03.readLifecycle.reader.p0.m2.field3.bad2.empty
FAIL: audit03.readLifecycle.reader.p0.m2.field3.bad2.clearedPlane
FAIL: audit03.readLifecycle.reader.p0.m2.field3.bad2.clearedSelection
FAIL: audit03.readLifecycle.reader.p0.m2.field3.bad3.error
FAIL: audit03.readLifecycle.reader.p0.m2.field3.bad3.field
FAIL: audit03.readLifecycle.reader.p0.m2.field3.bad3.address
FAIL: audit03.readLifecycle.reader.p0.m2.field3.bad3.action
FAIL: audit03.readLifecycle.reader.p0.m2.field3.bad3.empty
FAIL: audit03.readLifecycle.reader.p0.m2.field3.bad3.clearedPlane
FAIL: audit03.readLifecycle.reader.p0.m2.field3.bad3.clearedSelection
FAIL: audit03.readLifecycle.reader.p0.m2.field3.bad4.error
FAIL: audit03.readLifecycle.reader.p0.m2.field3.bad4.field
FAIL: audit03.readLifecycle.reader.p0.m2.field3.bad4.address
FAIL: audit03.readLifecycle.reader.p0.m2.field3.bad4.action
FAIL: audit03.readLifecycle.reader.p0.m2.field3.bad4.clearedSelection
FAIL: audit03.readLifecycle.reader.p0.m2.field4.bad0.error
FAIL: audit03.readLifecycle.reader.p0.m2.field4.bad0.field
FAIL: audit03.readLifecycle.reader.p0.m2.field4.bad0.address
FAIL: audit03.readLifecycle.reader.p0.m2.field4.bad0.action
FAIL: audit03.readLifecycle.reader.p0.m2.field4.bad0.clearedSelection
FAIL: audit03.readLifecycle.reader.p0.m2.field4.bad1.error
FAIL: audit03.readLifecycle.reader.p0.m2.field4.bad1.field
FAIL: audit03.readLifecycle.reader.p0.m2.field4.bad1.address
FAIL: audit03.readLifecycle.reader.p0.m2.field4.bad1.action
FAIL: audit03.readLifecycle.reader.p0.m2.field4.bad1.empty
FAIL: audit03.readLifecycle.reader.p0.m2.field4.bad1.clearedPlane
FAIL: audit03.readLifecycle.reader.p0.m2.field4.bad1.clearedSelection
FAIL: audit03.readLifecycle.reader.p0.m2.field4.bad2.error
FAIL: audit03.readLifecycle.reader.p0.m2.field4.bad2.field
FAIL: audit03.readLifecycle.reader.p0.m2.field4.bad2.address
FAIL: audit03.readLifecycle.reader.p0.m2.field4.bad2.action
FAIL: audit03.readLifecycle.reader.p0.m2.field4.bad2.empty
FAIL: audit03.readLifecycle.reader.p0.m2.field4.bad2.clearedPlane
FAIL: audit03.readLifecycle.reader.p0.m2.field4.bad2.clearedSelection
FAIL: audit03.readLifecycle.reader.p0.m2.field4.bad3.error
FAIL: audit03.readLifecycle.reader.p0.m2.field4.bad3.field
FAIL: audit03.readLifecycle.reader.p0.m2.field4.bad3.address
FAIL: audit03.readLifecycle.reader.p0.m2.field4.bad3.action
FAIL: audit03.readLifecycle.reader.p0.m2.field4.bad3.empty
FAIL: audit03.readLifecycle.reader.p0.m2.field4.bad3.clearedPlane
FAIL: audit03.readLifecycle.reader.p0.m2.field4.bad3.clearedSelection
FAIL: audit03.readLifecycle.reader.p0.m2.field4.bad4.error
FAIL: audit03.readLifecycle.reader.p0.m2.field4.bad4.field
FAIL: audit03.readLifecycle.reader.p0.m2.field4.bad4.address
FAIL: audit03.readLifecycle.reader.p0.m2.field4.bad4.action
FAIL: audit03.readLifecycle.reader.p0.m2.field4.bad4.clearedSelection
FAIL: audit03.readLifecycle.reader.p0.m2.field5.bad0.error
FAIL: audit03.readLifecycle.reader.p0.m2.field5.bad0.field
FAIL: audit03.readLifecycle.reader.p0.m2.field5.bad0.address
FAIL: audit03.readLifecycle.reader.p0.m2.field5.bad0.action
FAIL: audit03.readLifecycle.reader.p0.m2.field5.bad0.clearedSelection
FAIL: audit03.readLifecycle.reader.p0.m2.field5.bad1.error
FAIL: audit03.readLifecycle.reader.p0.m2.field5.bad1.field
FAIL: audit03.readLifecycle.reader.p0.m2.field5.bad1.address
FAIL: audit03.readLifecycle.reader.p0.m2.field5.bad1.action
FAIL: audit03.readLifecycle.reader.p0.m2.field5.bad1.empty
FAIL: audit03.readLifecycle.reader.p0.m2.field5.bad1.clearedPlane
FAIL: audit03.readLifecycle.reader.p0.m2.field5.bad1.clearedSelection
FAIL: audit03.readLifecycle.reader.p0.m2.field5.bad2.error
FAIL: audit03.readLifecycle.reader.p0.m2.field5.bad2.field
FAIL: audit03.readLifecycle.reader.p0.m2.field5.bad2.address
FAIL: audit03.readLifecycle.reader.p0.m2.field5.bad2.action
FAIL: audit03.readLifecycle.reader.p0.m2.field5.bad2.empty
FAIL: audit03.readLifecycle.reader.p0.m2.field5.bad2.clearedPlane
FAIL: audit03.readLifecycle.reader.p0.m2.field5.bad2.clearedSelection
FAIL: audit03.readLifecycle.reader.p0.m2.field5.bad3.error
FAIL: audit03.readLifecycle.reader.p0.m2.field5.bad3.field
FAIL: audit03.readLifecycle.reader.p0.m2.field5.bad3.address
FAIL: audit03.readLifecycle.reader.p0.m2.field5.bad3.action
FAIL: audit03.readLifecycle.reader.p0.m2.field5.bad3.empty
FAIL: audit03.readLifecycle.reader.p0.m2.field5.bad3.clearedPlane
FAIL: audit03.readLifecycle.reader.p0.m2.field5.bad3.clearedSelection
FAIL: audit03.readLifecycle.reader.p0.m2.field5.bad4.error
FAIL: audit03.readLifecycle.reader.p0.m2.field5.bad4.field
FAIL: audit03.readLifecycle.reader.p0.m2.field5.bad4.address
FAIL: audit03.readLifecycle.reader.p0.m2.field5.bad4.action
FAIL: audit03.readLifecycle.reader.p0.m2.field5.bad4.clearedSelection
FAIL: audit03.readLifecycle.reader.p0.m2.field6.bad0.error
FAIL: audit03.readLifecycle.reader.p0.m2.field6.bad0.field
FAIL: audit03.readLifecycle.reader.p0.m2.field6.bad0.address
FAIL: audit03.readLifecycle.reader.p0.m2.field6.bad0.action
FAIL: audit03.readLifecycle.reader.p0.m2.field6.bad0.clearedSelection
FAIL: audit03.readLifecycle.reader.p0.m2.field6.bad1.error
FAIL: audit03.readLifecycle.reader.p0.m2.field6.bad1.field
FAIL: audit03.readLifecycle.reader.p0.m2.field6.bad1.address
FAIL: audit03.readLifecycle.reader.p0.m2.field6.bad1.action
FAIL: audit03.readLifecycle.reader.p0.m2.field6.bad1.empty
FAIL: audit03.readLifecycle.reader.p0.m2.field6.bad1.clearedPlane
FAIL: audit03.readLifecycle.reader.p0.m2.field6.bad1.clearedSelection
FAIL: audit03.readLifecycle.reader.p0.m2.field6.bad2.error
FAIL: audit03.readLifecycle.reader.p0.m2.field6.bad2.field
FAIL: audit03.readLifecycle.reader.p0.m2.field6.bad2.address
FAIL: audit03.readLifecycle.reader.p0.m2.field6.bad2.action
FAIL: audit03.readLifecycle.reader.p0.m2.field6.bad2.empty
FAIL: audit03.readLifecycle.reader.p0.m2.field6.bad2.clearedPlane
FAIL: audit03.readLifecycle.reader.p0.m2.field6.bad2.clearedSelection
FAIL: audit03.readLifecycle.reader.p0.m2.field6.bad3.error
FAIL: audit03.readLifecycle.reader.p0.m2.field6.bad3.field
FAIL: audit03.readLifecycle.reader.p0.m2.field6.bad3.address
FAIL: audit03.readLifecycle.reader.p0.m2.field6.bad3.action
FAIL: audit03.readLifecycle.reader.p0.m2.field6.bad3.empty
FAIL: audit03.readLifecycle.reader.p0.m2.field6.bad3.clearedPlane
FAIL: audit03.readLifecycle.reader.p0.m2.field6.bad3.clearedSelection
FAIL: audit03.readLifecycle.reader.p0.m2.field6.bad4.error
FAIL: audit03.readLifecycle.reader.p0.m2.field6.bad4.field
FAIL: audit03.readLifecycle.reader.p0.m2.field6.bad4.address
FAIL: audit03.readLifecycle.reader.p0.m2.field6.bad4.action
FAIL: audit03.readLifecycle.reader.p0.m2.field6.bad4.clearedSelection
FAIL: audit03.readLifecycle.reader.p0.m2.field7.bad0.error
FAIL: audit03.readLifecycle.reader.p0.m2.field7.bad0.field
FAIL: audit03.readLifecycle.reader.p0.m2.field7.bad0.address
FAIL: audit03.readLifecycle.reader.p0.m2.field7.bad0.action
FAIL: audit03.readLifecycle.reader.p0.m2.field7.bad0.clearedSelection
FAIL: audit03.readLifecycle.reader.p0.m2.field7.bad1.error
FAIL: audit03.readLifecycle.reader.p0.m2.field7.bad1.field
FAIL: audit03.readLifecycle.reader.p0.m2.field7.bad1.address
FAIL: audit03.readLifecycle.reader.p0.m2.field7.bad1.action
FAIL: audit03.readLifecycle.reader.p0.m2.field7.bad1.empty
FAIL: audit03.readLifecycle.reader.p0.m2.field7.bad1.clearedPlane
FAIL: audit03.readLifecycle.reader.p0.m2.field7.bad1.clearedSelection
FAIL: audit03.readLifecycle.reader.p0.m2.field7.bad2.error
FAIL: audit03.readLifecycle.reader.p0.m2.field7.bad2.field
FAIL: audit03.readLifecycle.reader.p0.m2.field7.bad2.address
FAIL: audit03.readLifecycle.reader.p0.m2.field7.bad2.action
FAIL: audit03.readLifecycle.reader.p0.m2.field7.bad2.empty
FAIL: audit03.readLifecycle.reader.p0.m2.field7.bad2.clearedPlane
FAIL: audit03.readLifecycle.reader.p0.m2.field7.bad2.clearedSelection
FAIL: audit03.readLifecycle.reader.p0.m2.field7.bad3.error
FAIL: audit03.readLifecycle.reader.p0.m2.field7.bad3.field
FAIL: audit03.readLifecycle.reader.p0.m2.field7.bad3.address
FAIL: audit03.readLifecycle.reader.p0.m2.field7.bad3.action
FAIL: audit03.readLifecycle.reader.p0.m2.field7.bad3.empty
FAIL: audit03.readLifecycle.reader.p0.m2.field7.bad3.clearedPlane
FAIL: audit03.readLifecycle.reader.p0.m2.field7.bad3.clearedSelection
FAIL: audit03.readLifecycle.reader.p0.m2.field7.bad4.error
FAIL: audit03.readLifecycle.reader.p0.m2.field7.bad4.field
FAIL: audit03.readLifecycle.reader.p0.m2.field7.bad4.address
FAIL: audit03.readLifecycle.reader.p0.m2.field7.bad4.action
FAIL: audit03.readLifecycle.reader.p0.m2.field7.bad4.clearedSelection
FAIL: audit03.readLifecycle.reader.p0.m2.field8.bad0.error
FAIL: audit03.readLifecycle.reader.p0.m2.field8.bad0.field
FAIL: audit03.readLifecycle.reader.p0.m2.field8.bad0.address
FAIL: audit03.readLifecycle.reader.p0.m2.field8.bad0.action
FAIL: audit03.readLifecycle.reader.p0.m2.field8.bad0.clearedSelection
FAIL: audit03.readLifecycle.reader.p0.m2.field8.bad1.error
FAIL: audit03.readLifecycle.reader.p0.m2.field8.bad1.field
FAIL: audit03.readLifecycle.reader.p0.m2.field8.bad1.address
FAIL: audit03.readLifecycle.reader.p0.m2.field8.bad1.action
FAIL: audit03.readLifecycle.reader.p0.m2.field8.bad1.empty
FAIL: audit03.readLifecycle.reader.p0.m2.field8.bad1.clearedPlane
FAIL: audit03.readLifecycle.reader.p0.m2.field8.bad1.clearedSelection
FAIL: audit03.readLifecycle.reader.p0.m2.field8.bad2.error
FAIL: audit03.readLifecycle.reader.p0.m2.field8.bad2.field
FAIL: audit03.readLifecycle.reader.p0.m2.field8.bad2.address
FAIL: audit03.readLifecycle.reader.p0.m2.field8.bad2.action
FAIL: audit03.readLifecycle.reader.p0.m2.field8.bad2.empty
FAIL: audit03.readLifecycle.reader.p0.m2.field8.bad2.clearedPlane
FAIL: audit03.readLifecycle.reader.p0.m2.field8.bad2.clearedSelection
FAIL: audit03.readLifecycle.reader.p0.m2.field8.bad3.error
FAIL: audit03.readLifecycle.reader.p0.m2.field8.bad3.field
FAIL: audit03.readLifecycle.reader.p0.m2.field8.bad3.address
FAIL: audit03.readLifecycle.reader.p0.m2.field8.bad3.action
FAIL: audit03.readLifecycle.reader.p0.m2.field8.bad3.empty
FAIL: audit03.readLifecycle.reader.p0.m2.field8.bad3.clearedPlane
FAIL: audit03.readLifecycle.reader.p0.m2.field8.bad3.clearedSelection
FAIL: audit03.readLifecycle.reader.p0.m2.field8.bad4.error
FAIL: audit03.readLifecycle.reader.p0.m2.field8.bad4.field
FAIL: audit03.readLifecycle.reader.p0.m2.field8.bad4.address
FAIL: audit03.readLifecycle.reader.p0.m2.field8.bad4.action
FAIL: audit03.readLifecycle.reader.p0.m2.field8.bad4.clearedSelection
FAIL: audit03.readLifecycle.reader.p0.m2.field9.bad0.error
FAIL: audit03.readLifecycle.reader.p0.m2.field9.bad0.field
FAIL: audit03.readLifecycle.reader.p0.m2.field9.bad0.address
FAIL: audit03.readLifecycle.reader.p0.m2.field9.bad0.action
FAIL: audit03.readLifecycle.reader.p0.m2.field9.bad0.clearedSelection
FAIL: audit03.readLifecycle.reader.p0.m2.field9.bad1.error
FAIL: audit03.readLifecycle.reader.p0.m2.field9.bad1.field
FAIL: audit03.readLifecycle.reader.p0.m2.field9.bad1.address
FAIL: audit03.readLifecycle.reader.p0.m2.field9.bad1.action
FAIL: audit03.readLifecycle.reader.p0.m2.field9.bad1.empty
FAIL: audit03.readLifecycle.reader.p0.m2.field9.bad1.clearedPlane
FAIL: audit03.readLifecycle.reader.p0.m2.field9.bad1.clearedSelection
FAIL: audit03.readLifecycle.reader.p0.m2.field9.bad2.error
FAIL: audit03.readLifecycle.reader.p0.m2.field9.bad2.field
FAIL: audit03.readLifecycle.reader.p0.m2.field9.bad2.address
FAIL: audit03.readLifecycle.reader.p0.m2.field9.bad2.action
FAIL: audit03.readLifecycle.reader.p0.m2.field9.bad2.empty
FAIL: audit03.readLifecycle.reader.p0.m2.field9.bad2.clearedPlane
FAIL: audit03.readLifecycle.reader.p0.m2.field9.bad2.clearedSelection
FAIL: audit03.readLifecycle.reader.p0.m2.field9.bad3.error
FAIL: audit03.readLifecycle.reader.p0.m2.field9.bad3.field
FAIL: audit03.readLifecycle.reader.p0.m2.field9.bad3.address
FAIL: audit03.readLifecycle.reader.p0.m2.field9.bad3.action
FAIL: audit03.readLifecycle.reader.p0.m2.field9.bad3.empty
FAIL: audit03.readLifecycle.reader.p0.m2.field9.bad3.clearedPlane
FAIL: audit03.readLifecycle.reader.p0.m2.field9.bad3.clearedSelection
FAIL: audit03.readLifecycle.reader.p0.m2.field9.bad4.error
FAIL: audit03.readLifecycle.reader.p0.m2.field9.bad4.field
FAIL: audit03.readLifecycle.reader.p0.m2.field9.bad4.address
FAIL: audit03.readLifecycle.reader.p0.m2.field9.bad4.action
FAIL: audit03.readLifecycle.reader.p0.m2.field9.bad4.clearedSelection
FAIL: audit03.readLifecycle.reader.p0.m2.field10.bad0.error
FAIL: audit03.readLifecycle.reader.p0.m2.field10.bad0.field
FAIL: audit03.readLifecycle.reader.p0.m2.field10.bad0.address
FAIL: audit03.readLifecycle.reader.p0.m2.field10.bad0.action
FAIL: audit03.readLifecycle.reader.p0.m2.field10.bad0.empty
FAIL: audit03.readLifecycle.reader.p0.m2.field10.bad0.clearedPlane
FAIL: audit03.readLifecycle.reader.p0.m2.field10.bad0.clearedSelection
FAIL: audit03.readLifecycle.reader.p0.m2.field10.bad1.error
FAIL: audit03.readLifecycle.reader.p0.m2.field10.bad1.field
FAIL: audit03.readLifecycle.reader.p0.m2.field10.bad1.address
FAIL: audit03.readLifecycle.reader.p0.m2.field10.bad1.action
FAIL: audit03.readLifecycle.reader.p0.m2.field10.bad1.empty
FAIL: audit03.readLifecycle.reader.p0.m2.field10.bad1.clearedPlane
FAIL: audit03.readLifecycle.reader.p0.m2.field10.bad1.clearedSelection
FAIL: audit03.readLifecycle.reader.p0.m2.field10.bad2.error
FAIL: audit03.readLifecycle.reader.p0.m2.field10.bad2.field
FAIL: audit03.readLifecycle.reader.p0.m2.field10.bad2.address
FAIL: audit03.readLifecycle.reader.p0.m2.field10.bad2.action
FAIL: audit03.readLifecycle.reader.p0.m2.field10.bad2.empty
FAIL: audit03.readLifecycle.reader.p0.m2.field10.bad2.clearedPlane
FAIL: audit03.readLifecycle.reader.p0.m2.field10.bad2.clearedSelection
FAIL: audit03.readLifecycle.reader.p0.m2.field10.bad3.error
FAIL: audit03.readLifecycle.reader.p0.m2.field10.bad3.field
FAIL: audit03.readLifecycle.reader.p0.m2.field10.bad3.address
FAIL: audit03.readLifecycle.reader.p0.m2.field10.bad3.action
FAIL: audit03.readLifecycle.reader.p0.m2.field10.bad3.empty
FAIL: audit03.readLifecycle.reader.p0.m2.field10.bad3.clearedPlane
FAIL: audit03.readLifecycle.reader.p0.m2.field10.bad3.clearedSelection
FAIL: audit03.readLifecycle.reader.p0.m2.field10.bad4.error
FAIL: audit03.readLifecycle.reader.p0.m2.field10.bad4.field
FAIL: audit03.readLifecycle.reader.p0.m2.field10.bad4.address
FAIL: audit03.readLifecycle.reader.p0.m2.field10.bad4.action
FAIL: audit03.readLifecycle.reader.p0.m2.field10.bad4.empty
FAIL: audit03.readLifecycle.reader.p0.m2.field10.bad4.clearedPlane
FAIL: audit03.readLifecycle.reader.p0.m2.field10.bad4.clearedSelection
FAIL: audit03.readLifecycle.reader.p0.m2.field11.bad0.error
FAIL: audit03.readLifecycle.reader.p0.m2.field11.bad0.field
FAIL: audit03.readLifecycle.reader.p0.m2.field11.bad0.address
FAIL: audit03.readLifecycle.reader.p0.m2.field11.bad0.action
FAIL: audit03.readLifecycle.reader.p0.m2.field11.bad0.empty
FAIL: audit03.readLifecycle.reader.p0.m2.field11.bad0.clearedPlane
FAIL: audit03.readLifecycle.reader.p0.m2.field11.bad0.clearedSelection
FAIL: audit03.readLifecycle.reader.p0.m2.field11.bad1.error
FAIL: audit03.readLifecycle.reader.p0.m2.field11.bad1.field
FAIL: audit03.readLifecycle.reader.p0.m2.field11.bad1.address
FAIL: audit03.readLifecycle.reader.p0.m2.field11.bad1.action
FAIL: audit03.readLifecycle.reader.p0.m2.field11.bad1.empty
FAIL: audit03.readLifecycle.reader.p0.m2.field11.bad1.clearedPlane
FAIL: audit03.readLifecycle.reader.p0.m2.field11.bad1.clearedSelection
FAIL: audit03.readLifecycle.reader.p0.m2.field11.bad2.error
FAIL: audit03.readLifecycle.reader.p0.m2.field11.bad2.field
FAIL: audit03.readLifecycle.reader.p0.m2.field11.bad2.address
FAIL: audit03.readLifecycle.reader.p0.m2.field11.bad2.action
FAIL: audit03.readLifecycle.reader.p0.m2.field11.bad2.empty
FAIL: audit03.readLifecycle.reader.p0.m2.field11.bad2.clearedPlane
FAIL: audit03.readLifecycle.reader.p0.m2.field11.bad2.clearedSelection
FAIL: audit03.readLifecycle.reader.p0.m2.field11.bad3.error
FAIL: audit03.readLifecycle.reader.p0.m2.field11.bad3.field
FAIL: audit03.readLifecycle.reader.p0.m2.field11.bad3.address
FAIL: audit03.readLifecycle.reader.p0.m2.field11.bad3.action
FAIL: audit03.readLifecycle.reader.p0.m2.field11.bad3.empty
FAIL: audit03.readLifecycle.reader.p0.m2.field11.bad3.clearedPlane
FAIL: audit03.readLifecycle.reader.p0.m2.field11.bad3.clearedSelection
FAIL: audit03.readLifecycle.reader.p0.m2.field11.bad4.error
FAIL: audit03.readLifecycle.reader.p0.m2.field11.bad4.field
FAIL: audit03.readLifecycle.reader.p0.m2.field11.bad4.address
FAIL: audit03.readLifecycle.reader.p0.m2.field11.bad4.action
FAIL: audit03.readLifecycle.reader.p0.m2.field11.bad4.empty
FAIL: audit03.readLifecycle.reader.p0.m2.field11.bad4.clearedPlane
FAIL: audit03.readLifecycle.reader.p0.m2.field11.bad4.clearedSelection
FAIL: audit03.readLifecycle.reader.late.p0.m2.empty
FAIL: audit03.readLifecycle.reader.p1.m0.field0.bad0.error
FAIL: audit03.readLifecycle.reader.p1.m0.field0.bad0.field
FAIL: audit03.readLifecycle.reader.p1.m0.field0.bad0.address
FAIL: audit03.readLifecycle.reader.p1.m0.field0.bad0.action
FAIL: audit03.readLifecycle.reader.p1.m0.field0.bad0.clearedSelection
FAIL: audit03.readLifecycle.reader.p1.m0.field0.bad1.error
FAIL: audit03.readLifecycle.reader.p1.m0.field0.bad1.field
FAIL: audit03.readLifecycle.reader.p1.m0.field0.bad1.address
FAIL: audit03.readLifecycle.reader.p1.m0.field0.bad1.action
FAIL: audit03.readLifecycle.reader.p1.m0.field0.bad1.empty
FAIL: audit03.readLifecycle.reader.p1.m0.field0.bad1.clearedPlane
FAIL: audit03.readLifecycle.reader.p1.m0.field0.bad1.clearedSelection
FAIL: audit03.readLifecycle.reader.p1.m0.field0.bad2.error
FAIL: audit03.readLifecycle.reader.p1.m0.field0.bad2.field
FAIL: audit03.readLifecycle.reader.p1.m0.field0.bad2.address
FAIL: audit03.readLifecycle.reader.p1.m0.field0.bad2.action
FAIL: audit03.readLifecycle.reader.p1.m0.field0.bad2.empty
FAIL: audit03.readLifecycle.reader.p1.m0.field0.bad2.clearedPlane
FAIL: audit03.readLifecycle.reader.p1.m0.field0.bad2.clearedSelection
FAIL: audit03.readLifecycle.reader.p1.m0.field0.bad3.error
FAIL: audit03.readLifecycle.reader.p1.m0.field0.bad3.field
FAIL: audit03.readLifecycle.reader.p1.m0.field0.bad3.address
FAIL: audit03.readLifecycle.reader.p1.m0.field0.bad3.action
FAIL: audit03.readLifecycle.reader.p1.m0.field0.bad3.empty
FAIL: audit03.readLifecycle.reader.p1.m0.field0.bad3.clearedPlane
FAIL: audit03.readLifecycle.reader.p1.m0.field0.bad3.clearedSelection
FAIL: audit03.readLifecycle.reader.p1.m0.field0.bad4.error
FAIL: audit03.readLifecycle.reader.p1.m0.field0.bad4.field
FAIL: audit03.readLifecycle.reader.p1.m0.field0.bad4.address
FAIL: audit03.readLifecycle.reader.p1.m0.field0.bad4.action
FAIL: audit03.readLifecycle.reader.p1.m0.field0.bad4.clearedSelection
FAIL: audit03.readLifecycle.reader.p1.m0.field1.bad0.error
FAIL: audit03.readLifecycle.reader.p1.m0.field1.bad0.field
FAIL: audit03.readLifecycle.reader.p1.m0.field1.bad0.address
FAIL: audit03.readLifecycle.reader.p1.m0.field1.bad0.action
FAIL: audit03.readLifecycle.reader.p1.m0.field1.bad0.clearedSelection
FAIL: audit03.readLifecycle.reader.p1.m0.field1.bad1.error
FAIL: audit03.readLifecycle.reader.p1.m0.field1.bad1.field
FAIL: audit03.readLifecycle.reader.p1.m0.field1.bad1.address
FAIL: audit03.readLifecycle.reader.p1.m0.field1.bad1.action
FAIL: audit03.readLifecycle.reader.p1.m0.field1.bad1.empty
FAIL: audit03.readLifecycle.reader.p1.m0.field1.bad1.clearedPlane
FAIL: audit03.readLifecycle.reader.p1.m0.field1.bad1.clearedSelection
FAIL: audit03.readLifecycle.reader.p1.m0.field1.bad2.error
FAIL: audit03.readLifecycle.reader.p1.m0.field1.bad2.field
FAIL: audit03.readLifecycle.reader.p1.m0.field1.bad2.address
FAIL: audit03.readLifecycle.reader.p1.m0.field1.bad2.action
FAIL: audit03.readLifecycle.reader.p1.m0.field1.bad2.empty
FAIL: audit03.readLifecycle.reader.p1.m0.field1.bad2.clearedPlane
FAIL: audit03.readLifecycle.reader.p1.m0.field1.bad2.clearedSelection
FAIL: audit03.readLifecycle.reader.p1.m0.field1.bad3.error
FAIL: audit03.readLifecycle.reader.p1.m0.field1.bad3.field
FAIL: audit03.readLifecycle.reader.p1.m0.field1.bad3.address
FAIL: audit03.readLifecycle.reader.p1.m0.field1.bad3.action
FAIL: audit03.readLifecycle.reader.p1.m0.field1.bad3.empty
FAIL: audit03.readLifecycle.reader.p1.m0.field1.bad3.clearedPlane
FAIL: audit03.readLifecycle.reader.p1.m0.field1.bad3.clearedSelection
FAIL: audit03.readLifecycle.reader.p1.m0.field1.bad4.error
FAIL: audit03.readLifecycle.reader.p1.m0.field1.bad4.field
FAIL: audit03.readLifecycle.reader.p1.m0.field1.bad4.address
FAIL: audit03.readLifecycle.reader.p1.m0.field1.bad4.action
FAIL: audit03.readLifecycle.reader.p1.m0.field1.bad4.clearedSelection
FAIL: audit03.readLifecycle.reader.p1.m0.field2.bad0.error
FAIL: audit03.readLifecycle.reader.p1.m0.field2.bad0.field
FAIL: audit03.readLifecycle.reader.p1.m0.field2.bad0.address
FAIL: audit03.readLifecycle.reader.p1.m0.field2.bad0.action
FAIL: audit03.readLifecycle.reader.p1.m0.field2.bad0.clearedSelection
FAIL: audit03.readLifecycle.reader.p1.m0.field2.bad1.error
FAIL: audit03.readLifecycle.reader.p1.m0.field2.bad1.field
FAIL: audit03.readLifecycle.reader.p1.m0.field2.bad1.address
FAIL: audit03.readLifecycle.reader.p1.m0.field2.bad1.action
FAIL: audit03.readLifecycle.reader.p1.m0.field2.bad1.empty
FAIL: audit03.readLifecycle.reader.p1.m0.field2.bad1.clearedPlane
FAIL: audit03.readLifecycle.reader.p1.m0.field2.bad1.clearedSelection
FAIL: audit03.readLifecycle.reader.p1.m0.field2.bad2.error
FAIL: audit03.readLifecycle.reader.p1.m0.field2.bad2.field
FAIL: audit03.readLifecycle.reader.p1.m0.field2.bad2.address
FAIL: audit03.readLifecycle.reader.p1.m0.field2.bad2.action
FAIL: audit03.readLifecycle.reader.p1.m0.field2.bad2.empty
FAIL: audit03.readLifecycle.reader.p1.m0.field2.bad2.clearedPlane
FAIL: audit03.readLifecycle.reader.p1.m0.field2.bad2.clearedSelection
FAIL: audit03.readLifecycle.reader.p1.m0.field2.bad3.error
FAIL: audit03.readLifecycle.reader.p1.m0.field2.bad3.field
FAIL: audit03.readLifecycle.reader.p1.m0.field2.bad3.address
FAIL: audit03.readLifecycle.reader.p1.m0.field2.bad3.action
FAIL: audit03.readLifecycle.reader.p1.m0.field2.bad3.empty
FAIL: audit03.readLifecycle.reader.p1.m0.field2.bad3.clearedPlane
FAIL: audit03.readLifecycle.reader.p1.m0.field2.bad3.clearedSelection
FAIL: audit03.readLifecycle.reader.p1.m0.field2.bad4.error
FAIL: audit03.readLifecycle.reader.p1.m0.field2.bad4.field
FAIL: audit03.readLifecycle.reader.p1.m0.field2.bad4.address
FAIL: audit03.readLifecycle.reader.p1.m0.field2.bad4.action
FAIL: audit03.readLifecycle.reader.p1.m0.field2.bad4.clearedSelection
FAIL: audit03.readLifecycle.reader.p1.m0.field3.bad0.error
FAIL: audit03.readLifecycle.reader.p1.m0.field3.bad0.field
FAIL: audit03.readLifecycle.reader.p1.m0.field3.bad0.address
FAIL: audit03.readLifecycle.reader.p1.m0.field3.bad0.action
FAIL: audit03.readLifecycle.reader.p1.m0.field3.bad0.clearedSelection
FAIL: audit03.readLifecycle.reader.p1.m0.field3.bad1.error
FAIL: audit03.readLifecycle.reader.p1.m0.field3.bad1.field
FAIL: audit03.readLifecycle.reader.p1.m0.field3.bad1.address
FAIL: audit03.readLifecycle.reader.p1.m0.field3.bad1.action
FAIL: audit03.readLifecycle.reader.p1.m0.field3.bad1.empty
FAIL: audit03.readLifecycle.reader.p1.m0.field3.bad1.clearedPlane
FAIL: audit03.readLifecycle.reader.p1.m0.field3.bad1.clearedSelection
FAIL: audit03.readLifecycle.reader.p1.m0.field3.bad2.error
FAIL: audit03.readLifecycle.reader.p1.m0.field3.bad2.field
FAIL: audit03.readLifecycle.reader.p1.m0.field3.bad2.address
FAIL: audit03.readLifecycle.reader.p1.m0.field3.bad2.action
FAIL: audit03.readLifecycle.reader.p1.m0.field3.bad2.empty
FAIL: audit03.readLifecycle.reader.p1.m0.field3.bad2.clearedPlane
FAIL: audit03.readLifecycle.reader.p1.m0.field3.bad2.clearedSelection
FAIL: audit03.readLifecycle.reader.p1.m0.field3.bad3.error
FAIL: audit03.readLifecycle.reader.p1.m0.field3.bad3.field
FAIL: audit03.readLifecycle.reader.p1.m0.field3.bad3.address
FAIL: audit03.readLifecycle.reader.p1.m0.field3.bad3.action
FAIL: audit03.readLifecycle.reader.p1.m0.field3.bad3.empty
FAIL: audit03.readLifecycle.reader.p1.m0.field3.bad3.clearedPlane
FAIL: audit03.readLifecycle.reader.p1.m0.field3.bad3.clearedSelection
FAIL: audit03.readLifecycle.reader.p1.m0.field3.bad4.error
FAIL: audit03.readLifecycle.reader.p1.m0.field3.bad4.field
FAIL: audit03.readLifecycle.reader.p1.m0.field3.bad4.address
FAIL: audit03.readLifecycle.reader.p1.m0.field3.bad4.action
FAIL: audit03.readLifecycle.reader.p1.m0.field3.bad4.clearedSelection
FAIL: audit03.readLifecycle.reader.p1.m0.field4.bad0.error
FAIL: audit03.readLifecycle.reader.p1.m0.field4.bad0.field
FAIL: audit03.readLifecycle.reader.p1.m0.field4.bad0.address
FAIL: audit03.readLifecycle.reader.p1.m0.field4.bad0.action
FAIL: audit03.readLifecycle.reader.p1.m0.field4.bad0.clearedSelection
FAIL: audit03.readLifecycle.reader.p1.m0.field4.bad1.error
FAIL: audit03.readLifecycle.reader.p1.m0.field4.bad1.field
FAIL: audit03.readLifecycle.reader.p1.m0.field4.bad1.address
FAIL: audit03.readLifecycle.reader.p1.m0.field4.bad1.action
FAIL: audit03.readLifecycle.reader.p1.m0.field4.bad1.empty
FAIL: audit03.readLifecycle.reader.p1.m0.field4.bad1.clearedPlane
FAIL: audit03.readLifecycle.reader.p1.m0.field4.bad1.clearedSelection
FAIL: audit03.readLifecycle.reader.p1.m0.field4.bad2.error
FAIL: audit03.readLifecycle.reader.p1.m0.field4.bad2.field
FAIL: audit03.readLifecycle.reader.p1.m0.field4.bad2.address
FAIL: audit03.readLifecycle.reader.p1.m0.field4.bad2.action
FAIL: audit03.readLifecycle.reader.p1.m0.field4.bad2.empty
FAIL: audit03.readLifecycle.reader.p1.m0.field4.bad2.clearedPlane
FAIL: audit03.readLifecycle.reader.p1.m0.field4.bad2.clearedSelection
FAIL: audit03.readLifecycle.reader.p1.m0.field4.bad3.error
FAIL: audit03.readLifecycle.reader.p1.m0.field4.bad3.field
FAIL: audit03.readLifecycle.reader.p1.m0.field4.bad3.address
FAIL: audit03.readLifecycle.reader.p1.m0.field4.bad3.action
FAIL: audit03.readLifecycle.reader.p1.m0.field4.bad3.empty
FAIL: audit03.readLifecycle.reader.p1.m0.field4.bad3.clearedPlane
FAIL: audit03.readLifecycle.reader.p1.m0.field4.bad3.clearedSelection
FAIL: audit03.readLifecycle.reader.p1.m0.field4.bad4.error
FAIL: audit03.readLifecycle.reader.p1.m0.field4.bad4.field
FAIL: audit03.readLifecycle.reader.p1.m0.field4.bad4.address
FAIL: audit03.readLifecycle.reader.p1.m0.field4.bad4.action
FAIL: audit03.readLifecycle.reader.p1.m0.field4.bad4.clearedSelection
FAIL: audit03.readLifecycle.reader.p1.m0.field5.bad0.error
FAIL: audit03.readLifecycle.reader.p1.m0.field5.bad0.field
FAIL: audit03.readLifecycle.reader.p1.m0.field5.bad0.address
FAIL: audit03.readLifecycle.reader.p1.m0.field5.bad0.action
FAIL: audit03.readLifecycle.reader.p1.m0.field5.bad0.clearedSelection
FAIL: audit03.readLifecycle.reader.p1.m0.field5.bad1.error
FAIL: audit03.readLifecycle.reader.p1.m0.field5.bad1.field
FAIL: audit03.readLifecycle.reader.p1.m0.field5.bad1.address
FAIL: audit03.readLifecycle.reader.p1.m0.field5.bad1.action
FAIL: audit03.readLifecycle.reader.p1.m0.field5.bad1.empty
FAIL: audit03.readLifecycle.reader.p1.m0.field5.bad1.clearedPlane
FAIL: audit03.readLifecycle.reader.p1.m0.field5.bad1.clearedSelection
FAIL: audit03.readLifecycle.reader.p1.m0.field5.bad2.error
FAIL: audit03.readLifecycle.reader.p1.m0.field5.bad2.field
FAIL: audit03.readLifecycle.reader.p1.m0.field5.bad2.address
FAIL: audit03.readLifecycle.reader.p1.m0.field5.bad2.action
FAIL: audit03.readLifecycle.reader.p1.m0.field5.bad2.empty
FAIL: audit03.readLifecycle.reader.p1.m0.field5.bad2.clearedPlane
FAIL: audit03.readLifecycle.reader.p1.m0.field5.bad2.clearedSelection
FAIL: audit03.readLifecycle.reader.p1.m0.field5.bad3.error
FAIL: audit03.readLifecycle.reader.p1.m0.field5.bad3.field
FAIL: audit03.readLifecycle.reader.p1.m0.field5.bad3.address
FAIL: audit03.readLifecycle.reader.p1.m0.field5.bad3.action
FAIL: audit03.readLifecycle.reader.p1.m0.field5.bad3.empty
FAIL: audit03.readLifecycle.reader.p1.m0.field5.bad3.clearedPlane
FAIL: audit03.readLifecycle.reader.p1.m0.field5.bad3.clearedSelection
FAIL: audit03.readLifecycle.reader.p1.m0.field5.bad4.error
FAIL: audit03.readLifecycle.reader.p1.m0.field5.bad4.field
FAIL: audit03.readLifecycle.reader.p1.m0.field5.bad4.address
FAIL: audit03.readLifecycle.reader.p1.m0.field5.bad4.action
FAIL: audit03.readLifecycle.reader.p1.m0.field5.bad4.clearedSelection
FAIL: audit03.readLifecycle.reader.p1.m0.field6.bad0.error
FAIL: audit03.readLifecycle.reader.p1.m0.field6.bad0.field
FAIL: audit03.readLifecycle.reader.p1.m0.field6.bad0.address
FAIL: audit03.readLifecycle.reader.p1.m0.field6.bad0.action
FAIL: audit03.readLifecycle.reader.p1.m0.field6.bad0.clearedSelection
FAIL: audit03.readLifecycle.reader.p1.m0.field6.bad1.error
FAIL: audit03.readLifecycle.reader.p1.m0.field6.bad1.field
FAIL: audit03.readLifecycle.reader.p1.m0.field6.bad1.address
FAIL: audit03.readLifecycle.reader.p1.m0.field6.bad1.action
FAIL: audit03.readLifecycle.reader.p1.m0.field6.bad1.empty
FAIL: audit03.readLifecycle.reader.p1.m0.field6.bad1.clearedPlane
FAIL: audit03.readLifecycle.reader.p1.m0.field6.bad1.clearedSelection
FAIL: audit03.readLifecycle.reader.p1.m0.field6.bad2.error
FAIL: audit03.readLifecycle.reader.p1.m0.field6.bad2.field
FAIL: audit03.readLifecycle.reader.p1.m0.field6.bad2.address
FAIL: audit03.readLifecycle.reader.p1.m0.field6.bad2.action
FAIL: audit03.readLifecycle.reader.p1.m0.field6.bad2.empty
FAIL: audit03.readLifecycle.reader.p1.m0.field6.bad2.clearedPlane
FAIL: audit03.readLifecycle.reader.p1.m0.field6.bad2.clearedSelection
FAIL: audit03.readLifecycle.reader.p1.m0.field6.bad3.error
FAIL: audit03.readLifecycle.reader.p1.m0.field6.bad3.field
FAIL: audit03.readLifecycle.reader.p1.m0.field6.bad3.address
FAIL: audit03.readLifecycle.reader.p1.m0.field6.bad3.action
FAIL: audit03.readLifecycle.reader.p1.m0.field6.bad3.empty
FAIL: audit03.readLifecycle.reader.p1.m0.field6.bad3.clearedPlane
FAIL: audit03.readLifecycle.reader.p1.m0.field6.bad3.clearedSelection
FAIL: audit03.readLifecycle.reader.p1.m0.field6.bad4.error
FAIL: audit03.readLifecycle.reader.p1.m0.field6.bad4.field
FAIL: audit03.readLifecycle.reader.p1.m0.field6.bad4.address
FAIL: audit03.readLifecycle.reader.p1.m0.field6.bad4.action
FAIL: audit03.readLifecycle.reader.p1.m0.field6.bad4.clearedSelection
FAIL: audit03.readLifecycle.reader.p1.m0.field7.bad0.error
FAIL: audit03.readLifecycle.reader.p1.m0.field7.bad0.field
FAIL: audit03.readLifecycle.reader.p1.m0.field7.bad0.address
FAIL: audit03.readLifecycle.reader.p1.m0.field7.bad0.action
FAIL: audit03.readLifecycle.reader.p1.m0.field7.bad0.clearedSelection
FAIL: audit03.readLifecycle.reader.p1.m0.field7.bad1.error
FAIL: audit03.readLifecycle.reader.p1.m0.field7.bad1.field
FAIL: audit03.readLifecycle.reader.p1.m0.field7.bad1.address
FAIL: audit03.readLifecycle.reader.p1.m0.field7.bad1.action
FAIL: audit03.readLifecycle.reader.p1.m0.field7.bad1.empty
FAIL: audit03.readLifecycle.reader.p1.m0.field7.bad1.clearedPlane
FAIL: audit03.readLifecycle.reader.p1.m0.field7.bad1.clearedSelection
FAIL: audit03.readLifecycle.reader.p1.m0.field7.bad2.error
FAIL: audit03.readLifecycle.reader.p1.m0.field7.bad2.field
FAIL: audit03.readLifecycle.reader.p1.m0.field7.bad2.address
FAIL: audit03.readLifecycle.reader.p1.m0.field7.bad2.action
FAIL: audit03.readLifecycle.reader.p1.m0.field7.bad2.empty
FAIL: audit03.readLifecycle.reader.p1.m0.field7.bad2.clearedPlane
FAIL: audit03.readLifecycle.reader.p1.m0.field7.bad2.clearedSelection
FAIL: audit03.readLifecycle.reader.p1.m0.field7.bad3.error
FAIL: audit03.readLifecycle.reader.p1.m0.field7.bad3.field
FAIL: audit03.readLifecycle.reader.p1.m0.field7.bad3.address
FAIL: audit03.readLifecycle.reader.p1.m0.field7.bad3.action
FAIL: audit03.readLifecycle.reader.p1.m0.field7.bad3.empty
FAIL: audit03.readLifecycle.reader.p1.m0.field7.bad3.clearedPlane
FAIL: audit03.readLifecycle.reader.p1.m0.field7.bad3.clearedSelection
FAIL: audit03.readLifecycle.reader.p1.m0.field7.bad4.error
FAIL: audit03.readLifecycle.reader.p1.m0.field7.bad4.field
FAIL: audit03.readLifecycle.reader.p1.m0.field7.bad4.address
FAIL: audit03.readLifecycle.reader.p1.m0.field7.bad4.action
FAIL: audit03.readLifecycle.reader.p1.m0.field7.bad4.clearedSelection
FAIL: audit03.readLifecycle.reader.p1.m0.field8.bad0.error
FAIL: audit03.readLifecycle.reader.p1.m0.field8.bad0.field
FAIL: audit03.readLifecycle.reader.p1.m0.field8.bad0.address
FAIL: audit03.readLifecycle.reader.p1.m0.field8.bad0.action
FAIL: audit03.readLifecycle.reader.p1.m0.field8.bad0.clearedSelection
FAIL: audit03.readLifecycle.reader.p1.m0.field8.bad1.error
FAIL: audit03.readLifecycle.reader.p1.m0.field8.bad1.field
FAIL: audit03.readLifecycle.reader.p1.m0.field8.bad1.address
FAIL: audit03.readLifecycle.reader.p1.m0.field8.bad1.action
FAIL: audit03.readLifecycle.reader.p1.m0.field8.bad1.empty
FAIL: audit03.readLifecycle.reader.p1.m0.field8.bad1.clearedPlane
FAIL: audit03.readLifecycle.reader.p1.m0.field8.bad1.clearedSelection
FAIL: audit03.readLifecycle.reader.p1.m0.field8.bad2.error
FAIL: audit03.readLifecycle.reader.p1.m0.field8.bad2.field
FAIL: audit03.readLifecycle.reader.p1.m0.field8.bad2.address
FAIL: audit03.readLifecycle.reader.p1.m0.field8.bad2.action
FAIL: audit03.readLifecycle.reader.p1.m0.field8.bad2.empty
FAIL: audit03.readLifecycle.reader.p1.m0.field8.bad2.clearedPlane
FAIL: audit03.readLifecycle.reader.p1.m0.field8.bad2.clearedSelection
FAIL: audit03.readLifecycle.reader.p1.m0.field8.bad3.error
FAIL: audit03.readLifecycle.reader.p1.m0.field8.bad3.field
FAIL: audit03.readLifecycle.reader.p1.m0.field8.bad3.address
FAIL: audit03.readLifecycle.reader.p1.m0.field8.bad3.action
FAIL: audit03.readLifecycle.reader.p1.m0.field8.bad3.empty
FAIL: audit03.readLifecycle.reader.p1.m0.field8.bad3.clearedPlane
FAIL: audit03.readLifecycle.reader.p1.m0.field8.bad3.clearedSelection
FAIL: audit03.readLifecycle.reader.p1.m0.field8.bad4.error
FAIL: audit03.readLifecycle.reader.p1.m0.field8.bad4.field
FAIL: audit03.readLifecycle.reader.p1.m0.field8.bad4.address
FAIL: audit03.readLifecycle.reader.p1.m0.field8.bad4.action
FAIL: audit03.readLifecycle.reader.p1.m0.field8.bad4.clearedSelection
FAIL: audit03.readLifecycle.reader.p1.m0.field9.bad0.error
FAIL: audit03.readLifecycle.reader.p1.m0.field9.bad0.field
FAIL: audit03.readLifecycle.reader.p1.m0.field9.bad0.address
FAIL: audit03.readLifecycle.reader.p1.m0.field9.bad0.action
FAIL: audit03.readLifecycle.reader.p1.m0.field9.bad0.clearedSelection
FAIL: audit03.readLifecycle.reader.p1.m0.field9.bad1.error
FAIL: audit03.readLifecycle.reader.p1.m0.field9.bad1.field
FAIL: audit03.readLifecycle.reader.p1.m0.field9.bad1.address
FAIL: audit03.readLifecycle.reader.p1.m0.field9.bad1.action
FAIL: audit03.readLifecycle.reader.p1.m0.field9.bad1.empty
FAIL: audit03.readLifecycle.reader.p1.m0.field9.bad1.clearedPlane
FAIL: audit03.readLifecycle.reader.p1.m0.field9.bad1.clearedSelection
FAIL: audit03.readLifecycle.reader.p1.m0.field9.bad2.error
FAIL: audit03.readLifecycle.reader.p1.m0.field9.bad2.field
FAIL: audit03.readLifecycle.reader.p1.m0.field9.bad2.address
FAIL: audit03.readLifecycle.reader.p1.m0.field9.bad2.action
FAIL: audit03.readLifecycle.reader.p1.m0.field9.bad2.empty
FAIL: audit03.readLifecycle.reader.p1.m0.field9.bad2.clearedPlane
FAIL: audit03.readLifecycle.reader.p1.m0.field9.bad2.clearedSelection
FAIL: audit03.readLifecycle.reader.p1.m0.field9.bad3.error
FAIL: audit03.readLifecycle.reader.p1.m0.field9.bad3.field
FAIL: audit03.readLifecycle.reader.p1.m0.field9.bad3.address
FAIL: audit03.readLifecycle.reader.p1.m0.field9.bad3.action
FAIL: audit03.readLifecycle.reader.p1.m0.field9.bad3.empty
FAIL: audit03.readLifecycle.reader.p1.m0.field9.bad3.clearedPlane
FAIL: audit03.readLifecycle.reader.p1.m0.field9.bad3.clearedSelection
FAIL: audit03.readLifecycle.reader.p1.m0.field9.bad4.error
FAIL: audit03.readLifecycle.reader.p1.m0.field9.bad4.field
FAIL: audit03.readLifecycle.reader.p1.m0.field9.bad4.address
FAIL: audit03.readLifecycle.reader.p1.m0.field9.bad4.action
FAIL: audit03.readLifecycle.reader.p1.m0.field9.bad4.clearedSelection
FAIL: audit03.readLifecycle.reader.p1.m0.field10.bad0.error
FAIL: audit03.readLifecycle.reader.p1.m0.field10.bad0.field
FAIL: audit03.readLifecycle.reader.p1.m0.field10.bad0.address
FAIL: audit03.readLifecycle.reader.p1.m0.field10.bad0.action
FAIL: audit03.readLifecycle.reader.p1.m0.field10.bad0.empty
FAIL: audit03.readLifecycle.reader.p1.m0.field10.bad0.clearedPlane
FAIL: audit03.readLifecycle.reader.p1.m0.field10.bad0.clearedSelection
FAIL: audit03.readLifecycle.reader.p1.m0.field10.bad1.error
FAIL: audit03.readLifecycle.reader.p1.m0.field10.bad1.field
FAIL: audit03.readLifecycle.reader.p1.m0.field10.bad1.address
FAIL: audit03.readLifecycle.reader.p1.m0.field10.bad1.action
FAIL: audit03.readLifecycle.reader.p1.m0.field10.bad1.empty
FAIL: audit03.readLifecycle.reader.p1.m0.field10.bad1.clearedPlane
FAIL: audit03.readLifecycle.reader.p1.m0.field10.bad1.clearedSelection
FAIL: audit03.readLifecycle.reader.p1.m0.field10.bad2.error
FAIL: audit03.readLifecycle.reader.p1.m0.field10.bad2.field
FAIL: audit03.readLifecycle.reader.p1.m0.field10.bad2.address
FAIL: audit03.readLifecycle.reader.p1.m0.field10.bad2.action
FAIL: audit03.readLifecycle.reader.p1.m0.field10.bad2.empty
FAIL: audit03.readLifecycle.reader.p1.m0.field10.bad2.clearedPlane
FAIL: audit03.readLifecycle.reader.p1.m0.field10.bad2.clearedSelection
FAIL: audit03.readLifecycle.reader.p1.m0.field10.bad3.error
FAIL: audit03.readLifecycle.reader.p1.m0.field10.bad3.field
FAIL: audit03.readLifecycle.reader.p1.m0.field10.bad3.address
FAIL: audit03.readLifecycle.reader.p1.m0.field10.bad3.action
FAIL: audit03.readLifecycle.reader.p1.m0.field10.bad3.empty
FAIL: audit03.readLifecycle.reader.p1.m0.field10.bad3.clearedPlane
FAIL: audit03.readLifecycle.reader.p1.m0.field10.bad3.clearedSelection
FAIL: audit03.readLifecycle.reader.p1.m0.field10.bad4.error
FAIL: audit03.readLifecycle.reader.p1.m0.field10.bad4.field
FAIL: audit03.readLifecycle.reader.p1.m0.field10.bad4.address
FAIL: audit03.readLifecycle.reader.p1.m0.field10.bad4.action
FAIL: audit03.readLifecycle.reader.p1.m0.field10.bad4.empty
FAIL: audit03.readLifecycle.reader.p1.m0.field10.bad4.clearedPlane
FAIL: audit03.readLifecycle.reader.p1.m0.field10.bad4.clearedSelection
FAIL: audit03.readLifecycle.reader.p1.m0.field11.bad0.error
FAIL: audit03.readLifecycle.reader.p1.m0.field11.bad0.field
FAIL: audit03.readLifecycle.reader.p1.m0.field11.bad0.address
FAIL: audit03.readLifecycle.reader.p1.m0.field11.bad0.action
FAIL: audit03.readLifecycle.reader.p1.m0.field11.bad0.empty
FAIL: audit03.readLifecycle.reader.p1.m0.field11.bad0.clearedPlane
FAIL: audit03.readLifecycle.reader.p1.m0.field11.bad0.clearedSelection
FAIL: audit03.readLifecycle.reader.p1.m0.field11.bad1.error
FAIL: audit03.readLifecycle.reader.p1.m0.field11.bad1.field
FAIL: audit03.readLifecycle.reader.p1.m0.field11.bad1.address
FAIL: audit03.readLifecycle.reader.p1.m0.field11.bad1.action
FAIL: audit03.readLifecycle.reader.p1.m0.field11.bad1.empty
FAIL: audit03.readLifecycle.reader.p1.m0.field11.bad1.clearedPlane
FAIL: audit03.readLifecycle.reader.p1.m0.field11.bad1.clearedSelection
FAIL: audit03.readLifecycle.reader.p1.m0.field11.bad2.error
FAIL: audit03.readLifecycle.reader.p1.m0.field11.bad2.field
FAIL: audit03.readLifecycle.reader.p1.m0.field11.bad2.address
FAIL: audit03.readLifecycle.reader.p1.m0.field11.bad2.action
FAIL: audit03.readLifecycle.reader.p1.m0.field11.bad2.empty
FAIL: audit03.readLifecycle.reader.p1.m0.field11.bad2.clearedPlane
FAIL: audit03.readLifecycle.reader.p1.m0.field11.bad2.clearedSelection
FAIL: audit03.readLifecycle.reader.p1.m0.field11.bad3.error
FAIL: audit03.readLifecycle.reader.p1.m0.field11.bad3.field
FAIL: audit03.readLifecycle.reader.p1.m0.field11.bad3.address
FAIL: audit03.readLifecycle.reader.p1.m0.field11.bad3.action
FAIL: audit03.readLifecycle.reader.p1.m0.field11.bad3.empty
FAIL: audit03.readLifecycle.reader.p1.m0.field11.bad3.clearedPlane
FAIL: audit03.readLifecycle.reader.p1.m0.field11.bad3.clearedSelection
FAIL: audit03.readLifecycle.reader.p1.m0.field11.bad4.error
FAIL: audit03.readLifecycle.reader.p1.m0.field11.bad4.field
FAIL: audit03.readLifecycle.reader.p1.m0.field11.bad4.address
FAIL: audit03.readLifecycle.reader.p1.m0.field11.bad4.action
FAIL: audit03.readLifecycle.reader.p1.m0.field11.bad4.empty
FAIL: audit03.readLifecycle.reader.p1.m0.field11.bad4.clearedPlane
FAIL: audit03.readLifecycle.reader.p1.m0.field11.bad4.clearedSelection
FAIL: audit03.readLifecycle.reader.p1.m0.field12.bad0.error
FAIL: audit03.readLifecycle.reader.p1.m0.field12.bad0.field
FAIL: audit03.readLifecycle.reader.p1.m0.field12.bad0.address
FAIL: audit03.readLifecycle.reader.p1.m0.field12.bad0.action
FAIL: audit03.readLifecycle.reader.p1.m0.field12.bad0.empty
FAIL: audit03.readLifecycle.reader.p1.m0.field12.bad0.clearedPlane
FAIL: audit03.readLifecycle.reader.p1.m0.field12.bad0.clearedSelection
FAIL: audit03.readLifecycle.reader.p1.m0.field12.bad1.error
FAIL: audit03.readLifecycle.reader.p1.m0.field12.bad1.field
FAIL: audit03.readLifecycle.reader.p1.m0.field12.bad1.address
FAIL: audit03.readLifecycle.reader.p1.m0.field12.bad1.action
FAIL: audit03.readLifecycle.reader.p1.m0.field12.bad1.empty
FAIL: audit03.readLifecycle.reader.p1.m0.field12.bad1.clearedPlane
FAIL: audit03.readLifecycle.reader.p1.m0.field12.bad1.clearedSelection
FAIL: audit03.readLifecycle.reader.p1.m0.field12.bad2.error
FAIL: audit03.readLifecycle.reader.p1.m0.field12.bad2.field
FAIL: audit03.readLifecycle.reader.p1.m0.field12.bad2.address
FAIL: audit03.readLifecycle.reader.p1.m0.field12.bad2.action
FAIL: audit03.readLifecycle.reader.p1.m0.field12.bad2.empty
FAIL: audit03.readLifecycle.reader.p1.m0.field12.bad2.clearedPlane
FAIL: audit03.readLifecycle.reader.p1.m0.field12.bad2.clearedSelection
FAIL: audit03.readLifecycle.reader.p1.m0.field12.bad3.error
FAIL: audit03.readLifecycle.reader.p1.m0.field12.bad3.field
FAIL: audit03.readLifecycle.reader.p1.m0.field12.bad3.address
FAIL: audit03.readLifecycle.reader.p1.m0.field12.bad3.action
FAIL: audit03.readLifecycle.reader.p1.m0.field12.bad3.empty
FAIL: audit03.readLifecycle.reader.p1.m0.field12.bad3.clearedPlane
FAIL: audit03.readLifecycle.reader.p1.m0.field12.bad3.clearedSelection
FAIL: audit03.readLifecycle.reader.p1.m0.field12.bad4.error
FAIL: audit03.readLifecycle.reader.p1.m0.field12.bad4.field
FAIL: audit03.readLifecycle.reader.p1.m0.field12.bad4.address
FAIL: audit03.readLifecycle.reader.p1.m0.field12.bad4.action
FAIL: audit03.readLifecycle.reader.p1.m0.field12.bad4.empty
FAIL: audit03.readLifecycle.reader.p1.m0.field12.bad4.clearedPlane
FAIL: audit03.readLifecycle.reader.p1.m0.field12.bad4.clearedSelection
FAIL: audit03.readLifecycle.reader.p1.m0.field13.bad0.error
FAIL: audit03.readLifecycle.reader.p1.m0.field13.bad0.field
FAIL: audit03.readLifecycle.reader.p1.m0.field13.bad0.address
FAIL: audit03.readLifecycle.reader.p1.m0.field13.bad0.action
FAIL: audit03.readLifecycle.reader.p1.m0.field13.bad0.empty
FAIL: audit03.readLifecycle.reader.p1.m0.field13.bad0.clearedPlane
FAIL: audit03.readLifecycle.reader.p1.m0.field13.bad0.clearedSelection
FAIL: audit03.readLifecycle.reader.p1.m0.field13.bad1.error
FAIL: audit03.readLifecycle.reader.p1.m0.field13.bad1.field
FAIL: audit03.readLifecycle.reader.p1.m0.field13.bad1.address
FAIL: audit03.readLifecycle.reader.p1.m0.field13.bad1.action
FAIL: audit03.readLifecycle.reader.p1.m0.field13.bad1.empty
FAIL: audit03.readLifecycle.reader.p1.m0.field13.bad1.clearedPlane
FAIL: audit03.readLifecycle.reader.p1.m0.field13.bad1.clearedSelection
FAIL: audit03.readLifecycle.reader.p1.m0.field13.bad2.error
FAIL: audit03.readLifecycle.reader.p1.m0.field13.bad2.field
FAIL: audit03.readLifecycle.reader.p1.m0.field13.bad2.address
FAIL: audit03.readLifecycle.reader.p1.m0.field13.bad2.action
FAIL: audit03.readLifecycle.reader.p1.m0.field13.bad2.empty
FAIL: audit03.readLifecycle.reader.p1.m0.field13.bad2.clearedPlane
FAIL: audit03.readLifecycle.reader.p1.m0.field13.bad2.clearedSelection
FAIL: audit03.readLifecycle.reader.p1.m0.field13.bad3.error
FAIL: audit03.readLifecycle.reader.p1.m0.field13.bad3.field
FAIL: audit03.readLifecycle.reader.p1.m0.field13.bad3.address
FAIL: audit03.readLifecycle.reader.p1.m0.field13.bad3.action
FAIL: audit03.readLifecycle.reader.p1.m0.field13.bad3.empty
FAIL: audit03.readLifecycle.reader.p1.m0.field13.bad3.clearedPlane
FAIL: audit03.readLifecycle.reader.p1.m0.field13.bad3.clearedSelection
FAIL: audit03.readLifecycle.reader.p1.m0.field13.bad4.error
FAIL: audit03.readLifecycle.reader.p1.m0.field13.bad4.field
FAIL: audit03.readLifecycle.reader.p1.m0.field13.bad4.address
FAIL: audit03.readLifecycle.reader.p1.m0.field13.bad4.action
FAIL: audit03.readLifecycle.reader.p1.m0.field13.bad4.empty
FAIL: audit03.readLifecycle.reader.p1.m0.field13.bad4.clearedPlane
FAIL: audit03.readLifecycle.reader.p1.m0.field13.bad4.clearedSelection
FAIL: audit03.readLifecycle.reader.p1.m0.field14.bad0.error
FAIL: audit03.readLifecycle.reader.p1.m0.field14.bad0.field
FAIL: audit03.readLifecycle.reader.p1.m0.field14.bad0.address
FAIL: audit03.readLifecycle.reader.p1.m0.field14.bad0.action
FAIL: audit03.readLifecycle.reader.p1.m0.field14.bad0.empty
FAIL: audit03.readLifecycle.reader.p1.m0.field14.bad0.clearedPlane
FAIL: audit03.readLifecycle.reader.p1.m0.field14.bad0.clearedSelection
FAIL: audit03.readLifecycle.reader.p1.m0.field14.bad1.error
FAIL: audit03.readLifecycle.reader.p1.m0.field14.bad1.field
FAIL: audit03.readLifecycle.reader.p1.m0.field14.bad1.address
FAIL: audit03.readLifecycle.reader.p1.m0.field14.bad1.action
FAIL: audit03.readLifecycle.reader.p1.m0.field14.bad1.empty
FAIL: audit03.readLifecycle.reader.p1.m0.field14.bad1.clearedPlane
FAIL: audit03.readLifecycle.reader.p1.m0.field14.bad1.clearedSelection
FAIL: audit03.readLifecycle.reader.p1.m0.field14.bad2.error
FAIL: audit03.readLifecycle.reader.p1.m0.field14.bad2.field
FAIL: audit03.readLifecycle.reader.p1.m0.field14.bad2.address
FAIL: audit03.readLifecycle.reader.p1.m0.field14.bad2.action
FAIL: audit03.readLifecycle.reader.p1.m0.field14.bad2.empty
FAIL: audit03.readLifecycle.reader.p1.m0.field14.bad2.clearedPlane
FAIL: audit03.readLifecycle.reader.p1.m0.field14.bad2.clearedSelection
FAIL: audit03.readLifecycle.reader.p1.m0.field14.bad3.error
FAIL: audit03.readLifecycle.reader.p1.m0.field14.bad3.field
FAIL: audit03.readLifecycle.reader.p1.m0.field14.bad3.address
FAIL: audit03.readLifecycle.reader.p1.m0.field14.bad3.action
FAIL: audit03.readLifecycle.reader.p1.m0.field14.bad3.empty
FAIL: audit03.readLifecycle.reader.p1.m0.field14.bad3.clearedPlane
FAIL: audit03.readLifecycle.reader.p1.m0.field14.bad3.clearedSelection
FAIL: audit03.readLifecycle.reader.p1.m0.field14.bad4.error
FAIL: audit03.readLifecycle.reader.p1.m0.field14.bad4.field
FAIL: audit03.readLifecycle.reader.p1.m0.field14.bad4.address
FAIL: audit03.readLifecycle.reader.p1.m0.field14.bad4.action
FAIL: audit03.readLifecycle.reader.p1.m0.field14.bad4.empty
FAIL: audit03.readLifecycle.reader.p1.m0.field14.bad4.clearedPlane
FAIL: audit03.readLifecycle.reader.p1.m0.field14.bad4.clearedSelection
FAIL: audit03.readLifecycle.reader.late.p1.m0.empty
FAIL: audit03.readLifecycle.reader.p1.m1.field0.bad0.error
FAIL: audit03.readLifecycle.reader.p1.m1.field0.bad0.field
FAIL: audit03.readLifecycle.reader.p1.m1.field0.bad0.address
FAIL: audit03.readLifecycle.reader.p1.m1.field0.bad0.action
FAIL: audit03.readLifecycle.reader.p1.m1.field0.bad0.clearedSelection
FAIL: audit03.readLifecycle.reader.p1.m1.field0.bad1.error
FAIL: audit03.readLifecycle.reader.p1.m1.field0.bad1.field
FAIL: audit03.readLifecycle.reader.p1.m1.field0.bad1.address
FAIL: audit03.readLifecycle.reader.p1.m1.field0.bad1.action
FAIL: audit03.readLifecycle.reader.p1.m1.field0.bad1.empty
FAIL: audit03.readLifecycle.reader.p1.m1.field0.bad1.clearedSelection
FAIL: audit03.readLifecycle.reader.p1.m1.field0.bad2.error
FAIL: audit03.readLifecycle.reader.p1.m1.field0.bad2.field
FAIL: audit03.readLifecycle.reader.p1.m1.field0.bad2.address
FAIL: audit03.readLifecycle.reader.p1.m1.field0.bad2.action
FAIL: audit03.readLifecycle.reader.p1.m1.field0.bad2.empty
FAIL: audit03.readLifecycle.reader.p1.m1.field0.bad2.clearedSelection
FAIL: audit03.readLifecycle.reader.p1.m1.field0.bad3.error
FAIL: audit03.readLifecycle.reader.p1.m1.field0.bad3.field
FAIL: audit03.readLifecycle.reader.p1.m1.field0.bad3.address
FAIL: audit03.readLifecycle.reader.p1.m1.field0.bad3.action
FAIL: audit03.readLifecycle.reader.p1.m1.field0.bad3.empty
FAIL: audit03.readLifecycle.reader.p1.m1.field0.bad3.clearedSelection
FAIL: audit03.readLifecycle.reader.p1.m1.field0.bad4.error
FAIL: audit03.readLifecycle.reader.p1.m1.field0.bad4.field
FAIL: audit03.readLifecycle.reader.p1.m1.field0.bad4.address
FAIL: audit03.readLifecycle.reader.p1.m1.field0.bad4.action
FAIL: audit03.readLifecycle.reader.p1.m1.field0.bad4.clearedSelection
FAIL: audit03.readLifecycle.reader.p1.m1.field1.bad0.error
FAIL: audit03.readLifecycle.reader.p1.m1.field1.bad0.field
FAIL: audit03.readLifecycle.reader.p1.m1.field1.bad0.address
FAIL: audit03.readLifecycle.reader.p1.m1.field1.bad0.action
FAIL: audit03.readLifecycle.reader.p1.m1.field1.bad0.clearedSelection
FAIL: audit03.readLifecycle.reader.p1.m1.field1.bad1.error
FAIL: audit03.readLifecycle.reader.p1.m1.field1.bad1.field
FAIL: audit03.readLifecycle.reader.p1.m1.field1.bad1.address
FAIL: audit03.readLifecycle.reader.p1.m1.field1.bad1.action
FAIL: audit03.readLifecycle.reader.p1.m1.field1.bad1.empty
FAIL: audit03.readLifecycle.reader.p1.m1.field1.bad1.clearedSelection
FAIL: audit03.readLifecycle.reader.p1.m1.field1.bad2.error
FAIL: audit03.readLifecycle.reader.p1.m1.field1.bad2.field
FAIL: audit03.readLifecycle.reader.p1.m1.field1.bad2.address
FAIL: audit03.readLifecycle.reader.p1.m1.field1.bad2.action
FAIL: audit03.readLifecycle.reader.p1.m1.field1.bad2.empty
FAIL: audit03.readLifecycle.reader.p1.m1.field1.bad2.clearedSelection
FAIL: audit03.readLifecycle.reader.p1.m1.field1.bad3.error
FAIL: audit03.readLifecycle.reader.p1.m1.field1.bad3.field
FAIL: audit03.readLifecycle.reader.p1.m1.field1.bad3.address
FAIL: audit03.readLifecycle.reader.p1.m1.field1.bad3.action
FAIL: audit03.readLifecycle.reader.p1.m1.field1.bad3.empty
FAIL: audit03.readLifecycle.reader.p1.m1.field1.bad3.clearedSelection
FAIL: audit03.readLifecycle.reader.p1.m1.field1.bad4.error
FAIL: audit03.readLifecycle.reader.p1.m1.field1.bad4.field
FAIL: audit03.readLifecycle.reader.p1.m1.field1.bad4.address
FAIL: audit03.readLifecycle.reader.p1.m1.field1.bad4.action
FAIL: audit03.readLifecycle.reader.p1.m1.field1.bad4.clearedSelection
FAIL: audit03.readLifecycle.reader.p1.m1.field2.bad0.error
FAIL: audit03.readLifecycle.reader.p1.m1.field2.bad0.field
FAIL: audit03.readLifecycle.reader.p1.m1.field2.bad0.address
FAIL: audit03.readLifecycle.reader.p1.m1.field2.bad0.action
FAIL: audit03.readLifecycle.reader.p1.m1.field2.bad0.clearedSelection
FAIL: audit03.readLifecycle.reader.p1.m1.field2.bad1.error
FAIL: audit03.readLifecycle.reader.p1.m1.field2.bad1.field
FAIL: audit03.readLifecycle.reader.p1.m1.field2.bad1.address
FAIL: audit03.readLifecycle.reader.p1.m1.field2.bad1.action
FAIL: audit03.readLifecycle.reader.p1.m1.field2.bad1.empty
FAIL: audit03.readLifecycle.reader.p1.m1.field2.bad1.clearedSelection
FAIL: audit03.readLifecycle.reader.p1.m1.field2.bad2.error
FAIL: audit03.readLifecycle.reader.p1.m1.field2.bad2.field
FAIL: audit03.readLifecycle.reader.p1.m1.field2.bad2.address
FAIL: audit03.readLifecycle.reader.p1.m1.field2.bad2.action
FAIL: audit03.readLifecycle.reader.p1.m1.field2.bad2.empty
FAIL: audit03.readLifecycle.reader.p1.m1.field2.bad2.clearedSelection
FAIL: audit03.readLifecycle.reader.p1.m1.field2.bad3.error
FAIL: audit03.readLifecycle.reader.p1.m1.field2.bad3.field
FAIL: audit03.readLifecycle.reader.p1.m1.field2.bad3.address
FAIL: audit03.readLifecycle.reader.p1.m1.field2.bad3.action
FAIL: audit03.readLifecycle.reader.p1.m1.field2.bad3.empty
FAIL: audit03.readLifecycle.reader.p1.m1.field2.bad3.clearedSelection
FAIL: audit03.readLifecycle.reader.p1.m1.field2.bad4.error
FAIL: audit03.readLifecycle.reader.p1.m1.field2.bad4.field
FAIL: audit03.readLifecycle.reader.p1.m1.field2.bad4.address
FAIL: audit03.readLifecycle.reader.p1.m1.field2.bad4.action
FAIL: audit03.readLifecycle.reader.p1.m1.field2.bad4.clearedSelection
FAIL: audit03.readLifecycle.reader.p1.m1.field3.bad0.error
FAIL: audit03.readLifecycle.reader.p1.m1.field3.bad0.field
FAIL: audit03.readLifecycle.reader.p1.m1.field3.bad0.address
FAIL: audit03.readLifecycle.reader.p1.m1.field3.bad0.action
FAIL: audit03.readLifecycle.reader.p1.m1.field3.bad0.clearedSelection
FAIL: audit03.readLifecycle.reader.p1.m1.field3.bad1.error
FAIL: audit03.readLifecycle.reader.p1.m1.field3.bad1.field
FAIL: audit03.readLifecycle.reader.p1.m1.field3.bad1.address
FAIL: audit03.readLifecycle.reader.p1.m1.field3.bad1.action
FAIL: audit03.readLifecycle.reader.p1.m1.field3.bad1.empty
FAIL: audit03.readLifecycle.reader.p1.m1.field3.bad1.clearedSelection
FAIL: audit03.readLifecycle.reader.p1.m1.field3.bad2.error
FAIL: audit03.readLifecycle.reader.p1.m1.field3.bad2.field
FAIL: audit03.readLifecycle.reader.p1.m1.field3.bad2.address
FAIL: audit03.readLifecycle.reader.p1.m1.field3.bad2.action
FAIL: audit03.readLifecycle.reader.p1.m1.field3.bad2.empty
FAIL: audit03.readLifecycle.reader.p1.m1.field3.bad2.clearedSelection
FAIL: audit03.readLifecycle.reader.p1.m1.field3.bad3.error
FAIL: audit03.readLifecycle.reader.p1.m1.field3.bad3.field
FAIL: audit03.readLifecycle.reader.p1.m1.field3.bad3.address
FAIL: audit03.readLifecycle.reader.p1.m1.field3.bad3.action
FAIL: audit03.readLifecycle.reader.p1.m1.field3.bad3.empty
FAIL: audit03.readLifecycle.reader.p1.m1.field3.bad3.clearedSelection
FAIL: audit03.readLifecycle.reader.p1.m1.field3.bad4.error
FAIL: audit03.readLifecycle.reader.p1.m1.field3.bad4.field
FAIL: audit03.readLifecycle.reader.p1.m1.field3.bad4.address
FAIL: audit03.readLifecycle.reader.p1.m1.field3.bad4.action
FAIL: audit03.readLifecycle.reader.p1.m1.field3.bad4.clearedSelection
FAIL: audit03.readLifecycle.reader.p1.m1.field4.bad0.error
FAIL: audit03.readLifecycle.reader.p1.m1.field4.bad0.field
FAIL: audit03.readLifecycle.reader.p1.m1.field4.bad0.address
FAIL: audit03.readLifecycle.reader.p1.m1.field4.bad0.action
FAIL: audit03.readLifecycle.reader.p1.m1.field4.bad0.clearedSelection
FAIL: audit03.readLifecycle.reader.p1.m1.field4.bad1.error
FAIL: audit03.readLifecycle.reader.p1.m1.field4.bad1.field
FAIL: audit03.readLifecycle.reader.p1.m1.field4.bad1.address
FAIL: audit03.readLifecycle.reader.p1.m1.field4.bad1.action
FAIL: audit03.readLifecycle.reader.p1.m1.field4.bad1.empty
FAIL: audit03.readLifecycle.reader.p1.m1.field4.bad1.clearedSelection
FAIL: audit03.readLifecycle.reader.p1.m1.field4.bad2.error
FAIL: audit03.readLifecycle.reader.p1.m1.field4.bad2.field
FAIL: audit03.readLifecycle.reader.p1.m1.field4.bad2.address
FAIL: audit03.readLifecycle.reader.p1.m1.field4.bad2.action
FAIL: audit03.readLifecycle.reader.p1.m1.field4.bad2.empty
FAIL: audit03.readLifecycle.reader.p1.m1.field4.bad2.clearedSelection
FAIL: audit03.readLifecycle.reader.p1.m1.field4.bad3.error
FAIL: audit03.readLifecycle.reader.p1.m1.field4.bad3.field
FAIL: audit03.readLifecycle.reader.p1.m1.field4.bad3.address
FAIL: audit03.readLifecycle.reader.p1.m1.field4.bad3.action
FAIL: audit03.readLifecycle.reader.p1.m1.field4.bad3.empty
FAIL: audit03.readLifecycle.reader.p1.m1.field4.bad3.clearedSelection
FAIL: audit03.readLifecycle.reader.p1.m1.field4.bad4.error
FAIL: audit03.readLifecycle.reader.p1.m1.field4.bad4.field
FAIL: audit03.readLifecycle.reader.p1.m1.field4.bad4.address
FAIL: audit03.readLifecycle.reader.p1.m1.field4.bad4.action
FAIL: audit03.readLifecycle.reader.p1.m1.field4.bad4.clearedSelection
FAIL: audit03.readLifecycle.reader.p1.m1.field5.bad0.error
FAIL: audit03.readLifecycle.reader.p1.m1.field5.bad0.field
FAIL: audit03.readLifecycle.reader.p1.m1.field5.bad0.address
FAIL: audit03.readLifecycle.reader.p1.m1.field5.bad0.action
FAIL: audit03.readLifecycle.reader.p1.m1.field5.bad0.clearedSelection
FAIL: audit03.readLifecycle.reader.p1.m1.field5.bad1.error
FAIL: audit03.readLifecycle.reader.p1.m1.field5.bad1.field
FAIL: audit03.readLifecycle.reader.p1.m1.field5.bad1.address
FAIL: audit03.readLifecycle.reader.p1.m1.field5.bad1.action
FAIL: audit03.readLifecycle.reader.p1.m1.field5.bad1.empty
FAIL: audit03.readLifecycle.reader.p1.m1.field5.bad1.clearedSelection
FAIL: audit03.readLifecycle.reader.p1.m1.field5.bad2.error
FAIL: audit03.readLifecycle.reader.p1.m1.field5.bad2.field
FAIL: audit03.readLifecycle.reader.p1.m1.field5.bad2.address
FAIL: audit03.readLifecycle.reader.p1.m1.field5.bad2.action
FAIL: audit03.readLifecycle.reader.p1.m1.field5.bad2.empty
FAIL: audit03.readLifecycle.reader.p1.m1.field5.bad2.clearedSelection
FAIL: audit03.readLifecycle.reader.p1.m1.field5.bad3.error
FAIL: audit03.readLifecycle.reader.p1.m1.field5.bad3.field
FAIL: audit03.readLifecycle.reader.p1.m1.field5.bad3.address
FAIL: audit03.readLifecycle.reader.p1.m1.field5.bad3.action
FAIL: audit03.readLifecycle.reader.p1.m1.field5.bad3.empty
FAIL: audit03.readLifecycle.reader.p1.m1.field5.bad3.clearedSelection
FAIL: audit03.readLifecycle.reader.p1.m1.field5.bad4.error
FAIL: audit03.readLifecycle.reader.p1.m1.field5.bad4.field
FAIL: audit03.readLifecycle.reader.p1.m1.field5.bad4.address
FAIL: audit03.readLifecycle.reader.p1.m1.field5.bad4.action
FAIL: audit03.readLifecycle.reader.p1.m1.field5.bad4.clearedSelection
FAIL: audit03.readLifecycle.reader.p1.m1.field6.bad0.error
FAIL: audit03.readLifecycle.reader.p1.m1.field6.bad0.field
FAIL: audit03.readLifecycle.reader.p1.m1.field6.bad0.address
FAIL: audit03.readLifecycle.reader.p1.m1.field6.bad0.action
FAIL: audit03.readLifecycle.reader.p1.m1.field6.bad0.clearedSelection
FAIL: audit03.readLifecycle.reader.p1.m1.field6.bad1.error
FAIL: audit03.readLifecycle.reader.p1.m1.field6.bad1.field
FAIL: audit03.readLifecycle.reader.p1.m1.field6.bad1.address
FAIL: audit03.readLifecycle.reader.p1.m1.field6.bad1.action
FAIL: audit03.readLifecycle.reader.p1.m1.field6.bad1.empty
FAIL: audit03.readLifecycle.reader.p1.m1.field6.bad1.clearedSelection
FAIL: audit03.readLifecycle.reader.p1.m1.field6.bad2.error
FAIL: audit03.readLifecycle.reader.p1.m1.field6.bad2.field
FAIL: audit03.readLifecycle.reader.p1.m1.field6.bad2.address
FAIL: audit03.readLifecycle.reader.p1.m1.field6.bad2.action
FAIL: audit03.readLifecycle.reader.p1.m1.field6.bad2.empty
FAIL: audit03.readLifecycle.reader.p1.m1.field6.bad2.clearedSelection
FAIL: audit03.readLifecycle.reader.p1.m1.field6.bad3.error
FAIL: audit03.readLifecycle.reader.p1.m1.field6.bad3.field
FAIL: audit03.readLifecycle.reader.p1.m1.field6.bad3.address
FAIL: audit03.readLifecycle.reader.p1.m1.field6.bad3.action
FAIL: audit03.readLifecycle.reader.p1.m1.field6.bad3.empty
FAIL: audit03.readLifecycle.reader.p1.m1.field6.bad3.clearedSelection
FAIL: audit03.readLifecycle.reader.p1.m1.field6.bad4.error
FAIL: audit03.readLifecycle.reader.p1.m1.field6.bad4.field
FAIL: audit03.readLifecycle.reader.p1.m1.field6.bad4.address
FAIL: audit03.readLifecycle.reader.p1.m1.field6.bad4.action
FAIL: audit03.readLifecycle.reader.p1.m1.field6.bad4.clearedSelection
FAIL: audit03.readLifecycle.reader.p1.m1.field7.bad0.error
FAIL: audit03.readLifecycle.reader.p1.m1.field7.bad0.field
FAIL: audit03.readLifecycle.reader.p1.m1.field7.bad0.address
FAIL: audit03.readLifecycle.reader.p1.m1.field7.bad0.action
FAIL: audit03.readLifecycle.reader.p1.m1.field7.bad0.clearedSelection
FAIL: audit03.readLifecycle.reader.p1.m1.field7.bad1.error
FAIL: audit03.readLifecycle.reader.p1.m1.field7.bad1.field
FAIL: audit03.readLifecycle.reader.p1.m1.field7.bad1.address
FAIL: audit03.readLifecycle.reader.p1.m1.field7.bad1.action
FAIL: audit03.readLifecycle.reader.p1.m1.field7.bad1.empty
FAIL: audit03.readLifecycle.reader.p1.m1.field7.bad1.clearedSelection
FAIL: audit03.readLifecycle.reader.p1.m1.field7.bad2.error
FAIL: audit03.readLifecycle.reader.p1.m1.field7.bad2.field
FAIL: audit03.readLifecycle.reader.p1.m1.field7.bad2.address
FAIL: audit03.readLifecycle.reader.p1.m1.field7.bad2.action
FAIL: audit03.readLifecycle.reader.p1.m1.field7.bad2.empty
FAIL: audit03.readLifecycle.reader.p1.m1.field7.bad2.clearedSelection
FAIL: audit03.readLifecycle.reader.p1.m1.field7.bad3.error
FAIL: audit03.readLifecycle.reader.p1.m1.field7.bad3.field
FAIL: audit03.readLifecycle.reader.p1.m1.field7.bad3.address
FAIL: audit03.readLifecycle.reader.p1.m1.field7.bad3.action
FAIL: audit03.readLifecycle.reader.p1.m1.field7.bad3.empty
FAIL: audit03.readLifecycle.reader.p1.m1.field7.bad3.clearedSelection
FAIL: audit03.readLifecycle.reader.p1.m1.field7.bad4.error
FAIL: audit03.readLifecycle.reader.p1.m1.field7.bad4.field
FAIL: audit03.readLifecycle.reader.p1.m1.field7.bad4.address
FAIL: audit03.readLifecycle.reader.p1.m1.field7.bad4.action
FAIL: audit03.readLifecycle.reader.p1.m1.field7.bad4.clearedSelection
FAIL: audit03.readLifecycle.reader.p1.m1.field8.bad0.error
FAIL: audit03.readLifecycle.reader.p1.m1.field8.bad0.field
FAIL: audit03.readLifecycle.reader.p1.m1.field8.bad0.address
FAIL: audit03.readLifecycle.reader.p1.m1.field8.bad0.action
FAIL: audit03.readLifecycle.reader.p1.m1.field8.bad0.clearedSelection
FAIL: audit03.readLifecycle.reader.p1.m1.field8.bad1.error
FAIL: audit03.readLifecycle.reader.p1.m1.field8.bad1.field
FAIL: audit03.readLifecycle.reader.p1.m1.field8.bad1.address
FAIL: audit03.readLifecycle.reader.p1.m1.field8.bad1.action
FAIL: audit03.readLifecycle.reader.p1.m1.field8.bad1.empty
FAIL: audit03.readLifecycle.reader.p1.m1.field8.bad1.clearedSelection
FAIL: audit03.readLifecycle.reader.p1.m1.field8.bad2.error
FAIL: audit03.readLifecycle.reader.p1.m1.field8.bad2.field
FAIL: audit03.readLifecycle.reader.p1.m1.field8.bad2.address
FAIL: audit03.readLifecycle.reader.p1.m1.field8.bad2.action
FAIL: audit03.readLifecycle.reader.p1.m1.field8.bad2.empty
FAIL: audit03.readLifecycle.reader.p1.m1.field8.bad2.clearedSelection
FAIL: audit03.readLifecycle.reader.p1.m1.field8.bad3.error
FAIL: audit03.readLifecycle.reader.p1.m1.field8.bad3.field
FAIL: audit03.readLifecycle.reader.p1.m1.field8.bad3.address
FAIL: audit03.readLifecycle.reader.p1.m1.field8.bad3.action
FAIL: audit03.readLifecycle.reader.p1.m1.field8.bad3.empty
FAIL: audit03.readLifecycle.reader.p1.m1.field8.bad3.clearedSelection
FAIL: audit03.readLifecycle.reader.p1.m1.field8.bad4.error
FAIL: audit03.readLifecycle.reader.p1.m1.field8.bad4.field
FAIL: audit03.readLifecycle.reader.p1.m1.field8.bad4.address
FAIL: audit03.readLifecycle.reader.p1.m1.field8.bad4.action
FAIL: audit03.readLifecycle.reader.p1.m1.field8.bad4.clearedSelection
FAIL: audit03.readLifecycle.reader.p1.m1.field9.bad0.error
FAIL: audit03.readLifecycle.reader.p1.m1.field9.bad0.field
FAIL: audit03.readLifecycle.reader.p1.m1.field9.bad0.address
FAIL: audit03.readLifecycle.reader.p1.m1.field9.bad0.action
FAIL: audit03.readLifecycle.reader.p1.m1.field9.bad0.clearedSelection
FAIL: audit03.readLifecycle.reader.p1.m1.field9.bad1.error
FAIL: audit03.readLifecycle.reader.p1.m1.field9.bad1.field
FAIL: audit03.readLifecycle.reader.p1.m1.field9.bad1.address
FAIL: audit03.readLifecycle.reader.p1.m1.field9.bad1.action
FAIL: audit03.readLifecycle.reader.p1.m1.field9.bad1.empty
FAIL: audit03.readLifecycle.reader.p1.m1.field9.bad1.clearedSelection
FAIL: audit03.readLifecycle.reader.p1.m1.field9.bad2.error
FAIL: audit03.readLifecycle.reader.p1.m1.field9.bad2.field
FAIL: audit03.readLifecycle.reader.p1.m1.field9.bad2.address
FAIL: audit03.readLifecycle.reader.p1.m1.field9.bad2.action
FAIL: audit03.readLifecycle.reader.p1.m1.field9.bad2.empty
FAIL: audit03.readLifecycle.reader.p1.m1.field9.bad2.clearedSelection
FAIL: audit03.readLifecycle.reader.p1.m1.field9.bad3.error
FAIL: audit03.readLifecycle.reader.p1.m1.field9.bad3.field
FAIL: audit03.readLifecycle.reader.p1.m1.field9.bad3.address
FAIL: audit03.readLifecycle.reader.p1.m1.field9.bad3.action
FAIL: audit03.readLifecycle.reader.p1.m1.field9.bad3.empty
FAIL: audit03.readLifecycle.reader.p1.m1.field9.bad3.clearedSelection
FAIL: audit03.readLifecycle.reader.p1.m1.field9.bad4.error
FAIL: audit03.readLifecycle.reader.p1.m1.field9.bad4.field
FAIL: audit03.readLifecycle.reader.p1.m1.field9.bad4.address
FAIL: audit03.readLifecycle.reader.p1.m1.field9.bad4.action
FAIL: audit03.readLifecycle.reader.p1.m1.field9.bad4.clearedSelection
FAIL: audit03.readLifecycle.reader.p1.m1.field10.bad0.error
FAIL: audit03.readLifecycle.reader.p1.m1.field10.bad0.field
FAIL: audit03.readLifecycle.reader.p1.m1.field10.bad0.address
FAIL: audit03.readLifecycle.reader.p1.m1.field10.bad0.action
FAIL: audit03.readLifecycle.reader.p1.m1.field10.bad0.empty
FAIL: audit03.readLifecycle.reader.p1.m1.field10.bad0.clearedSelection
FAIL: audit03.readLifecycle.reader.p1.m1.field10.bad1.error
FAIL: audit03.readLifecycle.reader.p1.m1.field10.bad1.field
FAIL: audit03.readLifecycle.reader.p1.m1.field10.bad1.address
FAIL: audit03.readLifecycle.reader.p1.m1.field10.bad1.action
FAIL: audit03.readLifecycle.reader.p1.m1.field10.bad1.empty
FAIL: audit03.readLifecycle.reader.p1.m1.field10.bad1.clearedSelection
FAIL: audit03.readLifecycle.reader.p1.m1.field10.bad2.error
FAIL: audit03.readLifecycle.reader.p1.m1.field10.bad2.field
FAIL: audit03.readLifecycle.reader.p1.m1.field10.bad2.address
FAIL: audit03.readLifecycle.reader.p1.m1.field10.bad2.action
FAIL: audit03.readLifecycle.reader.p1.m1.field10.bad2.empty
FAIL: audit03.readLifecycle.reader.p1.m1.field10.bad2.clearedSelection
FAIL: audit03.readLifecycle.reader.p1.m1.field10.bad3.error
FAIL: audit03.readLifecycle.reader.p1.m1.field10.bad3.field
FAIL: audit03.readLifecycle.reader.p1.m1.field10.bad3.address
FAIL: audit03.readLifecycle.reader.p1.m1.field10.bad3.action
FAIL: audit03.readLifecycle.reader.p1.m1.field10.bad3.empty
FAIL: audit03.readLifecycle.reader.p1.m1.field10.bad3.clearedSelection
FAIL: audit03.readLifecycle.reader.p1.m1.field10.bad4.error
FAIL: audit03.readLifecycle.reader.p1.m1.field10.bad4.field
FAIL: audit03.readLifecycle.reader.p1.m1.field10.bad4.address
FAIL: audit03.readLifecycle.reader.p1.m1.field10.bad4.action
FAIL: audit03.readLifecycle.reader.p1.m1.field10.bad4.empty
FAIL: audit03.readLifecycle.reader.p1.m1.field10.bad4.clearedSelection
FAIL: audit03.readLifecycle.reader.p1.m1.field11.bad0.error
FAIL: audit03.readLifecycle.reader.p1.m1.field11.bad0.field
FAIL: audit03.readLifecycle.reader.p1.m1.field11.bad0.address
FAIL: audit03.readLifecycle.reader.p1.m1.field11.bad0.action
FAIL: audit03.readLifecycle.reader.p1.m1.field11.bad0.empty
FAIL: audit03.readLifecycle.reader.p1.m1.field11.bad0.clearedSelection
FAIL: audit03.readLifecycle.reader.p1.m1.field11.bad1.error
FAIL: audit03.readLifecycle.reader.p1.m1.field11.bad1.field
FAIL: audit03.readLifecycle.reader.p1.m1.field11.bad1.address
FAIL: audit03.readLifecycle.reader.p1.m1.field11.bad1.action
FAIL: audit03.readLifecycle.reader.p1.m1.field11.bad1.empty
FAIL: audit03.readLifecycle.reader.p1.m1.field11.bad1.clearedSelection
FAIL: audit03.readLifecycle.reader.p1.m1.field11.bad2.error
FAIL: audit03.readLifecycle.reader.p1.m1.field11.bad2.field
FAIL: audit03.readLifecycle.reader.p1.m1.field11.bad2.address
FAIL: audit03.readLifecycle.reader.p1.m1.field11.bad2.action
FAIL: audit03.readLifecycle.reader.p1.m1.field11.bad2.empty
FAIL: audit03.readLifecycle.reader.p1.m1.field11.bad2.clearedSelection
FAIL: audit03.readLifecycle.reader.p1.m1.field11.bad3.error
FAIL: audit03.readLifecycle.reader.p1.m1.field11.bad3.field
FAIL: audit03.readLifecycle.reader.p1.m1.field11.bad3.address
FAIL: audit03.readLifecycle.reader.p1.m1.field11.bad3.action
FAIL: audit03.readLifecycle.reader.p1.m1.field11.bad3.empty
FAIL: audit03.readLifecycle.reader.p1.m1.field11.bad3.clearedSelection
FAIL: audit03.readLifecycle.reader.p1.m1.field11.bad4.error
FAIL: audit03.readLifecycle.reader.p1.m1.field11.bad4.field
FAIL: audit03.readLifecycle.reader.p1.m1.field11.bad4.address
FAIL: audit03.readLifecycle.reader.p1.m1.field11.bad4.action
FAIL: audit03.readLifecycle.reader.p1.m1.field11.bad4.empty
FAIL: audit03.readLifecycle.reader.p1.m1.field11.bad4.clearedSelection
FAIL: audit03.readLifecycle.reader.late.p1.m1.empty
FAIL: audit03.readLifecycle.reader.p1.m2.field0.bad0.error
FAIL: audit03.readLifecycle.reader.p1.m2.field0.bad0.field
FAIL: audit03.readLifecycle.reader.p1.m2.field0.bad0.address
FAIL: audit03.readLifecycle.reader.p1.m2.field0.bad0.action
FAIL: audit03.readLifecycle.reader.p1.m2.field0.bad0.clearedSelection
FAIL: audit03.readLifecycle.reader.p1.m2.field0.bad1.error
FAIL: audit03.readLifecycle.reader.p1.m2.field0.bad1.field
FAIL: audit03.readLifecycle.reader.p1.m2.field0.bad1.address
FAIL: audit03.readLifecycle.reader.p1.m2.field0.bad1.action
FAIL: audit03.readLifecycle.reader.p1.m2.field0.bad1.empty
FAIL: audit03.readLifecycle.reader.p1.m2.field0.bad1.clearedPlane
FAIL: audit03.readLifecycle.reader.p1.m2.field0.bad1.clearedSelection
FAIL: audit03.readLifecycle.reader.p1.m2.field0.bad2.error
FAIL: audit03.readLifecycle.reader.p1.m2.field0.bad2.field
FAIL: audit03.readLifecycle.reader.p1.m2.field0.bad2.address
FAIL: audit03.readLifecycle.reader.p1.m2.field0.bad2.action
FAIL: audit03.readLifecycle.reader.p1.m2.field0.bad2.empty
FAIL: audit03.readLifecycle.reader.p1.m2.field0.bad2.clearedPlane
FAIL: audit03.readLifecycle.reader.p1.m2.field0.bad2.clearedSelection
FAIL: audit03.readLifecycle.reader.p1.m2.field0.bad3.error
FAIL: audit03.readLifecycle.reader.p1.m2.field0.bad3.field
FAIL: audit03.readLifecycle.reader.p1.m2.field0.bad3.address
FAIL: audit03.readLifecycle.reader.p1.m2.field0.bad3.action
FAIL: audit03.readLifecycle.reader.p1.m2.field0.bad3.empty
FAIL: audit03.readLifecycle.reader.p1.m2.field0.bad3.clearedPlane
FAIL: audit03.readLifecycle.reader.p1.m2.field0.bad3.clearedSelection
FAIL: audit03.readLifecycle.reader.p1.m2.field0.bad4.error
FAIL: audit03.readLifecycle.reader.p1.m2.field0.bad4.field
FAIL: audit03.readLifecycle.reader.p1.m2.field0.bad4.address
FAIL: audit03.readLifecycle.reader.p1.m2.field0.bad4.action
FAIL: audit03.readLifecycle.reader.p1.m2.field0.bad4.clearedSelection
FAIL: audit03.readLifecycle.reader.p1.m2.field1.bad0.error
FAIL: audit03.readLifecycle.reader.p1.m2.field1.bad0.field
FAIL: audit03.readLifecycle.reader.p1.m2.field1.bad0.address
FAIL: audit03.readLifecycle.reader.p1.m2.field1.bad0.action
FAIL: audit03.readLifecycle.reader.p1.m2.field1.bad0.clearedSelection
FAIL: audit03.readLifecycle.reader.p1.m2.field1.bad1.error
FAIL: audit03.readLifecycle.reader.p1.m2.field1.bad1.field
FAIL: audit03.readLifecycle.reader.p1.m2.field1.bad1.address
FAIL: audit03.readLifecycle.reader.p1.m2.field1.bad1.action
FAIL: audit03.readLifecycle.reader.p1.m2.field1.bad1.empty
FAIL: audit03.readLifecycle.reader.p1.m2.field1.bad1.clearedPlane
FAIL: audit03.readLifecycle.reader.p1.m2.field1.bad1.clearedSelection
FAIL: audit03.readLifecycle.reader.p1.m2.field1.bad2.error
FAIL: audit03.readLifecycle.reader.p1.m2.field1.bad2.field
FAIL: audit03.readLifecycle.reader.p1.m2.field1.bad2.address
FAIL: audit03.readLifecycle.reader.p1.m2.field1.bad2.action
FAIL: audit03.readLifecycle.reader.p1.m2.field1.bad2.empty
FAIL: audit03.readLifecycle.reader.p1.m2.field1.bad2.clearedPlane
FAIL: audit03.readLifecycle.reader.p1.m2.field1.bad2.clearedSelection
FAIL: audit03.readLifecycle.reader.p1.m2.field1.bad3.error
FAIL: audit03.readLifecycle.reader.p1.m2.field1.bad3.field
FAIL: audit03.readLifecycle.reader.p1.m2.field1.bad3.address
FAIL: audit03.readLifecycle.reader.p1.m2.field1.bad3.action
FAIL: audit03.readLifecycle.reader.p1.m2.field1.bad3.empty
FAIL: audit03.readLifecycle.reader.p1.m2.field1.bad3.clearedPlane
FAIL: audit03.readLifecycle.reader.p1.m2.field1.bad3.clearedSelection
FAIL: audit03.readLifecycle.reader.p1.m2.field1.bad4.error
FAIL: audit03.readLifecycle.reader.p1.m2.field1.bad4.field
FAIL: audit03.readLifecycle.reader.p1.m2.field1.bad4.address
FAIL: audit03.readLifecycle.reader.p1.m2.field1.bad4.action
FAIL: audit03.readLifecycle.reader.p1.m2.field1.bad4.clearedSelection
FAIL: audit03.readLifecycle.reader.p1.m2.field2.bad0.error
FAIL: audit03.readLifecycle.reader.p1.m2.field2.bad0.field
FAIL: audit03.readLifecycle.reader.p1.m2.field2.bad0.address
FAIL: audit03.readLifecycle.reader.p1.m2.field2.bad0.action
FAIL: audit03.readLifecycle.reader.p1.m2.field2.bad0.clearedSelection
FAIL: audit03.readLifecycle.reader.p1.m2.field2.bad1.error
FAIL: audit03.readLifecycle.reader.p1.m2.field2.bad1.field
FAIL: audit03.readLifecycle.reader.p1.m2.field2.bad1.address
FAIL: audit03.readLifecycle.reader.p1.m2.field2.bad1.action
FAIL: audit03.readLifecycle.reader.p1.m2.field2.bad1.empty
FAIL: audit03.readLifecycle.reader.p1.m2.field2.bad1.clearedPlane
FAIL: audit03.readLifecycle.reader.p1.m2.field2.bad1.clearedSelection
FAIL: audit03.readLifecycle.reader.p1.m2.field2.bad2.error
FAIL: audit03.readLifecycle.reader.p1.m2.field2.bad2.field
FAIL: audit03.readLifecycle.reader.p1.m2.field2.bad2.address
FAIL: audit03.readLifecycle.reader.p1.m2.field2.bad2.action
FAIL: audit03.readLifecycle.reader.p1.m2.field2.bad2.empty
FAIL: audit03.readLifecycle.reader.p1.m2.field2.bad2.clearedPlane
FAIL: audit03.readLifecycle.reader.p1.m2.field2.bad2.clearedSelection
FAIL: audit03.readLifecycle.reader.p1.m2.field2.bad3.error
FAIL: audit03.readLifecycle.reader.p1.m2.field2.bad3.field
FAIL: audit03.readLifecycle.reader.p1.m2.field2.bad3.address
FAIL: audit03.readLifecycle.reader.p1.m2.field2.bad3.action
FAIL: audit03.readLifecycle.reader.p1.m2.field2.bad3.empty
FAIL: audit03.readLifecycle.reader.p1.m2.field2.bad3.clearedPlane
FAIL: audit03.readLifecycle.reader.p1.m2.field2.bad3.clearedSelection
FAIL: audit03.readLifecycle.reader.p1.m2.field2.bad4.error
FAIL: audit03.readLifecycle.reader.p1.m2.field2.bad4.field
FAIL: audit03.readLifecycle.reader.p1.m2.field2.bad4.address
FAIL: audit03.readLifecycle.reader.p1.m2.field2.bad4.action
FAIL: audit03.readLifecycle.reader.p1.m2.field2.bad4.clearedSelection
FAIL: audit03.readLifecycle.reader.p1.m2.field3.bad0.error
FAIL: audit03.readLifecycle.reader.p1.m2.field3.bad0.field
FAIL: audit03.readLifecycle.reader.p1.m2.field3.bad0.address
FAIL: audit03.readLifecycle.reader.p1.m2.field3.bad0.action
FAIL: audit03.readLifecycle.reader.p1.m2.field3.bad0.clearedSelection
FAIL: audit03.readLifecycle.reader.p1.m2.field3.bad1.error
FAIL: audit03.readLifecycle.reader.p1.m2.field3.bad1.field
FAIL: audit03.readLifecycle.reader.p1.m2.field3.bad1.address
FAIL: audit03.readLifecycle.reader.p1.m2.field3.bad1.action
FAIL: audit03.readLifecycle.reader.p1.m2.field3.bad1.empty
FAIL: audit03.readLifecycle.reader.p1.m2.field3.bad1.clearedPlane
FAIL: audit03.readLifecycle.reader.p1.m2.field3.bad1.clearedSelection
FAIL: audit03.readLifecycle.reader.p1.m2.field3.bad2.error
FAIL: audit03.readLifecycle.reader.p1.m2.field3.bad2.field
FAIL: audit03.readLifecycle.reader.p1.m2.field3.bad2.address
FAIL: audit03.readLifecycle.reader.p1.m2.field3.bad2.action
FAIL: audit03.readLifecycle.reader.p1.m2.field3.bad2.empty
FAIL: audit03.readLifecycle.reader.p1.m2.field3.bad2.clearedPlane
FAIL: audit03.readLifecycle.reader.p1.m2.field3.bad2.clearedSelection
FAIL: audit03.readLifecycle.reader.p1.m2.field3.bad3.error
FAIL: audit03.readLifecycle.reader.p1.m2.field3.bad3.field
FAIL: audit03.readLifecycle.reader.p1.m2.field3.bad3.address
FAIL: audit03.readLifecycle.reader.p1.m2.field3.bad3.action
FAIL: audit03.readLifecycle.reader.p1.m2.field3.bad3.empty
FAIL: audit03.readLifecycle.reader.p1.m2.field3.bad3.clearedPlane
FAIL: audit03.readLifecycle.reader.p1.m2.field3.bad3.clearedSelection
FAIL: audit03.readLifecycle.reader.p1.m2.field3.bad4.error
FAIL: audit03.readLifecycle.reader.p1.m2.field3.bad4.field
FAIL: audit03.readLifecycle.reader.p1.m2.field3.bad4.address
FAIL: audit03.readLifecycle.reader.p1.m2.field3.bad4.action
FAIL: audit03.readLifecycle.reader.p1.m2.field3.bad4.clearedSelection
FAIL: audit03.readLifecycle.reader.p1.m2.field4.bad0.error
FAIL: audit03.readLifecycle.reader.p1.m2.field4.bad0.field
FAIL: audit03.readLifecycle.reader.p1.m2.field4.bad0.address
FAIL: audit03.readLifecycle.reader.p1.m2.field4.bad0.action
FAIL: audit03.readLifecycle.reader.p1.m2.field4.bad0.clearedSelection
FAIL: audit03.readLifecycle.reader.p1.m2.field4.bad1.error
FAIL: audit03.readLifecycle.reader.p1.m2.field4.bad1.field
FAIL: audit03.readLifecycle.reader.p1.m2.field4.bad1.address
FAIL: audit03.readLifecycle.reader.p1.m2.field4.bad1.action
FAIL: audit03.readLifecycle.reader.p1.m2.field4.bad1.empty
FAIL: audit03.readLifecycle.reader.p1.m2.field4.bad1.clearedPlane
FAIL: audit03.readLifecycle.reader.p1.m2.field4.bad1.clearedSelection
FAIL: audit03.readLifecycle.reader.p1.m2.field4.bad2.error
FAIL: audit03.readLifecycle.reader.p1.m2.field4.bad2.field
FAIL: audit03.readLifecycle.reader.p1.m2.field4.bad2.address
FAIL: audit03.readLifecycle.reader.p1.m2.field4.bad2.action
FAIL: audit03.readLifecycle.reader.p1.m2.field4.bad2.empty
FAIL: audit03.readLifecycle.reader.p1.m2.field4.bad2.clearedPlane
FAIL: audit03.readLifecycle.reader.p1.m2.field4.bad2.clearedSelection
FAIL: audit03.readLifecycle.reader.p1.m2.field4.bad3.error
FAIL: audit03.readLifecycle.reader.p1.m2.field4.bad3.field
FAIL: audit03.readLifecycle.reader.p1.m2.field4.bad3.address
FAIL: audit03.readLifecycle.reader.p1.m2.field4.bad3.action
FAIL: audit03.readLifecycle.reader.p1.m2.field4.bad3.empty
FAIL: audit03.readLifecycle.reader.p1.m2.field4.bad3.clearedPlane
FAIL: audit03.readLifecycle.reader.p1.m2.field4.bad3.clearedSelection
FAIL: audit03.readLifecycle.reader.p1.m2.field4.bad4.error
FAIL: audit03.readLifecycle.reader.p1.m2.field4.bad4.field
FAIL: audit03.readLifecycle.reader.p1.m2.field4.bad4.address
FAIL: audit03.readLifecycle.reader.p1.m2.field4.bad4.action
FAIL: audit03.readLifecycle.reader.p1.m2.field4.bad4.clearedSelection
FAIL: audit03.readLifecycle.reader.p1.m2.field5.bad0.error
FAIL: audit03.readLifecycle.reader.p1.m2.field5.bad0.field
FAIL: audit03.readLifecycle.reader.p1.m2.field5.bad0.address
FAIL: audit03.readLifecycle.reader.p1.m2.field5.bad0.action
FAIL: audit03.readLifecycle.reader.p1.m2.field5.bad0.clearedSelection
FAIL: audit03.readLifecycle.reader.p1.m2.field5.bad1.error
FAIL: audit03.readLifecycle.reader.p1.m2.field5.bad1.field
FAIL: audit03.readLifecycle.reader.p1.m2.field5.bad1.address
FAIL: audit03.readLifecycle.reader.p1.m2.field5.bad1.action
FAIL: audit03.readLifecycle.reader.p1.m2.field5.bad1.empty
FAIL: audit03.readLifecycle.reader.p1.m2.field5.bad1.clearedPlane
FAIL: audit03.readLifecycle.reader.p1.m2.field5.bad1.clearedSelection
FAIL: audit03.readLifecycle.reader.p1.m2.field5.bad2.error
FAIL: audit03.readLifecycle.reader.p1.m2.field5.bad2.field
FAIL: audit03.readLifecycle.reader.p1.m2.field5.bad2.address
FAIL: audit03.readLifecycle.reader.p1.m2.field5.bad2.action
FAIL: audit03.readLifecycle.reader.p1.m2.field5.bad2.empty
FAIL: audit03.readLifecycle.reader.p1.m2.field5.bad2.clearedPlane
FAIL: audit03.readLifecycle.reader.p1.m2.field5.bad2.clearedSelection
FAIL: audit03.readLifecycle.reader.p1.m2.field5.bad3.error
FAIL: audit03.readLifecycle.reader.p1.m2.field5.bad3.field
FAIL: audit03.readLifecycle.reader.p1.m2.field5.bad3.address
FAIL: audit03.readLifecycle.reader.p1.m2.field5.bad3.action
FAIL: audit03.readLifecycle.reader.p1.m2.field5.bad3.empty
FAIL: audit03.readLifecycle.reader.p1.m2.field5.bad3.clearedPlane
FAIL: audit03.readLifecycle.reader.p1.m2.field5.bad3.clearedSelection
FAIL: audit03.readLifecycle.reader.p1.m2.field5.bad4.error
FAIL: audit03.readLifecycle.reader.p1.m2.field5.bad4.field
FAIL: audit03.readLifecycle.reader.p1.m2.field5.bad4.address
FAIL: audit03.readLifecycle.reader.p1.m2.field5.bad4.action
FAIL: audit03.readLifecycle.reader.p1.m2.field5.bad4.clearedSelection
FAIL: audit03.readLifecycle.reader.p1.m2.field6.bad0.error
FAIL: audit03.readLifecycle.reader.p1.m2.field6.bad0.field
FAIL: audit03.readLifecycle.reader.p1.m2.field6.bad0.address
FAIL: audit03.readLifecycle.reader.p1.m2.field6.bad0.action
FAIL: audit03.readLifecycle.reader.p1.m2.field6.bad0.clearedSelection
FAIL: audit03.readLifecycle.reader.p1.m2.field6.bad1.error
FAIL: audit03.readLifecycle.reader.p1.m2.field6.bad1.field
FAIL: audit03.readLifecycle.reader.p1.m2.field6.bad1.address
FAIL: audit03.readLifecycle.reader.p1.m2.field6.bad1.action
FAIL: audit03.readLifecycle.reader.p1.m2.field6.bad1.empty
FAIL: audit03.readLifecycle.reader.p1.m2.field6.bad1.clearedPlane
FAIL: audit03.readLifecycle.reader.p1.m2.field6.bad1.clearedSelection
FAIL: audit03.readLifecycle.reader.p1.m2.field6.bad2.error
FAIL: audit03.readLifecycle.reader.p1.m2.field6.bad2.field
FAIL: audit03.readLifecycle.reader.p1.m2.field6.bad2.address
FAIL: audit03.readLifecycle.reader.p1.m2.field6.bad2.action
FAIL: audit03.readLifecycle.reader.p1.m2.field6.bad2.empty
FAIL: audit03.readLifecycle.reader.p1.m2.field6.bad2.clearedPlane
FAIL: audit03.readLifecycle.reader.p1.m2.field6.bad2.clearedSelection
FAIL: audit03.readLifecycle.reader.p1.m2.field6.bad3.error
FAIL: audit03.readLifecycle.reader.p1.m2.field6.bad3.field
FAIL: audit03.readLifecycle.reader.p1.m2.field6.bad3.address
FAIL: audit03.readLifecycle.reader.p1.m2.field6.bad3.action
FAIL: audit03.readLifecycle.reader.p1.m2.field6.bad3.empty
FAIL: audit03.readLifecycle.reader.p1.m2.field6.bad3.clearedPlane
FAIL: audit03.readLifecycle.reader.p1.m2.field6.bad3.clearedSelection
FAIL: audit03.readLifecycle.reader.p1.m2.field6.bad4.error
FAIL: audit03.readLifecycle.reader.p1.m2.field6.bad4.field
FAIL: audit03.readLifecycle.reader.p1.m2.field6.bad4.address
FAIL: audit03.readLifecycle.reader.p1.m2.field6.bad4.action
FAIL: audit03.readLifecycle.reader.p1.m2.field6.bad4.clearedSelection
FAIL: audit03.readLifecycle.reader.p1.m2.field7.bad0.error
FAIL: audit03.readLifecycle.reader.p1.m2.field7.bad0.field
FAIL: audit03.readLifecycle.reader.p1.m2.field7.bad0.address
FAIL: audit03.readLifecycle.reader.p1.m2.field7.bad0.action
FAIL: audit03.readLifecycle.reader.p1.m2.field7.bad0.clearedSelection
FAIL: audit03.readLifecycle.reader.p1.m2.field7.bad1.error
FAIL: audit03.readLifecycle.reader.p1.m2.field7.bad1.field
FAIL: audit03.readLifecycle.reader.p1.m2.field7.bad1.address
FAIL: audit03.readLifecycle.reader.p1.m2.field7.bad1.action
FAIL: audit03.readLifecycle.reader.p1.m2.field7.bad1.empty
FAIL: audit03.readLifecycle.reader.p1.m2.field7.bad1.clearedPlane
FAIL: audit03.readLifecycle.reader.p1.m2.field7.bad1.clearedSelection
FAIL: audit03.readLifecycle.reader.p1.m2.field7.bad2.error
FAIL: audit03.readLifecycle.reader.p1.m2.field7.bad2.field
FAIL: audit03.readLifecycle.reader.p1.m2.field7.bad2.address
FAIL: audit03.readLifecycle.reader.p1.m2.field7.bad2.action
FAIL: audit03.readLifecycle.reader.p1.m2.field7.bad2.empty
FAIL: audit03.readLifecycle.reader.p1.m2.field7.bad2.clearedPlane
FAIL: audit03.readLifecycle.reader.p1.m2.field7.bad2.clearedSelection
FAIL: audit03.readLifecycle.reader.p1.m2.field7.bad3.error
FAIL: audit03.readLifecycle.reader.p1.m2.field7.bad3.field
FAIL: audit03.readLifecycle.reader.p1.m2.field7.bad3.address
FAIL: audit03.readLifecycle.reader.p1.m2.field7.bad3.action
FAIL: audit03.readLifecycle.reader.p1.m2.field7.bad3.empty
FAIL: audit03.readLifecycle.reader.p1.m2.field7.bad3.clearedPlane
FAIL: audit03.readLifecycle.reader.p1.m2.field7.bad3.clearedSelection
FAIL: audit03.readLifecycle.reader.p1.m2.field7.bad4.error
FAIL: audit03.readLifecycle.reader.p1.m2.field7.bad4.field
FAIL: audit03.readLifecycle.reader.p1.m2.field7.bad4.address
FAIL: audit03.readLifecycle.reader.p1.m2.field7.bad4.action
FAIL: audit03.readLifecycle.reader.p1.m2.field7.bad4.clearedSelection
FAIL: audit03.readLifecycle.reader.p1.m2.field8.bad0.error
FAIL: audit03.readLifecycle.reader.p1.m2.field8.bad0.field
FAIL: audit03.readLifecycle.reader.p1.m2.field8.bad0.address
FAIL: audit03.readLifecycle.reader.p1.m2.field8.bad0.action
FAIL: audit03.readLifecycle.reader.p1.m2.field8.bad0.clearedSelection
FAIL: audit03.readLifecycle.reader.p1.m2.field8.bad1.error
FAIL: audit03.readLifecycle.reader.p1.m2.field8.bad1.field
FAIL: audit03.readLifecycle.reader.p1.m2.field8.bad1.address
FAIL: audit03.readLifecycle.reader.p1.m2.field8.bad1.action
FAIL: audit03.readLifecycle.reader.p1.m2.field8.bad1.empty
FAIL: audit03.readLifecycle.reader.p1.m2.field8.bad1.clearedPlane
FAIL: audit03.readLifecycle.reader.p1.m2.field8.bad1.clearedSelection
FAIL: audit03.readLifecycle.reader.p1.m2.field8.bad2.error
FAIL: audit03.readLifecycle.reader.p1.m2.field8.bad2.field
FAIL: audit03.readLifecycle.reader.p1.m2.field8.bad2.address
FAIL: audit03.readLifecycle.reader.p1.m2.field8.bad2.action
FAIL: audit03.readLifecycle.reader.p1.m2.field8.bad2.empty
FAIL: audit03.readLifecycle.reader.p1.m2.field8.bad2.clearedPlane
FAIL: audit03.readLifecycle.reader.p1.m2.field8.bad2.clearedSelection
FAIL: audit03.readLifecycle.reader.p1.m2.field8.bad3.error
FAIL: audit03.readLifecycle.reader.p1.m2.field8.bad3.field
FAIL: audit03.readLifecycle.reader.p1.m2.field8.bad3.address
FAIL: audit03.readLifecycle.reader.p1.m2.field8.bad3.action
FAIL: audit03.readLifecycle.reader.p1.m2.field8.bad3.empty
FAIL: audit03.readLifecycle.reader.p1.m2.field8.bad3.clearedPlane
FAIL: audit03.readLifecycle.reader.p1.m2.field8.bad3.clearedSelection
FAIL: audit03.readLifecycle.reader.p1.m2.field8.bad4.error
FAIL: audit03.readLifecycle.reader.p1.m2.field8.bad4.field
FAIL: audit03.readLifecycle.reader.p1.m2.field8.bad4.address
FAIL: audit03.readLifecycle.reader.p1.m2.field8.bad4.action
FAIL: audit03.readLifecycle.reader.p1.m2.field8.bad4.clearedSelection
FAIL: audit03.readLifecycle.reader.p1.m2.field9.bad0.error
FAIL: audit03.readLifecycle.reader.p1.m2.field9.bad0.field
FAIL: audit03.readLifecycle.reader.p1.m2.field9.bad0.address
FAIL: audit03.readLifecycle.reader.p1.m2.field9.bad0.action
FAIL: audit03.readLifecycle.reader.p1.m2.field9.bad0.clearedSelection
FAIL: audit03.readLifecycle.reader.p1.m2.field9.bad1.error
FAIL: audit03.readLifecycle.reader.p1.m2.field9.bad1.field
FAIL: audit03.readLifecycle.reader.p1.m2.field9.bad1.address
FAIL: audit03.readLifecycle.reader.p1.m2.field9.bad1.action
FAIL: audit03.readLifecycle.reader.p1.m2.field9.bad1.empty
FAIL: audit03.readLifecycle.reader.p1.m2.field9.bad1.clearedPlane
FAIL: audit03.readLifecycle.reader.p1.m2.field9.bad1.clearedSelection
FAIL: audit03.readLifecycle.reader.p1.m2.field9.bad2.error
FAIL: audit03.readLifecycle.reader.p1.m2.field9.bad2.field
FAIL: audit03.readLifecycle.reader.p1.m2.field9.bad2.address
FAIL: audit03.readLifecycle.reader.p1.m2.field9.bad2.action
FAIL: audit03.readLifecycle.reader.p1.m2.field9.bad2.empty
FAIL: audit03.readLifecycle.reader.p1.m2.field9.bad2.clearedPlane
FAIL: audit03.readLifecycle.reader.p1.m2.field9.bad2.clearedSelection
FAIL: audit03.readLifecycle.reader.p1.m2.field9.bad3.error
FAIL: audit03.readLifecycle.reader.p1.m2.field9.bad3.field
FAIL: audit03.readLifecycle.reader.p1.m2.field9.bad3.address
FAIL: audit03.readLifecycle.reader.p1.m2.field9.bad3.action
FAIL: audit03.readLifecycle.reader.p1.m2.field9.bad3.empty
FAIL: audit03.readLifecycle.reader.p1.m2.field9.bad3.clearedPlane
FAIL: audit03.readLifecycle.reader.p1.m2.field9.bad3.clearedSelection
FAIL: audit03.readLifecycle.reader.p1.m2.field9.bad4.error
FAIL: audit03.readLifecycle.reader.p1.m2.field9.bad4.field
FAIL: audit03.readLifecycle.reader.p1.m2.field9.bad4.address
FAIL: audit03.readLifecycle.reader.p1.m2.field9.bad4.action
FAIL: audit03.readLifecycle.reader.p1.m2.field9.bad4.clearedSelection
FAIL: audit03.readLifecycle.reader.p1.m2.field10.bad0.error
FAIL: audit03.readLifecycle.reader.p1.m2.field10.bad0.field
FAIL: audit03.readLifecycle.reader.p1.m2.field10.bad0.address
FAIL: audit03.readLifecycle.reader.p1.m2.field10.bad0.action
FAIL: audit03.readLifecycle.reader.p1.m2.field10.bad0.empty
FAIL: audit03.readLifecycle.reader.p1.m2.field10.bad0.clearedPlane
FAIL: audit03.readLifecycle.reader.p1.m2.field10.bad0.clearedSelection
FAIL: audit03.readLifecycle.reader.p1.m2.field10.bad1.error
FAIL: audit03.readLifecycle.reader.p1.m2.field10.bad1.field
FAIL: audit03.readLifecycle.reader.p1.m2.field10.bad1.address
FAIL: audit03.readLifecycle.reader.p1.m2.field10.bad1.action
FAIL: audit03.readLifecycle.reader.p1.m2.field10.bad1.empty
FAIL: audit03.readLifecycle.reader.p1.m2.field10.bad1.clearedPlane
FAIL: audit03.readLifecycle.reader.p1.m2.field10.bad1.clearedSelection
FAIL: audit03.readLifecycle.reader.p1.m2.field10.bad2.error
FAIL: audit03.readLifecycle.reader.p1.m2.field10.bad2.field
FAIL: audit03.readLifecycle.reader.p1.m2.field10.bad2.address
FAIL: audit03.readLifecycle.reader.p1.m2.field10.bad2.action
FAIL: audit03.readLifecycle.reader.p1.m2.field10.bad2.empty
FAIL: audit03.readLifecycle.reader.p1.m2.field10.bad2.clearedPlane
FAIL: audit03.readLifecycle.reader.p1.m2.field10.bad2.clearedSelection
FAIL: audit03.readLifecycle.reader.p1.m2.field10.bad3.error
FAIL: audit03.readLifecycle.reader.p1.m2.field10.bad3.field
FAIL: audit03.readLifecycle.reader.p1.m2.field10.bad3.address
FAIL: audit03.readLifecycle.reader.p1.m2.field10.bad3.action
FAIL: audit03.readLifecycle.reader.p1.m2.field10.bad3.empty
FAIL: audit03.readLifecycle.reader.p1.m2.field10.bad3.clearedPlane
FAIL: audit03.readLifecycle.reader.p1.m2.field10.bad3.clearedSelection
FAIL: audit03.readLifecycle.reader.p1.m2.field10.bad4.error
FAIL: audit03.readLifecycle.reader.p1.m2.field10.bad4.field
FAIL: audit03.readLifecycle.reader.p1.m2.field10.bad4.address
FAIL: audit03.readLifecycle.reader.p1.m2.field10.bad4.action
FAIL: audit03.readLifecycle.reader.p1.m2.field10.bad4.empty
FAIL: audit03.readLifecycle.reader.p1.m2.field10.bad4.clearedPlane
FAIL: audit03.readLifecycle.reader.p1.m2.field10.bad4.clearedSelection
FAIL: audit03.readLifecycle.reader.p1.m2.field11.bad0.error
FAIL: audit03.readLifecycle.reader.p1.m2.field11.bad0.field
FAIL: audit03.readLifecycle.reader.p1.m2.field11.bad0.address
FAIL: audit03.readLifecycle.reader.p1.m2.field11.bad0.action
FAIL: audit03.readLifecycle.reader.p1.m2.field11.bad0.empty
FAIL: audit03.readLifecycle.reader.p1.m2.field11.bad0.clearedPlane
FAIL: audit03.readLifecycle.reader.p1.m2.field11.bad0.clearedSelection
FAIL: audit03.readLifecycle.reader.p1.m2.field11.bad1.error
FAIL: audit03.readLifecycle.reader.p1.m2.field11.bad1.field
FAIL: audit03.readLifecycle.reader.p1.m2.field11.bad1.address
FAIL: audit03.readLifecycle.reader.p1.m2.field11.bad1.action
FAIL: audit03.readLifecycle.reader.p1.m2.field11.bad1.empty
FAIL: audit03.readLifecycle.reader.p1.m2.field11.bad1.clearedPlane
FAIL: audit03.readLifecycle.reader.p1.m2.field11.bad1.clearedSelection
FAIL: audit03.readLifecycle.reader.p1.m2.field11.bad2.error
FAIL: audit03.readLifecycle.reader.p1.m2.field11.bad2.field
FAIL: audit03.readLifecycle.reader.p1.m2.field11.bad2.address
FAIL: audit03.readLifecycle.reader.p1.m2.field11.bad2.action
FAIL: audit03.readLifecycle.reader.p1.m2.field11.bad2.empty
FAIL: audit03.readLifecycle.reader.p1.m2.field11.bad2.clearedPlane
FAIL: audit03.readLifecycle.reader.p1.m2.field11.bad2.clearedSelection
FAIL: audit03.readLifecycle.reader.p1.m2.field11.bad3.error
FAIL: audit03.readLifecycle.reader.p1.m2.field11.bad3.field
FAIL: audit03.readLifecycle.reader.p1.m2.field11.bad3.address
FAIL: audit03.readLifecycle.reader.p1.m2.field11.bad3.action
FAIL: audit03.readLifecycle.reader.p1.m2.field11.bad3.empty
FAIL: audit03.readLifecycle.reader.p1.m2.field11.bad3.clearedPlane
FAIL: audit03.readLifecycle.reader.p1.m2.field11.bad3.clearedSelection
FAIL: audit03.readLifecycle.reader.p1.m2.field11.bad4.error
FAIL: audit03.readLifecycle.reader.p1.m2.field11.bad4.field
FAIL: audit03.readLifecycle.reader.p1.m2.field11.bad4.address
FAIL: audit03.readLifecycle.reader.p1.m2.field11.bad4.action
FAIL: audit03.readLifecycle.reader.p1.m2.field11.bad4.empty
FAIL: audit03.readLifecycle.reader.p1.m2.field11.bad4.clearedPlane
FAIL: audit03.readLifecycle.reader.p1.m2.field11.bad4.clearedSelection
FAIL: audit03.readLifecycle.reader.late.p1.m2.empty
TOTAL_AUDIT03_READ_LIFECYCLE: passed=1021; failed=2556
MODE_AFTER_SUITE: No
SOURCE_UNCHANGED: True
