SOURCE: C:\Users\avidzba\Desktop\программы\В_РАБОТЕ!\RC_Section_NDM\docs\regression\Audit03\RC_Section_NDM_settings_table_positive_v233.xlsm
SOURCE_SHA256: D3A3CD4CC349321F741A23AFF7FE26FCC251E930F9964B7788DC493554B65219
FIXTURE: C:\Users\avidzba\AppData\Local\Temp\RC_NDM_ModeSuite_55b4814f435541d29d714a801a284550\RC_Section_NDM.xlsm
GLOBAL_MODE: General.DiagramExtension=No; explicit-On tests retain their setup
===== RunAudit03MaterialConfigBehaviorTests =====
SUITE_STARTED: RunAudit03MaterialConfigBehaviorTests; 2026-10-04T14:09:50
EXCEL_AFTER_SUITE: pid=23476; workingSet=214474752; privateBytes=166002688; cpu=14082.796875
EXCEL_AFTER_SUITE: pid=29256; workingSet=160116736; privateBytes=113164288; cpu=8.140625
OK: audit03.materialConfig.0.ULS(I)|TwoLine|Ignore|TwoLine.expectedEffect; actual=-17.05; expected=-17.05; absDiff=0.
OK: audit03.materialConfig.0.ULS(I)|TwoLine|Ignore|TwoLine.otherMaterialUnchanged
OK: audit03.materialConfig.0.ULS(I)|TwoLine|Ignore|TwoLine.activeChanged
OK: audit03.materialConfig.0.ULS(I)|TwoLine|Ignore|ThreeLine.expectedEffect; actual=-17.05; expected=-17.05; absDiff=0.
OK: audit03.materialConfig.0.ULS(I)|TwoLine|Ignore|ThreeLine.otherMaterialUnchanged
OK: audit03.materialConfig.0.ULS(I)|TwoLine|Ignore|ThreeLine.activeChanged
OK: audit03.materialConfig.0.ULS(I)|TwoLine|UseDiagram|TwoLine.expectedEffect; actual=-17.05; expected=-17.05; absDiff=0.
OK: audit03.materialConfig.0.ULS(I)|TwoLine|UseDiagram|TwoLine.otherMaterialUnchanged
OK: audit03.materialConfig.0.ULS(I)|TwoLine|UseDiagram|TwoLine.activeChanged
OK: audit03.materialConfig.0.ULS(I)|TwoLine|UseDiagram|ThreeLine.expectedEffect; actual=-17.05; expected=-17.05; absDiff=0.
OK: audit03.materialConfig.0.ULS(I)|TwoLine|UseDiagram|ThreeLine.otherMaterialUnchanged
OK: audit03.materialConfig.0.ULS(I)|TwoLine|UseDiagram|ThreeLine.activeChanged
OK: audit03.materialConfig.0.ULS(I)|ThreeLine|Ignore|TwoLine.expectedEffect; actual=-17.05; expected=-17.05; absDiff=0.
OK: audit03.materialConfig.0.ULS(I)|ThreeLine|Ignore|TwoLine.otherMaterialUnchanged
OK: audit03.materialConfig.0.ULS(I)|ThreeLine|Ignore|TwoLine.activeChanged
OK: audit03.materialConfig.0.ULS(I)|ThreeLine|Ignore|ThreeLine.expectedEffect; actual=-17.05; expected=-17.05; absDiff=0.
OK: audit03.materialConfig.0.ULS(I)|ThreeLine|Ignore|ThreeLine.otherMaterialUnchanged
OK: audit03.materialConfig.0.ULS(I)|ThreeLine|Ignore|ThreeLine.activeChanged
OK: audit03.materialConfig.0.ULS(I)|ThreeLine|UseDiagram|TwoLine.expectedEffect; actual=-17.05; expected=-17.05; absDiff=0.
OK: audit03.materialConfig.0.ULS(I)|ThreeLine|UseDiagram|TwoLine.otherMaterialUnchanged
OK: audit03.materialConfig.0.ULS(I)|ThreeLine|UseDiagram|TwoLine.activeChanged
OK: audit03.materialConfig.0.ULS(I)|ThreeLine|UseDiagram|ThreeLine.expectedEffect; actual=-17.05; expected=-17.05; absDiff=0.
OK: audit03.materialConfig.0.ULS(I)|ThreeLine|UseDiagram|ThreeLine.otherMaterialUnchanged
OK: audit03.materialConfig.0.ULS(I)|ThreeLine|UseDiagram|ThreeLine.activeChanged
OK: audit03.materialConfig.0.SLS(II)|TwoLine|Ignore|TwoLine.expectedEffect; actual=-22.; expected=-22.; absDiff=0.
OK: audit03.materialConfig.0.SLS(II)|TwoLine|Ignore|TwoLine.otherMaterialUnchanged
OK: audit03.materialConfig.0.SLS(II)|TwoLine|Ignore|TwoLine.inactiveUnchanged
OK: audit03.materialConfig.0.SLS(II)|TwoLine|Ignore|ThreeLine.expectedEffect; actual=-22.; expected=-22.; absDiff=0.
OK: audit03.materialConfig.0.SLS(II)|TwoLine|Ignore|ThreeLine.otherMaterialUnchanged
OK: audit03.materialConfig.0.SLS(II)|TwoLine|Ignore|ThreeLine.inactiveUnchanged
OK: audit03.materialConfig.0.SLS(II)|TwoLine|UseDiagram|TwoLine.expectedEffect; actual=-22.; expected=-22.; absDiff=0.
OK: audit03.materialConfig.0.SLS(II)|TwoLine|UseDiagram|TwoLine.otherMaterialUnchanged
OK: audit03.materialConfig.0.SLS(II)|TwoLine|UseDiagram|TwoLine.inactiveUnchanged
OK: audit03.materialConfig.0.SLS(II)|TwoLine|UseDiagram|ThreeLine.expectedEffect; actual=-22.; expected=-22.; absDiff=0.
OK: audit03.materialConfig.0.SLS(II)|TwoLine|UseDiagram|ThreeLine.otherMaterialUnchanged
OK: audit03.materialConfig.0.SLS(II)|TwoLine|UseDiagram|ThreeLine.inactiveUnchanged
OK: audit03.materialConfig.0.SLS(II)|ThreeLine|Ignore|TwoLine.expectedEffect; actual=-22.; expected=-22.; absDiff=0.
OK: audit03.materialConfig.0.SLS(II)|ThreeLine|Ignore|TwoLine.otherMaterialUnchanged
OK: audit03.materialConfig.0.SLS(II)|ThreeLine|Ignore|TwoLine.inactiveUnchanged
OK: audit03.materialConfig.0.SLS(II)|ThreeLine|Ignore|ThreeLine.expectedEffect; actual=-22.; expected=-22.; absDiff=0.
OK: audit03.materialConfig.0.SLS(II)|ThreeLine|Ignore|ThreeLine.otherMaterialUnchanged
OK: audit03.materialConfig.0.SLS(II)|ThreeLine|Ignore|ThreeLine.inactiveUnchanged
OK: audit03.materialConfig.0.SLS(II)|ThreeLine|UseDiagram|TwoLine.expectedEffect; actual=-22.; expected=-22.; absDiff=0.
OK: audit03.materialConfig.0.SLS(II)|ThreeLine|UseDiagram|TwoLine.otherMaterialUnchanged
OK: audit03.materialConfig.0.SLS(II)|ThreeLine|UseDiagram|TwoLine.inactiveUnchanged
OK: audit03.materialConfig.0.SLS(II)|ThreeLine|UseDiagram|ThreeLine.expectedEffect; actual=-22.; expected=-22.; absDiff=0.
OK: audit03.materialConfig.0.SLS(II)|ThreeLine|UseDiagram|ThreeLine.otherMaterialUnchanged
OK: audit03.materialConfig.0.SLS(II)|ThreeLine|UseDiagram|ThreeLine.inactiveUnchanged
MATERIAL_CONFIG_EFFECT: key=Concrete.R.ULS(I)|column=2|address=$I$27|before=15.5|after=17.05|specs=16
OK: audit03.materialConfig.0.invalid.0
OK: audit03.materialConfig.0.reason.0
MATERIAL_CONFIG_INVALID: key=Concrete.R.ULS(I)|column=2|address=$I$27|value=0|error=-2147218313|reason=Настройка Concrete.Rb.ULS (лист Config, ячейка I27): Характеристика бетона должна быть больше нуля. Введите положительное значение в указанных на листе единицах измерения.
OK: audit03.materialConfig.0.invalid.-1
OK: audit03.materialConfig.0.reason.-1
MATERIAL_CONFIG_INVALID: key=Concrete.R.ULS(I)|column=2|address=$I$27|value=-1|error=-2147218313|reason=Настройка Concrete.Rb.ULS (лист Config, ячейка I27): Характеристика бетона должна быть больше нуля. Введите положительное значение в указанных на листе единицах измерения.
OK: audit03.materialConfig.0.invalid.TODO
OK: audit03.materialConfig.0.reason.TODO
MATERIAL_CONFIG_INVALID: key=Concrete.R.ULS(I)|column=2|address=$I$27|value=TODO|error=-2147217194|reason=Настройка Concrete.Rb.ULS (лист Config, ячейка I27): Обязательное числовое значение не задано. Введите число или формулу, возвращающую число; пустое значение и TODO недопустимы.
OK: audit03.materialConfig.0.invalid.
OK: audit03.materialConfig.0.reason.
MATERIAL_CONFIG_INVALID: key=Concrete.R.ULS(I)|column=2|address=$I$27|value=|error=-2147217194|reason=Настройка Concrete.Rb.ULS (лист Config, ячейка I27): Обязательное числовое значение не задано. Введите число или формулу, возвращающую число; пустое значение и TODO недопустимы.
OK: audit03.materialConfig.0.invalid.Error 2015
OK: audit03.materialConfig.0.reason.Error 2015
MATERIAL_CONFIG_INVALID: key=Concrete.R.ULS(I)|column=2|address=$I$27|value=Error 2015|error=-2147217195|reason=Настройка Concrete.R.ULS(I) (лист Config, ячейка I27) содержит ошибку Excel в колонке "Сжатие". Исправьте формулу или введите допустимое значение вместо ошибки Excel.
OK: audit03.materialConfig.0.invalid.1e309
OK: audit03.materialConfig.0.reason.1e309
MATERIAL_CONFIG_INVALID: key=Concrete.R.ULS(I)|column=2|address=$I$27|value=1e309|error=-2147217191|reason=Настройка Concrete.Rb.ULS (лист Config, ячейка I27): Не удалось прочитать обязательное число: "1e309". Введите конечное число допустимого диапазона или исправьте формулу.
OK: audit03.materialConfig.0.recoveryConcrete
OK: audit03.materialConfig.0.recoverySteel
OK: audit03.materialConfig.1.ULS(I)|TwoLine|Ignore|TwoLine.expectedEffect; actual=0.; expected=0.; absDiff=0.
OK: audit03.materialConfig.1.ULS(I)|TwoLine|Ignore|TwoLine.otherMaterialUnchanged
OK: audit03.materialConfig.1.ULS(I)|TwoLine|Ignore|TwoLine.inactiveUnchanged
OK: audit03.materialConfig.1.ULS(I)|TwoLine|Ignore|ThreeLine.expectedEffect; actual=0.; expected=0.; absDiff=0.
OK: audit03.materialConfig.1.ULS(I)|TwoLine|Ignore|ThreeLine.otherMaterialUnchanged
OK: audit03.materialConfig.1.ULS(I)|TwoLine|Ignore|ThreeLine.inactiveUnchanged
OK: audit03.materialConfig.1.ULS(I)|TwoLine|UseDiagram|TwoLine.expectedEffect; actual=1.21; expected=1.21; absDiff=0.
OK: audit03.materialConfig.1.ULS(I)|TwoLine|UseDiagram|TwoLine.otherMaterialUnchanged
OK: audit03.materialConfig.1.ULS(I)|TwoLine|UseDiagram|TwoLine.activeChanged
OK: audit03.materialConfig.1.ULS(I)|TwoLine|UseDiagram|ThreeLine.expectedEffect; actual=1.21; expected=1.21; absDiff=0.
OK: audit03.materialConfig.1.ULS(I)|TwoLine|UseDiagram|ThreeLine.otherMaterialUnchanged
OK: audit03.materialConfig.1.ULS(I)|TwoLine|UseDiagram|ThreeLine.activeChanged
OK: audit03.materialConfig.1.ULS(I)|ThreeLine|Ignore|TwoLine.expectedEffect; actual=0.; expected=0.; absDiff=0.
OK: audit03.materialConfig.1.ULS(I)|ThreeLine|Ignore|TwoLine.otherMaterialUnchanged
OK: audit03.materialConfig.1.ULS(I)|ThreeLine|Ignore|TwoLine.inactiveUnchanged
OK: audit03.materialConfig.1.ULS(I)|ThreeLine|Ignore|ThreeLine.expectedEffect; actual=0.; expected=0.; absDiff=0.
OK: audit03.materialConfig.1.ULS(I)|ThreeLine|Ignore|ThreeLine.otherMaterialUnchanged
OK: audit03.materialConfig.1.ULS(I)|ThreeLine|Ignore|ThreeLine.inactiveUnchanged
OK: audit03.materialConfig.1.ULS(I)|ThreeLine|UseDiagram|TwoLine.expectedEffect; actual=1.21; expected=1.21; absDiff=0.
OK: audit03.materialConfig.1.ULS(I)|ThreeLine|UseDiagram|TwoLine.otherMaterialUnchanged
OK: audit03.materialConfig.1.ULS(I)|ThreeLine|UseDiagram|TwoLine.activeChanged
OK: audit03.materialConfig.1.ULS(I)|ThreeLine|UseDiagram|ThreeLine.expectedEffect; actual=1.21; expected=1.21; absDiff=0.
OK: audit03.materialConfig.1.ULS(I)|ThreeLine|UseDiagram|ThreeLine.otherMaterialUnchanged
OK: audit03.materialConfig.1.ULS(I)|ThreeLine|UseDiagram|ThreeLine.activeChanged
OK: audit03.materialConfig.1.SLS(II)|TwoLine|Ignore|TwoLine.expectedEffect; actual=0.; expected=0.; absDiff=0.
OK: audit03.materialConfig.1.SLS(II)|TwoLine|Ignore|TwoLine.otherMaterialUnchanged
OK: audit03.materialConfig.1.SLS(II)|TwoLine|Ignore|TwoLine.inactiveUnchanged
OK: audit03.materialConfig.1.SLS(II)|TwoLine|Ignore|ThreeLine.expectedEffect; actual=0.; expected=0.; absDiff=0.
OK: audit03.materialConfig.1.SLS(II)|TwoLine|Ignore|ThreeLine.otherMaterialUnchanged
OK: audit03.materialConfig.1.SLS(II)|TwoLine|Ignore|ThreeLine.inactiveUnchanged
OK: audit03.materialConfig.1.SLS(II)|TwoLine|UseDiagram|TwoLine.expectedEffect; actual=1.8; expected=1.8; absDiff=0.
OK: audit03.materialConfig.1.SLS(II)|TwoLine|UseDiagram|TwoLine.otherMaterialUnchanged
OK: audit03.materialConfig.1.SLS(II)|TwoLine|UseDiagram|TwoLine.inactiveUnchanged
OK: audit03.materialConfig.1.SLS(II)|TwoLine|UseDiagram|ThreeLine.expectedEffect; actual=1.8; expected=1.8; absDiff=0.
OK: audit03.materialConfig.1.SLS(II)|TwoLine|UseDiagram|ThreeLine.otherMaterialUnchanged
OK: audit03.materialConfig.1.SLS(II)|TwoLine|UseDiagram|ThreeLine.inactiveUnchanged
OK: audit03.materialConfig.1.SLS(II)|ThreeLine|Ignore|TwoLine.expectedEffect; actual=0.; expected=0.; absDiff=0.
OK: audit03.materialConfig.1.SLS(II)|ThreeLine|Ignore|TwoLine.otherMaterialUnchanged
OK: audit03.materialConfig.1.SLS(II)|ThreeLine|Ignore|TwoLine.inactiveUnchanged
OK: audit03.materialConfig.1.SLS(II)|ThreeLine|Ignore|ThreeLine.expectedEffect; actual=0.; expected=0.; absDiff=0.
OK: audit03.materialConfig.1.SLS(II)|ThreeLine|Ignore|ThreeLine.otherMaterialUnchanged
OK: audit03.materialConfig.1.SLS(II)|ThreeLine|Ignore|ThreeLine.inactiveUnchanged
OK: audit03.materialConfig.1.SLS(II)|ThreeLine|UseDiagram|TwoLine.expectedEffect; actual=1.8; expected=1.8; absDiff=0.
OK: audit03.materialConfig.1.SLS(II)|ThreeLine|UseDiagram|TwoLine.otherMaterialUnchanged
OK: audit03.materialConfig.1.SLS(II)|ThreeLine|UseDiagram|TwoLine.inactiveUnchanged
OK: audit03.materialConfig.1.SLS(II)|ThreeLine|UseDiagram|ThreeLine.expectedEffect; actual=1.8; expected=1.8; absDiff=0.
OK: audit03.materialConfig.1.SLS(II)|ThreeLine|UseDiagram|ThreeLine.otherMaterialUnchanged
OK: audit03.materialConfig.1.SLS(II)|ThreeLine|UseDiagram|ThreeLine.inactiveUnchanged
MATERIAL_CONFIG_EFFECT: key=Concrete.R.ULS(I)|column=3|address=$J$27|before=1.1|after=1.21|specs=16
OK: audit03.materialConfig.1.invalid.0
OK: audit03.materialConfig.1.reason.0
MATERIAL_CONFIG_INVALID: key=Concrete.R.ULS(I)|column=3|address=$J$27|value=0|error=-2147218312|reason=Настройка Concrete.Rbt.ULS (лист Config, ячейка J27): Характеристика бетона должна быть больше нуля. Введите положительное значение в указанных на листе единицах измерения.
OK: audit03.materialConfig.1.invalid.-1
OK: audit03.materialConfig.1.reason.-1
MATERIAL_CONFIG_INVALID: key=Concrete.R.ULS(I)|column=3|address=$J$27|value=-1|error=-2147218312|reason=Настройка Concrete.Rbt.ULS (лист Config, ячейка J27): Характеристика бетона должна быть больше нуля. Введите положительное значение в указанных на листе единицах измерения.
OK: audit03.materialConfig.1.invalid.TODO
OK: audit03.materialConfig.1.reason.TODO
MATERIAL_CONFIG_INVALID: key=Concrete.R.ULS(I)|column=3|address=$J$27|value=TODO|error=-2147217194|reason=Настройка Concrete.Rbt.ULS (лист Config, ячейка J27): Обязательное числовое значение не задано. Введите число или формулу, возвращающую число; пустое значение и TODO недопустимы.
OK: audit03.materialConfig.1.invalid.
OK: audit03.materialConfig.1.reason.
MATERIAL_CONFIG_INVALID: key=Concrete.R.ULS(I)|column=3|address=$J$27|value=|error=-2147217194|reason=Настройка Concrete.Rbt.ULS (лист Config, ячейка J27): Обязательное числовое значение не задано. Введите число или формулу, возвращающую число; пустое значение и TODO недопустимы.
OK: audit03.materialConfig.1.invalid.Error 2015
OK: audit03.materialConfig.1.reason.Error 2015
MATERIAL_CONFIG_INVALID: key=Concrete.R.ULS(I)|column=3|address=$J$27|value=Error 2015|error=-2147217195|reason=Настройка Concrete.R.ULS(I) (лист Config, ячейка J27) содержит ошибку Excel в колонке "Растяжение". Исправьте формулу или введите допустимое значение вместо ошибки Excel.
OK: audit03.materialConfig.1.invalid.1e309
OK: audit03.materialConfig.1.reason.1e309
MATERIAL_CONFIG_INVALID: key=Concrete.R.ULS(I)|column=3|address=$J$27|value=1e309|error=-2147217191|reason=Настройка Concrete.Rbt.ULS (лист Config, ячейка J27): Не удалось прочитать обязательное число: "1e309". Введите конечное число допустимого диапазона или исправьте формулу.
OK: audit03.materialConfig.1.recoveryConcrete
OK: audit03.materialConfig.1.recoverySteel
OK: audit03.materialConfig.2.ULS(I)|TwoLine|Ignore|TwoLine.expectedEffect; actual=-15.5; expected=-15.5; absDiff=0.
OK: audit03.materialConfig.2.ULS(I)|TwoLine|Ignore|TwoLine.otherMaterialUnchanged
OK: audit03.materialConfig.2.ULS(I)|TwoLine|Ignore|TwoLine.inactiveUnchanged
OK: audit03.materialConfig.2.ULS(I)|TwoLine|Ignore|ThreeLine.expectedEffect; actual=-15.5; expected=-15.5; absDiff=0.
OK: audit03.materialConfig.2.ULS(I)|TwoLine|Ignore|ThreeLine.otherMaterialUnchanged
OK: audit03.materialConfig.2.ULS(I)|TwoLine|Ignore|ThreeLine.inactiveUnchanged
OK: audit03.materialConfig.2.ULS(I)|TwoLine|UseDiagram|TwoLine.expectedEffect; actual=-15.5; expected=-15.5; absDiff=0.
OK: audit03.materialConfig.2.ULS(I)|TwoLine|UseDiagram|TwoLine.otherMaterialUnchanged
OK: audit03.materialConfig.2.ULS(I)|TwoLine|UseDiagram|TwoLine.inactiveUnchanged
OK: audit03.materialConfig.2.ULS(I)|TwoLine|UseDiagram|ThreeLine.expectedEffect; actual=-15.5; expected=-15.5; absDiff=0.
OK: audit03.materialConfig.2.ULS(I)|TwoLine|UseDiagram|ThreeLine.otherMaterialUnchanged
OK: audit03.materialConfig.2.ULS(I)|TwoLine|UseDiagram|ThreeLine.inactiveUnchanged
OK: audit03.materialConfig.2.ULS(I)|ThreeLine|Ignore|TwoLine.expectedEffect; actual=-15.5; expected=-15.5; absDiff=0.
OK: audit03.materialConfig.2.ULS(I)|ThreeLine|Ignore|TwoLine.otherMaterialUnchanged
OK: audit03.materialConfig.2.ULS(I)|ThreeLine|Ignore|TwoLine.inactiveUnchanged
OK: audit03.materialConfig.2.ULS(I)|ThreeLine|Ignore|ThreeLine.expectedEffect; actual=-15.5; expected=-15.5; absDiff=0.
OK: audit03.materialConfig.2.ULS(I)|ThreeLine|Ignore|ThreeLine.otherMaterialUnchanged
OK: audit03.materialConfig.2.ULS(I)|ThreeLine|Ignore|ThreeLine.inactiveUnchanged
OK: audit03.materialConfig.2.ULS(I)|ThreeLine|UseDiagram|TwoLine.expectedEffect; actual=-15.5; expected=-15.5; absDiff=0.
OK: audit03.materialConfig.2.ULS(I)|ThreeLine|UseDiagram|TwoLine.otherMaterialUnchanged
OK: audit03.materialConfig.2.ULS(I)|ThreeLine|UseDiagram|TwoLine.inactiveUnchanged
OK: audit03.materialConfig.2.ULS(I)|ThreeLine|UseDiagram|ThreeLine.expectedEffect; actual=-15.5; expected=-15.5; absDiff=0.
OK: audit03.materialConfig.2.ULS(I)|ThreeLine|UseDiagram|ThreeLine.otherMaterialUnchanged
OK: audit03.materialConfig.2.ULS(I)|ThreeLine|UseDiagram|ThreeLine.inactiveUnchanged
OK: audit03.materialConfig.2.SLS(II)|TwoLine|Ignore|TwoLine.expectedEffect; actual=-24.2; expected=-24.2; absDiff=0.
OK: audit03.materialConfig.2.SLS(II)|TwoLine|Ignore|TwoLine.otherMaterialUnchanged
OK: audit03.materialConfig.2.SLS(II)|TwoLine|Ignore|TwoLine.activeChanged
OK: audit03.materialConfig.2.SLS(II)|TwoLine|Ignore|ThreeLine.expectedEffect; actual=-24.2; expected=-24.2; absDiff=0.
OK: audit03.materialConfig.2.SLS(II)|TwoLine|Ignore|ThreeLine.otherMaterialUnchanged
OK: audit03.materialConfig.2.SLS(II)|TwoLine|Ignore|ThreeLine.activeChanged
OK: audit03.materialConfig.2.SLS(II)|TwoLine|UseDiagram|TwoLine.expectedEffect; actual=-24.2; expected=-24.2; absDiff=0.
OK: audit03.materialConfig.2.SLS(II)|TwoLine|UseDiagram|TwoLine.otherMaterialUnchanged
OK: audit03.materialConfig.2.SLS(II)|TwoLine|UseDiagram|TwoLine.activeChanged
OK: audit03.materialConfig.2.SLS(II)|TwoLine|UseDiagram|ThreeLine.expectedEffect; actual=-24.2; expected=-24.2; absDiff=0.
OK: audit03.materialConfig.2.SLS(II)|TwoLine|UseDiagram|ThreeLine.otherMaterialUnchanged
OK: audit03.materialConfig.2.SLS(II)|TwoLine|UseDiagram|ThreeLine.activeChanged
OK: audit03.materialConfig.2.SLS(II)|ThreeLine|Ignore|TwoLine.expectedEffect; actual=-24.2; expected=-24.2; absDiff=0.
OK: audit03.materialConfig.2.SLS(II)|ThreeLine|Ignore|TwoLine.otherMaterialUnchanged
OK: audit03.materialConfig.2.SLS(II)|ThreeLine|Ignore|TwoLine.activeChanged
OK: audit03.materialConfig.2.SLS(II)|ThreeLine|Ignore|ThreeLine.expectedEffect; actual=-24.2; expected=-24.2; absDiff=0.
OK: audit03.materialConfig.2.SLS(II)|ThreeLine|Ignore|ThreeLine.otherMaterialUnchanged
OK: audit03.materialConfig.2.SLS(II)|ThreeLine|Ignore|ThreeLine.activeChanged
OK: audit03.materialConfig.2.SLS(II)|ThreeLine|UseDiagram|TwoLine.expectedEffect; actual=-24.2; expected=-24.2; absDiff=0.
OK: audit03.materialConfig.2.SLS(II)|ThreeLine|UseDiagram|TwoLine.otherMaterialUnchanged
OK: audit03.materialConfig.2.SLS(II)|ThreeLine|UseDiagram|TwoLine.activeChanged
OK: audit03.materialConfig.2.SLS(II)|ThreeLine|UseDiagram|ThreeLine.expectedEffect; actual=-24.2; expected=-24.2; absDiff=0.
OK: audit03.materialConfig.2.SLS(II)|ThreeLine|UseDiagram|ThreeLine.otherMaterialUnchanged
OK: audit03.materialConfig.2.SLS(II)|ThreeLine|UseDiagram|ThreeLine.activeChanged
MATERIAL_CONFIG_EFFECT: key=Concrete.R.SLS(II)|column=2|address=$I$28|before=22.|after=24.2|specs=16
OK: audit03.materialConfig.2.invalid.0
OK: audit03.materialConfig.2.reason.0
MATERIAL_CONFIG_INVALID: key=Concrete.R.SLS(II)|column=2|address=$I$28|value=0|error=-2147218311|reason=Настройка Concrete.Rb.SLS (лист Config, ячейка I28): Характеристика бетона должна быть больше нуля. Введите положительное значение в указанных на листе единицах измерения.
OK: audit03.materialConfig.2.invalid.-1
OK: audit03.materialConfig.2.reason.-1
MATERIAL_CONFIG_INVALID: key=Concrete.R.SLS(II)|column=2|address=$I$28|value=-1|error=-2147218311|reason=Настройка Concrete.Rb.SLS (лист Config, ячейка I28): Характеристика бетона должна быть больше нуля. Введите положительное значение в указанных на листе единицах измерения.
OK: audit03.materialConfig.2.invalid.TODO
OK: audit03.materialConfig.2.reason.TODO
MATERIAL_CONFIG_INVALID: key=Concrete.R.SLS(II)|column=2|address=$I$28|value=TODO|error=-2147217194|reason=Настройка Concrete.Rb.SLS (лист Config, ячейка I28): Обязательное числовое значение не задано. Введите число или формулу, возвращающую число; пустое значение и TODO недопустимы.
OK: audit03.materialConfig.2.invalid.
OK: audit03.materialConfig.2.reason.
MATERIAL_CONFIG_INVALID: key=Concrete.R.SLS(II)|column=2|address=$I$28|value=|error=-2147217194|reason=Настройка Concrete.Rb.SLS (лист Config, ячейка I28): Обязательное числовое значение не задано. Введите число или формулу, возвращающую число; пустое значение и TODO недопустимы.
OK: audit03.materialConfig.2.invalid.Error 2015
OK: audit03.materialConfig.2.reason.Error 2015
MATERIAL_CONFIG_INVALID: key=Concrete.R.SLS(II)|column=2|address=$I$28|value=Error 2015|error=-2147217195|reason=Настройка Concrete.R.SLS(II) (лист Config, ячейка I28) содержит ошибку Excel в колонке "Сжатие". Исправьте формулу или введите допустимое значение вместо ошибки Excel.
OK: audit03.materialConfig.2.invalid.1e309
OK: audit03.materialConfig.2.reason.1e309
MATERIAL_CONFIG_INVALID: key=Concrete.R.SLS(II)|column=2|address=$I$28|value=1e309|error=-2147217191|reason=Настройка Concrete.Rb.SLS (лист Config, ячейка I28): Не удалось прочитать обязательное число: "1e309". Введите конечное число допустимого диапазона или исправьте формулу.
OK: audit03.materialConfig.2.recoveryConcrete
OK: audit03.materialConfig.2.recoverySteel
OK: audit03.materialConfig.3.ULS(I)|TwoLine|Ignore|TwoLine.expectedEffect; actual=0.; expected=0.; absDiff=0.
OK: audit03.materialConfig.3.ULS(I)|TwoLine|Ignore|TwoLine.otherMaterialUnchanged
OK: audit03.materialConfig.3.ULS(I)|TwoLine|Ignore|TwoLine.inactiveUnchanged
OK: audit03.materialConfig.3.ULS(I)|TwoLine|Ignore|ThreeLine.expectedEffect; actual=0.; expected=0.; absDiff=0.
OK: audit03.materialConfig.3.ULS(I)|TwoLine|Ignore|ThreeLine.otherMaterialUnchanged
OK: audit03.materialConfig.3.ULS(I)|TwoLine|Ignore|ThreeLine.inactiveUnchanged
OK: audit03.materialConfig.3.ULS(I)|TwoLine|UseDiagram|TwoLine.expectedEffect; actual=1.1; expected=1.1; absDiff=0.
OK: audit03.materialConfig.3.ULS(I)|TwoLine|UseDiagram|TwoLine.otherMaterialUnchanged
OK: audit03.materialConfig.3.ULS(I)|TwoLine|UseDiagram|TwoLine.inactiveUnchanged
OK: audit03.materialConfig.3.ULS(I)|TwoLine|UseDiagram|ThreeLine.expectedEffect; actual=1.1; expected=1.1; absDiff=0.
OK: audit03.materialConfig.3.ULS(I)|TwoLine|UseDiagram|ThreeLine.otherMaterialUnchanged
OK: audit03.materialConfig.3.ULS(I)|TwoLine|UseDiagram|ThreeLine.inactiveUnchanged
OK: audit03.materialConfig.3.ULS(I)|ThreeLine|Ignore|TwoLine.expectedEffect; actual=0.; expected=0.; absDiff=0.
OK: audit03.materialConfig.3.ULS(I)|ThreeLine|Ignore|TwoLine.otherMaterialUnchanged
OK: audit03.materialConfig.3.ULS(I)|ThreeLine|Ignore|TwoLine.inactiveUnchanged
OK: audit03.materialConfig.3.ULS(I)|ThreeLine|Ignore|ThreeLine.expectedEffect; actual=0.; expected=0.; absDiff=0.
OK: audit03.materialConfig.3.ULS(I)|ThreeLine|Ignore|ThreeLine.otherMaterialUnchanged
OK: audit03.materialConfig.3.ULS(I)|ThreeLine|Ignore|ThreeLine.inactiveUnchanged
OK: audit03.materialConfig.3.ULS(I)|ThreeLine|UseDiagram|TwoLine.expectedEffect; actual=1.1; expected=1.1; absDiff=0.
OK: audit03.materialConfig.3.ULS(I)|ThreeLine|UseDiagram|TwoLine.otherMaterialUnchanged
OK: audit03.materialConfig.3.ULS(I)|ThreeLine|UseDiagram|TwoLine.inactiveUnchanged
OK: audit03.materialConfig.3.ULS(I)|ThreeLine|UseDiagram|ThreeLine.expectedEffect; actual=1.1; expected=1.1; absDiff=0.
OK: audit03.materialConfig.3.ULS(I)|ThreeLine|UseDiagram|ThreeLine.otherMaterialUnchanged
OK: audit03.materialConfig.3.ULS(I)|ThreeLine|UseDiagram|ThreeLine.inactiveUnchanged
OK: audit03.materialConfig.3.SLS(II)|TwoLine|Ignore|TwoLine.expectedEffect; actual=0.; expected=0.; absDiff=0.
OK: audit03.materialConfig.3.SLS(II)|TwoLine|Ignore|TwoLine.otherMaterialUnchanged
OK: audit03.materialConfig.3.SLS(II)|TwoLine|Ignore|TwoLine.inactiveUnchanged
OK: audit03.materialConfig.3.SLS(II)|TwoLine|Ignore|ThreeLine.expectedEffect; actual=0.; expected=0.; absDiff=0.
OK: audit03.materialConfig.3.SLS(II)|TwoLine|Ignore|ThreeLine.otherMaterialUnchanged
OK: audit03.materialConfig.3.SLS(II)|TwoLine|Ignore|ThreeLine.inactiveUnchanged
OK: audit03.materialConfig.3.SLS(II)|TwoLine|UseDiagram|TwoLine.expectedEffect; actual=1.98; expected=1.98; absDiff=0.
OK: audit03.materialConfig.3.SLS(II)|TwoLine|UseDiagram|TwoLine.otherMaterialUnchanged
OK: audit03.materialConfig.3.SLS(II)|TwoLine|UseDiagram|TwoLine.activeChanged
OK: audit03.materialConfig.3.SLS(II)|TwoLine|UseDiagram|ThreeLine.expectedEffect; actual=1.98; expected=1.98; absDiff=0.
OK: audit03.materialConfig.3.SLS(II)|TwoLine|UseDiagram|ThreeLine.otherMaterialUnchanged
OK: audit03.materialConfig.3.SLS(II)|TwoLine|UseDiagram|ThreeLine.activeChanged
OK: audit03.materialConfig.3.SLS(II)|ThreeLine|Ignore|TwoLine.expectedEffect; actual=0.; expected=0.; absDiff=0.
OK: audit03.materialConfig.3.SLS(II)|ThreeLine|Ignore|TwoLine.otherMaterialUnchanged
OK: audit03.materialConfig.3.SLS(II)|ThreeLine|Ignore|TwoLine.inactiveUnchanged
OK: audit03.materialConfig.3.SLS(II)|ThreeLine|Ignore|ThreeLine.expectedEffect; actual=0.; expected=0.; absDiff=0.
OK: audit03.materialConfig.3.SLS(II)|ThreeLine|Ignore|ThreeLine.otherMaterialUnchanged
OK: audit03.materialConfig.3.SLS(II)|ThreeLine|Ignore|ThreeLine.inactiveUnchanged
OK: audit03.materialConfig.3.SLS(II)|ThreeLine|UseDiagram|TwoLine.expectedEffect; actual=1.98; expected=1.98; absDiff=0.
OK: audit03.materialConfig.3.SLS(II)|ThreeLine|UseDiagram|TwoLine.otherMaterialUnchanged
OK: audit03.materialConfig.3.SLS(II)|ThreeLine|UseDiagram|TwoLine.activeChanged
OK: audit03.materialConfig.3.SLS(II)|ThreeLine|UseDiagram|ThreeLine.expectedEffect; actual=1.98; expected=1.98; absDiff=0.
OK: audit03.materialConfig.3.SLS(II)|ThreeLine|UseDiagram|ThreeLine.otherMaterialUnchanged
OK: audit03.materialConfig.3.SLS(II)|ThreeLine|UseDiagram|ThreeLine.activeChanged
MATERIAL_CONFIG_EFFECT: key=Concrete.R.SLS(II)|column=3|address=$J$28|before=1.8|after=1.98|specs=16
OK: audit03.materialConfig.3.invalid.0
OK: audit03.materialConfig.3.reason.0
MATERIAL_CONFIG_INVALID: key=Concrete.R.SLS(II)|column=3|address=$J$28|value=0|error=-2147218310|reason=Настройка Concrete.Rbt.SLS (лист Config, ячейка J28): Характеристика бетона должна быть больше нуля. Введите положительное значение в указанных на листе единицах измерения.
OK: audit03.materialConfig.3.invalid.-1
OK: audit03.materialConfig.3.reason.-1
MATERIAL_CONFIG_INVALID: key=Concrete.R.SLS(II)|column=3|address=$J$28|value=-1|error=-2147218310|reason=Настройка Concrete.Rbt.SLS (лист Config, ячейка J28): Характеристика бетона должна быть больше нуля. Введите положительное значение в указанных на листе единицах измерения.
OK: audit03.materialConfig.3.invalid.TODO
OK: audit03.materialConfig.3.reason.TODO
MATERIAL_CONFIG_INVALID: key=Concrete.R.SLS(II)|column=3|address=$J$28|value=TODO|error=-2147217194|reason=Настройка Concrete.Rbt.SLS (лист Config, ячейка J28): Обязательное числовое значение не задано. Введите число или формулу, возвращающую число; пустое значение и TODO недопустимы.
OK: audit03.materialConfig.3.invalid.
OK: audit03.materialConfig.3.reason.
MATERIAL_CONFIG_INVALID: key=Concrete.R.SLS(II)|column=3|address=$J$28|value=|error=-2147217194|reason=Настройка Concrete.Rbt.SLS (лист Config, ячейка J28): Обязательное числовое значение не задано. Введите число или формулу, возвращающую число; пустое значение и TODO недопустимы.
OK: audit03.materialConfig.3.invalid.Error 2015
OK: audit03.materialConfig.3.reason.Error 2015
MATERIAL_CONFIG_INVALID: key=Concrete.R.SLS(II)|column=3|address=$J$28|value=Error 2015|error=-2147217195|reason=Настройка Concrete.R.SLS(II) (лист Config, ячейка J28) содержит ошибку Excel в колонке "Растяжение". Исправьте формулу или введите допустимое значение вместо ошибки Excel.
OK: audit03.materialConfig.3.invalid.1e309
OK: audit03.materialConfig.3.reason.1e309
MATERIAL_CONFIG_INVALID: key=Concrete.R.SLS(II)|column=3|address=$J$28|value=1e309|error=-2147217191|reason=Настройка Concrete.Rbt.SLS (лист Config, ячейка J28): Не удалось прочитать обязательное число: "1e309". Введите конечное число допустимого диапазона или исправьте формулу.
OK: audit03.materialConfig.3.recoveryConcrete
OK: audit03.materialConfig.3.recoverySteel
OK: audit03.materialConfig.4.ULS(I)|TwoLine|Ignore|TwoLine.expectedEffect; actual=0.93399750934; expected=0.93399750934; absDiff=0.
OK: audit03.materialConfig.4.ULS(I)|TwoLine|Ignore|TwoLine.otherMaterialUnchanged
OK: audit03.materialConfig.4.ULS(I)|TwoLine|Ignore|TwoLine.inactiveUnchanged
OK: audit03.materialConfig.4.ULS(I)|TwoLine|Ignore|ThreeLine.expectedEffect; actual=0.93399750934; expected=0.93399750934; absDiff=0.
OK: audit03.materialConfig.4.ULS(I)|TwoLine|Ignore|ThreeLine.otherMaterialUnchanged
OK: audit03.materialConfig.4.ULS(I)|TwoLine|Ignore|ThreeLine.inactiveUnchanged
OK: audit03.materialConfig.4.ULS(I)|TwoLine|UseDiagram|TwoLine.expectedEffect; actual=0.93399750934; expected=0.93399750934; absDiff=0.
OK: audit03.materialConfig.4.ULS(I)|TwoLine|UseDiagram|TwoLine.otherMaterialUnchanged
OK: audit03.materialConfig.4.ULS(I)|TwoLine|UseDiagram|TwoLine.inactiveUnchanged
OK: audit03.materialConfig.4.ULS(I)|TwoLine|UseDiagram|ThreeLine.expectedEffect; actual=0.93399750934; expected=0.93399750934; absDiff=0.
OK: audit03.materialConfig.4.ULS(I)|TwoLine|UseDiagram|ThreeLine.otherMaterialUnchanged
OK: audit03.materialConfig.4.ULS(I)|TwoLine|UseDiagram|ThreeLine.inactiveUnchanged
OK: audit03.materialConfig.4.ULS(I)|ThreeLine|Ignore|TwoLine.expectedEffect; actual=0.93399750934; expected=0.93399750934; absDiff=0.
OK: audit03.materialConfig.4.ULS(I)|ThreeLine|Ignore|TwoLine.otherMaterialUnchanged
OK: audit03.materialConfig.4.ULS(I)|ThreeLine|Ignore|TwoLine.inactiveUnchanged
OK: audit03.materialConfig.4.ULS(I)|ThreeLine|Ignore|ThreeLine.expectedEffect; actual=0.93399750934; expected=0.93399750934; absDiff=0.
OK: audit03.materialConfig.4.ULS(I)|ThreeLine|Ignore|ThreeLine.otherMaterialUnchanged
OK: audit03.materialConfig.4.ULS(I)|ThreeLine|Ignore|ThreeLine.inactiveUnchanged
OK: audit03.materialConfig.4.ULS(I)|ThreeLine|UseDiagram|TwoLine.expectedEffect; actual=0.93399750934; expected=0.93399750934; absDiff=0.
OK: audit03.materialConfig.4.ULS(I)|ThreeLine|UseDiagram|TwoLine.otherMaterialUnchanged
OK: audit03.materialConfig.4.ULS(I)|ThreeLine|UseDiagram|TwoLine.inactiveUnchanged
OK: audit03.materialConfig.4.ULS(I)|ThreeLine|UseDiagram|ThreeLine.expectedEffect; actual=0.93399750934; expected=0.93399750934; absDiff=0.
OK: audit03.materialConfig.4.ULS(I)|ThreeLine|UseDiagram|ThreeLine.otherMaterialUnchanged
OK: audit03.materialConfig.4.ULS(I)|ThreeLine|UseDiagram|ThreeLine.inactiveUnchanged
OK: audit03.materialConfig.4.SLS(II)|TwoLine|Ignore|TwoLine.expectedEffect; actual=0.93399750934; expected=0.93399750934; absDiff=0.
OK: audit03.materialConfig.4.SLS(II)|TwoLine|Ignore|TwoLine.otherMaterialUnchanged
OK: audit03.materialConfig.4.SLS(II)|TwoLine|Ignore|TwoLine.inactiveUnchanged
OK: audit03.materialConfig.4.SLS(II)|TwoLine|Ignore|ThreeLine.expectedEffect; actual=0.93399750934; expected=0.93399750934; absDiff=0.
OK: audit03.materialConfig.4.SLS(II)|TwoLine|Ignore|ThreeLine.otherMaterialUnchanged
OK: audit03.materialConfig.4.SLS(II)|TwoLine|Ignore|ThreeLine.inactiveUnchanged
OK: audit03.materialConfig.4.SLS(II)|TwoLine|UseDiagram|TwoLine.expectedEffect; actual=0.93399750934; expected=0.93399750934; absDiff=0.
OK: audit03.materialConfig.4.SLS(II)|TwoLine|UseDiagram|TwoLine.otherMaterialUnchanged
OK: audit03.materialConfig.4.SLS(II)|TwoLine|UseDiagram|TwoLine.inactiveUnchanged
OK: audit03.materialConfig.4.SLS(II)|TwoLine|UseDiagram|ThreeLine.expectedEffect; actual=0.93399750934; expected=0.93399750934; absDiff=0.
OK: audit03.materialConfig.4.SLS(II)|TwoLine|UseDiagram|ThreeLine.otherMaterialUnchanged
OK: audit03.materialConfig.4.SLS(II)|TwoLine|UseDiagram|ThreeLine.inactiveUnchanged
OK: audit03.materialConfig.4.SLS(II)|ThreeLine|Ignore|TwoLine.expectedEffect; actual=0.93399750934; expected=0.93399750934; absDiff=0.
OK: audit03.materialConfig.4.SLS(II)|ThreeLine|Ignore|TwoLine.otherMaterialUnchanged
OK: audit03.materialConfig.4.SLS(II)|ThreeLine|Ignore|TwoLine.inactiveUnchanged
OK: audit03.materialConfig.4.SLS(II)|ThreeLine|Ignore|ThreeLine.expectedEffect; actual=0.93399750934; expected=0.93399750934; absDiff=0.
OK: audit03.materialConfig.4.SLS(II)|ThreeLine|Ignore|ThreeLine.otherMaterialUnchanged
OK: audit03.materialConfig.4.SLS(II)|ThreeLine|Ignore|ThreeLine.inactiveUnchanged
OK: audit03.materialConfig.4.SLS(II)|ThreeLine|UseDiagram|TwoLine.expectedEffect; actual=0.93399750934; expected=0.93399750934; absDiff=0.
OK: audit03.materialConfig.4.SLS(II)|ThreeLine|UseDiagram|TwoLine.otherMaterialUnchanged
OK: audit03.materialConfig.4.SLS(II)|ThreeLine|UseDiagram|TwoLine.inactiveUnchanged
OK: audit03.materialConfig.4.SLS(II)|ThreeLine|UseDiagram|ThreeLine.expectedEffect; actual=0.93399750934; expected=0.93399750934; absDiff=0.
OK: audit03.materialConfig.4.SLS(II)|ThreeLine|UseDiagram|ThreeLine.otherMaterialUnchanged
OK: audit03.materialConfig.4.SLS(II)|ThreeLine|UseDiagram|ThreeLine.inactiveUnchanged
MATERIAL_CONFIG_EFFECT: key=Concrete.Rb.mc2|column=2|address=$I$29|before=14.6|after=16.06|specs=16
OK: audit03.materialConfig.4.invalid.0
OK: audit03.materialConfig.4.reason.0
MATERIAL_CONFIG_INVALID: key=Concrete.Rb.mc2|column=2|address=$I$29|value=0|error=-2147218301|reason=Настройка Concrete.Rb.mc2 (лист Config, ячейка I29): Характеристика бетона должна быть больше нуля. Введите положительное значение в указанных на листе единицах измерения.
OK: audit03.materialConfig.4.invalid.-1
OK: audit03.materialConfig.4.reason.-1
MATERIAL_CONFIG_INVALID: key=Concrete.Rb.mc2|column=2|address=$I$29|value=-1|error=-2147218301|reason=Настройка Concrete.Rb.mc2 (лист Config, ячейка I29): Характеристика бетона должна быть больше нуля. Введите положительное значение в указанных на листе единицах измерения.
OK: audit03.materialConfig.4.invalid.TODO
OK: audit03.materialConfig.4.reason.TODO
MATERIAL_CONFIG_INVALID: key=Concrete.Rb.mc2|column=2|address=$I$29|value=TODO|error=-2147217194|reason=Настройка Concrete.Rb.mc2 (лист Config, ячейка I29): Обязательное числовое значение не задано. Введите число или формулу, возвращающую число; пустое значение и TODO недопустимы.
OK: audit03.materialConfig.4.invalid.
OK: audit03.materialConfig.4.reason.
MATERIAL_CONFIG_INVALID: key=Concrete.Rb.mc2|column=2|address=$I$29|value=|error=-2147217194|reason=Настройка Concrete.Rb.mc2 (лист Config, ячейка I29): Обязательное числовое значение не задано. Введите число или формулу, возвращающую число; пустое значение и TODO недопустимы.
OK: audit03.materialConfig.4.invalid.Error 2015
OK: audit03.materialConfig.4.reason.Error 2015
MATERIAL_CONFIG_INVALID: key=Concrete.Rb.mc2|column=2|address=$I$29|value=Error 2015|error=-2147217195|reason=Настройка Concrete.Rb.mc2 (лист Config, ячейка I29) содержит ошибку Excel в колонке "Сжатие". Исправьте формулу или введите допустимое значение вместо ошибки Excel.
OK: audit03.materialConfig.4.invalid.1e309
OK: audit03.materialConfig.4.reason.1e309
MATERIAL_CONFIG_INVALID: key=Concrete.Rb.mc2|column=2|address=$I$29|value=1e309|error=-2147217191|reason=Настройка Concrete.Rb.mc2 (лист Config, ячейка I29): Не удалось прочитать обязательное число: "1e309". Введите конечное число допустимого диапазона или исправьте формулу.
OK: audit03.materialConfig.4.recoveryConcrete
OK: audit03.materialConfig.4.recoverySteel
OK: audit03.materialConfig.5.ULS(I)|TwoLine|Ignore|TwoLine.expectedEffect; actual=10333.3333333333; expected=10333.3333333333; absDiff=0.
OK: audit03.materialConfig.5.ULS(I)|TwoLine|Ignore|TwoLine.otherMaterialUnchanged
OK: audit03.materialConfig.5.ULS(I)|TwoLine|Ignore|TwoLine.inactiveUnchanged
OK: audit03.materialConfig.5.ULS(I)|TwoLine|Ignore|TwoLine.referenceModulus; actual=35750.; expected=35750.; absDiff=0.
OK: audit03.materialConfig.5.ULS(I)|TwoLine|Ignore|ThreeLine.expectedEffect; actual=10333.3333333333; expected=10333.3333333333; absDiff=0.
OK: audit03.materialConfig.5.ULS(I)|TwoLine|Ignore|ThreeLine.otherMaterialUnchanged
OK: audit03.materialConfig.5.ULS(I)|TwoLine|Ignore|ThreeLine.inactiveUnchanged
OK: audit03.materialConfig.5.ULS(I)|TwoLine|Ignore|ThreeLine.referenceModulus; actual=35750.; expected=35750.; absDiff=0.
OK: audit03.materialConfig.5.ULS(I)|TwoLine|UseDiagram|TwoLine.expectedEffect; actual=10333.3333333333; expected=10333.3333333333; absDiff=0.
OK: audit03.materialConfig.5.ULS(I)|TwoLine|UseDiagram|TwoLine.otherMaterialUnchanged
OK: audit03.materialConfig.5.ULS(I)|TwoLine|UseDiagram|TwoLine.inactiveUnchanged
OK: audit03.materialConfig.5.ULS(I)|TwoLine|UseDiagram|TwoLine.referenceModulus; actual=35750.; expected=35750.; absDiff=0.
OK: audit03.materialConfig.5.ULS(I)|TwoLine|UseDiagram|ThreeLine.expectedEffect; actual=10333.3333333333; expected=10333.3333333333; absDiff=0.
OK: audit03.materialConfig.5.ULS(I)|TwoLine|UseDiagram|ThreeLine.otherMaterialUnchanged
OK: audit03.materialConfig.5.ULS(I)|TwoLine|UseDiagram|ThreeLine.inactiveUnchanged
OK: audit03.materialConfig.5.ULS(I)|TwoLine|UseDiagram|ThreeLine.referenceModulus; actual=35750.; expected=35750.; absDiff=0.
OK: audit03.materialConfig.5.ULS(I)|ThreeLine|Ignore|TwoLine.expectedEffect; actual=35750.; expected=35750.; absDiff=0.
OK: audit03.materialConfig.5.ULS(I)|ThreeLine|Ignore|TwoLine.otherMaterialUnchanged
OK: audit03.materialConfig.5.ULS(I)|ThreeLine|Ignore|TwoLine.activeChanged
OK: audit03.materialConfig.5.ULS(I)|ThreeLine|Ignore|TwoLine.referenceModulus; actual=35750.; expected=35750.; absDiff=0.
OK: audit03.materialConfig.5.ULS(I)|ThreeLine|Ignore|ThreeLine.expectedEffect; actual=35750.; expected=35750.; absDiff=0.
OK: audit03.materialConfig.5.ULS(I)|ThreeLine|Ignore|ThreeLine.otherMaterialUnchanged
OK: audit03.materialConfig.5.ULS(I)|ThreeLine|Ignore|ThreeLine.activeChanged
OK: audit03.materialConfig.5.ULS(I)|ThreeLine|Ignore|ThreeLine.referenceModulus; actual=35750.; expected=35750.; absDiff=0.
OK: audit03.materialConfig.5.ULS(I)|ThreeLine|UseDiagram|TwoLine.expectedEffect; actual=35750.; expected=35750.; absDiff=0.
OK: audit03.materialConfig.5.ULS(I)|ThreeLine|UseDiagram|TwoLine.otherMaterialUnchanged
OK: audit03.materialConfig.5.ULS(I)|ThreeLine|UseDiagram|TwoLine.activeChanged
OK: audit03.materialConfig.5.ULS(I)|ThreeLine|UseDiagram|TwoLine.referenceModulus; actual=35750.; expected=35750.; absDiff=0.
OK: audit03.materialConfig.5.ULS(I)|ThreeLine|UseDiagram|ThreeLine.expectedEffect; actual=35750.; expected=35750.; absDiff=0.
OK: audit03.materialConfig.5.ULS(I)|ThreeLine|UseDiagram|ThreeLine.otherMaterialUnchanged
OK: audit03.materialConfig.5.ULS(I)|ThreeLine|UseDiagram|ThreeLine.activeChanged
OK: audit03.materialConfig.5.ULS(I)|ThreeLine|UseDiagram|ThreeLine.referenceModulus; actual=35750.; expected=35750.; absDiff=0.
OK: audit03.materialConfig.5.SLS(II)|TwoLine|Ignore|TwoLine.expectedEffect; actual=14666.6666666667; expected=14666.6666666667; absDiff=0.
OK: audit03.materialConfig.5.SLS(II)|TwoLine|Ignore|TwoLine.otherMaterialUnchanged
OK: audit03.materialConfig.5.SLS(II)|TwoLine|Ignore|TwoLine.inactiveUnchanged
OK: audit03.materialConfig.5.SLS(II)|TwoLine|Ignore|TwoLine.referenceModulus; actual=35750.; expected=35750.; absDiff=0.
OK: audit03.materialConfig.5.SLS(II)|TwoLine|Ignore|ThreeLine.expectedEffect; actual=14666.6666666667; expected=14666.6666666667; absDiff=0.
OK: audit03.materialConfig.5.SLS(II)|TwoLine|Ignore|ThreeLine.otherMaterialUnchanged
OK: audit03.materialConfig.5.SLS(II)|TwoLine|Ignore|ThreeLine.inactiveUnchanged
OK: audit03.materialConfig.5.SLS(II)|TwoLine|Ignore|ThreeLine.referenceModulus; actual=35750.; expected=35750.; absDiff=0.
OK: audit03.materialConfig.5.SLS(II)|TwoLine|UseDiagram|TwoLine.expectedEffect; actual=14666.6666666667; expected=14666.6666666667; absDiff=0.
OK: audit03.materialConfig.5.SLS(II)|TwoLine|UseDiagram|TwoLine.otherMaterialUnchanged
OK: audit03.materialConfig.5.SLS(II)|TwoLine|UseDiagram|TwoLine.inactiveUnchanged
OK: audit03.materialConfig.5.SLS(II)|TwoLine|UseDiagram|TwoLine.referenceModulus; actual=35750.; expected=35750.; absDiff=0.
OK: audit03.materialConfig.5.SLS(II)|TwoLine|UseDiagram|ThreeLine.expectedEffect; actual=14666.6666666667; expected=14666.6666666667; absDiff=0.
OK: audit03.materialConfig.5.SLS(II)|TwoLine|UseDiagram|ThreeLine.otherMaterialUnchanged
OK: audit03.materialConfig.5.SLS(II)|TwoLine|UseDiagram|ThreeLine.inactiveUnchanged
OK: audit03.materialConfig.5.SLS(II)|TwoLine|UseDiagram|ThreeLine.referenceModulus; actual=35750.; expected=35750.; absDiff=0.
OK: audit03.materialConfig.5.SLS(II)|ThreeLine|Ignore|TwoLine.expectedEffect; actual=35750.; expected=35750.; absDiff=0.
OK: audit03.materialConfig.5.SLS(II)|ThreeLine|Ignore|TwoLine.otherMaterialUnchanged
OK: audit03.materialConfig.5.SLS(II)|ThreeLine|Ignore|TwoLine.activeChanged
OK: audit03.materialConfig.5.SLS(II)|ThreeLine|Ignore|TwoLine.referenceModulus; actual=35750.; expected=35750.; absDiff=0.
OK: audit03.materialConfig.5.SLS(II)|ThreeLine|Ignore|ThreeLine.expectedEffect; actual=35750.; expected=35750.; absDiff=0.
OK: audit03.materialConfig.5.SLS(II)|ThreeLine|Ignore|ThreeLine.otherMaterialUnchanged
OK: audit03.materialConfig.5.SLS(II)|ThreeLine|Ignore|ThreeLine.activeChanged
OK: audit03.materialConfig.5.SLS(II)|ThreeLine|Ignore|ThreeLine.referenceModulus; actual=35750.; expected=35750.; absDiff=0.
OK: audit03.materialConfig.5.SLS(II)|ThreeLine|UseDiagram|TwoLine.expectedEffect; actual=35750.; expected=35750.; absDiff=0.
OK: audit03.materialConfig.5.SLS(II)|ThreeLine|UseDiagram|TwoLine.otherMaterialUnchanged
OK: audit03.materialConfig.5.SLS(II)|ThreeLine|UseDiagram|TwoLine.activeChanged
OK: audit03.materialConfig.5.SLS(II)|ThreeLine|UseDiagram|TwoLine.referenceModulus; actual=35750.; expected=35750.; absDiff=0.
OK: audit03.materialConfig.5.SLS(II)|ThreeLine|UseDiagram|ThreeLine.expectedEffect; actual=35750.; expected=35750.; absDiff=0.
OK: audit03.materialConfig.5.SLS(II)|ThreeLine|UseDiagram|ThreeLine.otherMaterialUnchanged
OK: audit03.materialConfig.5.SLS(II)|ThreeLine|UseDiagram|ThreeLine.activeChanged
OK: audit03.materialConfig.5.SLS(II)|ThreeLine|UseDiagram|ThreeLine.referenceModulus; actual=35750.; expected=35750.; absDiff=0.
MATERIAL_CONFIG_EFFECT: key=Concrete.E|column=2|address=$I$30|before=32500.|after=35750.|specs=16
OK: audit03.materialConfig.5.invalid.0
OK: audit03.materialConfig.5.reason.0
MATERIAL_CONFIG_INVALID: key=Concrete.E|column=2|address=$I$30|value=0|error=-2147218309|reason=Настройка Concrete.Eb (лист Config, ячейка I30): Характеристика бетона должна быть больше нуля. Введите положительное значение в указанных на листе единицах измерения.
OK: audit03.materialConfig.5.invalid.-1
OK: audit03.materialConfig.5.reason.-1
MATERIAL_CONFIG_INVALID: key=Concrete.E|column=2|address=$I$30|value=-1|error=-2147218309|reason=Настройка Concrete.Eb (лист Config, ячейка I30): Характеристика бетона должна быть больше нуля. Введите положительное значение в указанных на листе единицах измерения.
OK: audit03.materialConfig.5.invalid.TODO
OK: audit03.materialConfig.5.reason.TODO
MATERIAL_CONFIG_INVALID: key=Concrete.E|column=2|address=$I$30|value=TODO|error=-2147217194|reason=Настройка Concrete.Eb (лист Config, ячейка I30): Обязательное числовое значение не задано. Введите число или формулу, возвращающую число; пустое значение и TODO недопустимы.
OK: audit03.materialConfig.5.invalid.
OK: audit03.materialConfig.5.reason.
MATERIAL_CONFIG_INVALID: key=Concrete.E|column=2|address=$I$30|value=|error=-2147217194|reason=Настройка Concrete.Eb (лист Config, ячейка I30): Обязательное числовое значение не задано. Введите число или формулу, возвращающую число; пустое значение и TODO недопустимы.
OK: audit03.materialConfig.5.invalid.Error 2015
OK: audit03.materialConfig.5.reason.Error 2015
MATERIAL_CONFIG_INVALID: key=Concrete.E|column=2|address=$I$30|value=Error 2015|error=-2147217195|reason=Настройка Concrete.E (лист Config, ячейка I30) содержит ошибку Excel в колонке "Сжатие". Исправьте формулу или введите допустимое значение вместо ошибки Excel.
OK: audit03.materialConfig.5.invalid.1e309
OK: audit03.materialConfig.5.reason.1e309
MATERIAL_CONFIG_INVALID: key=Concrete.E|column=2|address=$I$30|value=1e309|error=-2147217191|reason=Настройка Concrete.Eb (лист Config, ячейка I30): Не удалось прочитать обязательное число: "1e309". Введите конечное число допустимого диапазона или исправьте формулу.
OK: audit03.materialConfig.5.recoveryConcrete
OK: audit03.materialConfig.5.recoverySteel
OK: audit03.materialConfig.6.ULS(I)|TwoLine|Ignore|TwoLine.expectedEffect; actual=0.; expected=0.; absDiff=0.
OK: audit03.materialConfig.6.ULS(I)|TwoLine|Ignore|TwoLine.otherMaterialUnchanged
OK: audit03.materialConfig.6.ULS(I)|TwoLine|Ignore|TwoLine.inactiveUnchanged
OK: audit03.materialConfig.6.ULS(I)|TwoLine|Ignore|ThreeLine.expectedEffect; actual=0.; expected=0.; absDiff=0.
OK: audit03.materialConfig.6.ULS(I)|TwoLine|Ignore|ThreeLine.otherMaterialUnchanged
OK: audit03.materialConfig.6.ULS(I)|TwoLine|Ignore|ThreeLine.inactiveUnchanged
OK: audit03.materialConfig.6.ULS(I)|TwoLine|UseDiagram|TwoLine.expectedEffect; actual=13750.; expected=13750.; absDiff=0.
OK: audit03.materialConfig.6.ULS(I)|TwoLine|UseDiagram|TwoLine.otherMaterialUnchanged
OK: audit03.materialConfig.6.ULS(I)|TwoLine|UseDiagram|TwoLine.inactiveUnchanged
OK: audit03.materialConfig.6.ULS(I)|TwoLine|UseDiagram|ThreeLine.expectedEffect; actual=13750.; expected=13750.; absDiff=0.
OK: audit03.materialConfig.6.ULS(I)|TwoLine|UseDiagram|ThreeLine.otherMaterialUnchanged
OK: audit03.materialConfig.6.ULS(I)|TwoLine|UseDiagram|ThreeLine.inactiveUnchanged
OK: audit03.materialConfig.6.ULS(I)|ThreeLine|Ignore|TwoLine.expectedEffect; actual=0.; expected=0.; absDiff=0.
OK: audit03.materialConfig.6.ULS(I)|ThreeLine|Ignore|TwoLine.otherMaterialUnchanged
OK: audit03.materialConfig.6.ULS(I)|ThreeLine|Ignore|TwoLine.inactiveUnchanged
OK: audit03.materialConfig.6.ULS(I)|ThreeLine|Ignore|ThreeLine.expectedEffect; actual=0.; expected=0.; absDiff=0.
OK: audit03.materialConfig.6.ULS(I)|ThreeLine|Ignore|ThreeLine.otherMaterialUnchanged
OK: audit03.materialConfig.6.ULS(I)|ThreeLine|Ignore|ThreeLine.inactiveUnchanged
OK: audit03.materialConfig.6.ULS(I)|ThreeLine|UseDiagram|TwoLine.expectedEffect; actual=34100.; expected=34100.; absDiff=0.
OK: audit03.materialConfig.6.ULS(I)|ThreeLine|UseDiagram|TwoLine.otherMaterialUnchanged
OK: audit03.materialConfig.6.ULS(I)|ThreeLine|UseDiagram|TwoLine.activeChanged
OK: audit03.materialConfig.6.ULS(I)|ThreeLine|UseDiagram|ThreeLine.expectedEffect; actual=34100.; expected=34100.; absDiff=0.
OK: audit03.materialConfig.6.ULS(I)|ThreeLine|UseDiagram|ThreeLine.otherMaterialUnchanged
OK: audit03.materialConfig.6.ULS(I)|ThreeLine|UseDiagram|ThreeLine.activeChanged
OK: audit03.materialConfig.6.SLS(II)|TwoLine|Ignore|TwoLine.expectedEffect; actual=0.; expected=0.; absDiff=0.
OK: audit03.materialConfig.6.SLS(II)|TwoLine|Ignore|TwoLine.otherMaterialUnchanged
OK: audit03.materialConfig.6.SLS(II)|TwoLine|Ignore|TwoLine.inactiveUnchanged
OK: audit03.materialConfig.6.SLS(II)|TwoLine|Ignore|ThreeLine.expectedEffect; actual=0.; expected=0.; absDiff=0.
OK: audit03.materialConfig.6.SLS(II)|TwoLine|Ignore|ThreeLine.otherMaterialUnchanged
OK: audit03.materialConfig.6.SLS(II)|TwoLine|Ignore|ThreeLine.inactiveUnchanged
OK: audit03.materialConfig.6.SLS(II)|TwoLine|UseDiagram|TwoLine.expectedEffect; actual=22500.; expected=22500.; absDiff=0.
OK: audit03.materialConfig.6.SLS(II)|TwoLine|UseDiagram|TwoLine.otherMaterialUnchanged
OK: audit03.materialConfig.6.SLS(II)|TwoLine|UseDiagram|TwoLine.inactiveUnchanged
OK: audit03.materialConfig.6.SLS(II)|TwoLine|UseDiagram|ThreeLine.expectedEffect; actual=22500.; expected=22500.; absDiff=0.
OK: audit03.materialConfig.6.SLS(II)|TwoLine|UseDiagram|ThreeLine.otherMaterialUnchanged
OK: audit03.materialConfig.6.SLS(II)|TwoLine|UseDiagram|ThreeLine.inactiveUnchanged
OK: audit03.materialConfig.6.SLS(II)|ThreeLine|Ignore|TwoLine.expectedEffect; actual=0.; expected=0.; absDiff=0.
OK: audit03.materialConfig.6.SLS(II)|ThreeLine|Ignore|TwoLine.otherMaterialUnchanged
OK: audit03.materialConfig.6.SLS(II)|ThreeLine|Ignore|TwoLine.inactiveUnchanged
OK: audit03.materialConfig.6.SLS(II)|ThreeLine|Ignore|ThreeLine.expectedEffect; actual=0.; expected=0.; absDiff=0.
OK: audit03.materialConfig.6.SLS(II)|ThreeLine|Ignore|ThreeLine.otherMaterialUnchanged
OK: audit03.materialConfig.6.SLS(II)|ThreeLine|Ignore|ThreeLine.inactiveUnchanged
OK: audit03.materialConfig.6.SLS(II)|ThreeLine|UseDiagram|TwoLine.expectedEffect; actual=34100.; expected=34100.; absDiff=0.
OK: audit03.materialConfig.6.SLS(II)|ThreeLine|UseDiagram|TwoLine.otherMaterialUnchanged
OK: audit03.materialConfig.6.SLS(II)|ThreeLine|UseDiagram|TwoLine.activeChanged
OK: audit03.materialConfig.6.SLS(II)|ThreeLine|UseDiagram|ThreeLine.expectedEffect; actual=34100.; expected=34100.; absDiff=0.
OK: audit03.materialConfig.6.SLS(II)|ThreeLine|UseDiagram|ThreeLine.otherMaterialUnchanged
OK: audit03.materialConfig.6.SLS(II)|ThreeLine|UseDiagram|ThreeLine.activeChanged
MATERIAL_CONFIG_EFFECT: key=Concrete.E|column=3|address=$J$30|before=31000.|after=34100.|specs=16
OK: audit03.materialConfig.6.invalid.0
OK: audit03.materialConfig.6.reason.0
MATERIAL_CONFIG_INVALID: key=Concrete.E|column=3|address=$J$30|value=0|error=-2147218308|reason=Настройка Concrete.Ebt (лист Config, ячейка J30): Характеристика бетона должна быть больше нуля. Введите положительное значение в указанных на листе единицах измерения.
OK: audit03.materialConfig.6.invalid.-1
OK: audit03.materialConfig.6.reason.-1
MATERIAL_CONFIG_INVALID: key=Concrete.E|column=3|address=$J$30|value=-1|error=-2147218308|reason=Настройка Concrete.Ebt (лист Config, ячейка J30): Характеристика бетона должна быть больше нуля. Введите положительное значение в указанных на листе единицах измерения.
OK: audit03.materialConfig.6.invalid.TODO
OK: audit03.materialConfig.6.reason.TODO
MATERIAL_CONFIG_INVALID: key=Concrete.E|column=3|address=$J$30|value=TODO|error=-2147217194|reason=Настройка Concrete.Ebt (лист Config, ячейка J30): Обязательное числовое значение не задано. Введите число или формулу, возвращающую число; пустое значение и TODO недопустимы.
OK: audit03.materialConfig.6.invalid.
OK: audit03.materialConfig.6.reason.
MATERIAL_CONFIG_INVALID: key=Concrete.E|column=3|address=$J$30|value=|error=-2147217194|reason=Настройка Concrete.Ebt (лист Config, ячейка J30): Обязательное числовое значение не задано. Введите число или формулу, возвращающую число; пустое значение и TODO недопустимы.
OK: audit03.materialConfig.6.invalid.Error 2015
OK: audit03.materialConfig.6.reason.Error 2015
MATERIAL_CONFIG_INVALID: key=Concrete.E|column=3|address=$J$30|value=Error 2015|error=-2147217195|reason=Настройка Concrete.E (лист Config, ячейка J30) содержит ошибку Excel в колонке "Растяжение". Исправьте формулу или введите допустимое значение вместо ошибки Excel.
OK: audit03.materialConfig.6.invalid.1e309
OK: audit03.materialConfig.6.reason.1e309
MATERIAL_CONFIG_INVALID: key=Concrete.E|column=3|address=$J$30|value=1e309|error=-2147217191|reason=Настройка Concrete.Ebt (лист Config, ячейка J30): Не удалось прочитать обязательное число: "1e309". Введите конечное число допустимого диапазона или исправьте формулу.
OK: audit03.materialConfig.6.recoveryConcrete
OK: audit03.materialConfig.6.recoverySteel
OK: audit03.materialConfig.7.ULS(I)|TwoLine|Ignore|TwoLine.expectedEffect; actual=-0.00165; expected=-0.00165; absDiff=0.
OK: audit03.materialConfig.7.ULS(I)|TwoLine|Ignore|TwoLine.otherMaterialUnchanged
OK: audit03.materialConfig.7.ULS(I)|TwoLine|Ignore|TwoLine.activeChanged
OK: audit03.materialConfig.7.ULS(I)|TwoLine|Ignore|ThreeLine.expectedEffect; actual=-0.00165; expected=-0.00165; absDiff=0.
OK: audit03.materialConfig.7.ULS(I)|TwoLine|Ignore|ThreeLine.otherMaterialUnchanged
OK: audit03.materialConfig.7.ULS(I)|TwoLine|Ignore|ThreeLine.activeChanged
OK: audit03.materialConfig.7.ULS(I)|TwoLine|UseDiagram|TwoLine.expectedEffect; actual=-0.00165; expected=-0.00165; absDiff=0.
OK: audit03.materialConfig.7.ULS(I)|TwoLine|UseDiagram|TwoLine.otherMaterialUnchanged
OK: audit03.materialConfig.7.ULS(I)|TwoLine|UseDiagram|TwoLine.activeChanged
OK: audit03.materialConfig.7.ULS(I)|TwoLine|UseDiagram|ThreeLine.expectedEffect; actual=-0.00165; expected=-0.00165; absDiff=0.
OK: audit03.materialConfig.7.ULS(I)|TwoLine|UseDiagram|ThreeLine.otherMaterialUnchanged
OK: audit03.materialConfig.7.ULS(I)|TwoLine|UseDiagram|ThreeLine.activeChanged
OK: audit03.materialConfig.7.ULS(I)|ThreeLine|Ignore|TwoLine.expectedEffect; actual=-0.002; expected=-0.002; absDiff=0.
OK: audit03.materialConfig.7.ULS(I)|ThreeLine|Ignore|TwoLine.otherMaterialUnchanged
OK: audit03.materialConfig.7.ULS(I)|ThreeLine|Ignore|TwoLine.inactiveUnchanged
OK: audit03.materialConfig.7.ULS(I)|ThreeLine|Ignore|ThreeLine.expectedEffect; actual=-0.002; expected=-0.002; absDiff=0.
OK: audit03.materialConfig.7.ULS(I)|ThreeLine|Ignore|ThreeLine.otherMaterialUnchanged
OK: audit03.materialConfig.7.ULS(I)|ThreeLine|Ignore|ThreeLine.inactiveUnchanged
OK: audit03.materialConfig.7.ULS(I)|ThreeLine|UseDiagram|TwoLine.expectedEffect; actual=-0.002; expected=-0.002; absDiff=0.
OK: audit03.materialConfig.7.ULS(I)|ThreeLine|UseDiagram|TwoLine.otherMaterialUnchanged
OK: audit03.materialConfig.7.ULS(I)|ThreeLine|UseDiagram|TwoLine.inactiveUnchanged
OK: audit03.materialConfig.7.ULS(I)|ThreeLine|UseDiagram|ThreeLine.expectedEffect; actual=-0.002; expected=-0.002; absDiff=0.
OK: audit03.materialConfig.7.ULS(I)|ThreeLine|UseDiagram|ThreeLine.otherMaterialUnchanged
OK: audit03.materialConfig.7.ULS(I)|ThreeLine|UseDiagram|ThreeLine.inactiveUnchanged
OK: audit03.materialConfig.7.SLS(II)|TwoLine|Ignore|TwoLine.expectedEffect; actual=-0.00165; expected=-0.00165; absDiff=0.
OK: audit03.materialConfig.7.SLS(II)|TwoLine|Ignore|TwoLine.otherMaterialUnchanged
OK: audit03.materialConfig.7.SLS(II)|TwoLine|Ignore|TwoLine.activeChanged
OK: audit03.materialConfig.7.SLS(II)|TwoLine|Ignore|ThreeLine.expectedEffect; actual=-0.00165; expected=-0.00165; absDiff=0.
OK: audit03.materialConfig.7.SLS(II)|TwoLine|Ignore|ThreeLine.otherMaterialUnchanged
OK: audit03.materialConfig.7.SLS(II)|TwoLine|Ignore|ThreeLine.activeChanged
OK: audit03.materialConfig.7.SLS(II)|TwoLine|UseDiagram|TwoLine.expectedEffect; actual=-0.00165; expected=-0.00165; absDiff=0.
OK: audit03.materialConfig.7.SLS(II)|TwoLine|UseDiagram|TwoLine.otherMaterialUnchanged
OK: audit03.materialConfig.7.SLS(II)|TwoLine|UseDiagram|TwoLine.activeChanged
OK: audit03.materialConfig.7.SLS(II)|TwoLine|UseDiagram|ThreeLine.expectedEffect; actual=-0.00165; expected=-0.00165; absDiff=0.
OK: audit03.materialConfig.7.SLS(II)|TwoLine|UseDiagram|ThreeLine.otherMaterialUnchanged
OK: audit03.materialConfig.7.SLS(II)|TwoLine|UseDiagram|ThreeLine.activeChanged
OK: audit03.materialConfig.7.SLS(II)|ThreeLine|Ignore|TwoLine.expectedEffect; actual=-0.002; expected=-0.002; absDiff=0.
OK: audit03.materialConfig.7.SLS(II)|ThreeLine|Ignore|TwoLine.otherMaterialUnchanged
OK: audit03.materialConfig.7.SLS(II)|ThreeLine|Ignore|TwoLine.inactiveUnchanged
OK: audit03.materialConfig.7.SLS(II)|ThreeLine|Ignore|ThreeLine.expectedEffect; actual=-0.002; expected=-0.002; absDiff=0.
OK: audit03.materialConfig.7.SLS(II)|ThreeLine|Ignore|ThreeLine.otherMaterialUnchanged
OK: audit03.materialConfig.7.SLS(II)|ThreeLine|Ignore|ThreeLine.inactiveUnchanged
OK: audit03.materialConfig.7.SLS(II)|ThreeLine|UseDiagram|TwoLine.expectedEffect; actual=-0.002; expected=-0.002; absDiff=0.
OK: audit03.materialConfig.7.SLS(II)|ThreeLine|UseDiagram|TwoLine.otherMaterialUnchanged
OK: audit03.materialConfig.7.SLS(II)|ThreeLine|UseDiagram|TwoLine.inactiveUnchanged
OK: audit03.materialConfig.7.SLS(II)|ThreeLine|UseDiagram|ThreeLine.expectedEffect; actual=-0.002; expected=-0.002; absDiff=0.
OK: audit03.materialConfig.7.SLS(II)|ThreeLine|UseDiagram|ThreeLine.otherMaterialUnchanged
OK: audit03.materialConfig.7.SLS(II)|ThreeLine|UseDiagram|ThreeLine.inactiveUnchanged
MATERIAL_CONFIG_EFFECT: key=Concrete.TwoLine.Eb1Red|column=2|address=$I$31|before=0.0015|after=0.00165|specs=16
OK: audit03.materialConfig.7.invalid.0
OK: audit03.materialConfig.7.reason.0
MATERIAL_CONFIG_INVALID: key=Concrete.TwoLine.Eb1Red|column=2|address=$I$31|value=0|error=-2147218307|reason=Настройка Concrete.Eb1Red (лист Config, ячейка I31): Характеристика бетона должна быть больше нуля. Введите положительное значение в указанных на листе единицах измерения.
OK: audit03.materialConfig.7.invalid.-1
OK: audit03.materialConfig.7.reason.-1
MATERIAL_CONFIG_INVALID: key=Concrete.TwoLine.Eb1Red|column=2|address=$I$31|value=-1|error=-2147218307|reason=Настройка Concrete.Eb1Red (лист Config, ячейка I31): Характеристика бетона должна быть больше нуля. Введите положительное значение в указанных на листе единицах измерения.
OK: audit03.materialConfig.7.invalid.TODO
OK: audit03.materialConfig.7.reason.TODO
MATERIAL_CONFIG_INVALID: key=Concrete.TwoLine.Eb1Red|column=2|address=$I$31|value=TODO|error=-2147217194|reason=Настройка Concrete.Eb1Red (лист Config, ячейка I31): Обязательное числовое значение не задано. Введите число или формулу, возвращающую число; пустое значение и TODO недопустимы.
OK: audit03.materialConfig.7.invalid.
OK: audit03.materialConfig.7.reason.
MATERIAL_CONFIG_INVALID: key=Concrete.TwoLine.Eb1Red|column=2|address=$I$31|value=|error=-2147217194|reason=Настройка Concrete.Eb1Red (лист Config, ячейка I31): Обязательное числовое значение не задано. Введите число или формулу, возвращающую число; пустое значение и TODO недопустимы.
OK: audit03.materialConfig.7.invalid.Error 2015
OK: audit03.materialConfig.7.reason.Error 2015
MATERIAL_CONFIG_INVALID: key=Concrete.TwoLine.Eb1Red|column=2|address=$I$31|value=Error 2015|error=-2147217195|reason=Настройка Concrete.TwoLine.Eb1Red (лист Config, ячейка I31) содержит ошибку Excel в колонке "Сжатие". Исправьте формулу или введите допустимое значение вместо ошибки Excel.
OK: audit03.materialConfig.7.invalid.1e309
OK: audit03.materialConfig.7.reason.1e309
MATERIAL_CONFIG_INVALID: key=Concrete.TwoLine.Eb1Red|column=2|address=$I$31|value=1e309|error=-2147217191|reason=Настройка Concrete.Eb1Red (лист Config, ячейка I31): Не удалось прочитать обязательное число: "1e309". Введите конечное число допустимого диапазона или исправьте формулу.
OK: audit03.materialConfig.7.recoveryConcrete
OK: audit03.materialConfig.7.recoverySteel
OK: audit03.materialConfig.8.ULS(I)|TwoLine|Ignore|TwoLine.expectedEffect; actual=0.; expected=0.; absDiff=0.
OK: audit03.materialConfig.8.ULS(I)|TwoLine|Ignore|TwoLine.otherMaterialUnchanged
OK: audit03.materialConfig.8.ULS(I)|TwoLine|Ignore|TwoLine.inactiveUnchanged
OK: audit03.materialConfig.8.ULS(I)|TwoLine|Ignore|ThreeLine.expectedEffect; actual=0.; expected=0.; absDiff=0.
OK: audit03.materialConfig.8.ULS(I)|TwoLine|Ignore|ThreeLine.otherMaterialUnchanged
OK: audit03.materialConfig.8.ULS(I)|TwoLine|Ignore|ThreeLine.inactiveUnchanged
OK: audit03.materialConfig.8.ULS(I)|TwoLine|UseDiagram|TwoLine.expectedEffect; actual=0.000088; expected=0.000088; absDiff=0.
OK: audit03.materialConfig.8.ULS(I)|TwoLine|UseDiagram|TwoLine.otherMaterialUnchanged
OK: audit03.materialConfig.8.ULS(I)|TwoLine|UseDiagram|TwoLine.activeChanged
OK: audit03.materialConfig.8.ULS(I)|TwoLine|UseDiagram|ThreeLine.expectedEffect; actual=0.000088; expected=0.000088; absDiff=0.
OK: audit03.materialConfig.8.ULS(I)|TwoLine|UseDiagram|ThreeLine.otherMaterialUnchanged
OK: audit03.materialConfig.8.ULS(I)|TwoLine|UseDiagram|ThreeLine.activeChanged
OK: audit03.materialConfig.8.ULS(I)|ThreeLine|Ignore|TwoLine.expectedEffect; actual=0.; expected=0.; absDiff=0.
OK: audit03.materialConfig.8.ULS(I)|ThreeLine|Ignore|TwoLine.otherMaterialUnchanged
OK: audit03.materialConfig.8.ULS(I)|ThreeLine|Ignore|TwoLine.inactiveUnchanged
OK: audit03.materialConfig.8.ULS(I)|ThreeLine|Ignore|ThreeLine.expectedEffect; actual=0.; expected=0.; absDiff=0.
OK: audit03.materialConfig.8.ULS(I)|ThreeLine|Ignore|ThreeLine.otherMaterialUnchanged
OK: audit03.materialConfig.8.ULS(I)|ThreeLine|Ignore|ThreeLine.inactiveUnchanged
OK: audit03.materialConfig.8.ULS(I)|ThreeLine|UseDiagram|TwoLine.expectedEffect; actual=0.0001; expected=0.0001; absDiff=0.
OK: audit03.materialConfig.8.ULS(I)|ThreeLine|UseDiagram|TwoLine.otherMaterialUnchanged
OK: audit03.materialConfig.8.ULS(I)|ThreeLine|UseDiagram|TwoLine.inactiveUnchanged
OK: audit03.materialConfig.8.ULS(I)|ThreeLine|UseDiagram|ThreeLine.expectedEffect; actual=0.0001; expected=0.0001; absDiff=0.
OK: audit03.materialConfig.8.ULS(I)|ThreeLine|UseDiagram|ThreeLine.otherMaterialUnchanged
OK: audit03.materialConfig.8.ULS(I)|ThreeLine|UseDiagram|ThreeLine.inactiveUnchanged
OK: audit03.materialConfig.8.SLS(II)|TwoLine|Ignore|TwoLine.expectedEffect; actual=0.; expected=0.; absDiff=0.
OK: audit03.materialConfig.8.SLS(II)|TwoLine|Ignore|TwoLine.otherMaterialUnchanged
OK: audit03.materialConfig.8.SLS(II)|TwoLine|Ignore|TwoLine.inactiveUnchanged
OK: audit03.materialConfig.8.SLS(II)|TwoLine|Ignore|ThreeLine.expectedEffect; actual=0.; expected=0.; absDiff=0.
OK: audit03.materialConfig.8.SLS(II)|TwoLine|Ignore|ThreeLine.otherMaterialUnchanged
OK: audit03.materialConfig.8.SLS(II)|TwoLine|Ignore|ThreeLine.inactiveUnchanged
OK: audit03.materialConfig.8.SLS(II)|TwoLine|UseDiagram|TwoLine.expectedEffect; actual=0.000088; expected=0.000088; absDiff=0.
OK: audit03.materialConfig.8.SLS(II)|TwoLine|UseDiagram|TwoLine.otherMaterialUnchanged
OK: audit03.materialConfig.8.SLS(II)|TwoLine|UseDiagram|TwoLine.activeChanged
OK: audit03.materialConfig.8.SLS(II)|TwoLine|UseDiagram|ThreeLine.expectedEffect; actual=0.000088; expected=0.000088; absDiff=0.
OK: audit03.materialConfig.8.SLS(II)|TwoLine|UseDiagram|ThreeLine.otherMaterialUnchanged
OK: audit03.materialConfig.8.SLS(II)|TwoLine|UseDiagram|ThreeLine.activeChanged
OK: audit03.materialConfig.8.SLS(II)|ThreeLine|Ignore|TwoLine.expectedEffect; actual=0.; expected=0.; absDiff=0.
OK: audit03.materialConfig.8.SLS(II)|ThreeLine|Ignore|TwoLine.otherMaterialUnchanged
OK: audit03.materialConfig.8.SLS(II)|ThreeLine|Ignore|TwoLine.inactiveUnchanged
OK: audit03.materialConfig.8.SLS(II)|ThreeLine|Ignore|ThreeLine.expectedEffect; actual=0.; expected=0.; absDiff=0.
OK: audit03.materialConfig.8.SLS(II)|ThreeLine|Ignore|ThreeLine.otherMaterialUnchanged
OK: audit03.materialConfig.8.SLS(II)|ThreeLine|Ignore|ThreeLine.inactiveUnchanged
OK: audit03.materialConfig.8.SLS(II)|ThreeLine|UseDiagram|TwoLine.expectedEffect; actual=0.0001; expected=0.0001; absDiff=0.
OK: audit03.materialConfig.8.SLS(II)|ThreeLine|UseDiagram|TwoLine.otherMaterialUnchanged
OK: audit03.materialConfig.8.SLS(II)|ThreeLine|UseDiagram|TwoLine.inactiveUnchanged
OK: audit03.materialConfig.8.SLS(II)|ThreeLine|UseDiagram|ThreeLine.expectedEffect; actual=0.0001; expected=0.0001; absDiff=0.
OK: audit03.materialConfig.8.SLS(II)|ThreeLine|UseDiagram|ThreeLine.otherMaterialUnchanged
OK: audit03.materialConfig.8.SLS(II)|ThreeLine|UseDiagram|ThreeLine.inactiveUnchanged
MATERIAL_CONFIG_EFFECT: key=Concrete.TwoLine.Eb1Red|column=3|address=$J$31|before=0.00008|after=0.000088|specs=16
OK: audit03.materialConfig.8.invalid.0
OK: audit03.materialConfig.8.reason.0
MATERIAL_CONFIG_INVALID: key=Concrete.TwoLine.Eb1Red|column=3|address=$J$31|value=0|error=-2147218306|reason=Настройка Concrete.Ebt1Red (лист Config, ячейка J31): Характеристика бетона должна быть больше нуля. Введите положительное значение в указанных на листе единицах измерения.
OK: audit03.materialConfig.8.invalid.-1
OK: audit03.materialConfig.8.reason.-1
MATERIAL_CONFIG_INVALID: key=Concrete.TwoLine.Eb1Red|column=3|address=$J$31|value=-1|error=-2147218306|reason=Настройка Concrete.Ebt1Red (лист Config, ячейка J31): Характеристика бетона должна быть больше нуля. Введите положительное значение в указанных на листе единицах измерения.
OK: audit03.materialConfig.8.invalid.TODO
OK: audit03.materialConfig.8.reason.TODO
MATERIAL_CONFIG_INVALID: key=Concrete.TwoLine.Eb1Red|column=3|address=$J$31|value=TODO|error=-2147217194|reason=Настройка Concrete.Ebt1Red (лист Config, ячейка J31): Обязательное числовое значение не задано. Введите число или формулу, возвращающую число; пустое значение и TODO недопустимы.
OK: audit03.materialConfig.8.invalid.
OK: audit03.materialConfig.8.reason.
MATERIAL_CONFIG_INVALID: key=Concrete.TwoLine.Eb1Red|column=3|address=$J$31|value=|error=-2147217194|reason=Настройка Concrete.Ebt1Red (лист Config, ячейка J31): Обязательное числовое значение не задано. Введите число или формулу, возвращающую число; пустое значение и TODO недопустимы.
OK: audit03.materialConfig.8.invalid.Error 2015
OK: audit03.materialConfig.8.reason.Error 2015
MATERIAL_CONFIG_INVALID: key=Concrete.TwoLine.Eb1Red|column=3|address=$J$31|value=Error 2015|error=-2147217195|reason=Настройка Concrete.TwoLine.Eb1Red (лист Config, ячейка J31) содержит ошибку Excel в колонке "Растяжение". Исправьте формулу или введите допустимое значение вместо ошибки Excel.
OK: audit03.materialConfig.8.invalid.1e309
OK: audit03.materialConfig.8.reason.1e309
MATERIAL_CONFIG_INVALID: key=Concrete.TwoLine.Eb1Red|column=3|address=$J$31|value=1e309|error=-2147217191|reason=Настройка Concrete.Ebt1Red (лист Config, ячейка J31): Не удалось прочитать обязательное число: "1e309". Введите конечное число допустимого диапазона или исправьте формулу.
OK: audit03.materialConfig.8.recoveryConcrete
OK: audit03.materialConfig.8.recoverySteel
OK: audit03.materialConfig.9.ULS(I)|TwoLine|Ignore|TwoLine.expectedEffect; actual=-0.0015; expected=-0.0015; absDiff=0.
OK: audit03.materialConfig.9.ULS(I)|TwoLine|Ignore|TwoLine.otherMaterialUnchanged
OK: audit03.materialConfig.9.ULS(I)|TwoLine|Ignore|TwoLine.inactiveUnchanged
OK: audit03.materialConfig.9.ULS(I)|TwoLine|Ignore|ThreeLine.expectedEffect; actual=-0.0015; expected=-0.0015; absDiff=0.
OK: audit03.materialConfig.9.ULS(I)|TwoLine|Ignore|ThreeLine.otherMaterialUnchanged
OK: audit03.materialConfig.9.ULS(I)|TwoLine|Ignore|ThreeLine.inactiveUnchanged
OK: audit03.materialConfig.9.ULS(I)|TwoLine|UseDiagram|TwoLine.expectedEffect; actual=-0.0015; expected=-0.0015; absDiff=0.
OK: audit03.materialConfig.9.ULS(I)|TwoLine|UseDiagram|TwoLine.otherMaterialUnchanged
OK: audit03.materialConfig.9.ULS(I)|TwoLine|UseDiagram|TwoLine.inactiveUnchanged
OK: audit03.materialConfig.9.ULS(I)|TwoLine|UseDiagram|ThreeLine.expectedEffect; actual=-0.0015; expected=-0.0015; absDiff=0.
OK: audit03.materialConfig.9.ULS(I)|TwoLine|UseDiagram|ThreeLine.otherMaterialUnchanged
OK: audit03.materialConfig.9.ULS(I)|TwoLine|UseDiagram|ThreeLine.inactiveUnchanged
OK: audit03.materialConfig.9.ULS(I)|ThreeLine|Ignore|TwoLine.expectedEffect; actual=-0.0022; expected=-0.0022; absDiff=0.
OK: audit03.materialConfig.9.ULS(I)|ThreeLine|Ignore|TwoLine.otherMaterialUnchanged
OK: audit03.materialConfig.9.ULS(I)|ThreeLine|Ignore|TwoLine.activeChanged
OK: audit03.materialConfig.9.ULS(I)|ThreeLine|Ignore|ThreeLine.expectedEffect; actual=-0.0022; expected=-0.0022; absDiff=0.
OK: audit03.materialConfig.9.ULS(I)|ThreeLine|Ignore|ThreeLine.otherMaterialUnchanged
OK: audit03.materialConfig.9.ULS(I)|ThreeLine|Ignore|ThreeLine.activeChanged
OK: audit03.materialConfig.9.ULS(I)|ThreeLine|UseDiagram|TwoLine.expectedEffect; actual=-0.0022; expected=-0.0022; absDiff=0.
OK: audit03.materialConfig.9.ULS(I)|ThreeLine|UseDiagram|TwoLine.otherMaterialUnchanged
OK: audit03.materialConfig.9.ULS(I)|ThreeLine|UseDiagram|TwoLine.activeChanged
OK: audit03.materialConfig.9.ULS(I)|ThreeLine|UseDiagram|ThreeLine.expectedEffect; actual=-0.0022; expected=-0.0022; absDiff=0.
OK: audit03.materialConfig.9.ULS(I)|ThreeLine|UseDiagram|ThreeLine.otherMaterialUnchanged
OK: audit03.materialConfig.9.ULS(I)|ThreeLine|UseDiagram|ThreeLine.activeChanged
OK: audit03.materialConfig.9.SLS(II)|TwoLine|Ignore|TwoLine.expectedEffect; actual=-0.0015; expected=-0.0015; absDiff=0.
OK: audit03.materialConfig.9.SLS(II)|TwoLine|Ignore|TwoLine.otherMaterialUnchanged
OK: audit03.materialConfig.9.SLS(II)|TwoLine|Ignore|TwoLine.inactiveUnchanged
OK: audit03.materialConfig.9.SLS(II)|TwoLine|Ignore|ThreeLine.expectedEffect; actual=-0.0015; expected=-0.0015; absDiff=0.
OK: audit03.materialConfig.9.SLS(II)|TwoLine|Ignore|ThreeLine.otherMaterialUnchanged
OK: audit03.materialConfig.9.SLS(II)|TwoLine|Ignore|ThreeLine.inactiveUnchanged
OK: audit03.materialConfig.9.SLS(II)|TwoLine|UseDiagram|TwoLine.expectedEffect; actual=-0.0015; expected=-0.0015; absDiff=0.
OK: audit03.materialConfig.9.SLS(II)|TwoLine|UseDiagram|TwoLine.otherMaterialUnchanged
OK: audit03.materialConfig.9.SLS(II)|TwoLine|UseDiagram|TwoLine.inactiveUnchanged
OK: audit03.materialConfig.9.SLS(II)|TwoLine|UseDiagram|ThreeLine.expectedEffect; actual=-0.0015; expected=-0.0015; absDiff=0.
OK: audit03.materialConfig.9.SLS(II)|TwoLine|UseDiagram|ThreeLine.otherMaterialUnchanged
OK: audit03.materialConfig.9.SLS(II)|TwoLine|UseDiagram|ThreeLine.inactiveUnchanged
OK: audit03.materialConfig.9.SLS(II)|ThreeLine|Ignore|TwoLine.expectedEffect; actual=-0.0022; expected=-0.0022; absDiff=0.
OK: audit03.materialConfig.9.SLS(II)|ThreeLine|Ignore|TwoLine.otherMaterialUnchanged
OK: audit03.materialConfig.9.SLS(II)|ThreeLine|Ignore|TwoLine.activeChanged
OK: audit03.materialConfig.9.SLS(II)|ThreeLine|Ignore|ThreeLine.expectedEffect; actual=-0.0022; expected=-0.0022; absDiff=0.
OK: audit03.materialConfig.9.SLS(II)|ThreeLine|Ignore|ThreeLine.otherMaterialUnchanged
OK: audit03.materialConfig.9.SLS(II)|ThreeLine|Ignore|ThreeLine.activeChanged
OK: audit03.materialConfig.9.SLS(II)|ThreeLine|UseDiagram|TwoLine.expectedEffect; actual=-0.0022; expected=-0.0022; absDiff=0.
OK: audit03.materialConfig.9.SLS(II)|ThreeLine|UseDiagram|TwoLine.otherMaterialUnchanged
OK: audit03.materialConfig.9.SLS(II)|ThreeLine|UseDiagram|TwoLine.activeChanged
OK: audit03.materialConfig.9.SLS(II)|ThreeLine|UseDiagram|ThreeLine.expectedEffect; actual=-0.0022; expected=-0.0022; absDiff=0.
OK: audit03.materialConfig.9.SLS(II)|ThreeLine|UseDiagram|ThreeLine.otherMaterialUnchanged
OK: audit03.materialConfig.9.SLS(II)|ThreeLine|UseDiagram|ThreeLine.activeChanged
MATERIAL_CONFIG_EFFECT: key=Concrete.ThreeLine.Eb0|column=2|address=$I$32|before=0.002|after=0.0022|specs=16
OK: audit03.materialConfig.9.invalid.0
OK: audit03.materialConfig.9.reason.0
MATERIAL_CONFIG_INVALID: key=Concrete.ThreeLine.Eb0|column=2|address=$I$32|value=0|error=-2147218305|reason=Настройка Concrete.Eb0 (лист Config, ячейка I32): Характеристика бетона должна быть больше нуля. Введите положительное значение в указанных на листе единицах измерения.
OK: audit03.materialConfig.9.invalid.-1
OK: audit03.materialConfig.9.reason.-1
MATERIAL_CONFIG_INVALID: key=Concrete.ThreeLine.Eb0|column=2|address=$I$32|value=-1|error=-2147218305|reason=Настройка Concrete.Eb0 (лист Config, ячейка I32): Характеристика бетона должна быть больше нуля. Введите положительное значение в указанных на листе единицах измерения.
OK: audit03.materialConfig.9.invalid.TODO
OK: audit03.materialConfig.9.reason.TODO
MATERIAL_CONFIG_INVALID: key=Concrete.ThreeLine.Eb0|column=2|address=$I$32|value=TODO|error=-2147217194|reason=Настройка Concrete.Eb0 (лист Config, ячейка I32): Обязательное числовое значение не задано. Введите число или формулу, возвращающую число; пустое значение и TODO недопустимы.
OK: audit03.materialConfig.9.invalid.
OK: audit03.materialConfig.9.reason.
MATERIAL_CONFIG_INVALID: key=Concrete.ThreeLine.Eb0|column=2|address=$I$32|value=|error=-2147217194|reason=Настройка Concrete.Eb0 (лист Config, ячейка I32): Обязательное числовое значение не задано. Введите число или формулу, возвращающую число; пустое значение и TODO недопустимы.
OK: audit03.materialConfig.9.invalid.Error 2015
OK: audit03.materialConfig.9.reason.Error 2015
MATERIAL_CONFIG_INVALID: key=Concrete.ThreeLine.Eb0|column=2|address=$I$32|value=Error 2015|error=-2147217195|reason=Настройка Concrete.ThreeLine.Eb0 (лист Config, ячейка I32) содержит ошибку Excel в колонке "Сжатие". Исправьте формулу или введите допустимое значение вместо ошибки Excel.
OK: audit03.materialConfig.9.invalid.1e309
OK: audit03.materialConfig.9.reason.1e309
MATERIAL_CONFIG_INVALID: key=Concrete.ThreeLine.Eb0|column=2|address=$I$32|value=1e309|error=-2147217191|reason=Настройка Concrete.Eb0 (лист Config, ячейка I32): Не удалось прочитать обязательное число: "1e309". Введите конечное число допустимого диапазона или исправьте формулу.
OK: audit03.materialConfig.9.recoveryConcrete
OK: audit03.materialConfig.9.recoverySteel
OK: audit03.materialConfig.10.ULS(I)|TwoLine|Ignore|TwoLine.expectedEffect; actual=0.; expected=0.; absDiff=0.
OK: audit03.materialConfig.10.ULS(I)|TwoLine|Ignore|TwoLine.otherMaterialUnchanged
OK: audit03.materialConfig.10.ULS(I)|TwoLine|Ignore|TwoLine.inactiveUnchanged
OK: audit03.materialConfig.10.ULS(I)|TwoLine|Ignore|ThreeLine.expectedEffect; actual=0.; expected=0.; absDiff=0.
OK: audit03.materialConfig.10.ULS(I)|TwoLine|Ignore|ThreeLine.otherMaterialUnchanged
OK: audit03.materialConfig.10.ULS(I)|TwoLine|Ignore|ThreeLine.inactiveUnchanged
OK: audit03.materialConfig.10.ULS(I)|TwoLine|UseDiagram|TwoLine.expectedEffect; actual=0.00008; expected=0.00008; absDiff=0.
OK: audit03.materialConfig.10.ULS(I)|TwoLine|UseDiagram|TwoLine.otherMaterialUnchanged
OK: audit03.materialConfig.10.ULS(I)|TwoLine|UseDiagram|TwoLine.inactiveUnchanged
OK: audit03.materialConfig.10.ULS(I)|TwoLine|UseDiagram|ThreeLine.expectedEffect; actual=0.00008; expected=0.00008; absDiff=0.
OK: audit03.materialConfig.10.ULS(I)|TwoLine|UseDiagram|ThreeLine.otherMaterialUnchanged
OK: audit03.materialConfig.10.ULS(I)|TwoLine|UseDiagram|ThreeLine.inactiveUnchanged
OK: audit03.materialConfig.10.ULS(I)|ThreeLine|Ignore|TwoLine.expectedEffect; actual=0.; expected=0.; absDiff=0.
OK: audit03.materialConfig.10.ULS(I)|ThreeLine|Ignore|TwoLine.otherMaterialUnchanged
OK: audit03.materialConfig.10.ULS(I)|ThreeLine|Ignore|TwoLine.inactiveUnchanged
OK: audit03.materialConfig.10.ULS(I)|ThreeLine|Ignore|ThreeLine.expectedEffect; actual=0.; expected=0.; absDiff=0.
OK: audit03.materialConfig.10.ULS(I)|ThreeLine|Ignore|ThreeLine.otherMaterialUnchanged
OK: audit03.materialConfig.10.ULS(I)|ThreeLine|Ignore|ThreeLine.inactiveUnchanged
OK: audit03.materialConfig.10.ULS(I)|ThreeLine|UseDiagram|TwoLine.expectedEffect; actual=0.00011; expected=0.00011; absDiff=0.
OK: audit03.materialConfig.10.ULS(I)|ThreeLine|UseDiagram|TwoLine.otherMaterialUnchanged
OK: audit03.materialConfig.10.ULS(I)|ThreeLine|UseDiagram|TwoLine.activeChanged
OK: audit03.materialConfig.10.ULS(I)|ThreeLine|UseDiagram|ThreeLine.expectedEffect; actual=0.00011; expected=0.00011; absDiff=0.
OK: audit03.materialConfig.10.ULS(I)|ThreeLine|UseDiagram|ThreeLine.otherMaterialUnchanged
OK: audit03.materialConfig.10.ULS(I)|ThreeLine|UseDiagram|ThreeLine.activeChanged
OK: audit03.materialConfig.10.SLS(II)|TwoLine|Ignore|TwoLine.expectedEffect; actual=0.; expected=0.; absDiff=0.
OK: audit03.materialConfig.10.SLS(II)|TwoLine|Ignore|TwoLine.otherMaterialUnchanged
OK: audit03.materialConfig.10.SLS(II)|TwoLine|Ignore|TwoLine.inactiveUnchanged
OK: audit03.materialConfig.10.SLS(II)|TwoLine|Ignore|ThreeLine.expectedEffect; actual=0.; expected=0.; absDiff=0.
OK: audit03.materialConfig.10.SLS(II)|TwoLine|Ignore|ThreeLine.otherMaterialUnchanged
OK: audit03.materialConfig.10.SLS(II)|TwoLine|Ignore|ThreeLine.inactiveUnchanged
OK: audit03.materialConfig.10.SLS(II)|TwoLine|UseDiagram|TwoLine.expectedEffect; actual=0.00008; expected=0.00008; absDiff=0.
OK: audit03.materialConfig.10.SLS(II)|TwoLine|UseDiagram|TwoLine.otherMaterialUnchanged
OK: audit03.materialConfig.10.SLS(II)|TwoLine|UseDiagram|TwoLine.inactiveUnchanged
OK: audit03.materialConfig.10.SLS(II)|TwoLine|UseDiagram|ThreeLine.expectedEffect; actual=0.00008; expected=0.00008; absDiff=0.
OK: audit03.materialConfig.10.SLS(II)|TwoLine|UseDiagram|ThreeLine.otherMaterialUnchanged
OK: audit03.materialConfig.10.SLS(II)|TwoLine|UseDiagram|ThreeLine.inactiveUnchanged
OK: audit03.materialConfig.10.SLS(II)|ThreeLine|Ignore|TwoLine.expectedEffect; actual=0.; expected=0.; absDiff=0.
OK: audit03.materialConfig.10.SLS(II)|ThreeLine|Ignore|TwoLine.otherMaterialUnchanged
OK: audit03.materialConfig.10.SLS(II)|ThreeLine|Ignore|TwoLine.inactiveUnchanged
OK: audit03.materialConfig.10.SLS(II)|ThreeLine|Ignore|ThreeLine.expectedEffect; actual=0.; expected=0.; absDiff=0.
OK: audit03.materialConfig.10.SLS(II)|ThreeLine|Ignore|ThreeLine.otherMaterialUnchanged
OK: audit03.materialConfig.10.SLS(II)|ThreeLine|Ignore|ThreeLine.inactiveUnchanged
OK: audit03.materialConfig.10.SLS(II)|ThreeLine|UseDiagram|TwoLine.expectedEffect; actual=0.00011; expected=0.00011; absDiff=0.
OK: audit03.materialConfig.10.SLS(II)|ThreeLine|UseDiagram|TwoLine.otherMaterialUnchanged
OK: audit03.materialConfig.10.SLS(II)|ThreeLine|UseDiagram|TwoLine.activeChanged
OK: audit03.materialConfig.10.SLS(II)|ThreeLine|UseDiagram|ThreeLine.expectedEffect; actual=0.00011; expected=0.00011; absDiff=0.
OK: audit03.materialConfig.10.SLS(II)|ThreeLine|UseDiagram|ThreeLine.otherMaterialUnchanged
OK: audit03.materialConfig.10.SLS(II)|ThreeLine|UseDiagram|ThreeLine.activeChanged
MATERIAL_CONFIG_EFFECT: key=Concrete.ThreeLine.Eb0|column=3|address=$J$32|before=0.0001|after=0.00011|specs=16
OK: audit03.materialConfig.10.invalid.0
OK: audit03.materialConfig.10.reason.0
MATERIAL_CONFIG_INVALID: key=Concrete.ThreeLine.Eb0|column=3|address=$J$32|value=0|error=-2147218304|reason=Настройка Concrete.Ebt0 (лист Config, ячейка J32): Характеристика бетона должна быть больше нуля. Введите положительное значение в указанных на листе единицах измерения.
OK: audit03.materialConfig.10.invalid.-1
OK: audit03.materialConfig.10.reason.-1
MATERIAL_CONFIG_INVALID: key=Concrete.ThreeLine.Eb0|column=3|address=$J$32|value=-1|error=-2147218304|reason=Настройка Concrete.Ebt0 (лист Config, ячейка J32): Характеристика бетона должна быть больше нуля. Введите положительное значение в указанных на листе единицах измерения.
OK: audit03.materialConfig.10.invalid.TODO
OK: audit03.materialConfig.10.reason.TODO
MATERIAL_CONFIG_INVALID: key=Concrete.ThreeLine.Eb0|column=3|address=$J$32|value=TODO|error=-2147217194|reason=Настройка Concrete.Ebt0 (лист Config, ячейка J32): Обязательное числовое значение не задано. Введите число или формулу, возвращающую число; пустое значение и TODO недопустимы.
OK: audit03.materialConfig.10.invalid.
OK: audit03.materialConfig.10.reason.
MATERIAL_CONFIG_INVALID: key=Concrete.ThreeLine.Eb0|column=3|address=$J$32|value=|error=-2147217194|reason=Настройка Concrete.Ebt0 (лист Config, ячейка J32): Обязательное числовое значение не задано. Введите число или формулу, возвращающую число; пустое значение и TODO недопустимы.
OK: audit03.materialConfig.10.invalid.Error 2015
OK: audit03.materialConfig.10.reason.Error 2015
MATERIAL_CONFIG_INVALID: key=Concrete.ThreeLine.Eb0|column=3|address=$J$32|value=Error 2015|error=-2147217195|reason=Настройка Concrete.ThreeLine.Eb0 (лист Config, ячейка J32) содержит ошибку Excel в колонке "Растяжение". Исправьте формулу или введите допустимое значение вместо ошибки Excel.
OK: audit03.materialConfig.10.invalid.1e309
OK: audit03.materialConfig.10.reason.1e309
MATERIAL_CONFIG_INVALID: key=Concrete.ThreeLine.Eb0|column=3|address=$J$32|value=1e309|error=-2147217191|reason=Настройка Concrete.Ebt0 (лист Config, ячейка J32): Не удалось прочитать обязательное число: "1e309". Введите конечное число допустимого диапазона или исправьте формулу.
OK: audit03.materialConfig.10.recoveryConcrete
OK: audit03.materialConfig.10.recoverySteel
OK: audit03.materialConfig.11.ULS(I)|TwoLine|Ignore|TwoLine.expectedEffect; actual=-0.00385; expected=-0.00385; absDiff=0.
OK: audit03.materialConfig.11.ULS(I)|TwoLine|Ignore|TwoLine.otherMaterialUnchanged
OK: audit03.materialConfig.11.ULS(I)|TwoLine|Ignore|TwoLine.activeChanged
OK: audit03.materialConfig.11.ULS(I)|TwoLine|Ignore|ThreeLine.expectedEffect; actual=-0.00385; expected=-0.00385; absDiff=0.
OK: audit03.materialConfig.11.ULS(I)|TwoLine|Ignore|ThreeLine.otherMaterialUnchanged
OK: audit03.materialConfig.11.ULS(I)|TwoLine|Ignore|ThreeLine.activeChanged
OK: audit03.materialConfig.11.ULS(I)|TwoLine|UseDiagram|TwoLine.expectedEffect; actual=-0.00385; expected=-0.00385; absDiff=0.
OK: audit03.materialConfig.11.ULS(I)|TwoLine|UseDiagram|TwoLine.otherMaterialUnchanged
OK: audit03.materialConfig.11.ULS(I)|TwoLine|UseDiagram|TwoLine.activeChanged
OK: audit03.materialConfig.11.ULS(I)|TwoLine|UseDiagram|ThreeLine.expectedEffect; actual=-0.00385; expected=-0.00385; absDiff=0.
OK: audit03.materialConfig.11.ULS(I)|TwoLine|UseDiagram|ThreeLine.otherMaterialUnchanged
OK: audit03.materialConfig.11.ULS(I)|TwoLine|UseDiagram|ThreeLine.activeChanged
OK: audit03.materialConfig.11.ULS(I)|ThreeLine|Ignore|TwoLine.expectedEffect; actual=-0.00385; expected=-0.00385; absDiff=0.
OK: audit03.materialConfig.11.ULS(I)|ThreeLine|Ignore|TwoLine.otherMaterialUnchanged
OK: audit03.materialConfig.11.ULS(I)|ThreeLine|Ignore|TwoLine.activeChanged
OK: audit03.materialConfig.11.ULS(I)|ThreeLine|Ignore|ThreeLine.expectedEffect; actual=-0.00385; expected=-0.00385; absDiff=0.
OK: audit03.materialConfig.11.ULS(I)|ThreeLine|Ignore|ThreeLine.otherMaterialUnchanged
OK: audit03.materialConfig.11.ULS(I)|ThreeLine|Ignore|ThreeLine.activeChanged
OK: audit03.materialConfig.11.ULS(I)|ThreeLine|UseDiagram|TwoLine.expectedEffect; actual=-0.00385; expected=-0.00385; absDiff=0.
OK: audit03.materialConfig.11.ULS(I)|ThreeLine|UseDiagram|TwoLine.otherMaterialUnchanged
OK: audit03.materialConfig.11.ULS(I)|ThreeLine|UseDiagram|TwoLine.activeChanged
OK: audit03.materialConfig.11.ULS(I)|ThreeLine|UseDiagram|ThreeLine.expectedEffect; actual=-0.00385; expected=-0.00385; absDiff=0.
OK: audit03.materialConfig.11.ULS(I)|ThreeLine|UseDiagram|ThreeLine.otherMaterialUnchanged
OK: audit03.materialConfig.11.ULS(I)|ThreeLine|UseDiagram|ThreeLine.activeChanged
OK: audit03.materialConfig.11.SLS(II)|TwoLine|Ignore|TwoLine.expectedEffect; actual=-0.00385; expected=-0.00385; absDiff=0.
OK: audit03.materialConfig.11.SLS(II)|TwoLine|Ignore|TwoLine.otherMaterialUnchanged
OK: audit03.materialConfig.11.SLS(II)|TwoLine|Ignore|TwoLine.activeChanged
OK: audit03.materialConfig.11.SLS(II)|TwoLine|Ignore|ThreeLine.expectedEffect; actual=-0.00385; expected=-0.00385; absDiff=0.
OK: audit03.materialConfig.11.SLS(II)|TwoLine|Ignore|ThreeLine.otherMaterialUnchanged
OK: audit03.materialConfig.11.SLS(II)|TwoLine|Ignore|ThreeLine.activeChanged
OK: audit03.materialConfig.11.SLS(II)|TwoLine|UseDiagram|TwoLine.expectedEffect; actual=-0.00385; expected=-0.00385; absDiff=0.
OK: audit03.materialConfig.11.SLS(II)|TwoLine|UseDiagram|TwoLine.otherMaterialUnchanged
OK: audit03.materialConfig.11.SLS(II)|TwoLine|UseDiagram|TwoLine.activeChanged
OK: audit03.materialConfig.11.SLS(II)|TwoLine|UseDiagram|ThreeLine.expectedEffect; actual=-0.00385; expected=-0.00385; absDiff=0.
OK: audit03.materialConfig.11.SLS(II)|TwoLine|UseDiagram|ThreeLine.otherMaterialUnchanged
OK: audit03.materialConfig.11.SLS(II)|TwoLine|UseDiagram|ThreeLine.activeChanged
OK: audit03.materialConfig.11.SLS(II)|ThreeLine|Ignore|TwoLine.expectedEffect; actual=-0.00385; expected=-0.00385; absDiff=0.
OK: audit03.materialConfig.11.SLS(II)|ThreeLine|Ignore|TwoLine.otherMaterialUnchanged
OK: audit03.materialConfig.11.SLS(II)|ThreeLine|Ignore|TwoLine.activeChanged
OK: audit03.materialConfig.11.SLS(II)|ThreeLine|Ignore|ThreeLine.expectedEffect; actual=-0.00385; expected=-0.00385; absDiff=0.
OK: audit03.materialConfig.11.SLS(II)|ThreeLine|Ignore|ThreeLine.otherMaterialUnchanged
OK: audit03.materialConfig.11.SLS(II)|ThreeLine|Ignore|ThreeLine.activeChanged
OK: audit03.materialConfig.11.SLS(II)|ThreeLine|UseDiagram|TwoLine.expectedEffect; actual=-0.00385; expected=-0.00385; absDiff=0.
OK: audit03.materialConfig.11.SLS(II)|ThreeLine|UseDiagram|TwoLine.otherMaterialUnchanged
OK: audit03.materialConfig.11.SLS(II)|ThreeLine|UseDiagram|TwoLine.activeChanged
OK: audit03.materialConfig.11.SLS(II)|ThreeLine|UseDiagram|ThreeLine.expectedEffect; actual=-0.00385; expected=-0.00385; absDiff=0.
OK: audit03.materialConfig.11.SLS(II)|ThreeLine|UseDiagram|ThreeLine.otherMaterialUnchanged
OK: audit03.materialConfig.11.SLS(II)|ThreeLine|UseDiagram|ThreeLine.activeChanged
MATERIAL_CONFIG_EFFECT: key=Concrete.TwoThreeLine.Eb2|column=2|address=$I$33|before=0.0035|after=0.00385|specs=16
OK: audit03.materialConfig.11.invalid.0
OK: audit03.materialConfig.11.reason.0
MATERIAL_CONFIG_INVALID: key=Concrete.TwoThreeLine.Eb2|column=2|address=$I$33|value=0|error=-2147218303|reason=Настройка Concrete.Eb2 (лист Config, ячейка I33): Характеристика бетона должна быть больше нуля. Введите положительное значение в указанных на листе единицах измерения.
OK: audit03.materialConfig.11.invalid.-1
OK: audit03.materialConfig.11.reason.-1
MATERIAL_CONFIG_INVALID: key=Concrete.TwoThreeLine.Eb2|column=2|address=$I$33|value=-1|error=-2147218303|reason=Настройка Concrete.Eb2 (лист Config, ячейка I33): Характеристика бетона должна быть больше нуля. Введите положительное значение в указанных на листе единицах измерения.
OK: audit03.materialConfig.11.invalid.TODO
OK: audit03.materialConfig.11.reason.TODO
MATERIAL_CONFIG_INVALID: key=Concrete.TwoThreeLine.Eb2|column=2|address=$I$33|value=TODO|error=-2147217194|reason=Настройка Concrete.Eb2 (лист Config, ячейка I33): Обязательное числовое значение не задано. Введите число или формулу, возвращающую число; пустое значение и TODO недопустимы.
OK: audit03.materialConfig.11.invalid.
OK: audit03.materialConfig.11.reason.
MATERIAL_CONFIG_INVALID: key=Concrete.TwoThreeLine.Eb2|column=2|address=$I$33|value=|error=-2147217194|reason=Настройка Concrete.Eb2 (лист Config, ячейка I33): Обязательное числовое значение не задано. Введите число или формулу, возвращающую число; пустое значение и TODO недопустимы.
OK: audit03.materialConfig.11.invalid.Error 2015
OK: audit03.materialConfig.11.reason.Error 2015
MATERIAL_CONFIG_INVALID: key=Concrete.TwoThreeLine.Eb2|column=2|address=$I$33|value=Error 2015|error=-2147217195|reason=Настройка Concrete.TwoThreeLine.Eb2 (лист Config, ячейка I33) содержит ошибку Excel в колонке "Сжатие". Исправьте формулу или введите допустимое значение вместо ошибки Excel.
OK: audit03.materialConfig.11.invalid.1e309
OK: audit03.materialConfig.11.reason.1e309
MATERIAL_CONFIG_INVALID: key=Concrete.TwoThreeLine.Eb2|column=2|address=$I$33|value=1e309|error=-2147217191|reason=Настройка Concrete.Eb2 (лист Config, ячейка I33): Не удалось прочитать обязательное число: "1e309". Введите конечное число допустимого диапазона или исправьте формулу.
OK: audit03.materialConfig.11.recoveryConcrete
OK: audit03.materialConfig.11.recoverySteel
OK: audit03.materialConfig.12.ULS(I)|TwoLine|Ignore|TwoLine.expectedEffect; actual=0.; expected=0.; absDiff=0.
OK: audit03.materialConfig.12.ULS(I)|TwoLine|Ignore|TwoLine.otherMaterialUnchanged
OK: audit03.materialConfig.12.ULS(I)|TwoLine|Ignore|TwoLine.inactiveUnchanged
OK: audit03.materialConfig.12.ULS(I)|TwoLine|Ignore|ThreeLine.expectedEffect; actual=0.; expected=0.; absDiff=0.
OK: audit03.materialConfig.12.ULS(I)|TwoLine|Ignore|ThreeLine.otherMaterialUnchanged
OK: audit03.materialConfig.12.ULS(I)|TwoLine|Ignore|ThreeLine.inactiveUnchanged
OK: audit03.materialConfig.12.ULS(I)|TwoLine|UseDiagram|TwoLine.expectedEffect; actual=0.000165; expected=0.000165; absDiff=0.
OK: audit03.materialConfig.12.ULS(I)|TwoLine|UseDiagram|TwoLine.otherMaterialUnchanged
OK: audit03.materialConfig.12.ULS(I)|TwoLine|UseDiagram|TwoLine.activeChanged
OK: audit03.materialConfig.12.ULS(I)|TwoLine|UseDiagram|ThreeLine.expectedEffect; actual=0.000165; expected=0.000165; absDiff=0.
OK: audit03.materialConfig.12.ULS(I)|TwoLine|UseDiagram|ThreeLine.otherMaterialUnchanged
OK: audit03.materialConfig.12.ULS(I)|TwoLine|UseDiagram|ThreeLine.activeChanged
OK: audit03.materialConfig.12.ULS(I)|ThreeLine|Ignore|TwoLine.expectedEffect; actual=0.; expected=0.; absDiff=0.
OK: audit03.materialConfig.12.ULS(I)|ThreeLine|Ignore|TwoLine.otherMaterialUnchanged
OK: audit03.materialConfig.12.ULS(I)|ThreeLine|Ignore|TwoLine.inactiveUnchanged
OK: audit03.materialConfig.12.ULS(I)|ThreeLine|Ignore|ThreeLine.expectedEffect; actual=0.; expected=0.; absDiff=0.
OK: audit03.materialConfig.12.ULS(I)|ThreeLine|Ignore|ThreeLine.otherMaterialUnchanged
OK: audit03.materialConfig.12.ULS(I)|ThreeLine|Ignore|ThreeLine.inactiveUnchanged
OK: audit03.materialConfig.12.ULS(I)|ThreeLine|UseDiagram|TwoLine.expectedEffect; actual=0.000165; expected=0.000165; absDiff=0.
OK: audit03.materialConfig.12.ULS(I)|ThreeLine|UseDiagram|TwoLine.otherMaterialUnchanged
OK: audit03.materialConfig.12.ULS(I)|ThreeLine|UseDiagram|TwoLine.activeChanged
OK: audit03.materialConfig.12.ULS(I)|ThreeLine|UseDiagram|ThreeLine.expectedEffect; actual=0.000165; expected=0.000165; absDiff=0.
OK: audit03.materialConfig.12.ULS(I)|ThreeLine|UseDiagram|ThreeLine.otherMaterialUnchanged
OK: audit03.materialConfig.12.ULS(I)|ThreeLine|UseDiagram|ThreeLine.activeChanged
OK: audit03.materialConfig.12.SLS(II)|TwoLine|Ignore|TwoLine.expectedEffect; actual=0.; expected=0.; absDiff=0.
OK: audit03.materialConfig.12.SLS(II)|TwoLine|Ignore|TwoLine.otherMaterialUnchanged
OK: audit03.materialConfig.12.SLS(II)|TwoLine|Ignore|TwoLine.inactiveUnchanged
OK: audit03.materialConfig.12.SLS(II)|TwoLine|Ignore|ThreeLine.expectedEffect; actual=0.; expected=0.; absDiff=0.
OK: audit03.materialConfig.12.SLS(II)|TwoLine|Ignore|ThreeLine.otherMaterialUnchanged
OK: audit03.materialConfig.12.SLS(II)|TwoLine|Ignore|ThreeLine.inactiveUnchanged
OK: audit03.materialConfig.12.SLS(II)|TwoLine|UseDiagram|TwoLine.expectedEffect; actual=0.000165; expected=0.000165; absDiff=0.
OK: audit03.materialConfig.12.SLS(II)|TwoLine|UseDiagram|TwoLine.otherMaterialUnchanged
OK: audit03.materialConfig.12.SLS(II)|TwoLine|UseDiagram|TwoLine.activeChanged
OK: audit03.materialConfig.12.SLS(II)|TwoLine|UseDiagram|ThreeLine.expectedEffect; actual=0.000165; expected=0.000165; absDiff=0.
OK: audit03.materialConfig.12.SLS(II)|TwoLine|UseDiagram|ThreeLine.otherMaterialUnchanged
OK: audit03.materialConfig.12.SLS(II)|TwoLine|UseDiagram|ThreeLine.activeChanged
OK: audit03.materialConfig.12.SLS(II)|ThreeLine|Ignore|TwoLine.expectedEffect; actual=0.; expected=0.; absDiff=0.
OK: audit03.materialConfig.12.SLS(II)|ThreeLine|Ignore|TwoLine.otherMaterialUnchanged
OK: audit03.materialConfig.12.SLS(II)|ThreeLine|Ignore|TwoLine.inactiveUnchanged
OK: audit03.materialConfig.12.SLS(II)|ThreeLine|Ignore|ThreeLine.expectedEffect; actual=0.; expected=0.; absDiff=0.
OK: audit03.materialConfig.12.SLS(II)|ThreeLine|Ignore|ThreeLine.otherMaterialUnchanged
OK: audit03.materialConfig.12.SLS(II)|ThreeLine|Ignore|ThreeLine.inactiveUnchanged
OK: audit03.materialConfig.12.SLS(II)|ThreeLine|UseDiagram|TwoLine.expectedEffect; actual=0.000165; expected=0.000165; absDiff=0.
OK: audit03.materialConfig.12.SLS(II)|ThreeLine|UseDiagram|TwoLine.otherMaterialUnchanged
OK: audit03.materialConfig.12.SLS(II)|ThreeLine|UseDiagram|TwoLine.activeChanged
OK: audit03.materialConfig.12.SLS(II)|ThreeLine|UseDiagram|ThreeLine.expectedEffect; actual=0.000165; expected=0.000165; absDiff=0.
OK: audit03.materialConfig.12.SLS(II)|ThreeLine|UseDiagram|ThreeLine.otherMaterialUnchanged
OK: audit03.materialConfig.12.SLS(II)|ThreeLine|UseDiagram|ThreeLine.activeChanged
MATERIAL_CONFIG_EFFECT: key=Concrete.TwoThreeLine.Eb2|column=3|address=$J$33|before=0.00015|after=0.000165|specs=16
OK: audit03.materialConfig.12.invalid.0
OK: audit03.materialConfig.12.reason.0
MATERIAL_CONFIG_INVALID: key=Concrete.TwoThreeLine.Eb2|column=3|address=$J$33|value=0|error=-2147218302|reason=Настройка Concrete.Ebt2 (лист Config, ячейка J33): Характеристика бетона должна быть больше нуля. Введите положительное значение в указанных на листе единицах измерения.
OK: audit03.materialConfig.12.invalid.-1
OK: audit03.materialConfig.12.reason.-1
MATERIAL_CONFIG_INVALID: key=Concrete.TwoThreeLine.Eb2|column=3|address=$J$33|value=-1|error=-2147218302|reason=Настройка Concrete.Ebt2 (лист Config, ячейка J33): Характеристика бетона должна быть больше нуля. Введите положительное значение в указанных на листе единицах измерения.
OK: audit03.materialConfig.12.invalid.TODO
OK: audit03.materialConfig.12.reason.TODO
MATERIAL_CONFIG_INVALID: key=Concrete.TwoThreeLine.Eb2|column=3|address=$J$33|value=TODO|error=-2147217194|reason=Настройка Concrete.Ebt2 (лист Config, ячейка J33): Обязательное числовое значение не задано. Введите число или формулу, возвращающую число; пустое значение и TODO недопустимы.
OK: audit03.materialConfig.12.invalid.
OK: audit03.materialConfig.12.reason.
MATERIAL_CONFIG_INVALID: key=Concrete.TwoThreeLine.Eb2|column=3|address=$J$33|value=|error=-2147217194|reason=Настройка Concrete.Ebt2 (лист Config, ячейка J33): Обязательное числовое значение не задано. Введите число или формулу, возвращающую число; пустое значение и TODO недопустимы.
OK: audit03.materialConfig.12.invalid.Error 2015
OK: audit03.materialConfig.12.reason.Error 2015
MATERIAL_CONFIG_INVALID: key=Concrete.TwoThreeLine.Eb2|column=3|address=$J$33|value=Error 2015|error=-2147217195|reason=Настройка Concrete.TwoThreeLine.Eb2 (лист Config, ячейка J33) содержит ошибку Excel в колонке "Растяжение". Исправьте формулу или введите допустимое значение вместо ошибки Excel.
OK: audit03.materialConfig.12.invalid.1e309
OK: audit03.materialConfig.12.reason.1e309
MATERIAL_CONFIG_INVALID: key=Concrete.TwoThreeLine.Eb2|column=3|address=$J$33|value=1e309|error=-2147217191|reason=Настройка Concrete.Ebt2 (лист Config, ячейка J33): Не удалось прочитать обязательное число: "1e309". Введите конечное число допустимого диапазона или исправьте формулу.
OK: audit03.materialConfig.12.recoveryConcrete
OK: audit03.materialConfig.12.recoverySteel
OK: audit03.materialConfig.13.ULS(I)|TwoLine|Ignore|TwoLine.expectedEffect; actual=385.; expected=385.; absDiff=0.
OK: audit03.materialConfig.13.ULS(I)|TwoLine|Ignore|TwoLine.otherMaterialUnchanged
OK: audit03.materialConfig.13.ULS(I)|TwoLine|Ignore|TwoLine.activeChanged
OK: audit03.materialConfig.13.ULS(I)|TwoLine|Ignore|ThreeLine.expectedEffect; actual=423.5; expected=423.5; absDiff=0.
OK: audit03.materialConfig.13.ULS(I)|TwoLine|Ignore|ThreeLine.otherMaterialUnchanged
OK: audit03.materialConfig.13.ULS(I)|TwoLine|Ignore|ThreeLine.activeChanged
OK: audit03.materialConfig.13.ULS(I)|TwoLine|UseDiagram|TwoLine.expectedEffect; actual=385.; expected=385.; absDiff=0.
OK: audit03.materialConfig.13.ULS(I)|TwoLine|UseDiagram|TwoLine.otherMaterialUnchanged
OK: audit03.materialConfig.13.ULS(I)|TwoLine|UseDiagram|TwoLine.activeChanged
OK: audit03.materialConfig.13.ULS(I)|TwoLine|UseDiagram|ThreeLine.expectedEffect; actual=423.5; expected=423.5; absDiff=0.
OK: audit03.materialConfig.13.ULS(I)|TwoLine|UseDiagram|ThreeLine.otherMaterialUnchanged
OK: audit03.materialConfig.13.ULS(I)|TwoLine|UseDiagram|ThreeLine.activeChanged
OK: audit03.materialConfig.13.ULS(I)|ThreeLine|Ignore|TwoLine.expectedEffect; actual=385.; expected=385.; absDiff=0.
OK: audit03.materialConfig.13.ULS(I)|ThreeLine|Ignore|TwoLine.otherMaterialUnchanged
OK: audit03.materialConfig.13.ULS(I)|ThreeLine|Ignore|TwoLine.activeChanged
OK: audit03.materialConfig.13.ULS(I)|ThreeLine|Ignore|ThreeLine.expectedEffect; actual=423.5; expected=423.5; absDiff=0.
OK: audit03.materialConfig.13.ULS(I)|ThreeLine|Ignore|ThreeLine.otherMaterialUnchanged
OK: audit03.materialConfig.13.ULS(I)|ThreeLine|Ignore|ThreeLine.activeChanged
OK: audit03.materialConfig.13.ULS(I)|ThreeLine|UseDiagram|TwoLine.expectedEffect; actual=385.; expected=385.; absDiff=0.
OK: audit03.materialConfig.13.ULS(I)|ThreeLine|UseDiagram|TwoLine.otherMaterialUnchanged
OK: audit03.materialConfig.13.ULS(I)|ThreeLine|UseDiagram|TwoLine.activeChanged
OK: audit03.materialConfig.13.ULS(I)|ThreeLine|UseDiagram|ThreeLine.expectedEffect; actual=423.5; expected=423.5; absDiff=0.
OK: audit03.materialConfig.13.ULS(I)|ThreeLine|UseDiagram|ThreeLine.otherMaterialUnchanged
OK: audit03.materialConfig.13.ULS(I)|ThreeLine|UseDiagram|ThreeLine.activeChanged
OK: audit03.materialConfig.13.SLS(II)|TwoLine|Ignore|TwoLine.expectedEffect; actual=390.; expected=390.; absDiff=0.
OK: audit03.materialConfig.13.SLS(II)|TwoLine|Ignore|TwoLine.otherMaterialUnchanged
OK: audit03.materialConfig.13.SLS(II)|TwoLine|Ignore|TwoLine.inactiveUnchanged
OK: audit03.materialConfig.13.SLS(II)|TwoLine|Ignore|ThreeLine.expectedEffect; actual=429.; expected=429.; absDiff=0.
OK: audit03.materialConfig.13.SLS(II)|TwoLine|Ignore|ThreeLine.otherMaterialUnchanged
OK: audit03.materialConfig.13.SLS(II)|TwoLine|Ignore|ThreeLine.inactiveUnchanged
OK: audit03.materialConfig.13.SLS(II)|TwoLine|UseDiagram|TwoLine.expectedEffect; actual=390.; expected=390.; absDiff=0.
OK: audit03.materialConfig.13.SLS(II)|TwoLine|UseDiagram|TwoLine.otherMaterialUnchanged
OK: audit03.materialConfig.13.SLS(II)|TwoLine|UseDiagram|TwoLine.inactiveUnchanged
OK: audit03.materialConfig.13.SLS(II)|TwoLine|UseDiagram|ThreeLine.expectedEffect; actual=429.; expected=429.; absDiff=0.
OK: audit03.materialConfig.13.SLS(II)|TwoLine|UseDiagram|ThreeLine.otherMaterialUnchanged
OK: audit03.materialConfig.13.SLS(II)|TwoLine|UseDiagram|ThreeLine.inactiveUnchanged
OK: audit03.materialConfig.13.SLS(II)|ThreeLine|Ignore|TwoLine.expectedEffect; actual=390.; expected=390.; absDiff=0.
OK: audit03.materialConfig.13.SLS(II)|ThreeLine|Ignore|TwoLine.otherMaterialUnchanged
OK: audit03.materialConfig.13.SLS(II)|ThreeLine|Ignore|TwoLine.inactiveUnchanged
OK: audit03.materialConfig.13.SLS(II)|ThreeLine|Ignore|ThreeLine.expectedEffect; actual=429.; expected=429.; absDiff=0.
OK: audit03.materialConfig.13.SLS(II)|ThreeLine|Ignore|ThreeLine.otherMaterialUnchanged
OK: audit03.materialConfig.13.SLS(II)|ThreeLine|Ignore|ThreeLine.inactiveUnchanged
OK: audit03.materialConfig.13.SLS(II)|ThreeLine|UseDiagram|TwoLine.expectedEffect; actual=390.; expected=390.; absDiff=0.
OK: audit03.materialConfig.13.SLS(II)|ThreeLine|UseDiagram|TwoLine.otherMaterialUnchanged
OK: audit03.materialConfig.13.SLS(II)|ThreeLine|UseDiagram|TwoLine.inactiveUnchanged
OK: audit03.materialConfig.13.SLS(II)|ThreeLine|UseDiagram|ThreeLine.expectedEffect; actual=429.; expected=429.; absDiff=0.
OK: audit03.materialConfig.13.SLS(II)|ThreeLine|UseDiagram|ThreeLine.otherMaterialUnchanged
OK: audit03.materialConfig.13.SLS(II)|ThreeLine|UseDiagram|ThreeLine.inactiveUnchanged
MATERIAL_CONFIG_EFFECT: key=Steel.R.ULS(I)|column=3|address=$J$19|before=350.|after=385.|specs=16
OK: audit03.materialConfig.13.invalid.0
OK: audit03.materialConfig.13.reason.0
MATERIAL_CONFIG_INVALID: key=Steel.R.ULS(I)|column=3|address=$J$19|value=0|error=-2147218303|reason=Настройка Steel.Rs.ULS (лист Config, ячейка J19): Характеристика арматуры должна быть больше нуля. Введите положительное значение в указанных на листе единицах измерения.
OK: audit03.materialConfig.13.invalid.-1
OK: audit03.materialConfig.13.reason.-1
MATERIAL_CONFIG_INVALID: key=Steel.R.ULS(I)|column=3|address=$J$19|value=-1|error=-2147218303|reason=Настройка Steel.Rs.ULS (лист Config, ячейка J19): Характеристика арматуры должна быть больше нуля. Введите положительное значение в указанных на листе единицах измерения.
OK: audit03.materialConfig.13.invalid.TODO
OK: audit03.materialConfig.13.reason.TODO
MATERIAL_CONFIG_INVALID: key=Steel.R.ULS(I)|column=3|address=$J$19|value=TODO|error=-2147217194|reason=Настройка Steel.Rs.ULS (лист Config, ячейка J19): Обязательное числовое значение не задано. Введите число или формулу, возвращающую число; пустое значение и TODO недопустимы.
OK: audit03.materialConfig.13.invalid.
OK: audit03.materialConfig.13.reason.
MATERIAL_CONFIG_INVALID: key=Steel.R.ULS(I)|column=3|address=$J$19|value=|error=-2147217194|reason=Настройка Steel.Rs.ULS (лист Config, ячейка J19): Обязательное числовое значение не задано. Введите число или формулу, возвращающую число; пустое значение и TODO недопустимы.
OK: audit03.materialConfig.13.invalid.Error 2015
OK: audit03.materialConfig.13.reason.Error 2015
MATERIAL_CONFIG_INVALID: key=Steel.R.ULS(I)|column=3|address=$J$19|value=Error 2015|error=-2147217195|reason=Настройка Steel.R.ULS(I) (лист Config, ячейка J19) содержит ошибку Excel в колонке "Растяжение". Исправьте формулу или введите допустимое значение вместо ошибки Excel.
OK: audit03.materialConfig.13.invalid.1e309
OK: audit03.materialConfig.13.reason.1e309
MATERIAL_CONFIG_INVALID: key=Steel.R.ULS(I)|column=3|address=$J$19|value=1e309|error=-2147217191|reason=Настройка Steel.Rs.ULS (лист Config, ячейка J19): Не удалось прочитать обязательное число: "1e309". Введите конечное число допустимого диапазона или исправьте формулу.
OK: audit03.materialConfig.13.recoveryConcrete
OK: audit03.materialConfig.13.recoverySteel
OK: audit03.materialConfig.14.ULS(I)|TwoLine|Ignore|TwoLine.expectedEffect; actual=-374.; expected=-374.; absDiff=0.
OK: audit03.materialConfig.14.ULS(I)|TwoLine|Ignore|TwoLine.otherMaterialUnchanged
OK: audit03.materialConfig.14.ULS(I)|TwoLine|Ignore|TwoLine.activeChanged
OK: audit03.materialConfig.14.ULS(I)|TwoLine|Ignore|ThreeLine.expectedEffect; actual=-411.4; expected=-411.4; absDiff=0.
OK: audit03.materialConfig.14.ULS(I)|TwoLine|Ignore|ThreeLine.otherMaterialUnchanged
OK: audit03.materialConfig.14.ULS(I)|TwoLine|Ignore|ThreeLine.activeChanged
OK: audit03.materialConfig.14.ULS(I)|TwoLine|UseDiagram|TwoLine.expectedEffect; actual=-374.; expected=-374.; absDiff=0.
OK: audit03.materialConfig.14.ULS(I)|TwoLine|UseDiagram|TwoLine.otherMaterialUnchanged
OK: audit03.materialConfig.14.ULS(I)|TwoLine|UseDiagram|TwoLine.activeChanged
OK: audit03.materialConfig.14.ULS(I)|TwoLine|UseDiagram|ThreeLine.expectedEffect; actual=-411.4; expected=-411.4; absDiff=0.
OK: audit03.materialConfig.14.ULS(I)|TwoLine|UseDiagram|ThreeLine.otherMaterialUnchanged
OK: audit03.materialConfig.14.ULS(I)|TwoLine|UseDiagram|ThreeLine.activeChanged
OK: audit03.materialConfig.14.ULS(I)|ThreeLine|Ignore|TwoLine.expectedEffect; actual=-374.; expected=-374.; absDiff=0.
OK: audit03.materialConfig.14.ULS(I)|ThreeLine|Ignore|TwoLine.otherMaterialUnchanged
OK: audit03.materialConfig.14.ULS(I)|ThreeLine|Ignore|TwoLine.activeChanged
OK: audit03.materialConfig.14.ULS(I)|ThreeLine|Ignore|ThreeLine.expectedEffect; actual=-411.4; expected=-411.4; absDiff=0.
OK: audit03.materialConfig.14.ULS(I)|ThreeLine|Ignore|ThreeLine.otherMaterialUnchanged
OK: audit03.materialConfig.14.ULS(I)|ThreeLine|Ignore|ThreeLine.activeChanged
OK: audit03.materialConfig.14.ULS(I)|ThreeLine|UseDiagram|TwoLine.expectedEffect; actual=-374.; expected=-374.; absDiff=0.
OK: audit03.materialConfig.14.ULS(I)|ThreeLine|UseDiagram|TwoLine.otherMaterialUnchanged
OK: audit03.materialConfig.14.ULS(I)|ThreeLine|UseDiagram|TwoLine.activeChanged
OK: audit03.materialConfig.14.ULS(I)|ThreeLine|UseDiagram|ThreeLine.expectedEffect; actual=-411.4; expected=-411.4; absDiff=0.
OK: audit03.materialConfig.14.ULS(I)|ThreeLine|UseDiagram|ThreeLine.otherMaterialUnchanged
OK: audit03.materialConfig.14.ULS(I)|ThreeLine|UseDiagram|ThreeLine.activeChanged
OK: audit03.materialConfig.14.SLS(II)|TwoLine|Ignore|TwoLine.expectedEffect; actual=-380.; expected=-380.; absDiff=0.
OK: audit03.materialConfig.14.SLS(II)|TwoLine|Ignore|TwoLine.otherMaterialUnchanged
OK: audit03.materialConfig.14.SLS(II)|TwoLine|Ignore|TwoLine.inactiveUnchanged
OK: audit03.materialConfig.14.SLS(II)|TwoLine|Ignore|ThreeLine.expectedEffect; actual=-418.; expected=-418.; absDiff=0.
OK: audit03.materialConfig.14.SLS(II)|TwoLine|Ignore|ThreeLine.otherMaterialUnchanged
OK: audit03.materialConfig.14.SLS(II)|TwoLine|Ignore|ThreeLine.inactiveUnchanged
OK: audit03.materialConfig.14.SLS(II)|TwoLine|UseDiagram|TwoLine.expectedEffect; actual=-380.; expected=-380.; absDiff=0.
OK: audit03.materialConfig.14.SLS(II)|TwoLine|UseDiagram|TwoLine.otherMaterialUnchanged
OK: audit03.materialConfig.14.SLS(II)|TwoLine|UseDiagram|TwoLine.inactiveUnchanged
OK: audit03.materialConfig.14.SLS(II)|TwoLine|UseDiagram|ThreeLine.expectedEffect; actual=-418.; expected=-418.; absDiff=0.
OK: audit03.materialConfig.14.SLS(II)|TwoLine|UseDiagram|ThreeLine.otherMaterialUnchanged
OK: audit03.materialConfig.14.SLS(II)|TwoLine|UseDiagram|ThreeLine.inactiveUnchanged
OK: audit03.materialConfig.14.SLS(II)|ThreeLine|Ignore|TwoLine.expectedEffect; actual=-380.; expected=-380.; absDiff=0.
OK: audit03.materialConfig.14.SLS(II)|ThreeLine|Ignore|TwoLine.otherMaterialUnchanged
OK: audit03.materialConfig.14.SLS(II)|ThreeLine|Ignore|TwoLine.inactiveUnchanged
OK: audit03.materialConfig.14.SLS(II)|ThreeLine|Ignore|ThreeLine.expectedEffect; actual=-418.; expected=-418.; absDiff=0.
OK: audit03.materialConfig.14.SLS(II)|ThreeLine|Ignore|ThreeLine.otherMaterialUnchanged
OK: audit03.materialConfig.14.SLS(II)|ThreeLine|Ignore|ThreeLine.inactiveUnchanged
OK: audit03.materialConfig.14.SLS(II)|ThreeLine|UseDiagram|TwoLine.expectedEffect; actual=-380.; expected=-380.; absDiff=0.
OK: audit03.materialConfig.14.SLS(II)|ThreeLine|UseDiagram|TwoLine.otherMaterialUnchanged
OK: audit03.materialConfig.14.SLS(II)|ThreeLine|UseDiagram|TwoLine.inactiveUnchanged
OK: audit03.materialConfig.14.SLS(II)|ThreeLine|UseDiagram|ThreeLine.expectedEffect; actual=-418.; expected=-418.; absDiff=0.
OK: audit03.materialConfig.14.SLS(II)|ThreeLine|UseDiagram|ThreeLine.otherMaterialUnchanged
OK: audit03.materialConfig.14.SLS(II)|ThreeLine|UseDiagram|ThreeLine.inactiveUnchanged
MATERIAL_CONFIG_EFFECT: key=Steel.R.ULS(I)|column=2|address=$I$19|before=340.|after=374.|specs=16
OK: audit03.materialConfig.14.invalid.0
OK: audit03.materialConfig.14.reason.0
MATERIAL_CONFIG_INVALID: key=Steel.R.ULS(I)|column=2|address=$I$19|value=0|error=-2147218302|reason=Настройка Steel.Rsc.ULS (лист Config, ячейка I19): Характеристика арматуры должна быть больше нуля. Введите положительное значение в указанных на листе единицах измерения.
OK: audit03.materialConfig.14.invalid.-1
OK: audit03.materialConfig.14.reason.-1
MATERIAL_CONFIG_INVALID: key=Steel.R.ULS(I)|column=2|address=$I$19|value=-1|error=-2147218302|reason=Настройка Steel.Rsc.ULS (лист Config, ячейка I19): Характеристика арматуры должна быть больше нуля. Введите положительное значение в указанных на листе единицах измерения.
OK: audit03.materialConfig.14.invalid.TODO
OK: audit03.materialConfig.14.reason.TODO
MATERIAL_CONFIG_INVALID: key=Steel.R.ULS(I)|column=2|address=$I$19|value=TODO|error=-2147217194|reason=Настройка Steel.Rsc.ULS (лист Config, ячейка I19): Обязательное числовое значение не задано. Введите число или формулу, возвращающую число; пустое значение и TODO недопустимы.
OK: audit03.materialConfig.14.invalid.
OK: audit03.materialConfig.14.reason.
MATERIAL_CONFIG_INVALID: key=Steel.R.ULS(I)|column=2|address=$I$19|value=|error=-2147217194|reason=Настройка Steel.Rsc.ULS (лист Config, ячейка I19): Обязательное числовое значение не задано. Введите число или формулу, возвращающую число; пустое значение и TODO недопустимы.
OK: audit03.materialConfig.14.invalid.Error 2015
OK: audit03.materialConfig.14.reason.Error 2015
MATERIAL_CONFIG_INVALID: key=Steel.R.ULS(I)|column=2|address=$I$19|value=Error 2015|error=-2147217195|reason=Настройка Steel.R.ULS(I) (лист Config, ячейка I19) содержит ошибку Excel в колонке "Сжатие". Исправьте формулу или введите допустимое значение вместо ошибки Excel.
OK: audit03.materialConfig.14.invalid.1e309
OK: audit03.materialConfig.14.reason.1e309
MATERIAL_CONFIG_INVALID: key=Steel.R.ULS(I)|column=2|address=$I$19|value=1e309|error=-2147217191|reason=Настройка Steel.Rsc.ULS (лист Config, ячейка I19): Не удалось прочитать обязательное число: "1e309". Введите конечное число допустимого диапазона или исправьте формулу.
OK: audit03.materialConfig.14.recoveryConcrete
OK: audit03.materialConfig.14.recoverySteel
OK: audit03.materialConfig.15.ULS(I)|TwoLine|Ignore|TwoLine.expectedEffect; actual=350.; expected=350.; absDiff=0.
OK: audit03.materialConfig.15.ULS(I)|TwoLine|Ignore|TwoLine.otherMaterialUnchanged
OK: audit03.materialConfig.15.ULS(I)|TwoLine|Ignore|TwoLine.inactiveUnchanged
OK: audit03.materialConfig.15.ULS(I)|TwoLine|Ignore|ThreeLine.expectedEffect; actual=385.; expected=385.; absDiff=0.
OK: audit03.materialConfig.15.ULS(I)|TwoLine|Ignore|ThreeLine.otherMaterialUnchanged
OK: audit03.materialConfig.15.ULS(I)|TwoLine|Ignore|ThreeLine.inactiveUnchanged
OK: audit03.materialConfig.15.ULS(I)|TwoLine|UseDiagram|TwoLine.expectedEffect; actual=350.; expected=350.; absDiff=0.
OK: audit03.materialConfig.15.ULS(I)|TwoLine|UseDiagram|TwoLine.otherMaterialUnchanged
OK: audit03.materialConfig.15.ULS(I)|TwoLine|UseDiagram|TwoLine.inactiveUnchanged
OK: audit03.materialConfig.15.ULS(I)|TwoLine|UseDiagram|ThreeLine.expectedEffect; actual=385.; expected=385.; absDiff=0.
OK: audit03.materialConfig.15.ULS(I)|TwoLine|UseDiagram|ThreeLine.otherMaterialUnchanged
OK: audit03.materialConfig.15.ULS(I)|TwoLine|UseDiagram|ThreeLine.inactiveUnchanged
OK: audit03.materialConfig.15.ULS(I)|ThreeLine|Ignore|TwoLine.expectedEffect; actual=350.; expected=350.; absDiff=0.
OK: audit03.materialConfig.15.ULS(I)|ThreeLine|Ignore|TwoLine.otherMaterialUnchanged
OK: audit03.materialConfig.15.ULS(I)|ThreeLine|Ignore|TwoLine.inactiveUnchanged
OK: audit03.materialConfig.15.ULS(I)|ThreeLine|Ignore|ThreeLine.expectedEffect; actual=385.; expected=385.; absDiff=0.
OK: audit03.materialConfig.15.ULS(I)|ThreeLine|Ignore|ThreeLine.otherMaterialUnchanged
OK: audit03.materialConfig.15.ULS(I)|ThreeLine|Ignore|ThreeLine.inactiveUnchanged
OK: audit03.materialConfig.15.ULS(I)|ThreeLine|UseDiagram|TwoLine.expectedEffect; actual=350.; expected=350.; absDiff=0.
OK: audit03.materialConfig.15.ULS(I)|ThreeLine|UseDiagram|TwoLine.otherMaterialUnchanged
OK: audit03.materialConfig.15.ULS(I)|ThreeLine|UseDiagram|TwoLine.inactiveUnchanged
OK: audit03.materialConfig.15.ULS(I)|ThreeLine|UseDiagram|ThreeLine.expectedEffect; actual=385.; expected=385.; absDiff=0.
OK: audit03.materialConfig.15.ULS(I)|ThreeLine|UseDiagram|ThreeLine.otherMaterialUnchanged
OK: audit03.materialConfig.15.ULS(I)|ThreeLine|UseDiagram|ThreeLine.inactiveUnchanged
OK: audit03.materialConfig.15.SLS(II)|TwoLine|Ignore|TwoLine.expectedEffect; actual=429.; expected=429.; absDiff=0.
OK: audit03.materialConfig.15.SLS(II)|TwoLine|Ignore|TwoLine.otherMaterialUnchanged
OK: audit03.materialConfig.15.SLS(II)|TwoLine|Ignore|TwoLine.activeChanged
OK: audit03.materialConfig.15.SLS(II)|TwoLine|Ignore|ThreeLine.expectedEffect; actual=471.9; expected=471.9; absDiff=0.
OK: audit03.materialConfig.15.SLS(II)|TwoLine|Ignore|ThreeLine.otherMaterialUnchanged
OK: audit03.materialConfig.15.SLS(II)|TwoLine|Ignore|ThreeLine.activeChanged
OK: audit03.materialConfig.15.SLS(II)|TwoLine|UseDiagram|TwoLine.expectedEffect; actual=429.; expected=429.; absDiff=0.
OK: audit03.materialConfig.15.SLS(II)|TwoLine|UseDiagram|TwoLine.otherMaterialUnchanged
OK: audit03.materialConfig.15.SLS(II)|TwoLine|UseDiagram|TwoLine.activeChanged
OK: audit03.materialConfig.15.SLS(II)|TwoLine|UseDiagram|ThreeLine.expectedEffect; actual=471.9; expected=471.9; absDiff=0.
OK: audit03.materialConfig.15.SLS(II)|TwoLine|UseDiagram|ThreeLine.otherMaterialUnchanged
OK: audit03.materialConfig.15.SLS(II)|TwoLine|UseDiagram|ThreeLine.activeChanged
OK: audit03.materialConfig.15.SLS(II)|ThreeLine|Ignore|TwoLine.expectedEffect; actual=429.; expected=429.; absDiff=0.
OK: audit03.materialConfig.15.SLS(II)|ThreeLine|Ignore|TwoLine.otherMaterialUnchanged
OK: audit03.materialConfig.15.SLS(II)|ThreeLine|Ignore|TwoLine.activeChanged
OK: audit03.materialConfig.15.SLS(II)|ThreeLine|Ignore|ThreeLine.expectedEffect; actual=471.9; expected=471.9; absDiff=0.
OK: audit03.materialConfig.15.SLS(II)|ThreeLine|Ignore|ThreeLine.otherMaterialUnchanged
OK: audit03.materialConfig.15.SLS(II)|ThreeLine|Ignore|ThreeLine.activeChanged
OK: audit03.materialConfig.15.SLS(II)|ThreeLine|UseDiagram|TwoLine.expectedEffect; actual=429.; expected=429.; absDiff=0.
OK: audit03.materialConfig.15.SLS(II)|ThreeLine|UseDiagram|TwoLine.otherMaterialUnchanged
OK: audit03.materialConfig.15.SLS(II)|ThreeLine|UseDiagram|TwoLine.activeChanged
OK: audit03.materialConfig.15.SLS(II)|ThreeLine|UseDiagram|ThreeLine.expectedEffect; actual=471.9; expected=471.9; absDiff=0.
OK: audit03.materialConfig.15.SLS(II)|ThreeLine|UseDiagram|ThreeLine.otherMaterialUnchanged
OK: audit03.materialConfig.15.SLS(II)|ThreeLine|UseDiagram|ThreeLine.activeChanged
MATERIAL_CONFIG_EFFECT: key=Steel.R.SLS(II)|column=3|address=$J$20|before=390.|after=429.|specs=16
OK: audit03.materialConfig.15.invalid.0
OK: audit03.materialConfig.15.reason.0
MATERIAL_CONFIG_INVALID: key=Steel.R.SLS(II)|column=3|address=$J$20|value=0|error=-2147218301|reason=Настройка Steel.Rs.SLS (лист Config, ячейка J20): Характеристика арматуры должна быть больше нуля. Введите положительное значение в указанных на листе единицах измерения.
OK: audit03.materialConfig.15.invalid.-1
OK: audit03.materialConfig.15.reason.-1
MATERIAL_CONFIG_INVALID: key=Steel.R.SLS(II)|column=3|address=$J$20|value=-1|error=-2147218301|reason=Настройка Steel.Rs.SLS (лист Config, ячейка J20): Характеристика арматуры должна быть больше нуля. Введите положительное значение в указанных на листе единицах измерения.
OK: audit03.materialConfig.15.invalid.TODO
OK: audit03.materialConfig.15.reason.TODO
MATERIAL_CONFIG_INVALID: key=Steel.R.SLS(II)|column=3|address=$J$20|value=TODO|error=-2147217194|reason=Настройка Steel.Rs.SLS (лист Config, ячейка J20): Обязательное числовое значение не задано. Введите число или формулу, возвращающую число; пустое значение и TODO недопустимы.
OK: audit03.materialConfig.15.invalid.
OK: audit03.materialConfig.15.reason.
MATERIAL_CONFIG_INVALID: key=Steel.R.SLS(II)|column=3|address=$J$20|value=|error=-2147217194|reason=Настройка Steel.Rs.SLS (лист Config, ячейка J20): Обязательное числовое значение не задано. Введите число или формулу, возвращающую число; пустое значение и TODO недопустимы.
OK: audit03.materialConfig.15.invalid.Error 2015
OK: audit03.materialConfig.15.reason.Error 2015
MATERIAL_CONFIG_INVALID: key=Steel.R.SLS(II)|column=3|address=$J$20|value=Error 2015|error=-2147217195|reason=Настройка Steel.R.SLS(II) (лист Config, ячейка J20) содержит ошибку Excel в колонке "Растяжение". Исправьте формулу или введите допустимое значение вместо ошибки Excel.
OK: audit03.materialConfig.15.invalid.1e309
OK: audit03.materialConfig.15.reason.1e309
MATERIAL_CONFIG_INVALID: key=Steel.R.SLS(II)|column=3|address=$J$20|value=1e309|error=-2147217191|reason=Настройка Steel.Rs.SLS (лист Config, ячейка J20): Не удалось прочитать обязательное число: "1e309". Введите конечное число допустимого диапазона или исправьте формулу.
OK: audit03.materialConfig.15.recoveryConcrete
OK: audit03.materialConfig.15.recoverySteel
OK: audit03.materialConfig.16.ULS(I)|TwoLine|Ignore|TwoLine.expectedEffect; actual=-340.; expected=-340.; absDiff=0.
OK: audit03.materialConfig.16.ULS(I)|TwoLine|Ignore|TwoLine.otherMaterialUnchanged
OK: audit03.materialConfig.16.ULS(I)|TwoLine|Ignore|TwoLine.inactiveUnchanged
OK: audit03.materialConfig.16.ULS(I)|TwoLine|Ignore|ThreeLine.expectedEffect; actual=-374.; expected=-374.; absDiff=0.
OK: audit03.materialConfig.16.ULS(I)|TwoLine|Ignore|ThreeLine.otherMaterialUnchanged
OK: audit03.materialConfig.16.ULS(I)|TwoLine|Ignore|ThreeLine.inactiveUnchanged
OK: audit03.materialConfig.16.ULS(I)|TwoLine|UseDiagram|TwoLine.expectedEffect; actual=-340.; expected=-340.; absDiff=0.
OK: audit03.materialConfig.16.ULS(I)|TwoLine|UseDiagram|TwoLine.otherMaterialUnchanged
OK: audit03.materialConfig.16.ULS(I)|TwoLine|UseDiagram|TwoLine.inactiveUnchanged
OK: audit03.materialConfig.16.ULS(I)|TwoLine|UseDiagram|ThreeLine.expectedEffect; actual=-374.; expected=-374.; absDiff=0.
OK: audit03.materialConfig.16.ULS(I)|TwoLine|UseDiagram|ThreeLine.otherMaterialUnchanged
OK: audit03.materialConfig.16.ULS(I)|TwoLine|UseDiagram|ThreeLine.inactiveUnchanged
OK: audit03.materialConfig.16.ULS(I)|ThreeLine|Ignore|TwoLine.expectedEffect; actual=-340.; expected=-340.; absDiff=0.
OK: audit03.materialConfig.16.ULS(I)|ThreeLine|Ignore|TwoLine.otherMaterialUnchanged
OK: audit03.materialConfig.16.ULS(I)|ThreeLine|Ignore|TwoLine.inactiveUnchanged
OK: audit03.materialConfig.16.ULS(I)|ThreeLine|Ignore|ThreeLine.expectedEffect; actual=-374.; expected=-374.; absDiff=0.
OK: audit03.materialConfig.16.ULS(I)|ThreeLine|Ignore|ThreeLine.otherMaterialUnchanged
OK: audit03.materialConfig.16.ULS(I)|ThreeLine|Ignore|ThreeLine.inactiveUnchanged
OK: audit03.materialConfig.16.ULS(I)|ThreeLine|UseDiagram|TwoLine.expectedEffect; actual=-340.; expected=-340.; absDiff=0.
OK: audit03.materialConfig.16.ULS(I)|ThreeLine|UseDiagram|TwoLine.otherMaterialUnchanged
OK: audit03.materialConfig.16.ULS(I)|ThreeLine|UseDiagram|TwoLine.inactiveUnchanged
OK: audit03.materialConfig.16.ULS(I)|ThreeLine|UseDiagram|ThreeLine.expectedEffect; actual=-374.; expected=-374.; absDiff=0.
OK: audit03.materialConfig.16.ULS(I)|ThreeLine|UseDiagram|ThreeLine.otherMaterialUnchanged
OK: audit03.materialConfig.16.ULS(I)|ThreeLine|UseDiagram|ThreeLine.inactiveUnchanged
OK: audit03.materialConfig.16.SLS(II)|TwoLine|Ignore|TwoLine.expectedEffect; actual=-418.; expected=-418.; absDiff=0.
OK: audit03.materialConfig.16.SLS(II)|TwoLine|Ignore|TwoLine.otherMaterialUnchanged
OK: audit03.materialConfig.16.SLS(II)|TwoLine|Ignore|TwoLine.activeChanged
OK: audit03.materialConfig.16.SLS(II)|TwoLine|Ignore|ThreeLine.expectedEffect; actual=-459.8; expected=-459.8; absDiff=0.
OK: audit03.materialConfig.16.SLS(II)|TwoLine|Ignore|ThreeLine.otherMaterialUnchanged
OK: audit03.materialConfig.16.SLS(II)|TwoLine|Ignore|ThreeLine.activeChanged
OK: audit03.materialConfig.16.SLS(II)|TwoLine|UseDiagram|TwoLine.expectedEffect; actual=-418.; expected=-418.; absDiff=0.
OK: audit03.materialConfig.16.SLS(II)|TwoLine|UseDiagram|TwoLine.otherMaterialUnchanged
OK: audit03.materialConfig.16.SLS(II)|TwoLine|UseDiagram|TwoLine.activeChanged
OK: audit03.materialConfig.16.SLS(II)|TwoLine|UseDiagram|ThreeLine.expectedEffect; actual=-459.8; expected=-459.8; absDiff=0.
OK: audit03.materialConfig.16.SLS(II)|TwoLine|UseDiagram|ThreeLine.otherMaterialUnchanged
OK: audit03.materialConfig.16.SLS(II)|TwoLine|UseDiagram|ThreeLine.activeChanged
OK: audit03.materialConfig.16.SLS(II)|ThreeLine|Ignore|TwoLine.expectedEffect; actual=-418.; expected=-418.; absDiff=0.
OK: audit03.materialConfig.16.SLS(II)|ThreeLine|Ignore|TwoLine.otherMaterialUnchanged
OK: audit03.materialConfig.16.SLS(II)|ThreeLine|Ignore|TwoLine.activeChanged
OK: audit03.materialConfig.16.SLS(II)|ThreeLine|Ignore|ThreeLine.expectedEffect; actual=-459.8; expected=-459.8; absDiff=0.
OK: audit03.materialConfig.16.SLS(II)|ThreeLine|Ignore|ThreeLine.otherMaterialUnchanged
OK: audit03.materialConfig.16.SLS(II)|ThreeLine|Ignore|ThreeLine.activeChanged
OK: audit03.materialConfig.16.SLS(II)|ThreeLine|UseDiagram|TwoLine.expectedEffect; actual=-418.; expected=-418.; absDiff=0.
OK: audit03.materialConfig.16.SLS(II)|ThreeLine|UseDiagram|TwoLine.otherMaterialUnchanged
OK: audit03.materialConfig.16.SLS(II)|ThreeLine|UseDiagram|TwoLine.activeChanged
OK: audit03.materialConfig.16.SLS(II)|ThreeLine|UseDiagram|ThreeLine.expectedEffect; actual=-459.8; expected=-459.8; absDiff=0.
OK: audit03.materialConfig.16.SLS(II)|ThreeLine|UseDiagram|ThreeLine.otherMaterialUnchanged
OK: audit03.materialConfig.16.SLS(II)|ThreeLine|UseDiagram|ThreeLine.activeChanged
MATERIAL_CONFIG_EFFECT: key=Steel.R.SLS(II)|column=2|address=$I$20|before=380.|after=418.|specs=16
OK: audit03.materialConfig.16.invalid.0
OK: audit03.materialConfig.16.reason.0
MATERIAL_CONFIG_INVALID: key=Steel.R.SLS(II)|column=2|address=$I$20|value=0|error=-2147218300|reason=Настройка Steel.Rsc.SLS (лист Config, ячейка I20): Характеристика арматуры должна быть больше нуля. Введите положительное значение в указанных на листе единицах измерения.
OK: audit03.materialConfig.16.invalid.-1
OK: audit03.materialConfig.16.reason.-1
MATERIAL_CONFIG_INVALID: key=Steel.R.SLS(II)|column=2|address=$I$20|value=-1|error=-2147218300|reason=Настройка Steel.Rsc.SLS (лист Config, ячейка I20): Характеристика арматуры должна быть больше нуля. Введите положительное значение в указанных на листе единицах измерения.
OK: audit03.materialConfig.16.invalid.TODO
OK: audit03.materialConfig.16.reason.TODO
MATERIAL_CONFIG_INVALID: key=Steel.R.SLS(II)|column=2|address=$I$20|value=TODO|error=-2147217194|reason=Настройка Steel.Rsc.SLS (лист Config, ячейка I20): Обязательное числовое значение не задано. Введите число или формулу, возвращающую число; пустое значение и TODO недопустимы.
OK: audit03.materialConfig.16.invalid.
OK: audit03.materialConfig.16.reason.
MATERIAL_CONFIG_INVALID: key=Steel.R.SLS(II)|column=2|address=$I$20|value=|error=-2147217194|reason=Настройка Steel.Rsc.SLS (лист Config, ячейка I20): Обязательное числовое значение не задано. Введите число или формулу, возвращающую число; пустое значение и TODO недопустимы.
OK: audit03.materialConfig.16.invalid.Error 2015
OK: audit03.materialConfig.16.reason.Error 2015
MATERIAL_CONFIG_INVALID: key=Steel.R.SLS(II)|column=2|address=$I$20|value=Error 2015|error=-2147217195|reason=Настройка Steel.R.SLS(II) (лист Config, ячейка I20) содержит ошибку Excel в колонке "Сжатие". Исправьте формулу или введите допустимое значение вместо ошибки Excel.
OK: audit03.materialConfig.16.invalid.1e309
OK: audit03.materialConfig.16.reason.1e309
MATERIAL_CONFIG_INVALID: key=Steel.R.SLS(II)|column=2|address=$I$20|value=1e309|error=-2147217191|reason=Настройка Steel.Rsc.SLS (лист Config, ячейка I20): Не удалось прочитать обязательное число: "1e309". Введите конечное число допустимого диапазона или исправьте формулу.
OK: audit03.materialConfig.16.recoveryConcrete
OK: audit03.materialConfig.16.recoverySteel
OK: audit03.materialConfig.17.ULS(I)|TwoLine|Ignore|TwoLine.expectedEffect; actual=220000.; expected=220000.; absDiff=0.000000000029
OK: audit03.materialConfig.17.ULS(I)|TwoLine|Ignore|TwoLine.otherMaterialUnchanged
OK: audit03.materialConfig.17.ULS(I)|TwoLine|Ignore|TwoLine.activeChanged
OK: audit03.materialConfig.17.ULS(I)|TwoLine|Ignore|ThreeLine.expectedEffect; actual=220000.; expected=220000.; absDiff=0.000000000029
OK: audit03.materialConfig.17.ULS(I)|TwoLine|Ignore|ThreeLine.otherMaterialUnchanged
OK: audit03.materialConfig.17.ULS(I)|TwoLine|Ignore|ThreeLine.activeChanged
OK: audit03.materialConfig.17.ULS(I)|TwoLine|UseDiagram|TwoLine.expectedEffect; actual=220000.; expected=220000.; absDiff=0.000000000029
OK: audit03.materialConfig.17.ULS(I)|TwoLine|UseDiagram|TwoLine.otherMaterialUnchanged
OK: audit03.materialConfig.17.ULS(I)|TwoLine|UseDiagram|TwoLine.activeChanged
OK: audit03.materialConfig.17.ULS(I)|TwoLine|UseDiagram|ThreeLine.expectedEffect; actual=220000.; expected=220000.; absDiff=0.000000000029
OK: audit03.materialConfig.17.ULS(I)|TwoLine|UseDiagram|ThreeLine.otherMaterialUnchanged
OK: audit03.materialConfig.17.ULS(I)|TwoLine|UseDiagram|ThreeLine.activeChanged
OK: audit03.materialConfig.17.ULS(I)|ThreeLine|Ignore|TwoLine.expectedEffect; actual=220000.; expected=220000.; absDiff=0.000000000029
OK: audit03.materialConfig.17.ULS(I)|ThreeLine|Ignore|TwoLine.otherMaterialUnchanged
OK: audit03.materialConfig.17.ULS(I)|ThreeLine|Ignore|TwoLine.activeChanged
OK: audit03.materialConfig.17.ULS(I)|ThreeLine|Ignore|ThreeLine.expectedEffect; actual=220000.; expected=220000.; absDiff=0.000000000029
OK: audit03.materialConfig.17.ULS(I)|ThreeLine|Ignore|ThreeLine.otherMaterialUnchanged
OK: audit03.materialConfig.17.ULS(I)|ThreeLine|Ignore|ThreeLine.activeChanged
OK: audit03.materialConfig.17.ULS(I)|ThreeLine|UseDiagram|TwoLine.expectedEffect; actual=220000.; expected=220000.; absDiff=0.000000000029
OK: audit03.materialConfig.17.ULS(I)|ThreeLine|UseDiagram|TwoLine.otherMaterialUnchanged
OK: audit03.materialConfig.17.ULS(I)|ThreeLine|UseDiagram|TwoLine.activeChanged
OK: audit03.materialConfig.17.ULS(I)|ThreeLine|UseDiagram|ThreeLine.expectedEffect; actual=220000.; expected=220000.; absDiff=0.000000000029
OK: audit03.materialConfig.17.ULS(I)|ThreeLine|UseDiagram|ThreeLine.otherMaterialUnchanged
OK: audit03.materialConfig.17.ULS(I)|ThreeLine|UseDiagram|ThreeLine.activeChanged
OK: audit03.materialConfig.17.SLS(II)|TwoLine|Ignore|TwoLine.expectedEffect; actual=220000.; expected=220000.; absDiff=0.000000000029
OK: audit03.materialConfig.17.SLS(II)|TwoLine|Ignore|TwoLine.otherMaterialUnchanged
OK: audit03.materialConfig.17.SLS(II)|TwoLine|Ignore|TwoLine.activeChanged
OK: audit03.materialConfig.17.SLS(II)|TwoLine|Ignore|ThreeLine.expectedEffect; actual=220000.; expected=220000.; absDiff=0.000000000029
OK: audit03.materialConfig.17.SLS(II)|TwoLine|Ignore|ThreeLine.otherMaterialUnchanged
OK: audit03.materialConfig.17.SLS(II)|TwoLine|Ignore|ThreeLine.activeChanged
OK: audit03.materialConfig.17.SLS(II)|TwoLine|UseDiagram|TwoLine.expectedEffect; actual=220000.; expected=220000.; absDiff=0.000000000029
OK: audit03.materialConfig.17.SLS(II)|TwoLine|UseDiagram|TwoLine.otherMaterialUnchanged
OK: audit03.materialConfig.17.SLS(II)|TwoLine|UseDiagram|TwoLine.activeChanged
OK: audit03.materialConfig.17.SLS(II)|TwoLine|UseDiagram|ThreeLine.expectedEffect; actual=220000.; expected=220000.; absDiff=0.000000000029
OK: audit03.materialConfig.17.SLS(II)|TwoLine|UseDiagram|ThreeLine.otherMaterialUnchanged
OK: audit03.materialConfig.17.SLS(II)|TwoLine|UseDiagram|ThreeLine.activeChanged
OK: audit03.materialConfig.17.SLS(II)|ThreeLine|Ignore|TwoLine.expectedEffect; actual=220000.; expected=220000.; absDiff=0.000000000029
OK: audit03.materialConfig.17.SLS(II)|ThreeLine|Ignore|TwoLine.otherMaterialUnchanged
OK: audit03.materialConfig.17.SLS(II)|ThreeLine|Ignore|TwoLine.activeChanged
OK: audit03.materialConfig.17.SLS(II)|ThreeLine|Ignore|ThreeLine.expectedEffect; actual=220000.; expected=220000.; absDiff=0.000000000029
OK: audit03.materialConfig.17.SLS(II)|ThreeLine|Ignore|ThreeLine.otherMaterialUnchanged
OK: audit03.materialConfig.17.SLS(II)|ThreeLine|Ignore|ThreeLine.activeChanged
OK: audit03.materialConfig.17.SLS(II)|ThreeLine|UseDiagram|TwoLine.expectedEffect; actual=220000.; expected=220000.; absDiff=0.000000000029
OK: audit03.materialConfig.17.SLS(II)|ThreeLine|UseDiagram|TwoLine.otherMaterialUnchanged
OK: audit03.materialConfig.17.SLS(II)|ThreeLine|UseDiagram|TwoLine.activeChanged
OK: audit03.materialConfig.17.SLS(II)|ThreeLine|UseDiagram|ThreeLine.expectedEffect; actual=220000.; expected=220000.; absDiff=0.000000000029
OK: audit03.materialConfig.17.SLS(II)|ThreeLine|UseDiagram|ThreeLine.otherMaterialUnchanged
OK: audit03.materialConfig.17.SLS(II)|ThreeLine|UseDiagram|ThreeLine.activeChanged
MATERIAL_CONFIG_EFFECT: key=Steel.E|column=3|address=$J$21|before=200000.|after=220000.|specs=16
OK: audit03.materialConfig.17.invalid.0
OK: audit03.materialConfig.17.reason.0
MATERIAL_CONFIG_INVALID: key=Steel.E|column=3|address=$J$21|value=0|error=-2147218299|reason=Настройка Steel.Es (лист Config, ячейка J21): Характеристика арматуры должна быть больше нуля. Введите положительное значение в указанных на листе единицах измерения.
OK: audit03.materialConfig.17.invalid.-1
OK: audit03.materialConfig.17.reason.-1
MATERIAL_CONFIG_INVALID: key=Steel.E|column=3|address=$J$21|value=-1|error=-2147218299|reason=Настройка Steel.Es (лист Config, ячейка J21): Характеристика арматуры должна быть больше нуля. Введите положительное значение в указанных на листе единицах измерения.
OK: audit03.materialConfig.17.invalid.TODO
OK: audit03.materialConfig.17.reason.TODO
MATERIAL_CONFIG_INVALID: key=Steel.E|column=3|address=$J$21|value=TODO|error=-2147217194|reason=Настройка Steel.Es (лист Config, ячейка J21): Обязательное числовое значение не задано. Введите число или формулу, возвращающую число; пустое значение и TODO недопустимы.
OK: audit03.materialConfig.17.invalid.
OK: audit03.materialConfig.17.reason.
MATERIAL_CONFIG_INVALID: key=Steel.E|column=3|address=$J$21|value=|error=-2147217194|reason=Настройка Steel.Es (лист Config, ячейка J21): Обязательное числовое значение не задано. Введите число или формулу, возвращающую число; пустое значение и TODO недопустимы.
OK: audit03.materialConfig.17.invalid.Error 2015
OK: audit03.materialConfig.17.reason.Error 2015
MATERIAL_CONFIG_INVALID: key=Steel.E|column=3|address=$J$21|value=Error 2015|error=-2147217195|reason=Настройка Steel.E (лист Config, ячейка J21) содержит ошибку Excel в колонке "Растяжение". Исправьте формулу или введите допустимое значение вместо ошибки Excel.
OK: audit03.materialConfig.17.invalid.1e309
OK: audit03.materialConfig.17.reason.1e309
MATERIAL_CONFIG_INVALID: key=Steel.E|column=3|address=$J$21|value=1e309|error=-2147217191|reason=Настройка Steel.Es (лист Config, ячейка J21): Не удалось прочитать обязательное число: "1e309". Введите конечное число допустимого диапазона или исправьте формулу.
OK: audit03.materialConfig.17.recoveryConcrete
OK: audit03.materialConfig.17.recoverySteel
OK: audit03.materialConfig.18.ULS(I)|TwoLine|Ignore|TwoLine.expectedEffect; actual=209000.; expected=209000.; absDiff=0.000000000029
OK: audit03.materialConfig.18.ULS(I)|TwoLine|Ignore|TwoLine.otherMaterialUnchanged
OK: audit03.materialConfig.18.ULS(I)|TwoLine|Ignore|TwoLine.activeChanged
OK: audit03.materialConfig.18.ULS(I)|TwoLine|Ignore|ThreeLine.expectedEffect; actual=209000.; expected=209000.; absDiff=0.000000000029
OK: audit03.materialConfig.18.ULS(I)|TwoLine|Ignore|ThreeLine.otherMaterialUnchanged
OK: audit03.materialConfig.18.ULS(I)|TwoLine|Ignore|ThreeLine.activeChanged
OK: audit03.materialConfig.18.ULS(I)|TwoLine|UseDiagram|TwoLine.expectedEffect; actual=209000.; expected=209000.; absDiff=0.000000000029
OK: audit03.materialConfig.18.ULS(I)|TwoLine|UseDiagram|TwoLine.otherMaterialUnchanged
OK: audit03.materialConfig.18.ULS(I)|TwoLine|UseDiagram|TwoLine.activeChanged
OK: audit03.materialConfig.18.ULS(I)|TwoLine|UseDiagram|ThreeLine.expectedEffect; actual=209000.; expected=209000.; absDiff=0.000000000029
OK: audit03.materialConfig.18.ULS(I)|TwoLine|UseDiagram|ThreeLine.otherMaterialUnchanged
OK: audit03.materialConfig.18.ULS(I)|TwoLine|UseDiagram|ThreeLine.activeChanged
OK: audit03.materialConfig.18.ULS(I)|ThreeLine|Ignore|TwoLine.expectedEffect; actual=209000.; expected=209000.; absDiff=0.000000000029
OK: audit03.materialConfig.18.ULS(I)|ThreeLine|Ignore|TwoLine.otherMaterialUnchanged
OK: audit03.materialConfig.18.ULS(I)|ThreeLine|Ignore|TwoLine.activeChanged
OK: audit03.materialConfig.18.ULS(I)|ThreeLine|Ignore|ThreeLine.expectedEffect; actual=209000.; expected=209000.; absDiff=0.000000000029
OK: audit03.materialConfig.18.ULS(I)|ThreeLine|Ignore|ThreeLine.otherMaterialUnchanged
OK: audit03.materialConfig.18.ULS(I)|ThreeLine|Ignore|ThreeLine.activeChanged
OK: audit03.materialConfig.18.ULS(I)|ThreeLine|UseDiagram|TwoLine.expectedEffect; actual=209000.; expected=209000.; absDiff=0.000000000029
OK: audit03.materialConfig.18.ULS(I)|ThreeLine|UseDiagram|TwoLine.otherMaterialUnchanged
OK: audit03.materialConfig.18.ULS(I)|ThreeLine|UseDiagram|TwoLine.activeChanged
OK: audit03.materialConfig.18.ULS(I)|ThreeLine|UseDiagram|ThreeLine.expectedEffect; actual=209000.; expected=209000.; absDiff=0.000000000029
OK: audit03.materialConfig.18.ULS(I)|ThreeLine|UseDiagram|ThreeLine.otherMaterialUnchanged
OK: audit03.materialConfig.18.ULS(I)|ThreeLine|UseDiagram|ThreeLine.activeChanged
OK: audit03.materialConfig.18.SLS(II)|TwoLine|Ignore|TwoLine.expectedEffect; actual=209000.; expected=209000.; absDiff=0.000000000029
OK: audit03.materialConfig.18.SLS(II)|TwoLine|Ignore|TwoLine.otherMaterialUnchanged
OK: audit03.materialConfig.18.SLS(II)|TwoLine|Ignore|TwoLine.activeChanged
OK: audit03.materialConfig.18.SLS(II)|TwoLine|Ignore|ThreeLine.expectedEffect; actual=209000.; expected=209000.; absDiff=0.000000000029
OK: audit03.materialConfig.18.SLS(II)|TwoLine|Ignore|ThreeLine.otherMaterialUnchanged
OK: audit03.materialConfig.18.SLS(II)|TwoLine|Ignore|ThreeLine.activeChanged
OK: audit03.materialConfig.18.SLS(II)|TwoLine|UseDiagram|TwoLine.expectedEffect; actual=209000.; expected=209000.; absDiff=0.000000000029
OK: audit03.materialConfig.18.SLS(II)|TwoLine|UseDiagram|TwoLine.otherMaterialUnchanged
OK: audit03.materialConfig.18.SLS(II)|TwoLine|UseDiagram|TwoLine.activeChanged
OK: audit03.materialConfig.18.SLS(II)|TwoLine|UseDiagram|ThreeLine.expectedEffect; actual=209000.; expected=209000.; absDiff=0.000000000029
OK: audit03.materialConfig.18.SLS(II)|TwoLine|UseDiagram|ThreeLine.otherMaterialUnchanged
OK: audit03.materialConfig.18.SLS(II)|TwoLine|UseDiagram|ThreeLine.activeChanged
OK: audit03.materialConfig.18.SLS(II)|ThreeLine|Ignore|TwoLine.expectedEffect; actual=209000.; expected=209000.; absDiff=0.000000000029
OK: audit03.materialConfig.18.SLS(II)|ThreeLine|Ignore|TwoLine.otherMaterialUnchanged
OK: audit03.materialConfig.18.SLS(II)|ThreeLine|Ignore|TwoLine.activeChanged
OK: audit03.materialConfig.18.SLS(II)|ThreeLine|Ignore|ThreeLine.expectedEffect; actual=209000.; expected=209000.; absDiff=0.000000000029
OK: audit03.materialConfig.18.SLS(II)|ThreeLine|Ignore|ThreeLine.otherMaterialUnchanged
OK: audit03.materialConfig.18.SLS(II)|ThreeLine|Ignore|ThreeLine.activeChanged
OK: audit03.materialConfig.18.SLS(II)|ThreeLine|UseDiagram|TwoLine.expectedEffect; actual=209000.; expected=209000.; absDiff=0.000000000029
OK: audit03.materialConfig.18.SLS(II)|ThreeLine|UseDiagram|TwoLine.otherMaterialUnchanged
OK: audit03.materialConfig.18.SLS(II)|ThreeLine|UseDiagram|TwoLine.activeChanged
OK: audit03.materialConfig.18.SLS(II)|ThreeLine|UseDiagram|ThreeLine.expectedEffect; actual=209000.; expected=209000.; absDiff=0.000000000029
OK: audit03.materialConfig.18.SLS(II)|ThreeLine|UseDiagram|ThreeLine.otherMaterialUnchanged
OK: audit03.materialConfig.18.SLS(II)|ThreeLine|UseDiagram|ThreeLine.activeChanged
MATERIAL_CONFIG_EFFECT: key=Steel.E|column=2|address=$I$21|before=190000.|after=209000.|specs=16
OK: audit03.materialConfig.18.invalid.0
OK: audit03.materialConfig.18.reason.0
MATERIAL_CONFIG_INVALID: key=Steel.E|column=2|address=$I$21|value=0|error=-2147218298|reason=Настройка Steel.Esc (лист Config, ячейка I21): Характеристика арматуры должна быть больше нуля. Введите положительное значение в указанных на листе единицах измерения.
OK: audit03.materialConfig.18.invalid.-1
OK: audit03.materialConfig.18.reason.-1
MATERIAL_CONFIG_INVALID: key=Steel.E|column=2|address=$I$21|value=-1|error=-2147218298|reason=Настройка Steel.Esc (лист Config, ячейка I21): Характеристика арматуры должна быть больше нуля. Введите положительное значение в указанных на листе единицах измерения.
OK: audit03.materialConfig.18.invalid.TODO
OK: audit03.materialConfig.18.reason.TODO
MATERIAL_CONFIG_INVALID: key=Steel.E|column=2|address=$I$21|value=TODO|error=-2147217194|reason=Настройка Steel.Esc (лист Config, ячейка I21): Обязательное числовое значение не задано. Введите число или формулу, возвращающую число; пустое значение и TODO недопустимы.
OK: audit03.materialConfig.18.invalid.
OK: audit03.materialConfig.18.reason.
MATERIAL_CONFIG_INVALID: key=Steel.E|column=2|address=$I$21|value=|error=-2147217194|reason=Настройка Steel.Esc (лист Config, ячейка I21): Обязательное числовое значение не задано. Введите число или формулу, возвращающую число; пустое значение и TODO недопустимы.
OK: audit03.materialConfig.18.invalid.Error 2015
OK: audit03.materialConfig.18.reason.Error 2015
MATERIAL_CONFIG_INVALID: key=Steel.E|column=2|address=$I$21|value=Error 2015|error=-2147217195|reason=Настройка Steel.E (лист Config, ячейка I21) содержит ошибку Excel в колонке "Сжатие". Исправьте формулу или введите допустимое значение вместо ошибки Excel.
OK: audit03.materialConfig.18.invalid.1e309
OK: audit03.materialConfig.18.reason.1e309
MATERIAL_CONFIG_INVALID: key=Steel.E|column=2|address=$I$21|value=1e309|error=-2147217191|reason=Настройка Steel.Esc (лист Config, ячейка I21): Не удалось прочитать обязательное число: "1e309". Введите конечное число допустимого диапазона или исправьте формулу.
OK: audit03.materialConfig.18.recoveryConcrete
OK: audit03.materialConfig.18.recoverySteel
OK: audit03.materialConfig.19.ULS(I)|TwoLine|Ignore|TwoLine.expectedEffect; actual=0.0275; expected=0.0275; absDiff=0.
OK: audit03.materialConfig.19.ULS(I)|TwoLine|Ignore|TwoLine.otherMaterialUnchanged
OK: audit03.materialConfig.19.ULS(I)|TwoLine|Ignore|TwoLine.activeChanged
OK: audit03.materialConfig.19.ULS(I)|TwoLine|Ignore|ThreeLine.expectedEffect; actual=0.015; expected=0.015; absDiff=0.
OK: audit03.materialConfig.19.ULS(I)|TwoLine|Ignore|ThreeLine.otherMaterialUnchanged
OK: audit03.materialConfig.19.ULS(I)|TwoLine|Ignore|ThreeLine.inactiveUnchanged
OK: audit03.materialConfig.19.ULS(I)|TwoLine|UseDiagram|TwoLine.expectedEffect; actual=0.0275; expected=0.0275; absDiff=0.
OK: audit03.materialConfig.19.ULS(I)|TwoLine|UseDiagram|TwoLine.otherMaterialUnchanged
OK: audit03.materialConfig.19.ULS(I)|TwoLine|UseDiagram|TwoLine.activeChanged
OK: audit03.materialConfig.19.ULS(I)|TwoLine|UseDiagram|ThreeLine.expectedEffect; actual=0.015; expected=0.015; absDiff=0.
OK: audit03.materialConfig.19.ULS(I)|TwoLine|UseDiagram|ThreeLine.otherMaterialUnchanged
OK: audit03.materialConfig.19.ULS(I)|TwoLine|UseDiagram|ThreeLine.inactiveUnchanged
OK: audit03.materialConfig.19.ULS(I)|ThreeLine|Ignore|TwoLine.expectedEffect; actual=0.0275; expected=0.0275; absDiff=0.
OK: audit03.materialConfig.19.ULS(I)|ThreeLine|Ignore|TwoLine.otherMaterialUnchanged
OK: audit03.materialConfig.19.ULS(I)|ThreeLine|Ignore|TwoLine.activeChanged
OK: audit03.materialConfig.19.ULS(I)|ThreeLine|Ignore|ThreeLine.expectedEffect; actual=0.015; expected=0.015; absDiff=0.
OK: audit03.materialConfig.19.ULS(I)|ThreeLine|Ignore|ThreeLine.otherMaterialUnchanged
OK: audit03.materialConfig.19.ULS(I)|ThreeLine|Ignore|ThreeLine.inactiveUnchanged
OK: audit03.materialConfig.19.ULS(I)|ThreeLine|UseDiagram|TwoLine.expectedEffect; actual=0.0275; expected=0.0275; absDiff=0.
OK: audit03.materialConfig.19.ULS(I)|ThreeLine|UseDiagram|TwoLine.otherMaterialUnchanged
OK: audit03.materialConfig.19.ULS(I)|ThreeLine|UseDiagram|TwoLine.activeChanged
OK: audit03.materialConfig.19.ULS(I)|ThreeLine|UseDiagram|ThreeLine.expectedEffect; actual=0.015; expected=0.015; absDiff=0.
OK: audit03.materialConfig.19.ULS(I)|ThreeLine|UseDiagram|ThreeLine.otherMaterialUnchanged
OK: audit03.materialConfig.19.ULS(I)|ThreeLine|UseDiagram|ThreeLine.inactiveUnchanged
OK: audit03.materialConfig.19.SLS(II)|TwoLine|Ignore|TwoLine.expectedEffect; actual=0.0275; expected=0.0275; absDiff=0.
OK: audit03.materialConfig.19.SLS(II)|TwoLine|Ignore|TwoLine.otherMaterialUnchanged
OK: audit03.materialConfig.19.SLS(II)|TwoLine|Ignore|TwoLine.activeChanged
OK: audit03.materialConfig.19.SLS(II)|TwoLine|Ignore|ThreeLine.expectedEffect; actual=0.015; expected=0.015; absDiff=0.
OK: audit03.materialConfig.19.SLS(II)|TwoLine|Ignore|ThreeLine.otherMaterialUnchanged
OK: audit03.materialConfig.19.SLS(II)|TwoLine|Ignore|ThreeLine.inactiveUnchanged
OK: audit03.materialConfig.19.SLS(II)|TwoLine|UseDiagram|TwoLine.expectedEffect; actual=0.0275; expected=0.0275; absDiff=0.
OK: audit03.materialConfig.19.SLS(II)|TwoLine|UseDiagram|TwoLine.otherMaterialUnchanged
OK: audit03.materialConfig.19.SLS(II)|TwoLine|UseDiagram|TwoLine.activeChanged
OK: audit03.materialConfig.19.SLS(II)|TwoLine|UseDiagram|ThreeLine.expectedEffect; actual=0.015; expected=0.015; absDiff=0.
OK: audit03.materialConfig.19.SLS(II)|TwoLine|UseDiagram|ThreeLine.otherMaterialUnchanged
OK: audit03.materialConfig.19.SLS(II)|TwoLine|UseDiagram|ThreeLine.inactiveUnchanged
OK: audit03.materialConfig.19.SLS(II)|ThreeLine|Ignore|TwoLine.expectedEffect; actual=0.0275; expected=0.0275; absDiff=0.
OK: audit03.materialConfig.19.SLS(II)|ThreeLine|Ignore|TwoLine.otherMaterialUnchanged
OK: audit03.materialConfig.19.SLS(II)|ThreeLine|Ignore|TwoLine.activeChanged
OK: audit03.materialConfig.19.SLS(II)|ThreeLine|Ignore|ThreeLine.expectedEffect; actual=0.015; expected=0.015; absDiff=0.
OK: audit03.materialConfig.19.SLS(II)|ThreeLine|Ignore|ThreeLine.otherMaterialUnchanged
OK: audit03.materialConfig.19.SLS(II)|ThreeLine|Ignore|ThreeLine.inactiveUnchanged
OK: audit03.materialConfig.19.SLS(II)|ThreeLine|UseDiagram|TwoLine.expectedEffect; actual=0.0275; expected=0.0275; absDiff=0.
OK: audit03.materialConfig.19.SLS(II)|ThreeLine|UseDiagram|TwoLine.otherMaterialUnchanged
OK: audit03.materialConfig.19.SLS(II)|ThreeLine|UseDiagram|TwoLine.activeChanged
OK: audit03.materialConfig.19.SLS(II)|ThreeLine|UseDiagram|ThreeLine.expectedEffect; actual=0.015; expected=0.015; absDiff=0.
OK: audit03.materialConfig.19.SLS(II)|ThreeLine|UseDiagram|ThreeLine.otherMaterialUnchanged
OK: audit03.materialConfig.19.SLS(II)|ThreeLine|UseDiagram|ThreeLine.inactiveUnchanged
MATERIAL_CONFIG_EFFECT: key=Steel.TwoLine.Es2|column=3|address=$J$22|before=0.025|after=0.0275|specs=16
OK: audit03.materialConfig.19.invalid.0
OK: audit03.materialConfig.19.reason.0
MATERIAL_CONFIG_INVALID: key=Steel.TwoLine.Es2|column=3|address=$J$22|value=0|error=-2147218297|reason=Настройка Steel.TwoLine.Es2 (лист Config, ячейка J22): Характеристика арматуры должна быть больше нуля. Введите положительное значение в указанных на листе единицах измерения.
OK: audit03.materialConfig.19.invalid.-1
OK: audit03.materialConfig.19.reason.-1
MATERIAL_CONFIG_INVALID: key=Steel.TwoLine.Es2|column=3|address=$J$22|value=-1|error=-2147218297|reason=Настройка Steel.TwoLine.Es2 (лист Config, ячейка J22): Характеристика арматуры должна быть больше нуля. Введите положительное значение в указанных на листе единицах измерения.
OK: audit03.materialConfig.19.invalid.TODO
OK: audit03.materialConfig.19.reason.TODO
MATERIAL_CONFIG_INVALID: key=Steel.TwoLine.Es2|column=3|address=$J$22|value=TODO|error=-2147217194|reason=Настройка Steel.TwoLine.Es2 (лист Config, ячейка J22): Обязательное числовое значение не задано. Введите число или формулу, возвращающую число; пустое значение и TODO недопустимы.
OK: audit03.materialConfig.19.invalid.
OK: audit03.materialConfig.19.reason.
MATERIAL_CONFIG_INVALID: key=Steel.TwoLine.Es2|column=3|address=$J$22|value=|error=-2147217194|reason=Настройка Steel.TwoLine.Es2 (лист Config, ячейка J22): Обязательное числовое значение не задано. Введите число или формулу, возвращающую число; пустое значение и TODO недопустимы.
OK: audit03.materialConfig.19.invalid.Error 2015
OK: audit03.materialConfig.19.reason.Error 2015
MATERIAL_CONFIG_INVALID: key=Steel.TwoLine.Es2|column=3|address=$J$22|value=Error 2015|error=-2147217195|reason=Настройка Steel.TwoLine.Es2 (лист Config, ячейка J22) содержит ошибку Excel в колонке "Растяжение". Исправьте формулу или введите допустимое значение вместо ошибки Excel.
OK: audit03.materialConfig.19.invalid.1e309
OK: audit03.materialConfig.19.reason.1e309
MATERIAL_CONFIG_INVALID: key=Steel.TwoLine.Es2|column=3|address=$J$22|value=1e309|error=-2147217191|reason=Настройка Steel.TwoLine.Es2 (лист Config, ячейка J22): Не удалось прочитать обязательное число: "1e309". Введите конечное число допустимого диапазона или исправьте формулу.
OK: audit03.materialConfig.19.recoveryConcrete
OK: audit03.materialConfig.19.recoverySteel
OK: audit03.materialConfig.20.ULS(I)|TwoLine|Ignore|TwoLine.expectedEffect; actual=-0.0286; expected=-0.0286; absDiff=0.
OK: audit03.materialConfig.20.ULS(I)|TwoLine|Ignore|TwoLine.otherMaterialUnchanged
OK: audit03.materialConfig.20.ULS(I)|TwoLine|Ignore|TwoLine.activeChanged
OK: audit03.materialConfig.20.ULS(I)|TwoLine|Ignore|ThreeLine.expectedEffect; actual=-0.016; expected=-0.016; absDiff=0.
OK: audit03.materialConfig.20.ULS(I)|TwoLine|Ignore|ThreeLine.otherMaterialUnchanged
OK: audit03.materialConfig.20.ULS(I)|TwoLine|Ignore|ThreeLine.inactiveUnchanged
OK: audit03.materialConfig.20.ULS(I)|TwoLine|UseDiagram|TwoLine.expectedEffect; actual=-0.0286; expected=-0.0286; absDiff=0.
OK: audit03.materialConfig.20.ULS(I)|TwoLine|UseDiagram|TwoLine.otherMaterialUnchanged
OK: audit03.materialConfig.20.ULS(I)|TwoLine|UseDiagram|TwoLine.activeChanged
OK: audit03.materialConfig.20.ULS(I)|TwoLine|UseDiagram|ThreeLine.expectedEffect; actual=-0.016; expected=-0.016; absDiff=0.
OK: audit03.materialConfig.20.ULS(I)|TwoLine|UseDiagram|ThreeLine.otherMaterialUnchanged
OK: audit03.materialConfig.20.ULS(I)|TwoLine|UseDiagram|ThreeLine.inactiveUnchanged
OK: audit03.materialConfig.20.ULS(I)|ThreeLine|Ignore|TwoLine.expectedEffect; actual=-0.0286; expected=-0.0286; absDiff=0.
OK: audit03.materialConfig.20.ULS(I)|ThreeLine|Ignore|TwoLine.otherMaterialUnchanged
OK: audit03.materialConfig.20.ULS(I)|ThreeLine|Ignore|TwoLine.activeChanged
OK: audit03.materialConfig.20.ULS(I)|ThreeLine|Ignore|ThreeLine.expectedEffect; actual=-0.016; expected=-0.016; absDiff=0.
OK: audit03.materialConfig.20.ULS(I)|ThreeLine|Ignore|ThreeLine.otherMaterialUnchanged
OK: audit03.materialConfig.20.ULS(I)|ThreeLine|Ignore|ThreeLine.inactiveUnchanged
OK: audit03.materialConfig.20.ULS(I)|ThreeLine|UseDiagram|TwoLine.expectedEffect; actual=-0.0286; expected=-0.0286; absDiff=0.
OK: audit03.materialConfig.20.ULS(I)|ThreeLine|UseDiagram|TwoLine.otherMaterialUnchanged
OK: audit03.materialConfig.20.ULS(I)|ThreeLine|UseDiagram|TwoLine.activeChanged
OK: audit03.materialConfig.20.ULS(I)|ThreeLine|UseDiagram|ThreeLine.expectedEffect; actual=-0.016; expected=-0.016; absDiff=0.
OK: audit03.materialConfig.20.ULS(I)|ThreeLine|UseDiagram|ThreeLine.otherMaterialUnchanged
OK: audit03.materialConfig.20.ULS(I)|ThreeLine|UseDiagram|ThreeLine.inactiveUnchanged
OK: audit03.materialConfig.20.SLS(II)|TwoLine|Ignore|TwoLine.expectedEffect; actual=-0.0286; expected=-0.0286; absDiff=0.
OK: audit03.materialConfig.20.SLS(II)|TwoLine|Ignore|TwoLine.otherMaterialUnchanged
OK: audit03.materialConfig.20.SLS(II)|TwoLine|Ignore|TwoLine.activeChanged
OK: audit03.materialConfig.20.SLS(II)|TwoLine|Ignore|ThreeLine.expectedEffect; actual=-0.016; expected=-0.016; absDiff=0.
OK: audit03.materialConfig.20.SLS(II)|TwoLine|Ignore|ThreeLine.otherMaterialUnchanged
OK: audit03.materialConfig.20.SLS(II)|TwoLine|Ignore|ThreeLine.inactiveUnchanged
OK: audit03.materialConfig.20.SLS(II)|TwoLine|UseDiagram|TwoLine.expectedEffect; actual=-0.0286; expected=-0.0286; absDiff=0.
OK: audit03.materialConfig.20.SLS(II)|TwoLine|UseDiagram|TwoLine.otherMaterialUnchanged
OK: audit03.materialConfig.20.SLS(II)|TwoLine|UseDiagram|TwoLine.activeChanged
OK: audit03.materialConfig.20.SLS(II)|TwoLine|UseDiagram|ThreeLine.expectedEffect; actual=-0.016; expected=-0.016; absDiff=0.
OK: audit03.materialConfig.20.SLS(II)|TwoLine|UseDiagram|ThreeLine.otherMaterialUnchanged
OK: audit03.materialConfig.20.SLS(II)|TwoLine|UseDiagram|ThreeLine.inactiveUnchanged
OK: audit03.materialConfig.20.SLS(II)|ThreeLine|Ignore|TwoLine.expectedEffect; actual=-0.0286; expected=-0.0286; absDiff=0.
OK: audit03.materialConfig.20.SLS(II)|ThreeLine|Ignore|TwoLine.otherMaterialUnchanged
OK: audit03.materialConfig.20.SLS(II)|ThreeLine|Ignore|TwoLine.activeChanged
OK: audit03.materialConfig.20.SLS(II)|ThreeLine|Ignore|ThreeLine.expectedEffect; actual=-0.016; expected=-0.016; absDiff=0.
OK: audit03.materialConfig.20.SLS(II)|ThreeLine|Ignore|ThreeLine.otherMaterialUnchanged
OK: audit03.materialConfig.20.SLS(II)|ThreeLine|Ignore|ThreeLine.inactiveUnchanged
OK: audit03.materialConfig.20.SLS(II)|ThreeLine|UseDiagram|TwoLine.expectedEffect; actual=-0.0286; expected=-0.0286; absDiff=0.
OK: audit03.materialConfig.20.SLS(II)|ThreeLine|UseDiagram|TwoLine.otherMaterialUnchanged
OK: audit03.materialConfig.20.SLS(II)|ThreeLine|UseDiagram|TwoLine.activeChanged
OK: audit03.materialConfig.20.SLS(II)|ThreeLine|UseDiagram|ThreeLine.expectedEffect; actual=-0.016; expected=-0.016; absDiff=0.
OK: audit03.materialConfig.20.SLS(II)|ThreeLine|UseDiagram|ThreeLine.otherMaterialUnchanged
OK: audit03.materialConfig.20.SLS(II)|ThreeLine|UseDiagram|ThreeLine.inactiveUnchanged
MATERIAL_CONFIG_EFFECT: key=Steel.TwoLine.Es2|column=2|address=$I$22|before=0.026|after=0.0286|specs=16
OK: audit03.materialConfig.20.invalid.0
OK: audit03.materialConfig.20.reason.0
MATERIAL_CONFIG_INVALID: key=Steel.TwoLine.Es2|column=2|address=$I$22|value=0|error=-2147218296|reason=Настройка Steel.TwoLine.Esc2 (лист Config, ячейка I22): Характеристика арматуры должна быть больше нуля. Введите положительное значение в указанных на листе единицах измерения.
OK: audit03.materialConfig.20.invalid.-1
OK: audit03.materialConfig.20.reason.-1
MATERIAL_CONFIG_INVALID: key=Steel.TwoLine.Es2|column=2|address=$I$22|value=-1|error=-2147218296|reason=Настройка Steel.TwoLine.Esc2 (лист Config, ячейка I22): Характеристика арматуры должна быть больше нуля. Введите положительное значение в указанных на листе единицах измерения.
OK: audit03.materialConfig.20.invalid.TODO
OK: audit03.materialConfig.20.reason.TODO
MATERIAL_CONFIG_INVALID: key=Steel.TwoLine.Es2|column=2|address=$I$22|value=TODO|error=-2147217194|reason=Настройка Steel.TwoLine.Esc2 (лист Config, ячейка I22): Обязательное числовое значение не задано. Введите число или формулу, возвращающую число; пустое значение и TODO недопустимы.
OK: audit03.materialConfig.20.invalid.
OK: audit03.materialConfig.20.reason.
MATERIAL_CONFIG_INVALID: key=Steel.TwoLine.Es2|column=2|address=$I$22|value=|error=-2147217194|reason=Настройка Steel.TwoLine.Esc2 (лист Config, ячейка I22): Обязательное числовое значение не задано. Введите число или формулу, возвращающую число; пустое значение и TODO недопустимы.
OK: audit03.materialConfig.20.invalid.Error 2015
OK: audit03.materialConfig.20.reason.Error 2015
MATERIAL_CONFIG_INVALID: key=Steel.TwoLine.Es2|column=2|address=$I$22|value=Error 2015|error=-2147217195|reason=Настройка Steel.TwoLine.Es2 (лист Config, ячейка I22) содержит ошибку Excel в колонке "Сжатие". Исправьте формулу или введите допустимое значение вместо ошибки Excel.
OK: audit03.materialConfig.20.invalid.1e309
OK: audit03.materialConfig.20.reason.1e309
MATERIAL_CONFIG_INVALID: key=Steel.TwoLine.Es2|column=2|address=$I$22|value=1e309|error=-2147217191|reason=Настройка Steel.TwoLine.Esc2 (лист Config, ячейка I22): Не удалось прочитать обязательное число: "1e309". Введите конечное число допустимого диапазона или исправьте формулу.
OK: audit03.materialConfig.20.recoveryConcrete
OK: audit03.materialConfig.20.recoverySteel
OK: audit03.materialConfig.21.ULS(I)|TwoLine|Ignore|TwoLine.expectedEffect; actual=0.025; expected=0.025; absDiff=0.
OK: audit03.materialConfig.21.ULS(I)|TwoLine|Ignore|TwoLine.otherMaterialUnchanged
OK: audit03.materialConfig.21.ULS(I)|TwoLine|Ignore|TwoLine.inactiveUnchanged
OK: audit03.materialConfig.21.ULS(I)|TwoLine|Ignore|ThreeLine.expectedEffect; actual=0.0165; expected=0.0165; absDiff=0.
OK: audit03.materialConfig.21.ULS(I)|TwoLine|Ignore|ThreeLine.otherMaterialUnchanged
OK: audit03.materialConfig.21.ULS(I)|TwoLine|Ignore|ThreeLine.activeChanged
OK: audit03.materialConfig.21.ULS(I)|TwoLine|UseDiagram|TwoLine.expectedEffect; actual=0.025; expected=0.025; absDiff=0.
OK: audit03.materialConfig.21.ULS(I)|TwoLine|UseDiagram|TwoLine.otherMaterialUnchanged
OK: audit03.materialConfig.21.ULS(I)|TwoLine|UseDiagram|TwoLine.inactiveUnchanged
OK: audit03.materialConfig.21.ULS(I)|TwoLine|UseDiagram|ThreeLine.expectedEffect; actual=0.0165; expected=0.0165; absDiff=0.
OK: audit03.materialConfig.21.ULS(I)|TwoLine|UseDiagram|ThreeLine.otherMaterialUnchanged
OK: audit03.materialConfig.21.ULS(I)|TwoLine|UseDiagram|ThreeLine.activeChanged
OK: audit03.materialConfig.21.ULS(I)|ThreeLine|Ignore|TwoLine.expectedEffect; actual=0.025; expected=0.025; absDiff=0.
OK: audit03.materialConfig.21.ULS(I)|ThreeLine|Ignore|TwoLine.otherMaterialUnchanged
OK: audit03.materialConfig.21.ULS(I)|ThreeLine|Ignore|TwoLine.inactiveUnchanged
OK: audit03.materialConfig.21.ULS(I)|ThreeLine|Ignore|ThreeLine.expectedEffect; actual=0.0165; expected=0.0165; absDiff=0.
OK: audit03.materialConfig.21.ULS(I)|ThreeLine|Ignore|ThreeLine.otherMaterialUnchanged
OK: audit03.materialConfig.21.ULS(I)|ThreeLine|Ignore|ThreeLine.activeChanged
OK: audit03.materialConfig.21.ULS(I)|ThreeLine|UseDiagram|TwoLine.expectedEffect; actual=0.025; expected=0.025; absDiff=0.
OK: audit03.materialConfig.21.ULS(I)|ThreeLine|UseDiagram|TwoLine.otherMaterialUnchanged
OK: audit03.materialConfig.21.ULS(I)|ThreeLine|UseDiagram|TwoLine.inactiveUnchanged
OK: audit03.materialConfig.21.ULS(I)|ThreeLine|UseDiagram|ThreeLine.expectedEffect; actual=0.0165; expected=0.0165; absDiff=0.
OK: audit03.materialConfig.21.ULS(I)|ThreeLine|UseDiagram|ThreeLine.otherMaterialUnchanged
OK: audit03.materialConfig.21.ULS(I)|ThreeLine|UseDiagram|ThreeLine.activeChanged
OK: audit03.materialConfig.21.SLS(II)|TwoLine|Ignore|TwoLine.expectedEffect; actual=0.025; expected=0.025; absDiff=0.
OK: audit03.materialConfig.21.SLS(II)|TwoLine|Ignore|TwoLine.otherMaterialUnchanged
OK: audit03.materialConfig.21.SLS(II)|TwoLine|Ignore|TwoLine.inactiveUnchanged
OK: audit03.materialConfig.21.SLS(II)|TwoLine|Ignore|ThreeLine.expectedEffect; actual=0.0165; expected=0.0165; absDiff=0.
OK: audit03.materialConfig.21.SLS(II)|TwoLine|Ignore|ThreeLine.otherMaterialUnchanged
OK: audit03.materialConfig.21.SLS(II)|TwoLine|Ignore|ThreeLine.activeChanged
OK: audit03.materialConfig.21.SLS(II)|TwoLine|UseDiagram|TwoLine.expectedEffect; actual=0.025; expected=0.025; absDiff=0.
OK: audit03.materialConfig.21.SLS(II)|TwoLine|UseDiagram|TwoLine.otherMaterialUnchanged
OK: audit03.materialConfig.21.SLS(II)|TwoLine|UseDiagram|TwoLine.inactiveUnchanged
OK: audit03.materialConfig.21.SLS(II)|TwoLine|UseDiagram|ThreeLine.expectedEffect; actual=0.0165; expected=0.0165; absDiff=0.
OK: audit03.materialConfig.21.SLS(II)|TwoLine|UseDiagram|ThreeLine.otherMaterialUnchanged
OK: audit03.materialConfig.21.SLS(II)|TwoLine|UseDiagram|ThreeLine.activeChanged
OK: audit03.materialConfig.21.SLS(II)|ThreeLine|Ignore|TwoLine.expectedEffect; actual=0.025; expected=0.025; absDiff=0.
OK: audit03.materialConfig.21.SLS(II)|ThreeLine|Ignore|TwoLine.otherMaterialUnchanged
OK: audit03.materialConfig.21.SLS(II)|ThreeLine|Ignore|TwoLine.inactiveUnchanged
OK: audit03.materialConfig.21.SLS(II)|ThreeLine|Ignore|ThreeLine.expectedEffect; actual=0.0165; expected=0.0165; absDiff=0.
OK: audit03.materialConfig.21.SLS(II)|ThreeLine|Ignore|ThreeLine.otherMaterialUnchanged
OK: audit03.materialConfig.21.SLS(II)|ThreeLine|Ignore|ThreeLine.activeChanged
OK: audit03.materialConfig.21.SLS(II)|ThreeLine|UseDiagram|TwoLine.expectedEffect; actual=0.025; expected=0.025; absDiff=0.
OK: audit03.materialConfig.21.SLS(II)|ThreeLine|UseDiagram|TwoLine.otherMaterialUnchanged
OK: audit03.materialConfig.21.SLS(II)|ThreeLine|UseDiagram|TwoLine.inactiveUnchanged
OK: audit03.materialConfig.21.SLS(II)|ThreeLine|UseDiagram|ThreeLine.expectedEffect; actual=0.0165; expected=0.0165; absDiff=0.
OK: audit03.materialConfig.21.SLS(II)|ThreeLine|UseDiagram|ThreeLine.otherMaterialUnchanged
OK: audit03.materialConfig.21.SLS(II)|ThreeLine|UseDiagram|ThreeLine.activeChanged
MATERIAL_CONFIG_EFFECT: key=Steel.ThreeLine.Es2|column=3|address=$J$23|before=0.015|after=0.0165|specs=16
OK: audit03.materialConfig.21.invalid.0
OK: audit03.materialConfig.21.reason.0
MATERIAL_CONFIG_INVALID: key=Steel.ThreeLine.Es2|column=3|address=$J$23|value=0|error=-2147218295|reason=Настройка Steel.ThreeLine.Es2 (лист Config, ячейка J23): Характеристика арматуры должна быть больше нуля. Введите положительное значение в указанных на листе единицах измерения.
OK: audit03.materialConfig.21.invalid.-1
OK: audit03.materialConfig.21.reason.-1
MATERIAL_CONFIG_INVALID: key=Steel.ThreeLine.Es2|column=3|address=$J$23|value=-1|error=-2147218295|reason=Настройка Steel.ThreeLine.Es2 (лист Config, ячейка J23): Характеристика арматуры должна быть больше нуля. Введите положительное значение в указанных на листе единицах измерения.
OK: audit03.materialConfig.21.invalid.TODO
OK: audit03.materialConfig.21.reason.TODO
MATERIAL_CONFIG_INVALID: key=Steel.ThreeLine.Es2|column=3|address=$J$23|value=TODO|error=-2147217194|reason=Настройка Steel.ThreeLine.Es2 (лист Config, ячейка J23): Обязательное числовое значение не задано. Введите число или формулу, возвращающую число; пустое значение и TODO недопустимы.
OK: audit03.materialConfig.21.invalid.
OK: audit03.materialConfig.21.reason.
MATERIAL_CONFIG_INVALID: key=Steel.ThreeLine.Es2|column=3|address=$J$23|value=|error=-2147217194|reason=Настройка Steel.ThreeLine.Es2 (лист Config, ячейка J23): Обязательное числовое значение не задано. Введите число или формулу, возвращающую число; пустое значение и TODO недопустимы.
OK: audit03.materialConfig.21.invalid.Error 2015
OK: audit03.materialConfig.21.reason.Error 2015
MATERIAL_CONFIG_INVALID: key=Steel.ThreeLine.Es2|column=3|address=$J$23|value=Error 2015|error=-2147217195|reason=Настройка Steel.ThreeLine.Es2 (лист Config, ячейка J23) содержит ошибку Excel в колонке "Растяжение". Исправьте формулу или введите допустимое значение вместо ошибки Excel.
OK: audit03.materialConfig.21.invalid.1e309
OK: audit03.materialConfig.21.reason.1e309
MATERIAL_CONFIG_INVALID: key=Steel.ThreeLine.Es2|column=3|address=$J$23|value=1e309|error=-2147217191|reason=Настройка Steel.ThreeLine.Es2 (лист Config, ячейка J23): Не удалось прочитать обязательное число: "1e309". Введите конечное число допустимого диапазона или исправьте формулу.
OK: audit03.materialConfig.21.recoveryConcrete
OK: audit03.materialConfig.21.recoverySteel
OK: audit03.materialConfig.22.ULS(I)|TwoLine|Ignore|TwoLine.expectedEffect; actual=-0.026; expected=-0.026; absDiff=0.
OK: audit03.materialConfig.22.ULS(I)|TwoLine|Ignore|TwoLine.otherMaterialUnchanged
OK: audit03.materialConfig.22.ULS(I)|TwoLine|Ignore|TwoLine.inactiveUnchanged
OK: audit03.materialConfig.22.ULS(I)|TwoLine|Ignore|ThreeLine.expectedEffect; actual=-0.0176; expected=-0.0176; absDiff=0.
OK: audit03.materialConfig.22.ULS(I)|TwoLine|Ignore|ThreeLine.otherMaterialUnchanged
OK: audit03.materialConfig.22.ULS(I)|TwoLine|Ignore|ThreeLine.activeChanged
OK: audit03.materialConfig.22.ULS(I)|TwoLine|UseDiagram|TwoLine.expectedEffect; actual=-0.026; expected=-0.026; absDiff=0.
OK: audit03.materialConfig.22.ULS(I)|TwoLine|UseDiagram|TwoLine.otherMaterialUnchanged
OK: audit03.materialConfig.22.ULS(I)|TwoLine|UseDiagram|TwoLine.inactiveUnchanged
OK: audit03.materialConfig.22.ULS(I)|TwoLine|UseDiagram|ThreeLine.expectedEffect; actual=-0.0176; expected=-0.0176; absDiff=0.
OK: audit03.materialConfig.22.ULS(I)|TwoLine|UseDiagram|ThreeLine.otherMaterialUnchanged
OK: audit03.materialConfig.22.ULS(I)|TwoLine|UseDiagram|ThreeLine.activeChanged
OK: audit03.materialConfig.22.ULS(I)|ThreeLine|Ignore|TwoLine.expectedEffect; actual=-0.026; expected=-0.026; absDiff=0.
OK: audit03.materialConfig.22.ULS(I)|ThreeLine|Ignore|TwoLine.otherMaterialUnchanged
OK: audit03.materialConfig.22.ULS(I)|ThreeLine|Ignore|TwoLine.inactiveUnchanged
OK: audit03.materialConfig.22.ULS(I)|ThreeLine|Ignore|ThreeLine.expectedEffect; actual=-0.0176; expected=-0.0176; absDiff=0.
OK: audit03.materialConfig.22.ULS(I)|ThreeLine|Ignore|ThreeLine.otherMaterialUnchanged
OK: audit03.materialConfig.22.ULS(I)|ThreeLine|Ignore|ThreeLine.activeChanged
OK: audit03.materialConfig.22.ULS(I)|ThreeLine|UseDiagram|TwoLine.expectedEffect; actual=-0.026; expected=-0.026; absDiff=0.
OK: audit03.materialConfig.22.ULS(I)|ThreeLine|UseDiagram|TwoLine.otherMaterialUnchanged
OK: audit03.materialConfig.22.ULS(I)|ThreeLine|UseDiagram|TwoLine.inactiveUnchanged
OK: audit03.materialConfig.22.ULS(I)|ThreeLine|UseDiagram|ThreeLine.expectedEffect; actual=-0.0176; expected=-0.0176; absDiff=0.
OK: audit03.materialConfig.22.ULS(I)|ThreeLine|UseDiagram|ThreeLine.otherMaterialUnchanged
OK: audit03.materialConfig.22.ULS(I)|ThreeLine|UseDiagram|ThreeLine.activeChanged
OK: audit03.materialConfig.22.SLS(II)|TwoLine|Ignore|TwoLine.expectedEffect; actual=-0.026; expected=-0.026; absDiff=0.
OK: audit03.materialConfig.22.SLS(II)|TwoLine|Ignore|TwoLine.otherMaterialUnchanged
OK: audit03.materialConfig.22.SLS(II)|TwoLine|Ignore|TwoLine.inactiveUnchanged
OK: audit03.materialConfig.22.SLS(II)|TwoLine|Ignore|ThreeLine.expectedEffect; actual=-0.0176; expected=-0.0176; absDiff=0.
OK: audit03.materialConfig.22.SLS(II)|TwoLine|Ignore|ThreeLine.otherMaterialUnchanged
OK: audit03.materialConfig.22.SLS(II)|TwoLine|Ignore|ThreeLine.activeChanged
OK: audit03.materialConfig.22.SLS(II)|TwoLine|UseDiagram|TwoLine.expectedEffect; actual=-0.026; expected=-0.026; absDiff=0.
OK: audit03.materialConfig.22.SLS(II)|TwoLine|UseDiagram|TwoLine.otherMaterialUnchanged
OK: audit03.materialConfig.22.SLS(II)|TwoLine|UseDiagram|TwoLine.inactiveUnchanged
OK: audit03.materialConfig.22.SLS(II)|TwoLine|UseDiagram|ThreeLine.expectedEffect; actual=-0.0176; expected=-0.0176; absDiff=0.
OK: audit03.materialConfig.22.SLS(II)|TwoLine|UseDiagram|ThreeLine.otherMaterialUnchanged
OK: audit03.materialConfig.22.SLS(II)|TwoLine|UseDiagram|ThreeLine.activeChanged
OK: audit03.materialConfig.22.SLS(II)|ThreeLine|Ignore|TwoLine.expectedEffect; actual=-0.026; expected=-0.026; absDiff=0.
OK: audit03.materialConfig.22.SLS(II)|ThreeLine|Ignore|TwoLine.otherMaterialUnchanged
OK: audit03.materialConfig.22.SLS(II)|ThreeLine|Ignore|TwoLine.inactiveUnchanged
OK: audit03.materialConfig.22.SLS(II)|ThreeLine|Ignore|ThreeLine.expectedEffect; actual=-0.0176; expected=-0.0176; absDiff=0.
OK: audit03.materialConfig.22.SLS(II)|ThreeLine|Ignore|ThreeLine.otherMaterialUnchanged
OK: audit03.materialConfig.22.SLS(II)|ThreeLine|Ignore|ThreeLine.activeChanged
OK: audit03.materialConfig.22.SLS(II)|ThreeLine|UseDiagram|TwoLine.expectedEffect; actual=-0.026; expected=-0.026; absDiff=0.
OK: audit03.materialConfig.22.SLS(II)|ThreeLine|UseDiagram|TwoLine.otherMaterialUnchanged
OK: audit03.materialConfig.22.SLS(II)|ThreeLine|UseDiagram|TwoLine.inactiveUnchanged
OK: audit03.materialConfig.22.SLS(II)|ThreeLine|UseDiagram|ThreeLine.expectedEffect; actual=-0.0176; expected=-0.0176; absDiff=0.
OK: audit03.materialConfig.22.SLS(II)|ThreeLine|UseDiagram|ThreeLine.otherMaterialUnchanged
OK: audit03.materialConfig.22.SLS(II)|ThreeLine|UseDiagram|ThreeLine.activeChanged
MATERIAL_CONFIG_EFFECT: key=Steel.ThreeLine.Es2|column=2|address=$I$23|before=0.016|after=0.0176|specs=16
OK: audit03.materialConfig.22.invalid.0
OK: audit03.materialConfig.22.reason.0
MATERIAL_CONFIG_INVALID: key=Steel.ThreeLine.Es2|column=2|address=$I$23|value=0|error=-2147218294|reason=Настройка Steel.ThreeLine.Esc2 (лист Config, ячейка I23): Характеристика арматуры должна быть больше нуля. Введите положительное значение в указанных на листе единицах измерения.
OK: audit03.materialConfig.22.invalid.-1
OK: audit03.materialConfig.22.reason.-1
MATERIAL_CONFIG_INVALID: key=Steel.ThreeLine.Es2|column=2|address=$I$23|value=-1|error=-2147218294|reason=Настройка Steel.ThreeLine.Esc2 (лист Config, ячейка I23): Характеристика арматуры должна быть больше нуля. Введите положительное значение в указанных на листе единицах измерения.
OK: audit03.materialConfig.22.invalid.TODO
OK: audit03.materialConfig.22.reason.TODO
MATERIAL_CONFIG_INVALID: key=Steel.ThreeLine.Es2|column=2|address=$I$23|value=TODO|error=-2147217194|reason=Настройка Steel.ThreeLine.Esc2 (лист Config, ячейка I23): Обязательное числовое значение не задано. Введите число или формулу, возвращающую число; пустое значение и TODO недопустимы.
OK: audit03.materialConfig.22.invalid.
OK: audit03.materialConfig.22.reason.
MATERIAL_CONFIG_INVALID: key=Steel.ThreeLine.Es2|column=2|address=$I$23|value=|error=-2147217194|reason=Настройка Steel.ThreeLine.Esc2 (лист Config, ячейка I23): Обязательное числовое значение не задано. Введите число или формулу, возвращающую число; пустое значение и TODO недопустимы.
OK: audit03.materialConfig.22.invalid.Error 2015
OK: audit03.materialConfig.22.reason.Error 2015
MATERIAL_CONFIG_INVALID: key=Steel.ThreeLine.Es2|column=2|address=$I$23|value=Error 2015|error=-2147217195|reason=Настройка Steel.ThreeLine.Es2 (лист Config, ячейка I23) содержит ошибку Excel в колонке "Сжатие". Исправьте формулу или введите допустимое значение вместо ошибки Excel.
OK: audit03.materialConfig.22.invalid.1e309
OK: audit03.materialConfig.22.reason.1e309
MATERIAL_CONFIG_INVALID: key=Steel.ThreeLine.Es2|column=2|address=$I$23|value=1e309|error=-2147217191|reason=Настройка Steel.ThreeLine.Esc2 (лист Config, ячейка I23): Не удалось прочитать обязательное число: "1e309". Введите конечное число допустимого диапазона или исправьте формулу.
OK: audit03.materialConfig.22.recoveryConcrete
OK: audit03.materialConfig.22.recoverySteel
TOTAL_AUDIT03_MATERIAL_CONFIG: passed=1442; failed=0

COM_WORKBOOK_AFTER_SUITE: path=C:\Users\avidzba\AppData\Local\Temp\RC_NDM_ModeSuite_55b4814f435541d29d714a801a284550\RC_Section_NDM.xlsm; readOnly=True; sameProxy=True
MODE_AFTER_SUITE: No
SUITE_FINISHED: RunAudit03MaterialConfigBehaviorTests; 2026-10-04T14:09:55
SOURCE_UNCHANGED: True
WATCHDOG_COMPLETED: exit=0; source unchanged=True
