SOURCE: C:\Users\avidzba\Desktop\программы\В_РАБОТЕ!\RC_Section_NDM\docs\regression\Audit03\RC_Section_NDM_snapshot_metadata_positive_v214.xlsm
SOURCE_SHA256: AC3182444B1A38E7ED56FBCFFBFD4EA183281D741A9A4168DC108EE2D90B5988
FIXTURE: C:\Users\avidzba\AppData\Local\Temp\RC_NDM_ModeSuite_ff6ef0214bd14d8483d3eb9457fa72f3\RC_Section_NDM.xlsm
GLOBAL_MODE: General.DiagramExtension=No; explicit-On tests retain their setup
===== modTestWorkbookInterface.RunAudit03ReadLifecycleTests =====
SUITE_STARTED: modTestWorkbookInterface.RunAudit03ReadLifecycleTests; 2026-10-04T11:36:50
EXCEL_AFTER_SUITE: pid=15788; workingSet=151691264; privateBytes=111828992; cpu=11.21875
EXCEL_AFTER_SUITE: pid=23476; workingSet=209600512; privateBytes=160890880; cpu=9930.625
OK: audit03.readLifecycle.spec.field0.error
OK: audit03.readLifecycle.spec.field0.incomplete
OK: audit03.readLifecycle.spec.field0.key; actual=<empty>
OK: audit03.readLifecycle.spec.field0.cloneIncomplete
OK: audit03.readLifecycle.spec.field0.providerRejected
OK: audit03.readLifecycle.spec.field0.noDiagram
OK: audit03.readLifecycle.spec.field0.snapshot; actual=SLS(II)|ThreeLine|UseDiagram|TwoLine
OK: audit03.readLifecycle.spec.field0.recovery
OK: audit03.readLifecycle.spec.field0.recoveryKey; actual=ULS(I)|TwoLine|Ignore|ThreeLine
OK: audit03.readLifecycle.spec.field0.distinctDiagram
READ_LIFECYCLE_SPEC: audit03.readLifecycle.spec.field0|ValueSet материальной модели должен быть ULS(I) или SLS(II).
OK: audit03.readLifecycle.spec.field1.error
OK: audit03.readLifecycle.spec.field1.incomplete
OK: audit03.readLifecycle.spec.field1.key; actual=<empty>
OK: audit03.readLifecycle.spec.field1.cloneIncomplete
OK: audit03.readLifecycle.spec.field1.providerRejected
OK: audit03.readLifecycle.spec.field1.noDiagram
OK: audit03.readLifecycle.spec.field1.snapshot; actual=SLS(II)|ThreeLine|UseDiagram|TwoLine
OK: audit03.readLifecycle.spec.field1.recovery
OK: audit03.readLifecycle.spec.field1.recoveryKey; actual=ULS(I)|TwoLine|Ignore|ThreeLine
OK: audit03.readLifecycle.spec.field1.distinctDiagram
READ_LIFECYCLE_SPEC: audit03.readLifecycle.spec.field1|Диаграмма бетона должна быть TwoLine или ThreeLine.
OK: audit03.readLifecycle.spec.field2.error
OK: audit03.readLifecycle.spec.field2.incomplete
OK: audit03.readLifecycle.spec.field2.key; actual=<empty>
OK: audit03.readLifecycle.spec.field2.cloneIncomplete
OK: audit03.readLifecycle.spec.field2.providerRejected
OK: audit03.readLifecycle.spec.field2.noDiagram
OK: audit03.readLifecycle.spec.field2.snapshot; actual=SLS(II)|ThreeLine|UseDiagram|TwoLine
OK: audit03.readLifecycle.spec.field2.recovery
OK: audit03.readLifecycle.spec.field2.recoveryKey; actual=ULS(I)|TwoLine|Ignore|ThreeLine
OK: audit03.readLifecycle.spec.field2.distinctDiagram
READ_LIFECYCLE_SPEC: audit03.readLifecycle.spec.field2|Растянутый бетон должен быть Ignore или UseDiagram.
OK: audit03.readLifecycle.spec.field3.error
OK: audit03.readLifecycle.spec.field3.incomplete
OK: audit03.readLifecycle.spec.field3.key; actual=<empty>
OK: audit03.readLifecycle.spec.field3.cloneIncomplete
OK: audit03.readLifecycle.spec.field3.providerRejected
OK: audit03.readLifecycle.spec.field3.noDiagram
OK: audit03.readLifecycle.spec.field3.snapshot; actual=SLS(II)|ThreeLine|UseDiagram|TwoLine
OK: audit03.readLifecycle.spec.field3.recovery
OK: audit03.readLifecycle.spec.field3.recoveryKey; actual=ULS(I)|TwoLine|Ignore|ThreeLine
OK: audit03.readLifecycle.spec.field3.distinctDiagram
READ_LIFECYCLE_SPEC: audit03.readLifecycle.spec.field3|Диаграмма арматуры должна быть TwoLine или ThreeLine.
OK: audit03.readLifecycle.catalog.position0.field0.type8.error
OK: audit03.readLifecycle.catalog.position0.field0.type8.address
OK: audit03.readLifecycle.catalog.position0.field0.type8.empty
OK: audit03.readLifecycle.catalog.position0.field0.type8.noPR1
OK: audit03.readLifecycle.catalog.position0.field0.type8.noPR4
OK: audit03.readLifecycle.catalog.position0.field0.type8.lookupRejected
OK: audit03.readLifecycle.catalog.position0.field0.type8.noPublishedProfile
OK: audit03.readLifecycle.catalog.position0.field0.type8.oldSnapshot; actual=PR1
OK: audit03.readLifecycle.catalog.position0.field0.type8.recoveryCount
OK: audit03.readLifecycle.catalog.position0.field0.type8.recoveryPR4
READ_LIFECYCLE_CATALOG: audit03.readLifecycle.catalog.position0.field0.type8|Профиль PR4: параметр Calculation.Strength.DirectState (ReadLifecycle!AK11). Выберите Yes или No; прочитано: "BAD_SELECTOR". Проверьте указанную ячейку или восстановите строку параметра в таблице профилей.
OK: audit03.readLifecycle.catalog.position0.field1.type8.error
OK: audit03.readLifecycle.catalog.position0.field1.type8.address
OK: audit03.readLifecycle.catalog.position0.field1.type8.empty
OK: audit03.readLifecycle.catalog.position0.field1.type8.noPR1
OK: audit03.readLifecycle.catalog.position0.field1.type8.noPR4
OK: audit03.readLifecycle.catalog.position0.field1.type8.lookupRejected
OK: audit03.readLifecycle.catalog.position0.field1.type8.noPublishedProfile
OK: audit03.readLifecycle.catalog.position0.field1.type8.oldSnapshot; actual=PR1
OK: audit03.readLifecycle.catalog.position0.field1.type8.recoveryCount
OK: audit03.readLifecycle.catalog.position0.field1.type8.recoveryPR4
READ_LIFECYCLE_CATALOG: audit03.readLifecycle.catalog.position0.field1.type8|Профиль PR4: параметр MaterialModel.Strength.ConcreteDiagram (ReadLifecycle!AK19). Диаграмма бетона должна быть TwoLine или ThreeLine. Проверьте указанную ячейку или восстановите строку параметра в таблице профилей.
OK: audit03.readLifecycle.catalog.position0.field2.type8.error
OK: audit03.readLifecycle.catalog.position0.field2.type8.address
OK: audit03.readLifecycle.catalog.position0.field2.type8.empty
OK: audit03.readLifecycle.catalog.position0.field2.type8.noPR1
OK: audit03.readLifecycle.catalog.position0.field2.type8.noPR4
OK: audit03.readLifecycle.catalog.position0.field2.type8.lookupRejected
OK: audit03.readLifecycle.catalog.position0.field2.type8.noPublishedProfile
OK: audit03.readLifecycle.catalog.position0.field2.type8.oldSnapshot; actual=PR1
OK: audit03.readLifecycle.catalog.position0.field2.type8.recoveryCount
OK: audit03.readLifecycle.catalog.position0.field2.type8.recoveryPR4
READ_LIFECYCLE_CATALOG: audit03.readLifecycle.catalog.position0.field2.type8|Профиль PR4: параметр Visualization.State (ReadLifecycle!AK33). Visualization.State должен быть StrengthState, CapacityState, PreCrackState, PostCrackState или CrackedState. Проверьте указанную ячейку или восстановите строку параметра в таблице профилей.
OK: audit03.readLifecycle.catalog.position0.field3.type8.error
OK: audit03.readLifecycle.catalog.position0.field3.type8.address
OK: audit03.readLifecycle.catalog.position0.field3.type8.empty
OK: audit03.readLifecycle.catalog.position0.field3.type8.noPR1
OK: audit03.readLifecycle.catalog.position0.field3.type8.noPR4
OK: audit03.readLifecycle.catalog.position0.field3.type8.lookupRejected
OK: audit03.readLifecycle.catalog.position0.field3.type8.noPublishedProfile
OK: audit03.readLifecycle.catalog.position0.field3.type8.oldSnapshot; actual=PR1
OK: audit03.readLifecycle.catalog.position0.field3.type8.recoveryCount
OK: audit03.readLifecycle.catalog.position0.field3.type8.recoveryPR4
READ_LIFECYCLE_CATALOG: audit03.readLifecycle.catalog.position0.field3.type8|Профиль PR4: параметр Visualization.StressPrecision (ReadLifecycle!AK35). Visualization.StressPrecision должен быть целым числом от 0 до 10. Проверьте указанную ячейку или восстановите строку параметра в таблице профилей.
OK: audit03.readLifecycle.catalog.position0.field0.type10.error
OK: audit03.readLifecycle.catalog.position0.field0.type10.address
OK: audit03.readLifecycle.catalog.position0.field0.type10.empty
OK: audit03.readLifecycle.catalog.position0.field0.type10.noPR1
OK: audit03.readLifecycle.catalog.position0.field0.type10.noPR4
OK: audit03.readLifecycle.catalog.position0.field0.type10.lookupRejected
OK: audit03.readLifecycle.catalog.position0.field0.type10.noPublishedProfile
OK: audit03.readLifecycle.catalog.position0.field0.type10.oldSnapshot; actual=PR1
OK: audit03.readLifecycle.catalog.position0.field0.type10.recoveryCount
OK: audit03.readLifecycle.catalog.position0.field0.type10.recoveryPR4
READ_LIFECYCLE_CATALOG: audit03.readLifecycle.catalog.position0.field0.type10|Профиль PR4: параметр Calculation.Strength.DirectState (ReadLifecycle!AK11). Ячейка содержит ошибку формулы Excel. Проверьте указанную ячейку или восстановите строку параметра в таблице профилей.
OK: audit03.readLifecycle.catalog.position0.field1.type10.error
OK: audit03.readLifecycle.catalog.position0.field1.type10.address
OK: audit03.readLifecycle.catalog.position0.field1.type10.empty
OK: audit03.readLifecycle.catalog.position0.field1.type10.noPR1
OK: audit03.readLifecycle.catalog.position0.field1.type10.noPR4
OK: audit03.readLifecycle.catalog.position0.field1.type10.lookupRejected
OK: audit03.readLifecycle.catalog.position0.field1.type10.noPublishedProfile
OK: audit03.readLifecycle.catalog.position0.field1.type10.oldSnapshot; actual=PR1
OK: audit03.readLifecycle.catalog.position0.field1.type10.recoveryCount
OK: audit03.readLifecycle.catalog.position0.field1.type10.recoveryPR4
READ_LIFECYCLE_CATALOG: audit03.readLifecycle.catalog.position0.field1.type10|Профиль PR4: параметр MaterialModel.Strength.ConcreteDiagram (ReadLifecycle!AK19). Ячейка содержит ошибку формулы Excel. Проверьте указанную ячейку или восстановите строку параметра в таблице профилей.
OK: audit03.readLifecycle.catalog.position0.field2.type10.error
OK: audit03.readLifecycle.catalog.position0.field2.type10.address
OK: audit03.readLifecycle.catalog.position0.field2.type10.empty
OK: audit03.readLifecycle.catalog.position0.field2.type10.noPR1
OK: audit03.readLifecycle.catalog.position0.field2.type10.noPR4
OK: audit03.readLifecycle.catalog.position0.field2.type10.lookupRejected
OK: audit03.readLifecycle.catalog.position0.field2.type10.noPublishedProfile
OK: audit03.readLifecycle.catalog.position0.field2.type10.oldSnapshot; actual=PR1
OK: audit03.readLifecycle.catalog.position0.field2.type10.recoveryCount
OK: audit03.readLifecycle.catalog.position0.field2.type10.recoveryPR4
READ_LIFECYCLE_CATALOG: audit03.readLifecycle.catalog.position0.field2.type10|Профиль PR4: параметр Visualization.State (ReadLifecycle!AK33). Ячейка содержит ошибку формулы Excel. Проверьте указанную ячейку или восстановите строку параметра в таблице профилей.
OK: audit03.readLifecycle.catalog.position0.field3.type10.error
OK: audit03.readLifecycle.catalog.position0.field3.type10.address
OK: audit03.readLifecycle.catalog.position0.field3.type10.empty
OK: audit03.readLifecycle.catalog.position0.field3.type10.noPR1
OK: audit03.readLifecycle.catalog.position0.field3.type10.noPR4
OK: audit03.readLifecycle.catalog.position0.field3.type10.lookupRejected
OK: audit03.readLifecycle.catalog.position0.field3.type10.noPublishedProfile
OK: audit03.readLifecycle.catalog.position0.field3.type10.oldSnapshot; actual=PR1
OK: audit03.readLifecycle.catalog.position0.field3.type10.recoveryCount
OK: audit03.readLifecycle.catalog.position0.field3.type10.recoveryPR4
READ_LIFECYCLE_CATALOG: audit03.readLifecycle.catalog.position0.field3.type10|Профиль PR4: параметр Visualization.StressPrecision (ReadLifecycle!AK35). Ячейка содержит ошибку формулы Excel. Проверьте указанную ячейку или восстановите строку параметра в таблице профилей.
OK: audit03.readLifecycle.catalog.position0.field0.type8.error
OK: audit03.readLifecycle.catalog.position0.field0.type8.address
OK: audit03.readLifecycle.catalog.position0.field0.type8.empty
OK: audit03.readLifecycle.catalog.position0.field0.type8.noPR1
OK: audit03.readLifecycle.catalog.position0.field0.type8.noPR4
OK: audit03.readLifecycle.catalog.position0.field0.type8.lookupRejected
OK: audit03.readLifecycle.catalog.position0.field0.type8.noPublishedProfile
OK: audit03.readLifecycle.catalog.position0.field0.type8.oldSnapshot; actual=PR1
OK: audit03.readLifecycle.catalog.position0.field0.type8.recoveryCount
OK: audit03.readLifecycle.catalog.position0.field0.type8.recoveryPR4
READ_LIFECYCLE_CATALOG: audit03.readLifecycle.catalog.position0.field0.type8|Профиль PR4: параметр Calculation.Strength.DirectState (ReadLifecycle!AK11). Выберите Yes или No; прочитано: "". Проверьте указанную ячейку или восстановите строку параметра в таблице профилей.
OK: audit03.readLifecycle.catalog.position0.field1.type8.error
OK: audit03.readLifecycle.catalog.position0.field1.type8.address
OK: audit03.readLifecycle.catalog.position0.field1.type8.empty
OK: audit03.readLifecycle.catalog.position0.field1.type8.noPR1
OK: audit03.readLifecycle.catalog.position0.field1.type8.noPR4
OK: audit03.readLifecycle.catalog.position0.field1.type8.lookupRejected
OK: audit03.readLifecycle.catalog.position0.field1.type8.noPublishedProfile
OK: audit03.readLifecycle.catalog.position0.field1.type8.oldSnapshot; actual=PR1
OK: audit03.readLifecycle.catalog.position0.field1.type8.recoveryCount
OK: audit03.readLifecycle.catalog.position0.field1.type8.recoveryPR4
READ_LIFECYCLE_CATALOG: audit03.readLifecycle.catalog.position0.field1.type8|Профиль PR4: параметр MaterialModel.Strength.ConcreteDiagram (ReadLifecycle!AK19). Диаграмма бетона должна быть TwoLine или ThreeLine. Проверьте указанную ячейку или восстановите строку параметра в таблице профилей.
OK: audit03.readLifecycle.catalog.position0.field2.type8.error
OK: audit03.readLifecycle.catalog.position0.field2.type8.address
OK: audit03.readLifecycle.catalog.position0.field2.type8.empty
OK: audit03.readLifecycle.catalog.position0.field2.type8.noPR1
OK: audit03.readLifecycle.catalog.position0.field2.type8.noPR4
OK: audit03.readLifecycle.catalog.position0.field2.type8.lookupRejected
OK: audit03.readLifecycle.catalog.position0.field2.type8.noPublishedProfile
OK: audit03.readLifecycle.catalog.position0.field2.type8.oldSnapshot; actual=PR1
OK: audit03.readLifecycle.catalog.position0.field2.type8.recoveryCount
OK: audit03.readLifecycle.catalog.position0.field2.type8.recoveryPR4
READ_LIFECYCLE_CATALOG: audit03.readLifecycle.catalog.position0.field2.type8|Профиль PR4: параметр Visualization.State (ReadLifecycle!AK33). Обязательное значение не задано; выберите или введите его в таблице профилей. Проверьте указанную ячейку или восстановите строку параметра в таблице профилей.
OK: audit03.readLifecycle.catalog.position0.field3.type8.error
OK: audit03.readLifecycle.catalog.position0.field3.type8.address
OK: audit03.readLifecycle.catalog.position0.field3.type8.empty
OK: audit03.readLifecycle.catalog.position0.field3.type8.noPR1
OK: audit03.readLifecycle.catalog.position0.field3.type8.noPR4
OK: audit03.readLifecycle.catalog.position0.field3.type8.lookupRejected
OK: audit03.readLifecycle.catalog.position0.field3.type8.noPublishedProfile
OK: audit03.readLifecycle.catalog.position0.field3.type8.oldSnapshot; actual=PR1
OK: audit03.readLifecycle.catalog.position0.field3.type8.recoveryCount
OK: audit03.readLifecycle.catalog.position0.field3.type8.recoveryPR4
READ_LIFECYCLE_CATALOG: audit03.readLifecycle.catalog.position0.field3.type8|Профиль PR4: параметр Visualization.StressPrecision (ReadLifecycle!AK35). Обязательное значение не задано; выберите или введите его в таблице профилей. Проверьте указанную ячейку или восстановите строку параметра в таблице профилей.
OK: audit03.readLifecycle.catalog.position1.field0.type8.error
OK: audit03.readLifecycle.catalog.position1.field0.type8.address
OK: audit03.readLifecycle.catalog.position1.field0.type8.empty
OK: audit03.readLifecycle.catalog.position1.field0.type8.noPR1
OK: audit03.readLifecycle.catalog.position1.field0.type8.noPR4
OK: audit03.readLifecycle.catalog.position1.field0.type8.lookupRejected
OK: audit03.readLifecycle.catalog.position1.field0.type8.noPublishedProfile
OK: audit03.readLifecycle.catalog.position1.field0.type8.oldSnapshot; actual=PR1
OK: audit03.readLifecycle.catalog.position1.field0.type8.recoveryCount
OK: audit03.readLifecycle.catalog.position1.field0.type8.recoveryPR4
READ_LIFECYCLE_CATALOG: audit03.readLifecycle.catalog.position1.field0.type8|Профиль PR4: параметр Calculation.Strength.DirectState (ReadLifecycle!CM806). Выберите Yes или No; прочитано: "BAD_SELECTOR". Проверьте указанную ячейку или восстановите строку параметра в таблице профилей.
OK: audit03.readLifecycle.catalog.position1.field1.type8.error
OK: audit03.readLifecycle.catalog.position1.field1.type8.address
OK: audit03.readLifecycle.catalog.position1.field1.type8.empty
OK: audit03.readLifecycle.catalog.position1.field1.type8.noPR1
OK: audit03.readLifecycle.catalog.position1.field1.type8.noPR4
OK: audit03.readLifecycle.catalog.position1.field1.type8.lookupRejected
OK: audit03.readLifecycle.catalog.position1.field1.type8.noPublishedProfile
OK: audit03.readLifecycle.catalog.position1.field1.type8.oldSnapshot; actual=PR1
OK: audit03.readLifecycle.catalog.position1.field1.type8.recoveryCount
OK: audit03.readLifecycle.catalog.position1.field1.type8.recoveryPR4
READ_LIFECYCLE_CATALOG: audit03.readLifecycle.catalog.position1.field1.type8|Профиль PR4: параметр MaterialModel.Strength.ConcreteDiagram (ReadLifecycle!CM814). Диаграмма бетона должна быть TwoLine или ThreeLine. Проверьте указанную ячейку или восстановите строку параметра в таблице профилей.
OK: audit03.readLifecycle.catalog.position1.field2.type8.error
OK: audit03.readLifecycle.catalog.position1.field2.type8.address
OK: audit03.readLifecycle.catalog.position1.field2.type8.empty
OK: audit03.readLifecycle.catalog.position1.field2.type8.noPR1
OK: audit03.readLifecycle.catalog.position1.field2.type8.noPR4
OK: audit03.readLifecycle.catalog.position1.field2.type8.lookupRejected
OK: audit03.readLifecycle.catalog.position1.field2.type8.noPublishedProfile
OK: audit03.readLifecycle.catalog.position1.field2.type8.oldSnapshot; actual=PR1
OK: audit03.readLifecycle.catalog.position1.field2.type8.recoveryCount
OK: audit03.readLifecycle.catalog.position1.field2.type8.recoveryPR4
READ_LIFECYCLE_CATALOG: audit03.readLifecycle.catalog.position1.field2.type8|Профиль PR4: параметр Visualization.State (ReadLifecycle!CM828). Visualization.State должен быть StrengthState, CapacityState, PreCrackState, PostCrackState или CrackedState. Проверьте указанную ячейку или восстановите строку параметра в таблице профилей.
OK: audit03.readLifecycle.catalog.position1.field3.type8.error
OK: audit03.readLifecycle.catalog.position1.field3.type8.address
OK: audit03.readLifecycle.catalog.position1.field3.type8.empty
OK: audit03.readLifecycle.catalog.position1.field3.type8.noPR1
OK: audit03.readLifecycle.catalog.position1.field3.type8.noPR4
OK: audit03.readLifecycle.catalog.position1.field3.type8.lookupRejected
OK: audit03.readLifecycle.catalog.position1.field3.type8.noPublishedProfile
OK: audit03.readLifecycle.catalog.position1.field3.type8.oldSnapshot; actual=PR1
OK: audit03.readLifecycle.catalog.position1.field3.type8.recoveryCount
OK: audit03.readLifecycle.catalog.position1.field3.type8.recoveryPR4
READ_LIFECYCLE_CATALOG: audit03.readLifecycle.catalog.position1.field3.type8|Профиль PR4: параметр Visualization.StressPrecision (ReadLifecycle!CM830). Visualization.StressPrecision должен быть целым числом от 0 до 10. Проверьте указанную ячейку или восстановите строку параметра в таблице профилей.
OK: audit03.readLifecycle.catalog.position1.field0.type10.error
OK: audit03.readLifecycle.catalog.position1.field0.type10.address
OK: audit03.readLifecycle.catalog.position1.field0.type10.empty
OK: audit03.readLifecycle.catalog.position1.field0.type10.noPR1
OK: audit03.readLifecycle.catalog.position1.field0.type10.noPR4
OK: audit03.readLifecycle.catalog.position1.field0.type10.lookupRejected
OK: audit03.readLifecycle.catalog.position1.field0.type10.noPublishedProfile
OK: audit03.readLifecycle.catalog.position1.field0.type10.oldSnapshot; actual=PR1
OK: audit03.readLifecycle.catalog.position1.field0.type10.recoveryCount
OK: audit03.readLifecycle.catalog.position1.field0.type10.recoveryPR4
READ_LIFECYCLE_CATALOG: audit03.readLifecycle.catalog.position1.field0.type10|Профиль PR4: параметр Calculation.Strength.DirectState (ReadLifecycle!CM806). Ячейка содержит ошибку формулы Excel. Проверьте указанную ячейку или восстановите строку параметра в таблице профилей.
OK: audit03.readLifecycle.catalog.position1.field1.type10.error
OK: audit03.readLifecycle.catalog.position1.field1.type10.address
OK: audit03.readLifecycle.catalog.position1.field1.type10.empty
OK: audit03.readLifecycle.catalog.position1.field1.type10.noPR1
OK: audit03.readLifecycle.catalog.position1.field1.type10.noPR4
OK: audit03.readLifecycle.catalog.position1.field1.type10.lookupRejected
OK: audit03.readLifecycle.catalog.position1.field1.type10.noPublishedProfile
OK: audit03.readLifecycle.catalog.position1.field1.type10.oldSnapshot; actual=PR1
OK: audit03.readLifecycle.catalog.position1.field1.type10.recoveryCount
OK: audit03.readLifecycle.catalog.position1.field1.type10.recoveryPR4
READ_LIFECYCLE_CATALOG: audit03.readLifecycle.catalog.position1.field1.type10|Профиль PR4: параметр MaterialModel.Strength.ConcreteDiagram (ReadLifecycle!CM814). Ячейка содержит ошибку формулы Excel. Проверьте указанную ячейку или восстановите строку параметра в таблице профилей.
OK: audit03.readLifecycle.catalog.position1.field2.type10.error
OK: audit03.readLifecycle.catalog.position1.field2.type10.address
OK: audit03.readLifecycle.catalog.position1.field2.type10.empty
OK: audit03.readLifecycle.catalog.position1.field2.type10.noPR1
OK: audit03.readLifecycle.catalog.position1.field2.type10.noPR4
OK: audit03.readLifecycle.catalog.position1.field2.type10.lookupRejected
OK: audit03.readLifecycle.catalog.position1.field2.type10.noPublishedProfile
OK: audit03.readLifecycle.catalog.position1.field2.type10.oldSnapshot; actual=PR1
OK: audit03.readLifecycle.catalog.position1.field2.type10.recoveryCount
OK: audit03.readLifecycle.catalog.position1.field2.type10.recoveryPR4
READ_LIFECYCLE_CATALOG: audit03.readLifecycle.catalog.position1.field2.type10|Профиль PR4: параметр Visualization.State (ReadLifecycle!CM828). Ячейка содержит ошибку формулы Excel. Проверьте указанную ячейку или восстановите строку параметра в таблице профилей.
OK: audit03.readLifecycle.catalog.position1.field3.type10.error
OK: audit03.readLifecycle.catalog.position1.field3.type10.address
OK: audit03.readLifecycle.catalog.position1.field3.type10.empty
OK: audit03.readLifecycle.catalog.position1.field3.type10.noPR1
OK: audit03.readLifecycle.catalog.position1.field3.type10.noPR4
OK: audit03.readLifecycle.catalog.position1.field3.type10.lookupRejected
OK: audit03.readLifecycle.catalog.position1.field3.type10.noPublishedProfile
OK: audit03.readLifecycle.catalog.position1.field3.type10.oldSnapshot; actual=PR1
OK: audit03.readLifecycle.catalog.position1.field3.type10.recoveryCount
OK: audit03.readLifecycle.catalog.position1.field3.type10.recoveryPR4
READ_LIFECYCLE_CATALOG: audit03.readLifecycle.catalog.position1.field3.type10|Профиль PR4: параметр Visualization.StressPrecision (ReadLifecycle!CM830). Ячейка содержит ошибку формулы Excel. Проверьте указанную ячейку или восстановите строку параметра в таблице профилей.
OK: audit03.readLifecycle.catalog.position1.field0.type8.error
OK: audit03.readLifecycle.catalog.position1.field0.type8.address
OK: audit03.readLifecycle.catalog.position1.field0.type8.empty
OK: audit03.readLifecycle.catalog.position1.field0.type8.noPR1
OK: audit03.readLifecycle.catalog.position1.field0.type8.noPR4
OK: audit03.readLifecycle.catalog.position1.field0.type8.lookupRejected
OK: audit03.readLifecycle.catalog.position1.field0.type8.noPublishedProfile
OK: audit03.readLifecycle.catalog.position1.field0.type8.oldSnapshot; actual=PR1
OK: audit03.readLifecycle.catalog.position1.field0.type8.recoveryCount
OK: audit03.readLifecycle.catalog.position1.field0.type8.recoveryPR4
READ_LIFECYCLE_CATALOG: audit03.readLifecycle.catalog.position1.field0.type8|Профиль PR4: параметр Calculation.Strength.DirectState (ReadLifecycle!CM806). Выберите Yes или No; прочитано: "". Проверьте указанную ячейку или восстановите строку параметра в таблице профилей.
OK: audit03.readLifecycle.catalog.position1.field1.type8.error
OK: audit03.readLifecycle.catalog.position1.field1.type8.address
OK: audit03.readLifecycle.catalog.position1.field1.type8.empty
OK: audit03.readLifecycle.catalog.position1.field1.type8.noPR1
OK: audit03.readLifecycle.catalog.position1.field1.type8.noPR4
OK: audit03.readLifecycle.catalog.position1.field1.type8.lookupRejected
OK: audit03.readLifecycle.catalog.position1.field1.type8.noPublishedProfile
OK: audit03.readLifecycle.catalog.position1.field1.type8.oldSnapshot; actual=PR1
OK: audit03.readLifecycle.catalog.position1.field1.type8.recoveryCount
OK: audit03.readLifecycle.catalog.position1.field1.type8.recoveryPR4
READ_LIFECYCLE_CATALOG: audit03.readLifecycle.catalog.position1.field1.type8|Профиль PR4: параметр MaterialModel.Strength.ConcreteDiagram (ReadLifecycle!CM814). Диаграмма бетона должна быть TwoLine или ThreeLine. Проверьте указанную ячейку или восстановите строку параметра в таблице профилей.
OK: audit03.readLifecycle.catalog.position1.field2.type8.error
OK: audit03.readLifecycle.catalog.position1.field2.type8.address
OK: audit03.readLifecycle.catalog.position1.field2.type8.empty
OK: audit03.readLifecycle.catalog.position1.field2.type8.noPR1
OK: audit03.readLifecycle.catalog.position1.field2.type8.noPR4
OK: audit03.readLifecycle.catalog.position1.field2.type8.lookupRejected
OK: audit03.readLifecycle.catalog.position1.field2.type8.noPublishedProfile
OK: audit03.readLifecycle.catalog.position1.field2.type8.oldSnapshot; actual=PR1
OK: audit03.readLifecycle.catalog.position1.field2.type8.recoveryCount
OK: audit03.readLifecycle.catalog.position1.field2.type8.recoveryPR4
READ_LIFECYCLE_CATALOG: audit03.readLifecycle.catalog.position1.field2.type8|Профиль PR4: параметр Visualization.State (ReadLifecycle!CM828). Обязательное значение не задано; выберите или введите его в таблице профилей. Проверьте указанную ячейку или восстановите строку параметра в таблице профилей.
OK: audit03.readLifecycle.catalog.position1.field3.type8.error
OK: audit03.readLifecycle.catalog.position1.field3.type8.address
OK: audit03.readLifecycle.catalog.position1.field3.type8.empty
OK: audit03.readLifecycle.catalog.position1.field3.type8.noPR1
OK: audit03.readLifecycle.catalog.position1.field3.type8.noPR4
OK: audit03.readLifecycle.catalog.position1.field3.type8.lookupRejected
OK: audit03.readLifecycle.catalog.position1.field3.type8.noPublishedProfile
OK: audit03.readLifecycle.catalog.position1.field3.type8.oldSnapshot; actual=PR1
OK: audit03.readLifecycle.catalog.position1.field3.type8.recoveryCount
OK: audit03.readLifecycle.catalog.position1.field3.type8.recoveryPR4
READ_LIFECYCLE_CATALOG: audit03.readLifecycle.catalog.position1.field3.type8|Профиль PR4: параметр Visualization.StressPrecision (ReadLifecycle!CM830). Обязательное значение не задано; выберите или введите его в таблице профилей. Проверьте указанную ячейку или восстановите строку параметра в таблице профилей.
OK: audit03.readLifecycle.reader.baseline.p0.m0
OK: audit03.readLifecycle.reader.p0.m0.field0.bad0.error
OK: audit03.readLifecycle.reader.p0.m0.field0.bad0.field
OK: audit03.readLifecycle.reader.p0.m0.field0.bad0.address
OK: audit03.readLifecycle.reader.p0.m0.field0.bad0.action
OK: audit03.readLifecycle.reader.p0.m0.field0.bad0.empty
OK: audit03.readLifecycle.reader.p0.m0.field0.bad0.clearedPlane
OK: audit03.readLifecycle.reader.p0.m0.field0.bad0.clearedSelection
READ_LIFECYCLE_SNAPSHOT: audit03.readLifecycle.reader.p0.m0.field0.bad0|В сохраненном снимке Results поле Bounds.MinX содержит нечисловое значение: ReadLifecycle!T6. Повторите импорт геометрии или расчет, чтобы восстановить корректный снимок.
OK: audit03.readLifecycle.reader.p0.m0.field0.bad0.recovery
OK: audit03.readLifecycle.reader.p0.m0.field0.bad0.recoveryPlane; actual=0.125; expected=0.125
OK: audit03.readLifecycle.reader.p0.m0.field0.bad1.error
OK: audit03.readLifecycle.reader.p0.m0.field0.bad1.field
OK: audit03.readLifecycle.reader.p0.m0.field0.bad1.address
OK: audit03.readLifecycle.reader.p0.m0.field0.bad1.action
OK: audit03.readLifecycle.reader.p0.m0.field0.bad1.empty
OK: audit03.readLifecycle.reader.p0.m0.field0.bad1.clearedPlane
OK: audit03.readLifecycle.reader.p0.m0.field0.bad1.clearedSelection
READ_LIFECYCLE_SNAPSHOT: audit03.readLifecycle.reader.p0.m0.field0.bad1|В сохраненном снимке Results поле Bounds.MinX содержит нечисловое значение: ReadLifecycle!T6. Повторите импорт геометрии или расчет, чтобы восстановить корректный снимок.
OK: audit03.readLifecycle.reader.p0.m0.field0.bad1.recovery
OK: audit03.readLifecycle.reader.p0.m0.field0.bad1.recoveryPlane; actual=0.125; expected=0.125
OK: audit03.readLifecycle.reader.p0.m0.field0.bad2.error
OK: audit03.readLifecycle.reader.p0.m0.field0.bad2.field
OK: audit03.readLifecycle.reader.p0.m0.field0.bad2.address
OK: audit03.readLifecycle.reader.p0.m0.field0.bad2.action
OK: audit03.readLifecycle.reader.p0.m0.field0.bad2.empty
OK: audit03.readLifecycle.reader.p0.m0.field0.bad2.clearedPlane
OK: audit03.readLifecycle.reader.p0.m0.field0.bad2.clearedSelection
READ_LIFECYCLE_SNAPSHOT: audit03.readLifecycle.reader.p0.m0.field0.bad2|В сохраненном снимке Results поле Bounds.MinX содержит нечисловое значение: ReadLifecycle!T6. Повторите импорт геометрии или расчет, чтобы восстановить корректный снимок.
OK: audit03.readLifecycle.reader.p0.m0.field0.bad2.recovery
OK: audit03.readLifecycle.reader.p0.m0.field0.bad2.recoveryPlane; actual=0.125; expected=0.125
OK: audit03.readLifecycle.reader.p0.m0.field0.bad3.error
OK: audit03.readLifecycle.reader.p0.m0.field0.bad3.field
OK: audit03.readLifecycle.reader.p0.m0.field0.bad3.address
OK: audit03.readLifecycle.reader.p0.m0.field0.bad3.action
OK: audit03.readLifecycle.reader.p0.m0.field0.bad3.empty
OK: audit03.readLifecycle.reader.p0.m0.field0.bad3.clearedPlane
OK: audit03.readLifecycle.reader.p0.m0.field0.bad3.clearedSelection
READ_LIFECYCLE_SNAPSHOT: audit03.readLifecycle.reader.p0.m0.field0.bad3|В сохраненном снимке Results поле Bounds.MinX содержит нечисловое значение: ReadLifecycle!T6. Повторите импорт геометрии или расчет, чтобы восстановить корректный снимок.
OK: audit03.readLifecycle.reader.p0.m0.field0.bad3.recovery
OK: audit03.readLifecycle.reader.p0.m0.field0.bad3.recoveryPlane; actual=0.125; expected=0.125
OK: audit03.readLifecycle.reader.p0.m0.field0.bad4.error
OK: audit03.readLifecycle.reader.p0.m0.field0.bad4.field
OK: audit03.readLifecycle.reader.p0.m0.field0.bad4.address
OK: audit03.readLifecycle.reader.p0.m0.field0.bad4.action
OK: audit03.readLifecycle.reader.p0.m0.field0.bad4.empty
OK: audit03.readLifecycle.reader.p0.m0.field0.bad4.clearedPlane
OK: audit03.readLifecycle.reader.p0.m0.field0.bad4.clearedSelection
READ_LIFECYCLE_SNAPSHOT: audit03.readLifecycle.reader.p0.m0.field0.bad4|В сохраненном снимке Results поле Bounds.MinX содержит нечисловое значение: ReadLifecycle!T6. Повторите импорт геометрии или расчет, чтобы восстановить корректный снимок.
OK: audit03.readLifecycle.reader.p0.m0.field0.bad4.recovery
OK: audit03.readLifecycle.reader.p0.m0.field0.bad4.recoveryPlane; actual=0.125; expected=0.125
OK: audit03.readLifecycle.reader.p0.m0.field1.bad0.error
OK: audit03.readLifecycle.reader.p0.m0.field1.bad0.field
OK: audit03.readLifecycle.reader.p0.m0.field1.bad0.address
OK: audit03.readLifecycle.reader.p0.m0.field1.bad0.action
OK: audit03.readLifecycle.reader.p0.m0.field1.bad0.empty
OK: audit03.readLifecycle.reader.p0.m0.field1.bad0.clearedPlane
OK: audit03.readLifecycle.reader.p0.m0.field1.bad0.clearedSelection
READ_LIFECYCLE_SNAPSHOT: audit03.readLifecycle.reader.p0.m0.field1.bad0|В сохраненном снимке Results поле Bounds.MaxX содержит нечисловое значение: ReadLifecycle!T7. Повторите импорт геометрии или расчет, чтобы восстановить корректный снимок.
OK: audit03.readLifecycle.reader.p0.m0.field1.bad0.recovery
OK: audit03.readLifecycle.reader.p0.m0.field1.bad0.recoveryPlane; actual=0.125; expected=0.125
OK: audit03.readLifecycle.reader.p0.m0.field1.bad1.error
OK: audit03.readLifecycle.reader.p0.m0.field1.bad1.field
OK: audit03.readLifecycle.reader.p0.m0.field1.bad1.address
OK: audit03.readLifecycle.reader.p0.m0.field1.bad1.action
OK: audit03.readLifecycle.reader.p0.m0.field1.bad1.empty
OK: audit03.readLifecycle.reader.p0.m0.field1.bad1.clearedPlane
OK: audit03.readLifecycle.reader.p0.m0.field1.bad1.clearedSelection
READ_LIFECYCLE_SNAPSHOT: audit03.readLifecycle.reader.p0.m0.field1.bad1|В сохраненном снимке Results поле Bounds.MaxX содержит нечисловое значение: ReadLifecycle!T7. Повторите импорт геометрии или расчет, чтобы восстановить корректный снимок.
OK: audit03.readLifecycle.reader.p0.m0.field1.bad1.recovery
OK: audit03.readLifecycle.reader.p0.m0.field1.bad1.recoveryPlane; actual=0.125; expected=0.125
OK: audit03.readLifecycle.reader.p0.m0.field1.bad2.error
OK: audit03.readLifecycle.reader.p0.m0.field1.bad2.field
OK: audit03.readLifecycle.reader.p0.m0.field1.bad2.address
OK: audit03.readLifecycle.reader.p0.m0.field1.bad2.action
OK: audit03.readLifecycle.reader.p0.m0.field1.bad2.empty
OK: audit03.readLifecycle.reader.p0.m0.field1.bad2.clearedPlane
OK: audit03.readLifecycle.reader.p0.m0.field1.bad2.clearedSelection
READ_LIFECYCLE_SNAPSHOT: audit03.readLifecycle.reader.p0.m0.field1.bad2|В сохраненном снимке Results поле Bounds.MaxX содержит нечисловое значение: ReadLifecycle!T7. Повторите импорт геометрии или расчет, чтобы восстановить корректный снимок.
OK: audit03.readLifecycle.reader.p0.m0.field1.bad2.recovery
OK: audit03.readLifecycle.reader.p0.m0.field1.bad2.recoveryPlane; actual=0.125; expected=0.125
OK: audit03.readLifecycle.reader.p0.m0.field1.bad3.error
OK: audit03.readLifecycle.reader.p0.m0.field1.bad3.field
OK: audit03.readLifecycle.reader.p0.m0.field1.bad3.address
OK: audit03.readLifecycle.reader.p0.m0.field1.bad3.action
OK: audit03.readLifecycle.reader.p0.m0.field1.bad3.empty
OK: audit03.readLifecycle.reader.p0.m0.field1.bad3.clearedPlane
OK: audit03.readLifecycle.reader.p0.m0.field1.bad3.clearedSelection
READ_LIFECYCLE_SNAPSHOT: audit03.readLifecycle.reader.p0.m0.field1.bad3|В сохраненном снимке Results поле Bounds.MaxX содержит нечисловое значение: ReadLifecycle!T7. Повторите импорт геометрии или расчет, чтобы восстановить корректный снимок.
OK: audit03.readLifecycle.reader.p0.m0.field1.bad3.recovery
OK: audit03.readLifecycle.reader.p0.m0.field1.bad3.recoveryPlane; actual=0.125; expected=0.125
OK: audit03.readLifecycle.reader.p0.m0.field1.bad4.error
OK: audit03.readLifecycle.reader.p0.m0.field1.bad4.field
OK: audit03.readLifecycle.reader.p0.m0.field1.bad4.address
OK: audit03.readLifecycle.reader.p0.m0.field1.bad4.action
OK: audit03.readLifecycle.reader.p0.m0.field1.bad4.empty
OK: audit03.readLifecycle.reader.p0.m0.field1.bad4.clearedPlane
OK: audit03.readLifecycle.reader.p0.m0.field1.bad4.clearedSelection
READ_LIFECYCLE_SNAPSHOT: audit03.readLifecycle.reader.p0.m0.field1.bad4|В сохраненном снимке Results поле Bounds.MaxX содержит нечисловое значение: ReadLifecycle!T7. Повторите импорт геометрии или расчет, чтобы восстановить корректный снимок.
OK: audit03.readLifecycle.reader.p0.m0.field1.bad4.recovery
OK: audit03.readLifecycle.reader.p0.m0.field1.bad4.recoveryPlane; actual=0.125; expected=0.125
OK: audit03.readLifecycle.reader.p0.m0.field2.bad0.error
OK: audit03.readLifecycle.reader.p0.m0.field2.bad0.field
OK: audit03.readLifecycle.reader.p0.m0.field2.bad0.address
OK: audit03.readLifecycle.reader.p0.m0.field2.bad0.action
OK: audit03.readLifecycle.reader.p0.m0.field2.bad0.empty
OK: audit03.readLifecycle.reader.p0.m0.field2.bad0.clearedPlane
OK: audit03.readLifecycle.reader.p0.m0.field2.bad0.clearedSelection
READ_LIFECYCLE_SNAPSHOT: audit03.readLifecycle.reader.p0.m0.field2.bad0|В сохраненном снимке Results поле Bounds.MinY содержит нечисловое значение: ReadLifecycle!T8. Повторите импорт геометрии или расчет, чтобы восстановить корректный снимок.
OK: audit03.readLifecycle.reader.p0.m0.field2.bad0.recovery
OK: audit03.readLifecycle.reader.p0.m0.field2.bad0.recoveryPlane; actual=0.125; expected=0.125
OK: audit03.readLifecycle.reader.p0.m0.field2.bad1.error
OK: audit03.readLifecycle.reader.p0.m0.field2.bad1.field
OK: audit03.readLifecycle.reader.p0.m0.field2.bad1.address
OK: audit03.readLifecycle.reader.p0.m0.field2.bad1.action
OK: audit03.readLifecycle.reader.p0.m0.field2.bad1.empty
OK: audit03.readLifecycle.reader.p0.m0.field2.bad1.clearedPlane
OK: audit03.readLifecycle.reader.p0.m0.field2.bad1.clearedSelection
READ_LIFECYCLE_SNAPSHOT: audit03.readLifecycle.reader.p0.m0.field2.bad1|В сохраненном снимке Results поле Bounds.MinY содержит нечисловое значение: ReadLifecycle!T8. Повторите импорт геометрии или расчет, чтобы восстановить корректный снимок.
OK: audit03.readLifecycle.reader.p0.m0.field2.bad1.recovery
OK: audit03.readLifecycle.reader.p0.m0.field2.bad1.recoveryPlane; actual=0.125; expected=0.125
OK: audit03.readLifecycle.reader.p0.m0.field2.bad2.error
OK: audit03.readLifecycle.reader.p0.m0.field2.bad2.field
OK: audit03.readLifecycle.reader.p0.m0.field2.bad2.address
OK: audit03.readLifecycle.reader.p0.m0.field2.bad2.action
OK: audit03.readLifecycle.reader.p0.m0.field2.bad2.empty
OK: audit03.readLifecycle.reader.p0.m0.field2.bad2.clearedPlane
OK: audit03.readLifecycle.reader.p0.m0.field2.bad2.clearedSelection
READ_LIFECYCLE_SNAPSHOT: audit03.readLifecycle.reader.p0.m0.field2.bad2|В сохраненном снимке Results поле Bounds.MinY содержит нечисловое значение: ReadLifecycle!T8. Повторите импорт геометрии или расчет, чтобы восстановить корректный снимок.
OK: audit03.readLifecycle.reader.p0.m0.field2.bad2.recovery
OK: audit03.readLifecycle.reader.p0.m0.field2.bad2.recoveryPlane; actual=0.125; expected=0.125
OK: audit03.readLifecycle.reader.p0.m0.field2.bad3.error
OK: audit03.readLifecycle.reader.p0.m0.field2.bad3.field
OK: audit03.readLifecycle.reader.p0.m0.field2.bad3.address
OK: audit03.readLifecycle.reader.p0.m0.field2.bad3.action
OK: audit03.readLifecycle.reader.p0.m0.field2.bad3.empty
OK: audit03.readLifecycle.reader.p0.m0.field2.bad3.clearedPlane
OK: audit03.readLifecycle.reader.p0.m0.field2.bad3.clearedSelection
READ_LIFECYCLE_SNAPSHOT: audit03.readLifecycle.reader.p0.m0.field2.bad3|В сохраненном снимке Results поле Bounds.MinY содержит нечисловое значение: ReadLifecycle!T8. Повторите импорт геометрии или расчет, чтобы восстановить корректный снимок.
OK: audit03.readLifecycle.reader.p0.m0.field2.bad3.recovery
OK: audit03.readLifecycle.reader.p0.m0.field2.bad3.recoveryPlane; actual=0.125; expected=0.125
OK: audit03.readLifecycle.reader.p0.m0.field2.bad4.error
OK: audit03.readLifecycle.reader.p0.m0.field2.bad4.field
OK: audit03.readLifecycle.reader.p0.m0.field2.bad4.address
OK: audit03.readLifecycle.reader.p0.m0.field2.bad4.action
OK: audit03.readLifecycle.reader.p0.m0.field2.bad4.empty
OK: audit03.readLifecycle.reader.p0.m0.field2.bad4.clearedPlane
OK: audit03.readLifecycle.reader.p0.m0.field2.bad4.clearedSelection
READ_LIFECYCLE_SNAPSHOT: audit03.readLifecycle.reader.p0.m0.field2.bad4|В сохраненном снимке Results поле Bounds.MinY содержит нечисловое значение: ReadLifecycle!T8. Повторите импорт геометрии или расчет, чтобы восстановить корректный снимок.
OK: audit03.readLifecycle.reader.p0.m0.field2.bad4.recovery
OK: audit03.readLifecycle.reader.p0.m0.field2.bad4.recoveryPlane; actual=0.125; expected=0.125
OK: audit03.readLifecycle.reader.p0.m0.field3.bad0.error
OK: audit03.readLifecycle.reader.p0.m0.field3.bad0.field
OK: audit03.readLifecycle.reader.p0.m0.field3.bad0.address
OK: audit03.readLifecycle.reader.p0.m0.field3.bad0.action
OK: audit03.readLifecycle.reader.p0.m0.field3.bad0.empty
OK: audit03.readLifecycle.reader.p0.m0.field3.bad0.clearedPlane
OK: audit03.readLifecycle.reader.p0.m0.field3.bad0.clearedSelection
READ_LIFECYCLE_SNAPSHOT: audit03.readLifecycle.reader.p0.m0.field3.bad0|В сохраненном снимке Results поле Bounds.MaxY содержит нечисловое значение: ReadLifecycle!T9. Повторите импорт геометрии или расчет, чтобы восстановить корректный снимок.
OK: audit03.readLifecycle.reader.p0.m0.field3.bad0.recovery
OK: audit03.readLifecycle.reader.p0.m0.field3.bad0.recoveryPlane; actual=0.125; expected=0.125
OK: audit03.readLifecycle.reader.p0.m0.field3.bad1.error
OK: audit03.readLifecycle.reader.p0.m0.field3.bad1.field
OK: audit03.readLifecycle.reader.p0.m0.field3.bad1.address
OK: audit03.readLifecycle.reader.p0.m0.field3.bad1.action
OK: audit03.readLifecycle.reader.p0.m0.field3.bad1.empty
OK: audit03.readLifecycle.reader.p0.m0.field3.bad1.clearedPlane
OK: audit03.readLifecycle.reader.p0.m0.field3.bad1.clearedSelection
READ_LIFECYCLE_SNAPSHOT: audit03.readLifecycle.reader.p0.m0.field3.bad1|В сохраненном снимке Results поле Bounds.MaxY содержит нечисловое значение: ReadLifecycle!T9. Повторите импорт геометрии или расчет, чтобы восстановить корректный снимок.
OK: audit03.readLifecycle.reader.p0.m0.field3.bad1.recovery
OK: audit03.readLifecycle.reader.p0.m0.field3.bad1.recoveryPlane; actual=0.125; expected=0.125
OK: audit03.readLifecycle.reader.p0.m0.field3.bad2.error
OK: audit03.readLifecycle.reader.p0.m0.field3.bad2.field
OK: audit03.readLifecycle.reader.p0.m0.field3.bad2.address
OK: audit03.readLifecycle.reader.p0.m0.field3.bad2.action
OK: audit03.readLifecycle.reader.p0.m0.field3.bad2.empty
OK: audit03.readLifecycle.reader.p0.m0.field3.bad2.clearedPlane
OK: audit03.readLifecycle.reader.p0.m0.field3.bad2.clearedSelection
READ_LIFECYCLE_SNAPSHOT: audit03.readLifecycle.reader.p0.m0.field3.bad2|В сохраненном снимке Results поле Bounds.MaxY содержит нечисловое значение: ReadLifecycle!T9. Повторите импорт геометрии или расчет, чтобы восстановить корректный снимок.
OK: audit03.readLifecycle.reader.p0.m0.field3.bad2.recovery
OK: audit03.readLifecycle.reader.p0.m0.field3.bad2.recoveryPlane; actual=0.125; expected=0.125
OK: audit03.readLifecycle.reader.p0.m0.field3.bad3.error
OK: audit03.readLifecycle.reader.p0.m0.field3.bad3.field
OK: audit03.readLifecycle.reader.p0.m0.field3.bad3.address
OK: audit03.readLifecycle.reader.p0.m0.field3.bad3.action
OK: audit03.readLifecycle.reader.p0.m0.field3.bad3.empty
OK: audit03.readLifecycle.reader.p0.m0.field3.bad3.clearedPlane
OK: audit03.readLifecycle.reader.p0.m0.field3.bad3.clearedSelection
READ_LIFECYCLE_SNAPSHOT: audit03.readLifecycle.reader.p0.m0.field3.bad3|В сохраненном снимке Results поле Bounds.MaxY содержит нечисловое значение: ReadLifecycle!T9. Повторите импорт геометрии или расчет, чтобы восстановить корректный снимок.
OK: audit03.readLifecycle.reader.p0.m0.field3.bad3.recovery
OK: audit03.readLifecycle.reader.p0.m0.field3.bad3.recoveryPlane; actual=0.125; expected=0.125
OK: audit03.readLifecycle.reader.p0.m0.field3.bad4.error
OK: audit03.readLifecycle.reader.p0.m0.field3.bad4.field
OK: audit03.readLifecycle.reader.p0.m0.field3.bad4.address
OK: audit03.readLifecycle.reader.p0.m0.field3.bad4.action
OK: audit03.readLifecycle.reader.p0.m0.field3.bad4.empty
OK: audit03.readLifecycle.reader.p0.m0.field3.bad4.clearedPlane
OK: audit03.readLifecycle.reader.p0.m0.field3.bad4.clearedSelection
READ_LIFECYCLE_SNAPSHOT: audit03.readLifecycle.reader.p0.m0.field3.bad4|В сохраненном снимке Results поле Bounds.MaxY содержит нечисловое значение: ReadLifecycle!T9. Повторите импорт геометрии или расчет, чтобы восстановить корректный снимок.
OK: audit03.readLifecycle.reader.p0.m0.field3.bad4.recovery
OK: audit03.readLifecycle.reader.p0.m0.field3.bad4.recoveryPlane; actual=0.125; expected=0.125
OK: audit03.readLifecycle.reader.p0.m0.field4.bad0.error
OK: audit03.readLifecycle.reader.p0.m0.field4.bad0.field
OK: audit03.readLifecycle.reader.p0.m0.field4.bad0.address
OK: audit03.readLifecycle.reader.p0.m0.field4.bad0.action
OK: audit03.readLifecycle.reader.p0.m0.field4.bad0.empty
OK: audit03.readLifecycle.reader.p0.m0.field4.bad0.clearedPlane
OK: audit03.readLifecycle.reader.p0.m0.field4.bad0.clearedSelection
READ_LIFECYCLE_SNAPSHOT: audit03.readLifecycle.reader.p0.m0.field4.bad0|В сохраненном снимке Results поле Concrete.CentroidX содержит нечисловое значение: ReadLifecycle!T10. Повторите импорт геометрии или расчет, чтобы восстановить корректный снимок.
OK: audit03.readLifecycle.reader.p0.m0.field4.bad0.recovery
OK: audit03.readLifecycle.reader.p0.m0.field4.bad0.recoveryPlane; actual=0.125; expected=0.125
OK: audit03.readLifecycle.reader.p0.m0.field4.bad1.error
OK: audit03.readLifecycle.reader.p0.m0.field4.bad1.field
OK: audit03.readLifecycle.reader.p0.m0.field4.bad1.address
OK: audit03.readLifecycle.reader.p0.m0.field4.bad1.action
OK: audit03.readLifecycle.reader.p0.m0.field4.bad1.empty
OK: audit03.readLifecycle.reader.p0.m0.field4.bad1.clearedPlane
OK: audit03.readLifecycle.reader.p0.m0.field4.bad1.clearedSelection
READ_LIFECYCLE_SNAPSHOT: audit03.readLifecycle.reader.p0.m0.field4.bad1|В сохраненном снимке Results поле Concrete.CentroidX содержит нечисловое значение: ReadLifecycle!T10. Повторите импорт геометрии или расчет, чтобы восстановить корректный снимок.
OK: audit03.readLifecycle.reader.p0.m0.field4.bad1.recovery
OK: audit03.readLifecycle.reader.p0.m0.field4.bad1.recoveryPlane; actual=0.125; expected=0.125
OK: audit03.readLifecycle.reader.p0.m0.field4.bad2.error
OK: audit03.readLifecycle.reader.p0.m0.field4.bad2.field
OK: audit03.readLifecycle.reader.p0.m0.field4.bad2.address
OK: audit03.readLifecycle.reader.p0.m0.field4.bad2.action
OK: audit03.readLifecycle.reader.p0.m0.field4.bad2.empty
OK: audit03.readLifecycle.reader.p0.m0.field4.bad2.clearedPlane
OK: audit03.readLifecycle.reader.p0.m0.field4.bad2.clearedSelection
READ_LIFECYCLE_SNAPSHOT: audit03.readLifecycle.reader.p0.m0.field4.bad2|В сохраненном снимке Results поле Concrete.CentroidX содержит нечисловое значение: ReadLifecycle!T10. Повторите импорт геометрии или расчет, чтобы восстановить корректный снимок.
OK: audit03.readLifecycle.reader.p0.m0.field4.bad2.recovery
OK: audit03.readLifecycle.reader.p0.m0.field4.bad2.recoveryPlane; actual=0.125; expected=0.125
OK: audit03.readLifecycle.reader.p0.m0.field4.bad3.error
OK: audit03.readLifecycle.reader.p0.m0.field4.bad3.field
OK: audit03.readLifecycle.reader.p0.m0.field4.bad3.address
OK: audit03.readLifecycle.reader.p0.m0.field4.bad3.action
OK: audit03.readLifecycle.reader.p0.m0.field4.bad3.empty
OK: audit03.readLifecycle.reader.p0.m0.field4.bad3.clearedPlane
OK: audit03.readLifecycle.reader.p0.m0.field4.bad3.clearedSelection
READ_LIFECYCLE_SNAPSHOT: audit03.readLifecycle.reader.p0.m0.field4.bad3|В сохраненном снимке Results поле Concrete.CentroidX содержит нечисловое значение: ReadLifecycle!T10. Повторите импорт геометрии или расчет, чтобы восстановить корректный снимок.
OK: audit03.readLifecycle.reader.p0.m0.field4.bad3.recovery
OK: audit03.readLifecycle.reader.p0.m0.field4.bad3.recoveryPlane; actual=0.125; expected=0.125
OK: audit03.readLifecycle.reader.p0.m0.field4.bad4.error
OK: audit03.readLifecycle.reader.p0.m0.field4.bad4.field
OK: audit03.readLifecycle.reader.p0.m0.field4.bad4.address
OK: audit03.readLifecycle.reader.p0.m0.field4.bad4.action
OK: audit03.readLifecycle.reader.p0.m0.field4.bad4.empty
OK: audit03.readLifecycle.reader.p0.m0.field4.bad4.clearedPlane
OK: audit03.readLifecycle.reader.p0.m0.field4.bad4.clearedSelection
READ_LIFECYCLE_SNAPSHOT: audit03.readLifecycle.reader.p0.m0.field4.bad4|В сохраненном снимке Results поле Concrete.CentroidX содержит нечисловое значение: ReadLifecycle!T10. Повторите импорт геометрии или расчет, чтобы восстановить корректный снимок.
OK: audit03.readLifecycle.reader.p0.m0.field4.bad4.recovery
OK: audit03.readLifecycle.reader.p0.m0.field4.bad4.recoveryPlane; actual=0.125; expected=0.125
OK: audit03.readLifecycle.reader.p0.m0.field5.bad0.error
OK: audit03.readLifecycle.reader.p0.m0.field5.bad0.field
OK: audit03.readLifecycle.reader.p0.m0.field5.bad0.address
OK: audit03.readLifecycle.reader.p0.m0.field5.bad0.action
OK: audit03.readLifecycle.reader.p0.m0.field5.bad0.empty
OK: audit03.readLifecycle.reader.p0.m0.field5.bad0.clearedPlane
OK: audit03.readLifecycle.reader.p0.m0.field5.bad0.clearedSelection
READ_LIFECYCLE_SNAPSHOT: audit03.readLifecycle.reader.p0.m0.field5.bad0|В сохраненном снимке Results поле Concrete.CentroidY содержит нечисловое значение: ReadLifecycle!T11. Повторите импорт геометрии или расчет, чтобы восстановить корректный снимок.
OK: audit03.readLifecycle.reader.p0.m0.field5.bad0.recovery
OK: audit03.readLifecycle.reader.p0.m0.field5.bad0.recoveryPlane; actual=0.125; expected=0.125
OK: audit03.readLifecycle.reader.p0.m0.field5.bad1.error
OK: audit03.readLifecycle.reader.p0.m0.field5.bad1.field
OK: audit03.readLifecycle.reader.p0.m0.field5.bad1.address
OK: audit03.readLifecycle.reader.p0.m0.field5.bad1.action
OK: audit03.readLifecycle.reader.p0.m0.field5.bad1.empty
OK: audit03.readLifecycle.reader.p0.m0.field5.bad1.clearedPlane
OK: audit03.readLifecycle.reader.p0.m0.field5.bad1.clearedSelection
READ_LIFECYCLE_SNAPSHOT: audit03.readLifecycle.reader.p0.m0.field5.bad1|В сохраненном снимке Results поле Concrete.CentroidY содержит нечисловое значение: ReadLifecycle!T11. Повторите импорт геометрии или расчет, чтобы восстановить корректный снимок.
OK: audit03.readLifecycle.reader.p0.m0.field5.bad1.recovery
OK: audit03.readLifecycle.reader.p0.m0.field5.bad1.recoveryPlane; actual=0.125; expected=0.125
OK: audit03.readLifecycle.reader.p0.m0.field5.bad2.error
OK: audit03.readLifecycle.reader.p0.m0.field5.bad2.field
OK: audit03.readLifecycle.reader.p0.m0.field5.bad2.address
OK: audit03.readLifecycle.reader.p0.m0.field5.bad2.action
OK: audit03.readLifecycle.reader.p0.m0.field5.bad2.empty
OK: audit03.readLifecycle.reader.p0.m0.field5.bad2.clearedPlane
OK: audit03.readLifecycle.reader.p0.m0.field5.bad2.clearedSelection
READ_LIFECYCLE_SNAPSHOT: audit03.readLifecycle.reader.p0.m0.field5.bad2|В сохраненном снимке Results поле Concrete.CentroidY содержит нечисловое значение: ReadLifecycle!T11. Повторите импорт геометрии или расчет, чтобы восстановить корректный снимок.
OK: audit03.readLifecycle.reader.p0.m0.field5.bad2.recovery
OK: audit03.readLifecycle.reader.p0.m0.field5.bad2.recoveryPlane; actual=0.125; expected=0.125
OK: audit03.readLifecycle.reader.p0.m0.field5.bad3.error
OK: audit03.readLifecycle.reader.p0.m0.field5.bad3.field
OK: audit03.readLifecycle.reader.p0.m0.field5.bad3.address
OK: audit03.readLifecycle.reader.p0.m0.field5.bad3.action
OK: audit03.readLifecycle.reader.p0.m0.field5.bad3.empty
OK: audit03.readLifecycle.reader.p0.m0.field5.bad3.clearedPlane
OK: audit03.readLifecycle.reader.p0.m0.field5.bad3.clearedSelection
READ_LIFECYCLE_SNAPSHOT: audit03.readLifecycle.reader.p0.m0.field5.bad3|В сохраненном снимке Results поле Concrete.CentroidY содержит нечисловое значение: ReadLifecycle!T11. Повторите импорт геометрии или расчет, чтобы восстановить корректный снимок.
OK: audit03.readLifecycle.reader.p0.m0.field5.bad3.recovery
OK: audit03.readLifecycle.reader.p0.m0.field5.bad3.recoveryPlane; actual=0.125; expected=0.125
OK: audit03.readLifecycle.reader.p0.m0.field5.bad4.error
OK: audit03.readLifecycle.reader.p0.m0.field5.bad4.field
OK: audit03.readLifecycle.reader.p0.m0.field5.bad4.address
OK: audit03.readLifecycle.reader.p0.m0.field5.bad4.action
OK: audit03.readLifecycle.reader.p0.m0.field5.bad4.empty
OK: audit03.readLifecycle.reader.p0.m0.field5.bad4.clearedPlane
OK: audit03.readLifecycle.reader.p0.m0.field5.bad4.clearedSelection
READ_LIFECYCLE_SNAPSHOT: audit03.readLifecycle.reader.p0.m0.field5.bad4|В сохраненном снимке Results поле Concrete.CentroidY содержит нечисловое значение: ReadLifecycle!T11. Повторите импорт геометрии или расчет, чтобы восстановить корректный снимок.
OK: audit03.readLifecycle.reader.p0.m0.field5.bad4.recovery
OK: audit03.readLifecycle.reader.p0.m0.field5.bad4.recoveryPlane; actual=0.125; expected=0.125
OK: audit03.readLifecycle.reader.p0.m0.field6.bad0.error
OK: audit03.readLifecycle.reader.p0.m0.field6.bad0.field
OK: audit03.readLifecycle.reader.p0.m0.field6.bad0.address
OK: audit03.readLifecycle.reader.p0.m0.field6.bad0.action
OK: audit03.readLifecycle.reader.p0.m0.field6.bad0.empty
OK: audit03.readLifecycle.reader.p0.m0.field6.bad0.clearedPlane
OK: audit03.readLifecycle.reader.p0.m0.field6.bad0.clearedSelection
READ_LIFECYCLE_SNAPSHOT: audit03.readLifecycle.reader.p0.m0.field6.bad0|В сохраненном снимке Results поле Concrete.PrincipalAngle содержит нечисловое значение: ReadLifecycle!T12. Повторите импорт геометрии или расчет, чтобы восстановить корректный снимок.
OK: audit03.readLifecycle.reader.p0.m0.field6.bad0.recovery
OK: audit03.readLifecycle.reader.p0.m0.field6.bad0.recoveryPlane; actual=0.125; expected=0.125
OK: audit03.readLifecycle.reader.p0.m0.field6.bad1.error
OK: audit03.readLifecycle.reader.p0.m0.field6.bad1.field
OK: audit03.readLifecycle.reader.p0.m0.field6.bad1.address
OK: audit03.readLifecycle.reader.p0.m0.field6.bad1.action
OK: audit03.readLifecycle.reader.p0.m0.field6.bad1.empty
OK: audit03.readLifecycle.reader.p0.m0.field6.bad1.clearedPlane
OK: audit03.readLifecycle.reader.p0.m0.field6.bad1.clearedSelection
READ_LIFECYCLE_SNAPSHOT: audit03.readLifecycle.reader.p0.m0.field6.bad1|В сохраненном снимке Results поле Concrete.PrincipalAngle содержит нечисловое значение: ReadLifecycle!T12. Повторите импорт геометрии или расчет, чтобы восстановить корректный снимок.
OK: audit03.readLifecycle.reader.p0.m0.field6.bad1.recovery
OK: audit03.readLifecycle.reader.p0.m0.field6.bad1.recoveryPlane; actual=0.125; expected=0.125
OK: audit03.readLifecycle.reader.p0.m0.field6.bad2.error
OK: audit03.readLifecycle.reader.p0.m0.field6.bad2.field
OK: audit03.readLifecycle.reader.p0.m0.field6.bad2.address
OK: audit03.readLifecycle.reader.p0.m0.field6.bad2.action
OK: audit03.readLifecycle.reader.p0.m0.field6.bad2.empty
OK: audit03.readLifecycle.reader.p0.m0.field6.bad2.clearedPlane
OK: audit03.readLifecycle.reader.p0.m0.field6.bad2.clearedSelection
READ_LIFECYCLE_SNAPSHOT: audit03.readLifecycle.reader.p0.m0.field6.bad2|В сохраненном снимке Results поле Concrete.PrincipalAngle содержит нечисловое значение: ReadLifecycle!T12. Повторите импорт геометрии или расчет, чтобы восстановить корректный снимок.
OK: audit03.readLifecycle.reader.p0.m0.field6.bad2.recovery
OK: audit03.readLifecycle.reader.p0.m0.field6.bad2.recoveryPlane; actual=0.125; expected=0.125
OK: audit03.readLifecycle.reader.p0.m0.field6.bad3.error
OK: audit03.readLifecycle.reader.p0.m0.field6.bad3.field
OK: audit03.readLifecycle.reader.p0.m0.field6.bad3.address
OK: audit03.readLifecycle.reader.p0.m0.field6.bad3.action
OK: audit03.readLifecycle.reader.p0.m0.field6.bad3.empty
OK: audit03.readLifecycle.reader.p0.m0.field6.bad3.clearedPlane
OK: audit03.readLifecycle.reader.p0.m0.field6.bad3.clearedSelection
READ_LIFECYCLE_SNAPSHOT: audit03.readLifecycle.reader.p0.m0.field6.bad3|В сохраненном снимке Results поле Concrete.PrincipalAngle содержит нечисловое значение: ReadLifecycle!T12. Повторите импорт геометрии или расчет, чтобы восстановить корректный снимок.
OK: audit03.readLifecycle.reader.p0.m0.field6.bad3.recovery
OK: audit03.readLifecycle.reader.p0.m0.field6.bad3.recoveryPlane; actual=0.125; expected=0.125
OK: audit03.readLifecycle.reader.p0.m0.field6.bad4.error
OK: audit03.readLifecycle.reader.p0.m0.field6.bad4.field
OK: audit03.readLifecycle.reader.p0.m0.field6.bad4.address
OK: audit03.readLifecycle.reader.p0.m0.field6.bad4.action
OK: audit03.readLifecycle.reader.p0.m0.field6.bad4.empty
OK: audit03.readLifecycle.reader.p0.m0.field6.bad4.clearedPlane
OK: audit03.readLifecycle.reader.p0.m0.field6.bad4.clearedSelection
READ_LIFECYCLE_SNAPSHOT: audit03.readLifecycle.reader.p0.m0.field6.bad4|В сохраненном снимке Results поле Concrete.PrincipalAngle содержит нечисловое значение: ReadLifecycle!T12. Повторите импорт геометрии или расчет, чтобы восстановить корректный снимок.
OK: audit03.readLifecycle.reader.p0.m0.field6.bad4.recovery
OK: audit03.readLifecycle.reader.p0.m0.field6.bad4.recoveryPlane; actual=0.125; expected=0.125
OK: audit03.readLifecycle.reader.p0.m0.field7.bad0.error
OK: audit03.readLifecycle.reader.p0.m0.field7.bad0.field
OK: audit03.readLifecycle.reader.p0.m0.field7.bad0.address
OK: audit03.readLifecycle.reader.p0.m0.field7.bad0.action
OK: audit03.readLifecycle.reader.p0.m0.field7.bad0.empty
OK: audit03.readLifecycle.reader.p0.m0.field7.bad0.clearedPlane
OK: audit03.readLifecycle.reader.p0.m0.field7.bad0.clearedSelection
READ_LIFECYCLE_SNAPSHOT: audit03.readLifecycle.reader.p0.m0.field7.bad0|В сохраненном снимке Results поле Transformed.CentroidX содержит нечисловое значение: ReadLifecycle!T13. Повторите импорт геометрии или расчет, чтобы восстановить корректный снимок.
OK: audit03.readLifecycle.reader.p0.m0.field7.bad0.recovery
OK: audit03.readLifecycle.reader.p0.m0.field7.bad0.recoveryPlane; actual=0.125; expected=0.125
OK: audit03.readLifecycle.reader.p0.m0.field7.bad1.error
OK: audit03.readLifecycle.reader.p0.m0.field7.bad1.field
OK: audit03.readLifecycle.reader.p0.m0.field7.bad1.address
OK: audit03.readLifecycle.reader.p0.m0.field7.bad1.action
OK: audit03.readLifecycle.reader.p0.m0.field7.bad1.empty
OK: audit03.readLifecycle.reader.p0.m0.field7.bad1.clearedPlane
OK: audit03.readLifecycle.reader.p0.m0.field7.bad1.clearedSelection
READ_LIFECYCLE_SNAPSHOT: audit03.readLifecycle.reader.p0.m0.field7.bad1|В сохраненном снимке Results поле Transformed.CentroidX содержит нечисловое значение: ReadLifecycle!T13. Повторите импорт геометрии или расчет, чтобы восстановить корректный снимок.
OK: audit03.readLifecycle.reader.p0.m0.field7.bad1.recovery
OK: audit03.readLifecycle.reader.p0.m0.field7.bad1.recoveryPlane; actual=0.125; expected=0.125
OK: audit03.readLifecycle.reader.p0.m0.field7.bad2.error
OK: audit03.readLifecycle.reader.p0.m0.field7.bad2.field
OK: audit03.readLifecycle.reader.p0.m0.field7.bad2.address
OK: audit03.readLifecycle.reader.p0.m0.field7.bad2.action
OK: audit03.readLifecycle.reader.p0.m0.field7.bad2.empty
OK: audit03.readLifecycle.reader.p0.m0.field7.bad2.clearedPlane
OK: audit03.readLifecycle.reader.p0.m0.field7.bad2.clearedSelection
READ_LIFECYCLE_SNAPSHOT: audit03.readLifecycle.reader.p0.m0.field7.bad2|В сохраненном снимке Results поле Transformed.CentroidX содержит нечисловое значение: ReadLifecycle!T13. Повторите импорт геометрии или расчет, чтобы восстановить корректный снимок.
OK: audit03.readLifecycle.reader.p0.m0.field7.bad2.recovery
OK: audit03.readLifecycle.reader.p0.m0.field7.bad2.recoveryPlane; actual=0.125; expected=0.125
OK: audit03.readLifecycle.reader.p0.m0.field7.bad3.error
OK: audit03.readLifecycle.reader.p0.m0.field7.bad3.field
OK: audit03.readLifecycle.reader.p0.m0.field7.bad3.address
OK: audit03.readLifecycle.reader.p0.m0.field7.bad3.action
OK: audit03.readLifecycle.reader.p0.m0.field7.bad3.empty
OK: audit03.readLifecycle.reader.p0.m0.field7.bad3.clearedPlane
OK: audit03.readLifecycle.reader.p0.m0.field7.bad3.clearedSelection
READ_LIFECYCLE_SNAPSHOT: audit03.readLifecycle.reader.p0.m0.field7.bad3|В сохраненном снимке Results поле Transformed.CentroidX содержит нечисловое значение: ReadLifecycle!T13. Повторите импорт геометрии или расчет, чтобы восстановить корректный снимок.
OK: audit03.readLifecycle.reader.p0.m0.field7.bad3.recovery
OK: audit03.readLifecycle.reader.p0.m0.field7.bad3.recoveryPlane; actual=0.125; expected=0.125
OK: audit03.readLifecycle.reader.p0.m0.field7.bad4.error
OK: audit03.readLifecycle.reader.p0.m0.field7.bad4.field
OK: audit03.readLifecycle.reader.p0.m0.field7.bad4.address
OK: audit03.readLifecycle.reader.p0.m0.field7.bad4.action
OK: audit03.readLifecycle.reader.p0.m0.field7.bad4.empty
OK: audit03.readLifecycle.reader.p0.m0.field7.bad4.clearedPlane
OK: audit03.readLifecycle.reader.p0.m0.field7.bad4.clearedSelection
READ_LIFECYCLE_SNAPSHOT: audit03.readLifecycle.reader.p0.m0.field7.bad4|В сохраненном снимке Results поле Transformed.CentroidX содержит нечисловое значение: ReadLifecycle!T13. Повторите импорт геометрии или расчет, чтобы восстановить корректный снимок.
OK: audit03.readLifecycle.reader.p0.m0.field7.bad4.recovery
OK: audit03.readLifecycle.reader.p0.m0.field7.bad4.recoveryPlane; actual=0.125; expected=0.125
OK: audit03.readLifecycle.reader.p0.m0.field8.bad0.error
OK: audit03.readLifecycle.reader.p0.m0.field8.bad0.field
OK: audit03.readLifecycle.reader.p0.m0.field8.bad0.address
OK: audit03.readLifecycle.reader.p0.m0.field8.bad0.action
OK: audit03.readLifecycle.reader.p0.m0.field8.bad0.empty
OK: audit03.readLifecycle.reader.p0.m0.field8.bad0.clearedPlane
OK: audit03.readLifecycle.reader.p0.m0.field8.bad0.clearedSelection
READ_LIFECYCLE_SNAPSHOT: audit03.readLifecycle.reader.p0.m0.field8.bad0|В сохраненном снимке Results поле Transformed.CentroidY содержит нечисловое значение: ReadLifecycle!T14. Повторите импорт геометрии или расчет, чтобы восстановить корректный снимок.
OK: audit03.readLifecycle.reader.p0.m0.field8.bad0.recovery
OK: audit03.readLifecycle.reader.p0.m0.field8.bad0.recoveryPlane; actual=0.125; expected=0.125
OK: audit03.readLifecycle.reader.p0.m0.field8.bad1.error
OK: audit03.readLifecycle.reader.p0.m0.field8.bad1.field
OK: audit03.readLifecycle.reader.p0.m0.field8.bad1.address
OK: audit03.readLifecycle.reader.p0.m0.field8.bad1.action
OK: audit03.readLifecycle.reader.p0.m0.field8.bad1.empty
OK: audit03.readLifecycle.reader.p0.m0.field8.bad1.clearedPlane
OK: audit03.readLifecycle.reader.p0.m0.field8.bad1.clearedSelection
READ_LIFECYCLE_SNAPSHOT: audit03.readLifecycle.reader.p0.m0.field8.bad1|В сохраненном снимке Results поле Transformed.CentroidY содержит нечисловое значение: ReadLifecycle!T14. Повторите импорт геометрии или расчет, чтобы восстановить корректный снимок.
OK: audit03.readLifecycle.reader.p0.m0.field8.bad1.recovery
OK: audit03.readLifecycle.reader.p0.m0.field8.bad1.recoveryPlane; actual=0.125; expected=0.125
OK: audit03.readLifecycle.reader.p0.m0.field8.bad2.error
OK: audit03.readLifecycle.reader.p0.m0.field8.bad2.field
OK: audit03.readLifecycle.reader.p0.m0.field8.bad2.address
OK: audit03.readLifecycle.reader.p0.m0.field8.bad2.action
OK: audit03.readLifecycle.reader.p0.m0.field8.bad2.empty
OK: audit03.readLifecycle.reader.p0.m0.field8.bad2.clearedPlane
OK: audit03.readLifecycle.reader.p0.m0.field8.bad2.clearedSelection
READ_LIFECYCLE_SNAPSHOT: audit03.readLifecycle.reader.p0.m0.field8.bad2|В сохраненном снимке Results поле Transformed.CentroidY содержит нечисловое значение: ReadLifecycle!T14. Повторите импорт геометрии или расчет, чтобы восстановить корректный снимок.
OK: audit03.readLifecycle.reader.p0.m0.field8.bad2.recovery
OK: audit03.readLifecycle.reader.p0.m0.field8.bad2.recoveryPlane; actual=0.125; expected=0.125
OK: audit03.readLifecycle.reader.p0.m0.field8.bad3.error
OK: audit03.readLifecycle.reader.p0.m0.field8.bad3.field
OK: audit03.readLifecycle.reader.p0.m0.field8.bad3.address
OK: audit03.readLifecycle.reader.p0.m0.field8.bad3.action
OK: audit03.readLifecycle.reader.p0.m0.field8.bad3.empty
OK: audit03.readLifecycle.reader.p0.m0.field8.bad3.clearedPlane
OK: audit03.readLifecycle.reader.p0.m0.field8.bad3.clearedSelection
READ_LIFECYCLE_SNAPSHOT: audit03.readLifecycle.reader.p0.m0.field8.bad3|В сохраненном снимке Results поле Transformed.CentroidY содержит нечисловое значение: ReadLifecycle!T14. Повторите импорт геометрии или расчет, чтобы восстановить корректный снимок.
OK: audit03.readLifecycle.reader.p0.m0.field8.bad3.recovery
OK: audit03.readLifecycle.reader.p0.m0.field8.bad3.recoveryPlane; actual=0.125; expected=0.125
OK: audit03.readLifecycle.reader.p0.m0.field8.bad4.error
OK: audit03.readLifecycle.reader.p0.m0.field8.bad4.field
OK: audit03.readLifecycle.reader.p0.m0.field8.bad4.address
OK: audit03.readLifecycle.reader.p0.m0.field8.bad4.action
OK: audit03.readLifecycle.reader.p0.m0.field8.bad4.empty
OK: audit03.readLifecycle.reader.p0.m0.field8.bad4.clearedPlane
OK: audit03.readLifecycle.reader.p0.m0.field8.bad4.clearedSelection
READ_LIFECYCLE_SNAPSHOT: audit03.readLifecycle.reader.p0.m0.field8.bad4|В сохраненном снимке Results поле Transformed.CentroidY содержит нечисловое значение: ReadLifecycle!T14. Повторите импорт геометрии или расчет, чтобы восстановить корректный снимок.
OK: audit03.readLifecycle.reader.p0.m0.field8.bad4.recovery
OK: audit03.readLifecycle.reader.p0.m0.field8.bad4.recoveryPlane; actual=0.125; expected=0.125
OK: audit03.readLifecycle.reader.p0.m0.field9.bad0.error
OK: audit03.readLifecycle.reader.p0.m0.field9.bad0.field
OK: audit03.readLifecycle.reader.p0.m0.field9.bad0.address
OK: audit03.readLifecycle.reader.p0.m0.field9.bad0.action
OK: audit03.readLifecycle.reader.p0.m0.field9.bad0.empty
OK: audit03.readLifecycle.reader.p0.m0.field9.bad0.clearedPlane
OK: audit03.readLifecycle.reader.p0.m0.field9.bad0.clearedSelection
READ_LIFECYCLE_SNAPSHOT: audit03.readLifecycle.reader.p0.m0.field9.bad0|В сохраненном снимке Results поле Transformed.PrincipalAngle содержит нечисловое значение: ReadLifecycle!T15. Повторите импорт геометрии или расчет, чтобы восстановить корректный снимок.
OK: audit03.readLifecycle.reader.p0.m0.field9.bad0.recovery
OK: audit03.readLifecycle.reader.p0.m0.field9.bad0.recoveryPlane; actual=0.125; expected=0.125
OK: audit03.readLifecycle.reader.p0.m0.field9.bad1.error
OK: audit03.readLifecycle.reader.p0.m0.field9.bad1.field
OK: audit03.readLifecycle.reader.p0.m0.field9.bad1.address
OK: audit03.readLifecycle.reader.p0.m0.field9.bad1.action
OK: audit03.readLifecycle.reader.p0.m0.field9.bad1.empty
OK: audit03.readLifecycle.reader.p0.m0.field9.bad1.clearedPlane
OK: audit03.readLifecycle.reader.p0.m0.field9.bad1.clearedSelection
READ_LIFECYCLE_SNAPSHOT: audit03.readLifecycle.reader.p0.m0.field9.bad1|В сохраненном снимке Results поле Transformed.PrincipalAngle содержит нечисловое значение: ReadLifecycle!T15. Повторите импорт геометрии или расчет, чтобы восстановить корректный снимок.
OK: audit03.readLifecycle.reader.p0.m0.field9.bad1.recovery
OK: audit03.readLifecycle.reader.p0.m0.field9.bad1.recoveryPlane; actual=0.125; expected=0.125
OK: audit03.readLifecycle.reader.p0.m0.field9.bad2.error
OK: audit03.readLifecycle.reader.p0.m0.field9.bad2.field
OK: audit03.readLifecycle.reader.p0.m0.field9.bad2.address
OK: audit03.readLifecycle.reader.p0.m0.field9.bad2.action
OK: audit03.readLifecycle.reader.p0.m0.field9.bad2.empty
OK: audit03.readLifecycle.reader.p0.m0.field9.bad2.clearedPlane
OK: audit03.readLifecycle.reader.p0.m0.field9.bad2.clearedSelection
READ_LIFECYCLE_SNAPSHOT: audit03.readLifecycle.reader.p0.m0.field9.bad2|В сохраненном снимке Results поле Transformed.PrincipalAngle содержит нечисловое значение: ReadLifecycle!T15. Повторите импорт геометрии или расчет, чтобы восстановить корректный снимок.
OK: audit03.readLifecycle.reader.p0.m0.field9.bad2.recovery
OK: audit03.readLifecycle.reader.p0.m0.field9.bad2.recoveryPlane; actual=0.125; expected=0.125
OK: audit03.readLifecycle.reader.p0.m0.field9.bad3.error
OK: audit03.readLifecycle.reader.p0.m0.field9.bad3.field
OK: audit03.readLifecycle.reader.p0.m0.field9.bad3.address
OK: audit03.readLifecycle.reader.p0.m0.field9.bad3.action
OK: audit03.readLifecycle.reader.p0.m0.field9.bad3.empty
OK: audit03.readLifecycle.reader.p0.m0.field9.bad3.clearedPlane
OK: audit03.readLifecycle.reader.p0.m0.field9.bad3.clearedSelection
READ_LIFECYCLE_SNAPSHOT: audit03.readLifecycle.reader.p0.m0.field9.bad3|В сохраненном снимке Results поле Transformed.PrincipalAngle содержит нечисловое значение: ReadLifecycle!T15. Повторите импорт геометрии или расчет, чтобы восстановить корректный снимок.
OK: audit03.readLifecycle.reader.p0.m0.field9.bad3.recovery
OK: audit03.readLifecycle.reader.p0.m0.field9.bad3.recoveryPlane; actual=0.125; expected=0.125
OK: audit03.readLifecycle.reader.p0.m0.field9.bad4.error
OK: audit03.readLifecycle.reader.p0.m0.field9.bad4.field
OK: audit03.readLifecycle.reader.p0.m0.field9.bad4.address
OK: audit03.readLifecycle.reader.p0.m0.field9.bad4.action
OK: audit03.readLifecycle.reader.p0.m0.field9.bad4.empty
OK: audit03.readLifecycle.reader.p0.m0.field9.bad4.clearedPlane
OK: audit03.readLifecycle.reader.p0.m0.field9.bad4.clearedSelection
READ_LIFECYCLE_SNAPSHOT: audit03.readLifecycle.reader.p0.m0.field9.bad4|В сохраненном снимке Results поле Transformed.PrincipalAngle содержит нечисловое значение: ReadLifecycle!T15. Повторите импорт геометрии или расчет, чтобы восстановить корректный снимок.
OK: audit03.readLifecycle.reader.p0.m0.field9.bad4.recovery
OK: audit03.readLifecycle.reader.p0.m0.field9.bad4.recoveryPlane; actual=0.125; expected=0.125
OK: audit03.readLifecycle.reader.p0.m0.field10.bad0.error
OK: audit03.readLifecycle.reader.p0.m0.field10.bad0.field
OK: audit03.readLifecycle.reader.p0.m0.field10.bad0.address
OK: audit03.readLifecycle.reader.p0.m0.field10.bad0.action
OK: audit03.readLifecycle.reader.p0.m0.field10.bad0.empty
OK: audit03.readLifecycle.reader.p0.m0.field10.bad0.clearedPlane
OK: audit03.readLifecycle.reader.p0.m0.field10.bad0.clearedSelection
READ_LIFECYCLE_SNAPSHOT: audit03.readLifecycle.reader.p0.m0.field10.bad0|В сохраненном снимке Results поле LoadReferenceX содержит нечисловое значение: ReadLifecycle!T16. Повторите импорт геометрии или расчет, чтобы восстановить корректный снимок.
OK: audit03.readLifecycle.reader.p0.m0.field10.bad0.recovery
OK: audit03.readLifecycle.reader.p0.m0.field10.bad0.recoveryPlane; actual=0.125; expected=0.125
OK: audit03.readLifecycle.reader.p0.m0.field10.bad1.error
OK: audit03.readLifecycle.reader.p0.m0.field10.bad1.field
OK: audit03.readLifecycle.reader.p0.m0.field10.bad1.address
OK: audit03.readLifecycle.reader.p0.m0.field10.bad1.action
OK: audit03.readLifecycle.reader.p0.m0.field10.bad1.empty
OK: audit03.readLifecycle.reader.p0.m0.field10.bad1.clearedPlane
OK: audit03.readLifecycle.reader.p0.m0.field10.bad1.clearedSelection
READ_LIFECYCLE_SNAPSHOT: audit03.readLifecycle.reader.p0.m0.field10.bad1|В сохраненном снимке Results поле LoadReferenceX содержит нечисловое значение: ReadLifecycle!T16. Повторите импорт геометрии или расчет, чтобы восстановить корректный снимок.
OK: audit03.readLifecycle.reader.p0.m0.field10.bad1.recovery
OK: audit03.readLifecycle.reader.p0.m0.field10.bad1.recoveryPlane; actual=0.125; expected=0.125
OK: audit03.readLifecycle.reader.p0.m0.field10.bad2.error
OK: audit03.readLifecycle.reader.p0.m0.field10.bad2.field
OK: audit03.readLifecycle.reader.p0.m0.field10.bad2.address
OK: audit03.readLifecycle.reader.p0.m0.field10.bad2.action
OK: audit03.readLifecycle.reader.p0.m0.field10.bad2.empty
OK: audit03.readLifecycle.reader.p0.m0.field10.bad2.clearedPlane
OK: audit03.readLifecycle.reader.p0.m0.field10.bad2.clearedSelection
READ_LIFECYCLE_SNAPSHOT: audit03.readLifecycle.reader.p0.m0.field10.bad2|В сохраненном снимке Results поле LoadReferenceX содержит нечисловое значение: ReadLifecycle!T16. Повторите импорт геометрии или расчет, чтобы восстановить корректный снимок.
OK: audit03.readLifecycle.reader.p0.m0.field10.bad2.recovery
OK: audit03.readLifecycle.reader.p0.m0.field10.bad2.recoveryPlane; actual=0.125; expected=0.125
OK: audit03.readLifecycle.reader.p0.m0.field10.bad3.error
OK: audit03.readLifecycle.reader.p0.m0.field10.bad3.field
OK: audit03.readLifecycle.reader.p0.m0.field10.bad3.address
OK: audit03.readLifecycle.reader.p0.m0.field10.bad3.action
OK: audit03.readLifecycle.reader.p0.m0.field10.bad3.empty
OK: audit03.readLifecycle.reader.p0.m0.field10.bad3.clearedPlane
OK: audit03.readLifecycle.reader.p0.m0.field10.bad3.clearedSelection
READ_LIFECYCLE_SNAPSHOT: audit03.readLifecycle.reader.p0.m0.field10.bad3|В сохраненном снимке Results поле LoadReferenceX содержит нечисловое значение: ReadLifecycle!T16. Повторите импорт геометрии или расчет, чтобы восстановить корректный снимок.
OK: audit03.readLifecycle.reader.p0.m0.field10.bad3.recovery
OK: audit03.readLifecycle.reader.p0.m0.field10.bad3.recoveryPlane; actual=0.125; expected=0.125
OK: audit03.readLifecycle.reader.p0.m0.field10.bad4.error
OK: audit03.readLifecycle.reader.p0.m0.field10.bad4.field
OK: audit03.readLifecycle.reader.p0.m0.field10.bad4.address
OK: audit03.readLifecycle.reader.p0.m0.field10.bad4.action
OK: audit03.readLifecycle.reader.p0.m0.field10.bad4.empty
OK: audit03.readLifecycle.reader.p0.m0.field10.bad4.clearedPlane
OK: audit03.readLifecycle.reader.p0.m0.field10.bad4.clearedSelection
READ_LIFECYCLE_SNAPSHOT: audit03.readLifecycle.reader.p0.m0.field10.bad4|В сохраненном снимке Results поле LoadReferenceX содержит нечисловое значение: ReadLifecycle!T16. Повторите импорт геометрии или расчет, чтобы восстановить корректный снимок.
OK: audit03.readLifecycle.reader.p0.m0.field10.bad4.recovery
OK: audit03.readLifecycle.reader.p0.m0.field10.bad4.recoveryPlane; actual=0.125; expected=0.125
OK: audit03.readLifecycle.reader.p0.m0.field11.bad0.error
OK: audit03.readLifecycle.reader.p0.m0.field11.bad0.field
OK: audit03.readLifecycle.reader.p0.m0.field11.bad0.address
OK: audit03.readLifecycle.reader.p0.m0.field11.bad0.action
OK: audit03.readLifecycle.reader.p0.m0.field11.bad0.empty
OK: audit03.readLifecycle.reader.p0.m0.field11.bad0.clearedPlane
OK: audit03.readLifecycle.reader.p0.m0.field11.bad0.clearedSelection
READ_LIFECYCLE_SNAPSHOT: audit03.readLifecycle.reader.p0.m0.field11.bad0|В сохраненном снимке Results поле LoadReferenceY содержит нечисловое значение: ReadLifecycle!T17. Повторите импорт геометрии или расчет, чтобы восстановить корректный снимок.
OK: audit03.readLifecycle.reader.p0.m0.field11.bad0.recovery
OK: audit03.readLifecycle.reader.p0.m0.field11.bad0.recoveryPlane; actual=0.125; expected=0.125
OK: audit03.readLifecycle.reader.p0.m0.field11.bad1.error
OK: audit03.readLifecycle.reader.p0.m0.field11.bad1.field
OK: audit03.readLifecycle.reader.p0.m0.field11.bad1.address
OK: audit03.readLifecycle.reader.p0.m0.field11.bad1.action
OK: audit03.readLifecycle.reader.p0.m0.field11.bad1.empty
OK: audit03.readLifecycle.reader.p0.m0.field11.bad1.clearedPlane
OK: audit03.readLifecycle.reader.p0.m0.field11.bad1.clearedSelection
READ_LIFECYCLE_SNAPSHOT: audit03.readLifecycle.reader.p0.m0.field11.bad1|В сохраненном снимке Results поле LoadReferenceY содержит нечисловое значение: ReadLifecycle!T17. Повторите импорт геометрии или расчет, чтобы восстановить корректный снимок.
OK: audit03.readLifecycle.reader.p0.m0.field11.bad1.recovery
OK: audit03.readLifecycle.reader.p0.m0.field11.bad1.recoveryPlane; actual=0.125; expected=0.125
OK: audit03.readLifecycle.reader.p0.m0.field11.bad2.error
OK: audit03.readLifecycle.reader.p0.m0.field11.bad2.field
OK: audit03.readLifecycle.reader.p0.m0.field11.bad2.address
OK: audit03.readLifecycle.reader.p0.m0.field11.bad2.action
OK: audit03.readLifecycle.reader.p0.m0.field11.bad2.empty
OK: audit03.readLifecycle.reader.p0.m0.field11.bad2.clearedPlane
OK: audit03.readLifecycle.reader.p0.m0.field11.bad2.clearedSelection
READ_LIFECYCLE_SNAPSHOT: audit03.readLifecycle.reader.p0.m0.field11.bad2|В сохраненном снимке Results поле LoadReferenceY содержит нечисловое значение: ReadLifecycle!T17. Повторите импорт геометрии или расчет, чтобы восстановить корректный снимок.
OK: audit03.readLifecycle.reader.p0.m0.field11.bad2.recovery
OK: audit03.readLifecycle.reader.p0.m0.field11.bad2.recoveryPlane; actual=0.125; expected=0.125
OK: audit03.readLifecycle.reader.p0.m0.field11.bad3.error
OK: audit03.readLifecycle.reader.p0.m0.field11.bad3.field
OK: audit03.readLifecycle.reader.p0.m0.field11.bad3.address
OK: audit03.readLifecycle.reader.p0.m0.field11.bad3.action
OK: audit03.readLifecycle.reader.p0.m0.field11.bad3.empty
OK: audit03.readLifecycle.reader.p0.m0.field11.bad3.clearedPlane
OK: audit03.readLifecycle.reader.p0.m0.field11.bad3.clearedSelection
READ_LIFECYCLE_SNAPSHOT: audit03.readLifecycle.reader.p0.m0.field11.bad3|В сохраненном снимке Results поле LoadReferenceY содержит нечисловое значение: ReadLifecycle!T17. Повторите импорт геометрии или расчет, чтобы восстановить корректный снимок.
OK: audit03.readLifecycle.reader.p0.m0.field11.bad3.recovery
OK: audit03.readLifecycle.reader.p0.m0.field11.bad3.recoveryPlane; actual=0.125; expected=0.125
OK: audit03.readLifecycle.reader.p0.m0.field11.bad4.error
OK: audit03.readLifecycle.reader.p0.m0.field11.bad4.field
OK: audit03.readLifecycle.reader.p0.m0.field11.bad4.address
OK: audit03.readLifecycle.reader.p0.m0.field11.bad4.action
OK: audit03.readLifecycle.reader.p0.m0.field11.bad4.empty
OK: audit03.readLifecycle.reader.p0.m0.field11.bad4.clearedPlane
OK: audit03.readLifecycle.reader.p0.m0.field11.bad4.clearedSelection
READ_LIFECYCLE_SNAPSHOT: audit03.readLifecycle.reader.p0.m0.field11.bad4|В сохраненном снимке Results поле LoadReferenceY содержит нечисловое значение: ReadLifecycle!T17. Повторите импорт геометрии или расчет, чтобы восстановить корректный снимок.
OK: audit03.readLifecycle.reader.p0.m0.field11.bad4.recovery
OK: audit03.readLifecycle.reader.p0.m0.field11.bad4.recoveryPlane; actual=0.125; expected=0.125
OK: audit03.readLifecycle.reader.p0.m0.field12.bad0.error
OK: audit03.readLifecycle.reader.p0.m0.field12.bad0.field
OK: audit03.readLifecycle.reader.p0.m0.field12.bad0.address
OK: audit03.readLifecycle.reader.p0.m0.field12.bad0.action
OK: audit03.readLifecycle.reader.p0.m0.field12.bad0.empty
OK: audit03.readLifecycle.reader.p0.m0.field12.bad0.clearedPlane
OK: audit03.readLifecycle.reader.p0.m0.field12.bad0.clearedSelection
READ_LIFECYCLE_SNAPSHOT: audit03.readLifecycle.reader.p0.m0.field12.bad0|В сохраненном снимке Results поле State.StrengthState.Epsilon0 содержит нечисловое значение: ReadLifecycle!T18. Повторите импорт геометрии или расчет, чтобы восстановить корректный снимок.
OK: audit03.readLifecycle.reader.p0.m0.field12.bad0.recovery
OK: audit03.readLifecycle.reader.p0.m0.field12.bad0.recoveryPlane; actual=0.125; expected=0.125
OK: audit03.readLifecycle.reader.p0.m0.field12.bad1.error
OK: audit03.readLifecycle.reader.p0.m0.field12.bad1.field
OK: audit03.readLifecycle.reader.p0.m0.field12.bad1.address
OK: audit03.readLifecycle.reader.p0.m0.field12.bad1.action
OK: audit03.readLifecycle.reader.p0.m0.field12.bad1.empty
OK: audit03.readLifecycle.reader.p0.m0.field12.bad1.clearedPlane
OK: audit03.readLifecycle.reader.p0.m0.field12.bad1.clearedSelection
READ_LIFECYCLE_SNAPSHOT: audit03.readLifecycle.reader.p0.m0.field12.bad1|В сохраненном снимке Results поле State.StrengthState.Epsilon0 содержит нечисловое значение: ReadLifecycle!T18. Повторите импорт геометрии или расчет, чтобы восстановить корректный снимок.
OK: audit03.readLifecycle.reader.p0.m0.field12.bad1.recovery
OK: audit03.readLifecycle.reader.p0.m0.field12.bad1.recoveryPlane; actual=0.125; expected=0.125
OK: audit03.readLifecycle.reader.p0.m0.field12.bad2.error
OK: audit03.readLifecycle.reader.p0.m0.field12.bad2.field
OK: audit03.readLifecycle.reader.p0.m0.field12.bad2.address
OK: audit03.readLifecycle.reader.p0.m0.field12.bad2.action
OK: audit03.readLifecycle.reader.p0.m0.field12.bad2.empty
OK: audit03.readLifecycle.reader.p0.m0.field12.bad2.clearedPlane
OK: audit03.readLifecycle.reader.p0.m0.field12.bad2.clearedSelection
READ_LIFECYCLE_SNAPSHOT: audit03.readLifecycle.reader.p0.m0.field12.bad2|В сохраненном снимке Results поле State.StrengthState.Epsilon0 содержит нечисловое значение: ReadLifecycle!T18. Повторите импорт геометрии или расчет, чтобы восстановить корректный снимок.
OK: audit03.readLifecycle.reader.p0.m0.field12.bad2.recovery
OK: audit03.readLifecycle.reader.p0.m0.field12.bad2.recoveryPlane; actual=0.125; expected=0.125
OK: audit03.readLifecycle.reader.p0.m0.field12.bad3.error
OK: audit03.readLifecycle.reader.p0.m0.field12.bad3.field
OK: audit03.readLifecycle.reader.p0.m0.field12.bad3.address
OK: audit03.readLifecycle.reader.p0.m0.field12.bad3.action
OK: audit03.readLifecycle.reader.p0.m0.field12.bad3.empty
OK: audit03.readLifecycle.reader.p0.m0.field12.bad3.clearedPlane
OK: audit03.readLifecycle.reader.p0.m0.field12.bad3.clearedSelection
READ_LIFECYCLE_SNAPSHOT: audit03.readLifecycle.reader.p0.m0.field12.bad3|В сохраненном снимке Results поле State.StrengthState.Epsilon0 содержит нечисловое значение: ReadLifecycle!T18. Повторите импорт геометрии или расчет, чтобы восстановить корректный снимок.
OK: audit03.readLifecycle.reader.p0.m0.field12.bad3.recovery
OK: audit03.readLifecycle.reader.p0.m0.field12.bad3.recoveryPlane; actual=0.125; expected=0.125
OK: audit03.readLifecycle.reader.p0.m0.field12.bad4.error
OK: audit03.readLifecycle.reader.p0.m0.field12.bad4.field
OK: audit03.readLifecycle.reader.p0.m0.field12.bad4.address
OK: audit03.readLifecycle.reader.p0.m0.field12.bad4.action
OK: audit03.readLifecycle.reader.p0.m0.field12.bad4.empty
OK: audit03.readLifecycle.reader.p0.m0.field12.bad4.clearedPlane
OK: audit03.readLifecycle.reader.p0.m0.field12.bad4.clearedSelection
READ_LIFECYCLE_SNAPSHOT: audit03.readLifecycle.reader.p0.m0.field12.bad4|В сохраненном снимке Results поле State.StrengthState.Epsilon0 содержит нечисловое значение: ReadLifecycle!T18. Повторите импорт геометрии или расчет, чтобы восстановить корректный снимок.
OK: audit03.readLifecycle.reader.p0.m0.field12.bad4.recovery
OK: audit03.readLifecycle.reader.p0.m0.field12.bad4.recoveryPlane; actual=0.125; expected=0.125
OK: audit03.readLifecycle.reader.p0.m0.field13.bad0.error
OK: audit03.readLifecycle.reader.p0.m0.field13.bad0.field
OK: audit03.readLifecycle.reader.p0.m0.field13.bad0.address
OK: audit03.readLifecycle.reader.p0.m0.field13.bad0.action
OK: audit03.readLifecycle.reader.p0.m0.field13.bad0.empty
OK: audit03.readLifecycle.reader.p0.m0.field13.bad0.clearedPlane
OK: audit03.readLifecycle.reader.p0.m0.field13.bad0.clearedSelection
READ_LIFECYCLE_SNAPSHOT: audit03.readLifecycle.reader.p0.m0.field13.bad0|В сохраненном снимке Results поле State.StrengthState.KappaX содержит нечисловое значение: ReadLifecycle!T19. Повторите импорт геометрии или расчет, чтобы восстановить корректный снимок.
OK: audit03.readLifecycle.reader.p0.m0.field13.bad0.recovery
OK: audit03.readLifecycle.reader.p0.m0.field13.bad0.recoveryPlane; actual=0.125; expected=0.125
OK: audit03.readLifecycle.reader.p0.m0.field13.bad1.error
OK: audit03.readLifecycle.reader.p0.m0.field13.bad1.field
OK: audit03.readLifecycle.reader.p0.m0.field13.bad1.address
OK: audit03.readLifecycle.reader.p0.m0.field13.bad1.action
OK: audit03.readLifecycle.reader.p0.m0.field13.bad1.empty
OK: audit03.readLifecycle.reader.p0.m0.field13.bad1.clearedPlane
OK: audit03.readLifecycle.reader.p0.m0.field13.bad1.clearedSelection
READ_LIFECYCLE_SNAPSHOT: audit03.readLifecycle.reader.p0.m0.field13.bad1|В сохраненном снимке Results поле State.StrengthState.KappaX содержит нечисловое значение: ReadLifecycle!T19. Повторите импорт геометрии или расчет, чтобы восстановить корректный снимок.
OK: audit03.readLifecycle.reader.p0.m0.field13.bad1.recovery
OK: audit03.readLifecycle.reader.p0.m0.field13.bad1.recoveryPlane; actual=0.125; expected=0.125
OK: audit03.readLifecycle.reader.p0.m0.field13.bad2.error
OK: audit03.readLifecycle.reader.p0.m0.field13.bad2.field
OK: audit03.readLifecycle.reader.p0.m0.field13.bad2.address
OK: audit03.readLifecycle.reader.p0.m0.field13.bad2.action
OK: audit03.readLifecycle.reader.p0.m0.field13.bad2.empty
OK: audit03.readLifecycle.reader.p0.m0.field13.bad2.clearedPlane
OK: audit03.readLifecycle.reader.p0.m0.field13.bad2.clearedSelection
READ_LIFECYCLE_SNAPSHOT: audit03.readLifecycle.reader.p0.m0.field13.bad2|В сохраненном снимке Results поле State.StrengthState.KappaX содержит нечисловое значение: ReadLifecycle!T19. Повторите импорт геометрии или расчет, чтобы восстановить корректный снимок.
OK: audit03.readLifecycle.reader.p0.m0.field13.bad2.recovery
OK: audit03.readLifecycle.reader.p0.m0.field13.bad2.recoveryPlane; actual=0.125; expected=0.125
OK: audit03.readLifecycle.reader.p0.m0.field13.bad3.error
OK: audit03.readLifecycle.reader.p0.m0.field13.bad3.field
OK: audit03.readLifecycle.reader.p0.m0.field13.bad3.address
OK: audit03.readLifecycle.reader.p0.m0.field13.bad3.action
OK: audit03.readLifecycle.reader.p0.m0.field13.bad3.empty
OK: audit03.readLifecycle.reader.p0.m0.field13.bad3.clearedPlane
OK: audit03.readLifecycle.reader.p0.m0.field13.bad3.clearedSelection
READ_LIFECYCLE_SNAPSHOT: audit03.readLifecycle.reader.p0.m0.field13.bad3|В сохраненном снимке Results поле State.StrengthState.KappaX содержит нечисловое значение: ReadLifecycle!T19. Повторите импорт геометрии или расчет, чтобы восстановить корректный снимок.
OK: audit03.readLifecycle.reader.p0.m0.field13.bad3.recovery
OK: audit03.readLifecycle.reader.p0.m0.field13.bad3.recoveryPlane; actual=0.125; expected=0.125
OK: audit03.readLifecycle.reader.p0.m0.field13.bad4.error
OK: audit03.readLifecycle.reader.p0.m0.field13.bad4.field
OK: audit03.readLifecycle.reader.p0.m0.field13.bad4.address
OK: audit03.readLifecycle.reader.p0.m0.field13.bad4.action
OK: audit03.readLifecycle.reader.p0.m0.field13.bad4.empty
OK: audit03.readLifecycle.reader.p0.m0.field13.bad4.clearedPlane
OK: audit03.readLifecycle.reader.p0.m0.field13.bad4.clearedSelection
READ_LIFECYCLE_SNAPSHOT: audit03.readLifecycle.reader.p0.m0.field13.bad4|В сохраненном снимке Results поле State.StrengthState.KappaX содержит нечисловое значение: ReadLifecycle!T19. Повторите импорт геометрии или расчет, чтобы восстановить корректный снимок.
OK: audit03.readLifecycle.reader.p0.m0.field13.bad4.recovery
OK: audit03.readLifecycle.reader.p0.m0.field13.bad4.recoveryPlane; actual=0.125; expected=0.125
OK: audit03.readLifecycle.reader.p0.m0.field14.bad0.error
OK: audit03.readLifecycle.reader.p0.m0.field14.bad0.field
OK: audit03.readLifecycle.reader.p0.m0.field14.bad0.address
OK: audit03.readLifecycle.reader.p0.m0.field14.bad0.action
OK: audit03.readLifecycle.reader.p0.m0.field14.bad0.empty
OK: audit03.readLifecycle.reader.p0.m0.field14.bad0.clearedPlane
OK: audit03.readLifecycle.reader.p0.m0.field14.bad0.clearedSelection
READ_LIFECYCLE_SNAPSHOT: audit03.readLifecycle.reader.p0.m0.field14.bad0|В сохраненном снимке Results поле State.StrengthState.KappaY содержит нечисловое значение: ReadLifecycle!T20. Повторите импорт геометрии или расчет, чтобы восстановить корректный снимок.
OK: audit03.readLifecycle.reader.p0.m0.field14.bad0.recovery
OK: audit03.readLifecycle.reader.p0.m0.field14.bad0.recoveryPlane; actual=0.125; expected=0.125
OK: audit03.readLifecycle.reader.p0.m0.field14.bad1.error
OK: audit03.readLifecycle.reader.p0.m0.field14.bad1.field
OK: audit03.readLifecycle.reader.p0.m0.field14.bad1.address
OK: audit03.readLifecycle.reader.p0.m0.field14.bad1.action
OK: audit03.readLifecycle.reader.p0.m0.field14.bad1.empty
OK: audit03.readLifecycle.reader.p0.m0.field14.bad1.clearedPlane
OK: audit03.readLifecycle.reader.p0.m0.field14.bad1.clearedSelection
READ_LIFECYCLE_SNAPSHOT: audit03.readLifecycle.reader.p0.m0.field14.bad1|В сохраненном снимке Results поле State.StrengthState.KappaY содержит нечисловое значение: ReadLifecycle!T20. Повторите импорт геометрии или расчет, чтобы восстановить корректный снимок.
OK: audit03.readLifecycle.reader.p0.m0.field14.bad1.recovery
OK: audit03.readLifecycle.reader.p0.m0.field14.bad1.recoveryPlane; actual=0.125; expected=0.125
OK: audit03.readLifecycle.reader.p0.m0.field14.bad2.error
OK: audit03.readLifecycle.reader.p0.m0.field14.bad2.field
OK: audit03.readLifecycle.reader.p0.m0.field14.bad2.address
OK: audit03.readLifecycle.reader.p0.m0.field14.bad2.action
OK: audit03.readLifecycle.reader.p0.m0.field14.bad2.empty
OK: audit03.readLifecycle.reader.p0.m0.field14.bad2.clearedPlane
OK: audit03.readLifecycle.reader.p0.m0.field14.bad2.clearedSelection
READ_LIFECYCLE_SNAPSHOT: audit03.readLifecycle.reader.p0.m0.field14.bad2|В сохраненном снимке Results поле State.StrengthState.KappaY содержит нечисловое значение: ReadLifecycle!T20. Повторите импорт геометрии или расчет, чтобы восстановить корректный снимок.
OK: audit03.readLifecycle.reader.p0.m0.field14.bad2.recovery
OK: audit03.readLifecycle.reader.p0.m0.field14.bad2.recoveryPlane; actual=0.125; expected=0.125
OK: audit03.readLifecycle.reader.p0.m0.field14.bad3.error
OK: audit03.readLifecycle.reader.p0.m0.field14.bad3.field
OK: audit03.readLifecycle.reader.p0.m0.field14.bad3.address
OK: audit03.readLifecycle.reader.p0.m0.field14.bad3.action
OK: audit03.readLifecycle.reader.p0.m0.field14.bad3.empty
OK: audit03.readLifecycle.reader.p0.m0.field14.bad3.clearedPlane
OK: audit03.readLifecycle.reader.p0.m0.field14.bad3.clearedSelection
READ_LIFECYCLE_SNAPSHOT: audit03.readLifecycle.reader.p0.m0.field14.bad3|В сохраненном снимке Results поле State.StrengthState.KappaY содержит нечисловое значение: ReadLifecycle!T20. Повторите импорт геометрии или расчет, чтобы восстановить корректный снимок.
OK: audit03.readLifecycle.reader.p0.m0.field14.bad3.recovery
OK: audit03.readLifecycle.reader.p0.m0.field14.bad3.recoveryPlane; actual=0.125; expected=0.125
OK: audit03.readLifecycle.reader.p0.m0.field14.bad4.error
OK: audit03.readLifecycle.reader.p0.m0.field14.bad4.field
OK: audit03.readLifecycle.reader.p0.m0.field14.bad4.address
OK: audit03.readLifecycle.reader.p0.m0.field14.bad4.action
OK: audit03.readLifecycle.reader.p0.m0.field14.bad4.empty
OK: audit03.readLifecycle.reader.p0.m0.field14.bad4.clearedPlane
OK: audit03.readLifecycle.reader.p0.m0.field14.bad4.clearedSelection
READ_LIFECYCLE_SNAPSHOT: audit03.readLifecycle.reader.p0.m0.field14.bad4|В сохраненном снимке Results поле State.StrengthState.KappaY содержит нечисловое значение: ReadLifecycle!T20. Повторите импорт геометрии или расчет, чтобы восстановить корректный снимок.
OK: audit03.readLifecycle.reader.p0.m0.field14.bad4.recovery
OK: audit03.readLifecycle.reader.p0.m0.field14.bad4.recoveryPlane; actual=0.125; expected=0.125
OK: audit03.readLifecycle.reader.late.p0.m0.error
OK: audit03.readLifecycle.reader.late.p0.m0.empty
OK: audit03.readLifecycle.reader.late.p0.m0.recovery
OK: audit03.readLifecycle.reader.baseline.p0.m1
OK: audit03.readLifecycle.reader.p0.m1.field0.bad0.error
OK: audit03.readLifecycle.reader.p0.m1.field0.bad0.field
OK: audit03.readLifecycle.reader.p0.m1.field0.bad0.address
OK: audit03.readLifecycle.reader.p0.m1.field0.bad0.action
OK: audit03.readLifecycle.reader.p0.m1.field0.bad0.empty
OK: audit03.readLifecycle.reader.p0.m1.field0.bad0.clearedPlane
OK: audit03.readLifecycle.reader.p0.m1.field0.bad0.clearedSelection
READ_LIFECYCLE_SNAPSHOT: audit03.readLifecycle.reader.p0.m1.field0.bad0|В сохраненном снимке Results поле Bounds.MinX содержит нечисловое значение: ReadLifecycle!T6. Повторите импорт геометрии или расчет, чтобы восстановить корректный снимок.
OK: audit03.readLifecycle.reader.p0.m1.field0.bad0.recovery
OK: audit03.readLifecycle.reader.p0.m1.field0.bad1.error
OK: audit03.readLifecycle.reader.p0.m1.field0.bad1.field
OK: audit03.readLifecycle.reader.p0.m1.field0.bad1.address
OK: audit03.readLifecycle.reader.p0.m1.field0.bad1.action
OK: audit03.readLifecycle.reader.p0.m1.field0.bad1.empty
OK: audit03.readLifecycle.reader.p0.m1.field0.bad1.clearedPlane
OK: audit03.readLifecycle.reader.p0.m1.field0.bad1.clearedSelection
READ_LIFECYCLE_SNAPSHOT: audit03.readLifecycle.reader.p0.m1.field0.bad1|В сохраненном снимке Results поле Bounds.MinX содержит нечисловое значение: ReadLifecycle!T6. Повторите импорт геометрии или расчет, чтобы восстановить корректный снимок.
OK: audit03.readLifecycle.reader.p0.m1.field0.bad1.recovery
OK: audit03.readLifecycle.reader.p0.m1.field0.bad2.error
OK: audit03.readLifecycle.reader.p0.m1.field0.bad2.field
OK: audit03.readLifecycle.reader.p0.m1.field0.bad2.address
OK: audit03.readLifecycle.reader.p0.m1.field0.bad2.action
OK: audit03.readLifecycle.reader.p0.m1.field0.bad2.empty
OK: audit03.readLifecycle.reader.p0.m1.field0.bad2.clearedPlane
OK: audit03.readLifecycle.reader.p0.m1.field0.bad2.clearedSelection
READ_LIFECYCLE_SNAPSHOT: audit03.readLifecycle.reader.p0.m1.field0.bad2|В сохраненном снимке Results поле Bounds.MinX содержит нечисловое значение: ReadLifecycle!T6. Повторите импорт геометрии или расчет, чтобы восстановить корректный снимок.
OK: audit03.readLifecycle.reader.p0.m1.field0.bad2.recovery
OK: audit03.readLifecycle.reader.p0.m1.field0.bad3.error
OK: audit03.readLifecycle.reader.p0.m1.field0.bad3.field
OK: audit03.readLifecycle.reader.p0.m1.field0.bad3.address
OK: audit03.readLifecycle.reader.p0.m1.field0.bad3.action
OK: audit03.readLifecycle.reader.p0.m1.field0.bad3.empty
OK: audit03.readLifecycle.reader.p0.m1.field0.bad3.clearedPlane
OK: audit03.readLifecycle.reader.p0.m1.field0.bad3.clearedSelection
READ_LIFECYCLE_SNAPSHOT: audit03.readLifecycle.reader.p0.m1.field0.bad3|В сохраненном снимке Results поле Bounds.MinX содержит нечисловое значение: ReadLifecycle!T6. Повторите импорт геометрии или расчет, чтобы восстановить корректный снимок.
OK: audit03.readLifecycle.reader.p0.m1.field0.bad3.recovery
OK: audit03.readLifecycle.reader.p0.m1.field0.bad4.error
OK: audit03.readLifecycle.reader.p0.m1.field0.bad4.field
OK: audit03.readLifecycle.reader.p0.m1.field0.bad4.address
OK: audit03.readLifecycle.reader.p0.m1.field0.bad4.action
OK: audit03.readLifecycle.reader.p0.m1.field0.bad4.empty
OK: audit03.readLifecycle.reader.p0.m1.field0.bad4.clearedPlane
OK: audit03.readLifecycle.reader.p0.m1.field0.bad4.clearedSelection
READ_LIFECYCLE_SNAPSHOT: audit03.readLifecycle.reader.p0.m1.field0.bad4|В сохраненном снимке Results поле Bounds.MinX содержит нечисловое значение: ReadLifecycle!T6. Повторите импорт геометрии или расчет, чтобы восстановить корректный снимок.
OK: audit03.readLifecycle.reader.p0.m1.field0.bad4.recovery
OK: audit03.readLifecycle.reader.p0.m1.field1.bad0.error
OK: audit03.readLifecycle.reader.p0.m1.field1.bad0.field
OK: audit03.readLifecycle.reader.p0.m1.field1.bad0.address
OK: audit03.readLifecycle.reader.p0.m1.field1.bad0.action
OK: audit03.readLifecycle.reader.p0.m1.field1.bad0.empty
OK: audit03.readLifecycle.reader.p0.m1.field1.bad0.clearedPlane
OK: audit03.readLifecycle.reader.p0.m1.field1.bad0.clearedSelection
READ_LIFECYCLE_SNAPSHOT: audit03.readLifecycle.reader.p0.m1.field1.bad0|В сохраненном снимке Results поле Bounds.MaxX содержит нечисловое значение: ReadLifecycle!T7. Повторите импорт геометрии или расчет, чтобы восстановить корректный снимок.
OK: audit03.readLifecycle.reader.p0.m1.field1.bad0.recovery
OK: audit03.readLifecycle.reader.p0.m1.field1.bad1.error
OK: audit03.readLifecycle.reader.p0.m1.field1.bad1.field
OK: audit03.readLifecycle.reader.p0.m1.field1.bad1.address
OK: audit03.readLifecycle.reader.p0.m1.field1.bad1.action
OK: audit03.readLifecycle.reader.p0.m1.field1.bad1.empty
OK: audit03.readLifecycle.reader.p0.m1.field1.bad1.clearedPlane
OK: audit03.readLifecycle.reader.p0.m1.field1.bad1.clearedSelection
READ_LIFECYCLE_SNAPSHOT: audit03.readLifecycle.reader.p0.m1.field1.bad1|В сохраненном снимке Results поле Bounds.MaxX содержит нечисловое значение: ReadLifecycle!T7. Повторите импорт геометрии или расчет, чтобы восстановить корректный снимок.
OK: audit03.readLifecycle.reader.p0.m1.field1.bad1.recovery
OK: audit03.readLifecycle.reader.p0.m1.field1.bad2.error
OK: audit03.readLifecycle.reader.p0.m1.field1.bad2.field
OK: audit03.readLifecycle.reader.p0.m1.field1.bad2.address
OK: audit03.readLifecycle.reader.p0.m1.field1.bad2.action
OK: audit03.readLifecycle.reader.p0.m1.field1.bad2.empty
OK: audit03.readLifecycle.reader.p0.m1.field1.bad2.clearedPlane
OK: audit03.readLifecycle.reader.p0.m1.field1.bad2.clearedSelection
READ_LIFECYCLE_SNAPSHOT: audit03.readLifecycle.reader.p0.m1.field1.bad2|В сохраненном снимке Results поле Bounds.MaxX содержит нечисловое значение: ReadLifecycle!T7. Повторите импорт геометрии или расчет, чтобы восстановить корректный снимок.
OK: audit03.readLifecycle.reader.p0.m1.field1.bad2.recovery
OK: audit03.readLifecycle.reader.p0.m1.field1.bad3.error
OK: audit03.readLifecycle.reader.p0.m1.field1.bad3.field
OK: audit03.readLifecycle.reader.p0.m1.field1.bad3.address
OK: audit03.readLifecycle.reader.p0.m1.field1.bad3.action
OK: audit03.readLifecycle.reader.p0.m1.field1.bad3.empty
OK: audit03.readLifecycle.reader.p0.m1.field1.bad3.clearedPlane
OK: audit03.readLifecycle.reader.p0.m1.field1.bad3.clearedSelection
READ_LIFECYCLE_SNAPSHOT: audit03.readLifecycle.reader.p0.m1.field1.bad3|В сохраненном снимке Results поле Bounds.MaxX содержит нечисловое значение: ReadLifecycle!T7. Повторите импорт геометрии или расчет, чтобы восстановить корректный снимок.
OK: audit03.readLifecycle.reader.p0.m1.field1.bad3.recovery
OK: audit03.readLifecycle.reader.p0.m1.field1.bad4.error
OK: audit03.readLifecycle.reader.p0.m1.field1.bad4.field
OK: audit03.readLifecycle.reader.p0.m1.field1.bad4.address
OK: audit03.readLifecycle.reader.p0.m1.field1.bad4.action
OK: audit03.readLifecycle.reader.p0.m1.field1.bad4.empty
OK: audit03.readLifecycle.reader.p0.m1.field1.bad4.clearedPlane
OK: audit03.readLifecycle.reader.p0.m1.field1.bad4.clearedSelection
READ_LIFECYCLE_SNAPSHOT: audit03.readLifecycle.reader.p0.m1.field1.bad4|В сохраненном снимке Results поле Bounds.MaxX содержит нечисловое значение: ReadLifecycle!T7. Повторите импорт геометрии или расчет, чтобы восстановить корректный снимок.
OK: audit03.readLifecycle.reader.p0.m1.field1.bad4.recovery
OK: audit03.readLifecycle.reader.p0.m1.field2.bad0.error
OK: audit03.readLifecycle.reader.p0.m1.field2.bad0.field
OK: audit03.readLifecycle.reader.p0.m1.field2.bad0.address
OK: audit03.readLifecycle.reader.p0.m1.field2.bad0.action
OK: audit03.readLifecycle.reader.p0.m1.field2.bad0.empty
OK: audit03.readLifecycle.reader.p0.m1.field2.bad0.clearedPlane
OK: audit03.readLifecycle.reader.p0.m1.field2.bad0.clearedSelection
READ_LIFECYCLE_SNAPSHOT: audit03.readLifecycle.reader.p0.m1.field2.bad0|В сохраненном снимке Results поле Bounds.MinY содержит нечисловое значение: ReadLifecycle!T8. Повторите импорт геометрии или расчет, чтобы восстановить корректный снимок.
OK: audit03.readLifecycle.reader.p0.m1.field2.bad0.recovery
OK: audit03.readLifecycle.reader.p0.m1.field2.bad1.error
OK: audit03.readLifecycle.reader.p0.m1.field2.bad1.field
OK: audit03.readLifecycle.reader.p0.m1.field2.bad1.address
OK: audit03.readLifecycle.reader.p0.m1.field2.bad1.action
OK: audit03.readLifecycle.reader.p0.m1.field2.bad1.empty
OK: audit03.readLifecycle.reader.p0.m1.field2.bad1.clearedPlane
OK: audit03.readLifecycle.reader.p0.m1.field2.bad1.clearedSelection
READ_LIFECYCLE_SNAPSHOT: audit03.readLifecycle.reader.p0.m1.field2.bad1|В сохраненном снимке Results поле Bounds.MinY содержит нечисловое значение: ReadLifecycle!T8. Повторите импорт геометрии или расчет, чтобы восстановить корректный снимок.
OK: audit03.readLifecycle.reader.p0.m1.field2.bad1.recovery
OK: audit03.readLifecycle.reader.p0.m1.field2.bad2.error
OK: audit03.readLifecycle.reader.p0.m1.field2.bad2.field
OK: audit03.readLifecycle.reader.p0.m1.field2.bad2.address
OK: audit03.readLifecycle.reader.p0.m1.field2.bad2.action
OK: audit03.readLifecycle.reader.p0.m1.field2.bad2.empty
OK: audit03.readLifecycle.reader.p0.m1.field2.bad2.clearedPlane
OK: audit03.readLifecycle.reader.p0.m1.field2.bad2.clearedSelection
READ_LIFECYCLE_SNAPSHOT: audit03.readLifecycle.reader.p0.m1.field2.bad2|В сохраненном снимке Results поле Bounds.MinY содержит нечисловое значение: ReadLifecycle!T8. Повторите импорт геометрии или расчет, чтобы восстановить корректный снимок.
OK: audit03.readLifecycle.reader.p0.m1.field2.bad2.recovery
OK: audit03.readLifecycle.reader.p0.m1.field2.bad3.error
OK: audit03.readLifecycle.reader.p0.m1.field2.bad3.field
OK: audit03.readLifecycle.reader.p0.m1.field2.bad3.address
OK: audit03.readLifecycle.reader.p0.m1.field2.bad3.action
OK: audit03.readLifecycle.reader.p0.m1.field2.bad3.empty
OK: audit03.readLifecycle.reader.p0.m1.field2.bad3.clearedPlane
OK: audit03.readLifecycle.reader.p0.m1.field2.bad3.clearedSelection
READ_LIFECYCLE_SNAPSHOT: audit03.readLifecycle.reader.p0.m1.field2.bad3|В сохраненном снимке Results поле Bounds.MinY содержит нечисловое значение: ReadLifecycle!T8. Повторите импорт геометрии или расчет, чтобы восстановить корректный снимок.
OK: audit03.readLifecycle.reader.p0.m1.field2.bad3.recovery
OK: audit03.readLifecycle.reader.p0.m1.field2.bad4.error
OK: audit03.readLifecycle.reader.p0.m1.field2.bad4.field
OK: audit03.readLifecycle.reader.p0.m1.field2.bad4.address
OK: audit03.readLifecycle.reader.p0.m1.field2.bad4.action
OK: audit03.readLifecycle.reader.p0.m1.field2.bad4.empty
OK: audit03.readLifecycle.reader.p0.m1.field2.bad4.clearedPlane
OK: audit03.readLifecycle.reader.p0.m1.field2.bad4.clearedSelection
READ_LIFECYCLE_SNAPSHOT: audit03.readLifecycle.reader.p0.m1.field2.bad4|В сохраненном снимке Results поле Bounds.MinY содержит нечисловое значение: ReadLifecycle!T8. Повторите импорт геометрии или расчет, чтобы восстановить корректный снимок.
OK: audit03.readLifecycle.reader.p0.m1.field2.bad4.recovery
OK: audit03.readLifecycle.reader.p0.m1.field3.bad0.error
OK: audit03.readLifecycle.reader.p0.m1.field3.bad0.field
OK: audit03.readLifecycle.reader.p0.m1.field3.bad0.address
OK: audit03.readLifecycle.reader.p0.m1.field3.bad0.action
OK: audit03.readLifecycle.reader.p0.m1.field3.bad0.empty
OK: audit03.readLifecycle.reader.p0.m1.field3.bad0.clearedPlane
OK: audit03.readLifecycle.reader.p0.m1.field3.bad0.clearedSelection
READ_LIFECYCLE_SNAPSHOT: audit03.readLifecycle.reader.p0.m1.field3.bad0|В сохраненном снимке Results поле Bounds.MaxY содержит нечисловое значение: ReadLifecycle!T9. Повторите импорт геометрии или расчет, чтобы восстановить корректный снимок.
OK: audit03.readLifecycle.reader.p0.m1.field3.bad0.recovery
OK: audit03.readLifecycle.reader.p0.m1.field3.bad1.error
OK: audit03.readLifecycle.reader.p0.m1.field3.bad1.field
OK: audit03.readLifecycle.reader.p0.m1.field3.bad1.address
OK: audit03.readLifecycle.reader.p0.m1.field3.bad1.action
OK: audit03.readLifecycle.reader.p0.m1.field3.bad1.empty
OK: audit03.readLifecycle.reader.p0.m1.field3.bad1.clearedPlane
OK: audit03.readLifecycle.reader.p0.m1.field3.bad1.clearedSelection
READ_LIFECYCLE_SNAPSHOT: audit03.readLifecycle.reader.p0.m1.field3.bad1|В сохраненном снимке Results поле Bounds.MaxY содержит нечисловое значение: ReadLifecycle!T9. Повторите импорт геометрии или расчет, чтобы восстановить корректный снимок.
OK: audit03.readLifecycle.reader.p0.m1.field3.bad1.recovery
OK: audit03.readLifecycle.reader.p0.m1.field3.bad2.error
OK: audit03.readLifecycle.reader.p0.m1.field3.bad2.field
OK: audit03.readLifecycle.reader.p0.m1.field3.bad2.address
OK: audit03.readLifecycle.reader.p0.m1.field3.bad2.action
OK: audit03.readLifecycle.reader.p0.m1.field3.bad2.empty
OK: audit03.readLifecycle.reader.p0.m1.field3.bad2.clearedPlane
OK: audit03.readLifecycle.reader.p0.m1.field3.bad2.clearedSelection
READ_LIFECYCLE_SNAPSHOT: audit03.readLifecycle.reader.p0.m1.field3.bad2|В сохраненном снимке Results поле Bounds.MaxY содержит нечисловое значение: ReadLifecycle!T9. Повторите импорт геометрии или расчет, чтобы восстановить корректный снимок.
OK: audit03.readLifecycle.reader.p0.m1.field3.bad2.recovery
OK: audit03.readLifecycle.reader.p0.m1.field3.bad3.error
OK: audit03.readLifecycle.reader.p0.m1.field3.bad3.field
OK: audit03.readLifecycle.reader.p0.m1.field3.bad3.address
OK: audit03.readLifecycle.reader.p0.m1.field3.bad3.action
OK: audit03.readLifecycle.reader.p0.m1.field3.bad3.empty
OK: audit03.readLifecycle.reader.p0.m1.field3.bad3.clearedPlane
OK: audit03.readLifecycle.reader.p0.m1.field3.bad3.clearedSelection
READ_LIFECYCLE_SNAPSHOT: audit03.readLifecycle.reader.p0.m1.field3.bad3|В сохраненном снимке Results поле Bounds.MaxY содержит нечисловое значение: ReadLifecycle!T9. Повторите импорт геометрии или расчет, чтобы восстановить корректный снимок.
OK: audit03.readLifecycle.reader.p0.m1.field3.bad3.recovery
OK: audit03.readLifecycle.reader.p0.m1.field3.bad4.error
OK: audit03.readLifecycle.reader.p0.m1.field3.bad4.field
OK: audit03.readLifecycle.reader.p0.m1.field3.bad4.address
OK: audit03.readLifecycle.reader.p0.m1.field3.bad4.action
OK: audit03.readLifecycle.reader.p0.m1.field3.bad4.empty
OK: audit03.readLifecycle.reader.p0.m1.field3.bad4.clearedPlane
OK: audit03.readLifecycle.reader.p0.m1.field3.bad4.clearedSelection
READ_LIFECYCLE_SNAPSHOT: audit03.readLifecycle.reader.p0.m1.field3.bad4|В сохраненном снимке Results поле Bounds.MaxY содержит нечисловое значение: ReadLifecycle!T9. Повторите импорт геометрии или расчет, чтобы восстановить корректный снимок.
OK: audit03.readLifecycle.reader.p0.m1.field3.bad4.recovery
OK: audit03.readLifecycle.reader.p0.m1.field4.bad0.error
OK: audit03.readLifecycle.reader.p0.m1.field4.bad0.field
OK: audit03.readLifecycle.reader.p0.m1.field4.bad0.address
OK: audit03.readLifecycle.reader.p0.m1.field4.bad0.action
OK: audit03.readLifecycle.reader.p0.m1.field4.bad0.empty
OK: audit03.readLifecycle.reader.p0.m1.field4.bad0.clearedPlane
OK: audit03.readLifecycle.reader.p0.m1.field4.bad0.clearedSelection
READ_LIFECYCLE_SNAPSHOT: audit03.readLifecycle.reader.p0.m1.field4.bad0|В сохраненном снимке Results поле Concrete.CentroidX содержит нечисловое значение: ReadLifecycle!T10. Повторите импорт геометрии или расчет, чтобы восстановить корректный снимок.
OK: audit03.readLifecycle.reader.p0.m1.field4.bad0.recovery
OK: audit03.readLifecycle.reader.p0.m1.field4.bad1.error
OK: audit03.readLifecycle.reader.p0.m1.field4.bad1.field
OK: audit03.readLifecycle.reader.p0.m1.field4.bad1.address
OK: audit03.readLifecycle.reader.p0.m1.field4.bad1.action
OK: audit03.readLifecycle.reader.p0.m1.field4.bad1.empty
OK: audit03.readLifecycle.reader.p0.m1.field4.bad1.clearedPlane
OK: audit03.readLifecycle.reader.p0.m1.field4.bad1.clearedSelection
READ_LIFECYCLE_SNAPSHOT: audit03.readLifecycle.reader.p0.m1.field4.bad1|В сохраненном снимке Results поле Concrete.CentroidX содержит нечисловое значение: ReadLifecycle!T10. Повторите импорт геометрии или расчет, чтобы восстановить корректный снимок.
OK: audit03.readLifecycle.reader.p0.m1.field4.bad1.recovery
OK: audit03.readLifecycle.reader.p0.m1.field4.bad2.error
OK: audit03.readLifecycle.reader.p0.m1.field4.bad2.field
OK: audit03.readLifecycle.reader.p0.m1.field4.bad2.address
OK: audit03.readLifecycle.reader.p0.m1.field4.bad2.action
OK: audit03.readLifecycle.reader.p0.m1.field4.bad2.empty
OK: audit03.readLifecycle.reader.p0.m1.field4.bad2.clearedPlane
OK: audit03.readLifecycle.reader.p0.m1.field4.bad2.clearedSelection
READ_LIFECYCLE_SNAPSHOT: audit03.readLifecycle.reader.p0.m1.field4.bad2|В сохраненном снимке Results поле Concrete.CentroidX содержит нечисловое значение: ReadLifecycle!T10. Повторите импорт геометрии или расчет, чтобы восстановить корректный снимок.
OK: audit03.readLifecycle.reader.p0.m1.field4.bad2.recovery
OK: audit03.readLifecycle.reader.p0.m1.field4.bad3.error
OK: audit03.readLifecycle.reader.p0.m1.field4.bad3.field
OK: audit03.readLifecycle.reader.p0.m1.field4.bad3.address
OK: audit03.readLifecycle.reader.p0.m1.field4.bad3.action
OK: audit03.readLifecycle.reader.p0.m1.field4.bad3.empty
OK: audit03.readLifecycle.reader.p0.m1.field4.bad3.clearedPlane
OK: audit03.readLifecycle.reader.p0.m1.field4.bad3.clearedSelection
READ_LIFECYCLE_SNAPSHOT: audit03.readLifecycle.reader.p0.m1.field4.bad3|В сохраненном снимке Results поле Concrete.CentroidX содержит нечисловое значение: ReadLifecycle!T10. Повторите импорт геометрии или расчет, чтобы восстановить корректный снимок.
OK: audit03.readLifecycle.reader.p0.m1.field4.bad3.recovery
OK: audit03.readLifecycle.reader.p0.m1.field4.bad4.error
OK: audit03.readLifecycle.reader.p0.m1.field4.bad4.field
OK: audit03.readLifecycle.reader.p0.m1.field4.bad4.address
OK: audit03.readLifecycle.reader.p0.m1.field4.bad4.action
OK: audit03.readLifecycle.reader.p0.m1.field4.bad4.empty
OK: audit03.readLifecycle.reader.p0.m1.field4.bad4.clearedPlane
OK: audit03.readLifecycle.reader.p0.m1.field4.bad4.clearedSelection
READ_LIFECYCLE_SNAPSHOT: audit03.readLifecycle.reader.p0.m1.field4.bad4|В сохраненном снимке Results поле Concrete.CentroidX содержит нечисловое значение: ReadLifecycle!T10. Повторите импорт геометрии или расчет, чтобы восстановить корректный снимок.
OK: audit03.readLifecycle.reader.p0.m1.field4.bad4.recovery
OK: audit03.readLifecycle.reader.p0.m1.field5.bad0.error
OK: audit03.readLifecycle.reader.p0.m1.field5.bad0.field
OK: audit03.readLifecycle.reader.p0.m1.field5.bad0.address
OK: audit03.readLifecycle.reader.p0.m1.field5.bad0.action
OK: audit03.readLifecycle.reader.p0.m1.field5.bad0.empty
OK: audit03.readLifecycle.reader.p0.m1.field5.bad0.clearedPlane
OK: audit03.readLifecycle.reader.p0.m1.field5.bad0.clearedSelection
READ_LIFECYCLE_SNAPSHOT: audit03.readLifecycle.reader.p0.m1.field5.bad0|В сохраненном снимке Results поле Concrete.CentroidY содержит нечисловое значение: ReadLifecycle!T11. Повторите импорт геометрии или расчет, чтобы восстановить корректный снимок.
OK: audit03.readLifecycle.reader.p0.m1.field5.bad0.recovery
OK: audit03.readLifecycle.reader.p0.m1.field5.bad1.error
OK: audit03.readLifecycle.reader.p0.m1.field5.bad1.field
OK: audit03.readLifecycle.reader.p0.m1.field5.bad1.address
OK: audit03.readLifecycle.reader.p0.m1.field5.bad1.action
OK: audit03.readLifecycle.reader.p0.m1.field5.bad1.empty
OK: audit03.readLifecycle.reader.p0.m1.field5.bad1.clearedPlane
OK: audit03.readLifecycle.reader.p0.m1.field5.bad1.clearedSelection
READ_LIFECYCLE_SNAPSHOT: audit03.readLifecycle.reader.p0.m1.field5.bad1|В сохраненном снимке Results поле Concrete.CentroidY содержит нечисловое значение: ReadLifecycle!T11. Повторите импорт геометрии или расчет, чтобы восстановить корректный снимок.
OK: audit03.readLifecycle.reader.p0.m1.field5.bad1.recovery
OK: audit03.readLifecycle.reader.p0.m1.field5.bad2.error
OK: audit03.readLifecycle.reader.p0.m1.field5.bad2.field
OK: audit03.readLifecycle.reader.p0.m1.field5.bad2.address
OK: audit03.readLifecycle.reader.p0.m1.field5.bad2.action
OK: audit03.readLifecycle.reader.p0.m1.field5.bad2.empty
OK: audit03.readLifecycle.reader.p0.m1.field5.bad2.clearedPlane
OK: audit03.readLifecycle.reader.p0.m1.field5.bad2.clearedSelection
READ_LIFECYCLE_SNAPSHOT: audit03.readLifecycle.reader.p0.m1.field5.bad2|В сохраненном снимке Results поле Concrete.CentroidY содержит нечисловое значение: ReadLifecycle!T11. Повторите импорт геометрии или расчет, чтобы восстановить корректный снимок.
OK: audit03.readLifecycle.reader.p0.m1.field5.bad2.recovery
OK: audit03.readLifecycle.reader.p0.m1.field5.bad3.error
OK: audit03.readLifecycle.reader.p0.m1.field5.bad3.field
OK: audit03.readLifecycle.reader.p0.m1.field5.bad3.address
OK: audit03.readLifecycle.reader.p0.m1.field5.bad3.action
OK: audit03.readLifecycle.reader.p0.m1.field5.bad3.empty
OK: audit03.readLifecycle.reader.p0.m1.field5.bad3.clearedPlane
OK: audit03.readLifecycle.reader.p0.m1.field5.bad3.clearedSelection
READ_LIFECYCLE_SNAPSHOT: audit03.readLifecycle.reader.p0.m1.field5.bad3|В сохраненном снимке Results поле Concrete.CentroidY содержит нечисловое значение: ReadLifecycle!T11. Повторите импорт геометрии или расчет, чтобы восстановить корректный снимок.
OK: audit03.readLifecycle.reader.p0.m1.field5.bad3.recovery
OK: audit03.readLifecycle.reader.p0.m1.field5.bad4.error
OK: audit03.readLifecycle.reader.p0.m1.field5.bad4.field
OK: audit03.readLifecycle.reader.p0.m1.field5.bad4.address
OK: audit03.readLifecycle.reader.p0.m1.field5.bad4.action
OK: audit03.readLifecycle.reader.p0.m1.field5.bad4.empty
OK: audit03.readLifecycle.reader.p0.m1.field5.bad4.clearedPlane
OK: audit03.readLifecycle.reader.p0.m1.field5.bad4.clearedSelection
READ_LIFECYCLE_SNAPSHOT: audit03.readLifecycle.reader.p0.m1.field5.bad4|В сохраненном снимке Results поле Concrete.CentroidY содержит нечисловое значение: ReadLifecycle!T11. Повторите импорт геометрии или расчет, чтобы восстановить корректный снимок.
OK: audit03.readLifecycle.reader.p0.m1.field5.bad4.recovery
OK: audit03.readLifecycle.reader.p0.m1.field6.bad0.error
OK: audit03.readLifecycle.reader.p0.m1.field6.bad0.field
OK: audit03.readLifecycle.reader.p0.m1.field6.bad0.address
OK: audit03.readLifecycle.reader.p0.m1.field6.bad0.action
OK: audit03.readLifecycle.reader.p0.m1.field6.bad0.empty
OK: audit03.readLifecycle.reader.p0.m1.field6.bad0.clearedPlane
OK: audit03.readLifecycle.reader.p0.m1.field6.bad0.clearedSelection
READ_LIFECYCLE_SNAPSHOT: audit03.readLifecycle.reader.p0.m1.field6.bad0|В сохраненном снимке Results поле Concrete.PrincipalAngle содержит нечисловое значение: ReadLifecycle!T12. Повторите импорт геометрии или расчет, чтобы восстановить корректный снимок.
OK: audit03.readLifecycle.reader.p0.m1.field6.bad0.recovery
OK: audit03.readLifecycle.reader.p0.m1.field6.bad1.error
OK: audit03.readLifecycle.reader.p0.m1.field6.bad1.field
OK: audit03.readLifecycle.reader.p0.m1.field6.bad1.address
OK: audit03.readLifecycle.reader.p0.m1.field6.bad1.action
OK: audit03.readLifecycle.reader.p0.m1.field6.bad1.empty
OK: audit03.readLifecycle.reader.p0.m1.field6.bad1.clearedPlane
OK: audit03.readLifecycle.reader.p0.m1.field6.bad1.clearedSelection
READ_LIFECYCLE_SNAPSHOT: audit03.readLifecycle.reader.p0.m1.field6.bad1|В сохраненном снимке Results поле Concrete.PrincipalAngle содержит нечисловое значение: ReadLifecycle!T12. Повторите импорт геометрии или расчет, чтобы восстановить корректный снимок.
OK: audit03.readLifecycle.reader.p0.m1.field6.bad1.recovery
OK: audit03.readLifecycle.reader.p0.m1.field6.bad2.error
OK: audit03.readLifecycle.reader.p0.m1.field6.bad2.field
OK: audit03.readLifecycle.reader.p0.m1.field6.bad2.address
OK: audit03.readLifecycle.reader.p0.m1.field6.bad2.action
OK: audit03.readLifecycle.reader.p0.m1.field6.bad2.empty
OK: audit03.readLifecycle.reader.p0.m1.field6.bad2.clearedPlane
OK: audit03.readLifecycle.reader.p0.m1.field6.bad2.clearedSelection
READ_LIFECYCLE_SNAPSHOT: audit03.readLifecycle.reader.p0.m1.field6.bad2|В сохраненном снимке Results поле Concrete.PrincipalAngle содержит нечисловое значение: ReadLifecycle!T12. Повторите импорт геометрии или расчет, чтобы восстановить корректный снимок.
OK: audit03.readLifecycle.reader.p0.m1.field6.bad2.recovery
OK: audit03.readLifecycle.reader.p0.m1.field6.bad3.error
OK: audit03.readLifecycle.reader.p0.m1.field6.bad3.field
OK: audit03.readLifecycle.reader.p0.m1.field6.bad3.address
OK: audit03.readLifecycle.reader.p0.m1.field6.bad3.action
OK: audit03.readLifecycle.reader.p0.m1.field6.bad3.empty
OK: audit03.readLifecycle.reader.p0.m1.field6.bad3.clearedPlane
OK: audit03.readLifecycle.reader.p0.m1.field6.bad3.clearedSelection
READ_LIFECYCLE_SNAPSHOT: audit03.readLifecycle.reader.p0.m1.field6.bad3|В сохраненном снимке Results поле Concrete.PrincipalAngle содержит нечисловое значение: ReadLifecycle!T12. Повторите импорт геометрии или расчет, чтобы восстановить корректный снимок.
OK: audit03.readLifecycle.reader.p0.m1.field6.bad3.recovery
OK: audit03.readLifecycle.reader.p0.m1.field6.bad4.error
OK: audit03.readLifecycle.reader.p0.m1.field6.bad4.field
OK: audit03.readLifecycle.reader.p0.m1.field6.bad4.address
OK: audit03.readLifecycle.reader.p0.m1.field6.bad4.action
OK: audit03.readLifecycle.reader.p0.m1.field6.bad4.empty
OK: audit03.readLifecycle.reader.p0.m1.field6.bad4.clearedPlane
OK: audit03.readLifecycle.reader.p0.m1.field6.bad4.clearedSelection
READ_LIFECYCLE_SNAPSHOT: audit03.readLifecycle.reader.p0.m1.field6.bad4|В сохраненном снимке Results поле Concrete.PrincipalAngle содержит нечисловое значение: ReadLifecycle!T12. Повторите импорт геометрии или расчет, чтобы восстановить корректный снимок.
OK: audit03.readLifecycle.reader.p0.m1.field6.bad4.recovery
OK: audit03.readLifecycle.reader.p0.m1.field7.bad0.error
OK: audit03.readLifecycle.reader.p0.m1.field7.bad0.field
OK: audit03.readLifecycle.reader.p0.m1.field7.bad0.address
OK: audit03.readLifecycle.reader.p0.m1.field7.bad0.action
OK: audit03.readLifecycle.reader.p0.m1.field7.bad0.empty
OK: audit03.readLifecycle.reader.p0.m1.field7.bad0.clearedPlane
OK: audit03.readLifecycle.reader.p0.m1.field7.bad0.clearedSelection
READ_LIFECYCLE_SNAPSHOT: audit03.readLifecycle.reader.p0.m1.field7.bad0|В сохраненном снимке Results поле Transformed.CentroidX содержит нечисловое значение: ReadLifecycle!T13. Повторите импорт геометрии или расчет, чтобы восстановить корректный снимок.
OK: audit03.readLifecycle.reader.p0.m1.field7.bad0.recovery
OK: audit03.readLifecycle.reader.p0.m1.field7.bad1.error
OK: audit03.readLifecycle.reader.p0.m1.field7.bad1.field
OK: audit03.readLifecycle.reader.p0.m1.field7.bad1.address
OK: audit03.readLifecycle.reader.p0.m1.field7.bad1.action
OK: audit03.readLifecycle.reader.p0.m1.field7.bad1.empty
OK: audit03.readLifecycle.reader.p0.m1.field7.bad1.clearedPlane
OK: audit03.readLifecycle.reader.p0.m1.field7.bad1.clearedSelection
READ_LIFECYCLE_SNAPSHOT: audit03.readLifecycle.reader.p0.m1.field7.bad1|В сохраненном снимке Results поле Transformed.CentroidX содержит нечисловое значение: ReadLifecycle!T13. Повторите импорт геометрии или расчет, чтобы восстановить корректный снимок.
OK: audit03.readLifecycle.reader.p0.m1.field7.bad1.recovery
OK: audit03.readLifecycle.reader.p0.m1.field7.bad2.error
OK: audit03.readLifecycle.reader.p0.m1.field7.bad2.field
OK: audit03.readLifecycle.reader.p0.m1.field7.bad2.address
OK: audit03.readLifecycle.reader.p0.m1.field7.bad2.action
OK: audit03.readLifecycle.reader.p0.m1.field7.bad2.empty
OK: audit03.readLifecycle.reader.p0.m1.field7.bad2.clearedPlane
OK: audit03.readLifecycle.reader.p0.m1.field7.bad2.clearedSelection
READ_LIFECYCLE_SNAPSHOT: audit03.readLifecycle.reader.p0.m1.field7.bad2|В сохраненном снимке Results поле Transformed.CentroidX содержит нечисловое значение: ReadLifecycle!T13. Повторите импорт геометрии или расчет, чтобы восстановить корректный снимок.
OK: audit03.readLifecycle.reader.p0.m1.field7.bad2.recovery
OK: audit03.readLifecycle.reader.p0.m1.field7.bad3.error
OK: audit03.readLifecycle.reader.p0.m1.field7.bad3.field
OK: audit03.readLifecycle.reader.p0.m1.field7.bad3.address
OK: audit03.readLifecycle.reader.p0.m1.field7.bad3.action
OK: audit03.readLifecycle.reader.p0.m1.field7.bad3.empty
OK: audit03.readLifecycle.reader.p0.m1.field7.bad3.clearedPlane
OK: audit03.readLifecycle.reader.p0.m1.field7.bad3.clearedSelection
READ_LIFECYCLE_SNAPSHOT: audit03.readLifecycle.reader.p0.m1.field7.bad3|В сохраненном снимке Results поле Transformed.CentroidX содержит нечисловое значение: ReadLifecycle!T13. Повторите импорт геометрии или расчет, чтобы восстановить корректный снимок.
OK: audit03.readLifecycle.reader.p0.m1.field7.bad3.recovery
OK: audit03.readLifecycle.reader.p0.m1.field7.bad4.error
OK: audit03.readLifecycle.reader.p0.m1.field7.bad4.field
OK: audit03.readLifecycle.reader.p0.m1.field7.bad4.address
OK: audit03.readLifecycle.reader.p0.m1.field7.bad4.action
OK: audit03.readLifecycle.reader.p0.m1.field7.bad4.empty
OK: audit03.readLifecycle.reader.p0.m1.field7.bad4.clearedPlane
OK: audit03.readLifecycle.reader.p0.m1.field7.bad4.clearedSelection
READ_LIFECYCLE_SNAPSHOT: audit03.readLifecycle.reader.p0.m1.field7.bad4|В сохраненном снимке Results поле Transformed.CentroidX содержит нечисловое значение: ReadLifecycle!T13. Повторите импорт геометрии или расчет, чтобы восстановить корректный снимок.
OK: audit03.readLifecycle.reader.p0.m1.field7.bad4.recovery
OK: audit03.readLifecycle.reader.p0.m1.field8.bad0.error
OK: audit03.readLifecycle.reader.p0.m1.field8.bad0.field
OK: audit03.readLifecycle.reader.p0.m1.field8.bad0.address
OK: audit03.readLifecycle.reader.p0.m1.field8.bad0.action
OK: audit03.readLifecycle.reader.p0.m1.field8.bad0.empty
OK: audit03.readLifecycle.reader.p0.m1.field8.bad0.clearedPlane
OK: audit03.readLifecycle.reader.p0.m1.field8.bad0.clearedSelection
READ_LIFECYCLE_SNAPSHOT: audit03.readLifecycle.reader.p0.m1.field8.bad0|В сохраненном снимке Results поле Transformed.CentroidY содержит нечисловое значение: ReadLifecycle!T14. Повторите импорт геометрии или расчет, чтобы восстановить корректный снимок.
OK: audit03.readLifecycle.reader.p0.m1.field8.bad0.recovery
OK: audit03.readLifecycle.reader.p0.m1.field8.bad1.error
OK: audit03.readLifecycle.reader.p0.m1.field8.bad1.field
OK: audit03.readLifecycle.reader.p0.m1.field8.bad1.address
OK: audit03.readLifecycle.reader.p0.m1.field8.bad1.action
OK: audit03.readLifecycle.reader.p0.m1.field8.bad1.empty
OK: audit03.readLifecycle.reader.p0.m1.field8.bad1.clearedPlane
OK: audit03.readLifecycle.reader.p0.m1.field8.bad1.clearedSelection
READ_LIFECYCLE_SNAPSHOT: audit03.readLifecycle.reader.p0.m1.field8.bad1|В сохраненном снимке Results поле Transformed.CentroidY содержит нечисловое значение: ReadLifecycle!T14. Повторите импорт геометрии или расчет, чтобы восстановить корректный снимок.
OK: audit03.readLifecycle.reader.p0.m1.field8.bad1.recovery
OK: audit03.readLifecycle.reader.p0.m1.field8.bad2.error
OK: audit03.readLifecycle.reader.p0.m1.field8.bad2.field
OK: audit03.readLifecycle.reader.p0.m1.field8.bad2.address
OK: audit03.readLifecycle.reader.p0.m1.field8.bad2.action
OK: audit03.readLifecycle.reader.p0.m1.field8.bad2.empty
OK: audit03.readLifecycle.reader.p0.m1.field8.bad2.clearedPlane
OK: audit03.readLifecycle.reader.p0.m1.field8.bad2.clearedSelection
READ_LIFECYCLE_SNAPSHOT: audit03.readLifecycle.reader.p0.m1.field8.bad2|В сохраненном снимке Results поле Transformed.CentroidY содержит нечисловое значение: ReadLifecycle!T14. Повторите импорт геометрии или расчет, чтобы восстановить корректный снимок.
OK: audit03.readLifecycle.reader.p0.m1.field8.bad2.recovery
OK: audit03.readLifecycle.reader.p0.m1.field8.bad3.error
OK: audit03.readLifecycle.reader.p0.m1.field8.bad3.field
OK: audit03.readLifecycle.reader.p0.m1.field8.bad3.address
OK: audit03.readLifecycle.reader.p0.m1.field8.bad3.action
OK: audit03.readLifecycle.reader.p0.m1.field8.bad3.empty
OK: audit03.readLifecycle.reader.p0.m1.field8.bad3.clearedPlane
OK: audit03.readLifecycle.reader.p0.m1.field8.bad3.clearedSelection
READ_LIFECYCLE_SNAPSHOT: audit03.readLifecycle.reader.p0.m1.field8.bad3|В сохраненном снимке Results поле Transformed.CentroidY содержит нечисловое значение: ReadLifecycle!T14. Повторите импорт геометрии или расчет, чтобы восстановить корректный снимок.
OK: audit03.readLifecycle.reader.p0.m1.field8.bad3.recovery
OK: audit03.readLifecycle.reader.p0.m1.field8.bad4.error
OK: audit03.readLifecycle.reader.p0.m1.field8.bad4.field
OK: audit03.readLifecycle.reader.p0.m1.field8.bad4.address
OK: audit03.readLifecycle.reader.p0.m1.field8.bad4.action
OK: audit03.readLifecycle.reader.p0.m1.field8.bad4.empty
OK: audit03.readLifecycle.reader.p0.m1.field8.bad4.clearedPlane
OK: audit03.readLifecycle.reader.p0.m1.field8.bad4.clearedSelection
READ_LIFECYCLE_SNAPSHOT: audit03.readLifecycle.reader.p0.m1.field8.bad4|В сохраненном снимке Results поле Transformed.CentroidY содержит нечисловое значение: ReadLifecycle!T14. Повторите импорт геометрии или расчет, чтобы восстановить корректный снимок.
OK: audit03.readLifecycle.reader.p0.m1.field8.bad4.recovery
OK: audit03.readLifecycle.reader.p0.m1.field9.bad0.error
OK: audit03.readLifecycle.reader.p0.m1.field9.bad0.field
OK: audit03.readLifecycle.reader.p0.m1.field9.bad0.address
OK: audit03.readLifecycle.reader.p0.m1.field9.bad0.action
OK: audit03.readLifecycle.reader.p0.m1.field9.bad0.empty
OK: audit03.readLifecycle.reader.p0.m1.field9.bad0.clearedPlane
OK: audit03.readLifecycle.reader.p0.m1.field9.bad0.clearedSelection
READ_LIFECYCLE_SNAPSHOT: audit03.readLifecycle.reader.p0.m1.field9.bad0|В сохраненном снимке Results поле Transformed.PrincipalAngle содержит нечисловое значение: ReadLifecycle!T15. Повторите импорт геометрии или расчет, чтобы восстановить корректный снимок.
OK: audit03.readLifecycle.reader.p0.m1.field9.bad0.recovery
OK: audit03.readLifecycle.reader.p0.m1.field9.bad1.error
OK: audit03.readLifecycle.reader.p0.m1.field9.bad1.field
OK: audit03.readLifecycle.reader.p0.m1.field9.bad1.address
OK: audit03.readLifecycle.reader.p0.m1.field9.bad1.action
OK: audit03.readLifecycle.reader.p0.m1.field9.bad1.empty
OK: audit03.readLifecycle.reader.p0.m1.field9.bad1.clearedPlane
OK: audit03.readLifecycle.reader.p0.m1.field9.bad1.clearedSelection
READ_LIFECYCLE_SNAPSHOT: audit03.readLifecycle.reader.p0.m1.field9.bad1|В сохраненном снимке Results поле Transformed.PrincipalAngle содержит нечисловое значение: ReadLifecycle!T15. Повторите импорт геометрии или расчет, чтобы восстановить корректный снимок.
OK: audit03.readLifecycle.reader.p0.m1.field9.bad1.recovery
OK: audit03.readLifecycle.reader.p0.m1.field9.bad2.error
OK: audit03.readLifecycle.reader.p0.m1.field9.bad2.field
OK: audit03.readLifecycle.reader.p0.m1.field9.bad2.address
OK: audit03.readLifecycle.reader.p0.m1.field9.bad2.action
OK: audit03.readLifecycle.reader.p0.m1.field9.bad2.empty
OK: audit03.readLifecycle.reader.p0.m1.field9.bad2.clearedPlane
OK: audit03.readLifecycle.reader.p0.m1.field9.bad2.clearedSelection
READ_LIFECYCLE_SNAPSHOT: audit03.readLifecycle.reader.p0.m1.field9.bad2|В сохраненном снимке Results поле Transformed.PrincipalAngle содержит нечисловое значение: ReadLifecycle!T15. Повторите импорт геометрии или расчет, чтобы восстановить корректный снимок.
OK: audit03.readLifecycle.reader.p0.m1.field9.bad2.recovery
OK: audit03.readLifecycle.reader.p0.m1.field9.bad3.error
OK: audit03.readLifecycle.reader.p0.m1.field9.bad3.field
OK: audit03.readLifecycle.reader.p0.m1.field9.bad3.address
OK: audit03.readLifecycle.reader.p0.m1.field9.bad3.action
OK: audit03.readLifecycle.reader.p0.m1.field9.bad3.empty
OK: audit03.readLifecycle.reader.p0.m1.field9.bad3.clearedPlane
OK: audit03.readLifecycle.reader.p0.m1.field9.bad3.clearedSelection
READ_LIFECYCLE_SNAPSHOT: audit03.readLifecycle.reader.p0.m1.field9.bad3|В сохраненном снимке Results поле Transformed.PrincipalAngle содержит нечисловое значение: ReadLifecycle!T15. Повторите импорт геометрии или расчет, чтобы восстановить корректный снимок.
OK: audit03.readLifecycle.reader.p0.m1.field9.bad3.recovery
OK: audit03.readLifecycle.reader.p0.m1.field9.bad4.error
OK: audit03.readLifecycle.reader.p0.m1.field9.bad4.field
OK: audit03.readLifecycle.reader.p0.m1.field9.bad4.address
OK: audit03.readLifecycle.reader.p0.m1.field9.bad4.action
OK: audit03.readLifecycle.reader.p0.m1.field9.bad4.empty
OK: audit03.readLifecycle.reader.p0.m1.field9.bad4.clearedPlane
OK: audit03.readLifecycle.reader.p0.m1.field9.bad4.clearedSelection
READ_LIFECYCLE_SNAPSHOT: audit03.readLifecycle.reader.p0.m1.field9.bad4|В сохраненном снимке Results поле Transformed.PrincipalAngle содержит нечисловое значение: ReadLifecycle!T15. Повторите импорт геометрии или расчет, чтобы восстановить корректный снимок.
OK: audit03.readLifecycle.reader.p0.m1.field9.bad4.recovery
OK: audit03.readLifecycle.reader.p0.m1.field10.bad0.error
OK: audit03.readLifecycle.reader.p0.m1.field10.bad0.field
OK: audit03.readLifecycle.reader.p0.m1.field10.bad0.address
OK: audit03.readLifecycle.reader.p0.m1.field10.bad0.action
OK: audit03.readLifecycle.reader.p0.m1.field10.bad0.empty
OK: audit03.readLifecycle.reader.p0.m1.field10.bad0.clearedPlane
OK: audit03.readLifecycle.reader.p0.m1.field10.bad0.clearedSelection
READ_LIFECYCLE_SNAPSHOT: audit03.readLifecycle.reader.p0.m1.field10.bad0|В сохраненном снимке Results поле LoadReferenceX содержит нечисловое значение: ReadLifecycle!T16. Повторите импорт геометрии или расчет, чтобы восстановить корректный снимок.
OK: audit03.readLifecycle.reader.p0.m1.field10.bad0.recovery
OK: audit03.readLifecycle.reader.p0.m1.field10.bad1.error
OK: audit03.readLifecycle.reader.p0.m1.field10.bad1.field
OK: audit03.readLifecycle.reader.p0.m1.field10.bad1.address
OK: audit03.readLifecycle.reader.p0.m1.field10.bad1.action
OK: audit03.readLifecycle.reader.p0.m1.field10.bad1.empty
OK: audit03.readLifecycle.reader.p0.m1.field10.bad1.clearedPlane
OK: audit03.readLifecycle.reader.p0.m1.field10.bad1.clearedSelection
READ_LIFECYCLE_SNAPSHOT: audit03.readLifecycle.reader.p0.m1.field10.bad1|В сохраненном снимке Results поле LoadReferenceX содержит нечисловое значение: ReadLifecycle!T16. Повторите импорт геометрии или расчет, чтобы восстановить корректный снимок.
OK: audit03.readLifecycle.reader.p0.m1.field10.bad1.recovery
OK: audit03.readLifecycle.reader.p0.m1.field10.bad2.error
OK: audit03.readLifecycle.reader.p0.m1.field10.bad2.field
OK: audit03.readLifecycle.reader.p0.m1.field10.bad2.address
OK: audit03.readLifecycle.reader.p0.m1.field10.bad2.action
OK: audit03.readLifecycle.reader.p0.m1.field10.bad2.empty
OK: audit03.readLifecycle.reader.p0.m1.field10.bad2.clearedPlane
OK: audit03.readLifecycle.reader.p0.m1.field10.bad2.clearedSelection
READ_LIFECYCLE_SNAPSHOT: audit03.readLifecycle.reader.p0.m1.field10.bad2|В сохраненном снимке Results поле LoadReferenceX содержит нечисловое значение: ReadLifecycle!T16. Повторите импорт геометрии или расчет, чтобы восстановить корректный снимок.
OK: audit03.readLifecycle.reader.p0.m1.field10.bad2.recovery
OK: audit03.readLifecycle.reader.p0.m1.field10.bad3.error
OK: audit03.readLifecycle.reader.p0.m1.field10.bad3.field
OK: audit03.readLifecycle.reader.p0.m1.field10.bad3.address
OK: audit03.readLifecycle.reader.p0.m1.field10.bad3.action
OK: audit03.readLifecycle.reader.p0.m1.field10.bad3.empty
OK: audit03.readLifecycle.reader.p0.m1.field10.bad3.clearedPlane
OK: audit03.readLifecycle.reader.p0.m1.field10.bad3.clearedSelection
READ_LIFECYCLE_SNAPSHOT: audit03.readLifecycle.reader.p0.m1.field10.bad3|В сохраненном снимке Results поле LoadReferenceX содержит нечисловое значение: ReadLifecycle!T16. Повторите импорт геометрии или расчет, чтобы восстановить корректный снимок.
OK: audit03.readLifecycle.reader.p0.m1.field10.bad3.recovery
OK: audit03.readLifecycle.reader.p0.m1.field10.bad4.error
OK: audit03.readLifecycle.reader.p0.m1.field10.bad4.field
OK: audit03.readLifecycle.reader.p0.m1.field10.bad4.address
OK: audit03.readLifecycle.reader.p0.m1.field10.bad4.action
OK: audit03.readLifecycle.reader.p0.m1.field10.bad4.empty
OK: audit03.readLifecycle.reader.p0.m1.field10.bad4.clearedPlane
OK: audit03.readLifecycle.reader.p0.m1.field10.bad4.clearedSelection
READ_LIFECYCLE_SNAPSHOT: audit03.readLifecycle.reader.p0.m1.field10.bad4|В сохраненном снимке Results поле LoadReferenceX содержит нечисловое значение: ReadLifecycle!T16. Повторите импорт геометрии или расчет, чтобы восстановить корректный снимок.
OK: audit03.readLifecycle.reader.p0.m1.field10.bad4.recovery
OK: audit03.readLifecycle.reader.p0.m1.field11.bad0.error
OK: audit03.readLifecycle.reader.p0.m1.field11.bad0.field
OK: audit03.readLifecycle.reader.p0.m1.field11.bad0.address
OK: audit03.readLifecycle.reader.p0.m1.field11.bad0.action
OK: audit03.readLifecycle.reader.p0.m1.field11.bad0.empty
OK: audit03.readLifecycle.reader.p0.m1.field11.bad0.clearedPlane
OK: audit03.readLifecycle.reader.p0.m1.field11.bad0.clearedSelection
READ_LIFECYCLE_SNAPSHOT: audit03.readLifecycle.reader.p0.m1.field11.bad0|В сохраненном снимке Results поле LoadReferenceY содержит нечисловое значение: ReadLifecycle!T17. Повторите импорт геометрии или расчет, чтобы восстановить корректный снимок.
OK: audit03.readLifecycle.reader.p0.m1.field11.bad0.recovery
OK: audit03.readLifecycle.reader.p0.m1.field11.bad1.error
OK: audit03.readLifecycle.reader.p0.m1.field11.bad1.field
OK: audit03.readLifecycle.reader.p0.m1.field11.bad1.address
OK: audit03.readLifecycle.reader.p0.m1.field11.bad1.action
OK: audit03.readLifecycle.reader.p0.m1.field11.bad1.empty
OK: audit03.readLifecycle.reader.p0.m1.field11.bad1.clearedPlane
OK: audit03.readLifecycle.reader.p0.m1.field11.bad1.clearedSelection
READ_LIFECYCLE_SNAPSHOT: audit03.readLifecycle.reader.p0.m1.field11.bad1|В сохраненном снимке Results поле LoadReferenceY содержит нечисловое значение: ReadLifecycle!T17. Повторите импорт геометрии или расчет, чтобы восстановить корректный снимок.
OK: audit03.readLifecycle.reader.p0.m1.field11.bad1.recovery
OK: audit03.readLifecycle.reader.p0.m1.field11.bad2.error
OK: audit03.readLifecycle.reader.p0.m1.field11.bad2.field
OK: audit03.readLifecycle.reader.p0.m1.field11.bad2.address
OK: audit03.readLifecycle.reader.p0.m1.field11.bad2.action
OK: audit03.readLifecycle.reader.p0.m1.field11.bad2.empty
OK: audit03.readLifecycle.reader.p0.m1.field11.bad2.clearedPlane
OK: audit03.readLifecycle.reader.p0.m1.field11.bad2.clearedSelection
READ_LIFECYCLE_SNAPSHOT: audit03.readLifecycle.reader.p0.m1.field11.bad2|В сохраненном снимке Results поле LoadReferenceY содержит нечисловое значение: ReadLifecycle!T17. Повторите импорт геометрии или расчет, чтобы восстановить корректный снимок.
OK: audit03.readLifecycle.reader.p0.m1.field11.bad2.recovery
OK: audit03.readLifecycle.reader.p0.m1.field11.bad3.error
OK: audit03.readLifecycle.reader.p0.m1.field11.bad3.field
OK: audit03.readLifecycle.reader.p0.m1.field11.bad3.address
OK: audit03.readLifecycle.reader.p0.m1.field11.bad3.action
OK: audit03.readLifecycle.reader.p0.m1.field11.bad3.empty
OK: audit03.readLifecycle.reader.p0.m1.field11.bad3.clearedPlane
OK: audit03.readLifecycle.reader.p0.m1.field11.bad3.clearedSelection
READ_LIFECYCLE_SNAPSHOT: audit03.readLifecycle.reader.p0.m1.field11.bad3|В сохраненном снимке Results поле LoadReferenceY содержит нечисловое значение: ReadLifecycle!T17. Повторите импорт геометрии или расчет, чтобы восстановить корректный снимок.
OK: audit03.readLifecycle.reader.p0.m1.field11.bad3.recovery
OK: audit03.readLifecycle.reader.p0.m1.field11.bad4.error
OK: audit03.readLifecycle.reader.p0.m1.field11.bad4.field
OK: audit03.readLifecycle.reader.p0.m1.field11.bad4.address
OK: audit03.readLifecycle.reader.p0.m1.field11.bad4.action
OK: audit03.readLifecycle.reader.p0.m1.field11.bad4.empty
OK: audit03.readLifecycle.reader.p0.m1.field11.bad4.clearedPlane
OK: audit03.readLifecycle.reader.p0.m1.field11.bad4.clearedSelection
READ_LIFECYCLE_SNAPSHOT: audit03.readLifecycle.reader.p0.m1.field11.bad4|В сохраненном снимке Results поле LoadReferenceY содержит нечисловое значение: ReadLifecycle!T17. Повторите импорт геометрии или расчет, чтобы восстановить корректный снимок.
OK: audit03.readLifecycle.reader.p0.m1.field11.bad4.recovery
OK: audit03.readLifecycle.reader.late.p0.m1.error
OK: audit03.readLifecycle.reader.late.p0.m1.empty
OK: audit03.readLifecycle.reader.late.p0.m1.recovery
OK: audit03.readLifecycle.reader.baseline.p0.m2
OK: audit03.readLifecycle.reader.p0.m2.field0.bad0.error
OK: audit03.readLifecycle.reader.p0.m2.field0.bad0.field
OK: audit03.readLifecycle.reader.p0.m2.field0.bad0.address
OK: audit03.readLifecycle.reader.p0.m2.field0.bad0.action
OK: audit03.readLifecycle.reader.p0.m2.field0.bad0.empty
OK: audit03.readLifecycle.reader.p0.m2.field0.bad0.clearedPlane
OK: audit03.readLifecycle.reader.p0.m2.field0.bad0.clearedSelection
READ_LIFECYCLE_SNAPSHOT: audit03.readLifecycle.reader.p0.m2.field0.bad0|В сохраненном снимке Results поле Bounds.MinX содержит нечисловое значение: ReadLifecycle!T6. Повторите импорт геометрии или расчет, чтобы восстановить корректный снимок.
OK: audit03.readLifecycle.reader.p0.m2.field0.bad0.recovery
OK: audit03.readLifecycle.reader.p0.m2.field0.bad1.error
OK: audit03.readLifecycle.reader.p0.m2.field0.bad1.field
OK: audit03.readLifecycle.reader.p0.m2.field0.bad1.address
OK: audit03.readLifecycle.reader.p0.m2.field0.bad1.action
OK: audit03.readLifecycle.reader.p0.m2.field0.bad1.empty
OK: audit03.readLifecycle.reader.p0.m2.field0.bad1.clearedPlane
OK: audit03.readLifecycle.reader.p0.m2.field0.bad1.clearedSelection
READ_LIFECYCLE_SNAPSHOT: audit03.readLifecycle.reader.p0.m2.field0.bad1|В сохраненном снимке Results поле Bounds.MinX содержит нечисловое значение: ReadLifecycle!T6. Повторите импорт геометрии или расчет, чтобы восстановить корректный снимок.
OK: audit03.readLifecycle.reader.p0.m2.field0.bad1.recovery
OK: audit03.readLifecycle.reader.p0.m2.field0.bad2.error
OK: audit03.readLifecycle.reader.p0.m2.field0.bad2.field
OK: audit03.readLifecycle.reader.p0.m2.field0.bad2.address
OK: audit03.readLifecycle.reader.p0.m2.field0.bad2.action
OK: audit03.readLifecycle.reader.p0.m2.field0.bad2.empty
OK: audit03.readLifecycle.reader.p0.m2.field0.bad2.clearedPlane
OK: audit03.readLifecycle.reader.p0.m2.field0.bad2.clearedSelection
READ_LIFECYCLE_SNAPSHOT: audit03.readLifecycle.reader.p0.m2.field0.bad2|В сохраненном снимке Results поле Bounds.MinX содержит нечисловое значение: ReadLifecycle!T6. Повторите импорт геометрии или расчет, чтобы восстановить корректный снимок.
OK: audit03.readLifecycle.reader.p0.m2.field0.bad2.recovery
OK: audit03.readLifecycle.reader.p0.m2.field0.bad3.error
OK: audit03.readLifecycle.reader.p0.m2.field0.bad3.field
OK: audit03.readLifecycle.reader.p0.m2.field0.bad3.address
OK: audit03.readLifecycle.reader.p0.m2.field0.bad3.action
OK: audit03.readLifecycle.reader.p0.m2.field0.bad3.empty
OK: audit03.readLifecycle.reader.p0.m2.field0.bad3.clearedPlane
OK: audit03.readLifecycle.reader.p0.m2.field0.bad3.clearedSelection
READ_LIFECYCLE_SNAPSHOT: audit03.readLifecycle.reader.p0.m2.field0.bad3|В сохраненном снимке Results поле Bounds.MinX содержит нечисловое значение: ReadLifecycle!T6. Повторите импорт геометрии или расчет, чтобы восстановить корректный снимок.
OK: audit03.readLifecycle.reader.p0.m2.field0.bad3.recovery
OK: audit03.readLifecycle.reader.p0.m2.field0.bad4.error
OK: audit03.readLifecycle.reader.p0.m2.field0.bad4.field
OK: audit03.readLifecycle.reader.p0.m2.field0.bad4.address
OK: audit03.readLifecycle.reader.p0.m2.field0.bad4.action
OK: audit03.readLifecycle.reader.p0.m2.field0.bad4.empty
OK: audit03.readLifecycle.reader.p0.m2.field0.bad4.clearedPlane
OK: audit03.readLifecycle.reader.p0.m2.field0.bad4.clearedSelection
READ_LIFECYCLE_SNAPSHOT: audit03.readLifecycle.reader.p0.m2.field0.bad4|В сохраненном снимке Results поле Bounds.MinX содержит нечисловое значение: ReadLifecycle!T6. Повторите импорт геометрии или расчет, чтобы восстановить корректный снимок.
OK: audit03.readLifecycle.reader.p0.m2.field0.bad4.recovery
OK: audit03.readLifecycle.reader.p0.m2.field1.bad0.error
OK: audit03.readLifecycle.reader.p0.m2.field1.bad0.field
OK: audit03.readLifecycle.reader.p0.m2.field1.bad0.address
OK: audit03.readLifecycle.reader.p0.m2.field1.bad0.action
OK: audit03.readLifecycle.reader.p0.m2.field1.bad0.empty
OK: audit03.readLifecycle.reader.p0.m2.field1.bad0.clearedPlane
OK: audit03.readLifecycle.reader.p0.m2.field1.bad0.clearedSelection
READ_LIFECYCLE_SNAPSHOT: audit03.readLifecycle.reader.p0.m2.field1.bad0|В сохраненном снимке Results поле Bounds.MaxX содержит нечисловое значение: ReadLifecycle!T7. Повторите импорт геометрии или расчет, чтобы восстановить корректный снимок.
OK: audit03.readLifecycle.reader.p0.m2.field1.bad0.recovery
OK: audit03.readLifecycle.reader.p0.m2.field1.bad1.error
OK: audit03.readLifecycle.reader.p0.m2.field1.bad1.field
OK: audit03.readLifecycle.reader.p0.m2.field1.bad1.address
OK: audit03.readLifecycle.reader.p0.m2.field1.bad1.action
OK: audit03.readLifecycle.reader.p0.m2.field1.bad1.empty
OK: audit03.readLifecycle.reader.p0.m2.field1.bad1.clearedPlane
OK: audit03.readLifecycle.reader.p0.m2.field1.bad1.clearedSelection
READ_LIFECYCLE_SNAPSHOT: audit03.readLifecycle.reader.p0.m2.field1.bad1|В сохраненном снимке Results поле Bounds.MaxX содержит нечисловое значение: ReadLifecycle!T7. Повторите импорт геометрии или расчет, чтобы восстановить корректный снимок.
OK: audit03.readLifecycle.reader.p0.m2.field1.bad1.recovery
OK: audit03.readLifecycle.reader.p0.m2.field1.bad2.error
OK: audit03.readLifecycle.reader.p0.m2.field1.bad2.field
OK: audit03.readLifecycle.reader.p0.m2.field1.bad2.address
OK: audit03.readLifecycle.reader.p0.m2.field1.bad2.action
OK: audit03.readLifecycle.reader.p0.m2.field1.bad2.empty
OK: audit03.readLifecycle.reader.p0.m2.field1.bad2.clearedPlane
OK: audit03.readLifecycle.reader.p0.m2.field1.bad2.clearedSelection
READ_LIFECYCLE_SNAPSHOT: audit03.readLifecycle.reader.p0.m2.field1.bad2|В сохраненном снимке Results поле Bounds.MaxX содержит нечисловое значение: ReadLifecycle!T7. Повторите импорт геометрии или расчет, чтобы восстановить корректный снимок.
OK: audit03.readLifecycle.reader.p0.m2.field1.bad2.recovery
OK: audit03.readLifecycle.reader.p0.m2.field1.bad3.error
OK: audit03.readLifecycle.reader.p0.m2.field1.bad3.field
OK: audit03.readLifecycle.reader.p0.m2.field1.bad3.address
OK: audit03.readLifecycle.reader.p0.m2.field1.bad3.action
OK: audit03.readLifecycle.reader.p0.m2.field1.bad3.empty
OK: audit03.readLifecycle.reader.p0.m2.field1.bad3.clearedPlane
OK: audit03.readLifecycle.reader.p0.m2.field1.bad3.clearedSelection
READ_LIFECYCLE_SNAPSHOT: audit03.readLifecycle.reader.p0.m2.field1.bad3|В сохраненном снимке Results поле Bounds.MaxX содержит нечисловое значение: ReadLifecycle!T7. Повторите импорт геометрии или расчет, чтобы восстановить корректный снимок.
OK: audit03.readLifecycle.reader.p0.m2.field1.bad3.recovery
OK: audit03.readLifecycle.reader.p0.m2.field1.bad4.error
OK: audit03.readLifecycle.reader.p0.m2.field1.bad4.field
OK: audit03.readLifecycle.reader.p0.m2.field1.bad4.address
OK: audit03.readLifecycle.reader.p0.m2.field1.bad4.action
OK: audit03.readLifecycle.reader.p0.m2.field1.bad4.empty
OK: audit03.readLifecycle.reader.p0.m2.field1.bad4.clearedPlane
OK: audit03.readLifecycle.reader.p0.m2.field1.bad4.clearedSelection
READ_LIFECYCLE_SNAPSHOT: audit03.readLifecycle.reader.p0.m2.field1.bad4|В сохраненном снимке Results поле Bounds.MaxX содержит нечисловое значение: ReadLifecycle!T7. Повторите импорт геометрии или расчет, чтобы восстановить корректный снимок.
OK: audit03.readLifecycle.reader.p0.m2.field1.bad4.recovery
OK: audit03.readLifecycle.reader.p0.m2.field2.bad0.error
OK: audit03.readLifecycle.reader.p0.m2.field2.bad0.field
OK: audit03.readLifecycle.reader.p0.m2.field2.bad0.address
OK: audit03.readLifecycle.reader.p0.m2.field2.bad0.action
OK: audit03.readLifecycle.reader.p0.m2.field2.bad0.empty
OK: audit03.readLifecycle.reader.p0.m2.field2.bad0.clearedPlane
OK: audit03.readLifecycle.reader.p0.m2.field2.bad0.clearedSelection
READ_LIFECYCLE_SNAPSHOT: audit03.readLifecycle.reader.p0.m2.field2.bad0|В сохраненном снимке Results поле Bounds.MinY содержит нечисловое значение: ReadLifecycle!T8. Повторите импорт геометрии или расчет, чтобы восстановить корректный снимок.
OK: audit03.readLifecycle.reader.p0.m2.field2.bad0.recovery
OK: audit03.readLifecycle.reader.p0.m2.field2.bad1.error
OK: audit03.readLifecycle.reader.p0.m2.field2.bad1.field
OK: audit03.readLifecycle.reader.p0.m2.field2.bad1.address
OK: audit03.readLifecycle.reader.p0.m2.field2.bad1.action
OK: audit03.readLifecycle.reader.p0.m2.field2.bad1.empty
OK: audit03.readLifecycle.reader.p0.m2.field2.bad1.clearedPlane
OK: audit03.readLifecycle.reader.p0.m2.field2.bad1.clearedSelection
READ_LIFECYCLE_SNAPSHOT: audit03.readLifecycle.reader.p0.m2.field2.bad1|В сохраненном снимке Results поле Bounds.MinY содержит нечисловое значение: ReadLifecycle!T8. Повторите импорт геометрии или расчет, чтобы восстановить корректный снимок.
OK: audit03.readLifecycle.reader.p0.m2.field2.bad1.recovery
OK: audit03.readLifecycle.reader.p0.m2.field2.bad2.error
OK: audit03.readLifecycle.reader.p0.m2.field2.bad2.field
OK: audit03.readLifecycle.reader.p0.m2.field2.bad2.address
OK: audit03.readLifecycle.reader.p0.m2.field2.bad2.action
OK: audit03.readLifecycle.reader.p0.m2.field2.bad2.empty
OK: audit03.readLifecycle.reader.p0.m2.field2.bad2.clearedPlane
OK: audit03.readLifecycle.reader.p0.m2.field2.bad2.clearedSelection
READ_LIFECYCLE_SNAPSHOT: audit03.readLifecycle.reader.p0.m2.field2.bad2|В сохраненном снимке Results поле Bounds.MinY содержит нечисловое значение: ReadLifecycle!T8. Повторите импорт геометрии или расчет, чтобы восстановить корректный снимок.
OK: audit03.readLifecycle.reader.p0.m2.field2.bad2.recovery
OK: audit03.readLifecycle.reader.p0.m2.field2.bad3.error
OK: audit03.readLifecycle.reader.p0.m2.field2.bad3.field
OK: audit03.readLifecycle.reader.p0.m2.field2.bad3.address
OK: audit03.readLifecycle.reader.p0.m2.field2.bad3.action
OK: audit03.readLifecycle.reader.p0.m2.field2.bad3.empty
OK: audit03.readLifecycle.reader.p0.m2.field2.bad3.clearedPlane
OK: audit03.readLifecycle.reader.p0.m2.field2.bad3.clearedSelection
READ_LIFECYCLE_SNAPSHOT: audit03.readLifecycle.reader.p0.m2.field2.bad3|В сохраненном снимке Results поле Bounds.MinY содержит нечисловое значение: ReadLifecycle!T8. Повторите импорт геометрии или расчет, чтобы восстановить корректный снимок.
OK: audit03.readLifecycle.reader.p0.m2.field2.bad3.recovery
OK: audit03.readLifecycle.reader.p0.m2.field2.bad4.error
OK: audit03.readLifecycle.reader.p0.m2.field2.bad4.field
OK: audit03.readLifecycle.reader.p0.m2.field2.bad4.address
OK: audit03.readLifecycle.reader.p0.m2.field2.bad4.action
OK: audit03.readLifecycle.reader.p0.m2.field2.bad4.empty
OK: audit03.readLifecycle.reader.p0.m2.field2.bad4.clearedPlane
OK: audit03.readLifecycle.reader.p0.m2.field2.bad4.clearedSelection
READ_LIFECYCLE_SNAPSHOT: audit03.readLifecycle.reader.p0.m2.field2.bad4|В сохраненном снимке Results поле Bounds.MinY содержит нечисловое значение: ReadLifecycle!T8. Повторите импорт геометрии или расчет, чтобы восстановить корректный снимок.
OK: audit03.readLifecycle.reader.p0.m2.field2.bad4.recovery
OK: audit03.readLifecycle.reader.p0.m2.field3.bad0.error
OK: audit03.readLifecycle.reader.p0.m2.field3.bad0.field
OK: audit03.readLifecycle.reader.p0.m2.field3.bad0.address
OK: audit03.readLifecycle.reader.p0.m2.field3.bad0.action
OK: audit03.readLifecycle.reader.p0.m2.field3.bad0.empty
OK: audit03.readLifecycle.reader.p0.m2.field3.bad0.clearedPlane
OK: audit03.readLifecycle.reader.p0.m2.field3.bad0.clearedSelection
READ_LIFECYCLE_SNAPSHOT: audit03.readLifecycle.reader.p0.m2.field3.bad0|В сохраненном снимке Results поле Bounds.MaxY содержит нечисловое значение: ReadLifecycle!T9. Повторите импорт геометрии или расчет, чтобы восстановить корректный снимок.
OK: audit03.readLifecycle.reader.p0.m2.field3.bad0.recovery
OK: audit03.readLifecycle.reader.p0.m2.field3.bad1.error
OK: audit03.readLifecycle.reader.p0.m2.field3.bad1.field
OK: audit03.readLifecycle.reader.p0.m2.field3.bad1.address
OK: audit03.readLifecycle.reader.p0.m2.field3.bad1.action
OK: audit03.readLifecycle.reader.p0.m2.field3.bad1.empty
OK: audit03.readLifecycle.reader.p0.m2.field3.bad1.clearedPlane
OK: audit03.readLifecycle.reader.p0.m2.field3.bad1.clearedSelection
READ_LIFECYCLE_SNAPSHOT: audit03.readLifecycle.reader.p0.m2.field3.bad1|В сохраненном снимке Results поле Bounds.MaxY содержит нечисловое значение: ReadLifecycle!T9. Повторите импорт геометрии или расчет, чтобы восстановить корректный снимок.
OK: audit03.readLifecycle.reader.p0.m2.field3.bad1.recovery
OK: audit03.readLifecycle.reader.p0.m2.field3.bad2.error
OK: audit03.readLifecycle.reader.p0.m2.field3.bad2.field
OK: audit03.readLifecycle.reader.p0.m2.field3.bad2.address
OK: audit03.readLifecycle.reader.p0.m2.field3.bad2.action
OK: audit03.readLifecycle.reader.p0.m2.field3.bad2.empty
OK: audit03.readLifecycle.reader.p0.m2.field3.bad2.clearedPlane
OK: audit03.readLifecycle.reader.p0.m2.field3.bad2.clearedSelection
READ_LIFECYCLE_SNAPSHOT: audit03.readLifecycle.reader.p0.m2.field3.bad2|В сохраненном снимке Results поле Bounds.MaxY содержит нечисловое значение: ReadLifecycle!T9. Повторите импорт геометрии или расчет, чтобы восстановить корректный снимок.
OK: audit03.readLifecycle.reader.p0.m2.field3.bad2.recovery
OK: audit03.readLifecycle.reader.p0.m2.field3.bad3.error
OK: audit03.readLifecycle.reader.p0.m2.field3.bad3.field
OK: audit03.readLifecycle.reader.p0.m2.field3.bad3.address
OK: audit03.readLifecycle.reader.p0.m2.field3.bad3.action
OK: audit03.readLifecycle.reader.p0.m2.field3.bad3.empty
OK: audit03.readLifecycle.reader.p0.m2.field3.bad3.clearedPlane
OK: audit03.readLifecycle.reader.p0.m2.field3.bad3.clearedSelection
READ_LIFECYCLE_SNAPSHOT: audit03.readLifecycle.reader.p0.m2.field3.bad3|В сохраненном снимке Results поле Bounds.MaxY содержит нечисловое значение: ReadLifecycle!T9. Повторите импорт геометрии или расчет, чтобы восстановить корректный снимок.
OK: audit03.readLifecycle.reader.p0.m2.field3.bad3.recovery
OK: audit03.readLifecycle.reader.p0.m2.field3.bad4.error
OK: audit03.readLifecycle.reader.p0.m2.field3.bad4.field
OK: audit03.readLifecycle.reader.p0.m2.field3.bad4.address
OK: audit03.readLifecycle.reader.p0.m2.field3.bad4.action
OK: audit03.readLifecycle.reader.p0.m2.field3.bad4.empty
OK: audit03.readLifecycle.reader.p0.m2.field3.bad4.clearedPlane
OK: audit03.readLifecycle.reader.p0.m2.field3.bad4.clearedSelection
READ_LIFECYCLE_SNAPSHOT: audit03.readLifecycle.reader.p0.m2.field3.bad4|В сохраненном снимке Results поле Bounds.MaxY содержит нечисловое значение: ReadLifecycle!T9. Повторите импорт геометрии или расчет, чтобы восстановить корректный снимок.
OK: audit03.readLifecycle.reader.p0.m2.field3.bad4.recovery
OK: audit03.readLifecycle.reader.p0.m2.field4.bad0.error
OK: audit03.readLifecycle.reader.p0.m2.field4.bad0.field
OK: audit03.readLifecycle.reader.p0.m2.field4.bad0.address
OK: audit03.readLifecycle.reader.p0.m2.field4.bad0.action
OK: audit03.readLifecycle.reader.p0.m2.field4.bad0.empty
OK: audit03.readLifecycle.reader.p0.m2.field4.bad0.clearedPlane
OK: audit03.readLifecycle.reader.p0.m2.field4.bad0.clearedSelection
READ_LIFECYCLE_SNAPSHOT: audit03.readLifecycle.reader.p0.m2.field4.bad0|В сохраненном снимке Results поле Concrete.CentroidX содержит нечисловое значение: ReadLifecycle!T10. Повторите импорт геометрии или расчет, чтобы восстановить корректный снимок.
OK: audit03.readLifecycle.reader.p0.m2.field4.bad0.recovery
OK: audit03.readLifecycle.reader.p0.m2.field4.bad1.error
OK: audit03.readLifecycle.reader.p0.m2.field4.bad1.field
OK: audit03.readLifecycle.reader.p0.m2.field4.bad1.address
OK: audit03.readLifecycle.reader.p0.m2.field4.bad1.action
OK: audit03.readLifecycle.reader.p0.m2.field4.bad1.empty
OK: audit03.readLifecycle.reader.p0.m2.field4.bad1.clearedPlane
OK: audit03.readLifecycle.reader.p0.m2.field4.bad1.clearedSelection
READ_LIFECYCLE_SNAPSHOT: audit03.readLifecycle.reader.p0.m2.field4.bad1|В сохраненном снимке Results поле Concrete.CentroidX содержит нечисловое значение: ReadLifecycle!T10. Повторите импорт геометрии или расчет, чтобы восстановить корректный снимок.
OK: audit03.readLifecycle.reader.p0.m2.field4.bad1.recovery
OK: audit03.readLifecycle.reader.p0.m2.field4.bad2.error
OK: audit03.readLifecycle.reader.p0.m2.field4.bad2.field
OK: audit03.readLifecycle.reader.p0.m2.field4.bad2.address
OK: audit03.readLifecycle.reader.p0.m2.field4.bad2.action
OK: audit03.readLifecycle.reader.p0.m2.field4.bad2.empty
OK: audit03.readLifecycle.reader.p0.m2.field4.bad2.clearedPlane
OK: audit03.readLifecycle.reader.p0.m2.field4.bad2.clearedSelection
READ_LIFECYCLE_SNAPSHOT: audit03.readLifecycle.reader.p0.m2.field4.bad2|В сохраненном снимке Results поле Concrete.CentroidX содержит нечисловое значение: ReadLifecycle!T10. Повторите импорт геометрии или расчет, чтобы восстановить корректный снимок.
OK: audit03.readLifecycle.reader.p0.m2.field4.bad2.recovery
OK: audit03.readLifecycle.reader.p0.m2.field4.bad3.error
OK: audit03.readLifecycle.reader.p0.m2.field4.bad3.field
OK: audit03.readLifecycle.reader.p0.m2.field4.bad3.address
OK: audit03.readLifecycle.reader.p0.m2.field4.bad3.action
OK: audit03.readLifecycle.reader.p0.m2.field4.bad3.empty
OK: audit03.readLifecycle.reader.p0.m2.field4.bad3.clearedPlane
OK: audit03.readLifecycle.reader.p0.m2.field4.bad3.clearedSelection
READ_LIFECYCLE_SNAPSHOT: audit03.readLifecycle.reader.p0.m2.field4.bad3|В сохраненном снимке Results поле Concrete.CentroidX содержит нечисловое значение: ReadLifecycle!T10. Повторите импорт геометрии или расчет, чтобы восстановить корректный снимок.
OK: audit03.readLifecycle.reader.p0.m2.field4.bad3.recovery
OK: audit03.readLifecycle.reader.p0.m2.field4.bad4.error
OK: audit03.readLifecycle.reader.p0.m2.field4.bad4.field
OK: audit03.readLifecycle.reader.p0.m2.field4.bad4.address
OK: audit03.readLifecycle.reader.p0.m2.field4.bad4.action
OK: audit03.readLifecycle.reader.p0.m2.field4.bad4.empty
OK: audit03.readLifecycle.reader.p0.m2.field4.bad4.clearedPlane
OK: audit03.readLifecycle.reader.p0.m2.field4.bad4.clearedSelection
READ_LIFECYCLE_SNAPSHOT: audit03.readLifecycle.reader.p0.m2.field4.bad4|В сохраненном снимке Results поле Concrete.CentroidX содержит нечисловое значение: ReadLifecycle!T10. Повторите импорт геометрии или расчет, чтобы восстановить корректный снимок.
OK: audit03.readLifecycle.reader.p0.m2.field4.bad4.recovery
OK: audit03.readLifecycle.reader.p0.m2.field5.bad0.error
OK: audit03.readLifecycle.reader.p0.m2.field5.bad0.field
OK: audit03.readLifecycle.reader.p0.m2.field5.bad0.address
OK: audit03.readLifecycle.reader.p0.m2.field5.bad0.action
OK: audit03.readLifecycle.reader.p0.m2.field5.bad0.empty
OK: audit03.readLifecycle.reader.p0.m2.field5.bad0.clearedPlane
OK: audit03.readLifecycle.reader.p0.m2.field5.bad0.clearedSelection
READ_LIFECYCLE_SNAPSHOT: audit03.readLifecycle.reader.p0.m2.field5.bad0|В сохраненном снимке Results поле Concrete.CentroidY содержит нечисловое значение: ReadLifecycle!T11. Повторите импорт геометрии или расчет, чтобы восстановить корректный снимок.
OK: audit03.readLifecycle.reader.p0.m2.field5.bad0.recovery
OK: audit03.readLifecycle.reader.p0.m2.field5.bad1.error
OK: audit03.readLifecycle.reader.p0.m2.field5.bad1.field
OK: audit03.readLifecycle.reader.p0.m2.field5.bad1.address
OK: audit03.readLifecycle.reader.p0.m2.field5.bad1.action
OK: audit03.readLifecycle.reader.p0.m2.field5.bad1.empty
OK: audit03.readLifecycle.reader.p0.m2.field5.bad1.clearedPlane
OK: audit03.readLifecycle.reader.p0.m2.field5.bad1.clearedSelection
READ_LIFECYCLE_SNAPSHOT: audit03.readLifecycle.reader.p0.m2.field5.bad1|В сохраненном снимке Results поле Concrete.CentroidY содержит нечисловое значение: ReadLifecycle!T11. Повторите импорт геометрии или расчет, чтобы восстановить корректный снимок.
OK: audit03.readLifecycle.reader.p0.m2.field5.bad1.recovery
OK: audit03.readLifecycle.reader.p0.m2.field5.bad2.error
OK: audit03.readLifecycle.reader.p0.m2.field5.bad2.field
OK: audit03.readLifecycle.reader.p0.m2.field5.bad2.address
OK: audit03.readLifecycle.reader.p0.m2.field5.bad2.action
OK: audit03.readLifecycle.reader.p0.m2.field5.bad2.empty
OK: audit03.readLifecycle.reader.p0.m2.field5.bad2.clearedPlane
OK: audit03.readLifecycle.reader.p0.m2.field5.bad2.clearedSelection
READ_LIFECYCLE_SNAPSHOT: audit03.readLifecycle.reader.p0.m2.field5.bad2|В сохраненном снимке Results поле Concrete.CentroidY содержит нечисловое значение: ReadLifecycle!T11. Повторите импорт геометрии или расчет, чтобы восстановить корректный снимок.
OK: audit03.readLifecycle.reader.p0.m2.field5.bad2.recovery
OK: audit03.readLifecycle.reader.p0.m2.field5.bad3.error
OK: audit03.readLifecycle.reader.p0.m2.field5.bad3.field
OK: audit03.readLifecycle.reader.p0.m2.field5.bad3.address
OK: audit03.readLifecycle.reader.p0.m2.field5.bad3.action
OK: audit03.readLifecycle.reader.p0.m2.field5.bad3.empty
OK: audit03.readLifecycle.reader.p0.m2.field5.bad3.clearedPlane
OK: audit03.readLifecycle.reader.p0.m2.field5.bad3.clearedSelection
READ_LIFECYCLE_SNAPSHOT: audit03.readLifecycle.reader.p0.m2.field5.bad3|В сохраненном снимке Results поле Concrete.CentroidY содержит нечисловое значение: ReadLifecycle!T11. Повторите импорт геометрии или расчет, чтобы восстановить корректный снимок.
OK: audit03.readLifecycle.reader.p0.m2.field5.bad3.recovery
OK: audit03.readLifecycle.reader.p0.m2.field5.bad4.error
OK: audit03.readLifecycle.reader.p0.m2.field5.bad4.field
OK: audit03.readLifecycle.reader.p0.m2.field5.bad4.address
OK: audit03.readLifecycle.reader.p0.m2.field5.bad4.action
OK: audit03.readLifecycle.reader.p0.m2.field5.bad4.empty
OK: audit03.readLifecycle.reader.p0.m2.field5.bad4.clearedPlane
OK: audit03.readLifecycle.reader.p0.m2.field5.bad4.clearedSelection
READ_LIFECYCLE_SNAPSHOT: audit03.readLifecycle.reader.p0.m2.field5.bad4|В сохраненном снимке Results поле Concrete.CentroidY содержит нечисловое значение: ReadLifecycle!T11. Повторите импорт геометрии или расчет, чтобы восстановить корректный снимок.
OK: audit03.readLifecycle.reader.p0.m2.field5.bad4.recovery
OK: audit03.readLifecycle.reader.p0.m2.field6.bad0.error
OK: audit03.readLifecycle.reader.p0.m2.field6.bad0.field
OK: audit03.readLifecycle.reader.p0.m2.field6.bad0.address
OK: audit03.readLifecycle.reader.p0.m2.field6.bad0.action
OK: audit03.readLifecycle.reader.p0.m2.field6.bad0.empty
OK: audit03.readLifecycle.reader.p0.m2.field6.bad0.clearedPlane
OK: audit03.readLifecycle.reader.p0.m2.field6.bad0.clearedSelection
READ_LIFECYCLE_SNAPSHOT: audit03.readLifecycle.reader.p0.m2.field6.bad0|В сохраненном снимке Results поле Concrete.PrincipalAngle содержит нечисловое значение: ReadLifecycle!T12. Повторите импорт геометрии или расчет, чтобы восстановить корректный снимок.
OK: audit03.readLifecycle.reader.p0.m2.field6.bad0.recovery
OK: audit03.readLifecycle.reader.p0.m2.field6.bad1.error
OK: audit03.readLifecycle.reader.p0.m2.field6.bad1.field
OK: audit03.readLifecycle.reader.p0.m2.field6.bad1.address
OK: audit03.readLifecycle.reader.p0.m2.field6.bad1.action
OK: audit03.readLifecycle.reader.p0.m2.field6.bad1.empty
OK: audit03.readLifecycle.reader.p0.m2.field6.bad1.clearedPlane
OK: audit03.readLifecycle.reader.p0.m2.field6.bad1.clearedSelection
READ_LIFECYCLE_SNAPSHOT: audit03.readLifecycle.reader.p0.m2.field6.bad1|В сохраненном снимке Results поле Concrete.PrincipalAngle содержит нечисловое значение: ReadLifecycle!T12. Повторите импорт геометрии или расчет, чтобы восстановить корректный снимок.
OK: audit03.readLifecycle.reader.p0.m2.field6.bad1.recovery
OK: audit03.readLifecycle.reader.p0.m2.field6.bad2.error
OK: audit03.readLifecycle.reader.p0.m2.field6.bad2.field
OK: audit03.readLifecycle.reader.p0.m2.field6.bad2.address
OK: audit03.readLifecycle.reader.p0.m2.field6.bad2.action
OK: audit03.readLifecycle.reader.p0.m2.field6.bad2.empty
OK: audit03.readLifecycle.reader.p0.m2.field6.bad2.clearedPlane
OK: audit03.readLifecycle.reader.p0.m2.field6.bad2.clearedSelection
READ_LIFECYCLE_SNAPSHOT: audit03.readLifecycle.reader.p0.m2.field6.bad2|В сохраненном снимке Results поле Concrete.PrincipalAngle содержит нечисловое значение: ReadLifecycle!T12. Повторите импорт геометрии или расчет, чтобы восстановить корректный снимок.
OK: audit03.readLifecycle.reader.p0.m2.field6.bad2.recovery
OK: audit03.readLifecycle.reader.p0.m2.field6.bad3.error
OK: audit03.readLifecycle.reader.p0.m2.field6.bad3.field
OK: audit03.readLifecycle.reader.p0.m2.field6.bad3.address
OK: audit03.readLifecycle.reader.p0.m2.field6.bad3.action
OK: audit03.readLifecycle.reader.p0.m2.field6.bad3.empty
OK: audit03.readLifecycle.reader.p0.m2.field6.bad3.clearedPlane
OK: audit03.readLifecycle.reader.p0.m2.field6.bad3.clearedSelection
READ_LIFECYCLE_SNAPSHOT: audit03.readLifecycle.reader.p0.m2.field6.bad3|В сохраненном снимке Results поле Concrete.PrincipalAngle содержит нечисловое значение: ReadLifecycle!T12. Повторите импорт геометрии или расчет, чтобы восстановить корректный снимок.
OK: audit03.readLifecycle.reader.p0.m2.field6.bad3.recovery
OK: audit03.readLifecycle.reader.p0.m2.field6.bad4.error
OK: audit03.readLifecycle.reader.p0.m2.field6.bad4.field
OK: audit03.readLifecycle.reader.p0.m2.field6.bad4.address
OK: audit03.readLifecycle.reader.p0.m2.field6.bad4.action
OK: audit03.readLifecycle.reader.p0.m2.field6.bad4.empty
OK: audit03.readLifecycle.reader.p0.m2.field6.bad4.clearedPlane
OK: audit03.readLifecycle.reader.p0.m2.field6.bad4.clearedSelection
READ_LIFECYCLE_SNAPSHOT: audit03.readLifecycle.reader.p0.m2.field6.bad4|В сохраненном снимке Results поле Concrete.PrincipalAngle содержит нечисловое значение: ReadLifecycle!T12. Повторите импорт геометрии или расчет, чтобы восстановить корректный снимок.
OK: audit03.readLifecycle.reader.p0.m2.field6.bad4.recovery
OK: audit03.readLifecycle.reader.p0.m2.field7.bad0.error
OK: audit03.readLifecycle.reader.p0.m2.field7.bad0.field
OK: audit03.readLifecycle.reader.p0.m2.field7.bad0.address
OK: audit03.readLifecycle.reader.p0.m2.field7.bad0.action
OK: audit03.readLifecycle.reader.p0.m2.field7.bad0.empty
OK: audit03.readLifecycle.reader.p0.m2.field7.bad0.clearedPlane
OK: audit03.readLifecycle.reader.p0.m2.field7.bad0.clearedSelection
READ_LIFECYCLE_SNAPSHOT: audit03.readLifecycle.reader.p0.m2.field7.bad0|В сохраненном снимке Results поле Transformed.CentroidX содержит нечисловое значение: ReadLifecycle!T13. Повторите импорт геометрии или расчет, чтобы восстановить корректный снимок.
OK: audit03.readLifecycle.reader.p0.m2.field7.bad0.recovery
OK: audit03.readLifecycle.reader.p0.m2.field7.bad1.error
OK: audit03.readLifecycle.reader.p0.m2.field7.bad1.field
OK: audit03.readLifecycle.reader.p0.m2.field7.bad1.address
OK: audit03.readLifecycle.reader.p0.m2.field7.bad1.action
OK: audit03.readLifecycle.reader.p0.m2.field7.bad1.empty
OK: audit03.readLifecycle.reader.p0.m2.field7.bad1.clearedPlane
OK: audit03.readLifecycle.reader.p0.m2.field7.bad1.clearedSelection
READ_LIFECYCLE_SNAPSHOT: audit03.readLifecycle.reader.p0.m2.field7.bad1|В сохраненном снимке Results поле Transformed.CentroidX содержит нечисловое значение: ReadLifecycle!T13. Повторите импорт геометрии или расчет, чтобы восстановить корректный снимок.
OK: audit03.readLifecycle.reader.p0.m2.field7.bad1.recovery
OK: audit03.readLifecycle.reader.p0.m2.field7.bad2.error
OK: audit03.readLifecycle.reader.p0.m2.field7.bad2.field
OK: audit03.readLifecycle.reader.p0.m2.field7.bad2.address
OK: audit03.readLifecycle.reader.p0.m2.field7.bad2.action
OK: audit03.readLifecycle.reader.p0.m2.field7.bad2.empty
OK: audit03.readLifecycle.reader.p0.m2.field7.bad2.clearedPlane
OK: audit03.readLifecycle.reader.p0.m2.field7.bad2.clearedSelection
READ_LIFECYCLE_SNAPSHOT: audit03.readLifecycle.reader.p0.m2.field7.bad2|В сохраненном снимке Results поле Transformed.CentroidX содержит нечисловое значение: ReadLifecycle!T13. Повторите импорт геометрии или расчет, чтобы восстановить корректный снимок.
OK: audit03.readLifecycle.reader.p0.m2.field7.bad2.recovery
OK: audit03.readLifecycle.reader.p0.m2.field7.bad3.error
OK: audit03.readLifecycle.reader.p0.m2.field7.bad3.field
OK: audit03.readLifecycle.reader.p0.m2.field7.bad3.address
OK: audit03.readLifecycle.reader.p0.m2.field7.bad3.action
OK: audit03.readLifecycle.reader.p0.m2.field7.bad3.empty
OK: audit03.readLifecycle.reader.p0.m2.field7.bad3.clearedPlane
OK: audit03.readLifecycle.reader.p0.m2.field7.bad3.clearedSelection
READ_LIFECYCLE_SNAPSHOT: audit03.readLifecycle.reader.p0.m2.field7.bad3|В сохраненном снимке Results поле Transformed.CentroidX содержит нечисловое значение: ReadLifecycle!T13. Повторите импорт геометрии или расчет, чтобы восстановить корректный снимок.
OK: audit03.readLifecycle.reader.p0.m2.field7.bad3.recovery
OK: audit03.readLifecycle.reader.p0.m2.field7.bad4.error
OK: audit03.readLifecycle.reader.p0.m2.field7.bad4.field
OK: audit03.readLifecycle.reader.p0.m2.field7.bad4.address
OK: audit03.readLifecycle.reader.p0.m2.field7.bad4.action
OK: audit03.readLifecycle.reader.p0.m2.field7.bad4.empty
OK: audit03.readLifecycle.reader.p0.m2.field7.bad4.clearedPlane
OK: audit03.readLifecycle.reader.p0.m2.field7.bad4.clearedSelection
READ_LIFECYCLE_SNAPSHOT: audit03.readLifecycle.reader.p0.m2.field7.bad4|В сохраненном снимке Results поле Transformed.CentroidX содержит нечисловое значение: ReadLifecycle!T13. Повторите импорт геометрии или расчет, чтобы восстановить корректный снимок.
OK: audit03.readLifecycle.reader.p0.m2.field7.bad4.recovery
OK: audit03.readLifecycle.reader.p0.m2.field8.bad0.error
OK: audit03.readLifecycle.reader.p0.m2.field8.bad0.field
OK: audit03.readLifecycle.reader.p0.m2.field8.bad0.address
OK: audit03.readLifecycle.reader.p0.m2.field8.bad0.action
OK: audit03.readLifecycle.reader.p0.m2.field8.bad0.empty
OK: audit03.readLifecycle.reader.p0.m2.field8.bad0.clearedPlane
OK: audit03.readLifecycle.reader.p0.m2.field8.bad0.clearedSelection
READ_LIFECYCLE_SNAPSHOT: audit03.readLifecycle.reader.p0.m2.field8.bad0|В сохраненном снимке Results поле Transformed.CentroidY содержит нечисловое значение: ReadLifecycle!T14. Повторите импорт геометрии или расчет, чтобы восстановить корректный снимок.
OK: audit03.readLifecycle.reader.p0.m2.field8.bad0.recovery
OK: audit03.readLifecycle.reader.p0.m2.field8.bad1.error
OK: audit03.readLifecycle.reader.p0.m2.field8.bad1.field
OK: audit03.readLifecycle.reader.p0.m2.field8.bad1.address
OK: audit03.readLifecycle.reader.p0.m2.field8.bad1.action
OK: audit03.readLifecycle.reader.p0.m2.field8.bad1.empty
OK: audit03.readLifecycle.reader.p0.m2.field8.bad1.clearedPlane
OK: audit03.readLifecycle.reader.p0.m2.field8.bad1.clearedSelection
READ_LIFECYCLE_SNAPSHOT: audit03.readLifecycle.reader.p0.m2.field8.bad1|В сохраненном снимке Results поле Transformed.CentroidY содержит нечисловое значение: ReadLifecycle!T14. Повторите импорт геометрии или расчет, чтобы восстановить корректный снимок.
OK: audit03.readLifecycle.reader.p0.m2.field8.bad1.recovery
OK: audit03.readLifecycle.reader.p0.m2.field8.bad2.error
OK: audit03.readLifecycle.reader.p0.m2.field8.bad2.field
OK: audit03.readLifecycle.reader.p0.m2.field8.bad2.address
OK: audit03.readLifecycle.reader.p0.m2.field8.bad2.action
OK: audit03.readLifecycle.reader.p0.m2.field8.bad2.empty
OK: audit03.readLifecycle.reader.p0.m2.field8.bad2.clearedPlane
OK: audit03.readLifecycle.reader.p0.m2.field8.bad2.clearedSelection
READ_LIFECYCLE_SNAPSHOT: audit03.readLifecycle.reader.p0.m2.field8.bad2|В сохраненном снимке Results поле Transformed.CentroidY содержит нечисловое значение: ReadLifecycle!T14. Повторите импорт геометрии или расчет, чтобы восстановить корректный снимок.
OK: audit03.readLifecycle.reader.p0.m2.field8.bad2.recovery
OK: audit03.readLifecycle.reader.p0.m2.field8.bad3.error
OK: audit03.readLifecycle.reader.p0.m2.field8.bad3.field
OK: audit03.readLifecycle.reader.p0.m2.field8.bad3.address
OK: audit03.readLifecycle.reader.p0.m2.field8.bad3.action
OK: audit03.readLifecycle.reader.p0.m2.field8.bad3.empty
OK: audit03.readLifecycle.reader.p0.m2.field8.bad3.clearedPlane
OK: audit03.readLifecycle.reader.p0.m2.field8.bad3.clearedSelection
READ_LIFECYCLE_SNAPSHOT: audit03.readLifecycle.reader.p0.m2.field8.bad3|В сохраненном снимке Results поле Transformed.CentroidY содержит нечисловое значение: ReadLifecycle!T14. Повторите импорт геометрии или расчет, чтобы восстановить корректный снимок.
OK: audit03.readLifecycle.reader.p0.m2.field8.bad3.recovery
OK: audit03.readLifecycle.reader.p0.m2.field8.bad4.error
OK: audit03.readLifecycle.reader.p0.m2.field8.bad4.field
OK: audit03.readLifecycle.reader.p0.m2.field8.bad4.address
OK: audit03.readLifecycle.reader.p0.m2.field8.bad4.action
OK: audit03.readLifecycle.reader.p0.m2.field8.bad4.empty
OK: audit03.readLifecycle.reader.p0.m2.field8.bad4.clearedPlane
OK: audit03.readLifecycle.reader.p0.m2.field8.bad4.clearedSelection
READ_LIFECYCLE_SNAPSHOT: audit03.readLifecycle.reader.p0.m2.field8.bad4|В сохраненном снимке Results поле Transformed.CentroidY содержит нечисловое значение: ReadLifecycle!T14. Повторите импорт геометрии или расчет, чтобы восстановить корректный снимок.
OK: audit03.readLifecycle.reader.p0.m2.field8.bad4.recovery
OK: audit03.readLifecycle.reader.p0.m2.field9.bad0.error
OK: audit03.readLifecycle.reader.p0.m2.field9.bad0.field
OK: audit03.readLifecycle.reader.p0.m2.field9.bad0.address
OK: audit03.readLifecycle.reader.p0.m2.field9.bad0.action
OK: audit03.readLifecycle.reader.p0.m2.field9.bad0.empty
OK: audit03.readLifecycle.reader.p0.m2.field9.bad0.clearedPlane
OK: audit03.readLifecycle.reader.p0.m2.field9.bad0.clearedSelection
READ_LIFECYCLE_SNAPSHOT: audit03.readLifecycle.reader.p0.m2.field9.bad0|В сохраненном снимке Results поле Transformed.PrincipalAngle содержит нечисловое значение: ReadLifecycle!T15. Повторите импорт геометрии или расчет, чтобы восстановить корректный снимок.
OK: audit03.readLifecycle.reader.p0.m2.field9.bad0.recovery
OK: audit03.readLifecycle.reader.p0.m2.field9.bad1.error
OK: audit03.readLifecycle.reader.p0.m2.field9.bad1.field
OK: audit03.readLifecycle.reader.p0.m2.field9.bad1.address
OK: audit03.readLifecycle.reader.p0.m2.field9.bad1.action
OK: audit03.readLifecycle.reader.p0.m2.field9.bad1.empty
OK: audit03.readLifecycle.reader.p0.m2.field9.bad1.clearedPlane
OK: audit03.readLifecycle.reader.p0.m2.field9.bad1.clearedSelection
READ_LIFECYCLE_SNAPSHOT: audit03.readLifecycle.reader.p0.m2.field9.bad1|В сохраненном снимке Results поле Transformed.PrincipalAngle содержит нечисловое значение: ReadLifecycle!T15. Повторите импорт геометрии или расчет, чтобы восстановить корректный снимок.
OK: audit03.readLifecycle.reader.p0.m2.field9.bad1.recovery
OK: audit03.readLifecycle.reader.p0.m2.field9.bad2.error
OK: audit03.readLifecycle.reader.p0.m2.field9.bad2.field
OK: audit03.readLifecycle.reader.p0.m2.field9.bad2.address
OK: audit03.readLifecycle.reader.p0.m2.field9.bad2.action
OK: audit03.readLifecycle.reader.p0.m2.field9.bad2.empty
OK: audit03.readLifecycle.reader.p0.m2.field9.bad2.clearedPlane
OK: audit03.readLifecycle.reader.p0.m2.field9.bad2.clearedSelection
READ_LIFECYCLE_SNAPSHOT: audit03.readLifecycle.reader.p0.m2.field9.bad2|В сохраненном снимке Results поле Transformed.PrincipalAngle содержит нечисловое значение: ReadLifecycle!T15. Повторите импорт геометрии или расчет, чтобы восстановить корректный снимок.
OK: audit03.readLifecycle.reader.p0.m2.field9.bad2.recovery
OK: audit03.readLifecycle.reader.p0.m2.field9.bad3.error
OK: audit03.readLifecycle.reader.p0.m2.field9.bad3.field
OK: audit03.readLifecycle.reader.p0.m2.field9.bad3.address
OK: audit03.readLifecycle.reader.p0.m2.field9.bad3.action
OK: audit03.readLifecycle.reader.p0.m2.field9.bad3.empty
OK: audit03.readLifecycle.reader.p0.m2.field9.bad3.clearedPlane
OK: audit03.readLifecycle.reader.p0.m2.field9.bad3.clearedSelection
READ_LIFECYCLE_SNAPSHOT: audit03.readLifecycle.reader.p0.m2.field9.bad3|В сохраненном снимке Results поле Transformed.PrincipalAngle содержит нечисловое значение: ReadLifecycle!T15. Повторите импорт геометрии или расчет, чтобы восстановить корректный снимок.
OK: audit03.readLifecycle.reader.p0.m2.field9.bad3.recovery
OK: audit03.readLifecycle.reader.p0.m2.field9.bad4.error
OK: audit03.readLifecycle.reader.p0.m2.field9.bad4.field
OK: audit03.readLifecycle.reader.p0.m2.field9.bad4.address
OK: audit03.readLifecycle.reader.p0.m2.field9.bad4.action
OK: audit03.readLifecycle.reader.p0.m2.field9.bad4.empty
OK: audit03.readLifecycle.reader.p0.m2.field9.bad4.clearedPlane
OK: audit03.readLifecycle.reader.p0.m2.field9.bad4.clearedSelection
READ_LIFECYCLE_SNAPSHOT: audit03.readLifecycle.reader.p0.m2.field9.bad4|В сохраненном снимке Results поле Transformed.PrincipalAngle содержит нечисловое значение: ReadLifecycle!T15. Повторите импорт геометрии или расчет, чтобы восстановить корректный снимок.
OK: audit03.readLifecycle.reader.p0.m2.field9.bad4.recovery
OK: audit03.readLifecycle.reader.p0.m2.field10.bad0.error
OK: audit03.readLifecycle.reader.p0.m2.field10.bad0.field
OK: audit03.readLifecycle.reader.p0.m2.field10.bad0.address
OK: audit03.readLifecycle.reader.p0.m2.field10.bad0.action
OK: audit03.readLifecycle.reader.p0.m2.field10.bad0.empty
OK: audit03.readLifecycle.reader.p0.m2.field10.bad0.clearedPlane
OK: audit03.readLifecycle.reader.p0.m2.field10.bad0.clearedSelection
READ_LIFECYCLE_SNAPSHOT: audit03.readLifecycle.reader.p0.m2.field10.bad0|В сохраненном снимке Results поле LoadReferenceX содержит нечисловое значение: ReadLifecycle!T16. Повторите импорт геометрии или расчет, чтобы восстановить корректный снимок.
OK: audit03.readLifecycle.reader.p0.m2.field10.bad0.recovery
OK: audit03.readLifecycle.reader.p0.m2.field10.bad1.error
OK: audit03.readLifecycle.reader.p0.m2.field10.bad1.field
OK: audit03.readLifecycle.reader.p0.m2.field10.bad1.address
OK: audit03.readLifecycle.reader.p0.m2.field10.bad1.action
OK: audit03.readLifecycle.reader.p0.m2.field10.bad1.empty
OK: audit03.readLifecycle.reader.p0.m2.field10.bad1.clearedPlane
OK: audit03.readLifecycle.reader.p0.m2.field10.bad1.clearedSelection
READ_LIFECYCLE_SNAPSHOT: audit03.readLifecycle.reader.p0.m2.field10.bad1|В сохраненном снимке Results поле LoadReferenceX содержит нечисловое значение: ReadLifecycle!T16. Повторите импорт геометрии или расчет, чтобы восстановить корректный снимок.
OK: audit03.readLifecycle.reader.p0.m2.field10.bad1.recovery
OK: audit03.readLifecycle.reader.p0.m2.field10.bad2.error
OK: audit03.readLifecycle.reader.p0.m2.field10.bad2.field
OK: audit03.readLifecycle.reader.p0.m2.field10.bad2.address
OK: audit03.readLifecycle.reader.p0.m2.field10.bad2.action
OK: audit03.readLifecycle.reader.p0.m2.field10.bad2.empty
OK: audit03.readLifecycle.reader.p0.m2.field10.bad2.clearedPlane
OK: audit03.readLifecycle.reader.p0.m2.field10.bad2.clearedSelection
READ_LIFECYCLE_SNAPSHOT: audit03.readLifecycle.reader.p0.m2.field10.bad2|В сохраненном снимке Results поле LoadReferenceX содержит нечисловое значение: ReadLifecycle!T16. Повторите импорт геометрии или расчет, чтобы восстановить корректный снимок.
OK: audit03.readLifecycle.reader.p0.m2.field10.bad2.recovery
OK: audit03.readLifecycle.reader.p0.m2.field10.bad3.error
OK: audit03.readLifecycle.reader.p0.m2.field10.bad3.field
OK: audit03.readLifecycle.reader.p0.m2.field10.bad3.address
OK: audit03.readLifecycle.reader.p0.m2.field10.bad3.action
OK: audit03.readLifecycle.reader.p0.m2.field10.bad3.empty
OK: audit03.readLifecycle.reader.p0.m2.field10.bad3.clearedPlane
OK: audit03.readLifecycle.reader.p0.m2.field10.bad3.clearedSelection
READ_LIFECYCLE_SNAPSHOT: audit03.readLifecycle.reader.p0.m2.field10.bad3|В сохраненном снимке Results поле LoadReferenceX содержит нечисловое значение: ReadLifecycle!T16. Повторите импорт геометрии или расчет, чтобы восстановить корректный снимок.
OK: audit03.readLifecycle.reader.p0.m2.field10.bad3.recovery
OK: audit03.readLifecycle.reader.p0.m2.field10.bad4.error
OK: audit03.readLifecycle.reader.p0.m2.field10.bad4.field
OK: audit03.readLifecycle.reader.p0.m2.field10.bad4.address
OK: audit03.readLifecycle.reader.p0.m2.field10.bad4.action
OK: audit03.readLifecycle.reader.p0.m2.field10.bad4.empty
OK: audit03.readLifecycle.reader.p0.m2.field10.bad4.clearedPlane
OK: audit03.readLifecycle.reader.p0.m2.field10.bad4.clearedSelection
READ_LIFECYCLE_SNAPSHOT: audit03.readLifecycle.reader.p0.m2.field10.bad4|В сохраненном снимке Results поле LoadReferenceX содержит нечисловое значение: ReadLifecycle!T16. Повторите импорт геометрии или расчет, чтобы восстановить корректный снимок.
OK: audit03.readLifecycle.reader.p0.m2.field10.bad4.recovery
OK: audit03.readLifecycle.reader.p0.m2.field11.bad0.error
OK: audit03.readLifecycle.reader.p0.m2.field11.bad0.field
OK: audit03.readLifecycle.reader.p0.m2.field11.bad0.address
OK: audit03.readLifecycle.reader.p0.m2.field11.bad0.action
OK: audit03.readLifecycle.reader.p0.m2.field11.bad0.empty
OK: audit03.readLifecycle.reader.p0.m2.field11.bad0.clearedPlane
OK: audit03.readLifecycle.reader.p0.m2.field11.bad0.clearedSelection
READ_LIFECYCLE_SNAPSHOT: audit03.readLifecycle.reader.p0.m2.field11.bad0|В сохраненном снимке Results поле LoadReferenceY содержит нечисловое значение: ReadLifecycle!T17. Повторите импорт геометрии или расчет, чтобы восстановить корректный снимок.
OK: audit03.readLifecycle.reader.p0.m2.field11.bad0.recovery
OK: audit03.readLifecycle.reader.p0.m2.field11.bad1.error
OK: audit03.readLifecycle.reader.p0.m2.field11.bad1.field
OK: audit03.readLifecycle.reader.p0.m2.field11.bad1.address
OK: audit03.readLifecycle.reader.p0.m2.field11.bad1.action
OK: audit03.readLifecycle.reader.p0.m2.field11.bad1.empty
OK: audit03.readLifecycle.reader.p0.m2.field11.bad1.clearedPlane
OK: audit03.readLifecycle.reader.p0.m2.field11.bad1.clearedSelection
READ_LIFECYCLE_SNAPSHOT: audit03.readLifecycle.reader.p0.m2.field11.bad1|В сохраненном снимке Results поле LoadReferenceY содержит нечисловое значение: ReadLifecycle!T17. Повторите импорт геометрии или расчет, чтобы восстановить корректный снимок.
OK: audit03.readLifecycle.reader.p0.m2.field11.bad1.recovery
OK: audit03.readLifecycle.reader.p0.m2.field11.bad2.error
OK: audit03.readLifecycle.reader.p0.m2.field11.bad2.field
OK: audit03.readLifecycle.reader.p0.m2.field11.bad2.address
OK: audit03.readLifecycle.reader.p0.m2.field11.bad2.action
OK: audit03.readLifecycle.reader.p0.m2.field11.bad2.empty
OK: audit03.readLifecycle.reader.p0.m2.field11.bad2.clearedPlane
OK: audit03.readLifecycle.reader.p0.m2.field11.bad2.clearedSelection
READ_LIFECYCLE_SNAPSHOT: audit03.readLifecycle.reader.p0.m2.field11.bad2|В сохраненном снимке Results поле LoadReferenceY содержит нечисловое значение: ReadLifecycle!T17. Повторите импорт геометрии или расчет, чтобы восстановить корректный снимок.
OK: audit03.readLifecycle.reader.p0.m2.field11.bad2.recovery
OK: audit03.readLifecycle.reader.p0.m2.field11.bad3.error
OK: audit03.readLifecycle.reader.p0.m2.field11.bad3.field
OK: audit03.readLifecycle.reader.p0.m2.field11.bad3.address
OK: audit03.readLifecycle.reader.p0.m2.field11.bad3.action
OK: audit03.readLifecycle.reader.p0.m2.field11.bad3.empty
OK: audit03.readLifecycle.reader.p0.m2.field11.bad3.clearedPlane
OK: audit03.readLifecycle.reader.p0.m2.field11.bad3.clearedSelection
READ_LIFECYCLE_SNAPSHOT: audit03.readLifecycle.reader.p0.m2.field11.bad3|В сохраненном снимке Results поле LoadReferenceY содержит нечисловое значение: ReadLifecycle!T17. Повторите импорт геометрии или расчет, чтобы восстановить корректный снимок.
OK: audit03.readLifecycle.reader.p0.m2.field11.bad3.recovery
OK: audit03.readLifecycle.reader.p0.m2.field11.bad4.error
OK: audit03.readLifecycle.reader.p0.m2.field11.bad4.field
OK: audit03.readLifecycle.reader.p0.m2.field11.bad4.address
OK: audit03.readLifecycle.reader.p0.m2.field11.bad4.action
OK: audit03.readLifecycle.reader.p0.m2.field11.bad4.empty
OK: audit03.readLifecycle.reader.p0.m2.field11.bad4.clearedPlane
OK: audit03.readLifecycle.reader.p0.m2.field11.bad4.clearedSelection
READ_LIFECYCLE_SNAPSHOT: audit03.readLifecycle.reader.p0.m2.field11.bad4|В сохраненном снимке Results поле LoadReferenceY содержит нечисловое значение: ReadLifecycle!T17. Повторите импорт геометрии или расчет, чтобы восстановить корректный снимок.
OK: audit03.readLifecycle.reader.p0.m2.field11.bad4.recovery
FAIL: audit03.readLifecycle.reader.p0.m2.field12.bad0.error
FAIL: audit03.readLifecycle.reader.p0.m2.field12.bad0.field
FAIL: audit03.readLifecycle.reader.p0.m2.field12.bad0.address
FAIL: audit03.readLifecycle.reader.p0.m2.field12.bad0.action
FAIL: audit03.readLifecycle.reader.p0.m2.field12.bad0.empty
OK: audit03.readLifecycle.reader.p0.m2.field12.bad0.clearedPlane
FAIL: audit03.readLifecycle.reader.p0.m2.field12.bad0.clearedSelection
READ_LIFECYCLE_SNAPSHOT: audit03.readLifecycle.reader.p0.m2.field12.bad0|
OK: audit03.readLifecycle.reader.p0.m2.field12.bad0.recovery
FAIL: audit03.readLifecycle.reader.p0.m2.field12.bad1.error
FAIL: audit03.readLifecycle.reader.p0.m2.field12.bad1.field
FAIL: audit03.readLifecycle.reader.p0.m2.field12.bad1.address
FAIL: audit03.readLifecycle.reader.p0.m2.field12.bad1.action
FAIL: audit03.readLifecycle.reader.p0.m2.field12.bad1.empty
OK: audit03.readLifecycle.reader.p0.m2.field12.bad1.clearedPlane
FAIL: audit03.readLifecycle.reader.p0.m2.field12.bad1.clearedSelection
READ_LIFECYCLE_SNAPSHOT: audit03.readLifecycle.reader.p0.m2.field12.bad1|
OK: audit03.readLifecycle.reader.p0.m2.field12.bad1.recovery
FAIL: audit03.readLifecycle.reader.p0.m2.field12.bad2.error
FAIL: audit03.readLifecycle.reader.p0.m2.field12.bad2.field
FAIL: audit03.readLifecycle.reader.p0.m2.field12.bad2.address
FAIL: audit03.readLifecycle.reader.p0.m2.field12.bad2.action
FAIL: audit03.readLifecycle.reader.p0.m2.field12.bad2.empty
OK: audit03.readLifecycle.reader.p0.m2.field12.bad2.clearedPlane
FAIL: audit03.readLifecycle.reader.p0.m2.field12.bad2.clearedSelection
READ_LIFECYCLE_SNAPSHOT: audit03.readLifecycle.reader.p0.m2.field12.bad2|
OK: audit03.readLifecycle.reader.p0.m2.field12.bad2.recovery
FAIL: audit03.readLifecycle.reader.p0.m2.field12.bad3.error
FAIL: audit03.readLifecycle.reader.p0.m2.field12.bad3.field
FAIL: audit03.readLifecycle.reader.p0.m2.field12.bad3.address
FAIL: audit03.readLifecycle.reader.p0.m2.field12.bad3.action
FAIL: audit03.readLifecycle.reader.p0.m2.field12.bad3.empty
OK: audit03.readLifecycle.reader.p0.m2.field12.bad3.clearedPlane
FAIL: audit03.readLifecycle.reader.p0.m2.field12.bad3.clearedSelection
READ_LIFECYCLE_SNAPSHOT: audit03.readLifecycle.reader.p0.m2.field12.bad3|
OK: audit03.readLifecycle.reader.p0.m2.field12.bad3.recovery
FAIL: audit03.readLifecycle.reader.p0.m2.field12.bad4.error
FAIL: audit03.readLifecycle.reader.p0.m2.field12.bad4.field
FAIL: audit03.readLifecycle.reader.p0.m2.field12.bad4.address
FAIL: audit03.readLifecycle.reader.p0.m2.field12.bad4.action
FAIL: audit03.readLifecycle.reader.p0.m2.field12.bad4.empty
OK: audit03.readLifecycle.reader.p0.m2.field12.bad4.clearedPlane
FAIL: audit03.readLifecycle.reader.p0.m2.field12.bad4.clearedSelection
READ_LIFECYCLE_SNAPSHOT: audit03.readLifecycle.reader.p0.m2.field12.bad4|
OK: audit03.readLifecycle.reader.p0.m2.field12.bad4.recovery
FAIL: audit03.readLifecycle.reader.p0.m2.field13.bad0.error
FAIL: audit03.readLifecycle.reader.p0.m2.field13.bad0.field
FAIL: audit03.readLifecycle.reader.p0.m2.field13.bad0.address
FAIL: audit03.readLifecycle.reader.p0.m2.field13.bad0.action
FAIL: audit03.readLifecycle.reader.p0.m2.field13.bad0.empty
OK: audit03.readLifecycle.reader.p0.m2.field13.bad0.clearedPlane
FAIL: audit03.readLifecycle.reader.p0.m2.field13.bad0.clearedSelection
READ_LIFECYCLE_SNAPSHOT: audit03.readLifecycle.reader.p0.m2.field13.bad0|
OK: audit03.readLifecycle.reader.p0.m2.field13.bad0.recovery
FAIL: audit03.readLifecycle.reader.p0.m2.field13.bad1.error
FAIL: audit03.readLifecycle.reader.p0.m2.field13.bad1.field
FAIL: audit03.readLifecycle.reader.p0.m2.field13.bad1.address
FAIL: audit03.readLifecycle.reader.p0.m2.field13.bad1.action
FAIL: audit03.readLifecycle.reader.p0.m2.field13.bad1.empty
OK: audit03.readLifecycle.reader.p0.m2.field13.bad1.clearedPlane
FAIL: audit03.readLifecycle.reader.p0.m2.field13.bad1.clearedSelection
READ_LIFECYCLE_SNAPSHOT: audit03.readLifecycle.reader.p0.m2.field13.bad1|
OK: audit03.readLifecycle.reader.p0.m2.field13.bad1.recovery
FAIL: audit03.readLifecycle.reader.p0.m2.field13.bad2.error
FAIL: audit03.readLifecycle.reader.p0.m2.field13.bad2.field
FAIL: audit03.readLifecycle.reader.p0.m2.field13.bad2.address
FAIL: audit03.readLifecycle.reader.p0.m2.field13.bad2.action
FAIL: audit03.readLifecycle.reader.p0.m2.field13.bad2.empty
OK: audit03.readLifecycle.reader.p0.m2.field13.bad2.clearedPlane
FAIL: audit03.readLifecycle.reader.p0.m2.field13.bad2.clearedSelection
READ_LIFECYCLE_SNAPSHOT: audit03.readLifecycle.reader.p0.m2.field13.bad2|
OK: audit03.readLifecycle.reader.p0.m2.field13.bad2.recovery
FAIL: audit03.readLifecycle.reader.p0.m2.field13.bad3.error
FAIL: audit03.readLifecycle.reader.p0.m2.field13.bad3.field
FAIL: audit03.readLifecycle.reader.p0.m2.field13.bad3.address
FAIL: audit03.readLifecycle.reader.p0.m2.field13.bad3.action
FAIL: audit03.readLifecycle.reader.p0.m2.field13.bad3.empty
OK: audit03.readLifecycle.reader.p0.m2.field13.bad3.clearedPlane
FAIL: audit03.readLifecycle.reader.p0.m2.field13.bad3.clearedSelection
READ_LIFECYCLE_SNAPSHOT: audit03.readLifecycle.reader.p0.m2.field13.bad3|
OK: audit03.readLifecycle.reader.p0.m2.field13.bad3.recovery
FAIL: audit03.readLifecycle.reader.p0.m2.field13.bad4.error
FAIL: audit03.readLifecycle.reader.p0.m2.field13.bad4.field
FAIL: audit03.readLifecycle.reader.p0.m2.field13.bad4.address
FAIL: audit03.readLifecycle.reader.p0.m2.field13.bad4.action
FAIL: audit03.readLifecycle.reader.p0.m2.field13.bad4.empty
OK: audit03.readLifecycle.reader.p0.m2.field13.bad4.clearedPlane
FAIL: audit03.readLifecycle.reader.p0.m2.field13.bad4.clearedSelection
READ_LIFECYCLE_SNAPSHOT: audit03.readLifecycle.reader.p0.m2.field13.bad4|
OK: audit03.readLifecycle.reader.p0.m2.field13.bad4.recovery
FAIL: audit03.readLifecycle.reader.p0.m2.field14.bad0.error
FAIL: audit03.readLifecycle.reader.p0.m2.field14.bad0.field
FAIL: audit03.readLifecycle.reader.p0.m2.field14.bad0.address
FAIL: audit03.readLifecycle.reader.p0.m2.field14.bad0.action
FAIL: audit03.readLifecycle.reader.p0.m2.field14.bad0.empty
OK: audit03.readLifecycle.reader.p0.m2.field14.bad0.clearedPlane
FAIL: audit03.readLifecycle.reader.p0.m2.field14.bad0.clearedSelection
READ_LIFECYCLE_SNAPSHOT: audit03.readLifecycle.reader.p0.m2.field14.bad0|
OK: audit03.readLifecycle.reader.p0.m2.field14.bad0.recovery
FAIL: audit03.readLifecycle.reader.p0.m2.field14.bad1.error
FAIL: audit03.readLifecycle.reader.p0.m2.field14.bad1.field
FAIL: audit03.readLifecycle.reader.p0.m2.field14.bad1.address
FAIL: audit03.readLifecycle.reader.p0.m2.field14.bad1.action
FAIL: audit03.readLifecycle.reader.p0.m2.field14.bad1.empty
OK: audit03.readLifecycle.reader.p0.m2.field14.bad1.clearedPlane
FAIL: audit03.readLifecycle.reader.p0.m2.field14.bad1.clearedSelection
READ_LIFECYCLE_SNAPSHOT: audit03.readLifecycle.reader.p0.m2.field14.bad1|
OK: audit03.readLifecycle.reader.p0.m2.field14.bad1.recovery
FAIL: audit03.readLifecycle.reader.p0.m2.field14.bad2.error
FAIL: audit03.readLifecycle.reader.p0.m2.field14.bad2.field
FAIL: audit03.readLifecycle.reader.p0.m2.field14.bad2.address
FAIL: audit03.readLifecycle.reader.p0.m2.field14.bad2.action
FAIL: audit03.readLifecycle.reader.p0.m2.field14.bad2.empty
OK: audit03.readLifecycle.reader.p0.m2.field14.bad2.clearedPlane
FAIL: audit03.readLifecycle.reader.p0.m2.field14.bad2.clearedSelection
READ_LIFECYCLE_SNAPSHOT: audit03.readLifecycle.reader.p0.m2.field14.bad2|
OK: audit03.readLifecycle.reader.p0.m2.field14.bad2.recovery
FAIL: audit03.readLifecycle.reader.p0.m2.field14.bad3.error
FAIL: audit03.readLifecycle.reader.p0.m2.field14.bad3.field
FAIL: audit03.readLifecycle.reader.p0.m2.field14.bad3.address
FAIL: audit03.readLifecycle.reader.p0.m2.field14.bad3.action
FAIL: audit03.readLifecycle.reader.p0.m2.field14.bad3.empty
OK: audit03.readLifecycle.reader.p0.m2.field14.bad3.clearedPlane
FAIL: audit03.readLifecycle.reader.p0.m2.field14.bad3.clearedSelection
READ_LIFECYCLE_SNAPSHOT: audit03.readLifecycle.reader.p0.m2.field14.bad3|
OK: audit03.readLifecycle.reader.p0.m2.field14.bad3.recovery
FAIL: audit03.readLifecycle.reader.p0.m2.field14.bad4.error
FAIL: audit03.readLifecycle.reader.p0.m2.field14.bad4.field
FAIL: audit03.readLifecycle.reader.p0.m2.field14.bad4.address
FAIL: audit03.readLifecycle.reader.p0.m2.field14.bad4.action
FAIL: audit03.readLifecycle.reader.p0.m2.field14.bad4.empty
OK: audit03.readLifecycle.reader.p0.m2.field14.bad4.clearedPlane
FAIL: audit03.readLifecycle.reader.p0.m2.field14.bad4.clearedSelection
READ_LIFECYCLE_SNAPSHOT: audit03.readLifecycle.reader.p0.m2.field14.bad4|
OK: audit03.readLifecycle.reader.p0.m2.field14.bad4.recovery
OK: audit03.readLifecycle.reader.late.p0.m2.error
OK: audit03.readLifecycle.reader.late.p0.m2.empty
OK: audit03.readLifecycle.reader.late.p0.m2.recovery
OK: audit03.readLifecycle.numericText.p0
OK: audit03.readLifecycle.numericText.epsilon.p0; actual=0.125; expected=0.125
OK: audit03.readLifecycle.numericText.kappaX.p0; actual=0.125; expected=0.125
OK: audit03.readLifecycle.numericText.kappaY.p0; actual=0.125; expected=0.125
OK: audit03.readLifecycle.element.p0.column5.bad0.error
OK: audit03.readLifecycle.element.p0.column5.bad0.field
OK: audit03.readLifecycle.element.p0.column5.bad0.address
OK: audit03.readLifecycle.element.p0.column5.bad0.empty
READ_LIFECYCLE_ELEMENT: audit03.readLifecycle.element.p0.column5.bad0|В сохраненном снимке Results поле Strain содержит нечисловое значение: ReadLifecycle!V37. Повторите импорт геометрии или расчет, чтобы восстановить корректный снимок.
OK: audit03.readLifecycle.element.p0.column5.bad0.recovery
OK: audit03.readLifecycle.element.p0.column5.bad1.error
OK: audit03.readLifecycle.element.p0.column5.bad1.field
OK: audit03.readLifecycle.element.p0.column5.bad1.address
OK: audit03.readLifecycle.element.p0.column5.bad1.empty
READ_LIFECYCLE_ELEMENT: audit03.readLifecycle.element.p0.column5.bad1|В сохраненном снимке Results поле Strain содержит нечисловое значение: ReadLifecycle!V37. Повторите импорт геометрии или расчет, чтобы восстановить корректный снимок.
OK: audit03.readLifecycle.element.p0.column5.bad1.recovery
OK: audit03.readLifecycle.element.p0.column5.bad2.error
OK: audit03.readLifecycle.element.p0.column5.bad2.field
OK: audit03.readLifecycle.element.p0.column5.bad2.address
OK: audit03.readLifecycle.element.p0.column5.bad2.empty
READ_LIFECYCLE_ELEMENT: audit03.readLifecycle.element.p0.column5.bad2|В сохраненном снимке Results поле Strain содержит нечисловое значение: ReadLifecycle!V37. Повторите импорт геометрии или расчет, чтобы восстановить корректный снимок.
OK: audit03.readLifecycle.element.p0.column5.bad2.recovery
OK: audit03.readLifecycle.element.p0.column5.bad3.error
OK: audit03.readLifecycle.element.p0.column5.bad3.field
OK: audit03.readLifecycle.element.p0.column5.bad3.address
OK: audit03.readLifecycle.element.p0.column5.bad3.empty
READ_LIFECYCLE_ELEMENT: audit03.readLifecycle.element.p0.column5.bad3|В сохраненном снимке Results поле Strain содержит нечисловое значение: ReadLifecycle!V37. Повторите импорт геометрии или расчет, чтобы восстановить корректный снимок.
OK: audit03.readLifecycle.element.p0.column5.bad3.recovery
OK: audit03.readLifecycle.element.p0.column5.bad4.error
OK: audit03.readLifecycle.element.p0.column5.bad4.field
OK: audit03.readLifecycle.element.p0.column5.bad4.address
OK: audit03.readLifecycle.element.p0.column5.bad4.empty
READ_LIFECYCLE_ELEMENT: audit03.readLifecycle.element.p0.column5.bad4|В сохраненном снимке Results поле Strain содержит нечисловое значение: ReadLifecycle!V37. Повторите импорт геометрии или расчет, чтобы восстановить корректный снимок.
OK: audit03.readLifecycle.element.p0.column5.bad4.recovery
OK: audit03.readLifecycle.element.p0.column6.bad0.error
OK: audit03.readLifecycle.element.p0.column6.bad0.field
OK: audit03.readLifecycle.element.p0.column6.bad0.address
OK: audit03.readLifecycle.element.p0.column6.bad0.empty
READ_LIFECYCLE_ELEMENT: audit03.readLifecycle.element.p0.column6.bad0|В сохраненном снимке Results поле Stress, MPa содержит нечисловое значение: ReadLifecycle!W37. Повторите импорт геометрии или расчет, чтобы восстановить корректный снимок.
OK: audit03.readLifecycle.element.p0.column6.bad0.recovery
OK: audit03.readLifecycle.element.p0.column6.bad1.error
OK: audit03.readLifecycle.element.p0.column6.bad1.field
OK: audit03.readLifecycle.element.p0.column6.bad1.address
OK: audit03.readLifecycle.element.p0.column6.bad1.empty
READ_LIFECYCLE_ELEMENT: audit03.readLifecycle.element.p0.column6.bad1|В сохраненном снимке Results поле Stress, MPa содержит нечисловое значение: ReadLifecycle!W37. Повторите импорт геометрии или расчет, чтобы восстановить корректный снимок.
OK: audit03.readLifecycle.element.p0.column6.bad1.recovery
OK: audit03.readLifecycle.element.p0.column6.bad2.error
OK: audit03.readLifecycle.element.p0.column6.bad2.field
OK: audit03.readLifecycle.element.p0.column6.bad2.address
OK: audit03.readLifecycle.element.p0.column6.bad2.empty
READ_LIFECYCLE_ELEMENT: audit03.readLifecycle.element.p0.column6.bad2|В сохраненном снимке Results поле Stress, MPa содержит нечисловое значение: ReadLifecycle!W37. Повторите импорт геометрии или расчет, чтобы восстановить корректный снимок.
OK: audit03.readLifecycle.element.p0.column6.bad2.recovery
OK: audit03.readLifecycle.element.p0.column6.bad3.error
OK: audit03.readLifecycle.element.p0.column6.bad3.field
OK: audit03.readLifecycle.element.p0.column6.bad3.address
OK: audit03.readLifecycle.element.p0.column6.bad3.empty
READ_LIFECYCLE_ELEMENT: audit03.readLifecycle.element.p0.column6.bad3|В сохраненном снимке Results поле Stress, MPa содержит нечисловое значение: ReadLifecycle!W37. Повторите импорт геометрии или расчет, чтобы восстановить корректный снимок.
OK: audit03.readLifecycle.element.p0.column6.bad3.recovery
OK: audit03.readLifecycle.element.p0.column6.bad4.error
OK: audit03.readLifecycle.element.p0.column6.bad4.field
OK: audit03.readLifecycle.element.p0.column6.bad4.address
OK: audit03.readLifecycle.element.p0.column6.bad4.empty
READ_LIFECYCLE_ELEMENT: audit03.readLifecycle.element.p0.column6.bad4|В сохраненном снимке Results поле Stress, MPa содержит нечисловое значение: ReadLifecycle!W37. Повторите импорт геометрии или расчет, чтобы восстановить корректный снимок.
OK: audit03.readLifecycle.element.p0.column6.bad4.recovery
OK: audit03.readLifecycle.element.numericText.p0
OK: audit03.readLifecycle.element.numericValue.p0; actual=2.75; expected=2.75
OK: audit03.readLifecycle.snapshotUnchanged.p0.equivalent; 
OK: audit03.readLifecycle.reader.baseline.p1.m0
OK: audit03.readLifecycle.reader.p1.m0.field0.bad0.error
OK: audit03.readLifecycle.reader.p1.m0.field0.bad0.field
OK: audit03.readLifecycle.reader.p1.m0.field0.bad0.address
OK: audit03.readLifecycle.reader.p1.m0.field0.bad0.action
OK: audit03.readLifecycle.reader.p1.m0.field0.bad0.empty
OK: audit03.readLifecycle.reader.p1.m0.field0.bad0.clearedPlane
OK: audit03.readLifecycle.reader.p1.m0.field0.bad0.clearedSelection
READ_LIFECYCLE_SNAPSHOT: audit03.readLifecycle.reader.p1.m0.field0.bad0|В сохраненном снимке Results поле Bounds.MinX содержит нечисловое значение: ReadLifecycle!DE801. Повторите импорт геометрии или расчет, чтобы восстановить корректный снимок.
OK: audit03.readLifecycle.reader.p1.m0.field0.bad0.recovery
OK: audit03.readLifecycle.reader.p1.m0.field0.bad0.recoveryPlane; actual=0.125; expected=0.125
OK: audit03.readLifecycle.reader.p1.m0.field0.bad1.error
OK: audit03.readLifecycle.reader.p1.m0.field0.bad1.field
OK: audit03.readLifecycle.reader.p1.m0.field0.bad1.address
OK: audit03.readLifecycle.reader.p1.m0.field0.bad1.action
OK: audit03.readLifecycle.reader.p1.m0.field0.bad1.empty
OK: audit03.readLifecycle.reader.p1.m0.field0.bad1.clearedPlane
OK: audit03.readLifecycle.reader.p1.m0.field0.bad1.clearedSelection
READ_LIFECYCLE_SNAPSHOT: audit03.readLifecycle.reader.p1.m0.field0.bad1|В сохраненном снимке Results поле Bounds.MinX содержит нечисловое значение: ReadLifecycle!DE801. Повторите импорт геометрии или расчет, чтобы восстановить корректный снимок.
OK: audit03.readLifecycle.reader.p1.m0.field0.bad1.recovery
OK: audit03.readLifecycle.reader.p1.m0.field0.bad1.recoveryPlane; actual=0.125; expected=0.125
OK: audit03.readLifecycle.reader.p1.m0.field0.bad2.error
OK: audit03.readLifecycle.reader.p1.m0.field0.bad2.field
OK: audit03.readLifecycle.reader.p1.m0.field0.bad2.address
OK: audit03.readLifecycle.reader.p1.m0.field0.bad2.action
OK: audit03.readLifecycle.reader.p1.m0.field0.bad2.empty
OK: audit03.readLifecycle.reader.p1.m0.field0.bad2.clearedPlane
OK: audit03.readLifecycle.reader.p1.m0.field0.bad2.clearedSelection
READ_LIFECYCLE_SNAPSHOT: audit03.readLifecycle.reader.p1.m0.field0.bad2|В сохраненном снимке Results поле Bounds.MinX содержит нечисловое значение: ReadLifecycle!DE801. Повторите импорт геометрии или расчет, чтобы восстановить корректный снимок.
OK: audit03.readLifecycle.reader.p1.m0.field0.bad2.recovery
OK: audit03.readLifecycle.reader.p1.m0.field0.bad2.recoveryPlane; actual=0.125; expected=0.125
OK: audit03.readLifecycle.reader.p1.m0.field0.bad3.error
OK: audit03.readLifecycle.reader.p1.m0.field0.bad3.field
OK: audit03.readLifecycle.reader.p1.m0.field0.bad3.address
OK: audit03.readLifecycle.reader.p1.m0.field0.bad3.action
OK: audit03.readLifecycle.reader.p1.m0.field0.bad3.empty
OK: audit03.readLifecycle.reader.p1.m0.field0.bad3.clearedPlane
OK: audit03.readLifecycle.reader.p1.m0.field0.bad3.clearedSelection
READ_LIFECYCLE_SNAPSHOT: audit03.readLifecycle.reader.p1.m0.field0.bad3|В сохраненном снимке Results поле Bounds.MinX содержит нечисловое значение: ReadLifecycle!DE801. Повторите импорт геометрии или расчет, чтобы восстановить корректный снимок.
OK: audit03.readLifecycle.reader.p1.m0.field0.bad3.recovery
OK: audit03.readLifecycle.reader.p1.m0.field0.bad3.recoveryPlane; actual=0.125; expected=0.125
OK: audit03.readLifecycle.reader.p1.m0.field0.bad4.error
OK: audit03.readLifecycle.reader.p1.m0.field0.bad4.field
OK: audit03.readLifecycle.reader.p1.m0.field0.bad4.address
OK: audit03.readLifecycle.reader.p1.m0.field0.bad4.action
OK: audit03.readLifecycle.reader.p1.m0.field0.bad4.empty
OK: audit03.readLifecycle.reader.p1.m0.field0.bad4.clearedPlane
OK: audit03.readLifecycle.reader.p1.m0.field0.bad4.clearedSelection
READ_LIFECYCLE_SNAPSHOT: audit03.readLifecycle.reader.p1.m0.field0.bad4|В сохраненном снимке Results поле Bounds.MinX содержит нечисловое значение: ReadLifecycle!DE801. Повторите импорт геометрии или расчет, чтобы восстановить корректный снимок.
OK: audit03.readLifecycle.reader.p1.m0.field0.bad4.recovery
OK: audit03.readLifecycle.reader.p1.m0.field0.bad4.recoveryPlane; actual=0.125; expected=0.125
OK: audit03.readLifecycle.reader.p1.m0.field1.bad0.error
OK: audit03.readLifecycle.reader.p1.m0.field1.bad0.field
OK: audit03.readLifecycle.reader.p1.m0.field1.bad0.address
OK: audit03.readLifecycle.reader.p1.m0.field1.bad0.action
OK: audit03.readLifecycle.reader.p1.m0.field1.bad0.empty
OK: audit03.readLifecycle.reader.p1.m0.field1.bad0.clearedPlane
OK: audit03.readLifecycle.reader.p1.m0.field1.bad0.clearedSelection
READ_LIFECYCLE_SNAPSHOT: audit03.readLifecycle.reader.p1.m0.field1.bad0|В сохраненном снимке Results поле Bounds.MaxX содержит нечисловое значение: ReadLifecycle!DE802. Повторите импорт геометрии или расчет, чтобы восстановить корректный снимок.
OK: audit03.readLifecycle.reader.p1.m0.field1.bad0.recovery
OK: audit03.readLifecycle.reader.p1.m0.field1.bad0.recoveryPlane; actual=0.125; expected=0.125
OK: audit03.readLifecycle.reader.p1.m0.field1.bad1.error
OK: audit03.readLifecycle.reader.p1.m0.field1.bad1.field
OK: audit03.readLifecycle.reader.p1.m0.field1.bad1.address
OK: audit03.readLifecycle.reader.p1.m0.field1.bad1.action
OK: audit03.readLifecycle.reader.p1.m0.field1.bad1.empty
OK: audit03.readLifecycle.reader.p1.m0.field1.bad1.clearedPlane
OK: audit03.readLifecycle.reader.p1.m0.field1.bad1.clearedSelection
READ_LIFECYCLE_SNAPSHOT: audit03.readLifecycle.reader.p1.m0.field1.bad1|В сохраненном снимке Results поле Bounds.MaxX содержит нечисловое значение: ReadLifecycle!DE802. Повторите импорт геометрии или расчет, чтобы восстановить корректный снимок.
OK: audit03.readLifecycle.reader.p1.m0.field1.bad1.recovery
OK: audit03.readLifecycle.reader.p1.m0.field1.bad1.recoveryPlane; actual=0.125; expected=0.125
OK: audit03.readLifecycle.reader.p1.m0.field1.bad2.error
OK: audit03.readLifecycle.reader.p1.m0.field1.bad2.field
OK: audit03.readLifecycle.reader.p1.m0.field1.bad2.address
OK: audit03.readLifecycle.reader.p1.m0.field1.bad2.action
OK: audit03.readLifecycle.reader.p1.m0.field1.bad2.empty
OK: audit03.readLifecycle.reader.p1.m0.field1.bad2.clearedPlane
OK: audit03.readLifecycle.reader.p1.m0.field1.bad2.clearedSelection
READ_LIFECYCLE_SNAPSHOT: audit03.readLifecycle.reader.p1.m0.field1.bad2|В сохраненном снимке Results поле Bounds.MaxX содержит нечисловое значение: ReadLifecycle!DE802. Повторите импорт геометрии или расчет, чтобы восстановить корректный снимок.
OK: audit03.readLifecycle.reader.p1.m0.field1.bad2.recovery
OK: audit03.readLifecycle.reader.p1.m0.field1.bad2.recoveryPlane; actual=0.125; expected=0.125
OK: audit03.readLifecycle.reader.p1.m0.field1.bad3.error
OK: audit03.readLifecycle.reader.p1.m0.field1.bad3.field
OK: audit03.readLifecycle.reader.p1.m0.field1.bad3.address
OK: audit03.readLifecycle.reader.p1.m0.field1.bad3.action
OK: audit03.readLifecycle.reader.p1.m0.field1.bad3.empty
OK: audit03.readLifecycle.reader.p1.m0.field1.bad3.clearedPlane
OK: audit03.readLifecycle.reader.p1.m0.field1.bad3.clearedSelection
READ_LIFECYCLE_SNAPSHOT: audit03.readLifecycle.reader.p1.m0.field1.bad3|В сохраненном снимке Results поле Bounds.MaxX содержит нечисловое значение: ReadLifecycle!DE802. Повторите импорт геометрии или расчет, чтобы восстановить корректный снимок.
OK: audit03.readLifecycle.reader.p1.m0.field1.bad3.recovery
OK: audit03.readLifecycle.reader.p1.m0.field1.bad3.recoveryPlane; actual=0.125; expected=0.125
OK: audit03.readLifecycle.reader.p1.m0.field1.bad4.error
OK: audit03.readLifecycle.reader.p1.m0.field1.bad4.field
OK: audit03.readLifecycle.reader.p1.m0.field1.bad4.address
OK: audit03.readLifecycle.reader.p1.m0.field1.bad4.action
OK: audit03.readLifecycle.reader.p1.m0.field1.bad4.empty
OK: audit03.readLifecycle.reader.p1.m0.field1.bad4.clearedPlane
OK: audit03.readLifecycle.reader.p1.m0.field1.bad4.clearedSelection
READ_LIFECYCLE_SNAPSHOT: audit03.readLifecycle.reader.p1.m0.field1.bad4|В сохраненном снимке Results поле Bounds.MaxX содержит нечисловое значение: ReadLifecycle!DE802. Повторите импорт геометрии или расчет, чтобы восстановить корректный снимок.
OK: audit03.readLifecycle.reader.p1.m0.field1.bad4.recovery
OK: audit03.readLifecycle.reader.p1.m0.field1.bad4.recoveryPlane; actual=0.125; expected=0.125
OK: audit03.readLifecycle.reader.p1.m0.field2.bad0.error
OK: audit03.readLifecycle.reader.p1.m0.field2.bad0.field
OK: audit03.readLifecycle.reader.p1.m0.field2.bad0.address
OK: audit03.readLifecycle.reader.p1.m0.field2.bad0.action
OK: audit03.readLifecycle.reader.p1.m0.field2.bad0.empty
OK: audit03.readLifecycle.reader.p1.m0.field2.bad0.clearedPlane
OK: audit03.readLifecycle.reader.p1.m0.field2.bad0.clearedSelection
READ_LIFECYCLE_SNAPSHOT: audit03.readLifecycle.reader.p1.m0.field2.bad0|В сохраненном снимке Results поле Bounds.MinY содержит нечисловое значение: ReadLifecycle!DE803. Повторите импорт геометрии или расчет, чтобы восстановить корректный снимок.
OK: audit03.readLifecycle.reader.p1.m0.field2.bad0.recovery
OK: audit03.readLifecycle.reader.p1.m0.field2.bad0.recoveryPlane; actual=0.125; expected=0.125
OK: audit03.readLifecycle.reader.p1.m0.field2.bad1.error
OK: audit03.readLifecycle.reader.p1.m0.field2.bad1.field
OK: audit03.readLifecycle.reader.p1.m0.field2.bad1.address
OK: audit03.readLifecycle.reader.p1.m0.field2.bad1.action
OK: audit03.readLifecycle.reader.p1.m0.field2.bad1.empty
OK: audit03.readLifecycle.reader.p1.m0.field2.bad1.clearedPlane
OK: audit03.readLifecycle.reader.p1.m0.field2.bad1.clearedSelection
READ_LIFECYCLE_SNAPSHOT: audit03.readLifecycle.reader.p1.m0.field2.bad1|В сохраненном снимке Results поле Bounds.MinY содержит нечисловое значение: ReadLifecycle!DE803. Повторите импорт геометрии или расчет, чтобы восстановить корректный снимок.
OK: audit03.readLifecycle.reader.p1.m0.field2.bad1.recovery
OK: audit03.readLifecycle.reader.p1.m0.field2.bad1.recoveryPlane; actual=0.125; expected=0.125
OK: audit03.readLifecycle.reader.p1.m0.field2.bad2.error
OK: audit03.readLifecycle.reader.p1.m0.field2.bad2.field
OK: audit03.readLifecycle.reader.p1.m0.field2.bad2.address
OK: audit03.readLifecycle.reader.p1.m0.field2.bad2.action
OK: audit03.readLifecycle.reader.p1.m0.field2.bad2.empty
OK: audit03.readLifecycle.reader.p1.m0.field2.bad2.clearedPlane
OK: audit03.readLifecycle.reader.p1.m0.field2.bad2.clearedSelection
READ_LIFECYCLE_SNAPSHOT: audit03.readLifecycle.reader.p1.m0.field2.bad2|В сохраненном снимке Results поле Bounds.MinY содержит нечисловое значение: ReadLifecycle!DE803. Повторите импорт геометрии или расчет, чтобы восстановить корректный снимок.
OK: audit03.readLifecycle.reader.p1.m0.field2.bad2.recovery
OK: audit03.readLifecycle.reader.p1.m0.field2.bad2.recoveryPlane; actual=0.125; expected=0.125
OK: audit03.readLifecycle.reader.p1.m0.field2.bad3.error
OK: audit03.readLifecycle.reader.p1.m0.field2.bad3.field
OK: audit03.readLifecycle.reader.p1.m0.field2.bad3.address
OK: audit03.readLifecycle.reader.p1.m0.field2.bad3.action
OK: audit03.readLifecycle.reader.p1.m0.field2.bad3.empty
OK: audit03.readLifecycle.reader.p1.m0.field2.bad3.clearedPlane
OK: audit03.readLifecycle.reader.p1.m0.field2.bad3.clearedSelection
READ_LIFECYCLE_SNAPSHOT: audit03.readLifecycle.reader.p1.m0.field2.bad3|В сохраненном снимке Results поле Bounds.MinY содержит нечисловое значение: ReadLifecycle!DE803. Повторите импорт геометрии или расчет, чтобы восстановить корректный снимок.
OK: audit03.readLifecycle.reader.p1.m0.field2.bad3.recovery
OK: audit03.readLifecycle.reader.p1.m0.field2.bad3.recoveryPlane; actual=0.125; expected=0.125
OK: audit03.readLifecycle.reader.p1.m0.field2.bad4.error
OK: audit03.readLifecycle.reader.p1.m0.field2.bad4.field
OK: audit03.readLifecycle.reader.p1.m0.field2.bad4.address
OK: audit03.readLifecycle.reader.p1.m0.field2.bad4.action
OK: audit03.readLifecycle.reader.p1.m0.field2.bad4.empty
OK: audit03.readLifecycle.reader.p1.m0.field2.bad4.clearedPlane
OK: audit03.readLifecycle.reader.p1.m0.field2.bad4.clearedSelection
READ_LIFECYCLE_SNAPSHOT: audit03.readLifecycle.reader.p1.m0.field2.bad4|В сохраненном снимке Results поле Bounds.MinY содержит нечисловое значение: ReadLifecycle!DE803. Повторите импорт геометрии или расчет, чтобы восстановить корректный снимок.
OK: audit03.readLifecycle.reader.p1.m0.field2.bad4.recovery
OK: audit03.readLifecycle.reader.p1.m0.field2.bad4.recoveryPlane; actual=0.125; expected=0.125
OK: audit03.readLifecycle.reader.p1.m0.field3.bad0.error
OK: audit03.readLifecycle.reader.p1.m0.field3.bad0.field
OK: audit03.readLifecycle.reader.p1.m0.field3.bad0.address
OK: audit03.readLifecycle.reader.p1.m0.field3.bad0.action
OK: audit03.readLifecycle.reader.p1.m0.field3.bad0.empty
OK: audit03.readLifecycle.reader.p1.m0.field3.bad0.clearedPlane
OK: audit03.readLifecycle.reader.p1.m0.field3.bad0.clearedSelection
READ_LIFECYCLE_SNAPSHOT: audit03.readLifecycle.reader.p1.m0.field3.bad0|В сохраненном снимке Results поле Bounds.MaxY содержит нечисловое значение: ReadLifecycle!DE804. Повторите импорт геометрии или расчет, чтобы восстановить корректный снимок.
OK: audit03.readLifecycle.reader.p1.m0.field3.bad0.recovery
OK: audit03.readLifecycle.reader.p1.m0.field3.bad0.recoveryPlane; actual=0.125; expected=0.125
OK: audit03.readLifecycle.reader.p1.m0.field3.bad1.error
OK: audit03.readLifecycle.reader.p1.m0.field3.bad1.field
OK: audit03.readLifecycle.reader.p1.m0.field3.bad1.address
OK: audit03.readLifecycle.reader.p1.m0.field3.bad1.action
OK: audit03.readLifecycle.reader.p1.m0.field3.bad1.empty
OK: audit03.readLifecycle.reader.p1.m0.field3.bad1.clearedPlane
OK: audit03.readLifecycle.reader.p1.m0.field3.bad1.clearedSelection
READ_LIFECYCLE_SNAPSHOT: audit03.readLifecycle.reader.p1.m0.field3.bad1|В сохраненном снимке Results поле Bounds.MaxY содержит нечисловое значение: ReadLifecycle!DE804. Повторите импорт геометрии или расчет, чтобы восстановить корректный снимок.
OK: audit03.readLifecycle.reader.p1.m0.field3.bad1.recovery
OK: audit03.readLifecycle.reader.p1.m0.field3.bad1.recoveryPlane; actual=0.125; expected=0.125
OK: audit03.readLifecycle.reader.p1.m0.field3.bad2.error
OK: audit03.readLifecycle.reader.p1.m0.field3.bad2.field
OK: audit03.readLifecycle.reader.p1.m0.field3.bad2.address
OK: audit03.readLifecycle.reader.p1.m0.field3.bad2.action
OK: audit03.readLifecycle.reader.p1.m0.field3.bad2.empty
OK: audit03.readLifecycle.reader.p1.m0.field3.bad2.clearedPlane
OK: audit03.readLifecycle.reader.p1.m0.field3.bad2.clearedSelection
READ_LIFECYCLE_SNAPSHOT: audit03.readLifecycle.reader.p1.m0.field3.bad2|В сохраненном снимке Results поле Bounds.MaxY содержит нечисловое значение: ReadLifecycle!DE804. Повторите импорт геометрии или расчет, чтобы восстановить корректный снимок.
OK: audit03.readLifecycle.reader.p1.m0.field3.bad2.recovery
OK: audit03.readLifecycle.reader.p1.m0.field3.bad2.recoveryPlane; actual=0.125; expected=0.125
OK: audit03.readLifecycle.reader.p1.m0.field3.bad3.error
OK: audit03.readLifecycle.reader.p1.m0.field3.bad3.field
OK: audit03.readLifecycle.reader.p1.m0.field3.bad3.address
OK: audit03.readLifecycle.reader.p1.m0.field3.bad3.action
OK: audit03.readLifecycle.reader.p1.m0.field3.bad3.empty
OK: audit03.readLifecycle.reader.p1.m0.field3.bad3.clearedPlane
OK: audit03.readLifecycle.reader.p1.m0.field3.bad3.clearedSelection
READ_LIFECYCLE_SNAPSHOT: audit03.readLifecycle.reader.p1.m0.field3.bad3|В сохраненном снимке Results поле Bounds.MaxY содержит нечисловое значение: ReadLifecycle!DE804. Повторите импорт геометрии или расчет, чтобы восстановить корректный снимок.
OK: audit03.readLifecycle.reader.p1.m0.field3.bad3.recovery
OK: audit03.readLifecycle.reader.p1.m0.field3.bad3.recoveryPlane; actual=0.125; expected=0.125
OK: audit03.readLifecycle.reader.p1.m0.field3.bad4.error
OK: audit03.readLifecycle.reader.p1.m0.field3.bad4.field
OK: audit03.readLifecycle.reader.p1.m0.field3.bad4.address
OK: audit03.readLifecycle.reader.p1.m0.field3.bad4.action
OK: audit03.readLifecycle.reader.p1.m0.field3.bad4.empty
OK: audit03.readLifecycle.reader.p1.m0.field3.bad4.clearedPlane
OK: audit03.readLifecycle.reader.p1.m0.field3.bad4.clearedSelection
READ_LIFECYCLE_SNAPSHOT: audit03.readLifecycle.reader.p1.m0.field3.bad4|В сохраненном снимке Results поле Bounds.MaxY содержит нечисловое значение: ReadLifecycle!DE804. Повторите импорт геометрии или расчет, чтобы восстановить корректный снимок.
OK: audit03.readLifecycle.reader.p1.m0.field3.bad4.recovery
OK: audit03.readLifecycle.reader.p1.m0.field3.bad4.recoveryPlane; actual=0.125; expected=0.125
OK: audit03.readLifecycle.reader.p1.m0.field4.bad0.error
OK: audit03.readLifecycle.reader.p1.m0.field4.bad0.field
OK: audit03.readLifecycle.reader.p1.m0.field4.bad0.address
OK: audit03.readLifecycle.reader.p1.m0.field4.bad0.action
OK: audit03.readLifecycle.reader.p1.m0.field4.bad0.empty
OK: audit03.readLifecycle.reader.p1.m0.field4.bad0.clearedPlane
OK: audit03.readLifecycle.reader.p1.m0.field4.bad0.clearedSelection
READ_LIFECYCLE_SNAPSHOT: audit03.readLifecycle.reader.p1.m0.field4.bad0|В сохраненном снимке Results поле Concrete.CentroidX содержит нечисловое значение: ReadLifecycle!DE805. Повторите импорт геометрии или расчет, чтобы восстановить корректный снимок.
OK: audit03.readLifecycle.reader.p1.m0.field4.bad0.recovery
OK: audit03.readLifecycle.reader.p1.m0.field4.bad0.recoveryPlane; actual=0.125; expected=0.125
OK: audit03.readLifecycle.reader.p1.m0.field4.bad1.error
OK: audit03.readLifecycle.reader.p1.m0.field4.bad1.field
OK: audit03.readLifecycle.reader.p1.m0.field4.bad1.address
OK: audit03.readLifecycle.reader.p1.m0.field4.bad1.action
OK: audit03.readLifecycle.reader.p1.m0.field4.bad1.empty
OK: audit03.readLifecycle.reader.p1.m0.field4.bad1.clearedPlane
OK: audit03.readLifecycle.reader.p1.m0.field4.bad1.clearedSelection
READ_LIFECYCLE_SNAPSHOT: audit03.readLifecycle.reader.p1.m0.field4.bad1|В сохраненном снимке Results поле Concrete.CentroidX содержит нечисловое значение: ReadLifecycle!DE805. Повторите импорт геометрии или расчет, чтобы восстановить корректный снимок.
OK: audit03.readLifecycle.reader.p1.m0.field4.bad1.recovery
OK: audit03.readLifecycle.reader.p1.m0.field4.bad1.recoveryPlane; actual=0.125; expected=0.125
OK: audit03.readLifecycle.reader.p1.m0.field4.bad2.error
OK: audit03.readLifecycle.reader.p1.m0.field4.bad2.field
OK: audit03.readLifecycle.reader.p1.m0.field4.bad2.address
OK: audit03.readLifecycle.reader.p1.m0.field4.bad2.action
OK: audit03.readLifecycle.reader.p1.m0.field4.bad2.empty
OK: audit03.readLifecycle.reader.p1.m0.field4.bad2.clearedPlane
OK: audit03.readLifecycle.reader.p1.m0.field4.bad2.clearedSelection
READ_LIFECYCLE_SNAPSHOT: audit03.readLifecycle.reader.p1.m0.field4.bad2|В сохраненном снимке Results поле Concrete.CentroidX содержит нечисловое значение: ReadLifecycle!DE805. Повторите импорт геометрии или расчет, чтобы восстановить корректный снимок.
OK: audit03.readLifecycle.reader.p1.m0.field4.bad2.recovery
OK: audit03.readLifecycle.reader.p1.m0.field4.bad2.recoveryPlane; actual=0.125; expected=0.125
OK: audit03.readLifecycle.reader.p1.m0.field4.bad3.error
OK: audit03.readLifecycle.reader.p1.m0.field4.bad3.field
OK: audit03.readLifecycle.reader.p1.m0.field4.bad3.address
OK: audit03.readLifecycle.reader.p1.m0.field4.bad3.action
OK: audit03.readLifecycle.reader.p1.m0.field4.bad3.empty
OK: audit03.readLifecycle.reader.p1.m0.field4.bad3.clearedPlane
OK: audit03.readLifecycle.reader.p1.m0.field4.bad3.clearedSelection
READ_LIFECYCLE_SNAPSHOT: audit03.readLifecycle.reader.p1.m0.field4.bad3|В сохраненном снимке Results поле Concrete.CentroidX содержит нечисловое значение: ReadLifecycle!DE805. Повторите импорт геометрии или расчет, чтобы восстановить корректный снимок.
OK: audit03.readLifecycle.reader.p1.m0.field4.bad3.recovery
OK: audit03.readLifecycle.reader.p1.m0.field4.bad3.recoveryPlane; actual=0.125; expected=0.125
OK: audit03.readLifecycle.reader.p1.m0.field4.bad4.error
OK: audit03.readLifecycle.reader.p1.m0.field4.bad4.field
OK: audit03.readLifecycle.reader.p1.m0.field4.bad4.address
OK: audit03.readLifecycle.reader.p1.m0.field4.bad4.action
OK: audit03.readLifecycle.reader.p1.m0.field4.bad4.empty
OK: audit03.readLifecycle.reader.p1.m0.field4.bad4.clearedPlane
OK: audit03.readLifecycle.reader.p1.m0.field4.bad4.clearedSelection
READ_LIFECYCLE_SNAPSHOT: audit03.readLifecycle.reader.p1.m0.field4.bad4|В сохраненном снимке Results поле Concrete.CentroidX содержит нечисловое значение: ReadLifecycle!DE805. Повторите импорт геометрии или расчет, чтобы восстановить корректный снимок.
OK: audit03.readLifecycle.reader.p1.m0.field4.bad4.recovery
OK: audit03.readLifecycle.reader.p1.m0.field4.bad4.recoveryPlane; actual=0.125; expected=0.125
OK: audit03.readLifecycle.reader.p1.m0.field5.bad0.error
OK: audit03.readLifecycle.reader.p1.m0.field5.bad0.field
OK: audit03.readLifecycle.reader.p1.m0.field5.bad0.address
OK: audit03.readLifecycle.reader.p1.m0.field5.bad0.action
OK: audit03.readLifecycle.reader.p1.m0.field5.bad0.empty
OK: audit03.readLifecycle.reader.p1.m0.field5.bad0.clearedPlane
OK: audit03.readLifecycle.reader.p1.m0.field5.bad0.clearedSelection
READ_LIFECYCLE_SNAPSHOT: audit03.readLifecycle.reader.p1.m0.field5.bad0|В сохраненном снимке Results поле Concrete.CentroidY содержит нечисловое значение: ReadLifecycle!DE806. Повторите импорт геометрии или расчет, чтобы восстановить корректный снимок.
OK: audit03.readLifecycle.reader.p1.m0.field5.bad0.recovery
OK: audit03.readLifecycle.reader.p1.m0.field5.bad0.recoveryPlane; actual=0.125; expected=0.125
OK: audit03.readLifecycle.reader.p1.m0.field5.bad1.error
OK: audit03.readLifecycle.reader.p1.m0.field5.bad1.field
OK: audit03.readLifecycle.reader.p1.m0.field5.bad1.address
OK: audit03.readLifecycle.reader.p1.m0.field5.bad1.action
OK: audit03.readLifecycle.reader.p1.m0.field5.bad1.empty
OK: audit03.readLifecycle.reader.p1.m0.field5.bad1.clearedPlane
OK: audit03.readLifecycle.reader.p1.m0.field5.bad1.clearedSelection
READ_LIFECYCLE_SNAPSHOT: audit03.readLifecycle.reader.p1.m0.field5.bad1|В сохраненном снимке Results поле Concrete.CentroidY содержит нечисловое значение: ReadLifecycle!DE806. Повторите импорт геометрии или расчет, чтобы восстановить корректный снимок.
OK: audit03.readLifecycle.reader.p1.m0.field5.bad1.recovery
OK: audit03.readLifecycle.reader.p1.m0.field5.bad1.recoveryPlane; actual=0.125; expected=0.125
OK: audit03.readLifecycle.reader.p1.m0.field5.bad2.error
OK: audit03.readLifecycle.reader.p1.m0.field5.bad2.field
OK: audit03.readLifecycle.reader.p1.m0.field5.bad2.address
OK: audit03.readLifecycle.reader.p1.m0.field5.bad2.action
OK: audit03.readLifecycle.reader.p1.m0.field5.bad2.empty
OK: audit03.readLifecycle.reader.p1.m0.field5.bad2.clearedPlane
OK: audit03.readLifecycle.reader.p1.m0.field5.bad2.clearedSelection
READ_LIFECYCLE_SNAPSHOT: audit03.readLifecycle.reader.p1.m0.field5.bad2|В сохраненном снимке Results поле Concrete.CentroidY содержит нечисловое значение: ReadLifecycle!DE806. Повторите импорт геометрии или расчет, чтобы восстановить корректный снимок.
OK: audit03.readLifecycle.reader.p1.m0.field5.bad2.recovery
OK: audit03.readLifecycle.reader.p1.m0.field5.bad2.recoveryPlane; actual=0.125; expected=0.125
OK: audit03.readLifecycle.reader.p1.m0.field5.bad3.error
OK: audit03.readLifecycle.reader.p1.m0.field5.bad3.field
OK: audit03.readLifecycle.reader.p1.m0.field5.bad3.address
OK: audit03.readLifecycle.reader.p1.m0.field5.bad3.action
OK: audit03.readLifecycle.reader.p1.m0.field5.bad3.empty
OK: audit03.readLifecycle.reader.p1.m0.field5.bad3.clearedPlane
OK: audit03.readLifecycle.reader.p1.m0.field5.bad3.clearedSelection
READ_LIFECYCLE_SNAPSHOT: audit03.readLifecycle.reader.p1.m0.field5.bad3|В сохраненном снимке Results поле Concrete.CentroidY содержит нечисловое значение: ReadLifecycle!DE806. Повторите импорт геометрии или расчет, чтобы восстановить корректный снимок.
OK: audit03.readLifecycle.reader.p1.m0.field5.bad3.recovery
OK: audit03.readLifecycle.reader.p1.m0.field5.bad3.recoveryPlane; actual=0.125; expected=0.125
OK: audit03.readLifecycle.reader.p1.m0.field5.bad4.error
OK: audit03.readLifecycle.reader.p1.m0.field5.bad4.field
OK: audit03.readLifecycle.reader.p1.m0.field5.bad4.address
OK: audit03.readLifecycle.reader.p1.m0.field5.bad4.action
OK: audit03.readLifecycle.reader.p1.m0.field5.bad4.empty
OK: audit03.readLifecycle.reader.p1.m0.field5.bad4.clearedPlane
OK: audit03.readLifecycle.reader.p1.m0.field5.bad4.clearedSelection
READ_LIFECYCLE_SNAPSHOT: audit03.readLifecycle.reader.p1.m0.field5.bad4|В сохраненном снимке Results поле Concrete.CentroidY содержит нечисловое значение: ReadLifecycle!DE806. Повторите импорт геометрии или расчет, чтобы восстановить корректный снимок.
OK: audit03.readLifecycle.reader.p1.m0.field5.bad4.recovery
OK: audit03.readLifecycle.reader.p1.m0.field5.bad4.recoveryPlane; actual=0.125; expected=0.125
OK: audit03.readLifecycle.reader.p1.m0.field6.bad0.error
OK: audit03.readLifecycle.reader.p1.m0.field6.bad0.field
OK: audit03.readLifecycle.reader.p1.m0.field6.bad0.address
OK: audit03.readLifecycle.reader.p1.m0.field6.bad0.action
OK: audit03.readLifecycle.reader.p1.m0.field6.bad0.empty
OK: audit03.readLifecycle.reader.p1.m0.field6.bad0.clearedPlane
OK: audit03.readLifecycle.reader.p1.m0.field6.bad0.clearedSelection
READ_LIFECYCLE_SNAPSHOT: audit03.readLifecycle.reader.p1.m0.field6.bad0|В сохраненном снимке Results поле Concrete.PrincipalAngle содержит нечисловое значение: ReadLifecycle!DE807. Повторите импорт геометрии или расчет, чтобы восстановить корректный снимок.
OK: audit03.readLifecycle.reader.p1.m0.field6.bad0.recovery
OK: audit03.readLifecycle.reader.p1.m0.field6.bad0.recoveryPlane; actual=0.125; expected=0.125
OK: audit03.readLifecycle.reader.p1.m0.field6.bad1.error
OK: audit03.readLifecycle.reader.p1.m0.field6.bad1.field
OK: audit03.readLifecycle.reader.p1.m0.field6.bad1.address
OK: audit03.readLifecycle.reader.p1.m0.field6.bad1.action
OK: audit03.readLifecycle.reader.p1.m0.field6.bad1.empty
OK: audit03.readLifecycle.reader.p1.m0.field6.bad1.clearedPlane
OK: audit03.readLifecycle.reader.p1.m0.field6.bad1.clearedSelection
READ_LIFECYCLE_SNAPSHOT: audit03.readLifecycle.reader.p1.m0.field6.bad1|В сохраненном снимке Results поле Concrete.PrincipalAngle содержит нечисловое значение: ReadLifecycle!DE807. Повторите импорт геометрии или расчет, чтобы восстановить корректный снимок.
OK: audit03.readLifecycle.reader.p1.m0.field6.bad1.recovery
OK: audit03.readLifecycle.reader.p1.m0.field6.bad1.recoveryPlane; actual=0.125; expected=0.125
OK: audit03.readLifecycle.reader.p1.m0.field6.bad2.error
OK: audit03.readLifecycle.reader.p1.m0.field6.bad2.field
OK: audit03.readLifecycle.reader.p1.m0.field6.bad2.address
OK: audit03.readLifecycle.reader.p1.m0.field6.bad2.action
OK: audit03.readLifecycle.reader.p1.m0.field6.bad2.empty
OK: audit03.readLifecycle.reader.p1.m0.field6.bad2.clearedPlane
OK: audit03.readLifecycle.reader.p1.m0.field6.bad2.clearedSelection
READ_LIFECYCLE_SNAPSHOT: audit03.readLifecycle.reader.p1.m0.field6.bad2|В сохраненном снимке Results поле Concrete.PrincipalAngle содержит нечисловое значение: ReadLifecycle!DE807. Повторите импорт геометрии или расчет, чтобы восстановить корректный снимок.
OK: audit03.readLifecycle.reader.p1.m0.field6.bad2.recovery
OK: audit03.readLifecycle.reader.p1.m0.field6.bad2.recoveryPlane; actual=0.125; expected=0.125
OK: audit03.readLifecycle.reader.p1.m0.field6.bad3.error
OK: audit03.readLifecycle.reader.p1.m0.field6.bad3.field
OK: audit03.readLifecycle.reader.p1.m0.field6.bad3.address
OK: audit03.readLifecycle.reader.p1.m0.field6.bad3.action
OK: audit03.readLifecycle.reader.p1.m0.field6.bad3.empty
OK: audit03.readLifecycle.reader.p1.m0.field6.bad3.clearedPlane
OK: audit03.readLifecycle.reader.p1.m0.field6.bad3.clearedSelection
READ_LIFECYCLE_SNAPSHOT: audit03.readLifecycle.reader.p1.m0.field6.bad3|В сохраненном снимке Results поле Concrete.PrincipalAngle содержит нечисловое значение: ReadLifecycle!DE807. Повторите импорт геометрии или расчет, чтобы восстановить корректный снимок.
OK: audit03.readLifecycle.reader.p1.m0.field6.bad3.recovery
OK: audit03.readLifecycle.reader.p1.m0.field6.bad3.recoveryPlane; actual=0.125; expected=0.125
OK: audit03.readLifecycle.reader.p1.m0.field6.bad4.error
OK: audit03.readLifecycle.reader.p1.m0.field6.bad4.field
OK: audit03.readLifecycle.reader.p1.m0.field6.bad4.address
OK: audit03.readLifecycle.reader.p1.m0.field6.bad4.action
OK: audit03.readLifecycle.reader.p1.m0.field6.bad4.empty
OK: audit03.readLifecycle.reader.p1.m0.field6.bad4.clearedPlane
OK: audit03.readLifecycle.reader.p1.m0.field6.bad4.clearedSelection
READ_LIFECYCLE_SNAPSHOT: audit03.readLifecycle.reader.p1.m0.field6.bad4|В сохраненном снимке Results поле Concrete.PrincipalAngle содержит нечисловое значение: ReadLifecycle!DE807. Повторите импорт геометрии или расчет, чтобы восстановить корректный снимок.
OK: audit03.readLifecycle.reader.p1.m0.field6.bad4.recovery
OK: audit03.readLifecycle.reader.p1.m0.field6.bad4.recoveryPlane; actual=0.125; expected=0.125
OK: audit03.readLifecycle.reader.p1.m0.field7.bad0.error
OK: audit03.readLifecycle.reader.p1.m0.field7.bad0.field
OK: audit03.readLifecycle.reader.p1.m0.field7.bad0.address
OK: audit03.readLifecycle.reader.p1.m0.field7.bad0.action
OK: audit03.readLifecycle.reader.p1.m0.field7.bad0.empty
OK: audit03.readLifecycle.reader.p1.m0.field7.bad0.clearedPlane
OK: audit03.readLifecycle.reader.p1.m0.field7.bad0.clearedSelection
READ_LIFECYCLE_SNAPSHOT: audit03.readLifecycle.reader.p1.m0.field7.bad0|В сохраненном снимке Results поле Transformed.CentroidX содержит нечисловое значение: ReadLifecycle!DE808. Повторите импорт геометрии или расчет, чтобы восстановить корректный снимок.
OK: audit03.readLifecycle.reader.p1.m0.field7.bad0.recovery
OK: audit03.readLifecycle.reader.p1.m0.field7.bad0.recoveryPlane; actual=0.125; expected=0.125
OK: audit03.readLifecycle.reader.p1.m0.field7.bad1.error
OK: audit03.readLifecycle.reader.p1.m0.field7.bad1.field
OK: audit03.readLifecycle.reader.p1.m0.field7.bad1.address
OK: audit03.readLifecycle.reader.p1.m0.field7.bad1.action
OK: audit03.readLifecycle.reader.p1.m0.field7.bad1.empty
OK: audit03.readLifecycle.reader.p1.m0.field7.bad1.clearedPlane
OK: audit03.readLifecycle.reader.p1.m0.field7.bad1.clearedSelection
READ_LIFECYCLE_SNAPSHOT: audit03.readLifecycle.reader.p1.m0.field7.bad1|В сохраненном снимке Results поле Transformed.CentroidX содержит нечисловое значение: ReadLifecycle!DE808. Повторите импорт геометрии или расчет, чтобы восстановить корректный снимок.
OK: audit03.readLifecycle.reader.p1.m0.field7.bad1.recovery
OK: audit03.readLifecycle.reader.p1.m0.field7.bad1.recoveryPlane; actual=0.125; expected=0.125
OK: audit03.readLifecycle.reader.p1.m0.field7.bad2.error
OK: audit03.readLifecycle.reader.p1.m0.field7.bad2.field
OK: audit03.readLifecycle.reader.p1.m0.field7.bad2.address
OK: audit03.readLifecycle.reader.p1.m0.field7.bad2.action
OK: audit03.readLifecycle.reader.p1.m0.field7.bad2.empty
OK: audit03.readLifecycle.reader.p1.m0.field7.bad2.clearedPlane
OK: audit03.readLifecycle.reader.p1.m0.field7.bad2.clearedSelection
READ_LIFECYCLE_SNAPSHOT: audit03.readLifecycle.reader.p1.m0.field7.bad2|В сохраненном снимке Results поле Transformed.CentroidX содержит нечисловое значение: ReadLifecycle!DE808. Повторите импорт геометрии или расчет, чтобы восстановить корректный снимок.
OK: audit03.readLifecycle.reader.p1.m0.field7.bad2.recovery
OK: audit03.readLifecycle.reader.p1.m0.field7.bad2.recoveryPlane; actual=0.125; expected=0.125
OK: audit03.readLifecycle.reader.p1.m0.field7.bad3.error
OK: audit03.readLifecycle.reader.p1.m0.field7.bad3.field
OK: audit03.readLifecycle.reader.p1.m0.field7.bad3.address
OK: audit03.readLifecycle.reader.p1.m0.field7.bad3.action
OK: audit03.readLifecycle.reader.p1.m0.field7.bad3.empty
OK: audit03.readLifecycle.reader.p1.m0.field7.bad3.clearedPlane
OK: audit03.readLifecycle.reader.p1.m0.field7.bad3.clearedSelection
READ_LIFECYCLE_SNAPSHOT: audit03.readLifecycle.reader.p1.m0.field7.bad3|В сохраненном снимке Results поле Transformed.CentroidX содержит нечисловое значение: ReadLifecycle!DE808. Повторите импорт геометрии или расчет, чтобы восстановить корректный снимок.
OK: audit03.readLifecycle.reader.p1.m0.field7.bad3.recovery
OK: audit03.readLifecycle.reader.p1.m0.field7.bad3.recoveryPlane; actual=0.125; expected=0.125
OK: audit03.readLifecycle.reader.p1.m0.field7.bad4.error
OK: audit03.readLifecycle.reader.p1.m0.field7.bad4.field
OK: audit03.readLifecycle.reader.p1.m0.field7.bad4.address
OK: audit03.readLifecycle.reader.p1.m0.field7.bad4.action
OK: audit03.readLifecycle.reader.p1.m0.field7.bad4.empty
OK: audit03.readLifecycle.reader.p1.m0.field7.bad4.clearedPlane
OK: audit03.readLifecycle.reader.p1.m0.field7.bad4.clearedSelection
READ_LIFECYCLE_SNAPSHOT: audit03.readLifecycle.reader.p1.m0.field7.bad4|В сохраненном снимке Results поле Transformed.CentroidX содержит нечисловое значение: ReadLifecycle!DE808. Повторите импорт геометрии или расчет, чтобы восстановить корректный снимок.
OK: audit03.readLifecycle.reader.p1.m0.field7.bad4.recovery
OK: audit03.readLifecycle.reader.p1.m0.field7.bad4.recoveryPlane; actual=0.125; expected=0.125
OK: audit03.readLifecycle.reader.p1.m0.field8.bad0.error
OK: audit03.readLifecycle.reader.p1.m0.field8.bad0.field
OK: audit03.readLifecycle.reader.p1.m0.field8.bad0.address
OK: audit03.readLifecycle.reader.p1.m0.field8.bad0.action
OK: audit03.readLifecycle.reader.p1.m0.field8.bad0.empty
OK: audit03.readLifecycle.reader.p1.m0.field8.bad0.clearedPlane
OK: audit03.readLifecycle.reader.p1.m0.field8.bad0.clearedSelection
READ_LIFECYCLE_SNAPSHOT: audit03.readLifecycle.reader.p1.m0.field8.bad0|В сохраненном снимке Results поле Transformed.CentroidY содержит нечисловое значение: ReadLifecycle!DE809. Повторите импорт геометрии или расчет, чтобы восстановить корректный снимок.
OK: audit03.readLifecycle.reader.p1.m0.field8.bad0.recovery
OK: audit03.readLifecycle.reader.p1.m0.field8.bad0.recoveryPlane; actual=0.125; expected=0.125
OK: audit03.readLifecycle.reader.p1.m0.field8.bad1.error
OK: audit03.readLifecycle.reader.p1.m0.field8.bad1.field
OK: audit03.readLifecycle.reader.p1.m0.field8.bad1.address
OK: audit03.readLifecycle.reader.p1.m0.field8.bad1.action
OK: audit03.readLifecycle.reader.p1.m0.field8.bad1.empty
OK: audit03.readLifecycle.reader.p1.m0.field8.bad1.clearedPlane
OK: audit03.readLifecycle.reader.p1.m0.field8.bad1.clearedSelection
READ_LIFECYCLE_SNAPSHOT: audit03.readLifecycle.reader.p1.m0.field8.bad1|В сохраненном снимке Results поле Transformed.CentroidY содержит нечисловое значение: ReadLifecycle!DE809. Повторите импорт геометрии или расчет, чтобы восстановить корректный снимок.
OK: audit03.readLifecycle.reader.p1.m0.field8.bad1.recovery
OK: audit03.readLifecycle.reader.p1.m0.field8.bad1.recoveryPlane; actual=0.125; expected=0.125
OK: audit03.readLifecycle.reader.p1.m0.field8.bad2.error
OK: audit03.readLifecycle.reader.p1.m0.field8.bad2.field
OK: audit03.readLifecycle.reader.p1.m0.field8.bad2.address
OK: audit03.readLifecycle.reader.p1.m0.field8.bad2.action
OK: audit03.readLifecycle.reader.p1.m0.field8.bad2.empty
OK: audit03.readLifecycle.reader.p1.m0.field8.bad2.clearedPlane
OK: audit03.readLifecycle.reader.p1.m0.field8.bad2.clearedSelection
READ_LIFECYCLE_SNAPSHOT: audit03.readLifecycle.reader.p1.m0.field8.bad2|В сохраненном снимке Results поле Transformed.CentroidY содержит нечисловое значение: ReadLifecycle!DE809. Повторите импорт геометрии или расчет, чтобы восстановить корректный снимок.
OK: audit03.readLifecycle.reader.p1.m0.field8.bad2.recovery
OK: audit03.readLifecycle.reader.p1.m0.field8.bad2.recoveryPlane; actual=0.125; expected=0.125
OK: audit03.readLifecycle.reader.p1.m0.field8.bad3.error
OK: audit03.readLifecycle.reader.p1.m0.field8.bad3.field
OK: audit03.readLifecycle.reader.p1.m0.field8.bad3.address
OK: audit03.readLifecycle.reader.p1.m0.field8.bad3.action
OK: audit03.readLifecycle.reader.p1.m0.field8.bad3.empty
OK: audit03.readLifecycle.reader.p1.m0.field8.bad3.clearedPlane
OK: audit03.readLifecycle.reader.p1.m0.field8.bad3.clearedSelection
READ_LIFECYCLE_SNAPSHOT: audit03.readLifecycle.reader.p1.m0.field8.bad3|В сохраненном снимке Results поле Transformed.CentroidY содержит нечисловое значение: ReadLifecycle!DE809. Повторите импорт геометрии или расчет, чтобы восстановить корректный снимок.
OK: audit03.readLifecycle.reader.p1.m0.field8.bad3.recovery
OK: audit03.readLifecycle.reader.p1.m0.field8.bad3.recoveryPlane; actual=0.125; expected=0.125
OK: audit03.readLifecycle.reader.p1.m0.field8.bad4.error
OK: audit03.readLifecycle.reader.p1.m0.field8.bad4.field
OK: audit03.readLifecycle.reader.p1.m0.field8.bad4.address
OK: audit03.readLifecycle.reader.p1.m0.field8.bad4.action
OK: audit03.readLifecycle.reader.p1.m0.field8.bad4.empty
OK: audit03.readLifecycle.reader.p1.m0.field8.bad4.clearedPlane
OK: audit03.readLifecycle.reader.p1.m0.field8.bad4.clearedSelection
READ_LIFECYCLE_SNAPSHOT: audit03.readLifecycle.reader.p1.m0.field8.bad4|В сохраненном снимке Results поле Transformed.CentroidY содержит нечисловое значение: ReadLifecycle!DE809. Повторите импорт геометрии или расчет, чтобы восстановить корректный снимок.
OK: audit03.readLifecycle.reader.p1.m0.field8.bad4.recovery
OK: audit03.readLifecycle.reader.p1.m0.field8.bad4.recoveryPlane; actual=0.125; expected=0.125
OK: audit03.readLifecycle.reader.p1.m0.field9.bad0.error
OK: audit03.readLifecycle.reader.p1.m0.field9.bad0.field
OK: audit03.readLifecycle.reader.p1.m0.field9.bad0.address
OK: audit03.readLifecycle.reader.p1.m0.field9.bad0.action
OK: audit03.readLifecycle.reader.p1.m0.field9.bad0.empty
OK: audit03.readLifecycle.reader.p1.m0.field9.bad0.clearedPlane
OK: audit03.readLifecycle.reader.p1.m0.field9.bad0.clearedSelection
READ_LIFECYCLE_SNAPSHOT: audit03.readLifecycle.reader.p1.m0.field9.bad0|В сохраненном снимке Results поле Transformed.PrincipalAngle содержит нечисловое значение: ReadLifecycle!DE810. Повторите импорт геометрии или расчет, чтобы восстановить корректный снимок.
OK: audit03.readLifecycle.reader.p1.m0.field9.bad0.recovery
OK: audit03.readLifecycle.reader.p1.m0.field9.bad0.recoveryPlane; actual=0.125; expected=0.125
OK: audit03.readLifecycle.reader.p1.m0.field9.bad1.error
OK: audit03.readLifecycle.reader.p1.m0.field9.bad1.field
OK: audit03.readLifecycle.reader.p1.m0.field9.bad1.address
OK: audit03.readLifecycle.reader.p1.m0.field9.bad1.action
OK: audit03.readLifecycle.reader.p1.m0.field9.bad1.empty
OK: audit03.readLifecycle.reader.p1.m0.field9.bad1.clearedPlane
OK: audit03.readLifecycle.reader.p1.m0.field9.bad1.clearedSelection
READ_LIFECYCLE_SNAPSHOT: audit03.readLifecycle.reader.p1.m0.field9.bad1|В сохраненном снимке Results поле Transformed.PrincipalAngle содержит нечисловое значение: ReadLifecycle!DE810. Повторите импорт геометрии или расчет, чтобы восстановить корректный снимок.
OK: audit03.readLifecycle.reader.p1.m0.field9.bad1.recovery
OK: audit03.readLifecycle.reader.p1.m0.field9.bad1.recoveryPlane; actual=0.125; expected=0.125
OK: audit03.readLifecycle.reader.p1.m0.field9.bad2.error
OK: audit03.readLifecycle.reader.p1.m0.field9.bad2.field
OK: audit03.readLifecycle.reader.p1.m0.field9.bad2.address
OK: audit03.readLifecycle.reader.p1.m0.field9.bad2.action
OK: audit03.readLifecycle.reader.p1.m0.field9.bad2.empty
OK: audit03.readLifecycle.reader.p1.m0.field9.bad2.clearedPlane
OK: audit03.readLifecycle.reader.p1.m0.field9.bad2.clearedSelection
READ_LIFECYCLE_SNAPSHOT: audit03.readLifecycle.reader.p1.m0.field9.bad2|В сохраненном снимке Results поле Transformed.PrincipalAngle содержит нечисловое значение: ReadLifecycle!DE810. Повторите импорт геометрии или расчет, чтобы восстановить корректный снимок.
OK: audit03.readLifecycle.reader.p1.m0.field9.bad2.recovery
OK: audit03.readLifecycle.reader.p1.m0.field9.bad2.recoveryPlane; actual=0.125; expected=0.125
OK: audit03.readLifecycle.reader.p1.m0.field9.bad3.error
OK: audit03.readLifecycle.reader.p1.m0.field9.bad3.field
OK: audit03.readLifecycle.reader.p1.m0.field9.bad3.address
OK: audit03.readLifecycle.reader.p1.m0.field9.bad3.action
OK: audit03.readLifecycle.reader.p1.m0.field9.bad3.empty
OK: audit03.readLifecycle.reader.p1.m0.field9.bad3.clearedPlane
OK: audit03.readLifecycle.reader.p1.m0.field9.bad3.clearedSelection
READ_LIFECYCLE_SNAPSHOT: audit03.readLifecycle.reader.p1.m0.field9.bad3|В сохраненном снимке Results поле Transformed.PrincipalAngle содержит нечисловое значение: ReadLifecycle!DE810. Повторите импорт геометрии или расчет, чтобы восстановить корректный снимок.
OK: audit03.readLifecycle.reader.p1.m0.field9.bad3.recovery
OK: audit03.readLifecycle.reader.p1.m0.field9.bad3.recoveryPlane; actual=0.125; expected=0.125
OK: audit03.readLifecycle.reader.p1.m0.field9.bad4.error
OK: audit03.readLifecycle.reader.p1.m0.field9.bad4.field
OK: audit03.readLifecycle.reader.p1.m0.field9.bad4.address
OK: audit03.readLifecycle.reader.p1.m0.field9.bad4.action
OK: audit03.readLifecycle.reader.p1.m0.field9.bad4.empty
OK: audit03.readLifecycle.reader.p1.m0.field9.bad4.clearedPlane
OK: audit03.readLifecycle.reader.p1.m0.field9.bad4.clearedSelection
READ_LIFECYCLE_SNAPSHOT: audit03.readLifecycle.reader.p1.m0.field9.bad4|В сохраненном снимке Results поле Transformed.PrincipalAngle содержит нечисловое значение: ReadLifecycle!DE810. Повторите импорт геометрии или расчет, чтобы восстановить корректный снимок.
OK: audit03.readLifecycle.reader.p1.m0.field9.bad4.recovery
OK: audit03.readLifecycle.reader.p1.m0.field9.bad4.recoveryPlane; actual=0.125; expected=0.125
OK: audit03.readLifecycle.reader.p1.m0.field10.bad0.error
OK: audit03.readLifecycle.reader.p1.m0.field10.bad0.field
OK: audit03.readLifecycle.reader.p1.m0.field10.bad0.address
OK: audit03.readLifecycle.reader.p1.m0.field10.bad0.action
OK: audit03.readLifecycle.reader.p1.m0.field10.bad0.empty
OK: audit03.readLifecycle.reader.p1.m0.field10.bad0.clearedPlane
OK: audit03.readLifecycle.reader.p1.m0.field10.bad0.clearedSelection
READ_LIFECYCLE_SNAPSHOT: audit03.readLifecycle.reader.p1.m0.field10.bad0|В сохраненном снимке Results поле LoadReferenceX содержит нечисловое значение: ReadLifecycle!DE811. Повторите импорт геометрии или расчет, чтобы восстановить корректный снимок.
OK: audit03.readLifecycle.reader.p1.m0.field10.bad0.recovery
OK: audit03.readLifecycle.reader.p1.m0.field10.bad0.recoveryPlane; actual=0.125; expected=0.125
OK: audit03.readLifecycle.reader.p1.m0.field10.bad1.error
OK: audit03.readLifecycle.reader.p1.m0.field10.bad1.field
OK: audit03.readLifecycle.reader.p1.m0.field10.bad1.address
OK: audit03.readLifecycle.reader.p1.m0.field10.bad1.action
OK: audit03.readLifecycle.reader.p1.m0.field10.bad1.empty
OK: audit03.readLifecycle.reader.p1.m0.field10.bad1.clearedPlane
OK: audit03.readLifecycle.reader.p1.m0.field10.bad1.clearedSelection
READ_LIFECYCLE_SNAPSHOT: audit03.readLifecycle.reader.p1.m0.field10.bad1|В сохраненном снимке Results поле LoadReferenceX содержит нечисловое значение: ReadLifecycle!DE811. Повторите импорт геометрии или расчет, чтобы восстановить корректный снимок.
OK: audit03.readLifecycle.reader.p1.m0.field10.bad1.recovery
OK: audit03.readLifecycle.reader.p1.m0.field10.bad1.recoveryPlane; actual=0.125; expected=0.125
OK: audit03.readLifecycle.reader.p1.m0.field10.bad2.error
OK: audit03.readLifecycle.reader.p1.m0.field10.bad2.field
OK: audit03.readLifecycle.reader.p1.m0.field10.bad2.address
OK: audit03.readLifecycle.reader.p1.m0.field10.bad2.action
OK: audit03.readLifecycle.reader.p1.m0.field10.bad2.empty
OK: audit03.readLifecycle.reader.p1.m0.field10.bad2.clearedPlane
OK: audit03.readLifecycle.reader.p1.m0.field10.bad2.clearedSelection
READ_LIFECYCLE_SNAPSHOT: audit03.readLifecycle.reader.p1.m0.field10.bad2|В сохраненном снимке Results поле LoadReferenceX содержит нечисловое значение: ReadLifecycle!DE811. Повторите импорт геометрии или расчет, чтобы восстановить корректный снимок.
OK: audit03.readLifecycle.reader.p1.m0.field10.bad2.recovery
OK: audit03.readLifecycle.reader.p1.m0.field10.bad2.recoveryPlane; actual=0.125; expected=0.125
OK: audit03.readLifecycle.reader.p1.m0.field10.bad3.error
OK: audit03.readLifecycle.reader.p1.m0.field10.bad3.field
OK: audit03.readLifecycle.reader.p1.m0.field10.bad3.address
OK: audit03.readLifecycle.reader.p1.m0.field10.bad3.action
OK: audit03.readLifecycle.reader.p1.m0.field10.bad3.empty
OK: audit03.readLifecycle.reader.p1.m0.field10.bad3.clearedPlane
OK: audit03.readLifecycle.reader.p1.m0.field10.bad3.clearedSelection
READ_LIFECYCLE_SNAPSHOT: audit03.readLifecycle.reader.p1.m0.field10.bad3|В сохраненном снимке Results поле LoadReferenceX содержит нечисловое значение: ReadLifecycle!DE811. Повторите импорт геометрии или расчет, чтобы восстановить корректный снимок.
OK: audit03.readLifecycle.reader.p1.m0.field10.bad3.recovery
OK: audit03.readLifecycle.reader.p1.m0.field10.bad3.recoveryPlane; actual=0.125; expected=0.125
OK: audit03.readLifecycle.reader.p1.m0.field10.bad4.error
OK: audit03.readLifecycle.reader.p1.m0.field10.bad4.field
OK: audit03.readLifecycle.reader.p1.m0.field10.bad4.address
OK: audit03.readLifecycle.reader.p1.m0.field10.bad4.action
OK: audit03.readLifecycle.reader.p1.m0.field10.bad4.empty
OK: audit03.readLifecycle.reader.p1.m0.field10.bad4.clearedPlane
OK: audit03.readLifecycle.reader.p1.m0.field10.bad4.clearedSelection
READ_LIFECYCLE_SNAPSHOT: audit03.readLifecycle.reader.p1.m0.field10.bad4|В сохраненном снимке Results поле LoadReferenceX содержит нечисловое значение: ReadLifecycle!DE811. Повторите импорт геометрии или расчет, чтобы восстановить корректный снимок.
OK: audit03.readLifecycle.reader.p1.m0.field10.bad4.recovery
OK: audit03.readLifecycle.reader.p1.m0.field10.bad4.recoveryPlane; actual=0.125; expected=0.125
OK: audit03.readLifecycle.reader.p1.m0.field11.bad0.error
OK: audit03.readLifecycle.reader.p1.m0.field11.bad0.field
OK: audit03.readLifecycle.reader.p1.m0.field11.bad0.address
OK: audit03.readLifecycle.reader.p1.m0.field11.bad0.action
OK: audit03.readLifecycle.reader.p1.m0.field11.bad0.empty
OK: audit03.readLifecycle.reader.p1.m0.field11.bad0.clearedPlane
OK: audit03.readLifecycle.reader.p1.m0.field11.bad0.clearedSelection
READ_LIFECYCLE_SNAPSHOT: audit03.readLifecycle.reader.p1.m0.field11.bad0|В сохраненном снимке Results поле LoadReferenceY содержит нечисловое значение: ReadLifecycle!DE812. Повторите импорт геометрии или расчет, чтобы восстановить корректный снимок.
OK: audit03.readLifecycle.reader.p1.m0.field11.bad0.recovery
OK: audit03.readLifecycle.reader.p1.m0.field11.bad0.recoveryPlane; actual=0.125; expected=0.125
OK: audit03.readLifecycle.reader.p1.m0.field11.bad1.error
OK: audit03.readLifecycle.reader.p1.m0.field11.bad1.field
OK: audit03.readLifecycle.reader.p1.m0.field11.bad1.address
OK: audit03.readLifecycle.reader.p1.m0.field11.bad1.action
OK: audit03.readLifecycle.reader.p1.m0.field11.bad1.empty
OK: audit03.readLifecycle.reader.p1.m0.field11.bad1.clearedPlane
OK: audit03.readLifecycle.reader.p1.m0.field11.bad1.clearedSelection
READ_LIFECYCLE_SNAPSHOT: audit03.readLifecycle.reader.p1.m0.field11.bad1|В сохраненном снимке Results поле LoadReferenceY содержит нечисловое значение: ReadLifecycle!DE812. Повторите импорт геометрии или расчет, чтобы восстановить корректный снимок.
OK: audit03.readLifecycle.reader.p1.m0.field11.bad1.recovery
OK: audit03.readLifecycle.reader.p1.m0.field11.bad1.recoveryPlane; actual=0.125; expected=0.125
OK: audit03.readLifecycle.reader.p1.m0.field11.bad2.error
OK: audit03.readLifecycle.reader.p1.m0.field11.bad2.field
OK: audit03.readLifecycle.reader.p1.m0.field11.bad2.address
OK: audit03.readLifecycle.reader.p1.m0.field11.bad2.action
OK: audit03.readLifecycle.reader.p1.m0.field11.bad2.empty
OK: audit03.readLifecycle.reader.p1.m0.field11.bad2.clearedPlane
OK: audit03.readLifecycle.reader.p1.m0.field11.bad2.clearedSelection
READ_LIFECYCLE_SNAPSHOT: audit03.readLifecycle.reader.p1.m0.field11.bad2|В сохраненном снимке Results поле LoadReferenceY содержит нечисловое значение: ReadLifecycle!DE812. Повторите импорт геометрии или расчет, чтобы восстановить корректный снимок.
OK: audit03.readLifecycle.reader.p1.m0.field11.bad2.recovery
OK: audit03.readLifecycle.reader.p1.m0.field11.bad2.recoveryPlane; actual=0.125; expected=0.125
OK: audit03.readLifecycle.reader.p1.m0.field11.bad3.error
OK: audit03.readLifecycle.reader.p1.m0.field11.bad3.field
OK: audit03.readLifecycle.reader.p1.m0.field11.bad3.address
OK: audit03.readLifecycle.reader.p1.m0.field11.bad3.action
OK: audit03.readLifecycle.reader.p1.m0.field11.bad3.empty
OK: audit03.readLifecycle.reader.p1.m0.field11.bad3.clearedPlane
OK: audit03.readLifecycle.reader.p1.m0.field11.bad3.clearedSelection
READ_LIFECYCLE_SNAPSHOT: audit03.readLifecycle.reader.p1.m0.field11.bad3|В сохраненном снимке Results поле LoadReferenceY содержит нечисловое значение: ReadLifecycle!DE812. Повторите импорт геометрии или расчет, чтобы восстановить корректный снимок.
OK: audit03.readLifecycle.reader.p1.m0.field11.bad3.recovery
OK: audit03.readLifecycle.reader.p1.m0.field11.bad3.recoveryPlane; actual=0.125; expected=0.125
OK: audit03.readLifecycle.reader.p1.m0.field11.bad4.error
OK: audit03.readLifecycle.reader.p1.m0.field11.bad4.field
OK: audit03.readLifecycle.reader.p1.m0.field11.bad4.address
OK: audit03.readLifecycle.reader.p1.m0.field11.bad4.action
OK: audit03.readLifecycle.reader.p1.m0.field11.bad4.empty
OK: audit03.readLifecycle.reader.p1.m0.field11.bad4.clearedPlane
OK: audit03.readLifecycle.reader.p1.m0.field11.bad4.clearedSelection
READ_LIFECYCLE_SNAPSHOT: audit03.readLifecycle.reader.p1.m0.field11.bad4|В сохраненном снимке Results поле LoadReferenceY содержит нечисловое значение: ReadLifecycle!DE812. Повторите импорт геометрии или расчет, чтобы восстановить корректный снимок.
OK: audit03.readLifecycle.reader.p1.m0.field11.bad4.recovery
OK: audit03.readLifecycle.reader.p1.m0.field11.bad4.recoveryPlane; actual=0.125; expected=0.125
OK: audit03.readLifecycle.reader.p1.m0.field12.bad0.error
OK: audit03.readLifecycle.reader.p1.m0.field12.bad0.field
OK: audit03.readLifecycle.reader.p1.m0.field12.bad0.address
OK: audit03.readLifecycle.reader.p1.m0.field12.bad0.action
OK: audit03.readLifecycle.reader.p1.m0.field12.bad0.empty
OK: audit03.readLifecycle.reader.p1.m0.field12.bad0.clearedPlane
OK: audit03.readLifecycle.reader.p1.m0.field12.bad0.clearedSelection
READ_LIFECYCLE_SNAPSHOT: audit03.readLifecycle.reader.p1.m0.field12.bad0|В сохраненном снимке Results поле State.StrengthState.Epsilon0 содержит нечисловое значение: ReadLifecycle!DE813. Повторите импорт геометрии или расчет, чтобы восстановить корректный снимок.
OK: audit03.readLifecycle.reader.p1.m0.field12.bad0.recovery
OK: audit03.readLifecycle.reader.p1.m0.field12.bad0.recoveryPlane; actual=0.125; expected=0.125
OK: audit03.readLifecycle.reader.p1.m0.field12.bad1.error
OK: audit03.readLifecycle.reader.p1.m0.field12.bad1.field
OK: audit03.readLifecycle.reader.p1.m0.field12.bad1.address
OK: audit03.readLifecycle.reader.p1.m0.field12.bad1.action
OK: audit03.readLifecycle.reader.p1.m0.field12.bad1.empty
OK: audit03.readLifecycle.reader.p1.m0.field12.bad1.clearedPlane
OK: audit03.readLifecycle.reader.p1.m0.field12.bad1.clearedSelection
READ_LIFECYCLE_SNAPSHOT: audit03.readLifecycle.reader.p1.m0.field12.bad1|В сохраненном снимке Results поле State.StrengthState.Epsilon0 содержит нечисловое значение: ReadLifecycle!DE813. Повторите импорт геометрии или расчет, чтобы восстановить корректный снимок.
OK: audit03.readLifecycle.reader.p1.m0.field12.bad1.recovery
OK: audit03.readLifecycle.reader.p1.m0.field12.bad1.recoveryPlane; actual=0.125; expected=0.125
OK: audit03.readLifecycle.reader.p1.m0.field12.bad2.error
OK: audit03.readLifecycle.reader.p1.m0.field12.bad2.field
OK: audit03.readLifecycle.reader.p1.m0.field12.bad2.address
OK: audit03.readLifecycle.reader.p1.m0.field12.bad2.action
OK: audit03.readLifecycle.reader.p1.m0.field12.bad2.empty
OK: audit03.readLifecycle.reader.p1.m0.field12.bad2.clearedPlane
OK: audit03.readLifecycle.reader.p1.m0.field12.bad2.clearedSelection
READ_LIFECYCLE_SNAPSHOT: audit03.readLifecycle.reader.p1.m0.field12.bad2|В сохраненном снимке Results поле State.StrengthState.Epsilon0 содержит нечисловое значение: ReadLifecycle!DE813. Повторите импорт геометрии или расчет, чтобы восстановить корректный снимок.
OK: audit03.readLifecycle.reader.p1.m0.field12.bad2.recovery
OK: audit03.readLifecycle.reader.p1.m0.field12.bad2.recoveryPlane; actual=0.125; expected=0.125
OK: audit03.readLifecycle.reader.p1.m0.field12.bad3.error
OK: audit03.readLifecycle.reader.p1.m0.field12.bad3.field
OK: audit03.readLifecycle.reader.p1.m0.field12.bad3.address
OK: audit03.readLifecycle.reader.p1.m0.field12.bad3.action
OK: audit03.readLifecycle.reader.p1.m0.field12.bad3.empty
OK: audit03.readLifecycle.reader.p1.m0.field12.bad3.clearedPlane
OK: audit03.readLifecycle.reader.p1.m0.field12.bad3.clearedSelection
READ_LIFECYCLE_SNAPSHOT: audit03.readLifecycle.reader.p1.m0.field12.bad3|В сохраненном снимке Results поле State.StrengthState.Epsilon0 содержит нечисловое значение: ReadLifecycle!DE813. Повторите импорт геометрии или расчет, чтобы восстановить корректный снимок.
OK: audit03.readLifecycle.reader.p1.m0.field12.bad3.recovery
OK: audit03.readLifecycle.reader.p1.m0.field12.bad3.recoveryPlane; actual=0.125; expected=0.125
OK: audit03.readLifecycle.reader.p1.m0.field12.bad4.error
OK: audit03.readLifecycle.reader.p1.m0.field12.bad4.field
OK: audit03.readLifecycle.reader.p1.m0.field12.bad4.address
OK: audit03.readLifecycle.reader.p1.m0.field12.bad4.action
OK: audit03.readLifecycle.reader.p1.m0.field12.bad4.empty
OK: audit03.readLifecycle.reader.p1.m0.field12.bad4.clearedPlane
OK: audit03.readLifecycle.reader.p1.m0.field12.bad4.clearedSelection
READ_LIFECYCLE_SNAPSHOT: audit03.readLifecycle.reader.p1.m0.field12.bad4|В сохраненном снимке Results поле State.StrengthState.Epsilon0 содержит нечисловое значение: ReadLifecycle!DE813. Повторите импорт геометрии или расчет, чтобы восстановить корректный снимок.
OK: audit03.readLifecycle.reader.p1.m0.field12.bad4.recovery
OK: audit03.readLifecycle.reader.p1.m0.field12.bad4.recoveryPlane; actual=0.125; expected=0.125
OK: audit03.readLifecycle.reader.p1.m0.field13.bad0.error
OK: audit03.readLifecycle.reader.p1.m0.field13.bad0.field
OK: audit03.readLifecycle.reader.p1.m0.field13.bad0.address
OK: audit03.readLifecycle.reader.p1.m0.field13.bad0.action
OK: audit03.readLifecycle.reader.p1.m0.field13.bad0.empty
OK: audit03.readLifecycle.reader.p1.m0.field13.bad0.clearedPlane
OK: audit03.readLifecycle.reader.p1.m0.field13.bad0.clearedSelection
READ_LIFECYCLE_SNAPSHOT: audit03.readLifecycle.reader.p1.m0.field13.bad0|В сохраненном снимке Results поле State.StrengthState.KappaX содержит нечисловое значение: ReadLifecycle!DE814. Повторите импорт геометрии или расчет, чтобы восстановить корректный снимок.
OK: audit03.readLifecycle.reader.p1.m0.field13.bad0.recovery
OK: audit03.readLifecycle.reader.p1.m0.field13.bad0.recoveryPlane; actual=0.125; expected=0.125
OK: audit03.readLifecycle.reader.p1.m0.field13.bad1.error
OK: audit03.readLifecycle.reader.p1.m0.field13.bad1.field
OK: audit03.readLifecycle.reader.p1.m0.field13.bad1.address
OK: audit03.readLifecycle.reader.p1.m0.field13.bad1.action
OK: audit03.readLifecycle.reader.p1.m0.field13.bad1.empty
OK: audit03.readLifecycle.reader.p1.m0.field13.bad1.clearedPlane
OK: audit03.readLifecycle.reader.p1.m0.field13.bad1.clearedSelection
READ_LIFECYCLE_SNAPSHOT: audit03.readLifecycle.reader.p1.m0.field13.bad1|В сохраненном снимке Results поле State.StrengthState.KappaX содержит нечисловое значение: ReadLifecycle!DE814. Повторите импорт геометрии или расчет, чтобы восстановить корректный снимок.
OK: audit03.readLifecycle.reader.p1.m0.field13.bad1.recovery
OK: audit03.readLifecycle.reader.p1.m0.field13.bad1.recoveryPlane; actual=0.125; expected=0.125
OK: audit03.readLifecycle.reader.p1.m0.field13.bad2.error
OK: audit03.readLifecycle.reader.p1.m0.field13.bad2.field
OK: audit03.readLifecycle.reader.p1.m0.field13.bad2.address
OK: audit03.readLifecycle.reader.p1.m0.field13.bad2.action
OK: audit03.readLifecycle.reader.p1.m0.field13.bad2.empty
OK: audit03.readLifecycle.reader.p1.m0.field13.bad2.clearedPlane
OK: audit03.readLifecycle.reader.p1.m0.field13.bad2.clearedSelection
READ_LIFECYCLE_SNAPSHOT: audit03.readLifecycle.reader.p1.m0.field13.bad2|В сохраненном снимке Results поле State.StrengthState.KappaX содержит нечисловое значение: ReadLifecycle!DE814. Повторите импорт геометрии или расчет, чтобы восстановить корректный снимок.
OK: audit03.readLifecycle.reader.p1.m0.field13.bad2.recovery
OK: audit03.readLifecycle.reader.p1.m0.field13.bad2.recoveryPlane; actual=0.125; expected=0.125
OK: audit03.readLifecycle.reader.p1.m0.field13.bad3.error
OK: audit03.readLifecycle.reader.p1.m0.field13.bad3.field
OK: audit03.readLifecycle.reader.p1.m0.field13.bad3.address
OK: audit03.readLifecycle.reader.p1.m0.field13.bad3.action
OK: audit03.readLifecycle.reader.p1.m0.field13.bad3.empty
OK: audit03.readLifecycle.reader.p1.m0.field13.bad3.clearedPlane
OK: audit03.readLifecycle.reader.p1.m0.field13.bad3.clearedSelection
READ_LIFECYCLE_SNAPSHOT: audit03.readLifecycle.reader.p1.m0.field13.bad3|В сохраненном снимке Results поле State.StrengthState.KappaX содержит нечисловое значение: ReadLifecycle!DE814. Повторите импорт геометрии или расчет, чтобы восстановить корректный снимок.
OK: audit03.readLifecycle.reader.p1.m0.field13.bad3.recovery
OK: audit03.readLifecycle.reader.p1.m0.field13.bad3.recoveryPlane; actual=0.125; expected=0.125
OK: audit03.readLifecycle.reader.p1.m0.field13.bad4.error
OK: audit03.readLifecycle.reader.p1.m0.field13.bad4.field
OK: audit03.readLifecycle.reader.p1.m0.field13.bad4.address
OK: audit03.readLifecycle.reader.p1.m0.field13.bad4.action
OK: audit03.readLifecycle.reader.p1.m0.field13.bad4.empty
OK: audit03.readLifecycle.reader.p1.m0.field13.bad4.clearedPlane
OK: audit03.readLifecycle.reader.p1.m0.field13.bad4.clearedSelection
READ_LIFECYCLE_SNAPSHOT: audit03.readLifecycle.reader.p1.m0.field13.bad4|В сохраненном снимке Results поле State.StrengthState.KappaX содержит нечисловое значение: ReadLifecycle!DE814. Повторите импорт геометрии или расчет, чтобы восстановить корректный снимок.
OK: audit03.readLifecycle.reader.p1.m0.field13.bad4.recovery
OK: audit03.readLifecycle.reader.p1.m0.field13.bad4.recoveryPlane; actual=0.125; expected=0.125
OK: audit03.readLifecycle.reader.p1.m0.field14.bad0.error
OK: audit03.readLifecycle.reader.p1.m0.field14.bad0.field
OK: audit03.readLifecycle.reader.p1.m0.field14.bad0.address
OK: audit03.readLifecycle.reader.p1.m0.field14.bad0.action
OK: audit03.readLifecycle.reader.p1.m0.field14.bad0.empty
OK: audit03.readLifecycle.reader.p1.m0.field14.bad0.clearedPlane
OK: audit03.readLifecycle.reader.p1.m0.field14.bad0.clearedSelection
READ_LIFECYCLE_SNAPSHOT: audit03.readLifecycle.reader.p1.m0.field14.bad0|В сохраненном снимке Results поле State.StrengthState.KappaY содержит нечисловое значение: ReadLifecycle!DE815. Повторите импорт геометрии или расчет, чтобы восстановить корректный снимок.
OK: audit03.readLifecycle.reader.p1.m0.field14.bad0.recovery
OK: audit03.readLifecycle.reader.p1.m0.field14.bad0.recoveryPlane; actual=0.125; expected=0.125
OK: audit03.readLifecycle.reader.p1.m0.field14.bad1.error
OK: audit03.readLifecycle.reader.p1.m0.field14.bad1.field
OK: audit03.readLifecycle.reader.p1.m0.field14.bad1.address
OK: audit03.readLifecycle.reader.p1.m0.field14.bad1.action
OK: audit03.readLifecycle.reader.p1.m0.field14.bad1.empty
OK: audit03.readLifecycle.reader.p1.m0.field14.bad1.clearedPlane
OK: audit03.readLifecycle.reader.p1.m0.field14.bad1.clearedSelection
READ_LIFECYCLE_SNAPSHOT: audit03.readLifecycle.reader.p1.m0.field14.bad1|В сохраненном снимке Results поле State.StrengthState.KappaY содержит нечисловое значение: ReadLifecycle!DE815. Повторите импорт геометрии или расчет, чтобы восстановить корректный снимок.
OK: audit03.readLifecycle.reader.p1.m0.field14.bad1.recovery
OK: audit03.readLifecycle.reader.p1.m0.field14.bad1.recoveryPlane; actual=0.125; expected=0.125
OK: audit03.readLifecycle.reader.p1.m0.field14.bad2.error
OK: audit03.readLifecycle.reader.p1.m0.field14.bad2.field
OK: audit03.readLifecycle.reader.p1.m0.field14.bad2.address
OK: audit03.readLifecycle.reader.p1.m0.field14.bad2.action
OK: audit03.readLifecycle.reader.p1.m0.field14.bad2.empty
OK: audit03.readLifecycle.reader.p1.m0.field14.bad2.clearedPlane
OK: audit03.readLifecycle.reader.p1.m0.field14.bad2.clearedSelection
READ_LIFECYCLE_SNAPSHOT: audit03.readLifecycle.reader.p1.m0.field14.bad2|В сохраненном снимке Results поле State.StrengthState.KappaY содержит нечисловое значение: ReadLifecycle!DE815. Повторите импорт геометрии или расчет, чтобы восстановить корректный снимок.
OK: audit03.readLifecycle.reader.p1.m0.field14.bad2.recovery
OK: audit03.readLifecycle.reader.p1.m0.field14.bad2.recoveryPlane; actual=0.125; expected=0.125
OK: audit03.readLifecycle.reader.p1.m0.field14.bad3.error
OK: audit03.readLifecycle.reader.p1.m0.field14.bad3.field
OK: audit03.readLifecycle.reader.p1.m0.field14.bad3.address
OK: audit03.readLifecycle.reader.p1.m0.field14.bad3.action
OK: audit03.readLifecycle.reader.p1.m0.field14.bad3.empty
OK: audit03.readLifecycle.reader.p1.m0.field14.bad3.clearedPlane
OK: audit03.readLifecycle.reader.p1.m0.field14.bad3.clearedSelection
READ_LIFECYCLE_SNAPSHOT: audit03.readLifecycle.reader.p1.m0.field14.bad3|В сохраненном снимке Results поле State.StrengthState.KappaY содержит нечисловое значение: ReadLifecycle!DE815. Повторите импорт геометрии или расчет, чтобы восстановить корректный снимок.
OK: audit03.readLifecycle.reader.p1.m0.field14.bad3.recovery
OK: audit03.readLifecycle.reader.p1.m0.field14.bad3.recoveryPlane; actual=0.125; expected=0.125
OK: audit03.readLifecycle.reader.p1.m0.field14.bad4.error
OK: audit03.readLifecycle.reader.p1.m0.field14.bad4.field
OK: audit03.readLifecycle.reader.p1.m0.field14.bad4.address
OK: audit03.readLifecycle.reader.p1.m0.field14.bad4.action
OK: audit03.readLifecycle.reader.p1.m0.field14.bad4.empty
OK: audit03.readLifecycle.reader.p1.m0.field14.bad4.clearedPlane
OK: audit03.readLifecycle.reader.p1.m0.field14.bad4.clearedSelection
READ_LIFECYCLE_SNAPSHOT: audit03.readLifecycle.reader.p1.m0.field14.bad4|В сохраненном снимке Results поле State.StrengthState.KappaY содержит нечисловое значение: ReadLifecycle!DE815. Повторите импорт геометрии или расчет, чтобы восстановить корректный снимок.
OK: audit03.readLifecycle.reader.p1.m0.field14.bad4.recovery
OK: audit03.readLifecycle.reader.p1.m0.field14.bad4.recoveryPlane; actual=0.125; expected=0.125
OK: audit03.readLifecycle.reader.late.p1.m0.error
OK: audit03.readLifecycle.reader.late.p1.m0.empty
OK: audit03.readLifecycle.reader.late.p1.m0.recovery
OK: audit03.readLifecycle.reader.baseline.p1.m1
OK: audit03.readLifecycle.reader.p1.m1.field0.bad0.error
OK: audit03.readLifecycle.reader.p1.m1.field0.bad0.field
OK: audit03.readLifecycle.reader.p1.m1.field0.bad0.address
OK: audit03.readLifecycle.reader.p1.m1.field0.bad0.action
OK: audit03.readLifecycle.reader.p1.m1.field0.bad0.empty
OK: audit03.readLifecycle.reader.p1.m1.field0.bad0.clearedPlane
OK: audit03.readLifecycle.reader.p1.m1.field0.bad0.clearedSelection
READ_LIFECYCLE_SNAPSHOT: audit03.readLifecycle.reader.p1.m1.field0.bad0|В сохраненном снимке Results поле Bounds.MinX содержит нечисловое значение: ReadLifecycle!DE801. Повторите импорт геометрии или расчет, чтобы восстановить корректный снимок.
OK: audit03.readLifecycle.reader.p1.m1.field0.bad0.recovery
OK: audit03.readLifecycle.reader.p1.m1.field0.bad1.error
OK: audit03.readLifecycle.reader.p1.m1.field0.bad1.field
OK: audit03.readLifecycle.reader.p1.m1.field0.bad1.address
OK: audit03.readLifecycle.reader.p1.m1.field0.bad1.action
OK: audit03.readLifecycle.reader.p1.m1.field0.bad1.empty
OK: audit03.readLifecycle.reader.p1.m1.field0.bad1.clearedPlane
OK: audit03.readLifecycle.reader.p1.m1.field0.bad1.clearedSelection
READ_LIFECYCLE_SNAPSHOT: audit03.readLifecycle.reader.p1.m1.field0.bad1|В сохраненном снимке Results поле Bounds.MinX содержит нечисловое значение: ReadLifecycle!DE801. Повторите импорт геометрии или расчет, чтобы восстановить корректный снимок.
OK: audit03.readLifecycle.reader.p1.m1.field0.bad1.recovery
OK: audit03.readLifecycle.reader.p1.m1.field0.bad2.error
OK: audit03.readLifecycle.reader.p1.m1.field0.bad2.field
OK: audit03.readLifecycle.reader.p1.m1.field0.bad2.address
OK: audit03.readLifecycle.reader.p1.m1.field0.bad2.action
OK: audit03.readLifecycle.reader.p1.m1.field0.bad2.empty
OK: audit03.readLifecycle.reader.p1.m1.field0.bad2.clearedPlane
OK: audit03.readLifecycle.reader.p1.m1.field0.bad2.clearedSelection
READ_LIFECYCLE_SNAPSHOT: audit03.readLifecycle.reader.p1.m1.field0.bad2|В сохраненном снимке Results поле Bounds.MinX содержит нечисловое значение: ReadLifecycle!DE801. Повторите импорт геометрии или расчет, чтобы восстановить корректный снимок.
OK: audit03.readLifecycle.reader.p1.m1.field0.bad2.recovery
OK: audit03.readLifecycle.reader.p1.m1.field0.bad3.error
OK: audit03.readLifecycle.reader.p1.m1.field0.bad3.field
OK: audit03.readLifecycle.reader.p1.m1.field0.bad3.address
OK: audit03.readLifecycle.reader.p1.m1.field0.bad3.action
OK: audit03.readLifecycle.reader.p1.m1.field0.bad3.empty
OK: audit03.readLifecycle.reader.p1.m1.field0.bad3.clearedPlane
OK: audit03.readLifecycle.reader.p1.m1.field0.bad3.clearedSelection
READ_LIFECYCLE_SNAPSHOT: audit03.readLifecycle.reader.p1.m1.field0.bad3|В сохраненном снимке Results поле Bounds.MinX содержит нечисловое значение: ReadLifecycle!DE801. Повторите импорт геометрии или расчет, чтобы восстановить корректный снимок.
OK: audit03.readLifecycle.reader.p1.m1.field0.bad3.recovery
OK: audit03.readLifecycle.reader.p1.m1.field0.bad4.error
OK: audit03.readLifecycle.reader.p1.m1.field0.bad4.field
OK: audit03.readLifecycle.reader.p1.m1.field0.bad4.address
OK: audit03.readLifecycle.reader.p1.m1.field0.bad4.action
OK: audit03.readLifecycle.reader.p1.m1.field0.bad4.empty
OK: audit03.readLifecycle.reader.p1.m1.field0.bad4.clearedPlane
OK: audit03.readLifecycle.reader.p1.m1.field0.bad4.clearedSelection
READ_LIFECYCLE_SNAPSHOT: audit03.readLifecycle.reader.p1.m1.field0.bad4|В сохраненном снимке Results поле Bounds.MinX содержит нечисловое значение: ReadLifecycle!DE801. Повторите импорт геометрии или расчет, чтобы восстановить корректный снимок.
OK: audit03.readLifecycle.reader.p1.m1.field0.bad4.recovery
OK: audit03.readLifecycle.reader.p1.m1.field1.bad0.error
OK: audit03.readLifecycle.reader.p1.m1.field1.bad0.field
OK: audit03.readLifecycle.reader.p1.m1.field1.bad0.address
OK: audit03.readLifecycle.reader.p1.m1.field1.bad0.action
OK: audit03.readLifecycle.reader.p1.m1.field1.bad0.empty
OK: audit03.readLifecycle.reader.p1.m1.field1.bad0.clearedPlane
OK: audit03.readLifecycle.reader.p1.m1.field1.bad0.clearedSelection
READ_LIFECYCLE_SNAPSHOT: audit03.readLifecycle.reader.p1.m1.field1.bad0|В сохраненном снимке Results поле Bounds.MaxX содержит нечисловое значение: ReadLifecycle!DE802. Повторите импорт геометрии или расчет, чтобы восстановить корректный снимок.
OK: audit03.readLifecycle.reader.p1.m1.field1.bad0.recovery
OK: audit03.readLifecycle.reader.p1.m1.field1.bad1.error
OK: audit03.readLifecycle.reader.p1.m1.field1.bad1.field
OK: audit03.readLifecycle.reader.p1.m1.field1.bad1.address
OK: audit03.readLifecycle.reader.p1.m1.field1.bad1.action
OK: audit03.readLifecycle.reader.p1.m1.field1.bad1.empty
OK: audit03.readLifecycle.reader.p1.m1.field1.bad1.clearedPlane
OK: audit03.readLifecycle.reader.p1.m1.field1.bad1.clearedSelection
READ_LIFECYCLE_SNAPSHOT: audit03.readLifecycle.reader.p1.m1.field1.bad1|В сохраненном снимке Results поле Bounds.MaxX содержит нечисловое значение: ReadLifecycle!DE802. Повторите импорт геометрии или расчет, чтобы восстановить корректный снимок.
OK: audit03.readLifecycle.reader.p1.m1.field1.bad1.recovery
OK: audit03.readLifecycle.reader.p1.m1.field1.bad2.error
OK: audit03.readLifecycle.reader.p1.m1.field1.bad2.field
OK: audit03.readLifecycle.reader.p1.m1.field1.bad2.address
OK: audit03.readLifecycle.reader.p1.m1.field1.bad2.action
OK: audit03.readLifecycle.reader.p1.m1.field1.bad2.empty
OK: audit03.readLifecycle.reader.p1.m1.field1.bad2.clearedPlane
OK: audit03.readLifecycle.reader.p1.m1.field1.bad2.clearedSelection
READ_LIFECYCLE_SNAPSHOT: audit03.readLifecycle.reader.p1.m1.field1.bad2|В сохраненном снимке Results поле Bounds.MaxX содержит нечисловое значение: ReadLifecycle!DE802. Повторите импорт геометрии или расчет, чтобы восстановить корректный снимок.
OK: audit03.readLifecycle.reader.p1.m1.field1.bad2.recovery
OK: audit03.readLifecycle.reader.p1.m1.field1.bad3.error
OK: audit03.readLifecycle.reader.p1.m1.field1.bad3.field
OK: audit03.readLifecycle.reader.p1.m1.field1.bad3.address
OK: audit03.readLifecycle.reader.p1.m1.field1.bad3.action
OK: audit03.readLifecycle.reader.p1.m1.field1.bad3.empty
OK: audit03.readLifecycle.reader.p1.m1.field1.bad3.clearedPlane
OK: audit03.readLifecycle.reader.p1.m1.field1.bad3.clearedSelection
READ_LIFECYCLE_SNAPSHOT: audit03.readLifecycle.reader.p1.m1.field1.bad3|В сохраненном снимке Results поле Bounds.MaxX содержит нечисловое значение: ReadLifecycle!DE802. Повторите импорт геометрии или расчет, чтобы восстановить корректный снимок.
OK: audit03.readLifecycle.reader.p1.m1.field1.bad3.recovery
OK: audit03.readLifecycle.reader.p1.m1.field1.bad4.error
OK: audit03.readLifecycle.reader.p1.m1.field1.bad4.field
OK: audit03.readLifecycle.reader.p1.m1.field1.bad4.address
OK: audit03.readLifecycle.reader.p1.m1.field1.bad4.action
OK: audit03.readLifecycle.reader.p1.m1.field1.bad4.empty
OK: audit03.readLifecycle.reader.p1.m1.field1.bad4.clearedPlane
OK: audit03.readLifecycle.reader.p1.m1.field1.bad4.clearedSelection
READ_LIFECYCLE_SNAPSHOT: audit03.readLifecycle.reader.p1.m1.field1.bad4|В сохраненном снимке Results поле Bounds.MaxX содержит нечисловое значение: ReadLifecycle!DE802. Повторите импорт геометрии или расчет, чтобы восстановить корректный снимок.
OK: audit03.readLifecycle.reader.p1.m1.field1.bad4.recovery
OK: audit03.readLifecycle.reader.p1.m1.field2.bad0.error
OK: audit03.readLifecycle.reader.p1.m1.field2.bad0.field
OK: audit03.readLifecycle.reader.p1.m1.field2.bad0.address
OK: audit03.readLifecycle.reader.p1.m1.field2.bad0.action
OK: audit03.readLifecycle.reader.p1.m1.field2.bad0.empty
OK: audit03.readLifecycle.reader.p1.m1.field2.bad0.clearedPlane
OK: audit03.readLifecycle.reader.p1.m1.field2.bad0.clearedSelection
READ_LIFECYCLE_SNAPSHOT: audit03.readLifecycle.reader.p1.m1.field2.bad0|В сохраненном снимке Results поле Bounds.MinY содержит нечисловое значение: ReadLifecycle!DE803. Повторите импорт геометрии или расчет, чтобы восстановить корректный снимок.
OK: audit03.readLifecycle.reader.p1.m1.field2.bad0.recovery
OK: audit03.readLifecycle.reader.p1.m1.field2.bad1.error
OK: audit03.readLifecycle.reader.p1.m1.field2.bad1.field
OK: audit03.readLifecycle.reader.p1.m1.field2.bad1.address
OK: audit03.readLifecycle.reader.p1.m1.field2.bad1.action
OK: audit03.readLifecycle.reader.p1.m1.field2.bad1.empty
OK: audit03.readLifecycle.reader.p1.m1.field2.bad1.clearedPlane
OK: audit03.readLifecycle.reader.p1.m1.field2.bad1.clearedSelection
READ_LIFECYCLE_SNAPSHOT: audit03.readLifecycle.reader.p1.m1.field2.bad1|В сохраненном снимке Results поле Bounds.MinY содержит нечисловое значение: ReadLifecycle!DE803. Повторите импорт геометрии или расчет, чтобы восстановить корректный снимок.
OK: audit03.readLifecycle.reader.p1.m1.field2.bad1.recovery
OK: audit03.readLifecycle.reader.p1.m1.field2.bad2.error
OK: audit03.readLifecycle.reader.p1.m1.field2.bad2.field
OK: audit03.readLifecycle.reader.p1.m1.field2.bad2.address
OK: audit03.readLifecycle.reader.p1.m1.field2.bad2.action
OK: audit03.readLifecycle.reader.p1.m1.field2.bad2.empty
OK: audit03.readLifecycle.reader.p1.m1.field2.bad2.clearedPlane
OK: audit03.readLifecycle.reader.p1.m1.field2.bad2.clearedSelection
READ_LIFECYCLE_SNAPSHOT: audit03.readLifecycle.reader.p1.m1.field2.bad2|В сохраненном снимке Results поле Bounds.MinY содержит нечисловое значение: ReadLifecycle!DE803. Повторите импорт геометрии или расчет, чтобы восстановить корректный снимок.
OK: audit03.readLifecycle.reader.p1.m1.field2.bad2.recovery
OK: audit03.readLifecycle.reader.p1.m1.field2.bad3.error
OK: audit03.readLifecycle.reader.p1.m1.field2.bad3.field
OK: audit03.readLifecycle.reader.p1.m1.field2.bad3.address
OK: audit03.readLifecycle.reader.p1.m1.field2.bad3.action
OK: audit03.readLifecycle.reader.p1.m1.field2.bad3.empty
OK: audit03.readLifecycle.reader.p1.m1.field2.bad3.clearedPlane
OK: audit03.readLifecycle.reader.p1.m1.field2.bad3.clearedSelection
READ_LIFECYCLE_SNAPSHOT: audit03.readLifecycle.reader.p1.m1.field2.bad3|В сохраненном снимке Results поле Bounds.MinY содержит нечисловое значение: ReadLifecycle!DE803. Повторите импорт геометрии или расчет, чтобы восстановить корректный снимок.
OK: audit03.readLifecycle.reader.p1.m1.field2.bad3.recovery
OK: audit03.readLifecycle.reader.p1.m1.field2.bad4.error
OK: audit03.readLifecycle.reader.p1.m1.field2.bad4.field
OK: audit03.readLifecycle.reader.p1.m1.field2.bad4.address
OK: audit03.readLifecycle.reader.p1.m1.field2.bad4.action
OK: audit03.readLifecycle.reader.p1.m1.field2.bad4.empty
OK: audit03.readLifecycle.reader.p1.m1.field2.bad4.clearedPlane
OK: audit03.readLifecycle.reader.p1.m1.field2.bad4.clearedSelection
READ_LIFECYCLE_SNAPSHOT: audit03.readLifecycle.reader.p1.m1.field2.bad4|В сохраненном снимке Results поле Bounds.MinY содержит нечисловое значение: ReadLifecycle!DE803. Повторите импорт геометрии или расчет, чтобы восстановить корректный снимок.
OK: audit03.readLifecycle.reader.p1.m1.field2.bad4.recovery
OK: audit03.readLifecycle.reader.p1.m1.field3.bad0.error
OK: audit03.readLifecycle.reader.p1.m1.field3.bad0.field
OK: audit03.readLifecycle.reader.p1.m1.field3.bad0.address
OK: audit03.readLifecycle.reader.p1.m1.field3.bad0.action
OK: audit03.readLifecycle.reader.p1.m1.field3.bad0.empty
OK: audit03.readLifecycle.reader.p1.m1.field3.bad0.clearedPlane
OK: audit03.readLifecycle.reader.p1.m1.field3.bad0.clearedSelection
READ_LIFECYCLE_SNAPSHOT: audit03.readLifecycle.reader.p1.m1.field3.bad0|В сохраненном снимке Results поле Bounds.MaxY содержит нечисловое значение: ReadLifecycle!DE804. Повторите импорт геометрии или расчет, чтобы восстановить корректный снимок.
OK: audit03.readLifecycle.reader.p1.m1.field3.bad0.recovery
OK: audit03.readLifecycle.reader.p1.m1.field3.bad1.error
OK: audit03.readLifecycle.reader.p1.m1.field3.bad1.field
OK: audit03.readLifecycle.reader.p1.m1.field3.bad1.address
OK: audit03.readLifecycle.reader.p1.m1.field3.bad1.action
OK: audit03.readLifecycle.reader.p1.m1.field3.bad1.empty
OK: audit03.readLifecycle.reader.p1.m1.field3.bad1.clearedPlane
OK: audit03.readLifecycle.reader.p1.m1.field3.bad1.clearedSelection
READ_LIFECYCLE_SNAPSHOT: audit03.readLifecycle.reader.p1.m1.field3.bad1|В сохраненном снимке Results поле Bounds.MaxY содержит нечисловое значение: ReadLifecycle!DE804. Повторите импорт геометрии или расчет, чтобы восстановить корректный снимок.
OK: audit03.readLifecycle.reader.p1.m1.field3.bad1.recovery
OK: audit03.readLifecycle.reader.p1.m1.field3.bad2.error
OK: audit03.readLifecycle.reader.p1.m1.field3.bad2.field
OK: audit03.readLifecycle.reader.p1.m1.field3.bad2.address
OK: audit03.readLifecycle.reader.p1.m1.field3.bad2.action
OK: audit03.readLifecycle.reader.p1.m1.field3.bad2.empty
OK: audit03.readLifecycle.reader.p1.m1.field3.bad2.clearedPlane
OK: audit03.readLifecycle.reader.p1.m1.field3.bad2.clearedSelection
READ_LIFECYCLE_SNAPSHOT: audit03.readLifecycle.reader.p1.m1.field3.bad2|В сохраненном снимке Results поле Bounds.MaxY содержит нечисловое значение: ReadLifecycle!DE804. Повторите импорт геометрии или расчет, чтобы восстановить корректный снимок.
OK: audit03.readLifecycle.reader.p1.m1.field3.bad2.recovery
OK: audit03.readLifecycle.reader.p1.m1.field3.bad3.error
OK: audit03.readLifecycle.reader.p1.m1.field3.bad3.field
OK: audit03.readLifecycle.reader.p1.m1.field3.bad3.address
OK: audit03.readLifecycle.reader.p1.m1.field3.bad3.action
OK: audit03.readLifecycle.reader.p1.m1.field3.bad3.empty
OK: audit03.readLifecycle.reader.p1.m1.field3.bad3.clearedPlane
OK: audit03.readLifecycle.reader.p1.m1.field3.bad3.clearedSelection
READ_LIFECYCLE_SNAPSHOT: audit03.readLifecycle.reader.p1.m1.field3.bad3|В сохраненном снимке Results поле Bounds.MaxY содержит нечисловое значение: ReadLifecycle!DE804. Повторите импорт геометрии или расчет, чтобы восстановить корректный снимок.
OK: audit03.readLifecycle.reader.p1.m1.field3.bad3.recovery
OK: audit03.readLifecycle.reader.p1.m1.field3.bad4.error
OK: audit03.readLifecycle.reader.p1.m1.field3.bad4.field
OK: audit03.readLifecycle.reader.p1.m1.field3.bad4.address
OK: audit03.readLifecycle.reader.p1.m1.field3.bad4.action
OK: audit03.readLifecycle.reader.p1.m1.field3.bad4.empty
OK: audit03.readLifecycle.reader.p1.m1.field3.bad4.clearedPlane
OK: audit03.readLifecycle.reader.p1.m1.field3.bad4.clearedSelection
READ_LIFECYCLE_SNAPSHOT: audit03.readLifecycle.reader.p1.m1.field3.bad4|В сохраненном снимке Results поле Bounds.MaxY содержит нечисловое значение: ReadLifecycle!DE804. Повторите импорт геометрии или расчет, чтобы восстановить корректный снимок.
OK: audit03.readLifecycle.reader.p1.m1.field3.bad4.recovery
OK: audit03.readLifecycle.reader.p1.m1.field4.bad0.error
OK: audit03.readLifecycle.reader.p1.m1.field4.bad0.field
OK: audit03.readLifecycle.reader.p1.m1.field4.bad0.address
OK: audit03.readLifecycle.reader.p1.m1.field4.bad0.action
OK: audit03.readLifecycle.reader.p1.m1.field4.bad0.empty
OK: audit03.readLifecycle.reader.p1.m1.field4.bad0.clearedPlane
OK: audit03.readLifecycle.reader.p1.m1.field4.bad0.clearedSelection
READ_LIFECYCLE_SNAPSHOT: audit03.readLifecycle.reader.p1.m1.field4.bad0|В сохраненном снимке Results поле Concrete.CentroidX содержит нечисловое значение: ReadLifecycle!DE805. Повторите импорт геометрии или расчет, чтобы восстановить корректный снимок.
OK: audit03.readLifecycle.reader.p1.m1.field4.bad0.recovery
OK: audit03.readLifecycle.reader.p1.m1.field4.bad1.error
OK: audit03.readLifecycle.reader.p1.m1.field4.bad1.field
OK: audit03.readLifecycle.reader.p1.m1.field4.bad1.address
OK: audit03.readLifecycle.reader.p1.m1.field4.bad1.action
OK: audit03.readLifecycle.reader.p1.m1.field4.bad1.empty
OK: audit03.readLifecycle.reader.p1.m1.field4.bad1.clearedPlane
OK: audit03.readLifecycle.reader.p1.m1.field4.bad1.clearedSelection
READ_LIFECYCLE_SNAPSHOT: audit03.readLifecycle.reader.p1.m1.field4.bad1|В сохраненном снимке Results поле Concrete.CentroidX содержит нечисловое значение: ReadLifecycle!DE805. Повторите импорт геометрии или расчет, чтобы восстановить корректный снимок.
OK: audit03.readLifecycle.reader.p1.m1.field4.bad1.recovery
OK: audit03.readLifecycle.reader.p1.m1.field4.bad2.error
OK: audit03.readLifecycle.reader.p1.m1.field4.bad2.field
OK: audit03.readLifecycle.reader.p1.m1.field4.bad2.address
OK: audit03.readLifecycle.reader.p1.m1.field4.bad2.action
OK: audit03.readLifecycle.reader.p1.m1.field4.bad2.empty
OK: audit03.readLifecycle.reader.p1.m1.field4.bad2.clearedPlane
OK: audit03.readLifecycle.reader.p1.m1.field4.bad2.clearedSelection
READ_LIFECYCLE_SNAPSHOT: audit03.readLifecycle.reader.p1.m1.field4.bad2|В сохраненном снимке Results поле Concrete.CentroidX содержит нечисловое значение: ReadLifecycle!DE805. Повторите импорт геометрии или расчет, чтобы восстановить корректный снимок.
OK: audit03.readLifecycle.reader.p1.m1.field4.bad2.recovery
OK: audit03.readLifecycle.reader.p1.m1.field4.bad3.error
OK: audit03.readLifecycle.reader.p1.m1.field4.bad3.field
OK: audit03.readLifecycle.reader.p1.m1.field4.bad3.address
OK: audit03.readLifecycle.reader.p1.m1.field4.bad3.action
OK: audit03.readLifecycle.reader.p1.m1.field4.bad3.empty
OK: audit03.readLifecycle.reader.p1.m1.field4.bad3.clearedPlane
OK: audit03.readLifecycle.reader.p1.m1.field4.bad3.clearedSelection
READ_LIFECYCLE_SNAPSHOT: audit03.readLifecycle.reader.p1.m1.field4.bad3|В сохраненном снимке Results поле Concrete.CentroidX содержит нечисловое значение: ReadLifecycle!DE805. Повторите импорт геометрии или расчет, чтобы восстановить корректный снимок.
OK: audit03.readLifecycle.reader.p1.m1.field4.bad3.recovery
OK: audit03.readLifecycle.reader.p1.m1.field4.bad4.error
OK: audit03.readLifecycle.reader.p1.m1.field4.bad4.field
OK: audit03.readLifecycle.reader.p1.m1.field4.bad4.address
OK: audit03.readLifecycle.reader.p1.m1.field4.bad4.action
OK: audit03.readLifecycle.reader.p1.m1.field4.bad4.empty
OK: audit03.readLifecycle.reader.p1.m1.field4.bad4.clearedPlane
OK: audit03.readLifecycle.reader.p1.m1.field4.bad4.clearedSelection
READ_LIFECYCLE_SNAPSHOT: audit03.readLifecycle.reader.p1.m1.field4.bad4|В сохраненном снимке Results поле Concrete.CentroidX содержит нечисловое значение: ReadLifecycle!DE805. Повторите импорт геометрии или расчет, чтобы восстановить корректный снимок.
OK: audit03.readLifecycle.reader.p1.m1.field4.bad4.recovery
OK: audit03.readLifecycle.reader.p1.m1.field5.bad0.error
OK: audit03.readLifecycle.reader.p1.m1.field5.bad0.field
OK: audit03.readLifecycle.reader.p1.m1.field5.bad0.address
OK: audit03.readLifecycle.reader.p1.m1.field5.bad0.action
OK: audit03.readLifecycle.reader.p1.m1.field5.bad0.empty
OK: audit03.readLifecycle.reader.p1.m1.field5.bad0.clearedPlane
OK: audit03.readLifecycle.reader.p1.m1.field5.bad0.clearedSelection
READ_LIFECYCLE_SNAPSHOT: audit03.readLifecycle.reader.p1.m1.field5.bad0|В сохраненном снимке Results поле Concrete.CentroidY содержит нечисловое значение: ReadLifecycle!DE806. Повторите импорт геометрии или расчет, чтобы восстановить корректный снимок.
OK: audit03.readLifecycle.reader.p1.m1.field5.bad0.recovery
OK: audit03.readLifecycle.reader.p1.m1.field5.bad1.error
OK: audit03.readLifecycle.reader.p1.m1.field5.bad1.field
OK: audit03.readLifecycle.reader.p1.m1.field5.bad1.address
OK: audit03.readLifecycle.reader.p1.m1.field5.bad1.action
OK: audit03.readLifecycle.reader.p1.m1.field5.bad1.empty
OK: audit03.readLifecycle.reader.p1.m1.field5.bad1.clearedPlane
OK: audit03.readLifecycle.reader.p1.m1.field5.bad1.clearedSelection
READ_LIFECYCLE_SNAPSHOT: audit03.readLifecycle.reader.p1.m1.field5.bad1|В сохраненном снимке Results поле Concrete.CentroidY содержит нечисловое значение: ReadLifecycle!DE806. Повторите импорт геометрии или расчет, чтобы восстановить корректный снимок.
OK: audit03.readLifecycle.reader.p1.m1.field5.bad1.recovery
OK: audit03.readLifecycle.reader.p1.m1.field5.bad2.error
OK: audit03.readLifecycle.reader.p1.m1.field5.bad2.field
OK: audit03.readLifecycle.reader.p1.m1.field5.bad2.address
OK: audit03.readLifecycle.reader.p1.m1.field5.bad2.action
OK: audit03.readLifecycle.reader.p1.m1.field5.bad2.empty
OK: audit03.readLifecycle.reader.p1.m1.field5.bad2.clearedPlane
OK: audit03.readLifecycle.reader.p1.m1.field5.bad2.clearedSelection
READ_LIFECYCLE_SNAPSHOT: audit03.readLifecycle.reader.p1.m1.field5.bad2|В сохраненном снимке Results поле Concrete.CentroidY содержит нечисловое значение: ReadLifecycle!DE806. Повторите импорт геометрии или расчет, чтобы восстановить корректный снимок.
OK: audit03.readLifecycle.reader.p1.m1.field5.bad2.recovery
OK: audit03.readLifecycle.reader.p1.m1.field5.bad3.error
OK: audit03.readLifecycle.reader.p1.m1.field5.bad3.field
OK: audit03.readLifecycle.reader.p1.m1.field5.bad3.address
OK: audit03.readLifecycle.reader.p1.m1.field5.bad3.action
OK: audit03.readLifecycle.reader.p1.m1.field5.bad3.empty
OK: audit03.readLifecycle.reader.p1.m1.field5.bad3.clearedPlane
OK: audit03.readLifecycle.reader.p1.m1.field5.bad3.clearedSelection
READ_LIFECYCLE_SNAPSHOT: audit03.readLifecycle.reader.p1.m1.field5.bad3|В сохраненном снимке Results поле Concrete.CentroidY содержит нечисловое значение: ReadLifecycle!DE806. Повторите импорт геометрии или расчет, чтобы восстановить корректный снимок.
OK: audit03.readLifecycle.reader.p1.m1.field5.bad3.recovery
OK: audit03.readLifecycle.reader.p1.m1.field5.bad4.error
OK: audit03.readLifecycle.reader.p1.m1.field5.bad4.field
OK: audit03.readLifecycle.reader.p1.m1.field5.bad4.address
OK: audit03.readLifecycle.reader.p1.m1.field5.bad4.action
OK: audit03.readLifecycle.reader.p1.m1.field5.bad4.empty
OK: audit03.readLifecycle.reader.p1.m1.field5.bad4.clearedPlane
OK: audit03.readLifecycle.reader.p1.m1.field5.bad4.clearedSelection
READ_LIFECYCLE_SNAPSHOT: audit03.readLifecycle.reader.p1.m1.field5.bad4|В сохраненном снимке Results поле Concrete.CentroidY содержит нечисловое значение: ReadLifecycle!DE806. Повторите импорт геометрии или расчет, чтобы восстановить корректный снимок.
OK: audit03.readLifecycle.reader.p1.m1.field5.bad4.recovery
OK: audit03.readLifecycle.reader.p1.m1.field6.bad0.error
OK: audit03.readLifecycle.reader.p1.m1.field6.bad0.field
OK: audit03.readLifecycle.reader.p1.m1.field6.bad0.address
OK: audit03.readLifecycle.reader.p1.m1.field6.bad0.action
OK: audit03.readLifecycle.reader.p1.m1.field6.bad0.empty
OK: audit03.readLifecycle.reader.p1.m1.field6.bad0.clearedPlane
OK: audit03.readLifecycle.reader.p1.m1.field6.bad0.clearedSelection
READ_LIFECYCLE_SNAPSHOT: audit03.readLifecycle.reader.p1.m1.field6.bad0|В сохраненном снимке Results поле Concrete.PrincipalAngle содержит нечисловое значение: ReadLifecycle!DE807. Повторите импорт геометрии или расчет, чтобы восстановить корректный снимок.
OK: audit03.readLifecycle.reader.p1.m1.field6.bad0.recovery
OK: audit03.readLifecycle.reader.p1.m1.field6.bad1.error
OK: audit03.readLifecycle.reader.p1.m1.field6.bad1.field
OK: audit03.readLifecycle.reader.p1.m1.field6.bad1.address
OK: audit03.readLifecycle.reader.p1.m1.field6.bad1.action
OK: audit03.readLifecycle.reader.p1.m1.field6.bad1.empty
OK: audit03.readLifecycle.reader.p1.m1.field6.bad1.clearedPlane
OK: audit03.readLifecycle.reader.p1.m1.field6.bad1.clearedSelection
READ_LIFECYCLE_SNAPSHOT: audit03.readLifecycle.reader.p1.m1.field6.bad1|В сохраненном снимке Results поле Concrete.PrincipalAngle содержит нечисловое значение: ReadLifecycle!DE807. Повторите импорт геометрии или расчет, чтобы восстановить корректный снимок.
OK: audit03.readLifecycle.reader.p1.m1.field6.bad1.recovery
OK: audit03.readLifecycle.reader.p1.m1.field6.bad2.error
OK: audit03.readLifecycle.reader.p1.m1.field6.bad2.field
OK: audit03.readLifecycle.reader.p1.m1.field6.bad2.address
OK: audit03.readLifecycle.reader.p1.m1.field6.bad2.action
OK: audit03.readLifecycle.reader.p1.m1.field6.bad2.empty
OK: audit03.readLifecycle.reader.p1.m1.field6.bad2.clearedPlane
OK: audit03.readLifecycle.reader.p1.m1.field6.bad2.clearedSelection
READ_LIFECYCLE_SNAPSHOT: audit03.readLifecycle.reader.p1.m1.field6.bad2|В сохраненном снимке Results поле Concrete.PrincipalAngle содержит нечисловое значение: ReadLifecycle!DE807. Повторите импорт геометрии или расчет, чтобы восстановить корректный снимок.
OK: audit03.readLifecycle.reader.p1.m1.field6.bad2.recovery
OK: audit03.readLifecycle.reader.p1.m1.field6.bad3.error
OK: audit03.readLifecycle.reader.p1.m1.field6.bad3.field
OK: audit03.readLifecycle.reader.p1.m1.field6.bad3.address
OK: audit03.readLifecycle.reader.p1.m1.field6.bad3.action
OK: audit03.readLifecycle.reader.p1.m1.field6.bad3.empty
OK: audit03.readLifecycle.reader.p1.m1.field6.bad3.clearedPlane
OK: audit03.readLifecycle.reader.p1.m1.field6.bad3.clearedSelection
READ_LIFECYCLE_SNAPSHOT: audit03.readLifecycle.reader.p1.m1.field6.bad3|В сохраненном снимке Results поле Concrete.PrincipalAngle содержит нечисловое значение: ReadLifecycle!DE807. Повторите импорт геометрии или расчет, чтобы восстановить корректный снимок.
OK: audit03.readLifecycle.reader.p1.m1.field6.bad3.recovery
OK: audit03.readLifecycle.reader.p1.m1.field6.bad4.error
OK: audit03.readLifecycle.reader.p1.m1.field6.bad4.field
OK: audit03.readLifecycle.reader.p1.m1.field6.bad4.address
OK: audit03.readLifecycle.reader.p1.m1.field6.bad4.action
OK: audit03.readLifecycle.reader.p1.m1.field6.bad4.empty
OK: audit03.readLifecycle.reader.p1.m1.field6.bad4.clearedPlane
OK: audit03.readLifecycle.reader.p1.m1.field6.bad4.clearedSelection
READ_LIFECYCLE_SNAPSHOT: audit03.readLifecycle.reader.p1.m1.field6.bad4|В сохраненном снимке Results поле Concrete.PrincipalAngle содержит нечисловое значение: ReadLifecycle!DE807. Повторите импорт геометрии или расчет, чтобы восстановить корректный снимок.
OK: audit03.readLifecycle.reader.p1.m1.field6.bad4.recovery
OK: audit03.readLifecycle.reader.p1.m1.field7.bad0.error
OK: audit03.readLifecycle.reader.p1.m1.field7.bad0.field
OK: audit03.readLifecycle.reader.p1.m1.field7.bad0.address
OK: audit03.readLifecycle.reader.p1.m1.field7.bad0.action
OK: audit03.readLifecycle.reader.p1.m1.field7.bad0.empty
OK: audit03.readLifecycle.reader.p1.m1.field7.bad0.clearedPlane
OK: audit03.readLifecycle.reader.p1.m1.field7.bad0.clearedSelection
READ_LIFECYCLE_SNAPSHOT: audit03.readLifecycle.reader.p1.m1.field7.bad0|В сохраненном снимке Results поле Transformed.CentroidX содержит нечисловое значение: ReadLifecycle!DE808. Повторите импорт геометрии или расчет, чтобы восстановить корректный снимок.
OK: audit03.readLifecycle.reader.p1.m1.field7.bad0.recovery
OK: audit03.readLifecycle.reader.p1.m1.field7.bad1.error
OK: audit03.readLifecycle.reader.p1.m1.field7.bad1.field
OK: audit03.readLifecycle.reader.p1.m1.field7.bad1.address
OK: audit03.readLifecycle.reader.p1.m1.field7.bad1.action
OK: audit03.readLifecycle.reader.p1.m1.field7.bad1.empty
OK: audit03.readLifecycle.reader.p1.m1.field7.bad1.clearedPlane
OK: audit03.readLifecycle.reader.p1.m1.field7.bad1.clearedSelection
READ_LIFECYCLE_SNAPSHOT: audit03.readLifecycle.reader.p1.m1.field7.bad1|В сохраненном снимке Results поле Transformed.CentroidX содержит нечисловое значение: ReadLifecycle!DE808. Повторите импорт геометрии или расчет, чтобы восстановить корректный снимок.
OK: audit03.readLifecycle.reader.p1.m1.field7.bad1.recovery
OK: audit03.readLifecycle.reader.p1.m1.field7.bad2.error
OK: audit03.readLifecycle.reader.p1.m1.field7.bad2.field
OK: audit03.readLifecycle.reader.p1.m1.field7.bad2.address
OK: audit03.readLifecycle.reader.p1.m1.field7.bad2.action
OK: audit03.readLifecycle.reader.p1.m1.field7.bad2.empty
OK: audit03.readLifecycle.reader.p1.m1.field7.bad2.clearedPlane
OK: audit03.readLifecycle.reader.p1.m1.field7.bad2.clearedSelection
READ_LIFECYCLE_SNAPSHOT: audit03.readLifecycle.reader.p1.m1.field7.bad2|В сохраненном снимке Results поле Transformed.CentroidX содержит нечисловое значение: ReadLifecycle!DE808. Повторите импорт геометрии или расчет, чтобы восстановить корректный снимок.
OK: audit03.readLifecycle.reader.p1.m1.field7.bad2.recovery
OK: audit03.readLifecycle.reader.p1.m1.field7.bad3.error
OK: audit03.readLifecycle.reader.p1.m1.field7.bad3.field
OK: audit03.readLifecycle.reader.p1.m1.field7.bad3.address
OK: audit03.readLifecycle.reader.p1.m1.field7.bad3.action
OK: audit03.readLifecycle.reader.p1.m1.field7.bad3.empty
OK: audit03.readLifecycle.reader.p1.m1.field7.bad3.clearedPlane
OK: audit03.readLifecycle.reader.p1.m1.field7.bad3.clearedSelection
READ_LIFECYCLE_SNAPSHOT: audit03.readLifecycle.reader.p1.m1.field7.bad3|В сохраненном снимке Results поле Transformed.CentroidX содержит нечисловое значение: ReadLifecycle!DE808. Повторите импорт геометрии или расчет, чтобы восстановить корректный снимок.
OK: audit03.readLifecycle.reader.p1.m1.field7.bad3.recovery
OK: audit03.readLifecycle.reader.p1.m1.field7.bad4.error
OK: audit03.readLifecycle.reader.p1.m1.field7.bad4.field
OK: audit03.readLifecycle.reader.p1.m1.field7.bad4.address
OK: audit03.readLifecycle.reader.p1.m1.field7.bad4.action
OK: audit03.readLifecycle.reader.p1.m1.field7.bad4.empty
OK: audit03.readLifecycle.reader.p1.m1.field7.bad4.clearedPlane
OK: audit03.readLifecycle.reader.p1.m1.field7.bad4.clearedSelection
READ_LIFECYCLE_SNAPSHOT: audit03.readLifecycle.reader.p1.m1.field7.bad4|В сохраненном снимке Results поле Transformed.CentroidX содержит нечисловое значение: ReadLifecycle!DE808. Повторите импорт геометрии или расчет, чтобы восстановить корректный снимок.
OK: audit03.readLifecycle.reader.p1.m1.field7.bad4.recovery
OK: audit03.readLifecycle.reader.p1.m1.field8.bad0.error
OK: audit03.readLifecycle.reader.p1.m1.field8.bad0.field
OK: audit03.readLifecycle.reader.p1.m1.field8.bad0.address
OK: audit03.readLifecycle.reader.p1.m1.field8.bad0.action
OK: audit03.readLifecycle.reader.p1.m1.field8.bad0.empty
OK: audit03.readLifecycle.reader.p1.m1.field8.bad0.clearedPlane
OK: audit03.readLifecycle.reader.p1.m1.field8.bad0.clearedSelection
READ_LIFECYCLE_SNAPSHOT: audit03.readLifecycle.reader.p1.m1.field8.bad0|В сохраненном снимке Results поле Transformed.CentroidY содержит нечисловое значение: ReadLifecycle!DE809. Повторите импорт геометрии или расчет, чтобы восстановить корректный снимок.
OK: audit03.readLifecycle.reader.p1.m1.field8.bad0.recovery
OK: audit03.readLifecycle.reader.p1.m1.field8.bad1.error
OK: audit03.readLifecycle.reader.p1.m1.field8.bad1.field
OK: audit03.readLifecycle.reader.p1.m1.field8.bad1.address
OK: audit03.readLifecycle.reader.p1.m1.field8.bad1.action
OK: audit03.readLifecycle.reader.p1.m1.field8.bad1.empty
OK: audit03.readLifecycle.reader.p1.m1.field8.bad1.clearedPlane
OK: audit03.readLifecycle.reader.p1.m1.field8.bad1.clearedSelection
READ_LIFECYCLE_SNAPSHOT: audit03.readLifecycle.reader.p1.m1.field8.bad1|В сохраненном снимке Results поле Transformed.CentroidY содержит нечисловое значение: ReadLifecycle!DE809. Повторите импорт геометрии или расчет, чтобы восстановить корректный снимок.
OK: audit03.readLifecycle.reader.p1.m1.field8.bad1.recovery
OK: audit03.readLifecycle.reader.p1.m1.field8.bad2.error
OK: audit03.readLifecycle.reader.p1.m1.field8.bad2.field
OK: audit03.readLifecycle.reader.p1.m1.field8.bad2.address
OK: audit03.readLifecycle.reader.p1.m1.field8.bad2.action
OK: audit03.readLifecycle.reader.p1.m1.field8.bad2.empty
OK: audit03.readLifecycle.reader.p1.m1.field8.bad2.clearedPlane
OK: audit03.readLifecycle.reader.p1.m1.field8.bad2.clearedSelection
READ_LIFECYCLE_SNAPSHOT: audit03.readLifecycle.reader.p1.m1.field8.bad2|В сохраненном снимке Results поле Transformed.CentroidY содержит нечисловое значение: ReadLifecycle!DE809. Повторите импорт геометрии или расчет, чтобы восстановить корректный снимок.
OK: audit03.readLifecycle.reader.p1.m1.field8.bad2.recovery
OK: audit03.readLifecycle.reader.p1.m1.field8.bad3.error
OK: audit03.readLifecycle.reader.p1.m1.field8.bad3.field
OK: audit03.readLifecycle.reader.p1.m1.field8.bad3.address
OK: audit03.readLifecycle.reader.p1.m1.field8.bad3.action
OK: audit03.readLifecycle.reader.p1.m1.field8.bad3.empty
OK: audit03.readLifecycle.reader.p1.m1.field8.bad3.clearedPlane
OK: audit03.readLifecycle.reader.p1.m1.field8.bad3.clearedSelection
READ_LIFECYCLE_SNAPSHOT: audit03.readLifecycle.reader.p1.m1.field8.bad3|В сохраненном снимке Results поле Transformed.CentroidY содержит нечисловое значение: ReadLifecycle!DE809. Повторите импорт геометрии или расчет, чтобы восстановить корректный снимок.
OK: audit03.readLifecycle.reader.p1.m1.field8.bad3.recovery
OK: audit03.readLifecycle.reader.p1.m1.field8.bad4.error
OK: audit03.readLifecycle.reader.p1.m1.field8.bad4.field
OK: audit03.readLifecycle.reader.p1.m1.field8.bad4.address
OK: audit03.readLifecycle.reader.p1.m1.field8.bad4.action
OK: audit03.readLifecycle.reader.p1.m1.field8.bad4.empty
OK: audit03.readLifecycle.reader.p1.m1.field8.bad4.clearedPlane
OK: audit03.readLifecycle.reader.p1.m1.field8.bad4.clearedSelection
READ_LIFECYCLE_SNAPSHOT: audit03.readLifecycle.reader.p1.m1.field8.bad4|В сохраненном снимке Results поле Transformed.CentroidY содержит нечисловое значение: ReadLifecycle!DE809. Повторите импорт геометрии или расчет, чтобы восстановить корректный снимок.
OK: audit03.readLifecycle.reader.p1.m1.field8.bad4.recovery
OK: audit03.readLifecycle.reader.p1.m1.field9.bad0.error
OK: audit03.readLifecycle.reader.p1.m1.field9.bad0.field
OK: audit03.readLifecycle.reader.p1.m1.field9.bad0.address
OK: audit03.readLifecycle.reader.p1.m1.field9.bad0.action
OK: audit03.readLifecycle.reader.p1.m1.field9.bad0.empty
OK: audit03.readLifecycle.reader.p1.m1.field9.bad0.clearedPlane
OK: audit03.readLifecycle.reader.p1.m1.field9.bad0.clearedSelection
READ_LIFECYCLE_SNAPSHOT: audit03.readLifecycle.reader.p1.m1.field9.bad0|В сохраненном снимке Results поле Transformed.PrincipalAngle содержит нечисловое значение: ReadLifecycle!DE810. Повторите импорт геометрии или расчет, чтобы восстановить корректный снимок.
OK: audit03.readLifecycle.reader.p1.m1.field9.bad0.recovery
OK: audit03.readLifecycle.reader.p1.m1.field9.bad1.error
OK: audit03.readLifecycle.reader.p1.m1.field9.bad1.field
OK: audit03.readLifecycle.reader.p1.m1.field9.bad1.address
OK: audit03.readLifecycle.reader.p1.m1.field9.bad1.action
OK: audit03.readLifecycle.reader.p1.m1.field9.bad1.empty
OK: audit03.readLifecycle.reader.p1.m1.field9.bad1.clearedPlane
OK: audit03.readLifecycle.reader.p1.m1.field9.bad1.clearedSelection
READ_LIFECYCLE_SNAPSHOT: audit03.readLifecycle.reader.p1.m1.field9.bad1|В сохраненном снимке Results поле Transformed.PrincipalAngle содержит нечисловое значение: ReadLifecycle!DE810. Повторите импорт геометрии или расчет, чтобы восстановить корректный снимок.
OK: audit03.readLifecycle.reader.p1.m1.field9.bad1.recovery
OK: audit03.readLifecycle.reader.p1.m1.field9.bad2.error
OK: audit03.readLifecycle.reader.p1.m1.field9.bad2.field
OK: audit03.readLifecycle.reader.p1.m1.field9.bad2.address
OK: audit03.readLifecycle.reader.p1.m1.field9.bad2.action
OK: audit03.readLifecycle.reader.p1.m1.field9.bad2.empty
OK: audit03.readLifecycle.reader.p1.m1.field9.bad2.clearedPlane
OK: audit03.readLifecycle.reader.p1.m1.field9.bad2.clearedSelection
READ_LIFECYCLE_SNAPSHOT: audit03.readLifecycle.reader.p1.m1.field9.bad2|В сохраненном снимке Results поле Transformed.PrincipalAngle содержит нечисловое значение: ReadLifecycle!DE810. Повторите импорт геометрии или расчет, чтобы восстановить корректный снимок.
OK: audit03.readLifecycle.reader.p1.m1.field9.bad2.recovery
OK: audit03.readLifecycle.reader.p1.m1.field9.bad3.error
OK: audit03.readLifecycle.reader.p1.m1.field9.bad3.field
OK: audit03.readLifecycle.reader.p1.m1.field9.bad3.address
OK: audit03.readLifecycle.reader.p1.m1.field9.bad3.action
OK: audit03.readLifecycle.reader.p1.m1.field9.bad3.empty
OK: audit03.readLifecycle.reader.p1.m1.field9.bad3.clearedPlane
OK: audit03.readLifecycle.reader.p1.m1.field9.bad3.clearedSelection
READ_LIFECYCLE_SNAPSHOT: audit03.readLifecycle.reader.p1.m1.field9.bad3|В сохраненном снимке Results поле Transformed.PrincipalAngle содержит нечисловое значение: ReadLifecycle!DE810. Повторите импорт геометрии или расчет, чтобы восстановить корректный снимок.
OK: audit03.readLifecycle.reader.p1.m1.field9.bad3.recovery
OK: audit03.readLifecycle.reader.p1.m1.field9.bad4.error
OK: audit03.readLifecycle.reader.p1.m1.field9.bad4.field
OK: audit03.readLifecycle.reader.p1.m1.field9.bad4.address
OK: audit03.readLifecycle.reader.p1.m1.field9.bad4.action
OK: audit03.readLifecycle.reader.p1.m1.field9.bad4.empty
OK: audit03.readLifecycle.reader.p1.m1.field9.bad4.clearedPlane
OK: audit03.readLifecycle.reader.p1.m1.field9.bad4.clearedSelection
READ_LIFECYCLE_SNAPSHOT: audit03.readLifecycle.reader.p1.m1.field9.bad4|В сохраненном снимке Results поле Transformed.PrincipalAngle содержит нечисловое значение: ReadLifecycle!DE810. Повторите импорт геометрии или расчет, чтобы восстановить корректный снимок.
OK: audit03.readLifecycle.reader.p1.m1.field9.bad4.recovery
OK: audit03.readLifecycle.reader.p1.m1.field10.bad0.error
OK: audit03.readLifecycle.reader.p1.m1.field10.bad0.field
OK: audit03.readLifecycle.reader.p1.m1.field10.bad0.address
OK: audit03.readLifecycle.reader.p1.m1.field10.bad0.action
OK: audit03.readLifecycle.reader.p1.m1.field10.bad0.empty
OK: audit03.readLifecycle.reader.p1.m1.field10.bad0.clearedPlane
OK: audit03.readLifecycle.reader.p1.m1.field10.bad0.clearedSelection
READ_LIFECYCLE_SNAPSHOT: audit03.readLifecycle.reader.p1.m1.field10.bad0|В сохраненном снимке Results поле LoadReferenceX содержит нечисловое значение: ReadLifecycle!DE811. Повторите импорт геометрии или расчет, чтобы восстановить корректный снимок.
OK: audit03.readLifecycle.reader.p1.m1.field10.bad0.recovery
OK: audit03.readLifecycle.reader.p1.m1.field10.bad1.error
OK: audit03.readLifecycle.reader.p1.m1.field10.bad1.field
OK: audit03.readLifecycle.reader.p1.m1.field10.bad1.address
OK: audit03.readLifecycle.reader.p1.m1.field10.bad1.action
OK: audit03.readLifecycle.reader.p1.m1.field10.bad1.empty
OK: audit03.readLifecycle.reader.p1.m1.field10.bad1.clearedPlane
OK: audit03.readLifecycle.reader.p1.m1.field10.bad1.clearedSelection
READ_LIFECYCLE_SNAPSHOT: audit03.readLifecycle.reader.p1.m1.field10.bad1|В сохраненном снимке Results поле LoadReferenceX содержит нечисловое значение: ReadLifecycle!DE811. Повторите импорт геометрии или расчет, чтобы восстановить корректный снимок.
OK: audit03.readLifecycle.reader.p1.m1.field10.bad1.recovery
OK: audit03.readLifecycle.reader.p1.m1.field10.bad2.error
OK: audit03.readLifecycle.reader.p1.m1.field10.bad2.field
OK: audit03.readLifecycle.reader.p1.m1.field10.bad2.address
OK: audit03.readLifecycle.reader.p1.m1.field10.bad2.action
OK: audit03.readLifecycle.reader.p1.m1.field10.bad2.empty
OK: audit03.readLifecycle.reader.p1.m1.field10.bad2.clearedPlane
OK: audit03.readLifecycle.reader.p1.m1.field10.bad2.clearedSelection
READ_LIFECYCLE_SNAPSHOT: audit03.readLifecycle.reader.p1.m1.field10.bad2|В сохраненном снимке Results поле LoadReferenceX содержит нечисловое значение: ReadLifecycle!DE811. Повторите импорт геометрии или расчет, чтобы восстановить корректный снимок.
OK: audit03.readLifecycle.reader.p1.m1.field10.bad2.recovery
OK: audit03.readLifecycle.reader.p1.m1.field10.bad3.error
OK: audit03.readLifecycle.reader.p1.m1.field10.bad3.field
OK: audit03.readLifecycle.reader.p1.m1.field10.bad3.address
OK: audit03.readLifecycle.reader.p1.m1.field10.bad3.action
OK: audit03.readLifecycle.reader.p1.m1.field10.bad3.empty
OK: audit03.readLifecycle.reader.p1.m1.field10.bad3.clearedPlane
OK: audit03.readLifecycle.reader.p1.m1.field10.bad3.clearedSelection
READ_LIFECYCLE_SNAPSHOT: audit03.readLifecycle.reader.p1.m1.field10.bad3|В сохраненном снимке Results поле LoadReferenceX содержит нечисловое значение: ReadLifecycle!DE811. Повторите импорт геометрии или расчет, чтобы восстановить корректный снимок.
OK: audit03.readLifecycle.reader.p1.m1.field10.bad3.recovery
OK: audit03.readLifecycle.reader.p1.m1.field10.bad4.error
OK: audit03.readLifecycle.reader.p1.m1.field10.bad4.field
OK: audit03.readLifecycle.reader.p1.m1.field10.bad4.address
OK: audit03.readLifecycle.reader.p1.m1.field10.bad4.action
OK: audit03.readLifecycle.reader.p1.m1.field10.bad4.empty
OK: audit03.readLifecycle.reader.p1.m1.field10.bad4.clearedPlane
OK: audit03.readLifecycle.reader.p1.m1.field10.bad4.clearedSelection
READ_LIFECYCLE_SNAPSHOT: audit03.readLifecycle.reader.p1.m1.field10.bad4|В сохраненном снимке Results поле LoadReferenceX содержит нечисловое значение: ReadLifecycle!DE811. Повторите импорт геометрии или расчет, чтобы восстановить корректный снимок.
OK: audit03.readLifecycle.reader.p1.m1.field10.bad4.recovery
OK: audit03.readLifecycle.reader.p1.m1.field11.bad0.error
OK: audit03.readLifecycle.reader.p1.m1.field11.bad0.field
OK: audit03.readLifecycle.reader.p1.m1.field11.bad0.address
OK: audit03.readLifecycle.reader.p1.m1.field11.bad0.action
OK: audit03.readLifecycle.reader.p1.m1.field11.bad0.empty
OK: audit03.readLifecycle.reader.p1.m1.field11.bad0.clearedPlane
OK: audit03.readLifecycle.reader.p1.m1.field11.bad0.clearedSelection
READ_LIFECYCLE_SNAPSHOT: audit03.readLifecycle.reader.p1.m1.field11.bad0|В сохраненном снимке Results поле LoadReferenceY содержит нечисловое значение: ReadLifecycle!DE812. Повторите импорт геометрии или расчет, чтобы восстановить корректный снимок.
OK: audit03.readLifecycle.reader.p1.m1.field11.bad0.recovery
OK: audit03.readLifecycle.reader.p1.m1.field11.bad1.error
OK: audit03.readLifecycle.reader.p1.m1.field11.bad1.field
OK: audit03.readLifecycle.reader.p1.m1.field11.bad1.address
OK: audit03.readLifecycle.reader.p1.m1.field11.bad1.action
OK: audit03.readLifecycle.reader.p1.m1.field11.bad1.empty
OK: audit03.readLifecycle.reader.p1.m1.field11.bad1.clearedPlane
OK: audit03.readLifecycle.reader.p1.m1.field11.bad1.clearedSelection
READ_LIFECYCLE_SNAPSHOT: audit03.readLifecycle.reader.p1.m1.field11.bad1|В сохраненном снимке Results поле LoadReferenceY содержит нечисловое значение: ReadLifecycle!DE812. Повторите импорт геометрии или расчет, чтобы восстановить корректный снимок.
OK: audit03.readLifecycle.reader.p1.m1.field11.bad1.recovery
OK: audit03.readLifecycle.reader.p1.m1.field11.bad2.error
OK: audit03.readLifecycle.reader.p1.m1.field11.bad2.field
OK: audit03.readLifecycle.reader.p1.m1.field11.bad2.address
OK: audit03.readLifecycle.reader.p1.m1.field11.bad2.action
OK: audit03.readLifecycle.reader.p1.m1.field11.bad2.empty
OK: audit03.readLifecycle.reader.p1.m1.field11.bad2.clearedPlane
OK: audit03.readLifecycle.reader.p1.m1.field11.bad2.clearedSelection
READ_LIFECYCLE_SNAPSHOT: audit03.readLifecycle.reader.p1.m1.field11.bad2|В сохраненном снимке Results поле LoadReferenceY содержит нечисловое значение: ReadLifecycle!DE812. Повторите импорт геометрии или расчет, чтобы восстановить корректный снимок.
OK: audit03.readLifecycle.reader.p1.m1.field11.bad2.recovery
OK: audit03.readLifecycle.reader.p1.m1.field11.bad3.error
OK: audit03.readLifecycle.reader.p1.m1.field11.bad3.field
OK: audit03.readLifecycle.reader.p1.m1.field11.bad3.address
OK: audit03.readLifecycle.reader.p1.m1.field11.bad3.action
OK: audit03.readLifecycle.reader.p1.m1.field11.bad3.empty
OK: audit03.readLifecycle.reader.p1.m1.field11.bad3.clearedPlane
OK: audit03.readLifecycle.reader.p1.m1.field11.bad3.clearedSelection
READ_LIFECYCLE_SNAPSHOT: audit03.readLifecycle.reader.p1.m1.field11.bad3|В сохраненном снимке Results поле LoadReferenceY содержит нечисловое значение: ReadLifecycle!DE812. Повторите импорт геометрии или расчет, чтобы восстановить корректный снимок.
OK: audit03.readLifecycle.reader.p1.m1.field11.bad3.recovery
OK: audit03.readLifecycle.reader.p1.m1.field11.bad4.error
OK: audit03.readLifecycle.reader.p1.m1.field11.bad4.field
OK: audit03.readLifecycle.reader.p1.m1.field11.bad4.address
OK: audit03.readLifecycle.reader.p1.m1.field11.bad4.action
OK: audit03.readLifecycle.reader.p1.m1.field11.bad4.empty
OK: audit03.readLifecycle.reader.p1.m1.field11.bad4.clearedPlane
OK: audit03.readLifecycle.reader.p1.m1.field11.bad4.clearedSelection
READ_LIFECYCLE_SNAPSHOT: audit03.readLifecycle.reader.p1.m1.field11.bad4|В сохраненном снимке Results поле LoadReferenceY содержит нечисловое значение: ReadLifecycle!DE812. Повторите импорт геометрии или расчет, чтобы восстановить корректный снимок.
OK: audit03.readLifecycle.reader.p1.m1.field11.bad4.recovery
OK: audit03.readLifecycle.reader.late.p1.m1.error
OK: audit03.readLifecycle.reader.late.p1.m1.empty
OK: audit03.readLifecycle.reader.late.p1.m1.recovery
OK: audit03.readLifecycle.reader.baseline.p1.m2
OK: audit03.readLifecycle.reader.p1.m2.field0.bad0.error
OK: audit03.readLifecycle.reader.p1.m2.field0.bad0.field
OK: audit03.readLifecycle.reader.p1.m2.field0.bad0.address
OK: audit03.readLifecycle.reader.p1.m2.field0.bad0.action
OK: audit03.readLifecycle.reader.p1.m2.field0.bad0.empty
OK: audit03.readLifecycle.reader.p1.m2.field0.bad0.clearedPlane
OK: audit03.readLifecycle.reader.p1.m2.field0.bad0.clearedSelection
READ_LIFECYCLE_SNAPSHOT: audit03.readLifecycle.reader.p1.m2.field0.bad0|В сохраненном снимке Results поле Bounds.MinX содержит нечисловое значение: ReadLifecycle!DE801. Повторите импорт геометрии или расчет, чтобы восстановить корректный снимок.
OK: audit03.readLifecycle.reader.p1.m2.field0.bad0.recovery
OK: audit03.readLifecycle.reader.p1.m2.field0.bad1.error
OK: audit03.readLifecycle.reader.p1.m2.field0.bad1.field
OK: audit03.readLifecycle.reader.p1.m2.field0.bad1.address
OK: audit03.readLifecycle.reader.p1.m2.field0.bad1.action
OK: audit03.readLifecycle.reader.p1.m2.field0.bad1.empty
OK: audit03.readLifecycle.reader.p1.m2.field0.bad1.clearedPlane
OK: audit03.readLifecycle.reader.p1.m2.field0.bad1.clearedSelection
READ_LIFECYCLE_SNAPSHOT: audit03.readLifecycle.reader.p1.m2.field0.bad1|В сохраненном снимке Results поле Bounds.MinX содержит нечисловое значение: ReadLifecycle!DE801. Повторите импорт геометрии или расчет, чтобы восстановить корректный снимок.
OK: audit03.readLifecycle.reader.p1.m2.field0.bad1.recovery
OK: audit03.readLifecycle.reader.p1.m2.field0.bad2.error
OK: audit03.readLifecycle.reader.p1.m2.field0.bad2.field
OK: audit03.readLifecycle.reader.p1.m2.field0.bad2.address
OK: audit03.readLifecycle.reader.p1.m2.field0.bad2.action
OK: audit03.readLifecycle.reader.p1.m2.field0.bad2.empty
OK: audit03.readLifecycle.reader.p1.m2.field0.bad2.clearedPlane
OK: audit03.readLifecycle.reader.p1.m2.field0.bad2.clearedSelection
READ_LIFECYCLE_SNAPSHOT: audit03.readLifecycle.reader.p1.m2.field0.bad2|В сохраненном снимке Results поле Bounds.MinX содержит нечисловое значение: ReadLifecycle!DE801. Повторите импорт геометрии или расчет, чтобы восстановить корректный снимок.
OK: audit03.readLifecycle.reader.p1.m2.field0.bad2.recovery
OK: audit03.readLifecycle.reader.p1.m2.field0.bad3.error
OK: audit03.readLifecycle.reader.p1.m2.field0.bad3.field
OK: audit03.readLifecycle.reader.p1.m2.field0.bad3.address
OK: audit03.readLifecycle.reader.p1.m2.field0.bad3.action
OK: audit03.readLifecycle.reader.p1.m2.field0.bad3.empty
OK: audit03.readLifecycle.reader.p1.m2.field0.bad3.clearedPlane
OK: audit03.readLifecycle.reader.p1.m2.field0.bad3.clearedSelection
READ_LIFECYCLE_SNAPSHOT: audit03.readLifecycle.reader.p1.m2.field0.bad3|В сохраненном снимке Results поле Bounds.MinX содержит нечисловое значение: ReadLifecycle!DE801. Повторите импорт геометрии или расчет, чтобы восстановить корректный снимок.
OK: audit03.readLifecycle.reader.p1.m2.field0.bad3.recovery
OK: audit03.readLifecycle.reader.p1.m2.field0.bad4.error
OK: audit03.readLifecycle.reader.p1.m2.field0.bad4.field
OK: audit03.readLifecycle.reader.p1.m2.field0.bad4.address
OK: audit03.readLifecycle.reader.p1.m2.field0.bad4.action
OK: audit03.readLifecycle.reader.p1.m2.field0.bad4.empty
OK: audit03.readLifecycle.reader.p1.m2.field0.bad4.clearedPlane
OK: audit03.readLifecycle.reader.p1.m2.field0.bad4.clearedSelection
READ_LIFECYCLE_SNAPSHOT: audit03.readLifecycle.reader.p1.m2.field0.bad4|В сохраненном снимке Results поле Bounds.MinX содержит нечисловое значение: ReadLifecycle!DE801. Повторите импорт геометрии или расчет, чтобы восстановить корректный снимок.
OK: audit03.readLifecycle.reader.p1.m2.field0.bad4.recovery
OK: audit03.readLifecycle.reader.p1.m2.field1.bad0.error
OK: audit03.readLifecycle.reader.p1.m2.field1.bad0.field
OK: audit03.readLifecycle.reader.p1.m2.field1.bad0.address
OK: audit03.readLifecycle.reader.p1.m2.field1.bad0.action
OK: audit03.readLifecycle.reader.p1.m2.field1.bad0.empty
OK: audit03.readLifecycle.reader.p1.m2.field1.bad0.clearedPlane
OK: audit03.readLifecycle.reader.p1.m2.field1.bad0.clearedSelection
READ_LIFECYCLE_SNAPSHOT: audit03.readLifecycle.reader.p1.m2.field1.bad0|В сохраненном снимке Results поле Bounds.MaxX содержит нечисловое значение: ReadLifecycle!DE802. Повторите импорт геометрии или расчет, чтобы восстановить корректный снимок.
OK: audit03.readLifecycle.reader.p1.m2.field1.bad0.recovery
OK: audit03.readLifecycle.reader.p1.m2.field1.bad1.error
OK: audit03.readLifecycle.reader.p1.m2.field1.bad1.field
OK: audit03.readLifecycle.reader.p1.m2.field1.bad1.address
OK: audit03.readLifecycle.reader.p1.m2.field1.bad1.action
OK: audit03.readLifecycle.reader.p1.m2.field1.bad1.empty
OK: audit03.readLifecycle.reader.p1.m2.field1.bad1.clearedPlane
OK: audit03.readLifecycle.reader.p1.m2.field1.bad1.clearedSelection
READ_LIFECYCLE_SNAPSHOT: audit03.readLifecycle.reader.p1.m2.field1.bad1|В сохраненном снимке Results поле Bounds.MaxX содержит нечисловое значение: ReadLifecycle!DE802. Повторите импорт геометрии или расчет, чтобы восстановить корректный снимок.
OK: audit03.readLifecycle.reader.p1.m2.field1.bad1.recovery
OK: audit03.readLifecycle.reader.p1.m2.field1.bad2.error
OK: audit03.readLifecycle.reader.p1.m2.field1.bad2.field
OK: audit03.readLifecycle.reader.p1.m2.field1.bad2.address
OK: audit03.readLifecycle.reader.p1.m2.field1.bad2.action
OK: audit03.readLifecycle.reader.p1.m2.field1.bad2.empty
OK: audit03.readLifecycle.reader.p1.m2.field1.bad2.clearedPlane
OK: audit03.readLifecycle.reader.p1.m2.field1.bad2.clearedSelection
READ_LIFECYCLE_SNAPSHOT: audit03.readLifecycle.reader.p1.m2.field1.bad2|В сохраненном снимке Results поле Bounds.MaxX содержит нечисловое значение: ReadLifecycle!DE802. Повторите импорт геометрии или расчет, чтобы восстановить корректный снимок.
OK: audit03.readLifecycle.reader.p1.m2.field1.bad2.recovery
OK: audit03.readLifecycle.reader.p1.m2.field1.bad3.error
OK: audit03.readLifecycle.reader.p1.m2.field1.bad3.field
OK: audit03.readLifecycle.reader.p1.m2.field1.bad3.address
OK: audit03.readLifecycle.reader.p1.m2.field1.bad3.action
OK: audit03.readLifecycle.reader.p1.m2.field1.bad3.empty
OK: audit03.readLifecycle.reader.p1.m2.field1.bad3.clearedPlane
OK: audit03.readLifecycle.reader.p1.m2.field1.bad3.clearedSelection
READ_LIFECYCLE_SNAPSHOT: audit03.readLifecycle.reader.p1.m2.field1.bad3|В сохраненном снимке Results поле Bounds.MaxX содержит нечисловое значение: ReadLifecycle!DE802. Повторите импорт геометрии или расчет, чтобы восстановить корректный снимок.
OK: audit03.readLifecycle.reader.p1.m2.field1.bad3.recovery
OK: audit03.readLifecycle.reader.p1.m2.field1.bad4.error
OK: audit03.readLifecycle.reader.p1.m2.field1.bad4.field
OK: audit03.readLifecycle.reader.p1.m2.field1.bad4.address
OK: audit03.readLifecycle.reader.p1.m2.field1.bad4.action
OK: audit03.readLifecycle.reader.p1.m2.field1.bad4.empty
OK: audit03.readLifecycle.reader.p1.m2.field1.bad4.clearedPlane
OK: audit03.readLifecycle.reader.p1.m2.field1.bad4.clearedSelection
READ_LIFECYCLE_SNAPSHOT: audit03.readLifecycle.reader.p1.m2.field1.bad4|В сохраненном снимке Results поле Bounds.MaxX содержит нечисловое значение: ReadLifecycle!DE802. Повторите импорт геометрии или расчет, чтобы восстановить корректный снимок.
OK: audit03.readLifecycle.reader.p1.m2.field1.bad4.recovery
OK: audit03.readLifecycle.reader.p1.m2.field2.bad0.error
OK: audit03.readLifecycle.reader.p1.m2.field2.bad0.field
OK: audit03.readLifecycle.reader.p1.m2.field2.bad0.address
OK: audit03.readLifecycle.reader.p1.m2.field2.bad0.action
OK: audit03.readLifecycle.reader.p1.m2.field2.bad0.empty
OK: audit03.readLifecycle.reader.p1.m2.field2.bad0.clearedPlane
OK: audit03.readLifecycle.reader.p1.m2.field2.bad0.clearedSelection
READ_LIFECYCLE_SNAPSHOT: audit03.readLifecycle.reader.p1.m2.field2.bad0|В сохраненном снимке Results поле Bounds.MinY содержит нечисловое значение: ReadLifecycle!DE803. Повторите импорт геометрии или расчет, чтобы восстановить корректный снимок.
OK: audit03.readLifecycle.reader.p1.m2.field2.bad0.recovery
OK: audit03.readLifecycle.reader.p1.m2.field2.bad1.error
OK: audit03.readLifecycle.reader.p1.m2.field2.bad1.field
OK: audit03.readLifecycle.reader.p1.m2.field2.bad1.address
OK: audit03.readLifecycle.reader.p1.m2.field2.bad1.action
OK: audit03.readLifecycle.reader.p1.m2.field2.bad1.empty
OK: audit03.readLifecycle.reader.p1.m2.field2.bad1.clearedPlane
OK: audit03.readLifecycle.reader.p1.m2.field2.bad1.clearedSelection
READ_LIFECYCLE_SNAPSHOT: audit03.readLifecycle.reader.p1.m2.field2.bad1|В сохраненном снимке Results поле Bounds.MinY содержит нечисловое значение: ReadLifecycle!DE803. Повторите импорт геометрии или расчет, чтобы восстановить корректный снимок.
OK: audit03.readLifecycle.reader.p1.m2.field2.bad1.recovery
OK: audit03.readLifecycle.reader.p1.m2.field2.bad2.error
OK: audit03.readLifecycle.reader.p1.m2.field2.bad2.field
OK: audit03.readLifecycle.reader.p1.m2.field2.bad2.address
OK: audit03.readLifecycle.reader.p1.m2.field2.bad2.action
OK: audit03.readLifecycle.reader.p1.m2.field2.bad2.empty
OK: audit03.readLifecycle.reader.p1.m2.field2.bad2.clearedPlane
OK: audit03.readLifecycle.reader.p1.m2.field2.bad2.clearedSelection
READ_LIFECYCLE_SNAPSHOT: audit03.readLifecycle.reader.p1.m2.field2.bad2|В сохраненном снимке Results поле Bounds.MinY содержит нечисловое значение: ReadLifecycle!DE803. Повторите импорт геометрии или расчет, чтобы восстановить корректный снимок.
OK: audit03.readLifecycle.reader.p1.m2.field2.bad2.recovery
OK: audit03.readLifecycle.reader.p1.m2.field2.bad3.error
OK: audit03.readLifecycle.reader.p1.m2.field2.bad3.field
OK: audit03.readLifecycle.reader.p1.m2.field2.bad3.address
OK: audit03.readLifecycle.reader.p1.m2.field2.bad3.action
OK: audit03.readLifecycle.reader.p1.m2.field2.bad3.empty
OK: audit03.readLifecycle.reader.p1.m2.field2.bad3.clearedPlane
OK: audit03.readLifecycle.reader.p1.m2.field2.bad3.clearedSelection
READ_LIFECYCLE_SNAPSHOT: audit03.readLifecycle.reader.p1.m2.field2.bad3|В сохраненном снимке Results поле Bounds.MinY содержит нечисловое значение: ReadLifecycle!DE803. Повторите импорт геометрии или расчет, чтобы восстановить корректный снимок.
OK: audit03.readLifecycle.reader.p1.m2.field2.bad3.recovery
OK: audit03.readLifecycle.reader.p1.m2.field2.bad4.error
OK: audit03.readLifecycle.reader.p1.m2.field2.bad4.field
OK: audit03.readLifecycle.reader.p1.m2.field2.bad4.address
OK: audit03.readLifecycle.reader.p1.m2.field2.bad4.action
OK: audit03.readLifecycle.reader.p1.m2.field2.bad4.empty
OK: audit03.readLifecycle.reader.p1.m2.field2.bad4.clearedPlane
OK: audit03.readLifecycle.reader.p1.m2.field2.bad4.clearedSelection
READ_LIFECYCLE_SNAPSHOT: audit03.readLifecycle.reader.p1.m2.field2.bad4|В сохраненном снимке Results поле Bounds.MinY содержит нечисловое значение: ReadLifecycle!DE803. Повторите импорт геометрии или расчет, чтобы восстановить корректный снимок.
OK: audit03.readLifecycle.reader.p1.m2.field2.bad4.recovery
OK: audit03.readLifecycle.reader.p1.m2.field3.bad0.error
OK: audit03.readLifecycle.reader.p1.m2.field3.bad0.field
OK: audit03.readLifecycle.reader.p1.m2.field3.bad0.address
OK: audit03.readLifecycle.reader.p1.m2.field3.bad0.action
OK: audit03.readLifecycle.reader.p1.m2.field3.bad0.empty
OK: audit03.readLifecycle.reader.p1.m2.field3.bad0.clearedPlane
OK: audit03.readLifecycle.reader.p1.m2.field3.bad0.clearedSelection
READ_LIFECYCLE_SNAPSHOT: audit03.readLifecycle.reader.p1.m2.field3.bad0|В сохраненном снимке Results поле Bounds.MaxY содержит нечисловое значение: ReadLifecycle!DE804. Повторите импорт геометрии или расчет, чтобы восстановить корректный снимок.
OK: audit03.readLifecycle.reader.p1.m2.field3.bad0.recovery
OK: audit03.readLifecycle.reader.p1.m2.field3.bad1.error
OK: audit03.readLifecycle.reader.p1.m2.field3.bad1.field
OK: audit03.readLifecycle.reader.p1.m2.field3.bad1.address
OK: audit03.readLifecycle.reader.p1.m2.field3.bad1.action
OK: audit03.readLifecycle.reader.p1.m2.field3.bad1.empty
OK: audit03.readLifecycle.reader.p1.m2.field3.bad1.clearedPlane
OK: audit03.readLifecycle.reader.p1.m2.field3.bad1.clearedSelection
READ_LIFECYCLE_SNAPSHOT: audit03.readLifecycle.reader.p1.m2.field3.bad1|В сохраненном снимке Results поле Bounds.MaxY содержит нечисловое значение: ReadLifecycle!DE804. Повторите импорт геометрии или расчет, чтобы восстановить корректный снимок.
OK: audit03.readLifecycle.reader.p1.m2.field3.bad1.recovery
OK: audit03.readLifecycle.reader.p1.m2.field3.bad2.error
OK: audit03.readLifecycle.reader.p1.m2.field3.bad2.field
OK: audit03.readLifecycle.reader.p1.m2.field3.bad2.address
OK: audit03.readLifecycle.reader.p1.m2.field3.bad2.action
OK: audit03.readLifecycle.reader.p1.m2.field3.bad2.empty
OK: audit03.readLifecycle.reader.p1.m2.field3.bad2.clearedPlane
OK: audit03.readLifecycle.reader.p1.m2.field3.bad2.clearedSelection
READ_LIFECYCLE_SNAPSHOT: audit03.readLifecycle.reader.p1.m2.field3.bad2|В сохраненном снимке Results поле Bounds.MaxY содержит нечисловое значение: ReadLifecycle!DE804. Повторите импорт геометрии или расчет, чтобы восстановить корректный снимок.
OK: audit03.readLifecycle.reader.p1.m2.field3.bad2.recovery
OK: audit03.readLifecycle.reader.p1.m2.field3.bad3.error
OK: audit03.readLifecycle.reader.p1.m2.field3.bad3.field
OK: audit03.readLifecycle.reader.p1.m2.field3.bad3.address
OK: audit03.readLifecycle.reader.p1.m2.field3.bad3.action
OK: audit03.readLifecycle.reader.p1.m2.field3.bad3.empty
OK: audit03.readLifecycle.reader.p1.m2.field3.bad3.clearedPlane
OK: audit03.readLifecycle.reader.p1.m2.field3.bad3.clearedSelection
READ_LIFECYCLE_SNAPSHOT: audit03.readLifecycle.reader.p1.m2.field3.bad3|В сохраненном снимке Results поле Bounds.MaxY содержит нечисловое значение: ReadLifecycle!DE804. Повторите импорт геометрии или расчет, чтобы восстановить корректный снимок.
OK: audit03.readLifecycle.reader.p1.m2.field3.bad3.recovery
OK: audit03.readLifecycle.reader.p1.m2.field3.bad4.error
OK: audit03.readLifecycle.reader.p1.m2.field3.bad4.field
OK: audit03.readLifecycle.reader.p1.m2.field3.bad4.address
OK: audit03.readLifecycle.reader.p1.m2.field3.bad4.action
OK: audit03.readLifecycle.reader.p1.m2.field3.bad4.empty
OK: audit03.readLifecycle.reader.p1.m2.field3.bad4.clearedPlane
OK: audit03.readLifecycle.reader.p1.m2.field3.bad4.clearedSelection
READ_LIFECYCLE_SNAPSHOT: audit03.readLifecycle.reader.p1.m2.field3.bad4|В сохраненном снимке Results поле Bounds.MaxY содержит нечисловое значение: ReadLifecycle!DE804. Повторите импорт геометрии или расчет, чтобы восстановить корректный снимок.
OK: audit03.readLifecycle.reader.p1.m2.field3.bad4.recovery
OK: audit03.readLifecycle.reader.p1.m2.field4.bad0.error
OK: audit03.readLifecycle.reader.p1.m2.field4.bad0.field
OK: audit03.readLifecycle.reader.p1.m2.field4.bad0.address
OK: audit03.readLifecycle.reader.p1.m2.field4.bad0.action
OK: audit03.readLifecycle.reader.p1.m2.field4.bad0.empty
OK: audit03.readLifecycle.reader.p1.m2.field4.bad0.clearedPlane
OK: audit03.readLifecycle.reader.p1.m2.field4.bad0.clearedSelection
READ_LIFECYCLE_SNAPSHOT: audit03.readLifecycle.reader.p1.m2.field4.bad0|В сохраненном снимке Results поле Concrete.CentroidX содержит нечисловое значение: ReadLifecycle!DE805. Повторите импорт геометрии или расчет, чтобы восстановить корректный снимок.
OK: audit03.readLifecycle.reader.p1.m2.field4.bad0.recovery
OK: audit03.readLifecycle.reader.p1.m2.field4.bad1.error
OK: audit03.readLifecycle.reader.p1.m2.field4.bad1.field
OK: audit03.readLifecycle.reader.p1.m2.field4.bad1.address
OK: audit03.readLifecycle.reader.p1.m2.field4.bad1.action
OK: audit03.readLifecycle.reader.p1.m2.field4.bad1.empty
OK: audit03.readLifecycle.reader.p1.m2.field4.bad1.clearedPlane
OK: audit03.readLifecycle.reader.p1.m2.field4.bad1.clearedSelection
READ_LIFECYCLE_SNAPSHOT: audit03.readLifecycle.reader.p1.m2.field4.bad1|В сохраненном снимке Results поле Concrete.CentroidX содержит нечисловое значение: ReadLifecycle!DE805. Повторите импорт геометрии или расчет, чтобы восстановить корректный снимок.
OK: audit03.readLifecycle.reader.p1.m2.field4.bad1.recovery
OK: audit03.readLifecycle.reader.p1.m2.field4.bad2.error
OK: audit03.readLifecycle.reader.p1.m2.field4.bad2.field
OK: audit03.readLifecycle.reader.p1.m2.field4.bad2.address
OK: audit03.readLifecycle.reader.p1.m2.field4.bad2.action
OK: audit03.readLifecycle.reader.p1.m2.field4.bad2.empty
OK: audit03.readLifecycle.reader.p1.m2.field4.bad2.clearedPlane
OK: audit03.readLifecycle.reader.p1.m2.field4.bad2.clearedSelection
READ_LIFECYCLE_SNAPSHOT: audit03.readLifecycle.reader.p1.m2.field4.bad2|В сохраненном снимке Results поле Concrete.CentroidX содержит нечисловое значение: ReadLifecycle!DE805. Повторите импорт геометрии или расчет, чтобы восстановить корректный снимок.
OK: audit03.readLifecycle.reader.p1.m2.field4.bad2.recovery
OK: audit03.readLifecycle.reader.p1.m2.field4.bad3.error
OK: audit03.readLifecycle.reader.p1.m2.field4.bad3.field
OK: audit03.readLifecycle.reader.p1.m2.field4.bad3.address
OK: audit03.readLifecycle.reader.p1.m2.field4.bad3.action
OK: audit03.readLifecycle.reader.p1.m2.field4.bad3.empty
OK: audit03.readLifecycle.reader.p1.m2.field4.bad3.clearedPlane
OK: audit03.readLifecycle.reader.p1.m2.field4.bad3.clearedSelection
READ_LIFECYCLE_SNAPSHOT: audit03.readLifecycle.reader.p1.m2.field4.bad3|В сохраненном снимке Results поле Concrete.CentroidX содержит нечисловое значение: ReadLifecycle!DE805. Повторите импорт геометрии или расчет, чтобы восстановить корректный снимок.
OK: audit03.readLifecycle.reader.p1.m2.field4.bad3.recovery
OK: audit03.readLifecycle.reader.p1.m2.field4.bad4.error
OK: audit03.readLifecycle.reader.p1.m2.field4.bad4.field
OK: audit03.readLifecycle.reader.p1.m2.field4.bad4.address
OK: audit03.readLifecycle.reader.p1.m2.field4.bad4.action
OK: audit03.readLifecycle.reader.p1.m2.field4.bad4.empty
OK: audit03.readLifecycle.reader.p1.m2.field4.bad4.clearedPlane
OK: audit03.readLifecycle.reader.p1.m2.field4.bad4.clearedSelection
READ_LIFECYCLE_SNAPSHOT: audit03.readLifecycle.reader.p1.m2.field4.bad4|В сохраненном снимке Results поле Concrete.CentroidX содержит нечисловое значение: ReadLifecycle!DE805. Повторите импорт геометрии или расчет, чтобы восстановить корректный снимок.
OK: audit03.readLifecycle.reader.p1.m2.field4.bad4.recovery
OK: audit03.readLifecycle.reader.p1.m2.field5.bad0.error
OK: audit03.readLifecycle.reader.p1.m2.field5.bad0.field
OK: audit03.readLifecycle.reader.p1.m2.field5.bad0.address
OK: audit03.readLifecycle.reader.p1.m2.field5.bad0.action
OK: audit03.readLifecycle.reader.p1.m2.field5.bad0.empty
OK: audit03.readLifecycle.reader.p1.m2.field5.bad0.clearedPlane
OK: audit03.readLifecycle.reader.p1.m2.field5.bad0.clearedSelection
READ_LIFECYCLE_SNAPSHOT: audit03.readLifecycle.reader.p1.m2.field5.bad0|В сохраненном снимке Results поле Concrete.CentroidY содержит нечисловое значение: ReadLifecycle!DE806. Повторите импорт геометрии или расчет, чтобы восстановить корректный снимок.
OK: audit03.readLifecycle.reader.p1.m2.field5.bad0.recovery
OK: audit03.readLifecycle.reader.p1.m2.field5.bad1.error
OK: audit03.readLifecycle.reader.p1.m2.field5.bad1.field
OK: audit03.readLifecycle.reader.p1.m2.field5.bad1.address
OK: audit03.readLifecycle.reader.p1.m2.field5.bad1.action
OK: audit03.readLifecycle.reader.p1.m2.field5.bad1.empty
OK: audit03.readLifecycle.reader.p1.m2.field5.bad1.clearedPlane
OK: audit03.readLifecycle.reader.p1.m2.field5.bad1.clearedSelection
READ_LIFECYCLE_SNAPSHOT: audit03.readLifecycle.reader.p1.m2.field5.bad1|В сохраненном снимке Results поле Concrete.CentroidY содержит нечисловое значение: ReadLifecycle!DE806. Повторите импорт геометрии или расчет, чтобы восстановить корректный снимок.
OK: audit03.readLifecycle.reader.p1.m2.field5.bad1.recovery
OK: audit03.readLifecycle.reader.p1.m2.field5.bad2.error
OK: audit03.readLifecycle.reader.p1.m2.field5.bad2.field
OK: audit03.readLifecycle.reader.p1.m2.field5.bad2.address
OK: audit03.readLifecycle.reader.p1.m2.field5.bad2.action
OK: audit03.readLifecycle.reader.p1.m2.field5.bad2.empty
OK: audit03.readLifecycle.reader.p1.m2.field5.bad2.clearedPlane
OK: audit03.readLifecycle.reader.p1.m2.field5.bad2.clearedSelection
READ_LIFECYCLE_SNAPSHOT: audit03.readLifecycle.reader.p1.m2.field5.bad2|В сохраненном снимке Results поле Concrete.CentroidY содержит нечисловое значение: ReadLifecycle!DE806. Повторите импорт геометрии или расчет, чтобы восстановить корректный снимок.
OK: audit03.readLifecycle.reader.p1.m2.field5.bad2.recovery
OK: audit03.readLifecycle.reader.p1.m2.field5.bad3.error
OK: audit03.readLifecycle.reader.p1.m2.field5.bad3.field
OK: audit03.readLifecycle.reader.p1.m2.field5.bad3.address
OK: audit03.readLifecycle.reader.p1.m2.field5.bad3.action
OK: audit03.readLifecycle.reader.p1.m2.field5.bad3.empty
OK: audit03.readLifecycle.reader.p1.m2.field5.bad3.clearedPlane
OK: audit03.readLifecycle.reader.p1.m2.field5.bad3.clearedSelection
READ_LIFECYCLE_SNAPSHOT: audit03.readLifecycle.reader.p1.m2.field5.bad3|В сохраненном снимке Results поле Concrete.CentroidY содержит нечисловое значение: ReadLifecycle!DE806. Повторите импорт геометрии или расчет, чтобы восстановить корректный снимок.
OK: audit03.readLifecycle.reader.p1.m2.field5.bad3.recovery
OK: audit03.readLifecycle.reader.p1.m2.field5.bad4.error
OK: audit03.readLifecycle.reader.p1.m2.field5.bad4.field
OK: audit03.readLifecycle.reader.p1.m2.field5.bad4.address
OK: audit03.readLifecycle.reader.p1.m2.field5.bad4.action
OK: audit03.readLifecycle.reader.p1.m2.field5.bad4.empty
OK: audit03.readLifecycle.reader.p1.m2.field5.bad4.clearedPlane
OK: audit03.readLifecycle.reader.p1.m2.field5.bad4.clearedSelection
READ_LIFECYCLE_SNAPSHOT: audit03.readLifecycle.reader.p1.m2.field5.bad4|В сохраненном снимке Results поле Concrete.CentroidY содержит нечисловое значение: ReadLifecycle!DE806. Повторите импорт геометрии или расчет, чтобы восстановить корректный снимок.
OK: audit03.readLifecycle.reader.p1.m2.field5.bad4.recovery
OK: audit03.readLifecycle.reader.p1.m2.field6.bad0.error
OK: audit03.readLifecycle.reader.p1.m2.field6.bad0.field
OK: audit03.readLifecycle.reader.p1.m2.field6.bad0.address
OK: audit03.readLifecycle.reader.p1.m2.field6.bad0.action
OK: audit03.readLifecycle.reader.p1.m2.field6.bad0.empty
OK: audit03.readLifecycle.reader.p1.m2.field6.bad0.clearedPlane
OK: audit03.readLifecycle.reader.p1.m2.field6.bad0.clearedSelection
READ_LIFECYCLE_SNAPSHOT: audit03.readLifecycle.reader.p1.m2.field6.bad0|В сохраненном снимке Results поле Concrete.PrincipalAngle содержит нечисловое значение: ReadLifecycle!DE807. Повторите импорт геометрии или расчет, чтобы восстановить корректный снимок.
OK: audit03.readLifecycle.reader.p1.m2.field6.bad0.recovery
OK: audit03.readLifecycle.reader.p1.m2.field6.bad1.error
OK: audit03.readLifecycle.reader.p1.m2.field6.bad1.field
OK: audit03.readLifecycle.reader.p1.m2.field6.bad1.address
OK: audit03.readLifecycle.reader.p1.m2.field6.bad1.action
OK: audit03.readLifecycle.reader.p1.m2.field6.bad1.empty
OK: audit03.readLifecycle.reader.p1.m2.field6.bad1.clearedPlane
OK: audit03.readLifecycle.reader.p1.m2.field6.bad1.clearedSelection
READ_LIFECYCLE_SNAPSHOT: audit03.readLifecycle.reader.p1.m2.field6.bad1|В сохраненном снимке Results поле Concrete.PrincipalAngle содержит нечисловое значение: ReadLifecycle!DE807. Повторите импорт геометрии или расчет, чтобы восстановить корректный снимок.
OK: audit03.readLifecycle.reader.p1.m2.field6.bad1.recovery
OK: audit03.readLifecycle.reader.p1.m2.field6.bad2.error
OK: audit03.readLifecycle.reader.p1.m2.field6.bad2.field
OK: audit03.readLifecycle.reader.p1.m2.field6.bad2.address
OK: audit03.readLifecycle.reader.p1.m2.field6.bad2.action
OK: audit03.readLifecycle.reader.p1.m2.field6.bad2.empty
OK: audit03.readLifecycle.reader.p1.m2.field6.bad2.clearedPlane
OK: audit03.readLifecycle.reader.p1.m2.field6.bad2.clearedSelection
READ_LIFECYCLE_SNAPSHOT: audit03.readLifecycle.reader.p1.m2.field6.bad2|В сохраненном снимке Results поле Concrete.PrincipalAngle содержит нечисловое значение: ReadLifecycle!DE807. Повторите импорт геометрии или расчет, чтобы восстановить корректный снимок.
OK: audit03.readLifecycle.reader.p1.m2.field6.bad2.recovery
OK: audit03.readLifecycle.reader.p1.m2.field6.bad3.error
OK: audit03.readLifecycle.reader.p1.m2.field6.bad3.field
OK: audit03.readLifecycle.reader.p1.m2.field6.bad3.address
OK: audit03.readLifecycle.reader.p1.m2.field6.bad3.action
OK: audit03.readLifecycle.reader.p1.m2.field6.bad3.empty
OK: audit03.readLifecycle.reader.p1.m2.field6.bad3.clearedPlane
OK: audit03.readLifecycle.reader.p1.m2.field6.bad3.clearedSelection
READ_LIFECYCLE_SNAPSHOT: audit03.readLifecycle.reader.p1.m2.field6.bad3|В сохраненном снимке Results поле Concrete.PrincipalAngle содержит нечисловое значение: ReadLifecycle!DE807. Повторите импорт геометрии или расчет, чтобы восстановить корректный снимок.
OK: audit03.readLifecycle.reader.p1.m2.field6.bad3.recovery
OK: audit03.readLifecycle.reader.p1.m2.field6.bad4.error
OK: audit03.readLifecycle.reader.p1.m2.field6.bad4.field
OK: audit03.readLifecycle.reader.p1.m2.field6.bad4.address
OK: audit03.readLifecycle.reader.p1.m2.field6.bad4.action
OK: audit03.readLifecycle.reader.p1.m2.field6.bad4.empty
OK: audit03.readLifecycle.reader.p1.m2.field6.bad4.clearedPlane
OK: audit03.readLifecycle.reader.p1.m2.field6.bad4.clearedSelection
READ_LIFECYCLE_SNAPSHOT: audit03.readLifecycle.reader.p1.m2.field6.bad4|В сохраненном снимке Results поле Concrete.PrincipalAngle содержит нечисловое значение: ReadLifecycle!DE807. Повторите импорт геометрии или расчет, чтобы восстановить корректный снимок.
OK: audit03.readLifecycle.reader.p1.m2.field6.bad4.recovery
OK: audit03.readLifecycle.reader.p1.m2.field7.bad0.error
OK: audit03.readLifecycle.reader.p1.m2.field7.bad0.field
OK: audit03.readLifecycle.reader.p1.m2.field7.bad0.address
OK: audit03.readLifecycle.reader.p1.m2.field7.bad0.action
OK: audit03.readLifecycle.reader.p1.m2.field7.bad0.empty
OK: audit03.readLifecycle.reader.p1.m2.field7.bad0.clearedPlane
OK: audit03.readLifecycle.reader.p1.m2.field7.bad0.clearedSelection
READ_LIFECYCLE_SNAPSHOT: audit03.readLifecycle.reader.p1.m2.field7.bad0|В сохраненном снимке Results поле Transformed.CentroidX содержит нечисловое значение: ReadLifecycle!DE808. Повторите импорт геометрии или расчет, чтобы восстановить корректный снимок.
OK: audit03.readLifecycle.reader.p1.m2.field7.bad0.recovery
OK: audit03.readLifecycle.reader.p1.m2.field7.bad1.error
OK: audit03.readLifecycle.reader.p1.m2.field7.bad1.field
OK: audit03.readLifecycle.reader.p1.m2.field7.bad1.address
OK: audit03.readLifecycle.reader.p1.m2.field7.bad1.action
OK: audit03.readLifecycle.reader.p1.m2.field7.bad1.empty
OK: audit03.readLifecycle.reader.p1.m2.field7.bad1.clearedPlane
OK: audit03.readLifecycle.reader.p1.m2.field7.bad1.clearedSelection
READ_LIFECYCLE_SNAPSHOT: audit03.readLifecycle.reader.p1.m2.field7.bad1|В сохраненном снимке Results поле Transformed.CentroidX содержит нечисловое значение: ReadLifecycle!DE808. Повторите импорт геометрии или расчет, чтобы восстановить корректный снимок.
OK: audit03.readLifecycle.reader.p1.m2.field7.bad1.recovery
OK: audit03.readLifecycle.reader.p1.m2.field7.bad2.error
OK: audit03.readLifecycle.reader.p1.m2.field7.bad2.field
OK: audit03.readLifecycle.reader.p1.m2.field7.bad2.address
OK: audit03.readLifecycle.reader.p1.m2.field7.bad2.action
OK: audit03.readLifecycle.reader.p1.m2.field7.bad2.empty
OK: audit03.readLifecycle.reader.p1.m2.field7.bad2.clearedPlane
OK: audit03.readLifecycle.reader.p1.m2.field7.bad2.clearedSelection
READ_LIFECYCLE_SNAPSHOT: audit03.readLifecycle.reader.p1.m2.field7.bad2|В сохраненном снимке Results поле Transformed.CentroidX содержит нечисловое значение: ReadLifecycle!DE808. Повторите импорт геометрии или расчет, чтобы восстановить корректный снимок.
OK: audit03.readLifecycle.reader.p1.m2.field7.bad2.recovery
OK: audit03.readLifecycle.reader.p1.m2.field7.bad3.error
OK: audit03.readLifecycle.reader.p1.m2.field7.bad3.field
OK: audit03.readLifecycle.reader.p1.m2.field7.bad3.address
OK: audit03.readLifecycle.reader.p1.m2.field7.bad3.action
OK: audit03.readLifecycle.reader.p1.m2.field7.bad3.empty
OK: audit03.readLifecycle.reader.p1.m2.field7.bad3.clearedPlane
OK: audit03.readLifecycle.reader.p1.m2.field7.bad3.clearedSelection
READ_LIFECYCLE_SNAPSHOT: audit03.readLifecycle.reader.p1.m2.field7.bad3|В сохраненном снимке Results поле Transformed.CentroidX содержит нечисловое значение: ReadLifecycle!DE808. Повторите импорт геометрии или расчет, чтобы восстановить корректный снимок.
OK: audit03.readLifecycle.reader.p1.m2.field7.bad3.recovery
OK: audit03.readLifecycle.reader.p1.m2.field7.bad4.error
OK: audit03.readLifecycle.reader.p1.m2.field7.bad4.field
OK: audit03.readLifecycle.reader.p1.m2.field7.bad4.address
OK: audit03.readLifecycle.reader.p1.m2.field7.bad4.action
OK: audit03.readLifecycle.reader.p1.m2.field7.bad4.empty
OK: audit03.readLifecycle.reader.p1.m2.field7.bad4.clearedPlane
OK: audit03.readLifecycle.reader.p1.m2.field7.bad4.clearedSelection
READ_LIFECYCLE_SNAPSHOT: audit03.readLifecycle.reader.p1.m2.field7.bad4|В сохраненном снимке Results поле Transformed.CentroidX содержит нечисловое значение: ReadLifecycle!DE808. Повторите импорт геометрии или расчет, чтобы восстановить корректный снимок.
OK: audit03.readLifecycle.reader.p1.m2.field7.bad4.recovery
OK: audit03.readLifecycle.reader.p1.m2.field8.bad0.error
OK: audit03.readLifecycle.reader.p1.m2.field8.bad0.field
OK: audit03.readLifecycle.reader.p1.m2.field8.bad0.address
OK: audit03.readLifecycle.reader.p1.m2.field8.bad0.action
OK: audit03.readLifecycle.reader.p1.m2.field8.bad0.empty
OK: audit03.readLifecycle.reader.p1.m2.field8.bad0.clearedPlane
OK: audit03.readLifecycle.reader.p1.m2.field8.bad0.clearedSelection
READ_LIFECYCLE_SNAPSHOT: audit03.readLifecycle.reader.p1.m2.field8.bad0|В сохраненном снимке Results поле Transformed.CentroidY содержит нечисловое значение: ReadLifecycle!DE809. Повторите импорт геометрии или расчет, чтобы восстановить корректный снимок.
OK: audit03.readLifecycle.reader.p1.m2.field8.bad0.recovery
OK: audit03.readLifecycle.reader.p1.m2.field8.bad1.error
OK: audit03.readLifecycle.reader.p1.m2.field8.bad1.field
OK: audit03.readLifecycle.reader.p1.m2.field8.bad1.address
OK: audit03.readLifecycle.reader.p1.m2.field8.bad1.action
OK: audit03.readLifecycle.reader.p1.m2.field8.bad1.empty
OK: audit03.readLifecycle.reader.p1.m2.field8.bad1.clearedPlane
OK: audit03.readLifecycle.reader.p1.m2.field8.bad1.clearedSelection
READ_LIFECYCLE_SNAPSHOT: audit03.readLifecycle.reader.p1.m2.field8.bad1|В сохраненном снимке Results поле Transformed.CentroidY содержит нечисловое значение: ReadLifecycle!DE809. Повторите импорт геометрии или расчет, чтобы восстановить корректный снимок.
OK: audit03.readLifecycle.reader.p1.m2.field8.bad1.recovery
OK: audit03.readLifecycle.reader.p1.m2.field8.bad2.error
OK: audit03.readLifecycle.reader.p1.m2.field8.bad2.field
OK: audit03.readLifecycle.reader.p1.m2.field8.bad2.address
OK: audit03.readLifecycle.reader.p1.m2.field8.bad2.action
OK: audit03.readLifecycle.reader.p1.m2.field8.bad2.empty
OK: audit03.readLifecycle.reader.p1.m2.field8.bad2.clearedPlane
OK: audit03.readLifecycle.reader.p1.m2.field8.bad2.clearedSelection
READ_LIFECYCLE_SNAPSHOT: audit03.readLifecycle.reader.p1.m2.field8.bad2|В сохраненном снимке Results поле Transformed.CentroidY содержит нечисловое значение: ReadLifecycle!DE809. Повторите импорт геометрии или расчет, чтобы восстановить корректный снимок.
OK: audit03.readLifecycle.reader.p1.m2.field8.bad2.recovery
OK: audit03.readLifecycle.reader.p1.m2.field8.bad3.error
OK: audit03.readLifecycle.reader.p1.m2.field8.bad3.field
OK: audit03.readLifecycle.reader.p1.m2.field8.bad3.address
OK: audit03.readLifecycle.reader.p1.m2.field8.bad3.action
OK: audit03.readLifecycle.reader.p1.m2.field8.bad3.empty
OK: audit03.readLifecycle.reader.p1.m2.field8.bad3.clearedPlane
OK: audit03.readLifecycle.reader.p1.m2.field8.bad3.clearedSelection
READ_LIFECYCLE_SNAPSHOT: audit03.readLifecycle.reader.p1.m2.field8.bad3|В сохраненном снимке Results поле Transformed.CentroidY содержит нечисловое значение: ReadLifecycle!DE809. Повторите импорт геометрии или расчет, чтобы восстановить корректный снимок.
OK: audit03.readLifecycle.reader.p1.m2.field8.bad3.recovery
OK: audit03.readLifecycle.reader.p1.m2.field8.bad4.error
OK: audit03.readLifecycle.reader.p1.m2.field8.bad4.field
OK: audit03.readLifecycle.reader.p1.m2.field8.bad4.address
OK: audit03.readLifecycle.reader.p1.m2.field8.bad4.action
OK: audit03.readLifecycle.reader.p1.m2.field8.bad4.empty
OK: audit03.readLifecycle.reader.p1.m2.field8.bad4.clearedPlane
OK: audit03.readLifecycle.reader.p1.m2.field8.bad4.clearedSelection
READ_LIFECYCLE_SNAPSHOT: audit03.readLifecycle.reader.p1.m2.field8.bad4|В сохраненном снимке Results поле Transformed.CentroidY содержит нечисловое значение: ReadLifecycle!DE809. Повторите импорт геометрии или расчет, чтобы восстановить корректный снимок.
OK: audit03.readLifecycle.reader.p1.m2.field8.bad4.recovery
OK: audit03.readLifecycle.reader.p1.m2.field9.bad0.error
OK: audit03.readLifecycle.reader.p1.m2.field9.bad0.field
OK: audit03.readLifecycle.reader.p1.m2.field9.bad0.address
OK: audit03.readLifecycle.reader.p1.m2.field9.bad0.action
OK: audit03.readLifecycle.reader.p1.m2.field9.bad0.empty
OK: audit03.readLifecycle.reader.p1.m2.field9.bad0.clearedPlane
OK: audit03.readLifecycle.reader.p1.m2.field9.bad0.clearedSelection
READ_LIFECYCLE_SNAPSHOT: audit03.readLifecycle.reader.p1.m2.field9.bad0|В сохраненном снимке Results поле Transformed.PrincipalAngle содержит нечисловое значение: ReadLifecycle!DE810. Повторите импорт геометрии или расчет, чтобы восстановить корректный снимок.
OK: audit03.readLifecycle.reader.p1.m2.field9.bad0.recovery
OK: audit03.readLifecycle.reader.p1.m2.field9.bad1.error
OK: audit03.readLifecycle.reader.p1.m2.field9.bad1.field
OK: audit03.readLifecycle.reader.p1.m2.field9.bad1.address
OK: audit03.readLifecycle.reader.p1.m2.field9.bad1.action
OK: audit03.readLifecycle.reader.p1.m2.field9.bad1.empty
OK: audit03.readLifecycle.reader.p1.m2.field9.bad1.clearedPlane
OK: audit03.readLifecycle.reader.p1.m2.field9.bad1.clearedSelection
READ_LIFECYCLE_SNAPSHOT: audit03.readLifecycle.reader.p1.m2.field9.bad1|В сохраненном снимке Results поле Transformed.PrincipalAngle содержит нечисловое значение: ReadLifecycle!DE810. Повторите импорт геометрии или расчет, чтобы восстановить корректный снимок.
OK: audit03.readLifecycle.reader.p1.m2.field9.bad1.recovery
OK: audit03.readLifecycle.reader.p1.m2.field9.bad2.error
OK: audit03.readLifecycle.reader.p1.m2.field9.bad2.field
OK: audit03.readLifecycle.reader.p1.m2.field9.bad2.address
OK: audit03.readLifecycle.reader.p1.m2.field9.bad2.action
OK: audit03.readLifecycle.reader.p1.m2.field9.bad2.empty
OK: audit03.readLifecycle.reader.p1.m2.field9.bad2.clearedPlane
OK: audit03.readLifecycle.reader.p1.m2.field9.bad2.clearedSelection
READ_LIFECYCLE_SNAPSHOT: audit03.readLifecycle.reader.p1.m2.field9.bad2|В сохраненном снимке Results поле Transformed.PrincipalAngle содержит нечисловое значение: ReadLifecycle!DE810. Повторите импорт геометрии или расчет, чтобы восстановить корректный снимок.
OK: audit03.readLifecycle.reader.p1.m2.field9.bad2.recovery
OK: audit03.readLifecycle.reader.p1.m2.field9.bad3.error
OK: audit03.readLifecycle.reader.p1.m2.field9.bad3.field
OK: audit03.readLifecycle.reader.p1.m2.field9.bad3.address
OK: audit03.readLifecycle.reader.p1.m2.field9.bad3.action
OK: audit03.readLifecycle.reader.p1.m2.field9.bad3.empty
OK: audit03.readLifecycle.reader.p1.m2.field9.bad3.clearedPlane
OK: audit03.readLifecycle.reader.p1.m2.field9.bad3.clearedSelection
READ_LIFECYCLE_SNAPSHOT: audit03.readLifecycle.reader.p1.m2.field9.bad3|В сохраненном снимке Results поле Transformed.PrincipalAngle содержит нечисловое значение: ReadLifecycle!DE810. Повторите импорт геометрии или расчет, чтобы восстановить корректный снимок.
OK: audit03.readLifecycle.reader.p1.m2.field9.bad3.recovery
OK: audit03.readLifecycle.reader.p1.m2.field9.bad4.error
OK: audit03.readLifecycle.reader.p1.m2.field9.bad4.field
OK: audit03.readLifecycle.reader.p1.m2.field9.bad4.address
OK: audit03.readLifecycle.reader.p1.m2.field9.bad4.action
OK: audit03.readLifecycle.reader.p1.m2.field9.bad4.empty
OK: audit03.readLifecycle.reader.p1.m2.field9.bad4.clearedPlane
OK: audit03.readLifecycle.reader.p1.m2.field9.bad4.clearedSelection
READ_LIFECYCLE_SNAPSHOT: audit03.readLifecycle.reader.p1.m2.field9.bad4|В сохраненном снимке Results поле Transformed.PrincipalAngle содержит нечисловое значение: ReadLifecycle!DE810. Повторите импорт геометрии или расчет, чтобы восстановить корректный снимок.
OK: audit03.readLifecycle.reader.p1.m2.field9.bad4.recovery
OK: audit03.readLifecycle.reader.p1.m2.field10.bad0.error
OK: audit03.readLifecycle.reader.p1.m2.field10.bad0.field
OK: audit03.readLifecycle.reader.p1.m2.field10.bad0.address
OK: audit03.readLifecycle.reader.p1.m2.field10.bad0.action
OK: audit03.readLifecycle.reader.p1.m2.field10.bad0.empty
OK: audit03.readLifecycle.reader.p1.m2.field10.bad0.clearedPlane
OK: audit03.readLifecycle.reader.p1.m2.field10.bad0.clearedSelection
READ_LIFECYCLE_SNAPSHOT: audit03.readLifecycle.reader.p1.m2.field10.bad0|В сохраненном снимке Results поле LoadReferenceX содержит нечисловое значение: ReadLifecycle!DE811. Повторите импорт геометрии или расчет, чтобы восстановить корректный снимок.
OK: audit03.readLifecycle.reader.p1.m2.field10.bad0.recovery
OK: audit03.readLifecycle.reader.p1.m2.field10.bad1.error
OK: audit03.readLifecycle.reader.p1.m2.field10.bad1.field
OK: audit03.readLifecycle.reader.p1.m2.field10.bad1.address
OK: audit03.readLifecycle.reader.p1.m2.field10.bad1.action
OK: audit03.readLifecycle.reader.p1.m2.field10.bad1.empty
OK: audit03.readLifecycle.reader.p1.m2.field10.bad1.clearedPlane
OK: audit03.readLifecycle.reader.p1.m2.field10.bad1.clearedSelection
READ_LIFECYCLE_SNAPSHOT: audit03.readLifecycle.reader.p1.m2.field10.bad1|В сохраненном снимке Results поле LoadReferenceX содержит нечисловое значение: ReadLifecycle!DE811. Повторите импорт геометрии или расчет, чтобы восстановить корректный снимок.
OK: audit03.readLifecycle.reader.p1.m2.field10.bad1.recovery
OK: audit03.readLifecycle.reader.p1.m2.field10.bad2.error
OK: audit03.readLifecycle.reader.p1.m2.field10.bad2.field
OK: audit03.readLifecycle.reader.p1.m2.field10.bad2.address
OK: audit03.readLifecycle.reader.p1.m2.field10.bad2.action
OK: audit03.readLifecycle.reader.p1.m2.field10.bad2.empty
OK: audit03.readLifecycle.reader.p1.m2.field10.bad2.clearedPlane
OK: audit03.readLifecycle.reader.p1.m2.field10.bad2.clearedSelection
READ_LIFECYCLE_SNAPSHOT: audit03.readLifecycle.reader.p1.m2.field10.bad2|В сохраненном снимке Results поле LoadReferenceX содержит нечисловое значение: ReadLifecycle!DE811. Повторите импорт геометрии или расчет, чтобы восстановить корректный снимок.
OK: audit03.readLifecycle.reader.p1.m2.field10.bad2.recovery
OK: audit03.readLifecycle.reader.p1.m2.field10.bad3.error
OK: audit03.readLifecycle.reader.p1.m2.field10.bad3.field
OK: audit03.readLifecycle.reader.p1.m2.field10.bad3.address
OK: audit03.readLifecycle.reader.p1.m2.field10.bad3.action
OK: audit03.readLifecycle.reader.p1.m2.field10.bad3.empty
OK: audit03.readLifecycle.reader.p1.m2.field10.bad3.clearedPlane
OK: audit03.readLifecycle.reader.p1.m2.field10.bad3.clearedSelection
READ_LIFECYCLE_SNAPSHOT: audit03.readLifecycle.reader.p1.m2.field10.bad3|В сохраненном снимке Results поле LoadReferenceX содержит нечисловое значение: ReadLifecycle!DE811. Повторите импорт геометрии или расчет, чтобы восстановить корректный снимок.
OK: audit03.readLifecycle.reader.p1.m2.field10.bad3.recovery
OK: audit03.readLifecycle.reader.p1.m2.field10.bad4.error
OK: audit03.readLifecycle.reader.p1.m2.field10.bad4.field
OK: audit03.readLifecycle.reader.p1.m2.field10.bad4.address
OK: audit03.readLifecycle.reader.p1.m2.field10.bad4.action
OK: audit03.readLifecycle.reader.p1.m2.field10.bad4.empty
OK: audit03.readLifecycle.reader.p1.m2.field10.bad4.clearedPlane
OK: audit03.readLifecycle.reader.p1.m2.field10.bad4.clearedSelection
READ_LIFECYCLE_SNAPSHOT: audit03.readLifecycle.reader.p1.m2.field10.bad4|В сохраненном снимке Results поле LoadReferenceX содержит нечисловое значение: ReadLifecycle!DE811. Повторите импорт геометрии или расчет, чтобы восстановить корректный снимок.
OK: audit03.readLifecycle.reader.p1.m2.field10.bad4.recovery
OK: audit03.readLifecycle.reader.p1.m2.field11.bad0.error
OK: audit03.readLifecycle.reader.p1.m2.field11.bad0.field
OK: audit03.readLifecycle.reader.p1.m2.field11.bad0.address
OK: audit03.readLifecycle.reader.p1.m2.field11.bad0.action
OK: audit03.readLifecycle.reader.p1.m2.field11.bad0.empty
OK: audit03.readLifecycle.reader.p1.m2.field11.bad0.clearedPlane
OK: audit03.readLifecycle.reader.p1.m2.field11.bad0.clearedSelection
READ_LIFECYCLE_SNAPSHOT: audit03.readLifecycle.reader.p1.m2.field11.bad0|В сохраненном снимке Results поле LoadReferenceY содержит нечисловое значение: ReadLifecycle!DE812. Повторите импорт геометрии или расчет, чтобы восстановить корректный снимок.
OK: audit03.readLifecycle.reader.p1.m2.field11.bad0.recovery
OK: audit03.readLifecycle.reader.p1.m2.field11.bad1.error
OK: audit03.readLifecycle.reader.p1.m2.field11.bad1.field
OK: audit03.readLifecycle.reader.p1.m2.field11.bad1.address
OK: audit03.readLifecycle.reader.p1.m2.field11.bad1.action
OK: audit03.readLifecycle.reader.p1.m2.field11.bad1.empty
OK: audit03.readLifecycle.reader.p1.m2.field11.bad1.clearedPlane
OK: audit03.readLifecycle.reader.p1.m2.field11.bad1.clearedSelection
READ_LIFECYCLE_SNAPSHOT: audit03.readLifecycle.reader.p1.m2.field11.bad1|В сохраненном снимке Results поле LoadReferenceY содержит нечисловое значение: ReadLifecycle!DE812. Повторите импорт геометрии или расчет, чтобы восстановить корректный снимок.
OK: audit03.readLifecycle.reader.p1.m2.field11.bad1.recovery
OK: audit03.readLifecycle.reader.p1.m2.field11.bad2.error
OK: audit03.readLifecycle.reader.p1.m2.field11.bad2.field
OK: audit03.readLifecycle.reader.p1.m2.field11.bad2.address
OK: audit03.readLifecycle.reader.p1.m2.field11.bad2.action
OK: audit03.readLifecycle.reader.p1.m2.field11.bad2.empty
OK: audit03.readLifecycle.reader.p1.m2.field11.bad2.clearedPlane
OK: audit03.readLifecycle.reader.p1.m2.field11.bad2.clearedSelection
READ_LIFECYCLE_SNAPSHOT: audit03.readLifecycle.reader.p1.m2.field11.bad2|В сохраненном снимке Results поле LoadReferenceY содержит нечисловое значение: ReadLifecycle!DE812. Повторите импорт геометрии или расчет, чтобы восстановить корректный снимок.
OK: audit03.readLifecycle.reader.p1.m2.field11.bad2.recovery
OK: audit03.readLifecycle.reader.p1.m2.field11.bad3.error
OK: audit03.readLifecycle.reader.p1.m2.field11.bad3.field
OK: audit03.readLifecycle.reader.p1.m2.field11.bad3.address
OK: audit03.readLifecycle.reader.p1.m2.field11.bad3.action
OK: audit03.readLifecycle.reader.p1.m2.field11.bad3.empty
OK: audit03.readLifecycle.reader.p1.m2.field11.bad3.clearedPlane
OK: audit03.readLifecycle.reader.p1.m2.field11.bad3.clearedSelection
READ_LIFECYCLE_SNAPSHOT: audit03.readLifecycle.reader.p1.m2.field11.bad3|В сохраненном снимке Results поле LoadReferenceY содержит нечисловое значение: ReadLifecycle!DE812. Повторите импорт геометрии или расчет, чтобы восстановить корректный снимок.
OK: audit03.readLifecycle.reader.p1.m2.field11.bad3.recovery
OK: audit03.readLifecycle.reader.p1.m2.field11.bad4.error
OK: audit03.readLifecycle.reader.p1.m2.field11.bad4.field
OK: audit03.readLifecycle.reader.p1.m2.field11.bad4.address
OK: audit03.readLifecycle.reader.p1.m2.field11.bad4.action
OK: audit03.readLifecycle.reader.p1.m2.field11.bad4.empty
OK: audit03.readLifecycle.reader.p1.m2.field11.bad4.clearedPlane
OK: audit03.readLifecycle.reader.p1.m2.field11.bad4.clearedSelection
READ_LIFECYCLE_SNAPSHOT: audit03.readLifecycle.reader.p1.m2.field11.bad4|В сохраненном снимке Results поле LoadReferenceY содержит нечисловое значение: ReadLifecycle!DE812. Повторите импорт геометрии или расчет, чтобы восстановить корректный снимок.
OK: audit03.readLifecycle.reader.p1.m2.field11.bad4.recovery
FAIL: audit03.readLifecycle.reader.p1.m2.field12.bad0.error
FAIL: audit03.readLifecycle.reader.p1.m2.field12.bad0.field
FAIL: audit03.readLifecycle.reader.p1.m2.field12.bad0.address
FAIL: audit03.readLifecycle.reader.p1.m2.field12.bad0.action
FAIL: audit03.readLifecycle.reader.p1.m2.field12.bad0.empty
OK: audit03.readLifecycle.reader.p1.m2.field12.bad0.clearedPlane
FAIL: audit03.readLifecycle.reader.p1.m2.field12.bad0.clearedSelection
READ_LIFECYCLE_SNAPSHOT: audit03.readLifecycle.reader.p1.m2.field12.bad0|
OK: audit03.readLifecycle.reader.p1.m2.field12.bad0.recovery
FAIL: audit03.readLifecycle.reader.p1.m2.field12.bad1.error
FAIL: audit03.readLifecycle.reader.p1.m2.field12.bad1.field
FAIL: audit03.readLifecycle.reader.p1.m2.field12.bad1.address
FAIL: audit03.readLifecycle.reader.p1.m2.field12.bad1.action
FAIL: audit03.readLifecycle.reader.p1.m2.field12.bad1.empty
OK: audit03.readLifecycle.reader.p1.m2.field12.bad1.clearedPlane
FAIL: audit03.readLifecycle.reader.p1.m2.field12.bad1.clearedSelection
READ_LIFECYCLE_SNAPSHOT: audit03.readLifecycle.reader.p1.m2.field12.bad1|
OK: audit03.readLifecycle.reader.p1.m2.field12.bad1.recovery
FAIL: audit03.readLifecycle.reader.p1.m2.field12.bad2.error
FAIL: audit03.readLifecycle.reader.p1.m2.field12.bad2.field
FAIL: audit03.readLifecycle.reader.p1.m2.field12.bad2.address
FAIL: audit03.readLifecycle.reader.p1.m2.field12.bad2.action
FAIL: audit03.readLifecycle.reader.p1.m2.field12.bad2.empty
OK: audit03.readLifecycle.reader.p1.m2.field12.bad2.clearedPlane
FAIL: audit03.readLifecycle.reader.p1.m2.field12.bad2.clearedSelection
READ_LIFECYCLE_SNAPSHOT: audit03.readLifecycle.reader.p1.m2.field12.bad2|
OK: audit03.readLifecycle.reader.p1.m2.field12.bad2.recovery
FAIL: audit03.readLifecycle.reader.p1.m2.field12.bad3.error
FAIL: audit03.readLifecycle.reader.p1.m2.field12.bad3.field
FAIL: audit03.readLifecycle.reader.p1.m2.field12.bad3.address
FAIL: audit03.readLifecycle.reader.p1.m2.field12.bad3.action
FAIL: audit03.readLifecycle.reader.p1.m2.field12.bad3.empty
OK: audit03.readLifecycle.reader.p1.m2.field12.bad3.clearedPlane
FAIL: audit03.readLifecycle.reader.p1.m2.field12.bad3.clearedSelection
READ_LIFECYCLE_SNAPSHOT: audit03.readLifecycle.reader.p1.m2.field12.bad3|
OK: audit03.readLifecycle.reader.p1.m2.field12.bad3.recovery
FAIL: audit03.readLifecycle.reader.p1.m2.field12.bad4.error
FAIL: audit03.readLifecycle.reader.p1.m2.field12.bad4.field
FAIL: audit03.readLifecycle.reader.p1.m2.field12.bad4.address
FAIL: audit03.readLifecycle.reader.p1.m2.field12.bad4.action
FAIL: audit03.readLifecycle.reader.p1.m2.field12.bad4.empty
OK: audit03.readLifecycle.reader.p1.m2.field12.bad4.clearedPlane
FAIL: audit03.readLifecycle.reader.p1.m2.field12.bad4.clearedSelection
READ_LIFECYCLE_SNAPSHOT: audit03.readLifecycle.reader.p1.m2.field12.bad4|
OK: audit03.readLifecycle.reader.p1.m2.field12.bad4.recovery
FAIL: audit03.readLifecycle.reader.p1.m2.field13.bad0.error
FAIL: audit03.readLifecycle.reader.p1.m2.field13.bad0.field
FAIL: audit03.readLifecycle.reader.p1.m2.field13.bad0.address
FAIL: audit03.readLifecycle.reader.p1.m2.field13.bad0.action
FAIL: audit03.readLifecycle.reader.p1.m2.field13.bad0.empty
OK: audit03.readLifecycle.reader.p1.m2.field13.bad0.clearedPlane
FAIL: audit03.readLifecycle.reader.p1.m2.field13.bad0.clearedSelection
READ_LIFECYCLE_SNAPSHOT: audit03.readLifecycle.reader.p1.m2.field13.bad0|
OK: audit03.readLifecycle.reader.p1.m2.field13.bad0.recovery
FAIL: audit03.readLifecycle.reader.p1.m2.field13.bad1.error
FAIL: audit03.readLifecycle.reader.p1.m2.field13.bad1.field
FAIL: audit03.readLifecycle.reader.p1.m2.field13.bad1.address
FAIL: audit03.readLifecycle.reader.p1.m2.field13.bad1.action
FAIL: audit03.readLifecycle.reader.p1.m2.field13.bad1.empty
OK: audit03.readLifecycle.reader.p1.m2.field13.bad1.clearedPlane
FAIL: audit03.readLifecycle.reader.p1.m2.field13.bad1.clearedSelection
READ_LIFECYCLE_SNAPSHOT: audit03.readLifecycle.reader.p1.m2.field13.bad1|
OK: audit03.readLifecycle.reader.p1.m2.field13.bad1.recovery
FAIL: audit03.readLifecycle.reader.p1.m2.field13.bad2.error
FAIL: audit03.readLifecycle.reader.p1.m2.field13.bad2.field
FAIL: audit03.readLifecycle.reader.p1.m2.field13.bad2.address
FAIL: audit03.readLifecycle.reader.p1.m2.field13.bad2.action
FAIL: audit03.readLifecycle.reader.p1.m2.field13.bad2.empty
OK: audit03.readLifecycle.reader.p1.m2.field13.bad2.clearedPlane
FAIL: audit03.readLifecycle.reader.p1.m2.field13.bad2.clearedSelection
READ_LIFECYCLE_SNAPSHOT: audit03.readLifecycle.reader.p1.m2.field13.bad2|
OK: audit03.readLifecycle.reader.p1.m2.field13.bad2.recovery
FAIL: audit03.readLifecycle.reader.p1.m2.field13.bad3.error
FAIL: audit03.readLifecycle.reader.p1.m2.field13.bad3.field
FAIL: audit03.readLifecycle.reader.p1.m2.field13.bad3.address
FAIL: audit03.readLifecycle.reader.p1.m2.field13.bad3.action
FAIL: audit03.readLifecycle.reader.p1.m2.field13.bad3.empty
OK: audit03.readLifecycle.reader.p1.m2.field13.bad3.clearedPlane
FAIL: audit03.readLifecycle.reader.p1.m2.field13.bad3.clearedSelection
READ_LIFECYCLE_SNAPSHOT: audit03.readLifecycle.reader.p1.m2.field13.bad3|
OK: audit03.readLifecycle.reader.p1.m2.field13.bad3.recovery
FAIL: audit03.readLifecycle.reader.p1.m2.field13.bad4.error
FAIL: audit03.readLifecycle.reader.p1.m2.field13.bad4.field
FAIL: audit03.readLifecycle.reader.p1.m2.field13.bad4.address
FAIL: audit03.readLifecycle.reader.p1.m2.field13.bad4.action
FAIL: audit03.readLifecycle.reader.p1.m2.field13.bad4.empty
OK: audit03.readLifecycle.reader.p1.m2.field13.bad4.clearedPlane
FAIL: audit03.readLifecycle.reader.p1.m2.field13.bad4.clearedSelection
READ_LIFECYCLE_SNAPSHOT: audit03.readLifecycle.reader.p1.m2.field13.bad4|
OK: audit03.readLifecycle.reader.p1.m2.field13.bad4.recovery
FAIL: audit03.readLifecycle.reader.p1.m2.field14.bad0.error
FAIL: audit03.readLifecycle.reader.p1.m2.field14.bad0.field
FAIL: audit03.readLifecycle.reader.p1.m2.field14.bad0.address
FAIL: audit03.readLifecycle.reader.p1.m2.field14.bad0.action
FAIL: audit03.readLifecycle.reader.p1.m2.field14.bad0.empty
OK: audit03.readLifecycle.reader.p1.m2.field14.bad0.clearedPlane
FAIL: audit03.readLifecycle.reader.p1.m2.field14.bad0.clearedSelection
READ_LIFECYCLE_SNAPSHOT: audit03.readLifecycle.reader.p1.m2.field14.bad0|
OK: audit03.readLifecycle.reader.p1.m2.field14.bad0.recovery
FAIL: audit03.readLifecycle.reader.p1.m2.field14.bad1.error
FAIL: audit03.readLifecycle.reader.p1.m2.field14.bad1.field
FAIL: audit03.readLifecycle.reader.p1.m2.field14.bad1.address
FAIL: audit03.readLifecycle.reader.p1.m2.field14.bad1.action
FAIL: audit03.readLifecycle.reader.p1.m2.field14.bad1.empty
OK: audit03.readLifecycle.reader.p1.m2.field14.bad1.clearedPlane
FAIL: audit03.readLifecycle.reader.p1.m2.field14.bad1.clearedSelection
READ_LIFECYCLE_SNAPSHOT: audit03.readLifecycle.reader.p1.m2.field14.bad1|
OK: audit03.readLifecycle.reader.p1.m2.field14.bad1.recovery
FAIL: audit03.readLifecycle.reader.p1.m2.field14.bad2.error
FAIL: audit03.readLifecycle.reader.p1.m2.field14.bad2.field
FAIL: audit03.readLifecycle.reader.p1.m2.field14.bad2.address
FAIL: audit03.readLifecycle.reader.p1.m2.field14.bad2.action
FAIL: audit03.readLifecycle.reader.p1.m2.field14.bad2.empty
OK: audit03.readLifecycle.reader.p1.m2.field14.bad2.clearedPlane
FAIL: audit03.readLifecycle.reader.p1.m2.field14.bad2.clearedSelection
READ_LIFECYCLE_SNAPSHOT: audit03.readLifecycle.reader.p1.m2.field14.bad2|
OK: audit03.readLifecycle.reader.p1.m2.field14.bad2.recovery
FAIL: audit03.readLifecycle.reader.p1.m2.field14.bad3.error
FAIL: audit03.readLifecycle.reader.p1.m2.field14.bad3.field
FAIL: audit03.readLifecycle.reader.p1.m2.field14.bad3.address
FAIL: audit03.readLifecycle.reader.p1.m2.field14.bad3.action
FAIL: audit03.readLifecycle.reader.p1.m2.field14.bad3.empty
OK: audit03.readLifecycle.reader.p1.m2.field14.bad3.clearedPlane
FAIL: audit03.readLifecycle.reader.p1.m2.field14.bad3.clearedSelection
READ_LIFECYCLE_SNAPSHOT: audit03.readLifecycle.reader.p1.m2.field14.bad3|
OK: audit03.readLifecycle.reader.p1.m2.field14.bad3.recovery
FAIL: audit03.readLifecycle.reader.p1.m2.field14.bad4.error
FAIL: audit03.readLifecycle.reader.p1.m2.field14.bad4.field
FAIL: audit03.readLifecycle.reader.p1.m2.field14.bad4.address
FAIL: audit03.readLifecycle.reader.p1.m2.field14.bad4.action
FAIL: audit03.readLifecycle.reader.p1.m2.field14.bad4.empty
OK: audit03.readLifecycle.reader.p1.m2.field14.bad4.clearedPlane
FAIL: audit03.readLifecycle.reader.p1.m2.field14.bad4.clearedSelection
READ_LIFECYCLE_SNAPSHOT: audit03.readLifecycle.reader.p1.m2.field14.bad4|
OK: audit03.readLifecycle.reader.p1.m2.field14.bad4.recovery
OK: audit03.readLifecycle.reader.late.p1.m2.error
OK: audit03.readLifecycle.reader.late.p1.m2.empty
OK: audit03.readLifecycle.reader.late.p1.m2.recovery
OK: audit03.readLifecycle.numericText.p1
OK: audit03.readLifecycle.numericText.epsilon.p1; actual=0.125; expected=0.125
OK: audit03.readLifecycle.numericText.kappaX.p1; actual=0.125; expected=0.125
OK: audit03.readLifecycle.numericText.kappaY.p1; actual=0.125; expected=0.125
OK: audit03.readLifecycle.element.p1.column5.bad0.error
OK: audit03.readLifecycle.element.p1.column5.bad0.field
OK: audit03.readLifecycle.element.p1.column5.bad0.address
OK: audit03.readLifecycle.element.p1.column5.bad0.empty
READ_LIFECYCLE_ELEMENT: audit03.readLifecycle.element.p1.column5.bad0|В сохраненном снимке Results поле Strain содержит нечисловое значение: ReadLifecycle!V37. Повторите импорт геометрии или расчет, чтобы восстановить корректный снимок.
OK: audit03.readLifecycle.element.p1.column5.bad0.recovery
OK: audit03.readLifecycle.element.p1.column5.bad1.error
OK: audit03.readLifecycle.element.p1.column5.bad1.field
OK: audit03.readLifecycle.element.p1.column5.bad1.address
OK: audit03.readLifecycle.element.p1.column5.bad1.empty
READ_LIFECYCLE_ELEMENT: audit03.readLifecycle.element.p1.column5.bad1|В сохраненном снимке Results поле Strain содержит нечисловое значение: ReadLifecycle!V37. Повторите импорт геометрии или расчет, чтобы восстановить корректный снимок.
OK: audit03.readLifecycle.element.p1.column5.bad1.recovery
OK: audit03.readLifecycle.element.p1.column5.bad2.error
OK: audit03.readLifecycle.element.p1.column5.bad2.field
OK: audit03.readLifecycle.element.p1.column5.bad2.address
OK: audit03.readLifecycle.element.p1.column5.bad2.empty
READ_LIFECYCLE_ELEMENT: audit03.readLifecycle.element.p1.column5.bad2|В сохраненном снимке Results поле Strain содержит нечисловое значение: ReadLifecycle!V37. Повторите импорт геометрии или расчет, чтобы восстановить корректный снимок.
OK: audit03.readLifecycle.element.p1.column5.bad2.recovery
OK: audit03.readLifecycle.element.p1.column5.bad3.error
OK: audit03.readLifecycle.element.p1.column5.bad3.field
OK: audit03.readLifecycle.element.p1.column5.bad3.address
OK: audit03.readLifecycle.element.p1.column5.bad3.empty
READ_LIFECYCLE_ELEMENT: audit03.readLifecycle.element.p1.column5.bad3|В сохраненном снимке Results поле Strain содержит нечисловое значение: ReadLifecycle!V37. Повторите импорт геометрии или расчет, чтобы восстановить корректный снимок.
OK: audit03.readLifecycle.element.p1.column5.bad3.recovery
OK: audit03.readLifecycle.element.p1.column5.bad4.error
OK: audit03.readLifecycle.element.p1.column5.bad4.field
OK: audit03.readLifecycle.element.p1.column5.bad4.address
OK: audit03.readLifecycle.element.p1.column5.bad4.empty
READ_LIFECYCLE_ELEMENT: audit03.readLifecycle.element.p1.column5.bad4|В сохраненном снимке Results поле Strain содержит нечисловое значение: ReadLifecycle!V37. Повторите импорт геометрии или расчет, чтобы восстановить корректный снимок.
OK: audit03.readLifecycle.element.p1.column5.bad4.recovery
OK: audit03.readLifecycle.element.p1.column6.bad0.error
OK: audit03.readLifecycle.element.p1.column6.bad0.field
OK: audit03.readLifecycle.element.p1.column6.bad0.address
OK: audit03.readLifecycle.element.p1.column6.bad0.empty
READ_LIFECYCLE_ELEMENT: audit03.readLifecycle.element.p1.column6.bad0|В сохраненном снимке Results поле Stress, MPa содержит нечисловое значение: ReadLifecycle!W37. Повторите импорт геометрии или расчет, чтобы восстановить корректный снимок.
OK: audit03.readLifecycle.element.p1.column6.bad0.recovery
OK: audit03.readLifecycle.element.p1.column6.bad1.error
OK: audit03.readLifecycle.element.p1.column6.bad1.field
OK: audit03.readLifecycle.element.p1.column6.bad1.address
OK: audit03.readLifecycle.element.p1.column6.bad1.empty
READ_LIFECYCLE_ELEMENT: audit03.readLifecycle.element.p1.column6.bad1|В сохраненном снимке Results поле Stress, MPa содержит нечисловое значение: ReadLifecycle!W37. Повторите импорт геометрии или расчет, чтобы восстановить корректный снимок.
OK: audit03.readLifecycle.element.p1.column6.bad1.recovery
OK: audit03.readLifecycle.element.p1.column6.bad2.error
OK: audit03.readLifecycle.element.p1.column6.bad2.field
OK: audit03.readLifecycle.element.p1.column6.bad2.address
OK: audit03.readLifecycle.element.p1.column6.bad2.empty
READ_LIFECYCLE_ELEMENT: audit03.readLifecycle.element.p1.column6.bad2|В сохраненном снимке Results поле Stress, MPa содержит нечисловое значение: ReadLifecycle!W37. Повторите импорт геометрии или расчет, чтобы восстановить корректный снимок.
OK: audit03.readLifecycle.element.p1.column6.bad2.recovery
OK: audit03.readLifecycle.element.p1.column6.bad3.error
OK: audit03.readLifecycle.element.p1.column6.bad3.field
OK: audit03.readLifecycle.element.p1.column6.bad3.address
OK: audit03.readLifecycle.element.p1.column6.bad3.empty
READ_LIFECYCLE_ELEMENT: audit03.readLifecycle.element.p1.column6.bad3|В сохраненном снимке Results поле Stress, MPa содержит нечисловое значение: ReadLifecycle!W37. Повторите импорт геометрии или расчет, чтобы восстановить корректный снимок.
OK: audit03.readLifecycle.element.p1.column6.bad3.recovery
OK: audit03.readLifecycle.element.p1.column6.bad4.error
OK: audit03.readLifecycle.element.p1.column6.bad4.field
OK: audit03.readLifecycle.element.p1.column6.bad4.address
OK: audit03.readLifecycle.element.p1.column6.bad4.empty
READ_LIFECYCLE_ELEMENT: audit03.readLifecycle.element.p1.column6.bad4|В сохраненном снимке Results поле Stress, MPa содержит нечисловое значение: ReadLifecycle!W37. Повторите импорт геометрии или расчет, чтобы восстановить корректный снимок.
OK: audit03.readLifecycle.element.p1.column6.bad4.recovery
OK: audit03.readLifecycle.element.numericText.p1
OK: audit03.readLifecycle.element.numericValue.p1; actual=2.75; expected=2.75
OK: audit03.readLifecycle.snapshotUnchanged.p1.equivalent; 
OK: audit03.readLifecycle.noSolve
READ_LIFECYCLE_CASES: variants=468; geometryFixtures=1; equilibriumCases=0
TOTAL_AUDIT03_READ_LIFECYCLE: passed=3749; failed=180

COM_WORKBOOK_AFTER_SUITE: path=C:\Users\avidzba\AppData\Local\Temp\RC_NDM_ModeSuite_ff6ef0214bd14d8483d3eb9457fa72f3\RC_Section_NDM.xlsm; readOnly=True; sameProxy=True
MODE_AFTER_SUITE: No
SUITE_FINISHED: modTestWorkbookInterface.RunAudit03ReadLifecycleTests; 2026-10-04T11:36:58
SOURCE_UNCHANGED: True
WATCHDOG_COMPLETED: exit=1; source unchanged=True
